"","CDSeq_estimated_cell_type_1","CDSeq_estimated_cell_type_2","CDSeq_estimated_cell_type_3","CDSeq_estimated_cell_type_4","CDSeq_estimated_cell_type_5","CDSeq_estimated_cell_type_6","CDSeq_estimated_cell_type_7","CDSeq_estimated_cell_type_8"
"XIST",0.00423932848728587,0.000426035374504089,0.00141723558637452,2.44722558035955e-06,0.00111768039132355,7.17627809512874e-06,0.00105510562744252,0.00543615676359039
"SNAP25",5.77827599357456e-06,2.71360111149102e-06,1.78718232834114e-06,0.0194236294313137,0.0222275693107672,3.10972050788912e-05,1.06254343146276e-06,2.34115278363066e-05
"VSNL1",1.92609199785819e-06,2.71360111149102e-06,1.78718232834114e-06,0.00710429585978376,0.00875082289609426,2.39209269837625e-06,1.06254343146276e-06,1.4046916701784e-05
"GABRA1",5.77827599357456e-06,2.44224100034191e-05,2.68077349251171e-05,0.000208014174330561,0.00718002883261252,7.17627809512874e-06,1.06254343146276e-06,7.95991946434424e-05
"POSTN",1.92609199785819e-06,1.89952077804371e-05,5.36154698502341e-06,2.44722558035955e-06,1.04164062565103e-06,2.39209269837625e-06,4.14391938270477e-05,0.0577749683944374
"RPS4Y1",0.000968824274922667,0.0010881540457079,0.000923973263752368,0.00189659982477865,3.12492187695308e-06,0.00214570715044349,0.000670464905253002,1.4046916701784e-05
"STMN2",5.77827599357456e-06,8.14080333447305e-06,1.78718232834114e-06,0.00383969693558413,0.00973413164670883,0.00628881170403115,1.16879777460904e-05,2.34115278363066e-05
"COL3A1",2.88913799678728e-05,2.71360111149102e-06,5.36154698502341e-06,7.34167674107864e-06,1.04164062565103e-06,2.39209269837625e-06,0.0221359673076637,0.000847497307674299
"GABRG2",1.92609199785819e-06,2.71360111149102e-06,5.36154698502341e-06,0.000697459290402471,0.00362595101789122,2.39209269837625e-06,1.06254343146276e-06,8.89638057779651e-05
"NEFL",9.82306918907675e-05,2.71360111149102e-06,1.78718232834114e-06,0.00238115048968984,0.00662170945726357,2.63130196821387e-05,1.06254343146276e-06,1.4046916701784e-05
"GABRB2",2.118701197644e-05,2.98496122264012e-05,8.93591164170569e-06,2.44722558035955e-06,0.00786751164554219,3.58813904756437e-05,3.29388463753456e-05,4.21407501053519e-05
"SYT1",1.92609199785819e-06,2.44224100034191e-05,1.78718232834114e-06,0.00823980852907059,0.0121174053981984,2.39209269837625e-06,9.03161916743347e-05,2.34115278363066e-05
"CCK",1.92609199785819e-06,7.86944322332394e-05,1.78718232834114e-06,0.000340164355669977,0.00359470179912169,2.15288342853862e-05,1.16879777460904e-05,6.08699723743971e-05
"IBSP",0.000294692075672302,0.000550861025632676,1.78718232834114e-06,7.34167674107864e-06,1.04164062565103e-06,2.39209269837625e-06,0.0043171139620332,1.4046916701784e-05
"ESM1",4.04479319550219e-05,0.000127539252240078,1.78718232834114e-06,2.44722558035955e-06,9.37476563085923e-06,2.39209269837625e-06,0.00377309172512426,4.68230556726132e-06
"SYN2",9.63045998929093e-06,8.14080333447305e-06,1.2510276298388e-05,0.00203364445727878,0.00276763914235477,2.39209269837625e-06,2.86886726494945e-05,4.68230556726132e-06
"SYNPR",9.63045998929093e-06,2.71360111149102e-06,1.2510276298388e-05,0.000643620327634561,0.00290930226744331,3.10972050788912e-05,3.18763029438828e-06,1.4046916701784e-05
"SLC17A7",1.73348279807237e-05,2.71360111149102e-06,5.36154698502341e-06,0.00291954011736894,0.00131975867269985,2.63130196821387e-05,1.06254343146276e-06,2.34115278363066e-05
"NEFM",5.77827599357456e-06,8.14080333447305e-06,1.78718232834114e-06,0.00450044784228121,0.00118851195386782,2.39209269837625e-06,1.59381514719414e-05,1.4046916701784e-05
"SNAP91",1.73348279807237e-05,1.35680055574551e-05,1.78718232834114e-06,0.000286325392902067,0.00345303867403315,0.000452105519993111,1.16879777460904e-05,7.02345835089198e-05
"GABRA4",9.63045998929093e-06,8.95488366792035e-05,2.32333702684348e-05,6.11806395089887e-05,0.00237598226710999,2.39209269837625e-06,2.01883251977925e-05,4.68230556726132e-06
"CREG2",6.74132199250365e-05,3.52768144493832e-05,6.61257461486221e-05,0.000291219844062786,0.00384052898677533,7.41548736496637e-05,1.06254343146276e-06,5.15053612398745e-05
"SYT4",1.34826439850073e-05,1.35680055574551e-05,5.36154698502341e-06,1.71305790625168e-05,0.00277180570485738,0.000222464620948991,3.18763029438828e-06,3.27761389708292e-05
"IL8",0.0140315802043969,0.000350054543382341,1.78718232834114e-06,2.44722558035955e-06,5.20820312825513e-06,2.39209269837625e-06,1.06254343146276e-06,4.68230556726132e-06
"COL4A1",0.00153509532229297,0.000279500914483575,0.000126889945312221,2.44722558035955e-06,3.12492187695308e-06,2.39209269837625e-06,0.0280862105238552,0.00128763403099686
"GNG3",9.63045998929093e-06,2.71360111149102e-06,2.68077349251171e-05,0.00432424760049532,0.00100726648500454,2.39209269837625e-06,1.16879777460904e-05,6.08699723743971e-05
"ITM2A",1.92609199785819e-06,0.00126182451684332,0.000602280444650963,0.00380543577745909,0.00459259351849537,0.00415506501707954,0.0234067692516932,0.000838132696539776
"ELAVL2",1.92609199785819e-06,3.52768144493832e-05,5.36154698502341e-06,2.44722558035955e-06,0.00220723648575452,0.000772645941575528,1.16879777460904e-05,6.08699723743971e-05
"CRYM",1.92609199785819e-06,2.98496122264012e-05,1.2510276298388e-05,0.00114774879718863,0.00164058398540036,1.19604634918812e-05,5.3127171573138e-06,5.15053612398745e-05
"CAMK2A",4.81522999464546e-05,2.44224100034191e-05,5.36154698502341e-06,0.00359007992638745,0.00191974367307484,7.17627809512874e-06,7.43780402023933e-06,1.4046916701784e-05
"TAC1",1.92609199785819e-06,2.71360111149102e-06,0.000495049504950495,0.000301008746384224,0.00118851195386782,9.80758006334261e-05,5.3127171573138e-06,0.000753851196329072
"SPOCK3",1.92609199785819e-06,0.000415180970058125,6.97001108053044e-05,0.00137778800174242,0.00321762789263602,0.000327716699677546,7.43780402023933e-06,1.4046916701784e-05
"CHI3L1",0.0279957471888687,0.0341940876058983,0.00525967759230797,7.34167674107864e-06,1.04164062565103e-06,2.39209269837625e-06,1.06254343146276e-06,0.0227606873624573
"LTF",0.00123077278663138,0.000371763352274269,0.00140651249240448,2.44722558035955e-06,1.04164062565103e-06,7.17627809512874e-06,0.000778844335262204,4.68230556726132e-06
"KCNC2",5.77827599357456e-06,8.14080333447305e-06,1.60846409550702e-05,0.000286325392902067,0.00150933726656834,1.19604634918812e-05,5.3127171573138e-06,6.08699723743971e-05
"KCNK1",1.34826439850073e-05,0.000290355318929539,1.78718232834114e-06,0.000790453862456134,0.00234473304834046,1.67446488886337e-05,2.2313412060718e-05,0.000145151472585101
"SH3GL2",3.27435639635892e-05,0.000111257645571132,1.2510276298388e-05,0.00106943757861712,0.00230098414206312,0.000212896250155486,9.56289088316485e-06,4.68230556726132e-06
"GJB6",1.92609199785819e-06,3.52768144493832e-05,1.78718232834114e-06,2.44722558035955e-06,0.00202599101689124,2.39209269837625e-06,1.06254343146276e-06,4.68230556726132e-06
"LOC100506027",9.43785078950511e-05,1.35680055574551e-05,1.78718232834114e-06,2.20250302232359e-05,1.04164062565103e-06,2.15288342853862e-05,0.00899443014733227,0.00107224797490284
"GDA",1.34826439850073e-05,0.000100403241125168,1.96590056117525e-05,0.000247169783616314,0.00171558211044724,4.54497612691487e-05,3.18763029438828e-06,5.15053612398745e-05
"LUM",1.92609199785819e-06,0.000192665678915862,1.78718232834114e-06,2.44722558035955e-06,1.77078906360674e-05,7.17627809512874e-06,0.00384534467846373,0.00120335253078616
"EGFR",0.00174696544205737,2.71360111149102e-06,0.0271598098438003,1.22361279017977e-05,1.04164062565103e-06,1.19604634918812e-05,1.06254343146276e-06,4.68230556726132e-06
"VEGFA",0.0215664521000181,0.000176384072246916,0.000223397791042642,2.20250302232359e-05,1.04164062565103e-06,1.67446488886337e-05,1.06254343146276e-06,5.15053612398745e-05
"RBFOX1",3.65957479593055e-05,1.35680055574551e-05,1.78718232834114e-06,0.000785559411295414,0.00135725773522329,4.54497612691487e-05,5.3127171573138e-06,3.27761389708292e-05
"AGXT2L1",2.118701197644e-05,2.71360111149102e-06,0.000112592486685492,0.000922604043795549,0.00161558461038474,0.000155486025394456,1.59381514719414e-05,1.4046916701784e-05
"GABRB3",5.77827599357456e-06,8.14080333447305e-06,1.78718232834114e-06,0.000677881485759594,0.0016759997666725,0.00149984212188191,9.56289088316485e-06,2.34115278363066e-05
"EIF1AY",0.000390996675565212,0.000322918532267431,0.000305608178146335,0.000394003318437887,1.97911718873695e-05,0.00115538077331573,0.000247572619530823,4.68230556726132e-06
"NPTX1",0.00170459141810449,8.14080333447305e-06,4.46795582085284e-05,0.000942181848438425,0.00267805804854879,2.39209269837625e-06,7.43780402023933e-06,0.000229432972795805
"CDR1",0.000171422187809379,8.14080333447305e-06,1.78718232834114e-06,0.00813213060353477,0.00467384148729615,0.00388236644946465,2.44384989236435e-05,4.68230556726132e-06
"SLITRK4",1.73348279807237e-05,7.86944322332394e-05,3.03820995817993e-05,0.000301008746384224,0.00199890836062432,1.67446488886337e-05,3.71890201011966e-05,4.68230556726132e-06
"MAL2",1.92609199785819e-06,4.61312188953473e-05,1.2510276298388e-05,2.44722558035955e-06,0.00153433664158396,2.39209269837625e-06,1.06254343146276e-06,3.27761389708292e-05
"SAA1",0.000695319211226805,0.0037149199216312,7.68488401186689e-05,7.34167674107864e-06,5.20820312825513e-06,5.98023174594062e-05,0.000143443363247473,4.68230556726132e-06
"NEGR1",5.77827599357456e-06,2.44224100034191e-05,1.2510276298388e-05,0.000119914053437618,0.00303429914252144,0.00104534450919042,2.01883251977925e-05,4.21407501053519e-05
"AQP1",1.92609199785819e-06,2.71360111149102e-06,0.0106748400471816,7.34167674107864e-06,1.04164062565103e-06,0.00537503229325143,1.06254343146276e-06,0.0112234864447254
"MYT1L",3.27435639635892e-05,8.14080333447305e-06,5.36154698502341e-06,0.00108412093209928,0.00113434664133397,0.000227248806345744,1.06254343146276e-06,4.68230556726132e-06
"CELF4",5.58566679378874e-05,5.15584211183293e-05,1.78718232834114e-06,0.00155398824352831,0.00159475179787172,0.000188975323171724,3.50639332382711e-05,2.34115278363066e-05
"MMP9",4.04479319550219e-05,2.71360111149102e-06,1.2510276298388e-05,2.44722558035955e-06,7.29148437955718e-06,1.67446488886337e-05,0.0022026525334223,4.68230556726132e-06
"COL1A1",0.000113639427873633,8.14080333447305e-06,1.60846409550702e-05,4.16028348661123e-05,1.04164062565103e-06,7.17627809512874e-06,0.00323331966194118,4.68230556726132e-06
"ENPEP",5.77827599357456e-06,7.86944322332394e-05,2.32333702684348e-05,1.22361279017977e-05,2.39577343899736e-05,0.000102859986030179,0.00253416608403868,0.000201339139392237
"PCSK2",1.92609199785819e-06,3.52768144493832e-05,1.2510276298388e-05,0.000418475574241482,0.0011718457038574,0.000605199452689191,3.18763029438828e-06,5.15053612398745e-05
"TAGLN3",2.118701197644e-05,0.000116684847794114,1.2510276298388e-05,0.00330130730790503,0.00296346757997717,0.000662609677450221,7.43780402023933e-06,9.83284169124877e-05
"INA",1.73348279807237e-05,3.52768144493832e-05,1.78718232834114e-06,0.00110859318790287,0.000823937734889961,0.000605199452689191,1.06254343146276e-06,7.02345835089198e-05
"OR51E1",2.118701197644e-05,1.35680055574551e-05,5.36154698502341e-06,2.44722558035955e-06,5.20820312825513e-06,1.67446488886337e-05,0.00108485684352348,4.68230556726132e-06
"MBP",1.92609199785819e-06,0.00400798884167223,0.000180505415162455,0.0950184276086201,7.29148437955718e-06,0.00181559835806757,1.06254343146276e-06,7.02345835089198e-05
"RGS4",4.81522999464546e-05,0.000491161801179874,1.78718232834114e-06,0.000643620327634561,0.00478633867486646,2.39209269837625e-06,7.96907573597071e-05,0.000173245305988669
"RIMS2",5.2004483942171e-05,1.35680055574551e-05,5.36154698502341e-06,0.000736614899688223,0.00175308117297068,0.00075829338538527,2.86886726494945e-05,7.02345835089198e-05
"RGS5",2.118701197644e-05,2.71360111149102e-06,1.60846409550702e-05,0.00177423854576067,0.00179474679799672,0.000136349283807446,0.0295673960673143,0.000229432972795805
"NNAT",5.77827599357456e-06,2.44224100034191e-05,0.000184079779819137,0.000947076299599144,0.000117705390698566,0.00275329869583106,1.06254343146276e-06,9.83284169124877e-05
"ITGA1",3.65957479593055e-05,6.24128255642934e-05,1.2510276298388e-05,2.44722558035955e-06,2.39577343899736e-05,3.10972050788912e-05,0.00651020360457234,0.000238797583930327
"MOBP",2.50391959721564e-05,0.000295782521152521,8.93591164170569e-06,0.00277270658254737,0.000411448047132155,0.000925739874271608,1.38130646090159e-05,4.68230556726132e-06
"CD93",0.000121343795865066,0.000697395485653191,3.39564642384816e-05,7.34167674107864e-06,3.12492187695308e-06,0.000169838581584714,0.00631682070004611,4.68230556726132e-06
"ELTD1",1.92609199785819e-06,0.000491161801179874,0.000323480001429746,3.67083837053932e-05,0.000207286484504554,0.000294227401900278,0.00592155454354197,0.000117057639181533
"MAP7D2",3.65957479593055e-05,8.14080333447305e-06,5.36154698502341e-06,0.000976443006563459,0.00106143179753839,8.85074298399212e-05,1.38130646090159e-05,0.000135786861450578
"HMP19",1.34826439850073e-05,2.71360111149102e-06,5.36154698502341e-06,0.00147567702495681,0.00046769664091731,0.000586062711102181,2.01883251977925e-05,1.4046916701784e-05
"BCYRN1",1.92609199785819e-06,0.00185338955914836,0.000920398899095686,0.00625755580897936,0.0571016974575636,0.00160987838600721,0.000217821403449866,0.000145151472585101
"CPLX2",4.04479319550219e-05,2.71360111149102e-06,2.68077349251171e-05,0.00194554433638584,0.000334366640833979,2.39209269837625e-06,1.80632383348669e-05,3.27761389708292e-05
"PCLO",6.35610359293201e-05,8.14080333447305e-06,1.78718232834114e-06,0.00178402744808211,0.00191349382932093,0.000528652486341151,2.2313412060718e-05,0.000117057639181533
"C11orf87",5.97088519336038e-05,8.14080333447305e-06,1.2510276298388e-05,2.44722558035955e-06,0.00130517570394073,2.39209269837625e-06,2.01883251977925e-05,5.15053612398745e-05
"ACVR1C",5.58566679378874e-05,2.71360111149102e-06,3.39564642384816e-05,2.44722558035955e-06,0.00155100289159438,0.000289443216503526,1.80632383348669e-05,8.89638057779651e-05
"SULT4A1",5.77827599357456e-06,8.14080333447305e-06,1.78718232834114e-06,0.00132884349013523,0.000573943984733715,7.17627809512874e-06,9.56289088316485e-06,9.83284169124877e-05
"GABRG1",1.34826439850073e-05,2.44224100034191e-05,5.36154698502341e-06,0.000115019602276899,0.00135309117272068,0.000126780913013941,3.50639332382711e-05,4.21407501053519e-05
"AK5",7.12654039207529e-05,6.24128255642934e-05,8.93591164170569e-06,0.0011917988576351,0.00160933476663083,7.17627809512874e-06,4.14391938270477e-05,1.4046916701784e-05
"FGF13",0.00024461368372799,2.71360111149102e-06,1.78718232834114e-06,0.000330375453348539,0.00192391023557744,0.000318148328884041,3.71890201011966e-05,0.000117057639181533
"CA12",0.00651982141274996,2.71360111149102e-06,0.000366372377309933,2.44722558035955e-06,1.14580468821613e-05,0.000198543693965229,7.43780402023933e-06,0.00175586458772299
"LOX",0.00911619342586279,6.24128255642934e-05,5.36154698502341e-06,2.44722558035955e-06,2.81242968925777e-05,2.39209269837625e-06,0.00147162265257592,2.34115278363066e-05
"NAP1L2",4.04479319550219e-05,0.000154675263354988,2.68077349251171e-05,0.00054083685325946,0.00326762664266727,0.000246385547932753,2.01883251977925e-05,0.000191974528257714
"COL1A2",9.63045998929093e-06,7.32672300102574e-05,0.000148336133252314,2.20250302232359e-05,1.56246093847654e-05,3.10972050788912e-05,0.00339907643724937,0.000913049585615957
"KRT222",1.73348279807237e-05,2.71360111149102e-06,1.78718232834114e-06,0.000305903197544943,0.00102809929751756,2.63130196821387e-05,5.3127171573138e-06,1.4046916701784e-05
"PLP1",1.92609199785819e-06,0.00314506368821809,8.39975694320335e-05,0.0274798960418573,0.0102653683657909,0.0239376716326511,1.06254343146276e-06,1.4046916701784e-05
"GRM5",9.63045998929093e-06,8.14080333447305e-06,1.2510276298388e-05,0.000247169783616314,0.00113434664133397,0.000284659031106773,4.14391938270477e-05,5.15053612398745e-05
"CHI3L2",0.00131937301853286,0.00870251876455169,0.000244843978982736,6.11806395089887e-05,1.04164062565103e-06,0.000944876615858618,1.06254343146276e-06,2.34115278363066e-05
"HTR2A",9.63045998929093e-06,7.32672300102574e-05,1.96590056117525e-05,0.000242275332455595,0.00119476179762173,5.02339466659012e-05,3.08137595124201e-05,2.34115278363066e-05
"CD36",4.43001159507383e-05,0.000116684847794114,1.78718232834114e-06,1.71305790625168e-05,3.64574218977859e-05,0.000117212542220436,0.00129524044295311,4.68230556726132e-06
"TMSB15A",4.81522999464546e-05,2.71360111149102e-06,1.78718232834114e-06,7.34167674107864e-06,3.12492187695308e-06,0.00367186229200754,0.000198695621683536,2.34115278363066e-05
"TM4SF18",5.77827599357456e-06,0.000230656094476736,0.000209100332415913,9.54417976340223e-05,0.000117705390698566,0.000279874845710021,0.00327582139919969,0.00010769302804701
"SLC39A12",1.92609199785819e-06,0.00010583044334815,6.25513814919398e-05,0.000761087155491819,0.000880186328675116,3.58813904756437e-05,3.18763029438828e-06,0.000145151472585101
"HS6ST3",5.2004483942171e-05,1.35680055574551e-05,1.78718232834114e-06,0.000389108867277168,0.00118434539136522,0.000188975323171724,1.59381514719414e-05,1.4046916701784e-05
"ELAVL4",8.66741399036184e-05,8.14080333447305e-06,3.39564642384816e-05,0.00121137666227798,0.00093435164120897,0.0014902737510884,1.06254343146276e-06,5.15053612398745e-05
"DDX3Y",0.000660649555265358,0.000100403241125168,5.36154698502341e-06,0.000452736732366516,1.77078906360674e-05,0.000710451531417745,0.000258198053845451,1.4046916701784e-05
"RYR2",9.63045998929093e-06,4.07040166723652e-05,1.60846409550702e-05,0.000868765081027639,0.000723940234827463,2.39209269837625e-06,2.2313412060718e-05,0.000135786861450578
"ATP1A3",1.34826439850073e-05,2.98496122264012e-05,1.2510276298388e-05,0.00245456725710063,0.000276034765797522,0.000136349283807446,2.01883251977925e-05,0.000126422250316056
"OLFM1",0.00089178059500834,2.71360111149102e-06,0.000226972155699324,0.00266013420585083,0.00499258351874536,0.000696098975227488,7.43780402023933e-06,0.000407360584351735
"COL6A3",9.82306918907675e-05,8.14080333447305e-06,1.78718232834114e-06,6.60750906697078e-05,7.29148437955718e-06,3.10972050788912e-05,0.00143549617590619,0.000210703750526759
"SLC12A5",1.92609199785819e-06,2.98496122264012e-05,1.78718232834114e-06,0.000452736732366516,0.00094476804746548,3.10972050788912e-05,3.93141069641222e-05,2.34115278363066e-05
"GRIN2A",0.000109787243877917,4.07040166723652e-05,1.78718232834114e-06,0.000814926118259729,0.00203849070439906,8.85074298399212e-05,8.18158442226326e-05,4.68230556726132e-06
"TF",1.92609199785819e-06,0.00120212529239052,0.000176931050505773,0.00612051117647923,0.000323950234577469,0.000275090660313268,1.16879777460904e-05,4.68230556726132e-06
"DNAPTP3",0.009493707457443,2.71360111149102e-06,5.36154698502341e-06,1.22361279017977e-05,4.062398440039e-05,0.00136110074537608,0.0661061395884557,0.000117057639181533
"SERPINI1",1.92609199785819e-06,2.71360111149102e-06,5.36154698502341e-06,0.00190149427593937,0.00596547586310342,4.06655758723962e-05,0.000387828352483908,0.00248630425621576
"STC1",0.00118454657868278,0.000203520083361826,5.36154698502341e-06,1.71305790625168e-05,1.35413281334633e-05,0.000117212542220436,0.00101685406390986,4.68230556726132e-06
"PLA2G2A",0.000402553227552361,0.00090905637234949,0.000355649283339886,2.44722558035955e-06,1.04164062565103e-06,2.63130196821387e-05,0.000115817234029441,7.02345835089198e-05
"FRMPD4",5.2004483942171e-05,1.35680055574551e-05,8.04232047753512e-05,0.000384214416116449,0.000801021641125639,2.39209269837625e-06,3.18763029438828e-06,4.68230556726132e-06
"GABRA2",5.97088519336038e-05,0.000154675263354988,5.54026521785753e-05,0.000144386309241213,0.000982267109988917,2.63130196821387e-05,1.38130646090159e-05,2.34115278363066e-05
"HBB",2.118701197644e-05,0.00260777066814287,2.68077349251171e-05,2.44722558035955e-06,0.00226973492329358,0.000107644171426931,0.00738786447896058,5.15053612398745e-05
"ERMN",1.92609199785819e-06,0.000518297812294784,0.000159059227222361,0.00274823432674377,0.000915602109947251,0.00114102821712547,1.06254343146276e-06,6.08699723743971e-05
"NRXN1",5.97088519336038e-05,1.35680055574551e-05,0.00114558387246667,0.000477208988170112,0.00819458680199662,0.00466697285453206,1.59381514719414e-05,1.4046916701784e-05
"ST8SIA3",4.04479319550219e-05,8.14080333447305e-06,5.36154698502341e-06,0.000555520206741617,0.00059894335974934,0.000562141784118418,7.43780402023933e-06,7.02345835089198e-05
"OLFM3",1.34826439850073e-05,6.24128255642934e-05,1.78718232834114e-06,0.000159069662723371,0.000836437422397773,5.50181320626537e-05,7.43780402023933e-06,4.68230556726132e-06
"GABRA5",9.63045998929093e-06,6.24128255642934e-05,1.96590056117525e-05,0.00037931996495573,0.000636442422272777,2.39209269837625e-06,1.16879777460904e-05,3.27761389708292e-05
"DCN",1.92609199785819e-06,0.000442316981173036,0.000137613039282268,0.00010523069995546,0.000717690391073556,0.000155486025394456,0.0099379687144712,0.00078194502973264
"NID2",6.35610359293201e-05,4.61312188953473e-05,5.36154698502341e-06,3.67083837053932e-05,7.29148437955718e-06,0.000179406952378219,0.00199651910771853,4.68230556726132e-06
"ACTA2",0.000325509547638033,0.000322918532267431,8.93591164170569e-06,9.54417976340223e-05,3.12492187695308e-06,2.63130196821387e-05,0.00469112924990809,0.000201339139392237
"HCN1",1.92609199785819e-06,4.07040166723652e-05,4.11051935518462e-05,7.09695418304268e-05,0.000769772422356108,2.39209269837625e-06,2.6563585786569e-05,3.27761389708292e-05
"HPCAL4",9.63045998929093e-06,1.35680055574551e-05,5.36154698502341e-06,0.000770876057813257,0.000826021016141263,5.98023174594062e-05,1.38130646090159e-05,4.21407501053519e-05
"SLN",0.00197424429780464,0.00113699886571474,1.78718232834114e-06,2.20250302232359e-05,1.56246093847654e-05,3.10972050788912e-05,0.000226321750901568,0.00172777075431943
"SNCA",2.50391959721564e-05,0.00021437448780779,1.78718232834114e-06,0.00294890682433325,0.00490091914368807,2.63130196821387e-05,0.000175319666191356,7.02345835089198e-05
"RTN1",4.04479319550219e-05,2.98496122264012e-05,8.93591164170569e-06,0.00470112033987069,0.00436551586210345,0.00098793428442939,2.6563585786569e-05,0.00028562063960294
"HIGD1B",3.65957479593055e-05,9.49760389021855e-05,1.60846409550702e-05,0.000159069662723371,0.000128121796955076,2.39209269837625e-06,0.00217077623047842,0.00010769302804701
"LOC100509105",0.00183941785795457,0.00159831105466821,1.78718232834114e-06,2.44722558035955e-06,1.04164062565103e-06,2.15288342853862e-05,0.000143443363247473,4.68230556726132e-06
"GABBR2",1.92609199785819e-06,4.07040166723652e-05,1.96590056117525e-05,0.00197001659218943,0.000673941484796213,0.000289443216503526,3.08137595124201e-05,0.00110970641944093
"GPR116",1.92609199785819e-06,0.000350054543382341,9.1146298745398e-05,0.000247169783616314,0.000423947734639967,0.000179406952378219,0.00456574912499548,0.000173245305988669
"ANGPT2",0.000206091843770826,0.00117498928127561,0.00137076884583765,2.44722558035955e-06,5.20820312825513e-06,0.000193759508568476,0.0109771361904418,0.000632111251580278
"NLGN4Y",0.000163717819817946,0.000122112050017096,0.00042356221181685,0.000212908625491281,7.39564844212228e-05,0.00070088316062424,7.1190409908005e-05,4.68230556726132e-06
"SERPINA3",1.92609199785819e-06,0.0252826215557618,0.0203184758909104,1.22361279017977e-05,1.04164062565103e-06,0.00707820229449532,1.38130646090159e-05,0.0224891136395561
"H19",0.00154279969028441,2.71360111149102e-06,0.000591557350680916,7.34167674107864e-06,3.12492187695308e-06,0.000356421812058061,0.000117942320892366,4.68230556726132e-06
"PHYHIP",6.74132199250365e-05,2.71360111149102e-06,8.93591164170569e-06,0.00185254976433218,0.000301034140813146,1.19604634918812e-05,3.29388463753456e-05,7.95991946434424e-05
"CRIP1",7.51175879164692e-05,3.52768144493832e-05,5.36154698502341e-06,5.62861883482696e-05,2.18744531386715e-05,1.19604634918812e-05,0.00169900694690895,0.000154516083719624
"KIF1A",0.000179126555800811,2.71360111149102e-06,0.000287736354862923,0.00522482661406763,0.000282284609551428,0.000370774368248318,2.44384989236435e-05,2.34115278363066e-05
"CHGB",5.77827599357456e-06,5.15584211183293e-05,4.46795582085284e-05,0.00124563782040301,0.000732273359832671,0.000380342739041823,2.01883251977925e-05,0.000276256028468418
"ZFY",7.51175879164692e-05,0.00016010246557797,0.000241269614326054,0.000159069662723371,6.77066406673166e-05,0.000638688750466458,8.60660179484836e-05,4.68230556726132e-06
"GPRASP2",6.35610359293201e-05,1.35680055574551e-05,1.60846409550702e-05,2.44722558035955e-06,0.000834354141146471,7.89390590464162e-05,1.06254343146276e-06,2.34115278363066e-05
"S100A8",0.000313952995650884,0.00437703859283501,1.2510276298388e-05,2.44722558035955e-06,3.12492187695308e-06,6.45865028561587e-05,0.00031557539914444,4.68230556726132e-06
"PXDN",0.000121343795865066,0.000100403241125168,8.75719340887157e-05,6.60750906697078e-05,1.04164062565103e-06,0.000232032991742496,0.00232803265833491,0.000229432972795805
"MXRA5",7.51175879164692e-05,2.71360111149102e-06,9.82950280587626e-05,9.54417976340223e-05,7.29148437955718e-06,2.63130196821387e-05,0.00133986726707454,1.4046916701784e-05
"MPZL2",2.88913799678728e-05,0.000122112050017096,6.61257461486221e-05,6.11806395089887e-05,1.77078906360674e-05,1.67446488886337e-05,0.000942476023707469,0.000126422250316056
"COL4A2",0.000348622651612332,2.71360111149102e-06,0.000652321549844515,2.6919481383955e-05,7.29148437955718e-06,2.39209269837625e-06,0.00349045517235517,0.00024816219506485
"TUBB4A",3.27435639635892e-05,2.44224100034191e-05,8.04232047753512e-05,0.00377606907049478,5.20820312825513e-06,0.000184191137774971,2.6563585786569e-05,0.000191974528257714
"SLC4A10",0.000125195979860782,1.35680055574551e-05,4.46795582085284e-05,6.60750906697078e-05,0.00216140429822588,0.000184191137774971,3.29388463753456e-05,2.34115278363066e-05
"UNC13C",1.92609199785819e-06,8.14080333447305e-06,1.78718232834114e-06,0.000247169783616314,0.000961434297475896,0.000102859986030179,9.45663654001857e-05,5.15053612398745e-05
"FN1",0.00330324777632679,0.000284928116706557,0.000509346963577224,4.16028348661123e-05,2.39577343899736e-05,0.000174622766981466,0.0208460395818679,3.27761389708292e-05
"GUCY1A3",9.05263238993347e-05,1.35680055574551e-05,5.89770168352575e-05,0.000252064234777033,0.00113851320383657,4.06655758723962e-05,0.00394097358729538,4.68230556726132e-06
"STXBP5L",2.88913799678728e-05,8.41216344562215e-05,1.78718232834114e-06,0.000115019602276899,0.00113226336008266,0.000418616222215843,5.3127171573138e-06,0.000126422250316056
"SLC26A4-AS1",3.65957479593055e-05,3.52768144493832e-05,6.97001108053044e-05,0.000124808504598337,0.000840603984900377,2.15288342853862e-05,2.2313412060718e-05,4.68230556726132e-06
"NAPB",0.000125195979860782,0.000116684847794114,5.36154698502341e-06,0.00247903951290422,0.004017607893136,0.000121996727617189,1.06254343146276e-06,0.000220068361661282
"MYCT1",5.77827599357456e-06,2.98496122264012e-05,0.000119741215998856,1.22361279017977e-05,0.000128121796955076,0.000270306474916516,0.00174363377103039,4.68230556726132e-06
"FLJ43390",3.65957479593055e-05,8.14080333447305e-06,3.03820995817993e-05,0.000193330820848404,0.000684357891052724,0.00135153237458258,2.6563585786569e-05,6.08699723743971e-05
"ADAMTS18",5.77827599357456e-06,2.44224100034191e-05,5.1828287521893e-05,2.20250302232359e-05,1.56246093847654e-05,2.39209269837625e-06,0.000542959693477471,0.00104415414149927
"SNCG",1.92609199785819e-06,2.71360111149102e-06,1.2510276298388e-05,0.00160782720629622,0.000694774297309234,1.67446488886337e-05,7.96907573597071e-05,4.68230556726132e-06
"PTGDS",0.000302396443663735,2.71360111149102e-06,0.000791721771455124,0.0066784786088012,0.000401031640875645,2.15288342853862e-05,5.84398887304519e-05,1.4046916701784e-05
"NRXN3",9.82306918907675e-05,2.71360111149102e-06,3.03820995817993e-05,0.000526153499777302,0.00159266851662042,0.000184191137774971,2.86886726494945e-05,0.000266891417333895
"LUZP2",4.81522999464546e-05,0.00207590485029063,0.000259141437609465,1.22361279017977e-05,0.000559361015974601,0.00384887715168738,9.56289088316485e-06,0.00092241419675048
"TAGLN",0.0026714896010293,0.00159288385244523,9.1146298745398e-05,2.20250302232359e-05,6.14567969134105e-05,2.39209269837625e-06,0.00550503751840857,0.000304349861871986
"OPALIN",1.92609199785819e-06,1.89952077804371e-05,8.93591164170569e-06,0.000878553983349077,0.00030520070331575,7.17627809512874e-06,1.06254343146276e-06,1.4046916701784e-05
"COX7A1",3.65957479593055e-05,0.00013296645446306,0.000194802873789184,0.000858976178706201,0.00123642742264777,0.00117451751490274,0.00142274565472864,0.000154516083719624
"MGP",0.000229204947745124,0.000230656094476736,5.36154698502341e-06,5.62861883482696e-05,5.31236719082023e-05,7.17627809512874e-06,0.00325244544370751,0.00894788593903638
"IGFBP3",0.0137426664047182,0.000485734598956892,0.000234120885012689,9.05473464733032e-05,1.77078906360674e-05,0.000605199452689191,0.0015778769957222,0.00691576532284497
"CBLN4",4.04479319550219e-05,5.69856233413113e-05,0.000237695249669371,2.44722558035955e-06,0.000938518203711574,1.19604634918812e-05,0.000188070187368909,0.000313714473006508
"SLC17A6",1.92609199785819e-06,1.35680055574551e-05,8.93591164170569e-06,0.00010523069995546,0.000482279609676425,0.000380342739041823,3.18763029438828e-06,4.68230556726132e-06
"PDYN",5.77827599357456e-06,8.14080333447305e-06,9.47206634020803e-05,2.44722558035955e-06,0.000534361640958976,7.41548736496637e-05,3.18763029438828e-06,9.83284169124877e-05
"PAK3",1.92609199785819e-06,4.07040166723652e-05,3.75308288951639e-05,0.000707248192723909,0.00084268726615168,0.00079656686855929,1.38130646090159e-05,4.68230556726132e-06
"VWF",1.92609199785819e-06,1.35680055574551e-05,0.000795296136111806,0.000814926118259729,9.47892969342433e-05,1.67446488886337e-05,0.00228765600793932,0.000238797583930327
"EMCN",1.92609199785819e-06,0.000143820858909024,0.0002519927082961,7.34167674107864e-06,0.000171870703232419,0.000294227401900278,0.00178401042142598,0.000210703750526759
"KDR",2.88913799678728e-05,0.000170956870023934,8.39975694320335e-05,0.00016396411388409,4.89571094055982e-05,0.000145917654600951,0.00136536830942965,8.89638057779651e-05
"DPP10",1.92609199785819e-06,4.07040166723652e-05,6.61257461486221e-05,1.71305790625168e-05,0.000876019766172512,0.000332500885074298,2.2313412060718e-05,4.68230556726132e-06
"RALYL",2.118701197644e-05,5.69856233413113e-05,8.93591164170569e-06,0.000291219844062786,0.000713523828570952,0.000327716699677546,1.80632383348669e-05,5.15053612398745e-05
"NODAL",5.77827599357456e-06,5.69856233413113e-05,4.46795582085284e-05,1.22361279017977e-05,1.35413281334633e-05,8.85074298399212e-05,0.000738467684866619,4.68230556726132e-06
"ATP2B2",4.43001159507383e-05,2.71360111149102e-06,8.04232047753512e-05,0.00128968788084948,0.0008635200786647,0.000102859986030179,2.86886726494945e-05,7.02345835089198e-05
"ADM",0.00477478206269044,2.71360111149102e-06,0.000294885084176288,7.34167674107864e-06,1.35413281334633e-05,2.63130196821387e-05,0.000160444058150877,4.68230556726132e-06
"DIRAS2",1.92609199785819e-06,0.000317491330044449,0.000112592486685492,0.000726825997366785,0.00278013882986259,0.000385126924438576,5.3127171573138e-06,2.34115278363066e-05
"GAD1",0.000267726787702288,2.71360111149102e-06,0.000187654144475819,0.00081003166709901,0.00160100164162563,0.000232032991742496,1.80632383348669e-05,0.000126422250316056
"LOC100652886",0.00100349393088411,0.000355481745605323,9.47206634020803e-05,2.20250302232359e-05,3.12492187695308e-06,3.10972050788912e-05,0.00112948366764491,0.000501006695696961
"CNDP1",1.73348279807237e-05,0.000702822687876173,0.000112592486685492,0.00129947678317092,0.000190620234494138,3.58813904756437e-05,1.06254343146276e-06,4.68230556726132e-06
"CYYR1",3.27435639635892e-05,2.71360111149102e-06,1.78718232834114e-06,3.18139325446741e-05,8.64561719290351e-05,0.000232032991742496,0.00120811188157316,0.000182609917123191
"TMEM130",6.35610359293201e-05,1.35680055574551e-05,1.78718232834114e-06,0.00236157268504696,0.000592693515995433,1.19604634918812e-05,4.35642806899732e-05,0.000117057639181533
"PTPRT",7.12654039207529e-05,8.14080333447305e-06,1.78718232834114e-06,0.00100580971352777,0.000328116797080073,0.000179406952378219,3.29388463753456e-05,2.34115278363066e-05
"SLC1A2",0.00239413235333772,0.00319390850822492,0.013427100832827,0.00585621081380039,0.0369938668199962,0.000265522289519763,1.06254343146276e-06,0.00327293159151566
"WIF1",3.27435639635892e-05,2.71360111149102e-06,1.78718232834114e-06,1.22361279017977e-05,0.000665608359791005,8.37232444431687e-05,1.38130646090159e-05,4.68230556726132e-06
"HILPDA",0.0198137083819672,1.35680055574551e-05,0.000151910497908997,9.54417976340223e-05,1.77078906360674e-05,0.000686530604433983,5.3127171573138e-06,7.02345835089198e-05
"MEOX2",1.92609199785819e-06,0.000306636925598485,0.00120992243628695,4.64972860268314e-05,3.12492187695308e-06,0.000222464620948991,1.06254343146276e-06,0.000978601863557616
"TTTY15",0.000182978739796528,0.000138393656686042,0.000169782321192408,0.000384214416116449,3.22908593951818e-05,0.00096879754284238,7.1190409908005e-05,4.68230556726132e-06
"SPINK8",5.77827599357456e-06,0.00010583044334815,5.1828287521893e-05,2.20250302232359e-05,2.81242968925777e-05,9.32916152366737e-05,0.000776719248399278,0.00010769302804701
"CNTNAP2",8.66741399036184e-05,2.71360111149102e-06,1.2510276298388e-05,0.00097154855540274,0.000990600234994125,4.54497612691487e-05,0.00011156706030359,4.68230556726132e-06
"RIMS1",2.50391959721564e-05,7.32672300102574e-05,1.78718232834114e-06,0.000423370025402202,0.000996850078748031,0.0008157036101463,2.6563585786569e-05,4.68230556726132e-06
"LHFPL3",0.00136559922648145,0.000127539252240078,0.00209636487114415,1.22361279017977e-05,0.000184370390740231,0.0135607735070949,5.3127171573138e-06,0.00228964742239079
"HBA2",1.34826439850073e-05,0.00243410019700744,0.0002519927082961,0.00118200995531366,0.00133225836020766,0.000365990182851566,0.00266592146954007,1.4046916701784e-05
"EDNRA",0.00014830908383508,0.000192665678915862,6.25513814919398e-05,7.34167674107864e-06,4.2707265651692e-05,7.41548736496637e-05,0.00316744196919049,0.000163880694854146
"FAM19A2",3.65957479593055e-05,1.35680055574551e-05,5.36154698502341e-06,9.05473464733032e-05,0.00123434414139647,0.000107644171426931,5.63148018675263e-05,3.27761389708292e-05
"GNAO1",6.74132199250365e-05,2.71360111149102e-06,0.000212674697072595,0.00227347256415402,0.000721856953576161,0.000117212542220436,1.59381514719414e-05,9.83284169124877e-05
"HEYL",1.92609199785819e-06,5.69856233413113e-05,5.54026521785753e-05,0.00010523069995546,5.20820312825513e-06,7.89390590464162e-05,0.000814970811931938,0.000126422250316056
"CDH18",1.34826439850073e-05,2.44224100034191e-05,1.78718232834114e-06,0.000256958685937752,0.000455196953409498,5.98023174594062e-05,5.3127171573138e-06,4.68230556726132e-06
"LOC285878",5.58566679378874e-05,2.98496122264012e-05,8.93591164170569e-06,2.44722558035955e-06,0.000486446172179029,0.000394695295232081,9.56289088316485e-06,3.27761389708292e-05
"MYO1B",0.000344770467616615,4.07040166723652e-05,1.78718232834114e-06,7.34167674107864e-06,0.000292701015807938,0.000858761278717073,0.00713072896854659,0.00158730158730159
"MMRN1",2.50391959721564e-05,7.32672300102574e-05,1.78718232834114e-06,4.64972860268314e-05,3.85407031490879e-05,0.000165054396187961,0.0010529805405796,0.000154516083719624
"VIP",5.77827599357456e-06,6.24128255642934e-05,1.78718232834114e-06,6.60750906697078e-05,0.000584360390990225,2.39209269837625e-06,4.56893675528987e-05,7.02345835089198e-05
"DCX",7.12654039207529e-05,8.14080333447305e-06,2.32333702684348e-05,0.000178647467366247,4.2707265651692e-05,0.0033943795389959,1.16879777460904e-05,9.83284169124877e-05
"UACA",0.0014233819864172,0.000127539252240078,1.60846409550702e-05,3.67083837053932e-05,0.000176037265735023,0.000624336194276201,0.0235937768956306,0.000482277473427916
"PAK7",5.77827599357456e-06,2.44224100034191e-05,5.36154698502341e-06,0.00027164203941991,0.000405198203378249,0.000380342739041823,1.38130646090159e-05,4.21407501053519e-05
"CXCL14",0.000444927251505241,0.00100674601236317,0.00132787646995747,0.000535942402098741,0.000755189453596993,1.19604634918812e-05,9.56289088316485e-06,0.00118462330851711
"SYN1",4.81522999464546e-05,2.44224100034191e-05,2.68077349251171e-05,0.00192596653174296,2.39577343899736e-05,7.17627809512874e-06,2.86886726494945e-05,0.000126422250316056
"FUT9",9.82306918907675e-05,2.71360111149102e-06,0.000369946741966615,0.000119914053437618,0.00243639742339775,0.00191128206600262,1.59381514719414e-05,4.68230556726132e-06
"PRKCB",7.51175879164692e-05,0.00013296645446306,1.78718232834114e-06,0.00273844542442233,0.00479258851862037,8.85074298399212e-05,0.000479207087589705,1.4046916701784e-05
"PLVAP",5.58566679378874e-05,8.95488366792035e-05,8.93591164170569e-06,7.34167674107864e-06,3.85407031490879e-05,4.54497612691487e-05,0.000717216816237364,1.4046916701784e-05
"HPCA",4.04479319550219e-05,2.71360111149102e-06,8.75719340887157e-05,0.00086387062986692,0.000296867578310542,5.02339466659012e-05,1.38130646090159e-05,0.00010769302804701
"ECSCR",5.77827599357456e-06,0.000170956870023934,9.82950280587626e-05,7.58639929911459e-05,5.20820312825513e-06,0.000121996727617189,0.000755468379770023,0.000117057639181533
"ESAM",1.92609199785819e-06,0.000127539252240078,0.000312756907459699,2.6919481383955e-05,6.35400781647126e-05,3.58813904756437e-05,0.00140361987296231,7.02345835089198e-05
"NID1",5.58566679378874e-05,0.000154675263354988,0.000727383207634843,2.44722558035955e-06,3.22908593951818e-05,0.000141133469204199,0.00486326128580506,0.000510371306831484
"BGN",0.00045648380349239,1.89952077804371e-05,0.00151374343210494,3.67083837053932e-05,3.02075781438797e-05,6.45865028561587e-05,0.0027934266813156,0.000117057639181533
"SCN2A",0.000159865635822229,5.69856233413113e-05,1.60846409550702e-05,0.000976443006563459,0.00526341008141463,0.00120800681268001,4.35642806899732e-05,4.21407501053519e-05
"TRPC6",1.73348279807237e-05,0.000111257645571132,2.68077349251171e-05,5.13917371875505e-05,1.97911718873695e-05,4.54497612691487e-05,0.000585461430735981,4.21407501053519e-05
"TGFBI",0.000641388635286776,0.000453171385619,3.39564642384816e-05,3.18139325446741e-05,1.14580468821613e-05,3.58813904756437e-05,0.000891473938997257,0.000341808306410076
"CDH13",0.000113639427873633,1.35680055574551e-05,1.78718232834114e-06,0.000535942402098741,0.000884352891177721,0.000863545464113825,6.48151493192284e-05,0.00135318630893852
"MSMP",2.50391959721564e-05,5.15584211183293e-05,0.000119741215998856,2.44722558035955e-06,3.85407031490879e-05,0.000131565098410694,0.000749093119181247,0.000135786861450578
"CD248",2.118701197644e-05,8.95488366792035e-05,6.97001108053044e-05,1.71305790625168e-05,5.20820312825513e-06,5.02339466659012e-05,0.000566335648969652,0.000117057639181533
"PARM1",2.118701197644e-05,0.000181811274469898,8.93591164170569e-06,0.000501681243973707,0.00145100539153188,2.63130196821387e-05,0.000402703960524386,0.000257526806199373
"DLG2",1.73348279807237e-05,0.000181811274469898,0.000137613039282268,0.00125542672272445,0.00140308992275193,0.000131565098410694,1.38130646090159e-05,7.95991946434424e-05
"TOP2A",0.000229204947745124,0.000442316981173036,0.00218214962290453,7.34167674107864e-06,1.04164062565103e-06,0.0103936427744448,0.0016862564257314,0.00149365547595636
"SHANK2",5.2004483942171e-05,2.98496122264012e-05,8.93591164170569e-06,0.000232486430134157,0.000519778672199862,0.000409047851422338,1.80632383348669e-05,4.68230556726132e-06
"PDGFRB",2.88913799678728e-05,7.86944322332394e-05,0.000162633591879043,0.000139491858080494,3.22908593951818e-05,9.32916152366737e-05,0.00202839541066241,1.4046916701784e-05
"LOC100507008",2.50391959721564e-05,2.71360111149102e-06,0.000430710941130214,1.71305790625168e-05,0.00230515070456572,0.00405459712374774,3.50639332382711e-05,4.68230556726132e-06
"FBXL16",8.2821955907902e-05,1.89952077804371e-05,3.03820995817993e-05,0.00141694361102818,0.00115726273509829,4.06655758723962e-05,3.29388463753456e-05,0.000117057639181533
"FAIM2",8.2821955907902e-05,3.52768144493832e-05,0.000237695249669371,0.00464238692594206,0.000330200078331375,2.39209269837625e-06,7.43780402023933e-06,0.000304349861871986
"SOWAHA",6.35610359293201e-05,2.71360111149102e-06,3.03820995817993e-05,8.0758444151865e-05,0.0010635150787897,0.000227248806345744,3.29388463753456e-05,2.34115278363066e-05
"BIRC3",0.00532564437407788,0.000637696261200389,8.93591164170569e-06,7.34167674107864e-06,9.68725781855454e-05,7.17627809512874e-06,5.20646281416753e-05,4.68230556726132e-06
"LRRC32",4.43001159507383e-05,0.000127539252240078,1.2510276298388e-05,2.44722558035955e-06,6.77066406673166e-05,0.000107644171426931,0.000772469074673427,3.27761389708292e-05
"CNTN3",5.77827599357456e-06,2.71360111149102e-06,1.78718232834114e-06,1.22361279017977e-05,0.000448947109655592,0.000586062711102181,5.3127171573138e-06,1.4046916701784e-05
"CPNE6",2.50391959721564e-05,2.71360111149102e-06,1.78718232834114e-06,0.000878553983349077,0.000163537578227211,2.39209269837625e-06,1.16879777460904e-05,4.68230556726132e-06
"CA3",0.000483449091462405,4.07040166723652e-05,0.00077027558351503,2.20250302232359e-05,3.12492187695308e-06,0.0020643759986987,6.69402361821539e-05,4.68230556726132e-06
"PTX3",0.00207054889769755,0.00101760041680913,1.78718232834114e-06,6.11806395089887e-05,7.29148437955718e-06,1.67446488886337e-05,3.29388463753456e-05,0.000117057639181533
"ARPP21",8.2821955907902e-05,0.000100403241125168,1.78718232834114e-06,0.000413581123080763,0.000980183828737615,0.000141133469204199,3.29388463753456e-05,5.15053612398745e-05
"TMEFF2",9.63045998929093e-06,6.78400277872754e-05,1.78718232834114e-06,0.00016396411388409,0.000332283359582677,0.00100228684061965,2.01883251977925e-05,1.4046916701784e-05
"CD163",0.000525823115415285,0.00201077842361484,1.2510276298388e-05,9.05473464733032e-05,1.14580468821613e-05,0.000251169733329506,0.000659839470938375,4.68230556726132e-06
"HLF",0.0001059350598822,2.71360111149102e-06,8.04232047753512e-05,0.000829609471741886,0.00144683882902927,0.000112428356823684,4.78144544158242e-05,6.08699723743971e-05
"ITGA4",0.000102082875886484,0.000122112050017096,1.78718232834114e-06,2.44722558035955e-06,4.47905469029941e-05,4.54497612691487e-05,0.00145037178394667,7.02345835089198e-05
"USP9Y",9.43785078950511e-05,0.000116684847794114,9.82950280587626e-05,0.000266747588259191,7.18732031699208e-05,0.000466458076183368,3.93141069641222e-05,4.68230556726132e-06
"OMG",5.77827599357456e-06,2.71360111149102e-06,0.000248418343639418,0.00105475422513496,0.00122184445388865,0.00133239563299557,4.35642806899732e-05,4.68230556726132e-06
"CA10",1.92609199785819e-06,2.98496122264012e-05,1.96590056117525e-05,0.000286325392902067,0.000292701015807938,0.000456889705389863,4.14391938270477e-05,4.68230556726132e-06
"LMO3",1.73348279807237e-05,0.000236083296699718,0.000845337241305358,0.00165677171790341,0.00199682507937302,0.000495163188563883,3.18763029438828e-06,0.000407360584351735
"ROBO4",2.118701197644e-05,2.98496122264012e-05,0.000327054366086428,2.44722558035955e-06,5.10403906569002e-05,5.50181320626537e-05,0.00072359207682614,0.000163880694854146
"PPP1R1B",7.12654039207529e-05,8.14080333447305e-06,0.000148336133252314,0.000966654104242021,0.000728106797330067,2.15288342853862e-05,3.71890201011966e-05,1.4046916701784e-05
"HOOK1",7.12654039207529e-05,4.07040166723652e-05,3.39564642384816e-05,7.34167674107864e-06,0.000665608359791005,0.000136349283807446,2.2313412060718e-05,9.83284169124877e-05
"CLDN5",2.88913799678728e-05,8.95488366792035e-05,0.000470028952353719,7.34167674107864e-06,0.000146871328216795,0.000145917654600951,0.00111885823333029,0.000145151472585101
"SH3GL3",1.73348279807237e-05,7.86944322332394e-05,1.60846409550702e-05,0.000335269904509258,0.000469779922168612,0.000227248806345744,5.3127171573138e-06,8.89638057779651e-05
"TPD52L1",5.77827599357456e-06,0.000312064127821467,1.2510276298388e-05,0.00129947678317092,0.00151767039157354,2.15288342853862e-05,0.000166819318739653,0.00010769302804701
"BCAS1",4.81522999464546e-05,0.000919910776795454,1.78718232834114e-06,0.0029342234708511,0.000278118047048824,0.00267675172948302,5.3127171573138e-06,2.34115278363066e-05
"SLPI",0.00156976497825442,0.000594278643416532,0.000223397791042642,1.71305790625168e-05,1.35413281334633e-05,2.39209269837625e-06,4.78144544158242e-05,4.68230556726132e-06
"PHACTR3",2.50391959721564e-05,2.71360111149102e-06,4.82539228652107e-05,0.000893237336831234,0.00069060773480663,0.00093052405966836,3.93141069641222e-05,4.68230556726132e-06
"KLRC2",1.92609199785819e-06,2.71360111149102e-06,1.78718232834114e-06,7.34167674107864e-06,7.18732031699208e-05,0.00149505793648515,1.80632383348669e-05,4.68230556726132e-06
"LXN",1.92609199785819e-06,0.000116684847794114,0.000166207956535726,4.16028348661123e-05,5.52069531595043e-05,0.000136349283807446,0.00133349200648577,4.21407501053519e-05
"CACNG3",1.34826439850073e-05,8.14080333447305e-06,1.60846409550702e-05,0.000575098011384493,0.000217702890761064,2.39209269837625e-06,1.06254343146276e-06,5.15053612398745e-05
"CHN1",0.000209944027766542,2.71360111149102e-06,0.000209100332415913,0.00478922046076363,0.0104070314908794,1.19604634918812e-05,0.000332576094047844,0.000323079084141031
"SERPINE1",0.00450127699899458,0.000333772936713395,0.000116166851342174,2.44722558035955e-06,3.12492187695308e-06,2.39209269837625e-06,0.000874473244093852,0.00264550264550265
"PDGFD",3.27435639635892e-05,1.89952077804371e-05,0.000230546520356007,2.44722558035955e-06,2.18744531386715e-05,3.10972050788912e-05,0.000644963862897896,0.000575923584773142
"C4B",0.000290839891676586,0.000127539252240078,0.00163884619508882,0.000305903197544943,1.14580468821613e-05,0.000112428356823684,3.93141069641222e-05,0.000397995973217212
"HECW2",8.2821955907902e-05,2.71360111149102e-06,1.78718232834114e-06,5.62861883482696e-05,0.000190620234494138,0.000112428356823684,0.00111248297274151,4.68230556726132e-06
"TUSC3",4.43001159507383e-05,6.78400277872754e-05,1.78718232834114e-06,0.000144386309241213,0.000919768672449855,0.000791782683162538,0.00096585197919965,1.4046916701784e-05
"CAMK2B",0.000109787243877917,2.98496122264012e-05,0.000323480001429746,0.00135821019709955,0.000261451797038407,1.19604634918812e-05,1.80632383348669e-05,0.000229432972795805
"CAMKV",5.97088519336038e-05,1.35680055574551e-05,1.78718232834114e-06,0.000878553983349077,0.000255201953284501,0.000155486025394456,3.18763029438828e-06,4.68230556726132e-06
"GNG11",1.34826439850073e-05,0.000398899363389179,0.00045573149372699,0.000149280760401932,0.000698940859811838,0.000404263666025586,0.00655908060241962,0.00189633375474083
"SLC6A15",5.2004483942171e-05,0.000111257645571132,4.82539228652107e-05,0.000139491858080494,0.00051769539094856,3.58813904756437e-05,3.18763029438828e-06,1.4046916701784e-05
"IGFBP5",0.068397452935942,2.71360111149102e-06,0.00609250455731494,2.44722558035955e-06,0.000205203203253252,0.00355704184248548,1.06254343146276e-06,0.0940722011518472
"C4orf32",6.74132199250365e-05,3.52768144493832e-05,5.36154698502341e-06,7.34167674107864e-06,7.60397656725248e-05,7.41548736496637e-05,0.000967977066062575,2.34115278363066e-05
"GAD2",1.73348279807237e-05,3.52768144493832e-05,1.78718232834114e-06,2.20250302232359e-05,0.000407281484629551,7.41548736496637e-05,1.06254343146276e-06,0.000191974528257714
"COL11A1",8.2821955907902e-05,2.71360111149102e-06,1.2510276298388e-05,2.6919481383955e-05,2.60410156412756e-05,0.00164815186918123,0.000336826267773695,0.000191974528257714
"EBF1",1.73348279807237e-05,1.89952077804371e-05,5.1828287521893e-05,5.62861883482696e-05,7.39564844212228e-05,0.000394695295232081,0.00230890687656858,0.000313714473006508
"KCNQ5",7.12654039207529e-05,8.14080333447305e-06,3.03820995817993e-05,5.62861883482696e-05,0.00087393648492121,0.000188975323171724,2.6563585786569e-05,8.89638057779651e-05
"MOXD1",0.000926450250969787,0.000572569834524604,0.000941845087035779,2.44722558035955e-06,0.000126038515703774,0.000294227401900278,2.44384989236435e-05,0.00181205225453013
"DBC1",3.65957479593055e-05,2.71360111149102e-06,5.1828287521893e-05,0.000844292825224043,0.000330200078331375,3.10972050788912e-05,4.14391938270477e-05,9.83284169124877e-05
"HBA1",1.92609199785819e-06,0.000952473990133346,0.000116166851342174,0.000663198132277437,0.00060935976600585,0.000217680435552239,0.00146524739198715,2.34115278363066e-05
"KIAA1107",9.82306918907675e-05,0.00021437448780779,5.36154698502341e-06,9.54417976340223e-05,0.00486133679991334,0.000791782683162538,4.56893675528987e-05,4.21407501053519e-05
"ALDOC",0.000236909315736557,2.71360111149102e-06,0.00302569968188155,0.0117980745229134,0.00170516570419073,0.00182038254346432,1.06254343146276e-06,7.95991946434424e-05
"CA9",0.000756954155158267,0.000111257645571132,1.60846409550702e-05,2.44722558035955e-06,7.29148437955718e-06,0.000174622766981466,1.06254343146276e-06,3.27761389708292e-05
"PCP4",4.81522999464546e-05,6.78400277872754e-05,5.36154698502341e-06,0.000359742160312853,0.00054894460971809,0.000145917654600951,2.2313412060718e-05,2.34115278363066e-05
"NETO1",1.34826439850073e-05,1.89952077804371e-05,4.11051935518462e-05,8.56528953125841e-05,0.000663525078539703,0.000772645941575528,7.1190409908005e-05,1.4046916701784e-05
"ATP6V1G2",0.000179126555800811,0.000138393656686042,9.47206634020803e-05,0.00216090018745748,0.00205099039190687,0.000466458076183368,3.71890201011966e-05,5.15053612398745e-05
"PPFIA2",4.81522999464546e-05,2.71360111149102e-06,1.60846409550702e-05,0.000741509350848943,0.00138225711023891,0.000552573413324913,2.86886726494945e-05,4.21407501053519e-05
"CA11",3.27435639635892e-05,6.24128255642934e-05,0.000112592486685492,0.00118690440647438,0.000605193203503246,2.39209269837625e-06,4.14391938270477e-05,6.08699723743971e-05
"BSN",7.51175879164692e-05,2.98496122264012e-05,5.36154698502341e-06,0.0011917988576351,0.000219786172012366,5.98023174594062e-05,3.50639332382711e-05,0.000135786861450578
"RGS7",1.73348279807237e-05,4.07040166723652e-05,8.04232047753512e-05,0.000144386309241213,0.000613526328508454,0.000136349283807446,1.38130646090159e-05,2.34115278363066e-05
"SMOC1",1.73348279807237e-05,2.71360111149102e-06,3.39564642384816e-05,0.000345058806830696,1.14580468821613e-05,0.00166728861076824,4.78144544158242e-05,1.4046916701784e-05
"PPP4R4",3.27435639635892e-05,4.07040166723652e-05,1.2510276298388e-05,0.000134597406919775,0.000444780547152988,8.85074298399212e-05,9.56289088316485e-06,9.83284169124877e-05
"ASPM",0.000306248627659452,0.000203520083361826,0.000673767737784609,2.44722558035955e-06,1.04164062565103e-06,0.00605438661959028,0.00104023001940204,0.000313714473006508
"PECAM1",4.81522999464546e-05,0.00048030739673391,0.00017335668584909,0.000173753016205528,0.000101039140688149,4.06655758723962e-05,0.00363496107903411,3.27761389708292e-05
"IGFBP2",0.0053063834540993,0.000751667507883011,0.00165671801837223,7.34167674107864e-06,1.04164062565103e-06,0.00188257695362211,0.000644963862897896,0.00351641148101325
"DOK6",2.50391959721564e-05,4.61312188953473e-05,1.78718232834114e-06,0.000305903197544943,0.000817687891136055,0.000208112064758734,0.000224196664038643,4.21407501053519e-05
"FLT1",5.77827599357456e-06,0.000464025790064964,0.000109018122028809,0.000173753016205528,9.89558594368474e-05,0.000131565098410694,0.00398135023769097,0.000145151472585101
"CLEC14A",2.50391959721564e-05,6.24128255642934e-05,7.32744754619866e-05,9.05473464733032e-05,6.14567969134105e-05,6.45865028561587e-05,0.00101047880332109,2.34115278363066e-05
"STEAP2",7.12654039207529e-05,8.14080333447305e-06,4.46795582085284e-05,2.44722558035955e-06,0.0026926410173079,8.85074298399212e-05,2.44384989236435e-05,0.00169031230978134
"ACTG2",5.97088519336038e-05,2.71360111149102e-06,1.60846409550702e-05,1.22361279017977e-05,1.35413281334633e-05,7.89390590464162e-05,0.000511083390533588,3.27761389708292e-05
"TIMP1",0.00392344939963712,0.00534850779074879,0.00380491117703828,1.71305790625168e-05,1.77078906360674e-05,1.19604634918812e-05,0.00594918067276,0.0130027625602847
"C1orf173",5.58566679378874e-05,8.14080333447305e-06,2.68077349251171e-05,0.000531047950938022,0.000505195703440747,6.93706882529112e-05,4.14391938270477e-05,7.02345835089198e-05
"DYNC1I1",6.35610359293201e-05,1.89952077804371e-05,2.32333702684348e-05,0.000418475574241482,0.000901019141188137,0.000275090660313268,6.26900624563029e-05,4.68230556726132e-06
"KIAA1045",5.2004483942171e-05,2.71360111149102e-06,9.1146298745398e-05,0.0007561927043311,0.000169787421981117,2.39209269837625e-06,1.80632383348669e-05,0.000145151472585101
"OPCML",5.97088519336038e-05,1.89952077804371e-05,3.03820995817993e-05,0.00048699789049155,0.00123017757889386,0.00139459004315335,6.48151493192284e-05,3.27761389708292e-05
"CLDN10",0.000125195979860782,0.000219801690030772,0.000369946741966615,0.000555520206741617,0.000967684141229803,2.39209269837625e-06,3.50639332382711e-05,0.000435454417755303
"LRRC7",1.92609199785819e-06,1.35680055574551e-05,8.75719340887157e-05,2.20250302232359e-05,0.000392698515870437,6.93706882529112e-05,1.06254343146276e-06,7.02345835089198e-05
"TRHDE",1.92609199785819e-06,2.71360111149102e-06,1.2510276298388e-05,5.13917371875505e-05,0.000507278984692049,4.06655758723962e-05,1.16879777460904e-05,4.68230556726132e-06
"FAM107A",0.000140604715843648,0.00249379942146024,0.00757944025449476,0.0232413013366746,0.00499883336249927,7.17627809512874e-06,0.000298574704241036,4.68230556726132e-06
"SLC6A17",1.92609199785819e-06,1.89952077804371e-05,5.89770168352575e-05,0.000770876057813257,0.00012187195320117,2.39209269837625e-06,3.08137595124201e-05,4.68230556726132e-06
"SLC24A2",6.35610359293201e-05,0.000274073712260593,5.36154698502341e-06,0.00151483263424256,0.00283847070489904,0.000543005042531408,1.80632383348669e-05,0.000463548251158871
"S1PR3",0.000283135523685153,0.000100403241125168,0.000530793151517318,5.62861883482696e-05,3.02075781438797e-05,6.93706882529112e-05,0.00396222445592464,0.000529100529100529
"CCL2",0.00150427785032724,0.00584781039526314,1.78718232834114e-06,6.11806395089887e-05,1.04164062565103e-06,0.000150701839997704,0.000326200833459068,0.000369902139813644
"PTER",4.04479319550219e-05,0.000170956870023934,1.2510276298388e-05,5.62861883482696e-05,0.00164891711040557,0.000131565098410694,0.000164694231876728,8.89638057779651e-05
"NKAIN2",9.63045998929093e-06,7.86944322332394e-05,0.000123315580655538,0.000134597406919775,0.000451030390906894,0.000246385547932753,2.86886726494945e-05,1.4046916701784e-05
"MYBPC1",9.63045998929093e-06,0.000219801690030772,0.00115630696643672,9.54417976340223e-05,0.000803104922376941,0.000318148328884041,4.56893675528987e-05,0.000135786861450578
"ENHO",6.35610359293201e-05,1.35680055574551e-05,0.00017335668584909,0.000604464718348808,0.000736439922335275,0.000169838581584714,3.50639332382711e-05,8.89638057779651e-05
"SAMD12",6.35610359293201e-05,2.98496122264012e-05,5.36154698502341e-06,0.000462525634687954,0.00102184945376366,9.32916152366737e-05,0.000345326615225397,4.68230556726132e-06
"SCN3B",0.000109787243877917,5.69856233413113e-05,8.93591164170569e-06,0.00145120476915321,0.000726023516078765,0.000136349283807446,2.6563585786569e-05,0.000117057639181533
"PPP1R16B",2.88913799678728e-05,8.95488366792035e-05,5.36154698502341e-06,0.000844292825224043,0.000409364765880853,0.000198543693965229,4.78144544158242e-05,3.27761389708292e-05
"HP",1.92609199785819e-06,0.00132695094351911,0.000309182542803017,2.20250302232359e-05,1.14580468821613e-05,0.000117212542220436,5.63148018675263e-05,0.000154516083719624
"SYT13",5.97088519336038e-05,4.07040166723652e-05,1.60846409550702e-05,0.000535942402098741,0.000521861953451164,0.000155486025394456,4.56893675528987e-05,0.000117057639181533
"PPP2R2C",2.88913799678728e-05,2.44224100034191e-05,3.03820995817993e-05,0.000535942402098741,0.000282284609551428,7.41548736496637e-05,1.38130646090159e-05,4.68230556726132e-06
"RAB3A",9.82306918907675e-05,1.89952077804371e-05,1.60846409550702e-05,0.00186723311781433,0.000207286484504554,2.39209269837625e-06,4.14391938270477e-05,6.08699723743971e-05
"ENPP5",0.000121343795865066,2.71360111149102e-06,5.36154698502341e-06,4.16028348661123e-05,0.000784355391115222,0.000174622766981466,3.29388463753456e-05,0.000416725195486257
"SERPINH1",0.000491153459453837,0.000713677092322137,0.000373521106623298,2.6919481383955e-05,1.14580468821613e-05,4.54497612691487e-05,0.00234078317951246,0.000791309640867163
"TNC",0.00375010111982989,0.00138122296574893,0.00254316045322944,7.34167674107864e-06,7.29148437955718e-06,1.19604634918812e-05,0.000375077831306355,0.00125954019759329
"NPPA",7.51175879164692e-05,2.71360111149102e-06,2.68077349251171e-05,6.60750906697078e-05,3.12492187695308e-06,0.00158595745902345,3.08137595124201e-05,2.34115278363066e-05
"RPH3A",5.77827599357456e-06,2.44224100034191e-05,0.000302033813489652,0.000922604043795549,5.10403906569002e-05,4.54497612691487e-05,2.44384989236435e-05,0.000444819028889825
"ENO2",0.00493657379051053,4.61312188953473e-05,0.000123315580655538,0.00567511612085379,0.000836437422397773,0.000897034761891093,3.18763029438828e-06,0.000435454417755303
"CAPN3",1.92609199785819e-06,0.000339200138936377,8.93591164170569e-06,0.000947076299599144,0.00021353632825846,0.000222464620948991,3.50639332382711e-05,0.000154516083719624
"HAPLN1",1.92609199785819e-06,2.71360111149102e-06,0.00084891160596204,2.44722558035955e-06,0.000194786796996742,0.000528652486341151,0.00221965322832571,0.000416725195486257
"BCAN",1.92609199785819e-06,0.000252364903368664,0.0125227865746863,0.00109390983442072,0.000144788046965493,0.0103170958080968,1.80632383348669e-05,5.15053612398745e-05
"CALB1",9.63045998929093e-06,8.41216344562215e-05,4.82539228652107e-05,9.05473464733032e-05,0.000509362265943351,7.89390590464162e-05,2.01883251977925e-05,5.15053612398745e-05
"KCNA1",7.51175879164692e-05,3.52768144493832e-05,0.000105443757372127,7.34167674107864e-06,0.000607276484754548,6.45865028561587e-05,3.08137595124201e-05,1.4046916701784e-05
"NOSTRIN",2.118701197644e-05,1.35680055574551e-05,0.000130464309968903,0.00010523069995546,0.000101039140688149,0.000121996727617189,0.00084259694114997,7.95991946434424e-05
"COL5A2",0.000753101971162551,0.000154675263354988,9.1146298745398e-05,1.22361279017977e-05,0.00013228835945768,0.000562141784118418,0.00702234953853739,0.00265486725663717
"CASC5",7.12654039207529e-05,5.15584211183293e-05,0.000166207956535726,2.20250302232359e-05,1.04164062565103e-06,0.00209786529647597,0.000411204307976089,0.000126422250316056
"RSPO2",4.81522999464546e-05,1.35680055574551e-05,2.68077349251171e-05,0.000222697527812719,0.000421864453388665,1.67446488886337e-05,2.86886726494945e-05,0.00010769302804701
"C21orf7",0.00023305713174084,0.000328345734490413,8.93591164170569e-06,4.64972860268314e-05,2.60410156412756e-05,7.89390590464162e-05,0.000857472549190448,0.000482277473427916
"RANBP3L",1.34826439850073e-05,5.15584211183293e-05,0.000134038674625585,0.000198225272009123,0.000980183828737615,0.000169838581584714,4.35642806899732e-05,1.4046916701784e-05
"CDKL2",6.74132199250365e-05,0.000111257645571132,1.78718232834114e-06,5.62861883482696e-05,0.000603109922251944,0.000107644171426931,2.2313412060718e-05,0.000135786861450578
"BDKRB2",8.66741399036184e-05,0.000149248061132006,1.78718232834114e-06,5.62861883482696e-05,2.81242968925777e-05,0.000107644171426931,0.000423954829153642,5.15053612398745e-05
"CCDC3",4.43001159507383e-05,5.15584211183293e-05,6.61257461486221e-05,0.000266747588259191,0.000136454921960284,9.32916152366737e-05,0.000936100763118693,3.27761389708292e-05
"PTGS2",0.00210907073765471,8.41216344562215e-05,1.2510276298388e-05,2.44722558035955e-06,0.000205203203253252,0.000121996727617189,0.000100941625988962,3.27761389708292e-05
"LOC100505813",0.00510221770232633,0.00207047764806764,0.00858741108767917,0.000203119723169842,1.14580468821613e-05,0.00107404962157094,0.0362614196855296,0.0156904059558927
"NOX4",6.35610359293201e-05,5.15584211183293e-05,4.46795582085284e-05,7.34167674107864e-06,4.062398440039e-05,3.58813904756437e-05,0.00128036483491263,7.02345835089198e-05
"PCOLCE",9.82306918907675e-05,0.000149248061132006,0.00014118740393895,6.11806395089887e-05,1.14580468821613e-05,6.45865028561587e-05,0.000906349547037735,0.000369902139813644
"UBE2QL1",5.2004483942171e-05,7.32672300102574e-05,2.32333702684348e-05,0.000506575695134426,0.000669774922293609,0.000169838581584714,4.14391938270477e-05,7.95991946434424e-05
"RUNDC3A",5.97088519336038e-05,1.35680055574551e-05,5.36154698502341e-06,0.000726825997366785,0.000505195703440747,0.000141133469204199,4.35642806899732e-05,1.4046916701784e-05
"NPTX2",1.73348279807237e-05,0.0012998149324042,9.82950280587626e-05,0.000354847709152134,0.000276034765797522,0.000409047851422338,6.26900624563029e-05,0.00038863136208269
"PRKCZ",1.92609199785819e-06,5.15584211183293e-05,4.82539228652107e-05,0.000951970750759864,0.000157287734473305,8.37232444431687e-05,1.16879777460904e-05,0.000163880694854146
"FHL5",9.63045998929093e-06,2.71360111149102e-06,4.82539228652107e-05,0.000100336248794741,1.97911718873695e-05,4.54497612691487e-05,0.000494082695630184,4.21407501053519e-05
"TDO2",3.65957479593055e-05,0.00013296645446306,3.75308288951639e-05,6.11806395089887e-05,4.89571094055982e-05,2.15288342853862e-05,0.000523833911711141,5.15053612398745e-05
"EPHB6",2.88913799678728e-05,3.52768144493832e-05,1.78718232834114e-06,0.000898131787991954,0.000263535078289709,1.67446488886337e-05,5.20646281416753e-05,0.000229432972795805
"IFI27",1.92609199785819e-06,0.000290355318929539,0.000991886192229331,0.000780664960134695,0.000798938359874337,0.000901818947287845,0.00353295690961368,0.000351172917544599
"NNMT",0.00141567761842577,0.00164172867245206,0.000384244200593345,3.67083837053932e-05,2.18744531386715e-05,2.39209269837625e-06,0.00051958373798529,0.000454183640024348
"ZNF365",8.2821955907902e-05,4.61312188953473e-05,8.39975694320335e-05,0.00059467581602737,0.00223640242327275,0.000294227401900278,2.01883251977925e-05,0.000369902139813644
"LPPR1",0.00019068310778796,3.52768144493832e-05,1.78718232834114e-06,0.000252064234777033,0.000144788046965493,0.00271980939805379,1.59381514719414e-05,4.68230556726132e-06
"MET",0.00071072794720967,2.98496122264012e-05,5.89770168352575e-05,0.000203119723169842,0.000401031640875645,0.000102859986030179,3.29388463753456e-05,0.000594652807042188
"CDH5",1.92609199785819e-06,1.35680055574551e-05,0.000280587625549559,9.54417976340223e-05,5.93735156621084e-05,4.54497612691487e-05,0.00100835371645816,0.000472912862293393
"GABBR1",0.000102082875886484,2.71360111149102e-06,9.1146298745398e-05,0.00172039958299276,0.000544778047215486,0.000232032991742496,2.44384989236435e-05,4.68230556726132e-06
"NRSN1",2.50391959721564e-05,0.000295782521152521,4.11051935518462e-05,0.00104985977397425,0.000542694765964184,0.000136349283807446,1.80632383348669e-05,0.00028562063960294
"THBS1",0.000402553227552361,0.0009361923834644,1.96590056117525e-05,2.44722558035955e-06,9.06227344316392e-05,0.000251169733329506,0.00239603543794853,0.000332443695275554
"FAM21B",0.000113639427873633,2.71360111149102e-06,4.46795582085284e-05,5.13917371875505e-05,0.000107288984442056,0.000179406952378219,0.000107316886577739,0.00010769302804701
"SNCB",8.66741399036184e-05,8.14080333447305e-06,2.68077349251171e-05,0.000765981606652538,0.000230202578268877,4.54497612691487e-05,7.43780402023933e-06,4.68230556726132e-06
"SDPR",5.77827599357456e-06,8.14080333447305e-06,0.000266290166922829,0.000731720448527504,0.000340616484587885,0.000409047851422338,0.000589711604461832,0.000257526806199373
"C1orf115",6.35610359293201e-05,1.35680055574551e-05,7.32744754619866e-05,0.000579992462545213,0.000694774297309234,2.15288342853862e-05,0.000228446837764494,2.34115278363066e-05
"NPY",1.73348279807237e-05,2.71360111149102e-06,0.000180505415162455,0.00054083685325946,0.000169787421981117,2.39209269837625e-06,1.38130646090159e-05,7.02345835089198e-05
"GRM3",4.43001159507383e-05,2.44224100034191e-05,1.96590056117525e-05,0.000619148071830965,0.000559361015974601,0.000121996727617189,0.000351701875814174,4.68230556726132e-06
"SOX10",1.73348279807237e-05,6.24128255642934e-05,1.60846409550702e-05,0.000354847709152134,7.29148437955718e-06,0.000897034761891093,1.38130646090159e-05,1.4046916701784e-05
"GPX8",0.000167570003813662,0.000317491330044449,0.000148336133252314,7.34167674107864e-06,4.2707265651692e-05,3.58813904756437e-05,0.000838346767424118,0.000416725195486257
"HHATL",3.65957479593055e-05,0.000127539252240078,8.93591164170569e-06,0.000780664960134695,0.000178120546986325,4.06655758723962e-05,1.06254343146276e-06,4.68230556726132e-06
"ATP1B1",0.000163717819817946,0.00157660224577628,0.00196053901419023,0.00925295991933944,0.0257837304067398,0.00520758580436509,0.000137068102658696,0.000856861918808821
"DNM1",4.04479319550219e-05,7.32672300102574e-05,5.36154698502341e-06,0.00112817099254575,0.00027395148454622,3.58813904756437e-05,4.56893675528987e-05,7.02345835089198e-05
"CCDC102B",0.000179126555800811,0.00013296645446306,0.000212674697072595,3.18139325446741e-05,6.77066406673166e-05,2.63130196821387e-05,0.00295280819603501,0.00125017558645877
"BEX5",3.27435639635892e-05,2.71360111149102e-06,1.2510276298388e-05,0.000477208988170112,0.00121976117263735,0.000739156643798261,6.05649755933774e-05,0.000135786861450578
"CFH",5.97088519336038e-05,0.000344627341159359,0.000355649283339886,0.000129702955759056,8.0206328175129e-05,2.39209269837625e-06,0.00184138776672496,0.000894320363346912
"ATRNL1",5.58566679378874e-05,5.15584211183293e-05,5.36154698502341e-06,2.44722558035955e-06,0.00124892711015558,0.000270306474916516,4.14391938270477e-05,7.95991946434424e-05
"GIMAP7",3.27435639635892e-05,0.000165529667800952,0.00021982342638596,0.000266747588259191,0.000253118672033199,0.000232032991742496,0.00124848853196874,0.000182609917123191
"MCAM",9.63045998929093e-06,0.000344627341159359,0.000562962433427458,0.000442947830045078,7.29148437955718e-06,0.000246385547932753,0.00465925294696421,0.00123144636418973
"JPH4",2.50391959721564e-05,2.44224100034191e-05,4.46795582085284e-05,0.00101559861584921,0.000311450547069657,0.000342069255867803,2.44384989236435e-05,8.89638057779651e-05
"MMRN2",8.2821955907902e-05,2.44224100034191e-05,1.96590056117525e-05,6.60750906697078e-05,1.97911718873695e-05,0.000131565098410694,0.00061946282054279,0.000117057639181533
"KIAA2022",0.000217648395757975,1.35680055574551e-05,4.46795582085284e-05,2.20250302232359e-05,0.00051769539094856,0.000791782683162538,3.08137595124201e-05,0.000201339139392237
"FSTL5",4.04479319550219e-05,8.14080333447305e-06,9.1146298745398e-05,0.000119914053437618,0.000378115547111322,5.02339466659012e-05,2.44384989236435e-05,3.27761389708292e-05
"LOC100287562",0.000117491611869349,2.44224100034191e-05,0.000223397791042642,0.000139491858080494,1.56246093847654e-05,0.000208112064758734,0.00233228283206076,0.000294985250737463
"PDLIM1",4.43001159507383e-05,0.00026864651003761,4.82539228652107e-05,6.11806395089887e-05,1.14580468821613e-05,0.000117212542220436,0.000776719248399278,4.21407501053519e-05
"RIMBP2",2.50391959721564e-05,4.61312188953473e-05,1.2510276298388e-05,7.09695418304268e-05,0.000367699140854812,0.000131565098410694,1.80632383348669e-05,6.08699723743971e-05
"CXCL10",7.89697719121856e-05,0.000751667507883011,0.000155484862565679,0.000154175211562651,1.04164062565103e-06,7.17627809512874e-06,0.000124317581481143,4.68230556726132e-06
"HMCN1",5.77827599357456e-06,3.52768144493832e-05,9.1146298745398e-05,4.64972860268314e-05,1.97911718873695e-05,9.32916152366737e-05,0.000430330089742418,2.34115278363066e-05
"CTHRC1",0.0001059350598822,4.07040166723652e-05,1.78718232834114e-06,9.05473464733032e-05,1.14580468821613e-05,0.000495163188563883,0.000802220290754385,0.00028562063960294
"FOXF2",7.89697719121856e-05,8.14080333447305e-06,0.000180505415162455,8.0758444151865e-05,3.64574218977859e-05,7.89390590464162e-05,0.00086597289664215,4.68230556726132e-06
"HK2",0.00514459172627921,0.000312064127821467,4.82539228652107e-05,2.44722558035955e-06,3.64574218977859e-05,0.000633904565069706,2.86886726494945e-05,0.000182609917123191
"PDPN",0.00360757031198838,0.00224414811920307,0.000981163098259284,4.16028348661123e-05,1.04164062565103e-06,0.000327716699677546,1.80632383348669e-05,0.0017184061431849
"EGLN3",0.00466692091081038,5.69856233413113e-05,0.000484326410980448,1.71305790625168e-05,0.000423947734639967,0.000255953918726258,3.18763029438828e-06,2.34115278363066e-05
"RUNDC3B",1.73348279807237e-05,2.98496122264012e-05,0.000112592486685492,2.44722558035955e-06,0.00124476054765298,0.000399479480628833,0.00112098332019321,0.000182609917123191
"FRZB",7.89697719121856e-05,2.71360111149102e-06,1.78718232834114e-06,8.56528953125841e-05,3.43741406464838e-05,0.00153811560505593,0.00193701667555661,6.08699723743971e-05
"PEX5L",4.04479319550219e-05,4.07040166723652e-05,3.39564642384816e-05,0.000408686671920044,0.000401031640875645,0.000141133469204199,3.29388463753456e-05,4.68230556726132e-06
"BEX2",0.000379440123578063,0.000111257645571132,1.2510276298388e-05,0.00161761610861766,0.00295096789246936,0.00173905139171953,7.43780402023933e-06,0.000341808306410076
"KCND2",0.000171422187809379,2.71360111149102e-06,0.000577259892054187,2.44722558035955e-06,0.00115726273509829,0.0037866827415296,5.20646281416753e-05,4.68230556726132e-06
"METTL7B",1.92609199785819e-06,0.00147348540353962,0.00359044929763734,0.000100336248794741,3.12492187695308e-06,2.15288342853862e-05,1.06254343146276e-06,0.00334784848059184
"SLC38A11",5.77827599357456e-06,1.35680055574551e-05,6.61257461486221e-05,1.22361279017977e-05,3.64574218977859e-05,0.000107644171426931,0.000462206392686301,3.27761389708292e-05
"DCT",2.88913799678728e-05,2.71360111149102e-06,1.78718232834114e-06,2.20250302232359e-05,1.35413281334633e-05,0.00225095922917205,9.56289088316485e-06,1.4046916701784e-05
"F13A1",0.000213796211762259,0.000355481745605323,1.78718232834114e-06,5.62861883482696e-05,3.22908593951818e-05,4.06655758723962e-05,0.00041545448170194,0.000304349861871986
"ABCG2",5.77827599357456e-06,0.00010583044334815,0.000598706079994281,0.000305903197544943,0.000415614609634759,0.00096879754284238,0.00114648436254832,0.00024816219506485
"C4A",0.000152161267830797,4.07040166723652e-05,0.00108124530864639,0.000212908625491281,1.35413281334633e-05,8.37232444431687e-05,9.24412785372602e-05,3.27761389708292e-05
"DPEP1",1.92609199785819e-06,4.07040166723652e-05,0.000119741215998856,2.44722558035955e-06,3.12492187695308e-06,8.37232444431687e-05,0.000338951354636621,3.27761389708292e-05
"PTPRN",0.000175274371805095,2.71360111149102e-06,3.39564642384816e-05,0.000765981606652538,0.000144788046965493,0.000131565098410694,7.43780402023933e-06,8.89638057779651e-05
"FOLH1",1.73348279807237e-05,6.24128255642934e-05,0.000130464309968903,0.000149280760401932,6.97899219186187e-05,0.000179406952378219,0.000559960388380875,6.08699723743971e-05
"PIEZO2",7.51175879164692e-05,8.14080333447305e-06,5.54026521785753e-05,2.44722558035955e-06,5.52069531595043e-05,0.000184191137774971,0.000579086170147205,4.21407501053519e-05
"GSTT1",2.88913799678728e-05,8.41216344562215e-05,0.000302033813489652,5.62861883482696e-05,0.000217702890761064,0.000251169733329506,0.000122192494618218,0.000220068361661282
"DLGAP1",5.2004483942171e-05,4.07040166723652e-05,0.000319905636773064,0.000423370025402202,0.00145933851653709,0.000686530604433983,1.59381514719414e-05,2.34115278363066e-05
"EPB49",5.97088519336038e-05,2.44224100034191e-05,1.60846409550702e-05,0.00165677171790341,0.000269784922043616,2.39209269837625e-06,4.56893675528987e-05,0.000154516083719624
"LAMP5",0.000113639427873633,2.71360111149102e-06,0.000126889945312221,0.000633831425313122,0.000328116797080073,5.02339466659012e-05,4.99395412787498e-05,0.000238797583930327
"ATP8A1",9.43785078950511e-05,4.07040166723652e-05,1.78718232834114e-06,0.000462525634687954,0.00201557461063473,0.00098793428442939,6.05649755933774e-05,4.68230556726132e-06
"GABRB1",5.58566679378874e-05,8.14080333447305e-06,0.000148336133252314,0.00043315892772364,0.000388531953367832,5.02339466659012e-05,2.44384989236435e-05,0.000294985250737463
"ANO3",9.63045998929093e-06,1.89952077804371e-05,2.68077349251171e-05,0.000335269904509258,0.000482279609676425,0.000121996727617189,7.96907573597071e-05,2.34115278363066e-05
"KLHL32",3.65957479593055e-05,0.000122112050017096,5.36154698502341e-06,0.000305903197544943,0.000498945859686841,0.000476026446976873,3.29388463753456e-05,3.27761389708292e-05
"SSTR1",1.92609199785819e-06,1.35680055574551e-05,1.78718232834114e-06,8.56528953125841e-05,0.000342699765839187,7.89390590464162e-05,1.59381514719414e-05,5.15053612398745e-05
"NKAIN4",3.65957479593055e-05,1.89952077804371e-05,0.000956142545662508,0.000178647467366247,1.77078906360674e-05,0.000992718469826143,2.86886726494945e-05,1.4046916701784e-05
"CP",0.000718432315201103,0.000670259474538281,8.04232047753512e-05,2.6919481383955e-05,1.04164062565103e-06,0.000901818947287845,9.24412785372602e-05,0.000632111251580278
"CNKSR2",0.00024461368372799,2.71360111149102e-06,0.000212674697072595,0.00064851477879528,0.0025905602359941,0.000586062711102181,1.80632383348669e-05,0.00010769302804701
"FAM155A",5.77827599357456e-06,1.89952077804371e-05,1.2510276298388e-05,0.000178647467366247,0.000961434297475896,0.00103577613839692,5.84398887304519e-05,0.00074448658519455
"APOD",1.92609199785819e-06,1.35680055574551e-05,0.00117775315437681,0.00817128621282052,0.00054894460971809,0.000806135239352795,0.00119748644725853,0.000669569696118369
"PKIB",0.000182978739796528,0.00188595277248626,0.00073810630160489,7.34167674107864e-06,0.000221869453263668,7.17627809512874e-06,2.6563585786569e-05,0.00145619703141827
"TXNDC5",0.00023305713174084,0.000431462576727071,0.000638024091217786,8.56528953125841e-05,4.47905469029941e-05,0.000418616222215843,0.00107210632234593,0.00187760453247179
"PENK",1.92609199785819e-06,1.35680055574551e-05,0.00014118740393895,2.20250302232359e-05,0.000217702890761064,0.000117212542220436,6.90653230450795e-05,0.000220068361661282
"SYP",3.27435639635892e-05,3.52768144493832e-05,3.39564642384816e-05,0.00140226025754602,0.00028436789080273,0.000131565098410694,2.44384989236435e-05,0.000145151472585101
"FCGBP",0.000387144491569495,0.00269460590371058,0.000473603317010401,1.22361279017977e-05,3.12492187695308e-06,0.000394695295232081,0.000307075051692738,0.000585288195907665
"FGF9",4.81522999464546e-05,2.71360111149102e-06,1.78718232834114e-06,0.000129702955759056,0.00043644742214778,0.000203327879361981,3.29388463753456e-05,4.68230556726132e-06
"CAV1",0.0109690939278024,0.000464025790064964,4.46795582085284e-05,2.44722558035955e-06,0.000101039140688149,0.000643472935863211,0.00225577970499544,0.000650840473849323
"GJA4",1.92609199785819e-06,8.41216344562215e-05,4.46795582085284e-05,2.44722558035955e-06,4.2707265651692e-05,4.06655758723962e-05,0.00043883043719412,8.89638057779651e-05
"SEPT3",0.000167570003813662,2.71360111149102e-06,0.000387818565250027,0.00239093939201128,0.000713523828570952,0.000763077570782023,9.56289088316485e-06,0.00010769302804701
"PCDH12",4.04479319550219e-05,6.24128255642934e-05,0.000112592486685492,7.58639929911459e-05,3.12492187695308e-06,7.89390590464162e-05,0.000385703265620982,7.95991946434424e-05
"NELL2",3.65957479593055e-05,0.00053457941896373,0.000362798012653251,0.000898131787991954,0.00215098789196937,0.000571710154911923,3.18763029438828e-06,0.000276256028468418
"NCAN",1.34826439850073e-05,0.000925337979018436,0.0052739750509347,0.00158335495049263,9.06227344316392e-05,0.00188257695362211,1.06254343146276e-06,0.000575923584773142
"SNAI2",5.2004483942171e-05,0.000312064127821467,4.11051935518462e-05,2.6919481383955e-05,4.2707265651692e-05,0.000227248806345744,0.000902099373311884,4.68230556726132e-06
"DLL4",1.34826439850073e-05,7.32672300102574e-05,0.000144761768595632,1.22361279017977e-05,2.81242968925777e-05,8.85074298399212e-05,0.000504708129944812,5.15053612398745e-05
"NDUFA4L2",0.000683762659239656,9.49760389021855e-05,0.000237695249669371,0.000149280760401932,1.77078906360674e-05,7.17627809512874e-06,0.001869013895943,8.89638057779651e-05
"CARTPT",9.63045998929093e-06,1.35680055574551e-05,1.78718232834114e-06,0.00059467581602737,0.000230202578268877,2.39209269837625e-06,1.06254343146276e-06,4.68230556726132e-06
"NXPH1",2.50391959721564e-05,1.35680055574551e-05,0.000137613039282268,6.11806395089887e-05,0.000419781172137363,0.00292552937011415,5.3127171573138e-06,0.000117057639181533
"PACSIN1",1.34826439850073e-05,2.71360111149102e-06,3.03820995817993e-05,0.000638725876473842,0.000119788671949868,3.10972050788912e-05,9.56289088316485e-06,2.34115278363066e-05
"MT3",0.00836886973069382,6.78400277872754e-05,0.0142885227150874,0.0013973658063853,0.0050238327375149,0.000121996727617189,1.06254343146276e-06,0.0157746874561034
"PPP1R9A",2.88913799678728e-05,2.71360111149102e-06,1.78718232834114e-06,0.00118690440647438,0.0016759997666725,0.00174383557711628,3.29388463753456e-05,0.00124081097532425
"CKMT1A",1.92609199785819e-06,2.71360111149102e-06,3.03820995817993e-05,0.000677881485759594,0.000109372265693358,0.000131565098410694,1.38130646090159e-05,4.68230556726132e-06
"ANGPTL4",0.0022246362575262,0.00018723847669288,0.000109018122028809,0.000159069662723371,1.04164062565103e-06,2.39209269837625e-06,7.33154967709305e-05,4.68230556726132e-06
"AMPH",6.74132199250365e-05,8.14080333447305e-06,8.93591164170569e-06,0.000736614899688223,0.00121767789138605,0.000265522289519763,7.33154967709305e-05,4.68230556726132e-06
"TUBA4A",0.000163717819817946,1.89952077804371e-05,5.36154698502341e-06,0.00234688933156481,0.000669774922293609,1.67446488886337e-05,5.84398887304519e-05,0.000145151472585101
"KLK6",9.63045998929093e-06,0.000371763352274269,4.46795582085284e-05,0.000903026239152673,3.12492187695308e-06,0.000141133469204199,7.43780402023933e-06,4.68230556726132e-06
"IGFBP7",1.92609199785819e-06,0.00725345577101548,0.0020463237659506,0.00011012515111618,0.00131767539144855,0.00096879754284238,0.025179091695373,0.0154656552886641
"ODZ2",7.12654039207529e-05,2.71360111149102e-06,4.82539228652107e-05,0.000281430941741348,0.000426031015891269,0.000255953918726258,2.44384989236435e-05,7.95991946434424e-05
"MMP13",5.77827599357456e-06,8.95488366792035e-05,1.78718232834114e-06,2.44722558035955e-06,1.04164062565103e-06,1.67446488886337e-05,0.000370827657580504,4.68230556726132e-06
"ACSL6",9.63045998929093e-06,8.95488366792035e-05,0.000269864531579512,8.0758444151865e-05,0.00219473679824671,0.000461673890786616,3.08137595124201e-05,0.000201339139392237
"FBXO2",5.97088519336038e-05,9.49760389021855e-05,2.32333702684348e-05,0.000765981606652538,0.00021353632825846,3.10972050788912e-05,1.06254343146276e-06,0.000229432972795805
"ACVRL1",5.97088519336038e-05,0.000116684847794114,6.97001108053044e-05,4.64972860268314e-05,2.39577343899736e-05,0.000150701839997704,0.000602462125639386,3.27761389708292e-05
"HOXA7",0.000113639427873633,0.000198092881138844,0.00034492618936984,1.22361279017977e-05,7.29148437955718e-06,0.000543005042531408,3.50639332382711e-05,7.02345835089198e-05
"MCF2",1.92609199785819e-06,1.35680055574551e-05,8.93591164170569e-06,2.6919481383955e-05,0.000430197578393873,0.000227248806345744,9.56289088316485e-06,7.95991946434424e-05
"LDB2",5.2004483942171e-05,0.000116684847794114,0.000112592486685492,0.000442947830045078,0.0011718457038574,7.17627809512874e-06,0.000630088254857417,0.00010769302804701
"IRX2",3.65957479593055e-05,2.71360111149102e-06,1.78718232834114e-06,2.20250302232359e-05,3.12492187695308e-06,0.000600415267292438,4.14391938270477e-05,7.02345835089198e-05
"CADM2",0.000961119906931235,0.000322918532267431,0.00168173857096901,2.20250302232359e-05,0.0144715132121697,0.0171249916276756,1.06254343146276e-06,0.00292644097953832
"DACH1",5.77827599357456e-06,8.14080333447305e-06,5.36154698502341e-06,2.44722558035955e-06,0.000259368515787105,0.00131325889140856,0.000362327310128802,0.000191974528257714
"LGI1",9.63045998929093e-06,0.000154675263354988,0.000116166851342174,0.000496786792812988,0.000876019766172512,0.000117212542220436,6.05649755933774e-05,0.000145151472585101
"ARHGDIG",6.74132199250365e-05,8.14080333447305e-06,4.11051935518462e-05,0.000516364597455864,0.000234369140771481,7.17627809512874e-06,1.80632383348669e-05,4.21407501053519e-05
"CXCL12",1.73348279807237e-05,6.78400277872754e-05,1.2510276298388e-05,6.60750906697078e-05,0.000117705390698566,7.89390590464162e-05,0.000615212646816939,8.89638057779651e-05
"LAMB1",0.000741545419175401,9.49760389021855e-05,4.82539228652107e-05,2.6919481383955e-05,8.43728906777331e-05,0.000251169733329506,0.0037008387717848,0.00143746780914923
"NDRG1",0.00670857842854006,0.00021437448780779,3.39564642384816e-05,0.000731720448527504,0.000198953359499346,2.39209269837625e-06,4.99395412787498e-05,0.000435454417755303
"CBLN2",1.34826439850073e-05,2.98496122264012e-05,1.2510276298388e-05,0.000115019602276899,0.000357282734598302,5.98023174594062e-05,2.86886726494945e-05,1.4046916701784e-05
"F2R",0.000672206107252507,0.000626841856754425,0.00217142652893448,7.34167674107864e-06,1.77078906360674e-05,0.000222464620948991,0.00438936691537267,0.00281406564592405
"HOXA10",0.000117491611869349,2.71360111149102e-06,6.61257461486221e-05,2.44722558035955e-06,1.14580468821613e-05,0.000825271980939805,3.29388463753456e-05,0.000229432972795805
"TCEAL6",3.27435639635892e-05,2.71360111149102e-06,3.03820995817993e-05,0.000521259048616583,0.000234369140771481,0.000179406952378219,1.59381514719414e-05,5.15053612398745e-05
"IFITM1",1.92609199785819e-06,0.000637696261200389,0.00134574829324088,0.000956865201920583,9.47892969342433e-05,3.10972050788912e-05,0.00158000208258513,0.000257526806199373
"FAM180A",0.000614423347316761,1.35680055574551e-05,4.11051935518462e-05,2.44722558035955e-06,3.12492187695308e-06,8.85074298399212e-05,1.16879777460904e-05,4.21407501053519e-05
"ERG",2.88913799678728e-05,5.69856233413113e-05,8.04232047753512e-05,9.05473464733032e-05,4.062398440039e-05,0.000126780913013941,0.000534459346025769,5.15053612398745e-05
"KCNJ16",5.77827599357456e-06,6.78400277872754e-05,0.00137076884583765,7.34167674107864e-06,0.000890602734931627,0.00108361799236444,3.18763029438828e-06,0.00038863136208269
"QPCT",9.63045998929093e-06,0.000322918532267431,0.000184079779819137,0.000384214416116449,0.000417697890886061,0.000131565098410694,0.000825596246246565,0.000117057639181533
"BCL6B",3.65957479593055e-05,8.14080333447305e-06,9.47206634020803e-05,3.18139325446741e-05,4.062398440039e-05,0.000131565098410694,0.000379328005032206,8.89638057779651e-05
"SEC61G",0.0139391277884997,0.000143820858909024,0.01945705400865,2.44722558035955e-06,0.000180203828237627,2.39209269837625e-06,0.000780969422125129,4.68230556726132e-06
"ESCO2",1.92609199785819e-06,0.000306636925598485,0.000209100332415913,2.44722558035955e-06,9.37476563085923e-06,0.0024471108304389,0.000279448922474706,0.00010769302804701
"LRRTM4",3.27435639635892e-05,8.14080333447305e-06,6.61257461486221e-05,2.6919481383955e-05,0.00036561585960351,0.000519084115547646,2.01883251977925e-05,0.000145151472585101
"FGF12",9.63045998929093e-06,0.00102302761903211,2.68077349251171e-05,7.34167674107864e-06,0.0122049032107531,0.00587258757451369,0.000349576788951248,0.000163880694854146
"TFPI",0.00124232933861853,0.0010881540457079,0.000309182542803017,3.67083837053932e-05,3.02075781438797e-05,0.00125584866664753,0.00284017859229996,0.00276724259025144
"KCNE3",5.58566679378874e-05,7.86944322332394e-05,3.03820995817993e-05,2.6919481383955e-05,2.39577343899736e-05,0.000136349283807446,0.00100622862959523,0.00010769302804701
"CENPF",0.000753101971162551,0.000453171385619,0.0021678521642778,4.16028348661123e-05,1.04164062565103e-06,0.0129101242931366,0.00173088324985284,0.00140000936461113
"TPM2",0.000275431155693721,0.000496589003402856,5.36154698502341e-06,0.000115019602276899,2.39577343899736e-05,6.93706882529112e-05,0.00190514037261273,3.27761389708292e-05
"SOCS3",0.000907189330991205,0.000735385901214065,0.000166207956535726,5.13917371875505e-05,7.29148437955718e-06,3.58813904756437e-05,0.000300699791103961,0.000229432972795805
"ERBB4",7.89697719121856e-05,0.000122112050017096,0.000573685527397505,0.00032548100218782,0.00107393148504621,0.000868329649510578,2.86886726494945e-05,0.000229432972795805
"KCNJ3",1.73348279807237e-05,2.44224100034191e-05,1.78718232834114e-06,2.44722558035955e-06,0.000378115547111322,0.000126780913013941,7.43780402023933e-06,1.4046916701784e-05
"ANKRD20A2",0.000252318051719422,1.35680055574551e-05,1.2510276298388e-05,2.6919481383955e-05,0.000390615234619135,0.000734372458401508,3.18763029438828e-06,0.000828768085405254
"RIMS3",7.12654039207529e-05,2.71360111149102e-06,5.36154698502341e-06,0.000942181848438425,0.000323950234577469,0.000145917654600951,5.20646281416753e-05,7.02345835089198e-05
"KCNIP4",0.000290839891676586,2.44224100034191e-05,0.000244843978982736,0.000208014174330561,0.000836437422397773,0.000107644171426931,5.20646281416753e-05,5.15053612398745e-05
"IGFBP4",2.118701197644e-05,0.000143820858909024,0.000101869392715445,6.60750906697078e-05,3.02075781438797e-05,0.000117212542220436,0.000704466295059811,4.21407501053519e-05
"SOX11",0.00492116505452766,2.44224100034191e-05,0.00101333238016942,0.000178647467366247,7.29148437955718e-06,0.0208423036809522,0.000166819318739653,1.4046916701784e-05
"CNTN2",2.50391959721564e-05,0.00016010246557797,3.03820995817993e-05,0.000878553983349077,6.14567969134105e-05,0.000461673890786616,1.38130646090159e-05,4.21407501053519e-05
"OLFML3",9.63045998929093e-06,0.000491161801179874,0.000187654144475819,1.22361279017977e-05,9.89558594368474e-05,0.000198543693965229,0.00208364766909847,0.00147492625368732
"CKMT1B",1.92609199785819e-06,2.71360111149102e-06,1.60846409550702e-05,0.000521259048616583,0.000117705390698566,0.000236817177139249,1.06254343146276e-06,3.27761389708292e-05
"LAMA4",0.000175274371805095,0.000458598587841982,0.000437859670443579,1.22361279017977e-05,4.2707265651692e-05,0.000222464620948991,0.00344795343509666,0.000323079084141031
"RAB27B",4.43001159507383e-05,6.24128255642934e-05,5.36154698502341e-06,2.6919481383955e-05,0.000828104297392565,0.000232032991742496,5.20646281416753e-05,7.95991946434424e-05
"LOC541471",0.000502710011440986,0.000322918532267431,0.000169782321192408,1.71305790625168e-05,0.00012187195320117,7.17627809512874e-06,0.00361158512354192,0.000950508030154048
"PLEK2",1.73348279807237e-05,0.000149248061132006,2.68077349251171e-05,2.44722558035955e-06,1.77078906360674e-05,9.32916152366737e-05,0.000343201528362472,0.00010769302804701
"JAKMIP1",2.88913799678728e-05,2.71360111149102e-06,1.60846409550702e-05,0.000384214416116449,0.000267701640792314,0.000150701839997704,2.2313412060718e-05,5.15053612398745e-05
"BEX1",1.92609199785819e-06,0.000176384072246916,0.000652321549844515,0.00141694361102818,0.00457384398723365,0.003121680971381,1.06254343146276e-06,0.00100669569696118
"NR5A2",9.63045998929093e-06,5.15584211183293e-05,8.04232047753512e-05,2.44722558035955e-06,9.37476563085923e-06,0.000112428356823684,0.000300699791103961,6.08699723743971e-05
"CYP1B1",0.000167570003813662,0.000230656094476736,1.78718232834114e-06,9.05473464733032e-05,0.00020311992200195,9.32916152366737e-05,0.00162675399356949,0.000931778807885003
"PLXDC1",8.66741399036184e-05,0.00010583044334815,6.25513814919398e-05,0.000159069662723371,4.47905469029941e-05,4.54497612691487e-05,0.00122298748961364,1.4046916701784e-05
"SEZ6L",0.000325509547638033,2.71360111149102e-06,0.00202845194266719,7.34167674107864e-06,0.00179058023549411,0.00315995445455502,3.08137595124201e-05,0.000117057639181533
"NTN4",2.50391959721564e-05,5.15584211183293e-05,1.78718232834114e-06,8.56528953125841e-05,0.000451030390906894,0.000676962233640478,0.000124317581481143,3.27761389708292e-05
"EPHB1",9.82306918907675e-05,2.71360111149102e-06,4.46795582085284e-05,0.000296114295223505,0.000251035390781897,0.0031121126005875,1.38130646090159e-05,0.00024816219506485
"PNOC",1.92609199785819e-06,5.69856233413113e-05,0.000116166851342174,0.000291219844062786,9.68725781855454e-05,6.93706882529112e-05,1.06254343146276e-06,0.000351172917544599
"SEMA3D",1.92609199785819e-06,1.35680055574551e-05,8.93591164170569e-06,1.22361279017977e-05,9.47892969342433e-05,0.00091138731808135,2.2313412060718e-05,0.000126422250316056
"PRSS3",1.34826439850073e-05,4.07040166723652e-05,9.82950280587626e-05,0.000291219844062786,0.000346866328341791,7.17627809512874e-06,0.00011156706030359,0.00010769302804701
"DDN",3.65957479593055e-05,2.71360111149102e-06,3.03820995817993e-05,0.000589781364866651,0.000159371015724607,3.58813904756437e-05,1.06254343146276e-06,5.15053612398745e-05
"RERGL",5.77827599357456e-06,6.24128255642934e-05,1.78718232834114e-06,9.05473464733032e-05,8.85394531803372e-05,7.41548736496637e-05,0.000411204307976089,3.27761389708292e-05
"ANK3",9.63045998929093e-06,2.71360111149102e-06,0.000234120885012689,0.00173997738763564,0.00131767539144855,0.000509515744754141,2.44384989236435e-05,0.000304349861871986
"CTSK",0.000152161267830797,0.000111257645571132,1.78718232834114e-06,0.000139491858080494,4.2707265651692e-05,2.39209269837625e-06,0.000836221680561193,0.000257526806199373
"RGS1",0.00254436752917066,0.00396457122388837,1.2510276298388e-05,0.000183541918526966,6.97899219186187e-05,0.000198543693965229,0.000706591381922736,0.000444819028889825
"MT1X",0.0249062956243042,2.71360111149102e-06,0.00693962898094864,0.00166656062022485,0.000767689141104806,0.00266239917329276,5.3127171573138e-06,0.0045277894835417
"BIRC5",9.63045998929093e-06,0.000442316981173036,0.000620152267934375,2.6919481383955e-05,3.12492187695308e-06,0.00337045861201213,0.00039632869993561,0.00028562063960294
"ERC2",4.43001159507383e-05,7.86944322332394e-05,8.93591164170569e-06,0.000452736732366516,0.000717690391073556,0.000313364143487288,3.93141069641222e-05,0.000135786861450578
"CLVS1",9.05263238993347e-05,2.71360111149102e-06,0.000284161990206241,7.34167674107864e-06,0.000373948984608718,0.000141133469204199,2.86886726494945e-05,7.02345835089198e-05
"FAM133A",5.58566679378874e-05,2.44224100034191e-05,1.78718232834114e-06,2.44722558035955e-06,0.000413531328383457,0.000480810632373626,3.08137595124201e-05,4.21407501053519e-05
"CCDC85A",7.12654039207529e-05,5.15584211183293e-05,3.39564642384816e-05,3.18139325446741e-05,0.000730190078581369,5.98023174594062e-05,3.29388463753456e-05,8.89638057779651e-05
"MYL9",0.000140604715843648,9.49760389021855e-05,0.00017335668584909,8.56528953125841e-05,2.18744531386715e-05,1.19604634918812e-05,0.000778844335262204,0.000135786861450578
"LAMC1",0.00101119829887555,4.61312188953473e-05,0.000663044643814562,9.54417976340223e-05,3.64574218977859e-05,0.000289443216503526,0.00466775329441591,0.0010535187526338
"ERBB3",5.2004483942171e-05,8.14080333447305e-06,1.96590056117525e-05,0.000134597406919775,0.000117705390698566,0.00207394436949221,4.56893675528987e-05,3.27761389708292e-05
"S100A1",1.73348279807237e-05,1.35680055574551e-05,9.47206634020803e-05,0.000521259048616583,0.000236452422022783,0.000519084115547646,2.44384989236435e-05,4.21407501053519e-05
"CTXN3",1.92609199785819e-06,2.98496122264012e-05,1.78718232834114e-06,7.34167674107864e-06,0.000413531328383457,2.39209269837625e-06,1.06254343146276e-06,4.68230556726132e-06
"CD34",9.63045998929093e-06,8.41216344562215e-05,0.000198377238445866,0.000100336248794741,4.2707265651692e-05,5.02339466659012e-05,0.000585461430735981,6.08699723743971e-05
"NDRG4",0.000163717819817946,7.86944322332394e-05,0.000938270722379097,0.0031153181637977,0.000757272734848295,5.98023174594062e-05,2.44384989236435e-05,0.000154516083719624
"RELN",5.77827599357456e-06,3.52768144493832e-05,3.03820995817993e-05,0.000100336248794741,0.000136454921960284,0.000528652486341151,7.43780402023933e-06,4.68230556726132e-06
"NRGN",5.97088519336038e-05,4.07040166723652e-05,4.11051935518462e-05,0.000868765081027639,0.000144788046965493,1.19604634918812e-05,4.14391938270477e-05,7.95991946434424e-05
"FAM19A1",5.77827599357456e-06,1.89952077804371e-05,6.25513814919398e-05,2.6919481383955e-05,0.000348949609593093,0.000141133469204199,7.43780402023933e-06,7.02345835089198e-05
"ATP2B3",3.27435639635892e-05,2.71360111149102e-06,1.78718232834114e-06,0.000276536490580629,0.000228119297017575,8.37232444431687e-05,1.06254343146276e-06,3.27761389708292e-05
"TES",7.12654039207529e-05,0.000122112050017096,0.000134038674625585,1.71305790625168e-05,4.2707265651692e-05,4.06655758723962e-05,0.00110610771215273,7.02345835089198e-05
"SV2B",8.66741399036184e-05,6.24128255642934e-05,4.46795582085284e-05,0.00064851477879528,0.00101559961000975,3.58813904756437e-05,3.93141069641222e-05,1.4046916701784e-05
"APLP1",0.000167570003813662,6.78400277872754e-05,0.000723808842978161,0.00399142492156642,0.000128121796955076,0.000212896250155486,7.43780402023933e-06,0.000688298918387414
"MFSD4",8.2821955907902e-05,9.49760389021855e-05,4.11051935518462e-05,0.000100336248794741,0.000965600859978501,3.10972050788912e-05,3.50639332382711e-05,0.000173245305988669
"SPINT2",8.2821955907902e-05,0.000181811274469898,3.75308288951639e-05,0.000672987034598875,0.000915602109947251,1.67446488886337e-05,6.90653230450795e-05,7.02345835089198e-05
"SDC4",0.00258674155312354,0.00082764833900476,0.000634449726561104,0.000712142643884628,0.000742689766089181,7.17627809512874e-06,5.3127171573138e-06,0.00144683242028375
"KCNJ10",5.77827599357456e-06,8.41216344562215e-05,0.000777424312828395,0.00133863239245667,0.000176037265735023,0.000543005042531408,2.44384989236435e-05,3.27761389708292e-05
"CD44",0.00970942976120311,0.00798070086889508,0.00365478786145763,1.71305790625168e-05,5.20820312825513e-06,0.00150941049267541,0.00106785614862007,0.00285152409046214
"COL15A1",8.66741399036184e-05,4.61312188953473e-05,3.03820995817993e-05,7.34167674107864e-06,3.43741406464838e-05,3.58813904756437e-05,0.000304949964829812,4.21407501053519e-05
"S100A9",0.000125195979860782,0.00106644523681597,8.93591164170569e-06,5.13917371875505e-05,3.12492187695308e-06,5.50181320626537e-05,9.03161916743347e-05,1.4046916701784e-05
"SLC14A1",6.35610359293201e-05,1.35680055574551e-05,0.000230546520356007,0.000149280760401932,0.000334366640833979,0.000198543693965229,7.96907573597071e-05,4.68230556726132e-06
"COX4I2",6.35610359293201e-05,2.71360111149102e-06,5.1828287521893e-05,5.62861883482696e-05,4.062398440039e-05,2.15288342853862e-05,0.000502583043081886,7.95991946434424e-05
"COL18A1",3.27435639635892e-05,8.41216344562215e-05,4.46795582085284e-05,3.67083837053932e-05,2.18744531386715e-05,0.000112428356823684,0.000708716468785662,0.000126422250316056
"VCAM1",0.000718432315201103,0.000686541081207227,0.000570111162740823,5.62861883482696e-05,1.56246093847654e-05,2.63130196821387e-05,0.000236947185216196,1.4046916701784e-05
"TMEM144",0.000129048163856498,0.00152775742576944,0.000459305858383672,0.00302721804290476,0.00266764164229228,0.00121279099807676,1.38130646090159e-05,4.68230556726132e-06
"ICAM2",1.92609199785819e-06,0.000203520083361826,0.000223397791042642,0.000217803076652,4.68738281542961e-05,7.41548736496637e-05,0.000464331479549227,7.95991946434424e-05
"DOCK3",8.2821955907902e-05,2.71360111149102e-06,3.03820995817993e-05,0.000301008746384224,0.000488529453430331,0.000174622766981466,3.50639332382711e-05,1.4046916701784e-05
"CALN1",7.51175879164692e-05,2.71360111149102e-06,8.39975694320335e-05,0.000330375453348539,0.000423947734639967,5.98023174594062e-05,4.35642806899732e-05,9.83284169124877e-05
"AGT",3.65957479593055e-05,0.00305822845265037,0.0111645280051471,0.00216090018745748,0.000923935234952459,0.000102859986030179,1.38130646090159e-05,0.00293580559067285
"WIPF3",2.50391959721564e-05,0.000143820858909024,0.000723808842978161,0.000682775936920313,0.000269784922043616,4.06655758723962e-05,3.29388463753456e-05,0.000435454417755303
"ADCY2",4.43001159507383e-05,8.14080333447305e-06,0.000155484862565679,0.000839398374063324,0.000432280859645176,0.000150701839997704,2.44384989236435e-05,0.000294985250737463
"NEFH",4.43001159507383e-05,6.24128255642934e-05,1.78718232834114e-06,0.00064851477879528,0.000340616484587885,5.98023174594062e-05,5.41897150046008e-05,8.89638057779651e-05
"RCAN2",8.2821955907902e-05,0.000100403241125168,3.03820995817993e-05,0.00107433202977784,0.000861436797413398,2.39209269837625e-06,0.000158318971287951,0.000435454417755303
"VAT1L",2.50391959721564e-05,4.61312188953473e-05,1.78718232834114e-06,0.000315692099866382,0.000307283984567052,0.000332500885074298,3.71890201011966e-05,0.000257526806199373
"AIFM3",1.34826439850073e-05,1.35680055574551e-05,8.39975694320335e-05,0.000369531062634292,0.000163537578227211,7.17627809512874e-06,2.6563585786569e-05,7.02345835089198e-05
"KIF5A",4.43001159507383e-05,3.52768144493832e-05,3.03820995817993e-05,0.000726825997366785,0.000211453047007158,8.85074298399212e-05,3.93141069641222e-05,0.000182609917123191
"TIAM2",6.74132199250365e-05,5.15584211183293e-05,1.60846409550702e-05,0.000511470146295145,0.000336449922085281,0.000107644171426931,4.78144544158242e-05,5.15053612398745e-05
"PGAM2",0.000402553227552361,1.89952077804371e-05,0.000705937019694749,8.0758444151865e-05,1.97911718873695e-05,0.000203327879361981,3.18763029438828e-06,0.00010769302804701
"ZNF804A",7.89697719121856e-05,1.35680055574551e-05,8.93591164170569e-06,2.44722558035955e-06,0.000278118047048824,0.000686530604433983,2.6563585786569e-05,4.68230556726132e-06
"ATP1A2",5.77827599357456e-06,8.14080333447305e-06,0.0093273045716124,0.00769652445023077,0.00288221961117639,0.0026289098755155,0.001069981235483,4.68230556726132e-06
"DLGAP5",7.12654039207529e-05,7.32672300102574e-05,0.000305608178146335,2.20250302232359e-05,1.04164062565103e-06,0.00123192773966377,0.000449455871508748,0.000229432972795805
"CHODL",1.92609199785819e-06,0.000312064127821467,0.000241269614326054,6.11806395089887e-05,1.97911718873695e-05,2.39209269837625e-06,2.86886726494945e-05,0.000472912862293393
"PSD2",4.81522999464546e-05,2.71360111149102e-06,0.000484326410980448,0.000384214416116449,0.000315617109572261,0.000346853441264556,2.86886726494945e-05,9.83284169124877e-05
"PCDH8",0.000479596907466688,0.000219801690030772,0.000109018122028809,7.34167674107864e-06,0.00051769539094856,2.39209269837625e-06,4.35642806899732e-05,8.89638057779651e-05
"LOC100652804",0.000460335987488106,0.00010583044334815,1.96590056117525e-05,2.44722558035955e-06,8.64561719290351e-05,0.000232032991742496,0.000162569145013802,0.000201339139392237
"OLFML2A",0.000175274371805095,2.71360111149102e-06,4.11051935518462e-05,7.58639929911459e-05,2.60410156412756e-05,5.50181320626537e-05,0.00146312230512422,9.83284169124877e-05
"ANO1",1.34826439850073e-05,2.44224100034191e-05,6.25513814919398e-05,4.64972860268314e-05,3.43741406464838e-05,5.02339466659012e-05,0.000324075746596142,0.000201339139392237
"HPGD",2.88913799678728e-05,2.71360111149102e-06,1.78718232834114e-06,1.22361279017977e-05,7.81230469238269e-05,3.58813904756437e-05,0.000375077831306355,9.83284169124877e-05
"PCDH18",4.81522999464546e-05,0.000295782521152521,0.000166207956535726,2.44722558035955e-06,0.000109372265693358,0.000686530604433983,0.00247891382560262,0.000154516083719624
"FERMT1",3.27435639635892e-05,2.71360111149102e-06,1.78718232834114e-06,4.64972860268314e-05,2.18744531386715e-05,0.00116973332950599,3.08137595124201e-05,0.00010769302804701
"SHOX2",7.89697719121856e-05,0.000208947285584808,0.000341351824713157,7.34167674107864e-06,1.77078906360674e-05,0.000619552008879448,3.50639332382711e-05,0.000210703750526759
"CHGA",9.63045998929093e-06,2.71360111149102e-06,1.78718232834114e-06,0.000389108867277168,0.000153121171970701,0.000131565098410694,1.16879777460904e-05,8.89638057779651e-05
"MAGEE1",4.43001159507383e-05,4.07040166723652e-05,2.68077349251171e-05,0.000942181848438425,0.000553111172220695,0.000136349283807446,4.99395412787498e-05,0.000220068361661282
"SEPT4",6.74132199250365e-05,0.00016010246557797,6.97001108053044e-05,0.00400610827504858,0.000390615234619135,3.58813904756437e-05,0.000479207087589705,1.4046916701784e-05
"FSTL1",0.000564344955372448,0.000670259474538281,0.000709511384351432,0.000134597406919775,8.43728906777331e-05,0.000552573413324913,0.00728586030954015,0.00155920775389802
"TMEM196",1.92609199785819e-06,2.98496122264012e-05,1.60846409550702e-05,1.71305790625168e-05,0.000282284609551428,0.000308579958090536,2.2313412060718e-05,4.68230556726132e-06
"ANO5",9.05263238993347e-05,8.14080333447305e-06,2.32333702684348e-05,2.44722558035955e-06,0.000526028515953768,0.000423400407612596,5.20646281416753e-05,0.000145151472585101
"NUSAP1",7.51175879164692e-05,0.000523725014517766,0.00154948707867177,2.44722558035955e-06,1.56246093847654e-05,0.00358574695486599,0.000383578178758057,0.000379266750948167
"LRFN5",1.92609199785819e-06,4.61312188953473e-05,4.82539228652107e-05,0.000291219844062786,0.000240618984525387,5.02339466659012e-05,3.71890201011966e-05,1.4046916701784e-05
"NPNT",0.000248465867723706,0.000274073712260593,0.00134574829324088,7.34167674107864e-06,6.14567969134105e-05,2.39209269837625e-06,0.000326200833459068,0.000163880694854146
"KIAA1644",6.35610359293201e-05,2.71360111149102e-06,1.96590056117525e-05,0.000575098011384493,0.000107288984442056,3.58813904756437e-05,3.29388463753456e-05,4.21407501053519e-05
"NRG3",1.92609199785819e-06,6.78400277872754e-05,3.03820995817993e-05,0.000222697527812719,0.000328116797080073,8.37232444431687e-05,6.90653230450795e-05,4.68230556726132e-06
"CACNA1E",2.118701197644e-05,8.14080333447305e-06,6.25513814919398e-05,0.000340164355669977,0.000157287734473305,0.000141133469204199,2.2313412060718e-05,3.27761389708292e-05
"OLFML2B",4.04479319550219e-05,7.32672300102574e-05,4.46795582085284e-05,5.62861883482696e-05,1.14580468821613e-05,0.000107644171426931,0.000434580263468269,8.89638057779651e-05
"TSTD1",0.000379440123578063,0.000681113878984245,0.000623726632591057,2.44722558035955e-06,0.000340616484587885,0.000356421812058061,4.56893675528987e-05,0.000941143419019525
"PVALB",1.34826439850073e-05,2.71360111149102e-06,1.78718232834114e-06,0.000301008746384224,0.000219786172012366,7.17627809512874e-06,9.56289088316485e-06,3.27761389708292e-05
"PLCXD3",2.88913799678728e-05,1.89952077804371e-05,8.75719340887157e-05,0.000129702955759056,0.000326033515828771,0.000112428356823684,4.56893675528987e-05,8.89638057779651e-05
"ZFPM2",6.74132199250365e-05,4.07040166723652e-05,1.96590056117525e-05,6.11806395089887e-05,0.000455196953409498,0.00193998717838314,0.000226321750901568,4.68230556726132e-06
"DNAJC6",0.000333213915629466,0.000344627341159359,0.000287736354862923,0.00103517642049209,0.00478425539361516,0.00115538077331573,1.16879777460904e-05,0.000163880694854146
"SAA2",0.000213796211762259,0.00132695094351911,1.60846409550702e-05,2.44722558035955e-06,2.81242968925777e-05,9.32916152366737e-05,8.18158442226326e-05,7.02345835089198e-05
"GRM1",2.118701197644e-05,7.32672300102574e-05,2.68077349251171e-05,9.05473464733032e-05,0.000315617109572261,9.32916152366737e-05,1.59381514719414e-05,7.02345835089198e-05
"ISLR",5.58566679378874e-05,2.44224100034191e-05,1.2510276298388e-05,0.000242275332455595,7.39564844212228e-05,7.89390590464162e-05,0.000545084780340396,0.000135786861450578
"COL8A1",6.35610359293201e-05,0.000279500914483575,5.36154698502341e-06,2.44722558035955e-06,3.22908593951818e-05,2.63130196821387e-05,7.96907573597071e-05,0.00126890480872782
"SPOCK1",0.000776215075136849,0.00108272684348492,0.000941845087035779,0.00202875000611806,0.00173433164170896,0.00233229038091684,6.05649755933774e-05,3.27761389708292e-05
"LRRC3B",9.63045998929093e-06,0.000100403241125168,0.000241269614326054,0.000212908625491281,0.000184370390740231,0.000145917654600951,3.29388463753456e-05,0.00010769302804701
"LOC100506939",5.58566679378874e-05,4.07040166723652e-05,1.78718232834114e-06,2.44722558035955e-06,6.77066406673166e-05,8.37232444431687e-05,0.000366577483854653,1.4046916701784e-05
"TUBA8",1.73348279807237e-05,2.71360111149102e-06,5.89770168352575e-05,0.00016396411388409,0.000246868828279293,5.98023174594062e-05,2.86886726494945e-05,3.27761389708292e-05
"TSPYL5",4.81522999464546e-05,0.00010583044334815,1.96590056117525e-05,0.000252064234777033,0.000730190078581369,0.000145917654600951,0.000294324530515185,7.95991946434424e-05
"PCP4L1",1.73348279807237e-05,1.89952077804371e-05,1.2510276298388e-05,0.000330375453348539,0.000138538203211586,4.54497612691487e-05,1.06254343146276e-06,0.000117057639181533
"TMEM45A",0.00217070568158618,0.000252364903368664,1.78718232834114e-06,3.67083837053932e-05,1.97911718873695e-05,0.000547789227928161,0.0002539478801196,1.4046916701784e-05
"NUDT11",7.51175879164692e-05,2.71360111149102e-06,0.000230546520356007,2.44722558035955e-06,0.000901019141188137,0.000629120379672953,3.71890201011966e-05,0.000173245305988669
"FNDC9",2.118701197644e-05,2.71360111149102e-06,4.46795582085284e-05,0.000305903197544943,0.00012187195320117,5.02339466659012e-05,1.06254343146276e-06,0.000173245305988669
"RGS7BP",6.74132199250365e-05,2.71360111149102e-06,0.000119741215998856,0.000384214416116449,0.00061977617226236,4.54497612691487e-05,8.60660179484836e-05,6.08699723743971e-05
"PLEKHB1",3.27435639635892e-05,0.000219801690030772,0.0011598813310934,0.00484795387469226,0.000351032890844396,0.000576494340308676,1.38130646090159e-05,0.000594652807042188
"HS3ST2",7.12654039207529e-05,6.78400277872754e-05,1.96590056117525e-05,0.000212908625491281,0.00021353632825846,6.45865028561587e-05,3.71890201011966e-05,7.95991946434424e-05
"CLGN",7.89697719121856e-05,1.89952077804371e-05,1.78718232834114e-06,5.13917371875505e-05,0.000194786796996742,0.000806135239352795,1.16879777460904e-05,0.000117057639181533
"FXYD5",1.92609199785819e-06,0.000252364903368664,9.82950280587626e-05,0.000149280760401932,9.37476563085923e-06,3.10972050788912e-05,0.000381453091895131,0.00319801470243948
"EPHA3",0.000136752531847931,2.71360111149102e-06,1.78718232834114e-06,3.18139325446741e-05,0.000101039140688149,5.02339466659012e-05,0.000513208477396514,0.000557194362504097
"ACE",1.92609199785819e-06,3.52768144493832e-05,5.1828287521893e-05,7.58639929911459e-05,2.60410156412756e-05,4.06655758723962e-05,0.000311325225418589,0.000117057639181533
"CDH6",0.0001059350598822,0.00053457941896373,0.00213210851771098,8.0758444151865e-05,0.000209369765755856,2.39209269837625e-06,0.00362858581844533,0.00140937397574566
"NOMO3",8.2821955907902e-05,1.35680055574551e-05,1.96590056117525e-05,0.00016396411388409,7.29148437955718e-06,0.000160270210791209,3.08137595124201e-05,2.34115278363066e-05
"MKI67",5.77827599357456e-06,0.000274073712260593,0.000545090610144047,4.64972860268314e-05,1.04164062565103e-06,0.00072001990221125,0.000290074356789334,0.000117057639181533
"CDS1",5.97088519336038e-05,8.41216344562215e-05,7.68488401186689e-05,0.000124808504598337,0.000784355391115222,2.15288342853862e-05,7.96907573597071e-05,3.27761389708292e-05
"DDIT4L",0.00058360587535103,8.14080333447305e-06,0.000244843978982736,1.71305790625168e-05,0.000119788671949868,1.19604634918812e-05,5.20646281416753e-05,0.000182609917123191
"ADAM12",0.0001059350598822,0.000236083296699718,5.89770168352575e-05,1.22361279017977e-05,2.81242968925777e-05,5.02339466659012e-05,0.000462206392686301,0.000257526806199373
"EYA4",6.74132199250365e-05,0.000263219307814628,0.000184079779819137,2.44722558035955e-06,4.062398440039e-05,2.39209269837625e-06,2.2313412060718e-05,0.00060401741817671
"DIO2",0.000213796211762259,0.000518297812294784,0.000394967294563391,0.00118200995531366,0.00213432164195895,0.000571710154911923,0.000224196664038643,0.000725757362925504
"MICAL2",5.2004483942171e-05,5.69856233413113e-05,1.60846409550702e-05,0.000805137215938291,8.43728906777331e-05,2.15288342853862e-05,6.69402361821539e-05,8.89638057779651e-05
"APOLD1",1.92609199785819e-06,0.000219801690030772,0.000559388068770776,0.000100336248794741,0.0004572802346608,0.000576494340308676,0.00279980194190438,0.000491642084562439
"AQP4",1.92609199785819e-06,0.0144119355031288,0.0461289630768131,0.00178402744808211,0.0145090122746931,0.0108864138703103,1.06254343146276e-06,0.00609167954300698
"PAPSS2",4.81522999464546e-05,0.00018723847669288,0.000105443757372127,5.13917371875505e-05,9.68725781855454e-05,0.000255953918726258,0.00132711674589699,4.21407501053519e-05
"NCAPG",9.63045998929093e-06,0.000176384072246916,0.000234120885012689,2.44722558035955e-06,5.20820312825513e-06,0.00152854723426242,0.000290074356789334,0.000416725195486257
"RERG",3.27435639635892e-05,2.71360111149102e-06,1.2510276298388e-05,0.00010523069995546,0.000486446172179029,0.000126780913013941,9.03161916743347e-05,6.08699723743971e-05
"TMEM56",4.81522999464546e-05,0.000198092881138844,2.32333702684348e-05,0.000232486430134157,0.00127809304767381,0.000141133469204199,3.08137595124201e-05,0.000323079084141031
"NMNAT2",7.12654039207529e-05,2.71360111149102e-06,1.96590056117525e-05,0.000893237336831234,0.000440613984650384,0.000136349283807446,4.99395412787498e-05,0.000135786861450578
"KIAA1462",1.92609199785819e-06,4.07040166723652e-05,0.000159059227222361,0.000330375453348539,0.000190620234494138,0.000212896250155486,0.000485582348178482,0.000163880694854146
"PLN",4.81522999464546e-05,0.000176384072246916,2.68077349251171e-05,2.20250302232359e-05,3.85407031490879e-05,5.98023174594062e-05,0.000300699791103961,0.00010769302804701
"MYRIP",1.92609199785819e-06,9.49760389021855e-05,4.82539228652107e-05,0.000203119723169842,0.000544778047215486,0.000246385547932753,0.000230571924627419,0.000163880694854146
"HIST1H1B",1.92609199785819e-06,8.95488366792035e-05,0.000191228509132502,7.34167674107864e-06,3.12492187695308e-06,0.0015907416444202,0.000183820013643058,0.00024816219506485
"CNTNAP4",5.2004483942171e-05,0.00013296645446306,3.03820995817993e-05,0.000212908625491281,0.000228119297017575,0.000131565098410694,5.3127171573138e-06,4.68230556726132e-06
"ITGA5",0.000402553227552361,0.000377190554497251,0.000259141437609465,7.34167674107864e-06,4.062398440039e-05,5.50181320626537e-05,0.000821346072520714,0.00010769302804701
"STXBP1",0.000129048163856498,2.71360111149102e-06,0.000119741215998856,0.00392290260531635,0.000626026016016266,7.17627809512874e-06,6.69402361821539e-05,0.000407360584351735
"GPR37",2.50391959721564e-05,0.000637696261200389,0.000931121993065733,0.00054083685325946,0.000480196328425123,0.000380342739041823,2.01883251977925e-05,0.00186823992133727
"GPD1",5.77827599357456e-06,8.95488366792035e-05,0.000101869392715445,0.000266747588259191,1.77078906360674e-05,0.000882682205700835,2.6563585786569e-05,1.4046916701784e-05
"D4S234E",1.92609199785819e-06,0.000263219307814628,3.39564642384816e-05,0.000472314537009392,0.000261451797038407,0.000499947373960636,3.08137595124201e-05,6.08699723743971e-05
"THBD",0.000167570003813662,0.000279500914483575,4.46795582085284e-05,6.11806395089887e-05,3.22908593951818e-05,1.19604634918812e-05,0.000387828352483908,9.83284169124877e-05
"SPON1",1.73348279807237e-05,2.71360111149102e-06,0.00124924044751046,3.67083837053932e-05,0.000678108047298817,0.000901818947287845,8.81911048114092e-05,7.95991946434424e-05
"TLL1",1.92609199785819e-06,5.15584211183293e-05,1.78718232834114e-06,1.71305790625168e-05,5.72902344108064e-05,0.000547789227928161,0.00011156706030359,5.15053612398745e-05
"THY1",2.50391959721564e-05,0.000328345734490413,0.000545090610144047,0.00605688331138988,0.000903102422439439,0.000509515744754141,0.00659095690536351,0.00124081097532425
"HTR1F",1.34826439850073e-05,2.71360111149102e-06,8.04232047753512e-05,2.44722558035955e-06,7.60397656725248e-05,2.63130196821387e-05,0.000330451007184919,3.27761389708292e-05
"WBSCR17",4.43001159507383e-05,2.71360111149102e-06,2.32333702684348e-05,0.000413581123080763,0.000128121796955076,1.19604634918812e-05,7.43780402023933e-06,6.08699723743971e-05
"CNTN1",5.58566679378874e-05,2.71360111149102e-06,7.68488401186689e-05,0.000124808504598337,0.000188536953242836,0.000590846896498933,2.6563585786569e-05,1.4046916701784e-05
"TM4SF1",0.000618275531312478,0.0011478532701607,5.1828287521893e-05,8.0758444151865e-05,0.000130205078206378,0.00245189501583565,0.00287205489524384,1.4046916701784e-05
"C9orf24",1.73348279807237e-05,4.07040166723652e-05,3.03820995817993e-05,0.00011012515111618,0.000321866953326167,2.63130196821387e-05,2.86886726494945e-05,2.34115278363066e-05
"ALDH1A1",1.92609199785819e-06,0.0002415104989227,0.000602280444650963,0.000535942402098741,0.000769772422356108,0.000141133469204199,0.000290074356789334,0.000369902139813644
"ETS1",0.000833997835072594,0.000442316981173036,0.000101869392715445,1.22361279017977e-05,9.47892969342433e-05,0.000748725014591766,0.00405147810416751,8.89638057779651e-05
"ANXA2",0.00434333745517021,0.00529966297074195,0.00247882188940916,2.44722558035955e-06,1.04164062565103e-06,0.000217680435552239,0.00275092494405709,0.00410638198248818
"TNFAIP6",0.00187793969791173,0.00395914402166539,0.000948993816349144,7.34167674107864e-06,5.72902344108064e-05,0.000117212542220436,0.00251929047599821,0.000472912862293393
"MECOM",3.65957479593055e-05,0.000138393656686042,0.000284161990206241,1.22361279017977e-05,6.97899219186187e-05,0.000203327879361981,0.000936100763118693,6.08699723743971e-05
"LAMC3",9.63045998929093e-06,1.89952077804371e-05,0.000109018122028809,3.18139325446741e-05,2.39577343899736e-05,2.39209269837625e-06,0.000313450312281515,0.000126422250316056
"GALNT13",4.04479319550219e-05,6.78400277872754e-05,3.75308288951639e-05,0.000217803076652,9.47892969342433e-05,0.000935308245065113,9.56289088316485e-06,4.21407501053519e-05
"ABCB1",2.118701197644e-05,6.78400277872754e-05,0.000237695249669371,0.000183541918526966,0.000109372265693358,0.000217680435552239,0.000453706045234599,4.21407501053519e-05
"ALDH1L1",0.000113639427873633,0.000263219307814628,0.00140651249240448,0.000609359169509527,0.000238535703274085,3.58813904756437e-05,2.6563585786569e-05,0.000294985250737463
"NECAB1",0.000787771627123998,0.000675686676761263,0.000427136576473532,7.34167674107864e-06,0.0152714932126697,0.00104534450919042,0.000285824183063483,7.95991946434424e-05
"CHRNA9",0.00032936173163375,2.98496122264012e-05,9.82950280587626e-05,7.34167674107864e-06,1.97911718873695e-05,8.85074298399212e-05,2.86886726494945e-05,0.000538465140235052
"LONRF2",0.000317805179646601,2.44224100034191e-05,0.000584408621367552,0.00131416013665308,0.001376007266485,7.41548736496637e-05,1.80632383348669e-05,0.00108161258603736
"TMEM35",3.27435639635892e-05,5.69856233413113e-05,4.46795582085284e-05,0.000198225272009123,0.000573943984733715,0.000614767823482696,4.14391938270477e-05,5.15053612398745e-05
"RORB",6.74132199250365e-05,0.000143820858909024,0.000180505415162455,0.000354847709152134,0.000373948984608718,8.37232444431687e-05,3.08137595124201e-05,9.83284169124877e-05
"LINC00320",2.88913799678728e-05,0.000165529667800952,1.2510276298388e-05,0.000183541918526966,0.000228119297017575,0.000346853441264556,2.01883251977925e-05,4.68230556726132e-06
"ACTL6B",1.34826439850073e-05,1.35680055574551e-05,4.46795582085284e-05,0.000315692099866382,9.89558594368474e-05,0.000284659031106773,2.01883251977925e-05,4.21407501053519e-05
"AK4",0.00768703316345202,0.00053457941896373,0.000920398899095686,0.000898131787991954,0.000892686016182929,0.00124149611045727,1.06254343146276e-06,0.00117525869738259
"GUCY1B3",4.81522999464546e-05,0.000485734598956892,0.000134038674625585,0.00027164203941991,0.00338845695524279,0.000265522289519763,0.00292730715367991,0.000135786861450578
"C8orf46",2.88913799678728e-05,0.00010583044334815,0.000555813704114094,0.00106943757861712,0.00104059898502537,0.000729588273004756,3.71890201011966e-05,0.000135786861450578
"NOL4",9.82306918907675e-05,1.35680055574551e-05,7.68488401186689e-05,0.000168858565044809,0.000590610234744131,0.000868329649510578,3.08137595124201e-05,4.21407501053519e-05
"TREM1",0.000491153459453837,8.95488366792035e-05,2.68077349251171e-05,2.44722558035955e-06,5.20820312825513e-06,8.85074298399212e-05,3.50639332382711e-05,4.21407501053519e-05
"KCNV1",1.92609199785819e-06,2.71360111149102e-06,8.93591164170569e-06,4.16028348661123e-05,0.000253118672033199,2.39209269837625e-06,5.3127171573138e-06,6.08699723743971e-05
"TMEM151B",1.92609199785819e-06,0.000100403241125168,2.68077349251171e-05,0.000447842281205797,0.00011145554694466,0.000136349283807446,9.56289088316485e-06,4.21407501053519e-05
"CSAG1",1.73348279807237e-05,3.52768144493832e-05,6.61257461486221e-05,4.64972860268314e-05,3.64574218977859e-05,5.02339466659012e-05,0.000287949269926408,7.95991946434424e-05
"DLGAP2",3.27435639635892e-05,1.35680055574551e-05,1.78718232834114e-06,0.000281430941741348,0.000159371015724607,3.10972050788912e-05,2.01883251977925e-05,8.89638057779651e-05
"NEUROD1",1.92609199785819e-06,4.61312188953473e-05,8.04232047753512e-05,4.16028348661123e-05,0.000230202578268877,0.000538220857134656,1.38130646090159e-05,8.89638057779651e-05
"EGR3",0.000317805179646601,0.000339200138936377,1.78718232834114e-06,0.000222697527812719,0.00102601601626626,4.54497612691487e-05,9.88165391260368e-05,0.000173245305988669
"APLNR",5.77827599357456e-06,0.000333772936713395,0.00110984022589985,0.000349953257991415,5.20820312825513e-06,8.37232444431687e-05,0.00045795621896045,0.000416725195486257
"CAMKK1",3.65957479593055e-05,0.000111257645571132,1.96590056117525e-05,0.000633831425313122,0.00028436789080273,4.54497612691487e-05,3.71890201011966e-05,5.15053612398745e-05
"OLIG1",1.92609199785819e-06,2.44224100034191e-05,0.000884655252528863,0.000276536490580629,0.000359366015849604,0.00175340394790979,1.38130646090159e-05,0.000650840473849323
"SST",9.63045998929093e-06,8.14080333447305e-06,3.03820995817993e-05,0.000354847709152134,0.000136454921960284,2.63130196821387e-05,1.06254343146276e-06,4.68230556726132e-06
"SCN1A",0.000360179203599481,2.98496122264012e-05,1.96590056117525e-05,4.64972860268314e-05,0.00190099414181312,0.000925739874271608,4.35642806899732e-05,1.4046916701784e-05
"GBP3",0.000337066099625183,0.000822221136781778,0.000859634699932087,0.000149280760401932,2.18744531386715e-05,0.000447321334596358,0.000309200138555663,4.21407501053519e-05
"CACNA1B",2.50391959721564e-05,8.14080333447305e-06,1.78718232834114e-06,0.000183541918526966,0.000198953359499346,8.37232444431687e-05,3.18763029438828e-06,4.68230556726132e-06
"COL28A1",1.92609199785819e-06,9.49760389021855e-05,0.000545090610144047,1.22361279017977e-05,1.56246093847654e-05,4.54497612691487e-05,3.29388463753456e-05,7.95991946434424e-05
"C1orf64",4.04479319550219e-05,2.44224100034191e-05,0.000169782321192408,0.000188436369687685,7.18732031699208e-05,7.41548736496637e-05,0.000298574704241036,4.21407501053519e-05
"KCTD4",5.77827599357456e-06,1.35680055574551e-05,0.000126889945312221,7.09695418304268e-05,0.000211453047007158,6.93706882529112e-05,7.43780402023933e-06,9.83284169124877e-05
"CPNE4",5.58566679378874e-05,0.000143820858909024,0.000334203095399793,8.56528953125841e-05,0.000184370390740231,6.45865028561587e-05,1.06254343146276e-06,0.00060401741817671
"ODZ3",8.66741399036184e-05,1.35680055574551e-05,0.0002519927082961,7.34167674107864e-06,0.000207286484504554,5.02339466659012e-05,3.08137595124201e-05,0.000313714473006508
"RGS6",0.000448779435500957,2.44224100034191e-05,0.000448582764413625,8.0758444151865e-05,7.60397656725248e-05,3.58813904756437e-05,2.6563585786569e-05,0.000163880694854146
"ADCYAP1",1.34826439850073e-05,2.71360111149102e-06,7.68488401186689e-05,2.44722558035955e-06,0.000134371640708982,0.000456889705389863,5.63148018675263e-05,0.000173245305988669
"FILIP1L",0.000444927251505241,4.07040166723652e-05,1.96590056117525e-05,0.000203119723169842,7.60397656725248e-05,0.000179406952378219,0.00235990896127879,0.000557194362504097
"ATP1B2",0.00106512887481558,5.69856233413113e-05,0.0113611180612646,0.00605688331138988,5.93735156621084e-05,2.39209269837625e-06,0.000105191799714813,0.00406892353795009
"STMN4",0.000152161267830797,2.98496122264012e-05,1.60846409550702e-05,0.00136310464826027,0.000119788671949868,0.000284659031106773,4.35642806899732e-05,3.27761389708292e-05
"TSPYL2",0.000163717819817946,2.71360111149102e-06,2.32333702684348e-05,0.00140715470870674,0.000355199453347,0.000136349283807446,3.71890201011966e-05,8.89638057779651e-05
"PLA2G5",4.81522999464546e-05,0.000496589003402856,0.000284161990206241,0.00032548100218782,0.000167704140729815,1.67446488886337e-05,2.86886726494945e-05,0.000856861918808821
"CYP2J2",5.77827599357456e-06,0.000111257645571132,0.000201951603102549,0.000442947830045078,0.000134371640708982,0.000232032991742496,2.2313412060718e-05,0.000145151472585101
"IPCEF1",5.77827599357456e-06,0.00018723847669288,3.75308288951639e-05,0.000868765081027639,0.000651025391031891,2.63130196821387e-05,4.56893675528987e-05,0.000201339139392237
"NTRK2",0.00494042597450625,2.71360111149102e-06,0.00758301461915145,0.00834259200344569,0.0078758447705474,0.0193926955057362,7.43780402023933e-06,0.00106288336376832
"ZNF395",0.00674710026849722,9.49760389021855e-05,0.000216249061729278,0.000511470146295145,0.000165620859478513,0.00070088316062424,1.80632383348669e-05,0.000369902139813644
"SRRM4",4.81522999464546e-05,1.35680055574551e-05,1.78718232834114e-06,0.00054083685325946,0.000130205078206378,0.000150701839997704,4.78144544158242e-05,6.08699723743971e-05
"PCDH20",0.00024461368372799,2.71360111149102e-06,2.68077349251171e-05,5.13917371875505e-05,0.00059894335974934,0.000442537149199606,2.2313412060718e-05,0.000210703750526759
"HMGCLL1",1.34826439850073e-05,2.71360111149102e-06,5.54026521785753e-05,2.44722558035955e-06,0.000311450547069657,2.15288342853862e-05,2.6563585786569e-05,0.000135786861450578
"PPM1H",9.63045998929093e-06,0.000127539252240078,0.000162633591879043,0.000281430941741348,0.000461446797163404,0.000270306474916516,0.000406954134250237,3.27761389708292e-05
"ACTN2",0.000125195979860782,1.89952077804371e-05,6.61257461486221e-05,0.000472314537009392,0.000296867578310542,3.58813904756437e-05,1.59381514719414e-05,7.95991946434424e-05
"PTPN5",1.34826439850073e-05,5.69856233413113e-05,2.32333702684348e-05,0.000232486430134157,0.000165620859478513,5.02339466659012e-05,1.38130646090159e-05,7.02345835089198e-05
"TCEAL2",0.000236909315736557,1.35680055574551e-05,1.78718232834114e-06,0.00172529403415348,0.000859353516162096,0.00122235936887026,9.56289088316485e-06,0.000397995973217212
"KIAA0101",1.73348279807237e-05,0.000778803518997921,0.000777424312828395,1.22361279017977e-05,7.29148437955718e-06,0.00228923271234607,0.000902099373311884,0.000454183640024348
"PDE1A",3.27435639635892e-05,2.71360111149102e-06,2.32333702684348e-05,5.13917371875505e-05,0.00037603226586002,0.000155486025394456,0.000222071577175717,4.68230556726132e-06
"CAMK1G",9.63045998929093e-06,1.35680055574551e-05,1.78718232834114e-06,0.000516364597455864,0.000115622109447264,1.67446488886337e-05,4.35642806899732e-05,0.000117057639181533
"ANKS1B",2.118701197644e-05,0.000170956870023934,3.39564642384816e-05,0.00187702202013577,0.00191141054806963,0.00117451751490274,0.000179569839917207,0.000201339139392237
"AZGP1",0.000256170235715139,0.000192665678915862,0.00029845944883297,7.09695418304268e-05,6.97899219186187e-05,0.000633904565069706,2.6563585786569e-05,0.000229432972795805
"CSMD3",1.73348279807237e-05,2.71360111149102e-06,1.78718232834114e-06,0.000144386309241213,0.00013228835945768,0.000351637626661308,1.06254343146276e-06,4.21407501053519e-05
"MSR1",0.00198965303378751,0.00423593133503748,8.93591164170569e-06,1.71305790625168e-05,4.47905469029941e-05,0.000322932514280793,0.000961601805473799,9.83284169124877e-05
"EDIL3",1.34826439850073e-05,0.000225228892253754,1.60846409550702e-05,0.000261853137098471,0.000880186328675116,0.000485594817770378,0.000285824183063483,2.34115278363066e-05
"RAMP3",5.2004483942171e-05,2.71360111149102e-06,0.000316331272116381,0.000100336248794741,2.18744531386715e-05,7.89390590464162e-05,0.000353826962677099,0.000135786861450578
"MAG",1.92609199785819e-06,0.000143820858909024,5.89770168352575e-05,0.00059467581602737,2.81242968925777e-05,0.000131565098410694,1.16879777460904e-05,2.34115278363066e-05
"IL32",0.000344770467616615,0.000892774765680544,0.000448582764413625,0.000124808504598337,1.97911718873695e-05,5.98023174594062e-05,0.00070021612133396,4.68230556726132e-06
"CXCR4",0.00115758129071277,0.000143820858909024,9.82950280587626e-05,2.44722558035955e-06,3.02075781438797e-05,0.000136349283807446,0.000846847114875821,0.00024816219506485
"PHACTR2",0.000129048163856498,0.0002415104989227,0.000212674697072595,0.000442947830045078,0.000776022266110014,4.06655758723962e-05,0.0030930639289881,0.000650840473849323
"NALCN",3.65957479593055e-05,8.14080333447305e-06,8.93591164170569e-06,4.64972860268314e-05,0.000473946484671217,0.000676962233640478,4.35642806899732e-05,0.000266891417333895
"ADRB1",7.12654039207529e-05,4.07040166723652e-05,3.03820995817993e-05,0.000394003318437887,0.000236452422022783,9.80758006334261e-05,3.71890201011966e-05,1.4046916701784e-05
"RFPL1-AS1",7.12654039207529e-05,2.71360111149102e-06,8.93591164170569e-06,0.000545731304420179,0.00059894335974934,0.000174622766981466,4.35642806899732e-05,7.02345835089198e-05
"SCG3",0.000429518515522375,0.000436889778950053,0.00269328376881009,0.00191128317826081,0.00408218961192637,0.00726956971036542,1.06254343146276e-06,0.000323079084141031
"SORCS1",6.35610359293201e-05,8.14080333447305e-06,3.03820995817993e-05,0.000256958685937752,0.000217702890761064,7.89390590464162e-05,2.44384989236435e-05,4.68230556726132e-06
"PLIN2",0.00421236319931585,0.000436889778950053,1.78718232834114e-06,0.000124808504598337,4.47905469029941e-05,0.000208112064758734,0.000447330784645822,5.15053612398745e-05
"PRKG1",4.04479319550219e-05,6.24128255642934e-05,5.54026521785753e-05,4.64972860268314e-05,4.2707265651692e-05,0.000102859986030179,0.000345326615225397,1.4046916701784e-05
"GPR17",5.77827599357456e-06,2.71360111149102e-06,1.96590056117525e-05,5.62861883482696e-05,5.10403906569002e-05,0.000571710154911923,1.06254343146276e-06,4.68230556726132e-06
"SEMA3E",0.000706875763213954,1.89952077804371e-05,0.000101869392715445,7.34167674107864e-06,0.000157287734473305,0.00152854723426242,5.41897150046008e-05,9.83284169124877e-05
"TOX3",0.000325509547638033,2.71360111149102e-06,1.78718232834114e-06,0.000178647467366247,0.000105205703190754,0.00141851097013711,1.06254343146276e-06,4.21407501053519e-05
"METTL21B",0.00116913784269992,4.07040166723652e-05,1.78718232834114e-06,6.60750906697078e-05,1.04164062565103e-06,0.00161944675680072,2.86886726494945e-05,7.95991946434424e-05
"NAP1L3",0.000159865635822229,0.00010583044334815,0.000201951603102549,0.000726825997366785,0.00439884836212428,0.00190171369520912,7.5440583633856e-05,0.000126422250316056
"PRDM8",2.50391959721564e-05,7.86944322332394e-05,1.60846409550702e-05,0.000144386309241213,0.000269784922043616,5.98023174594062e-05,4.56893675528987e-05,3.27761389708292e-05
"ENG",4.43001159507383e-05,0.000122112050017096,0.000130464309968903,0.000134597406919775,9.37476563085923e-06,7.89390590464162e-05,0.000613087559954013,0.000117057639181533
"SLCO2A1",1.34826439850073e-05,4.61312188953473e-05,0.000105443757372127,1.71305790625168e-05,4.062398440039e-05,0.000107644171426931,0.000290074356789334,0.000145151472585101
"PTPRR",1.73348279807237e-05,0.000143820858909024,1.2510276298388e-05,2.20250302232359e-05,0.000340616484587885,5.98023174594062e-05,2.86886726494945e-05,0.000145151472585101
"MUM1L1",2.50391959721564e-05,8.41216344562215e-05,2.68077349251171e-05,8.0758444151865e-05,0.000348949609593093,3.10972050788912e-05,7.33154967709305e-05,4.68230556726132e-06
"PCDH7",4.04479319550219e-05,1.89952077804371e-05,0.00110626586124316,0.000614253620670246,0.00281763789238602,0.0020643759986987,9.45663654001857e-05,0.000547829751369574
"GPR85",1.34826439850073e-05,0.000127539252240078,1.78718232834114e-06,2.44722558035955e-06,0.00029478429705924,0.000380342739041823,0.000372952744443429,2.34115278363066e-05
"IFITM2",5.2004483942171e-05,0.000871065956788616,0.000698788290381385,0.000765981606652538,1.14580468821613e-05,1.19604634918812e-05,0.00163525434102119,0.0014281031980147
"IGF2BP3",0.000271578971698004,0.000398899363389179,0.000194802873789184,1.22361279017977e-05,1.56246093847654e-05,0.00167685698156175,0.000222071577175717,0.000538465140235052
"UCHL1",0.000475744723470972,0.000382617756720233,0.000798870500768488,0.00529824338147842,0.0034009566427506,0.00096879754284238,5.41897150046008e-05,0.000632111251580278
"GGTA1P",1.73348279807237e-05,4.61312188953473e-05,0.000191228509132502,0.000129702955759056,0.000336449922085281,0.000270306474916516,0.000143443363247473,0.000126422250316056
"MASP1",4.04479319550219e-05,2.71360111149102e-06,0.00128498409407728,0.00016396411388409,2.18744531386715e-05,0.000691314789830735,1.80632383348669e-05,3.27761389708292e-05
"MAPT",0.000402553227552361,1.35680055574551e-05,0.000884655252528863,0.00217068908977892,0.000207286484504554,0.000380342739041823,2.86886726494945e-05,4.68230556726132e-06
"GIMAP6",2.118701197644e-05,0.000198092881138844,0.000126889945312221,4.16028348661123e-05,0.000107288984442056,0.000227248806345744,0.000549334954066248,6.08699723743971e-05
"DOCK9",5.77827599357456e-06,0.000100403241125168,8.39975694320335e-05,0.000203119723169842,0.000611443047257152,0.000303795772693783,0.00090422446017481,9.83284169124877e-05
"UBE2C",4.81522999464546e-05,0.000122112050017096,0.000412839117846803,4.16028348661123e-05,1.04164062565103e-06,0.00152376304886567,0.000183820013643058,0.000416725195486257
"NR2F2",0.000221500579753691,0.000208947285584808,0.000795296136111806,2.44722558035955e-06,0.000136454921960284,0.000413832036819091,0.00203264558438826,4.68230556726132e-06
"FCN3",1.73348279807237e-05,2.44224100034191e-05,1.2510276298388e-05,2.44722558035955e-06,7.29148437955718e-06,1.19604634918812e-05,0.000300699791103961,2.34115278363066e-05
"EPB41L4B",8.2821955907902e-05,2.71360111149102e-06,2.32333702684348e-05,0.000217803076652,0.000363532578352208,0.000141133469204199,2.01883251977925e-05,4.68230556726132e-06
"HAMP",5.58566679378874e-05,0.00131066933685016,7.32744754619866e-05,4.16028348661123e-05,1.14580468821613e-05,0.000169838581584714,5.41897150046008e-05,0.000276256028468418
"LDLRAD2",5.58566679378874e-05,5.69856233413113e-05,8.75719340887157e-05,4.64972860268314e-05,3.02075781438797e-05,4.06655758723962e-05,0.000266698401297153,6.08699723743971e-05
"HMOX1",0.00179704383400169,0.00110986285459983,6.61257461486221e-05,0.000139491858080494,1.04164062565103e-06,2.39209269837625e-06,8.39409310855581e-05,2.34115278363066e-05
"LOC100505495",7.12654039207529e-05,1.35680055574551e-05,6.25513814919398e-05,2.44722558035955e-06,6.35400781647126e-05,6.93706882529112e-05,0.000494082695630184,2.34115278363066e-05
"GJB1",1.92609199785819e-06,0.000274073712260593,2.32333702684348e-05,0.000227591978973438,0.000109372265693358,0.000337285070471051,9.56289088316485e-06,1.4046916701784e-05
"TMEM155",1.92609199785819e-06,5.15584211183293e-05,3.39564642384816e-05,2.44722558035955e-06,0.000384365390865228,2.39209269837625e-06,4.99395412787498e-05,8.89638057779651e-05
"EPHA7",4.04479319550219e-05,8.14080333447305e-06,1.60846409550702e-05,0.00010523069995546,0.000236452422022783,0.000265522289519763,5.84398887304519e-05,8.89638057779651e-05
"MAL",7.89697719121856e-05,1.35680055574551e-05,8.93591164170569e-06,0.000526153499777302,0.000153121171970701,0.000107644171426931,3.71890201011966e-05,8.89638057779651e-05
"PGF",7.89697719121856e-05,6.78400277872754e-05,2.68077349251171e-05,8.56528953125841e-05,5.20820312825513e-06,0.000198543693965229,0.000336826267773695,6.08699723743971e-05
"C2orf80",0.000317805179646601,0.000138393656686042,0.000584408621367552,0.000242275332455595,0.000557277734723299,0.000423400407612596,3.18763029438828e-06,4.68230556726132e-06
"TDRD9",3.27435639635892e-05,8.14080333447305e-06,4.46795582085284e-05,8.0758444151865e-05,0.000286451172054032,0.000141133469204199,3.93141069641222e-05,8.89638057779651e-05
"PRSS23",0.000610571163321045,0.000599705845639514,1.78718232834114e-06,1.22361279017977e-05,0.000167704140729815,9.32916152366737e-05,0.00274242459660539,0.000201339139392237
"RRM2",1.92609199785819e-06,0.000442316981173036,0.000498623869607177,7.34167674107864e-06,7.29148437955718e-06,0.0019734764761604,0.000402703960524386,0.000397995973217212
"SLC38A5",1.92609199785819e-06,0.000181811274469898,0.000284161990206241,0.000119914053437618,3.22908593951818e-05,0.000279874845710021,0.000207195969135238,1.4046916701784e-05
"BCL2A1",0.000398701043556644,0.00061598745230846,2.32333702684348e-05,2.20250302232359e-05,1.04164062565103e-06,0.000107644171426931,5.41897150046008e-05,5.15053612398745e-05
"LRRN2",1.34826439850073e-05,4.07040166723652e-05,0.000394967294563391,0.000149280760401932,6.14567969134105e-05,0.000667393862846973,4.35642806899732e-05,0.000220068361661282
"FAM81A",9.82306918907675e-05,4.61312188953473e-05,0.000134038674625585,0.00010523069995546,0.000821854453638659,5.50181320626537e-05,6.48151493192284e-05,4.21407501053519e-05
"CADPS",0.000360179203599481,0.00016010246557797,1.78718232834114e-06,0.000320586551027101,0.00161350132913344,0.000495163188563883,4.14391938270477e-05,0.000313714473006508
"ASCL1",0.000275431155693721,2.71360111149102e-06,0.000966865639632555,0.000178647467366247,8.64561719290351e-05,0.0015811732736267,1.80632383348669e-05,4.68230556726132e-06
"SLC6A1",5.58566679378874e-05,1.35680055574551e-05,0.000598706079994281,0.00153441043888544,0.000651025391031891,0.000313364143487288,0.000277323835611781,4.21407501053519e-05
"RBMS3",8.2821955907902e-05,8.14080333447305e-06,5.89770168352575e-05,4.64972860268314e-05,0.000342699765839187,0.00077743012697228,0.00142699582845449,4.21407501053519e-05
"GPR158",0.000337066099625183,0.000176384072246916,8.93591164170569e-06,0.000418475574241482,0.000569777422231111,0.000657825492053468,2.6563585786569e-05,1.4046916701784e-05
"LGI3",9.63045998929093e-06,1.35680055574551e-05,4.11051935518462e-05,0.000545731304420179,4.68738281542961e-05,8.85074298399212e-05,1.59381514719414e-05,0.000126422250316056
"PCOLCE2",0.000622127715308194,0.00018723847669288,8.93591164170569e-06,2.20250302232359e-05,2.60410156412756e-05,0.000160270210791209,4.56893675528987e-05,0.000304349861871986
"CLIC1",0.00294884684872088,0.00717747493989374,0.00127068663545055,2.44722558035955e-06,6.35400781647126e-05,0.00112189147553846,0.00729223557012893,0.00306691014655616
"GDAP1L1",7.89697719121856e-05,2.71360111149102e-06,3.03820995817993e-05,0.000496786792812988,0.000194786796996742,0.000523868300944398,7.43780402023933e-06,0.00010769302804701
"PDE5A",0.000167570003813662,8.14080333447305e-06,4.46795582085284e-05,3.18139325446741e-05,8.64561719290351e-05,0.000322932514280793,0.00146737247885007,0.000210703750526759
"CADM3",0.000117491611869349,7.32672300102574e-05,1.2510276298388e-05,0.00048699789049155,0.000136454921960284,0.000217680435552239,2.44384989236435e-05,3.27761389708292e-05
"SRPX",0.000552788403385299,0.000697395485653191,0.00058083425671087,2.44722558035955e-06,9.37476563085923e-06,0.000299011587297031,6.05649755933774e-05,0.00285152409046214
"GRM7",3.27435639635892e-05,2.71360111149102e-06,4.46795582085284e-05,2.44722558035955e-06,0.000276034765797522,0.000131565098410694,7.43780402023933e-06,2.34115278363066e-05
"IL1RAP",0.00338029145624112,0.00243952739923042,0.00154591271401508,2.44722558035955e-06,3.22908593951818e-05,0.000394695295232081,9.88165391260368e-05,0.00493983237346069
"SORBS2",5.97088519336038e-05,8.14080333447305e-06,0.000284161990206241,0.000364636611473572,0.000921851953701157,0.000499947373960636,0.000523833911711141,0.000201339139392237
"SVIL",7.12654039207529e-05,9.49760389021855e-05,8.04232047753512e-05,3.18139325446741e-05,5.93735156621084e-05,8.85074298399212e-05,0.00070021612133396,6.08699723743971e-05
"KIF14",0.000132900347852215,9.49760389021855e-05,0.000180505415162455,8.56528953125841e-05,3.12492187695308e-06,0.00158595745902345,0.000307075051692738,0.000191974528257714
"NDC80",3.27435639635892e-05,9.49760389021855e-05,0.000309182542803017,3.67083837053932e-05,1.04164062565103e-06,0.000959229172048875,0.000307075051692738,0.000201339139392237
"C10orf116",4.81522999464546e-05,0.000100403241125168,0.000216249061729278,0.000898131787991954,0.000373948984608718,0.000188975323171724,0.000107316886577739,3.27761389708292e-05
"PCDHA13",7.89697719121856e-05,3.52768144493832e-05,6.97001108053044e-05,4.64972860268314e-05,3.85407031490879e-05,0.000241601362536001,1.38130646090159e-05,0.000266891417333895
"LOC100506201",0.000129048163856498,3.52768144493832e-05,4.46795582085284e-05,7.09695418304268e-05,1.97911718873695e-05,0.000241601362536001,9.24412785372602e-05,0.000407360584351735
"CNGA3",0.000236909315736557,0.00013296645446306,0.000337777460056475,1.71305790625168e-05,1.77078906360674e-05,5.98023174594062e-05,2.86886726494945e-05,0.000117057639181533
"FOXP2",1.73348279807237e-05,7.86944322332394e-05,5.36154698502341e-06,0.000134597406919775,0.000151037890719399,0.000748725014591766,5.41897150046008e-05,0.000173245305988669
"LOC100652958",0.000460335987488106,2.98496122264012e-05,0.00033062873074311,0.000124808504598337,7.29148437955718e-06,1.19604634918812e-05,0.000481332174452631,0.000491642084562439
"TACC3",1.92609199785819e-06,0.00105016363014702,0.00033062873074311,5.62861883482696e-05,1.04164062565103e-06,0.000198543693965229,5.84398887304519e-05,0.000163880694854146
"ST6GAL2",3.27435639635892e-05,8.14080333447305e-06,0.000319905636773064,7.34167674107864e-06,0.000344783047090489,0.000935308245065113,2.86886726494945e-05,5.15053612398745e-05
"HOXA4",0.000333213915629466,2.71360111149102e-06,0.000162633591879043,2.44722558035955e-06,1.04164062565103e-06,0.000150701839997704,2.44384989236435e-05,5.15053612398745e-05
"MUSTN1",1.34826439850073e-05,8.14080333447305e-06,0.000187654144475819,0.00010523069995546,0.000123955234452472,4.54497612691487e-05,0.000128567755206994,8.89638057779651e-05
"CUX2",1.92609199785819e-06,1.35680055574551e-05,1.78718232834114e-06,0.000173753016205528,0.00014270476571419,8.37232444431687e-05,1.38130646090159e-05,4.68230556726132e-06
"SLC25A18",7.51175879164692e-05,0.00021437448780779,0.000312756907459699,0.00113306544370647,0.000738523203586577,7.89390590464162e-05,2.44384989236435e-05,0.000182609917123191
"KCNS1",5.77827599357456e-06,6.78400277872754e-05,1.2510276298388e-05,0.000301008746384224,0.000130205078206378,7.17627809512874e-06,7.43780402023933e-06,0.000117057639181533
"BASP1",0.000152161267830797,0.000236083296699718,1.78718232834114e-06,0.00134842129477811,0.00181349632925844,0.00146156863870789,0.000109441973440664,0.000154516083719624
"PABPC4L",2.50391959721564e-05,9.49760389021855e-05,3.75308288951639e-05,6.60750906697078e-05,1.14580468821613e-05,0.000136349283807446,0.000243322445804972,1.4046916701784e-05
"APLN",0.000988085194901249,7.86944322332394e-05,0.000362798012653251,0.000168858565044809,1.04164062565103e-06,0.000275090660313268,0.00134199235393747,9.83284169124877e-05
"GPR83",9.43785078950511e-05,8.14080333447305e-06,9.47206634020803e-05,6.11806395089887e-05,0.000292701015807938,0.000102859986030179,4.14391938270477e-05,2.34115278363066e-05
"FAM123A",1.92609199785819e-06,0.000122112050017096,0.000552239339457411,0.000394003318437887,0.000471863203419914,0.000691314789830735,2.01883251977925e-05,4.21407501053519e-05
"SLITRK2",0.000209944027766542,5.69856233413113e-05,0.000545090610144047,0.000134597406919775,0.000994766797496729,0.00310254422979399,1.06254343146276e-06,2.34115278363066e-05
"HAS2",0.000579753691355314,0.000898201967903526,1.78718232834114e-06,4.16028348661123e-05,1.56246093847654e-05,0.000614767823482696,8.81911048114092e-05,4.68230556726132e-06
"FAM13C",1.34826439850073e-05,7.86944322332394e-05,1.78718232834114e-06,0.000354847709152134,0.00021353632825846,0.00115538077331573,0.000670464905253002,0.000163880694854146
"MRAP2",1.34826439850073e-05,8.41216344562215e-05,5.36154698502341e-06,0.00011012515111618,0.000263535078289709,0.000145917654600951,4.56893675528987e-05,0.000266891417333895
"CDKN2B",6.35610359293201e-05,0.000111257645571132,5.36154698502341e-06,4.64972860268314e-05,5.31236719082023e-05,0.000523868300944398,0.000194445447957685,3.27761389708292e-05
"CHRM1",5.77827599357456e-06,1.35680055574551e-05,1.78718232834114e-06,0.000491892341652269,8.85394531803372e-05,3.10972050788912e-05,7.43780402023933e-06,2.34115278363066e-05
"SCN2B",6.35610359293201e-05,2.98496122264012e-05,8.93591164170569e-06,0.000663198132277437,0.000186453671991534,5.50181320626537e-05,4.14391938270477e-05,0.00010769302804701
"NPTXR",5.58566679378874e-05,1.35680055574551e-05,0.000366372377309933,0.00105475422513496,5.93735156621084e-05,4.54497612691487e-05,5.20646281416753e-05,6.08699723743971e-05
"STX1A",6.35610359293201e-05,1.35680055574551e-05,1.78718232834114e-06,0.000854081727545482,4.062398440039e-05,1.67446488886337e-05,2.86886726494945e-05,0.00010769302804701
"S100A10",0.00414302388739296,0.00221701210808816,0.0021070879651142,3.18139325446741e-05,4.2707265651692e-05,0.000136349283807446,0.000147693536973324,0.00155920775389802
"PPEF1",5.77827599357456e-06,8.14080333447305e-06,7.32744754619866e-05,1.22361279017977e-05,5.31236719082023e-05,2.63130196821387e-05,0.000230571924627419,2.34115278363066e-05
"PBK",1.34826439850073e-05,0.000301209723375503,0.000605854809307646,1.22361279017977e-05,1.14580468821613e-05,0.00203088670092143,0.000200820708546462,0.000407360584351735
"LIX1",1.92609199785819e-06,0.000778803518997921,0.0032759052078493,0.000198225272009123,0.000692691016057932,0.00116973332950599,3.50639332382711e-05,2.34115278363066e-05
"FGFR3",5.97088519336038e-05,0.000111257645571132,0.000412839117846803,0.000330375453348539,0.000171870703232419,7.41548736496637e-05,4.14391938270477e-05,7.02345835089198e-05
"NOTCH3",0.000429518515522375,2.71360111149102e-06,0.000623726632591057,1.22361279017977e-05,3.02075781438797e-05,2.15288342853862e-05,0.00112098332019321,0.000229432972795805
"LRRC17",2.118701197644e-05,2.71360111149102e-06,0.000763126854201666,5.62861883482696e-05,2.81242968925777e-05,0.000456889705389863,0.000171069492465505,0.000632111251580278
"NECAB2",1.34826439850073e-05,4.07040166723652e-05,0.000105443757372127,0.000217803076652,0.00013228835945768,4.54497612691487e-05,7.43780402023933e-06,1.4046916701784e-05
"OPRK1",6.74132199250365e-05,7.32672300102574e-05,3.03820995817993e-05,2.44722558035955e-06,0.000351032890844396,0.000121996727617189,4.35642806899732e-05,6.08699723743971e-05
"HOXB3",5.58566679378874e-05,8.14080333447305e-06,0.000223397791042642,2.20250302232359e-05,1.04164062565103e-06,5.98023174594062e-05,3.29388463753456e-05,0.000969237252423093
"JPH1",7.12654039207529e-05,0.000116684847794114,8.93591164170569e-06,0.000124808504598337,0.000169787421981117,1.19604634918812e-05,2.01883251977925e-05,0.000510371306831484
"REPS2",5.58566679378874e-05,2.71360111149102e-06,1.96590056117525e-05,0.000506575695134426,0.000588526953492829,0.000193759508568476,2.86886726494945e-05,0.000163880694854146
"CRHBP",1.92609199785819e-06,6.78400277872754e-05,1.96590056117525e-05,0.000149280760401932,0.000176037265735023,2.63130196821387e-05,1.80632383348669e-05,0.000182609917123191
"LGALS3",0.0170709533770171,0.00312335487932616,0.00153161525538835,2.20250302232359e-05,0.000659358516037099,7.17627809512874e-06,0.000304949964829812,0.00591375193145105
"TMEM59L",8.66741399036184e-05,2.98496122264012e-05,0.000459305858383672,0.000927498494956268,0.000594776797246736,0.000131565098410694,3.50639332382711e-05,0.000660205084983846
"PTK2B",0.000129048163856498,2.71360111149102e-06,0.000198377238445866,0.0013973658063853,0.000621859453513662,2.39209269837625e-06,2.01883251977925e-05,0.000547829751369574
"GPR128",0.000113639427873633,7.32672300102574e-05,0.000112592486685492,7.34167674107864e-06,8.64561719290351e-05,1.67446488886337e-05,8.39409310855581e-05,1.4046916701784e-05
"EMP1",0.00388107537568424,0.00407311526834801,0.00105622475604961,2.44722558035955e-06,3.12492187695308e-06,0.00116016495871248,0.00135899304884087,0.00580137659783677
"HOPX",5.77827599357456e-06,0.0165936707967676,0.011457625906995,1.71305790625168e-05,0.00648837945718024,7.17627809512874e-06,0.000793719943302683,0.0074682773797818
"SLITRK1",9.63045998929093e-06,2.71360111149102e-06,2.32333702684348e-05,0.000364636611473572,0.000128121796955076,0.000279874845710021,2.44384989236435e-05,5.15053612398745e-05
"FOXG1",0.00116143347470849,0.00121840689905947,0.00172820531150588,0.000178647467366247,0.00101351632875845,0.00128455377902804,3.18763029438828e-06,0.000828768085405254
"HMMR",3.65957479593055e-05,0.000274073712260593,0.000241269614326054,4.64972860268314e-05,7.29148437955718e-06,0.00119365425648975,0.000468581653275078,0.000304349861871986
"GRIA2",0.000683762659239656,7.32672300102574e-05,0.000931121993065733,0.000614253620670246,0.00664670883227919,0.0061931279960961,1.06254343146276e-06,0.000847497307674299
"CEP55",3.65957479593055e-05,0.00016010246557797,6.25513814919398e-05,2.44722558035955e-06,1.77078906360674e-05,0.000461673890786616,0.000330451007184919,4.21407501053519e-05
"DOC2A",1.73348279807237e-05,3.52768144493832e-05,1.96590056117525e-05,0.000364636611473572,0.000103122421939452,6.45865028561587e-05,1.06254343146276e-06,9.83284169124877e-05
"LANCL2",0.000938006802956936,2.71360111149102e-06,0.00674661328948779,0.00125542672272445,0.000157287734473305,0.000767861756178775,6.05649755933774e-05,4.68230556726132e-06
"MT2A",0.0175987025844302,0.00136494135907998,0.00923437109053866,0.00289017341040462,0.000407281484629551,0.00191128206600262,0.000239072272079121,0.026768740928033
"NPY1R",4.04479319550219e-05,1.89952077804371e-05,0.000105443757372127,2.44722558035955e-06,0.00028436789080273,8.85074298399212e-05,3.29388463753456e-05,9.83284169124877e-05
"DNM3",0.000283135523685153,8.95488366792035e-05,1.78718232834114e-06,0.000560414657902336,0.00339054023649409,0.00401153945517697,7.1190409908005e-05,7.02345835089198e-05
"RBP4",4.04479319550219e-05,8.14080333447305e-06,1.60846409550702e-05,0.000320586551027101,0.000159371015724607,1.19604634918812e-05,5.3127171573138e-06,4.21407501053519e-05
"NUF2",6.35610359293201e-05,0.000116684847794114,0.000226972155699324,9.54417976340223e-05,1.04164062565103e-06,0.00181081417267082,0.000256072966982525,0.000126422250316056
"ACSBG1",3.27435639635892e-05,0.000225228892253754,0.000516495692890589,0.000364636611473572,0.000123955234452472,7.89390590464162e-05,2.01883251977925e-05,0.000313714473006508
"CNN2",0.000364031387595197,0.000219801690030772,0.00014118740393895,8.0758444151865e-05,5.20820312825513e-06,4.54497612691487e-05,0.000406954134250237,0.00010769302804701
"FAM5B",4.81522999464546e-05,1.35680055574551e-05,0.000334203095399793,0.000364636611473572,0.000130205078206378,0.000313364143487288,9.56289088316485e-06,0.00038863136208269
"TBX18",3.27435639635892e-05,8.14080333447305e-06,2.32333702684348e-05,3.67083837053932e-05,2.18744531386715e-05,0.000102859986030179,0.000213571229724015,0.00010769302804701
"FXYD1",5.97088519336038e-05,8.14080333447305e-06,0.000180505415162455,0.000335269904509258,0.000217702890761064,2.39209269837625e-06,5.20646281416753e-05,6.08699723743971e-05
"CD40",4.81522999464546e-05,0.00010583044334815,4.11051935518462e-05,0.000124808504598337,2.39577343899736e-05,5.98023174594062e-05,0.000349576788951248,1.4046916701784e-05
"LDOC1",4.43001159507383e-05,8.41216344562215e-05,0.000148336133252314,0.000780664960134695,9.68725781855454e-05,7.89390590464162e-05,3.08137595124201e-05,0.000341808306410076
"RIMS4",5.77827599357456e-06,0.000170956870023934,0.000105443757372127,0.000428264476562921,9.06227344316392e-05,0.000294227401900278,1.16879777460904e-05,4.21407501053519e-05
"KCNIP1",0.000132900347852215,8.14080333447305e-06,0.00133145083461415,0.000178647467366247,4.47905469029941e-05,0.000217680435552239,9.56289088316485e-06,0.000351172917544599
"DACH2",1.92609199785819e-06,2.44224100034191e-05,1.60846409550702e-05,1.22361279017977e-05,0.000309367265818355,0.000102859986030179,4.14391938270477e-05,4.68230556726132e-06
"ADCYAP1R1",7.89697719121856e-05,2.71360111149102e-06,0.00192122100296672,0.000956865201920583,0.000136454921960284,0.000509515744754141,3.50639332382711e-05,0.000210703750526759
"FAM162B",1.92609199785819e-06,5.69856233413113e-05,5.54026521785753e-05,1.71305790625168e-05,6.56233594160146e-05,6.45865028561587e-05,0.000251822793256674,9.83284169124877e-05
"TPPP",9.43785078950511e-05,8.14080333447305e-06,1.78718232834114e-06,0.000814926118259729,6.77066406673166e-05,3.10972050788912e-05,3.08137595124201e-05,0.00010769302804701
"LOC100507341",1.92609199785819e-06,2.44224100034191e-05,1.78718232834114e-06,9.05473464733032e-05,4.2707265651692e-05,0.000715235716814498,1.59381514719414e-05,4.21407501053519e-05
"RASGRP3",5.77827599357456e-06,0.000263219307814628,0.000134038674625585,0.000129702955759056,8.64561719290351e-05,0.000184191137774971,0.000817095898794863,2.34115278363066e-05
"MT1G",0.000676058291248223,2.71360111149102e-06,0.000116166851342174,0.000129702955759056,0.00030520070331575,0.000145917654600951,1.59381514719414e-05,1.4046916701784e-05
"PCDH15",1.92609199785819e-06,2.44224100034191e-05,0.000105443757372127,2.44722558035955e-06,6.14567969134105e-05,0.000504731559357388,1.38130646090159e-05,8.89638057779651e-05
"MGST1",0.000360179203599481,0.00277601393705531,0.000448582764413625,0.00186723311781433,0.00085310367240819,0.000203327879361981,4.35642806899732e-05,0.000529100529100529
"NXPH2",1.92609199785819e-06,2.71360111149102e-06,8.93591164170569e-06,2.44722558035955e-06,0.000236452422022783,0.000174622766981466,1.38130646090159e-05,4.21407501053519e-05
"C8orf4",0.00155435624227156,0.00102845482125509,0.000191228509132502,2.44722558035955e-06,8.2289609426431e-05,2.39209269837625e-06,0.000317700486007366,0.000332443695275554
"GREM1",2.50391959721564e-05,8.95488366792035e-05,5.36154698502341e-06,1.71305790625168e-05,9.27060156829413e-05,0.000801351053956043,5.41897150046008e-05,4.68230556726132e-06
"FBXO41",2.118701197644e-05,0.000116684847794114,4.11051935518462e-05,0.000697459290402471,0.000159371015724607,8.85074298399212e-05,3.71890201011966e-05,3.27761389708292e-05
"EPHX4",2.88913799678728e-05,7.32672300102574e-05,1.78718232834114e-06,1.22361279017977e-05,0.000407281484629551,0.000126780913013941,0.000162569145013802,0.00024816219506485
"AFAP1L2",8.2821955907902e-05,2.71360111149102e-06,7.32744754619866e-05,3.67083837053932e-05,0.000186453671991534,0.00075829338538527,0.000593961778187683,4.68230556726132e-06
"NES",0.000568197139368165,0.00139207737019489,0.00517746720520428,2.44722558035955e-06,9.37476563085923e-06,0.00121757518347351,0.00106573106175715,0.00494919698459521
"SPP1",0.0420754796932121,0.381345077798944,8.93591164170569e-06,0.000237380881294876,0.00252597851720374,0.00271024102726029,1.38130646090159e-05,0.0152783630659737
"SCN9A",0.000182978739796528,2.71360111149102e-06,1.78718232834114e-06,7.34167674107864e-06,7.81230469238269e-05,0.000504731559357388,4.14391938270477e-05,0.000276256028468418
"JAG1",0.00267919396902074,0.00137036856130296,0.00125281481216714,2.44722558035955e-06,5.52069531595043e-05,0.000232032991742496,0.00309093884212517,0.0020461675328932
"SFRP4",0.000202239659775109,0.000322918532267431,0.000505772598920542,7.34167674107864e-06,2.81242968925777e-05,0.000150701839997704,0.000156193884425026,0.000266891417333895
"CALB2",5.77827599357456e-06,2.98496122264012e-05,5.1828287521893e-05,0.000296114295223505,0.00012187195320117,0.000102859986030179,1.06254343146276e-06,4.68230556726132e-06
"IQCA1",9.63045998929093e-06,4.07040166723652e-05,0.000259141437609465,0.000423370025402202,0.000167704140729815,7.89390590464162e-05,4.99395412787498e-05,4.68230556726132e-06
"ECM1",7.12654039207529e-05,2.98496122264012e-05,0.000116166851342174,0.000139491858080494,3.64574218977859e-05,8.37232444431687e-05,0.000525958998574067,7.95991946434424e-05
"RAPGEF4",5.58566679378874e-05,2.44224100034191e-05,8.04232047753512e-05,0.000770876057813257,0.00148433789155271,0.000476026446976873,0.000502583043081886,4.21407501053519e-05
"ITGB1",0.00311449076053669,0.00432276657060519,8.75719340887157e-05,0.000369531062634292,0.000788521953617826,0.00264326243170575,0.0300327900902949,0.00386290209299059
"GPR26",5.77827599357456e-06,2.71360111149102e-06,2.68077349251171e-05,0.000129702955759056,0.000163537578227211,5.98023174594062e-05,7.43780402023933e-06,2.34115278363066e-05
"GIMAP5",1.73348279807237e-05,0.00021437448780779,7.68488401186689e-05,0.000124808504598337,9.27060156829413e-05,0.000169838581584714,0.000447330784645822,4.68230556726132e-06
"ENPP2",9.63045998929093e-06,0.000431462576727071,9.47206634020803e-05,0.000584886913705932,0.000430197578393873,0.000394695295232081,0.000137068102658696,7.02345835089198e-05
"AP3B2",6.74132199250365e-05,2.71360111149102e-06,5.89770168352575e-05,0.00054083685325946,0.000109372265693358,0.000232032991742496,2.44384989236435e-05,7.02345835089198e-05
"HPR",3.65957479593055e-05,0.00010583044334815,2.68077349251171e-05,0.000359742160312853,0.000126038515703774,0.000255953918726258,2.86886726494945e-05,1.4046916701784e-05
"UHRF1",1.92609199785819e-06,0.000225228892253754,0.00173535404081924,2.44722558035955e-06,1.04164062565103e-06,0.00233707456631359,0.000349576788951248,0.000716392751790982
"CDH8",4.81522999464546e-05,2.44224100034191e-05,3.75308288951639e-05,6.60750906697078e-05,0.000286451172054032,9.80758006334261e-05,5.20646281416753e-05,1.4046916701784e-05
"PHYHIPL",1.92609199785819e-06,2.98496122264012e-05,0.00115273260178003,0.00177913299692139,0.00211348882944593,0.00448995799485222,0.000156193884425026,6.08699723743971e-05
"STXBP6",3.65957479593055e-05,9.49760389021855e-05,1.78718232834114e-06,2.20250302232359e-05,0.000411448047132155,0.000131565098410694,3.71890201011966e-05,0.000126422250316056
"SCG5",0.000383292307573779,6.24128255642934e-05,0.00107052221467634,0.0035509243171017,0.00266764164229228,0.00160987838600721,0.000117942320892366,0.0025424919230229
"TTYH1",5.77827599357456e-06,0.000138393656686042,0.00167101547699896,0.000526153499777302,0.000303117422064448,0.000653041306656716,2.01883251977925e-05,0.00143746780914923
"S100A4",0.000306248627659452,0.000371763352274269,0.00014118740393895,7.34167674107864e-06,2.18744531386715e-05,0.000107644171426931,0.00037720291816928,0.000641475862714801
"PPP1R14A",3.65957479593055e-05,0.000143820858909024,9.47206634020803e-05,0.000398897769598606,0.000128121796955076,9.32916152366737e-05,0.000400578873661461,3.27761389708292e-05
"LEF1",0.000248465867723706,1.35680055574551e-05,0.000226972155699324,6.60750906697078e-05,5.31236719082023e-05,6.45865028561587e-05,0.000787344682713906,0.00042608980662078
"FILIP1",0.0001059350598822,5.15584211183293e-05,4.11051935518462e-05,4.64972860268314e-05,5.93735156621084e-05,6.45865028561587e-05,0.000551460040929173,0.000163880694854146
"TMEM173",5.97088519336038e-05,4.61312188953473e-05,0.000126889945312221,8.56528953125841e-05,3.64574218977859e-05,3.58813904756437e-05,0.000360202223265876,7.02345835089198e-05
"GPR12",5.97088519336038e-05,7.86944322332394e-05,3.75308288951639e-05,0.000296114295223505,0.000286451172054032,0.000212896250155486,3.50639332382711e-05,3.27761389708292e-05
"ST6GALNAC5",1.92609199785819e-06,0.00010583044334815,1.96590056117525e-05,6.11806395089887e-05,0.000255201953284501,1.19604634918812e-05,3.18763029438828e-06,2.34115278363066e-05
"DNER",0.00204358360972753,0.00215188568141237,0.00186045680380312,0.000472314537009392,0.00337595726773497,0.0097382093750897,5.3127171573138e-06,0.000238797583930327
"FLJ33996",6.35610359293201e-05,2.44224100034191e-05,3.39564642384816e-05,0.000222697527812719,0.000248952109530595,0.000121996727617189,7.43780402023933e-06,0.000173245305988669
"DCC",1.34826439850073e-05,4.61312188953473e-05,4.82539228652107e-05,4.64972860268314e-05,0.000159371015724607,0.000676962233640478,2.86886726494945e-05,0.00074448658519455
"GPR37L1",4.04479319550219e-05,5.15584211183293e-05,0.0020677699538907,0.000829609471741886,0.000282284609551428,0.000232032991742496,7.43780402023933e-06,0.000154516083719624
"MRVI1",4.04479319550219e-05,0.00016010246557797,0.000119741215998856,0.000575098011384493,0.000340616484587885,2.63130196821387e-05,0.000419704655427791,4.21407501053519e-05
"IGF2",0.000248465867723706,2.98496122264012e-05,2.68077349251171e-05,9.05473464733032e-05,2.60410156412756e-05,0.000246385547932753,0.000332576094047844,4.68230556726132e-06
"RNF128",5.2004483942171e-05,0.000170956870023934,8.93591164170569e-06,6.60750906697078e-05,0.000109372265693358,0.000155486025394456,0.000247572619530823,0.000257526806199373
"CYR61",0.00112676381874704,0.00013296645446306,1.96590056117525e-05,0.000247169783616314,3.64574218977859e-05,2.63130196821387e-05,0.000430330089742418,0.000238797583930327
"SLC44A5",0.000102082875886484,2.71360111149102e-06,8.93591164170569e-06,2.44722558035955e-06,9.06227344316392e-05,0.000461673890786616,2.86886726494945e-05,0.000238797583930327
"GPRC5A",0.000406405411548077,5.15584211183293e-05,8.93591164170569e-06,6.60750906697078e-05,1.04164062565103e-06,4.54497612691487e-05,3.71890201011966e-05,1.4046916701784e-05
"KCNMA1",0.000202239659775109,0.000154675263354988,0.000216249061729278,0.00110369873674216,0.000861436797413398,5.02339466659012e-05,5.41897150046008e-05,0.000117057639181533
"HEPN1",0.000753101971162551,0.00260234346591988,0.00691460842835186,0.0059345220323719,0.00125101039140688,5.02339466659012e-05,7.43780402023933e-06,0.00117525869738259
"MMP7",0.000159865635822229,0.000474880194510928,8.93591164170569e-06,2.44722558035955e-06,5.20820312825513e-06,2.39209269837625e-06,4.78144544158242e-05,2.34115278363066e-05
"NEUROD6",5.77827599357456e-06,8.14080333447305e-06,1.2510276298388e-05,0.000159069662723371,0.000207286484504554,4.54497612691487e-05,1.06254343146276e-06,6.08699723743971e-05
"TUBA1C",0.00193187027385176,0.00264033388148076,0.000977588733602602,2.20250302232359e-05,3.12492187695308e-06,0.000600415267292438,0.00107423140920885,0.00121271714192068
"CACNG2",1.92609199785819e-06,2.44224100034191e-05,1.78718232834114e-06,0.000335269904509258,6.35400781647126e-05,0.000165054396187961,7.43780402023933e-06,6.08699723743971e-05
"MRC1",0.000117491611869349,1.35680055574551e-05,1.96590056117525e-05,9.05473464733032e-05,0.000107288984442056,0.000126780913013941,0.00033470118091077,7.95991946434424e-05
"RASGRF1",9.63045998929093e-06,2.71360111149102e-06,4.46795582085284e-05,0.000144386309241213,0.000157287734473305,0.000117212542220436,1.16879777460904e-05,0.000145151472585101
"CDK6",0.0020127661377618,2.71360111149102e-06,0.0032365871966258,2.44722558035955e-06,0.000107288984442056,0.00217441226282401,0.00050045795621896,0.00514585381842019
"GSTM5",9.63045998929093e-06,1.35680055574551e-05,0.000109018122028809,0.000408686671920044,5.93735156621084e-05,1.19604634918812e-05,2.2313412060718e-05,0.000163880694854146
"ZNF385B",1.73348279807237e-05,2.98496122264012e-05,3.75308288951639e-05,1.22361279017977e-05,0.000267701640792314,8.85074298399212e-05,2.86886726494945e-05,5.15053612398745e-05
"SEZ6",0.000113639427873633,5.69856233413113e-05,0.000795296136111806,0.000203119723169842,1.97911718873695e-05,0.000217680435552239,2.6563585786569e-05,4.68230556726132e-06
"FMOD",0.000256170235715139,9.49760389021855e-05,0.000169782321192408,7.34167674107864e-06,3.22908593951818e-05,9.80758006334261e-05,6.48151493192284e-05,0.000688298918387414
"GOLGA7B",4.81522999464546e-05,2.98496122264012e-05,8.75719340887157e-05,0.000340164355669977,0.00011145554694466,7.41548736496637e-05,1.59381514719414e-05,0.000154516083719624
"SPARC",0.00387337100769281,0.00140293177464085,0.0171801837223434,0.000907920690313392,7.29148437955718e-06,0.00155246816124618,0.0250452112230087,0.0254296015357962
"VAMP1",4.81522999464546e-05,1.89952077804371e-05,3.03820995817993e-05,0.000394003318437887,0.000136454921960284,0.000126780913013941,2.2313412060718e-05,9.83284169124877e-05
"CSPG5",6.74132199250365e-05,8.14080333447305e-06,0.000720234478321478,0.000301008746384224,0.000230202578268877,0.000538220857134656,3.71890201011966e-05,5.15053612398745e-05
"EGFLAM",1.92609199785819e-06,3.52768144493832e-05,6.97001108053044e-05,3.67083837053932e-05,3.43741406464838e-05,9.32916152366737e-05,0.000205070882272313,9.83284169124877e-05
"RUNX1",0.000872519675029758,0.000279500914483575,0.000244843978982736,2.6919481383955e-05,2.81242968925777e-05,3.10972050788912e-05,0.000715091729374438,0.000678934307252891
"MEX3A",0.000225352763749408,4.61312188953473e-05,0.000201951603102549,3.67083837053932e-05,1.56246093847654e-05,0.00174383557711628,9.24412785372602e-05,4.68230556726132e-06
"PIP5K1B",1.92609199785819e-06,0.000122112050017096,6.61257461486221e-05,0.00011012515111618,0.000382282109613926,0.000102859986030179,4.99395412787498e-05,0.000182609917123191
"MLF1IP",5.77827599357456e-06,0.000154675263354988,0.000312756907459699,0.00010523069995546,1.04164062565103e-06,0.00208829692568246,0.000349576788951248,0.000407360584351735
"NRN1",0.00742893683573902,0.000550861025632676,0.000602280444650963,0.000903026239152673,0.00153225336033266,0.000136349283807446,7.1190409908005e-05,0.000772580418598118
"MGAT4C",1.34826439850073e-05,2.98496122264012e-05,3.75308288951639e-05,2.20250302232359e-05,0.000269784922043616,0.000112428356823684,3.71890201011966e-05,7.02345835089198e-05
"HES6",5.77827599357456e-06,2.44224100034191e-05,0.000387818565250027,0.000149280760401932,7.60397656725248e-05,0.00169599372314876,1.16879777460904e-05,7.02345835089198e-05
"ID3",1.92609199785819e-06,0.00153861183021541,0.00353683382778711,4.64972860268314e-05,2.81242968925777e-05,0.0030212130780492,0.00161612855925486,0.000735121974060027
"FAM20A",4.81522999464546e-05,0.000122112050017096,2.32333702684348e-05,0.000115019602276899,1.04164062565103e-06,9.32916152366737e-05,0.000241197358942047,5.15053612398745e-05
"LAMA2",0.000152161267830797,5.15584211183293e-05,0.000416413482503485,0.000115019602276899,6.14567969134105e-05,0.000126780913013941,0.00086597289664215,0.00114716486397902
"STXBP5",0.000156013451826513,8.14080333447305e-06,3.39564642384816e-05,0.000217803076652,0.00280513820487821,0.000499947373960636,0.000247572619530823,0.000163880694854146
"GPRASP1",0.000159865635822229,0.000122112050017096,0.000101869392715445,0.000467420085848673,0.00104684882877928,0.000165054396187961,3.71890201011966e-05,8.89638057779651e-05
"RAB11FIP4",4.43001159507383e-05,4.61312188953473e-05,5.89770168352575e-05,0.000751298253170381,0.000253118672033199,0.000155486025394456,3.71890201011966e-05,0.00010769302804701
"C3orf80",7.12654039207529e-05,6.24128255642934e-05,6.25513814919398e-05,2.44722558035955e-06,0.000348949609593093,4.06655758723962e-05,0.000109441973440664,0.000145151472585101
"RASL12",2.118701197644e-05,8.14080333447305e-06,0.000241269614326054,0.000168858565044809,3.43741406464838e-05,0.000188975323171724,0.000432455176605344,0.000191974528257714
"PAIP2B",7.12654039207529e-05,0.00013296645446306,4.46795582085284e-05,0.00108412093209928,0.000119788671949868,9.32916152366737e-05,5.41897150046008e-05,4.21407501053519e-05
"TESPA1",1.92609199785819e-06,2.44224100034191e-05,1.78718232834114e-06,0.000305903197544943,0.000130205078206378,2.39209269837625e-06,7.43780402023933e-06,1.4046916701784e-05
"ME1",6.35610359293201e-05,0.000111257645571132,8.75719340887157e-05,0.000252064234777033,0.00070102414106314,0.000112428356823684,9.66914522631113e-05,0.000304349861871986
"COL12A1",8.66741399036184e-05,2.44224100034191e-05,8.75719340887157e-05,7.34167674107864e-06,4.062398440039e-05,5.02339466659012e-05,0.000366577483854653,0.000135786861450578
"PTPRB",5.77827599357456e-06,1.89952077804371e-05,0.000155484862565679,0.000232486430134157,0.000232285859520179,0.000184191137774971,0.000870223070368001,0.000323079084141031
"SFRP1",8.66741399036184e-05,5.69856233413113e-05,1.96590056117525e-05,5.62861883482696e-05,0.000130205078206378,0.000624336194276201,3.08137595124201e-05,0.000397995973217212
"CALCRL",0.000136752531847931,0.000360908947828305,0.00045573149372699,0.00016396411388409,0.000207286484504554,0.00726478552496866,0.00385384502591543,0.00250503347848481
"CX3CR1",1.92609199785819e-06,0.000208947285584808,0.000562962433427458,4.64972860268314e-05,0.000263535078289709,0.000428184593009348,0.000194445447957685,0.000444819028889825
"COL6A1",0.000352474835608048,7.86944322332394e-05,0.000369946741966615,5.13917371875505e-05,1.97911718873695e-05,2.15288342853862e-05,0.000268823488160079,0.00038863136208269
"TMEM233",4.43001159507383e-05,8.14080333447305e-06,9.47206634020803e-05,2.6919481383955e-05,0.000255201953284501,0.000102859986030179,9.03161916743347e-05,0.000163880694854146
"CTNNA2",0.00019068310778796,1.89952077804371e-05,0.000920398899095686,0.00108412093209928,0.00115726273509829,0.00138023748696309,3.08137595124201e-05,0.000575923584773142
"KHDRBS2",5.77827599357456e-06,4.61312188953473e-05,2.32333702684348e-05,7.34167674107864e-06,0.000269784922043616,6.45865028561587e-05,4.99395412787498e-05,8.89638057779651e-05
"NFASC",0.000429518515522375,8.14080333447305e-06,0.000616577903277692,0.000531047950938022,3.43741406464838e-05,0.00140894259934361,5.3127171573138e-06,4.68230556726132e-06
"GMFG",5.97088519336038e-05,0.000784230721220903,1.60846409550702e-05,0.000149280760401932,0.000107288984442056,0.000131565098410694,0.00218352675165597,0.000332443695275554
"VSTM2L",1.73348279807237e-05,2.98496122264012e-05,7.32744754619866e-05,0.000124808504598337,0.000171870703232419,0.000117212542220436,1.16879777460904e-05,4.68230556726132e-06
"NAV3",1.73348279807237e-05,4.61312188953473e-05,5.54026521785753e-05,0.000183541918526966,0.000655191953534495,0.000385126924438576,0.000120067407755292,0.000220068361661282
"SVOP",5.2004483942171e-05,5.69856233413113e-05,1.60846409550702e-05,0.000340164355669977,0.000190620234494138,0.000217680435552239,5.20646281416753e-05,1.4046916701784e-05
"DLL3",2.118701197644e-05,2.71360111149102e-06,0.000241269614326054,0.000178647467366247,3.85407031490879e-05,0.000629120379672953,2.2313412060718e-05,0.000126422250316056
"KIAA0319",7.12654039207529e-05,3.52768144493832e-05,2.68077349251171e-05,0.000335269904509258,0.000144788046965493,7.41548736496637e-05,1.80632383348669e-05,1.4046916701784e-05
"CDK5R1",8.2821955907902e-05,2.71360111149102e-06,0.000212674697072595,0.000775770508973976,0.00186974492304359,0.00130847470601181,6.48151493192284e-05,0.000201339139392237
"TGIF2-C20ORF24",0.000248465867723706,0.000225228892253754,0.000355649283339886,5.13917371875505e-05,7.18732031699208e-05,0.000385126924438576,0.000177444753054281,0.000135786861450578
"TNNT1",7.12654039207529e-05,2.71360111149102e-06,1.60846409550702e-05,0.000266747588259191,0.000182287109488929,0.000102859986030179,1.06254343146276e-06,4.68230556726132e-06
"CDK1",0.000152161267830797,0.000502016205625838,0.000480752046323766,1.22361279017977e-05,7.29148437955718e-06,0.00302599726344595,0.000989227934691831,0.000360537528679122
"CLIP3",0.000163717819817946,0.000116684847794114,0.000827465418021947,0.00164698281558197,9.37476563085923e-06,5.02339466659012e-05,4.78144544158242e-05,0.000294985250737463
"ELOVL2",0.000348622651612332,0.000659405070092317,0.00360832112092076,0.00011012515111618,0.000328116797080073,2.39209269837625e-06,0.000317700486007366,0.00267359647890621
"STOX1",7.89697719121856e-05,3.52768144493832e-05,7.68488401186689e-05,0.000168858565044809,0.000346866328341791,0.000222464620948991,3.93141069641222e-05,7.95991946434424e-05
"XK",3.27435639635892e-05,4.07040166723652e-05,4.11051935518462e-05,3.18139325446741e-05,0.000319783672074865,0.000160270210791209,4.56893675528987e-05,5.15053612398745e-05
"HENMT1",9.63045998929093e-06,0.000176384072246916,4.11051935518462e-05,2.44722558035955e-06,0.000307283984567052,7.89390590464162e-05,0.000122192494618218,6.08699723743971e-05
"CENPE",0.000102082875886484,0.000632269058977407,0.000923973263752368,2.20250302232359e-05,3.64574218977859e-05,0.00653280515926553,0.00148224808689055,0.000763215807463595
"PCDHA12",6.35610359293201e-05,4.61312188953473e-05,8.93591164170569e-06,1.71305790625168e-05,0.00012187195320117,0.000590846896498933,2.6563585786569e-05,3.27761389708292e-05
"C1orf54",8.2821955907902e-05,0.00156574784133032,0.000666619008471244,2.20250302232359e-05,0.000288534453305334,0.000232032991742496,0.00410248018887772,0.000819403474270731
"NELL1",9.43785078950511e-05,2.71360111149102e-06,1.78718232834114e-06,0.000134597406919775,0.000232285859520179,2.39209269837625e-06,2.2313412060718e-05,0.00010769302804701
"GRIA4",0.000125195979860782,7.32672300102574e-05,0.000663044643814562,0.000212908625491281,0.000940601484962876,0.00154289979045268,2.44384989236435e-05,0.00038863136208269
"PRR16",7.12654039207529e-05,2.71360111149102e-06,3.39564642384816e-05,3.18139325446741e-05,4.68738281542961e-05,8.85074298399212e-05,0.000226321750901568,0.000117057639181533
"KCNC1",7.89697719121856e-05,1.35680055574551e-05,2.32333702684348e-05,0.000428264476562921,0.000167704140729815,8.37232444431687e-05,2.2313412060718e-05,6.08699723743971e-05
"PLAC9",2.50391959721564e-05,4.07040166723652e-05,2.32333702684348e-05,7.34167674107864e-06,8.0206328175129e-05,8.85074298399212e-05,0.000285824183063483,5.15053612398745e-05
"ANKRD37",0.000683762659239656,5.69856233413113e-05,1.96590056117525e-05,0.000129702955759056,4.2707265651692e-05,8.37232444431687e-05,5.20646281416753e-05,5.15053612398745e-05
"TNFRSF12A",0.000595162427338179,0.000697395485653191,0.000655895914501197,2.20250302232359e-05,7.29148437955718e-06,0.000165054396187961,0.000205070882272313,0.000491642084562439
"PHOSPHO2-KLHL23",0.00019068310778796,2.44224100034191e-05,6.61257461486221e-05,3.18139325446741e-05,3.64574218977859e-05,0.000217680435552239,2.01883251977925e-05,2.34115278363066e-05
"EDN3",1.34826439850073e-05,2.71360111149102e-06,3.39564642384816e-05,7.58639929911459e-05,6.14567969134105e-05,2.15288342853862e-05,5.3127171573138e-06,0.00144683242028375
"MEGF11",9.05263238993347e-05,2.71360111149102e-06,8.04232047753512e-05,7.34167674107864e-06,0.000159371015724607,0.0013898058577566,2.86886726494945e-05,4.68230556726132e-06
"FLI1",5.2004483942171e-05,0.000176384072246916,0.000212674697072595,4.16028348661123e-05,7.81230469238269e-05,0.000275090660313268,0.000808595551343161,0.000126422250316056
"CCNB2",8.66741399036184e-05,5.15584211183293e-05,0.000291310719519605,0.000100336248794741,7.29148437955718e-06,0.000916171503478103,0.000177444753054281,4.68230556726132e-06
"LOXL2",0.000614423347316761,0.00018723847669288,0.000212674697072595,9.05473464733032e-05,3.12492187695308e-06,6.45865028561587e-05,0.000436705350331195,2.34115278363066e-05
"ANXA1",0.00351126571209547,0.00609203449529733,0.00265039139292991,2.20250302232359e-05,5.10403906569002e-05,1.19604634918812e-05,0.00329919735469187,0.00193379219927892
"PRKAR2B",0.000156013451826513,0.000203520083361826,5.36154698502341e-06,0.000217803076652,0.00201974117313734,0.00182038254346432,0.00011156706030359,7.02345835089198e-05
"CTGF",0.000610571163321045,0.000382617756720233,0.000269864531579512,0.000315692099866382,0.000161454296975909,0.000485594817770378,0.00297830923839012,0.000838132696539776
"PROCR",1.34826439850073e-05,0.000301209723375503,8.04232047753512e-05,8.0758444151865e-05,1.97911718873695e-05,0.000155486025394456,0.000336826267773695,0.000154516083719624
"SHD",1.34826439850073e-05,7.32672300102574e-05,0.000101869392715445,0.000129702955759056,7.29148437955718e-06,0.000557357598721666,1.80632383348669e-05,1.4046916701784e-05
"INPP4B",9.43785078950511e-05,0.000165529667800952,3.39564642384816e-05,7.58639929911459e-05,0.000105205703190754,2.63130196821387e-05,0.000715091729374438,2.34115278363066e-05
"BCL11B",3.27435639635892e-05,5.69856233413113e-05,4.46795582085284e-05,0.000183541918526966,0.000117705390698566,0.000471242261580121,3.71890201011966e-05,4.68230556726132e-06
"INSM1",0.000156013451826513,3.52768144493832e-05,5.36154698502341e-06,7.09695418304268e-05,5.20820312825513e-06,0.000849192907923568,3.08137595124201e-05,0.000163880694854146
"FBLN1",5.2004483942171e-05,2.44224100034191e-05,3.03820995817993e-05,0.000232486430134157,5.31236719082023e-05,0.000418616222215843,0.000479207087589705,9.83284169124877e-05
"ATP8B1",7.51175879164692e-05,5.15584211183293e-05,1.78718232834114e-06,2.44722558035955e-06,6.14567969134105e-05,9.32916152366737e-05,0.000504708129944812,0.000135786861450578
"ST6GALNAC3",2.88913799678728e-05,0.000138393656686042,2.68077349251171e-05,8.0758444151865e-05,0.000134371640708982,0.000217680435552239,0.000428205002879493,2.34115278363066e-05
"DYSF",4.81522999464546e-05,7.86944322332394e-05,6.61257461486221e-05,0.000212908625491281,1.04164062565103e-06,7.89390590464162e-05,0.000249697706393749,4.21407501053519e-05
"MACROD2",8.2821955907902e-05,1.35680055574551e-05,2.32333702684348e-05,9.05473464733032e-05,0.000303117422064448,0.000217680435552239,4.14391938270477e-05,0.000145151472585101
"RGS20",7.51175879164692e-05,2.98496122264012e-05,0.000176931050505773,0.000124808504598337,0.000461446797163404,0.000136349283807446,4.78144544158242e-05,2.34115278363066e-05
"TBX5",4.81522999464546e-05,5.15584211183293e-05,3.39564642384816e-05,2.44722558035955e-06,5.20820312825513e-06,0.000303795772693783,1.16879777460904e-05,4.68230556726132e-06
"SCN7A",4.04479319550219e-05,0.00134323255018805,0.000312756907459699,2.44722558035955e-06,0.000309367265818355,0.000241601362536001,3.08137595124201e-05,0.00117525869738259
"OCIAD2",0.0016814783141302,0.00444216501951079,0.00140293812774779,7.34167674107864e-06,0.000534361640958976,0.000136349283807446,0.000719341903100289,0.00169031230978134
"PEG3",0.00037173575558663,0.000360908947828305,0.000995460556886014,0.000134597406919775,0.00692586851995367,0.00314081771296801,3.93141069641222e-05,0.000632111251580278
"IGF2BP2",0.000437222883513808,9.49760389021855e-05,0.000273438896236194,3.18139325446741e-05,1.97911718873695e-05,0.000126780913013941,6.48151493192284e-05,0.000332443695275554
"ABCD2",2.50391959721564e-05,0.000127539252240078,0.000273438896236194,2.6919481383955e-05,0.000515612109697258,0.000303795772693783,1.80632383348669e-05,0.000201339139392237
"ARX",5.97088519336038e-05,8.95488366792035e-05,0.000148336133252314,5.62861883482696e-05,0.000184370390740231,0.000150701839997704,3.29388463753456e-05,2.34115278363066e-05
"IQGAP2",0.000471892539475255,0.000328345734490413,0.0011991993423169,2.20250302232359e-05,1.77078906360674e-05,0.000303795772693783,0.000755468379770023,0.00078194502973264
"LOC100130938",2.118701197644e-05,2.44224100034191e-05,8.39975694320335e-05,3.67083837053932e-05,1.04164062565103e-06,1.19604634918812e-05,0.000209321055998164,7.95991946434424e-05
"CXorf1",4.04479319550219e-05,2.44224100034191e-05,1.2510276298388e-05,0.000154175211562651,0.000153121171970701,0.000485594817770378,1.59381514719414e-05,9.83284169124877e-05
"SV2A",0.000236909315736557,0.000100403241125168,0.000866783429245452,0.00265034530352939,0.000361449297100906,0.000471242261580121,1.06254343146276e-06,0.000828768085405254
"EPHA1-AS1",0.000918745882978355,1.35680055574551e-05,3.03820995817993e-05,3.67083837053932e-05,3.22908593951818e-05,0.000260738104123011,4.56893675528987e-05,5.15053612398745e-05
"SFRP2",5.77827599357456e-06,4.61312188953473e-05,4.11051935518462e-05,0.000203119723169842,1.04164062565103e-06,0.000251169733329506,0.000128567755206994,9.83284169124877e-05
"GPR4",7.12654039207529e-05,1.89952077804371e-05,7.32744754619866e-05,2.44722558035955e-06,3.64574218977859e-05,0.000102859986030179,0.000249697706393749,7.02345835089198e-05
"DAAM2",5.97088519336038e-05,3.52768144493832e-05,6.25513814919398e-05,0.000903026239152673,5.31236719082023e-05,0.000217680435552239,0.000211446142861089,4.68230556726132e-06
"RBM11",1.92609199785819e-06,5.15584211183293e-05,3.03820995817993e-05,0.000124808504598337,0.000190620234494138,2.15288342853862e-05,2.2313412060718e-05,4.21407501053519e-05
"SULF1",5.2004483942171e-05,6.24128255642934e-05,1.78718232834114e-06,4.16028348661123e-05,8.0206328175129e-05,0.000394695295232081,0.000128567755206994,0.000304349861871986
"WEE1",0.00390033629566283,0.000740813103437047,0.00100260928619938,7.34167674107864e-06,5.20820312825513e-06,0.00122714355426701,0.000236947185216196,0.000397995973217212
"DKK1",4.04479319550219e-05,2.71360111149102e-06,1.78718232834114e-06,1.22361279017977e-05,6.97899219186187e-05,0.000236817177139249,9.66914522631113e-05,0.00042608980662078
"PCDHA10",0.000452631619496674,0.000301209723375503,0.000466454587697037,4.64972860268314e-05,0.000663525078539703,0.000437752963802853,0.000117942320892366,9.83284169124877e-05
"C5orf62",0.00207054889769755,0.000415180970058125,0.000448582764413625,0.000193330820848404,1.04164062565103e-06,1.19604634918812e-05,4.99395412787498e-05,0.00109097719717189
"SPOCD1",0.000294692075672302,0.000230656094476736,6.61257461486221e-05,7.34167674107864e-06,1.56246093847654e-05,2.63130196821387e-05,2.86886726494945e-05,0.00042608980662078
"EDN1",0.000109787243877917,0.000138393656686042,0.000309182542803017,0.000183541918526966,0.000101039140688149,2.63130196821387e-05,0.00109335719097518,0.000323079084141031
"TIE1",2.50391959721564e-05,0.000116684847794114,8.04232047753512e-05,0.000144386309241213,1.04164062565103e-06,4.54497612691487e-05,0.000207195969135238,1.4046916701784e-05
"SPRY4",0.000194535291783677,0.000154675263354988,0.000720234478321478,0.000115019602276899,3.12492187695308e-06,3.58813904756437e-05,0.000576961083284279,0.000501006695696961
"MCM10",1.92609199785819e-06,0.000154675263354988,0.000166207956535726,4.64972860268314e-05,5.20820312825513e-06,0.000514299930150893,0.000139193189521622,7.02345835089198e-05
"SLCO1C1",5.77827599357456e-06,0.0002415104989227,0.000323480001429746,8.0758444151865e-05,0.000603109922251944,0.000566925969515171,0.000147693536973324,0.000135786861450578
"SDR16C5",1.92609199785819e-06,2.71360111149102e-06,1.78718232834114e-06,8.0758444151865e-05,0.000201036640750648,1.67446488886337e-05,1.16879777460904e-05,2.34115278363066e-05
"LOC375295",6.74132199250365e-05,2.71360111149102e-06,0.000180505415162455,2.44722558035955e-06,3.85407031490879e-05,0.000303795772693783,4.78144544158242e-05,0.000154516083719624
"ONECUT2",8.66741399036184e-05,2.71360111149102e-06,1.78718232834114e-06,1.22361279017977e-05,8.85394531803372e-05,0.000538220857134656,3.29388463753456e-05,1.4046916701784e-05
"GPR124",6.74132199250365e-05,5.15584211183293e-05,0.000101869392715445,2.20250302232359e-05,4.2707265651692e-05,6.93706882529112e-05,0.000260323140708376,3.27761389708292e-05
"ABCC3",0.0001059350598822,0.00013296645446306,0.000205525967759231,7.34167674107864e-06,9.37476563085923e-06,5.50181320626537e-05,3.29388463753456e-05,0.000678934307252891
"PCSK1",0.00103816358684556,0.00056171543007864,1.78718232834114e-06,0.000188436369687685,0.00078227210986392,0.000499947373960636,4.78144544158242e-05,0.000472912862293393
"HSPG2",5.58566679378874e-05,4.61312188953473e-05,3.03820995817993e-05,4.16028348661123e-05,1.14580468821613e-05,9.80758006334261e-05,0.000232697011490345,0.00010769302804701
"CXorf36",5.2004483942171e-05,0.000100403241125168,0.000119741215998856,0.000115019602276899,4.89571094055982e-05,7.89390590464162e-05,0.000602462125639386,3.27761389708292e-05
"AEBP1",0.000756954155158267,2.71360111149102e-06,0.00112413768452658,0.000100336248794741,7.29148437955718e-06,2.39209269837625e-06,0.000270948575023004,0.000201339139392237
"UNC80",9.05263238993347e-05,8.95488366792035e-05,6.25513814919398e-05,0.000413581123080763,0.000744773047340483,0.000576494340308676,3.50639332382711e-05,0.00028562063960294
"KCNQ2",0.000186830923792244,6.24128255642934e-05,0.000327054366086428,7.58639929911459e-05,2.81242968925777e-05,0.000791782683162538,2.6563585786569e-05,0.000416725195486257
"LOC100507460",0.000125195979860782,1.35680055574551e-05,1.78718232834114e-06,2.44722558035955e-06,0.000421864453388665,0.00176297231870329,0.00177338498711135,9.83284169124877e-05
"KDELR3",0.000132900347852215,6.24128255642934e-05,0.000123315580655538,2.44722558035955e-06,4.89571094055982e-05,7.89390590464162e-05,0.000536584432888694,0.000238797583930327
"CHST9",0.000144456899839364,4.07040166723652e-05,0.000369946741966615,2.6919481383955e-05,4.062398440039e-05,0.000255953918726258,4.14391938270477e-05,4.68230556726132e-06
"FREM2",0.00014830908383508,0.000485734598956892,0.00122421989491368,2.44722558035955e-06,4.68738281542961e-05,0.000523868300944398,1.06254343146276e-06,0.00287025331273119
"NGEF",7.12654039207529e-05,8.14080333447305e-06,1.96590056117525e-05,0.000247169783616314,0.000134371640708982,8.37232444431687e-05,7.43780402023933e-06,4.21407501053519e-05
"LBH",0.000475744723470972,0.000176384072246916,4.11051935518462e-05,0.000124808504598337,7.39564844212228e-05,0.000528652486341151,0.00190089019888688,0.000238797583930327
"LINC00152",0.000745397603171118,0.000784230721220903,0.000509346963577224,1.22361279017977e-05,0.000230202578268877,7.17627809512874e-06,0.00287205489524384,0.000416725195486257
"SYT7",6.74132199250365e-05,6.24128255642934e-05,3.39564642384816e-05,0.000389108867277168,0.000146871328216795,7.89390590464162e-05,3.50639332382711e-05,2.34115278363066e-05
"BUB1",2.118701197644e-05,0.00018723847669288,0.000201951603102549,3.18139325446741e-05,1.04164062565103e-06,0.00094966080125537,0.000190195274231834,0.000145151472585101
"SLIT1",0.000121343795865066,2.98496122264012e-05,0.000277013260892876,0.000491892341652269,4.68738281542961e-05,0.000212896250155486,2.86886726494945e-05,7.95991946434424e-05
"ARHGAP29",0.000313952995650884,0.000659405070092317,6.97001108053044e-05,4.16028348661123e-05,0.000440613984650384,0.000284659031106773,0.00339057608979767,0.000201339139392237
"KSR2",5.58566679378874e-05,5.15584211183293e-05,4.82539228652107e-05,0.000394003318437887,7.81230469238269e-05,1.67446488886337e-05,4.14391938270477e-05,7.02345835089198e-05
"GLRB",0.000390996675565212,0.000127539252240078,8.04232047753512e-05,0.000394003318437887,0.00135934101647459,0.000595631081895686,1.80632383348669e-05,0.00038863136208269
"KRBOX1",0.000129048163856498,4.61312188953473e-05,0.000334203095399793,0.00010523069995546,2.18744531386715e-05,0.000222464620948991,0.000141318276384547,6.08699723743971e-05
"ARHGDIB",5.58566679378874e-05,0.00268375149926461,0.00092754762840905,0.000604464718348808,0.000148954609468097,1.19604634918812e-05,0.00487176163325676,0.000547829751369574
"KCTD16",4.81522999464546e-05,5.15584211183293e-05,5.1828287521893e-05,7.34167674107864e-06,0.000238535703274085,0.000165054396187961,1.80632383348669e-05,7.95991946434424e-05
"C21orf62",0.000213796211762259,0.00188052557026327,0.00256460664116953,2.44722558035955e-06,2.18744531386715e-05,0.000361205997454813,8.81911048114092e-05,0.00427494498290958
"SLCO1A2",3.65957479593055e-05,0.00010583044334815,0.000123315580655538,0.000369531062634292,0.000251035390781897,0.000303795772693783,4.78144544158242e-05,9.83284169124877e-05
"DDX25",5.77827599357456e-06,5.15584211183293e-05,5.89770168352575e-05,0.000134597406919775,0.000155204453222003,0.000236817177139249,1.38130646090159e-05,1.4046916701784e-05
"MAPK8IP2",6.35610359293201e-05,2.71360111149102e-06,2.32333702684348e-05,0.000565309109063055,0.000123955234452472,6.93706882529112e-05,4.14391938270477e-05,0.000163880694854146
"TBX15",0.000163717819817946,5.15584211183293e-05,4.46795582085284e-05,6.60750906697078e-05,1.14580468821613e-05,0.000141133469204199,0.000249697706393749,4.68230556726132e-06
"PCDHA6",2.88913799678728e-05,0.000111257645571132,2.32333702684348e-05,3.67083837053932e-05,6.14567969134105e-05,1.67446488886337e-05,2.6563585786569e-05,0.00024816219506485
"SORCS3",0.000302396443663735,3.52768144493832e-05,5.89770168352575e-05,8.56528953125841e-05,0.000186453671991534,0.000299011587297031,1.80632383348669e-05,7.95991946434424e-05
"ENC1",4.43001159507383e-05,0.00082764833900476,0.000923973263752368,0.00281675664299384,0.00738627367649142,0.00222225411679153,0.000404829047387312,0.000547829751369574
"PRODH",1.73348279807237e-05,8.14080333447305e-06,0.000198377238445866,0.000232486430134157,5.52069531595043e-05,0.000102859986030179,3.50639332382711e-05,4.68230556726132e-06
"ANGPT1",7.89697719121856e-05,2.44224100034191e-05,0.000477177681667084,6.11806395089887e-05,0.000134371640708982,1.19604634918812e-05,0.000419704655427791,0.00138128014234209
"KCNIP2",4.43001159507383e-05,8.14080333447305e-06,3.39564642384816e-05,0.000286325392902067,8.64561719290351e-05,0.000160270210791209,1.80632383348669e-05,7.02345835089198e-05
"LOC154761",0.00066835392325679,7.32672300102574e-05,5.54026521785753e-05,3.67083837053932e-05,2.60410156412756e-05,0.000150701839997704,4.56893675528987e-05,7.95991946434424e-05
"CLU",0.0322716714241139,0.0223627867597975,0.110217321371126,0.102550987944967,0.0021822371107389,0.00804460774463932,1.59381514719414e-05,0.0506391347099312
"CPNE8",0.00093415461896122,0.000930765181241418,0.000527218786860636,0.000232486430134157,0.00116142929760089,1.19604634918812e-05,0.000602462125639386,0.000660205084983846
"PTP4A3",8.2821955907902e-05,9.49760389021855e-05,8.39975694320335e-05,2.44722558035955e-06,4.68738281542961e-05,8.37232444431687e-05,0.000321950659733217,7.95991946434424e-05
"MDGA2",4.81522999464546e-05,4.07040166723652e-05,3.03820995817993e-05,5.13917371875505e-05,0.000151037890719399,0.000643472935863211,4.78144544158242e-05,7.95991946434424e-05
"LIPG",0.000629832083299627,6.78400277872754e-05,0.000162633591879043,3.18139325446741e-05,3.22908593951818e-05,4.06655758723962e-05,4.78144544158242e-05,4.68230556726132e-06
"PEG10",0.000221500579753691,0.000100403241125168,1.78718232834114e-06,0.000447842281205797,0.000592693515995433,0.00457128914659701,5.84398887304519e-05,0.00229901203352531
"VIM",0.061390330247734,0.0259718762380805,0.0253082889516388,7.34167674107864e-06,0.000559361015974601,0.00529848532690339,0.0252067178245911,0.0307487006602051
"TSPAN7",0.00024461368372799,2.71360111149102e-06,0.00382278300032169,0.0106283006955015,0.00798417539561511,0.00362402043804001,0.000336826267773695,0.00198997986608606
"SLC2A3",0.00549899265388512,0.000529152216740748,3.75308288951639e-05,0.000717037095045347,0.000355199453347,2.39209269837625e-06,0.000298574704241036,0.000163880694854146
"PRF1",4.04479319550219e-05,5.15584211183293e-05,5.89770168352575e-05,1.22361279017977e-05,1.14580468821613e-05,5.98023174594062e-05,0.000222071577175717,6.08699723743971e-05
"CNTN4",5.2004483942171e-05,8.95488366792035e-05,6.97001108053044e-05,1.22361279017977e-05,0.000632275859770172,0.000117212542220436,7.75656704967816e-05,0.000182609917123191
"SCG2",0.00465921654281895,0.000979610001248257,0.00228223183329163,0.000854081727545482,0.00176141429797588,0.00094966080125537,1.06254343146276e-06,0.0114388725008194
"RAPGEF5",7.89697719121856e-05,7.32672300102574e-05,3.39564642384816e-05,0.000614253620670246,0.000636442422272777,0.000351637626661308,0.000506833216807737,5.15053612398745e-05
"ADAMTS5",0.0001059350598822,0.000317491330044449,0.000123315580655538,7.34167674107864e-06,5.72902344108064e-05,0.000418616222215843,0.00111673314646736,0.000379266750948167
"PEG3-AS1",8.66741399036184e-05,8.14080333447305e-06,0.000112592486685492,0.000266747588259191,3.64574218977859e-05,0.000150701839997704,3.71890201011966e-05,3.27761389708292e-05
"AFAP1L1",0.000441075067509525,4.07040166723652e-05,0.000387818565250027,1.71305790625168e-05,3.22908593951818e-05,8.37232444431687e-05,0.000555710214655024,0.000163880694854146
"PHLDB2",0.000144456899839364,4.61312188953473e-05,1.78718232834114e-06,9.05473464733032e-05,6.97899219186187e-05,0.000136349283807446,0.0006619645578013,2.34115278363066e-05
"CHRDL1",8.66741399036184e-05,1.35680055574551e-05,5.36154698502341e-06,0.000227591978973438,0.000176037265735023,0.000241601362536001,2.86886726494945e-05,6.08699723743971e-05
"SYBU",0.000240761499732273,2.71360111149102e-06,0.000112592486685492,0.00101070416468849,0.000586443672241527,0.000356421812058061,3.08137595124201e-05,0.000294985250737463
"HOXC10",0.000113639427873633,2.98496122264012e-05,0.000112592486685492,2.44722558035955e-06,1.04164062565103e-06,0.000236817177139249,2.44384989236435e-05,3.27761389708292e-05
"KCNJ2",0.000317805179646601,0.000708249890099155,0.000316331272116381,0.00010523069995546,0.000413531328383457,0.000404263666025586,0.00357758373373512,0.000369902139813644
"GBP1",0.00151198221831868,0.00130524213462718,0.00364406476748758,0.000129702955759056,1.97911718873695e-05,0.000279874845710021,0.000825596246246565,4.21407501053519e-05
"KCTD8",4.04479319550219e-05,0.00010583044334815,0.000105443757372127,2.20250302232359e-05,0.000288534453305334,9.80758006334261e-05,2.01883251977925e-05,8.89638057779651e-05
"HOXA5",0.000186830923792244,2.98496122264012e-05,0.000134038674625585,1.71305790625168e-05,1.04164062565103e-06,0.000303795772693783,2.6563585786569e-05,4.21407501053519e-05
"ADAMTS1",0.000756954155158267,0.000990464405694221,3.39564642384816e-05,0.00011012515111618,7.60397656725248e-05,1.19604634918812e-05,0.00118261083921805,0.000191974528257714
"CCDC152",0.000911041514986922,0.000675686676761263,0.000995460556886014,1.22361279017977e-05,0.000519778672199862,0.00244232664504215,0.0001540687975621,0.00139064475347661
"DBX2",4.04479319550219e-05,0.000170956870023934,0.000266290166922829,1.71305790625168e-05,0.000113538828195962,0.000169838581584714,3.29388463753456e-05,7.02345835089198e-05
"PCDHGC3",0.000506562195436703,0.000702822687876173,0.00637487936519284,0.00143652141567105,3.12492187695308e-06,0.000801351053956043,0.000177444753054281,0.00264550264550265
"DUSP26",4.43001159507383e-05,2.71360111149102e-06,1.96590056117525e-05,0.000222697527812719,0.00014270476571419,0.000260738104123011,2.44384989236435e-05,0.000154516083719624
"PDE2A",5.97088519336038e-05,1.35680055574551e-05,1.78718232834114e-06,0.000672987034598875,0.000190620234494138,0.000203327879361981,9.88165391260368e-05,4.21407501053519e-05
"TFAP2A",0.000167570003813662,8.14080333447305e-06,0.000148336133252314,5.13917371875505e-05,1.04164062565103e-06,0.000361205997454813,6.48151493192284e-05,0.000117057639181533
"PDGFB",2.118701197644e-05,0.000122112050017096,0.000109018122028809,0.000100336248794741,6.56233594160146e-05,9.80758006334261e-05,0.000511083390533588,0.000163880694854146
"ATF3",0.00122692060263566,0.000344627341159359,9.82950280587626e-05,1.71305790625168e-05,5.93735156621084e-05,0.000107644171426931,0.000100941625988962,3.27761389708292e-05
"VAMP2",0.000637536451291059,2.71360111149102e-06,0.00130285591736069,0.00654143397630107,0.00150308742281443,2.39209269837625e-06,8.39409310855581e-05,0.000941143419019525
"FAM65B",5.58566679378874e-05,2.71360111149102e-06,9.82950280587626e-05,0.000173753016205528,0.000394781797121739,0.000313364143487288,4.78144544158242e-05,0.000276256028468418
"TRIB3",0.00101505048287126,6.78400277872754e-05,2.68077349251171e-05,8.0758444151865e-05,3.64574218977859e-05,0.000136349283807446,9.45663654001857e-05,0.00010769302804701
"FBN1",0.000163717819817946,0.000290355318929539,6.25513814919398e-05,2.44722558035955e-06,6.14567969134105e-05,0.000327716699677546,0.00113798401509662,0.000397995973217212
"SGCD",2.88913799678728e-05,1.35680055574551e-05,1.96590056117525e-05,0.000203119723169842,0.000161454296975909,0.000308579958090536,3.50639332382711e-05,3.27761389708292e-05
"SCD",0.00581872392552958,4.07040166723652e-05,0.00252528862994603,0.00725602384576605,0.0021864036732415,0.0025380103529772,1.06254343146276e-06,0.00281406564592405
"CERKL",5.97088519336038e-05,4.07040166723652e-05,1.60846409550702e-05,1.71305790625168e-05,5.31236719082023e-05,0.000112428356823684,0.000190195274231834,7.95991946434424e-05
"MMP2",4.43001159507383e-05,9.49760389021855e-05,0.000795296136111806,5.13917371875505e-05,1.56246093847654e-05,0.000165054396187961,0.00033470118091077,0.000238797583930327
"MYOF",0.000360179203599481,0.000252364903368664,6.61257461486221e-05,6.11806395089887e-05,1.77078906360674e-05,0.000102859986030179,0.000583336343873056,0.00028562063960294
"ELMOD1",0.000471892539475255,0.000502016205625838,0.0002519927082961,0.000345058806830696,0.00166350007916469,0.000150701839997704,2.86886726494945e-05,0.00118462330851711
"FOXC1",7.51175879164692e-05,0.000198092881138844,4.82539228652107e-05,7.34167674107864e-06,5.31236719082023e-05,0.000160270210791209,0.000579086170147205,7.95991946434424e-05
"PYGL",0.00161984337019873,0.000833075541227742,0.000305608178146335,2.6919481383955e-05,3.64574218977859e-05,0.000246385547932753,3.71890201011966e-05,0.000557194362504097
"FABP3",0.000167570003813662,0.000388044958943215,0.000184079779819137,0.000668092583438156,0.000503112422189445,9.80758006334261e-05,1.80632383348669e-05,4.21407501053519e-05
"LOC100505483",9.43785078950511e-05,0.000111257645571132,1.60846409550702e-05,0.000188436369687685,0.000292701015807938,0.000136349283807446,3.71890201011966e-05,7.02345835089198e-05
"SLC7A14",0.000102082875886484,1.35680055574551e-05,6.61257461486221e-05,0.000496786792812988,0.000773938984858712,0.000624336194276201,4.14391938270477e-05,7.02345835089198e-05
"XKR4",1.73348279807237e-05,8.95488366792035e-05,3.03820995817993e-05,0.000227591978973438,0.000123955234452472,0.000581278525705428,3.08137595124201e-05,6.08699723743971e-05
"C7orf41",0.00014830908383508,0.00142464058353278,0.000591557350680916,0.00686446775290853,0.00243848070464905,0.00113145984633197,8.81911048114092e-05,1.4046916701784e-05
"B4GALT6",5.97088519336038e-05,0.000257792105591646,3.03820995817993e-05,1.22361279017977e-05,0.00179891336049932,0.000557357598721666,6.05649755933774e-05,0.00074448658519455
"PRDM1",0.000360179203599481,0.000469452992287946,0.000291310719519605,3.67083837053932e-05,0.000151037890719399,5.98023174594062e-05,0.00184351285358789,4.21407501053519e-05
"CENPK",0.000117491611869349,0.000203520083361826,0.000537941880830682,5.13917371875505e-05,5.20820312825513e-06,0.00165772023997474,0.000470706740138003,0.000360537528679122
"ARHGAP18",0.000340918283620899,0.000833075541227742,0.000645172820531151,0.000256958685937752,4.2707265651692e-05,0.000165054396187961,0.00268717233816932,0.00148429086482184
"ARSJ",0.000622127715308194,0.00100674601236317,0.000319905636773064,2.44722558035955e-06,3.85407031490879e-05,1.19604634918812e-05,0.000156193884425026,0.00140937397574566
"IFITM3",0.000872519675029758,0.00754109748883353,0.00929156092504557,0.00428509199120957,8.43728906777331e-05,2.39209269837625e-06,0.00587267754569468,0.00308563936882521
"HIST1H1A",5.77827599357456e-06,0.000203520083361826,0.00037709547127998,2.44722558035955e-06,6.97899219186187e-05,8.37232444431687e-05,0.00017319457932843,0.00010769302804701
"NCDN",6.74132199250365e-05,1.89952077804371e-05,0.000151910497908997,0.00173997738763564,4.89571094055982e-05,1.19604634918812e-05,4.14391938270477e-05,0.000173245305988669
"GPC5",3.65957479593055e-05,2.71360111149102e-06,0.000234120885012689,2.20250302232359e-05,0.00038644867211653,0.000251169733329506,5.41897150046008e-05,0.000117057639181533
"STX1B",4.81522999464546e-05,6.24128255642934e-05,3.03820995817993e-05,0.000790453862456134,4.2707265651692e-05,4.06655758723962e-05,5.41897150046008e-05,5.15053612398745e-05
"TK1",2.50391959721564e-05,0.000447744183396018,0.000312756907459699,2.6919481383955e-05,1.77078906360674e-05,0.000246385547932753,0.0002539478801196,7.02345835089198e-05
"SPHKAP",4.04479319550219e-05,3.52768144493832e-05,8.93591164170569e-06,4.16028348661123e-05,0.000138538203211586,0.000270306474916516,1.06254343146276e-06,4.21407501053519e-05
"CCL20",0.000364031387595197,0.000127539252240078,8.93591164170569e-06,2.44722558035955e-06,7.29148437955718e-06,2.15288342853862e-05,3.29388463753456e-05,4.68230556726132e-06
"REEP1",2.118701197644e-05,6.24128255642934e-05,0.000101869392715445,0.000100336248794741,0.00104059898502537,0.00112189147553846,3.71890201011966e-05,0.00024816219506485
"TRIL",1.73348279807237e-05,2.71360111149102e-06,0.00089537834649891,0.00016396411388409,0.000438530703399082,0.000423400407612596,0.000132817928932845,0.000444819028889825
"MOG",1.34826439850073e-05,0.000377190554497251,1.78718232834114e-06,0.00107922648093856,0.000257285234535803,0.000973581728239133,2.01883251977925e-05,4.21407501053519e-05
"CAMK2G",6.35610359293201e-05,3.52768144493832e-05,0.000527218786860636,0.00168124397370701,0.00147808804779881,0.000131565098410694,0.000122192494618218,5.15053612398745e-05
"C11orf41",0.000121343795865066,0.000100403241125168,3.03820995817993e-05,0.000609359169509527,0.000813521328633451,0.000169838581584714,5.63148018675263e-05,0.000173245305988669
"UTY",0.000132900347852215,7.32672300102574e-05,0.000105443757372127,4.16028348661123e-05,4.89571094055982e-05,0.000356421812058061,7.33154967709305e-05,6.08699723743971e-05
"TBX3",1.34826439850073e-05,2.71360111149102e-06,0.000105443757372127,0.00011012515111618,2.18744531386715e-05,0.000155486025394456,0.000228446837764494,7.95991946434424e-05
"ERAP2",0.000132900347852215,7.86944322332394e-05,0.000702362655038067,7.58639929911459e-05,6.14567969134105e-05,4.06655758723962e-05,0.000326200833459068,0.000332443695275554
"STC2",0.000360179203599481,8.14080333447305e-06,8.04232047753512e-05,7.34167674107864e-06,2.60410156412756e-05,0.000150701839997704,4.56893675528987e-05,9.83284169124877e-05
"TGFA",0.000502710011440986,0.000274073712260593,1.2510276298388e-05,7.09695418304268e-05,8.2289609426431e-05,0.000251169733329506,2.2313412060718e-05,0.00078194502973264
"SLC25A27",6.74132199250365e-05,4.07040166723652e-05,1.96590056117525e-05,0.000212908625491281,0.000188536953242836,7.89390590464162e-05,4.78144544158242e-05,0.000126422250316056
"EMILIN3",1.34826439850073e-05,1.89952077804371e-05,0.000312756907459699,2.44722558035955e-06,4.47905469029941e-05,6.45865028561587e-05,1.38130646090159e-05,3.27761389708292e-05
"LRRC70",6.74132199250365e-05,2.71360111149102e-06,4.11051935518462e-05,2.44722558035955e-06,3.85407031490879e-05,0.000131565098410694,0.000196570534820611,7.95991946434424e-05
"EPHA5",0.00049885782744527,2.71360111149102e-06,0.000187654144475819,8.0758444151865e-05,0.000323950234577469,3.58813904756437e-05,2.2313412060718e-05,0.000238797583930327
"GRM8",6.74132199250365e-05,5.15584211183293e-05,5.36154698502341e-06,2.20250302232359e-05,8.0206328175129e-05,0.000112428356823684,0.000251822793256674,4.68230556726132e-06
"KIF20A",1.92609199785819e-06,0.000111257645571132,0.000176931050505773,2.44722558035955e-06,3.22908593951818e-05,0.000428184593009348,0.00017319457932843,0.000117057639181533
"MATN3",4.81522999464546e-05,4.61312188953473e-05,3.03820995817993e-05,4.64972860268314e-05,8.64561719290351e-05,0.000289443216503526,0.000317700486007366,0.000173245305988669
"SERPING1",0.000406405411548077,0.000610560250085478,0.00218572398756121,0.000658303681116718,2.18744531386715e-05,1.19604634918812e-05,0.000549334954066248,0.000716392751790982
"POPDC3",4.81522999464546e-05,6.78400277872754e-05,8.93591164170569e-06,3.67083837053932e-05,0.000261451797038407,6.93706882529112e-05,3.08137595124201e-05,7.95991946434424e-05
"TTK",1.73348279807237e-05,0.000100403241125168,0.000101869392715445,2.20250302232359e-05,1.14580468821613e-05,0.000801351053956043,0.000143443363247473,7.95991946434424e-05
"S100B",1.92609199785819e-06,0.00352496784382683,0.0119115702183937,0.00829854194299922,0.00469050773730657,0.00315038608376152,9.45663654001857e-05,0.00784286182516271
"TMTC1",0.000194535291783677,9.49760389021855e-05,1.2510276298388e-05,2.6919481383955e-05,0.00107809804754881,0.000332500885074298,0.000122192494618218,0.000641475862714801
"IFIT1",9.05263238993347e-05,2.71360111149102e-06,0.000309182542803017,0.00112327654138503,0.000734356641083973,0.0010070710260164,0.000228446837764494,4.21407501053519e-05
"PRRT2",3.65957479593055e-05,4.61312188953473e-05,5.89770168352575e-05,0.000604464718348808,1.97911718873695e-05,6.45865028561587e-05,3.50639332382711e-05,2.34115278363066e-05
"CKB",0.000441075067509525,0.000257792105591646,0.00512742610001072,0.00544997136746071,0.0015780855478613,0.002155275521237,9.56289088316485e-06,0.00160603080957063
"MAGEA12",1.92609199785819e-06,2.71360111149102e-06,2.32333702684348e-05,3.18139325446741e-05,1.14580468821613e-05,4.06655758723962e-05,0.000177444753054281,7.95991946434424e-05
"OGDHL",4.81522999464546e-05,2.98496122264012e-05,1.2510276298388e-05,0.000276536490580629,0.00012187195320117,0.000102859986030179,1.16879777460904e-05,0.000163880694854146
"LOC100505875",1.73348279807237e-05,1.89952077804371e-05,0.000180505415162455,0.000183541918526966,3.02075781438797e-05,0.000279874845710021,4.56893675528987e-05,1.4046916701784e-05
"KCNQ3",0.000159865635822229,6.24128255642934e-05,8.39975694320335e-05,0.000354847709152134,0.00169683257918552,0.000351637626661308,0.000249697706393749,0.000341808306410076
"S1PR1",9.63045998929093e-06,0.000724531496768101,0.000302033813489652,0.00091770959263483,0.00144683882902927,0.000791782683162538,0.00120598679471023,0.000201339139392237
"SOX8",1.73348279807237e-05,4.07040166723652e-05,0.000605854809307646,0.000247169783616314,1.04164062565103e-06,0.00125584866664753,3.08137595124201e-05,0.000201339139392237
"MLC1",7.51175879164692e-05,0.000339200138936377,0.00166029238302892,0.000374425513795011,5.10403906569002e-05,0.000255953918726258,2.2313412060718e-05,0.000678934307252891
"FAM135B",5.2004483942171e-05,1.35680055574551e-05,8.75719340887157e-05,6.11806395089887e-05,0.000209369765755856,9.80758006334261e-05,3.71890201011966e-05,6.08699723743971e-05
"MT1E",0.00168918268212163,6.78400277872754e-05,0.00247524752475248,0.000447842281205797,0.000967684141229803,0.000375558553645071,9.88165391260368e-05,0.00078194502973264
"NTSR2",1.92609199785819e-06,2.71360111149102e-06,0.000223397791042642,9.54417976340223e-05,6.77066406673166e-05,6.93706882529112e-05,1.16879777460904e-05,5.15053612398745e-05
"ASPN",4.04479319550219e-05,4.61312188953473e-05,0.000130464309968903,1.22361279017977e-05,1.35413281334633e-05,0.000188975323171724,0.000338951354636621,0.000173245305988669
"SPRY1",0.000676058291248223,0.000344627341159359,0.000688065196411338,7.34167674107864e-06,0.000105205703190754,5.02339466659012e-05,0.00172238290240114,0.00129699864213139
"NDN",7.51175879164692e-05,1.35680055574551e-05,7.32744754619866e-05,0.000398897769598606,0.000269784922043616,0.000270306474916516,0.000177444753054281,0.000725757362925504
"EFNA5",0.000198387475779393,8.41216344562215e-05,0.000169782321192408,0.000736614899688223,0.000423947734639967,8.37232444431687e-05,6.90653230450795e-05,0.000191974528257714
"ENPP6",1.92609199785819e-06,0.000138393656686042,0.000176931050505773,3.18139325446741e-05,0.000134371640708982,0.000600415267292438,2.86886726494945e-05,0.00038863136208269
"MFAP2",7.51175879164692e-05,2.71360111149102e-06,9.1146298745398e-05,4.64972860268314e-05,3.12492187695308e-06,7.89390590464162e-05,0.000194445447957685,4.21407501053519e-05
"B3GALT2",7.51175879164692e-05,4.61312188953473e-05,7.32744754619866e-05,9.05473464733032e-05,0.000755189453596993,0.000653041306656716,2.86886726494945e-05,4.68230556726132e-06
"C6orf15",9.63045998929093e-06,2.98496122264012e-05,0.000176931050505773,7.34167674107864e-06,5.20820312825513e-06,2.39209269837625e-06,1.06254343146276e-06,0.000482277473427916
"CACNA2D1",6.74132199250365e-05,1.89952077804371e-05,1.2510276298388e-05,2.44722558035955e-06,0.000263535078289709,0.000476026446976873,6.90653230450795e-05,2.34115278363066e-05
"PLAU",1.34826439850073e-05,0.000404326565612161,0.00014118740393895,1.22361279017977e-05,1.77078906360674e-05,8.85074298399212e-05,0.00013069284206992,0.000266891417333895
"TGFBR2",4.43001159507383e-05,0.000767949114551957,8.75719340887157e-05,5.62861883482696e-05,0.000165620859478513,0.000145917654600951,0.00166288047023922,0.000360537528679122
"TMEM132B",0.000213796211762259,0.000230656094476736,0.000123315580655538,0.000369531062634292,0.000719773672324859,0.00157638908822995,1.59381514719414e-05,0.000669569696118369
"UNC13A",5.2004483942171e-05,2.98496122264012e-05,9.1146298745398e-05,0.000981337457724178,0.000107288984442056,0.000121996727617189,4.56893675528987e-05,4.68230556726132e-06
"CADPS2",8.66741399036184e-05,0.000116684847794114,0.000201951603102549,0.000119914053437618,0.00106143179753839,0.000107644171426931,0.000298574704241036,0.000126422250316056
"SCN3A",3.65957479593055e-05,7.86944322332394e-05,0.00021982342638596,0.000124808504598337,0.0008635200786647,0.00421247524184057,7.75656704967816e-05,6.08699723743971e-05
"ANXA3",9.63045998929093e-06,8.95488366792035e-05,8.93591164170569e-06,0.00016396411388409,0.000180203828237627,2.39209269837625e-06,4.99395412787498e-05,7.95991946434424e-05
"PLEKHA6",5.58566679378874e-05,4.07040166723652e-05,5.1828287521893e-05,0.000369531062634292,4.89571094055982e-05,0.000389911109835328,3.08137595124201e-05,4.68230556726132e-06
"ZDHHC22",5.2004483942171e-05,3.52768144493832e-05,6.97001108053044e-05,0.000506575695134426,2.60410156412756e-05,0.000145917654600951,3.93141069641222e-05,5.15053612398745e-05
"KCNS3",9.63045998929093e-06,8.14080333447305e-06,1.78718232834114e-06,1.22361279017977e-05,5.52069531595043e-05,0.000284659031106773,0.000171069492465505,7.95991946434424e-05
"KCNAB2",6.74132199250365e-05,8.14080333447305e-06,1.78718232834114e-06,0.000746403802009662,5.52069531595043e-05,9.32916152366737e-05,4.35642806899732e-05,0.00010769302804701
"CDH4",6.74132199250365e-05,2.71360111149102e-06,0.000402116023876756,0.000149280760401932,1.04164062565103e-06,4.06655758723962e-05,2.6563585786569e-05,0.000126422250316056
"GALNT4",8.2821955907902e-05,0.000170956870023934,0.000112592486685492,3.67083837053932e-05,5.20820312825513e-06,7.17627809512874e-06,7.75656704967816e-05,9.83284169124877e-05
"SPAG4",0.000425666331526659,4.61312188953473e-05,3.75308288951639e-05,9.54417976340223e-05,5.20820312825513e-06,0.000107644171426931,3.93141069641222e-05,9.83284169124877e-05
"CDKN2A",2.88913799678728e-05,5.69856233413113e-05,2.32333702684348e-05,6.60750906697078e-05,1.35413281334633e-05,0.000423400407612596,5.41897150046008e-05,7.02345835089198e-05
"F2RL1",1.34826439850073e-05,0.000252364903368664,9.82950280587626e-05,2.44722558035955e-06,4.2707265651692e-05,0.000169838581584714,0.000258198053845451,7.02345835089198e-05
"TPBG",7.51175879164692e-05,5.69856233413113e-05,4.11051935518462e-05,2.44722558035955e-06,0.000128121796955076,3.10972050788912e-05,0.000183820013643058,7.95991946434424e-05
"CCNA2",2.88913799678728e-05,0.000149248061132006,0.000198377238445866,1.22361279017977e-05,2.18744531386715e-05,0.000786998497765785,0.000190195274231834,0.000126422250316056
"PALM2-AKAP2",1.73348279807237e-05,1.35680055574551e-05,8.93591164170569e-06,0.000168858565044809,1.04164062565103e-06,7.17627809512874e-06,6.26900624563029e-05,0.000220068361661282
"COL5A1",8.66741399036184e-05,2.98496122264012e-05,1.96590056117525e-05,4.64972860268314e-05,9.37476563085923e-06,9.80758006334261e-05,0.000247572619530823,0.000145151472585101
"NFKBIZ",0.0007646585231497,0.000295782521152521,1.78718232834114e-06,1.22361279017977e-05,3.85407031490879e-05,7.41548736496637e-05,7.96907573597071e-05,5.15053612398745e-05
"DMRTA2",0.000132900347852215,0.000127539252240078,0.000273438896236194,2.44722558035955e-06,1.77078906360674e-05,5.98023174594062e-05,3.93141069641222e-05,9.83284169124877e-05
"THRB",0.000263874603706571,7.86944322332394e-05,0.000323480001429746,0.000619148071830965,0.00100726648500454,0.000155486025394456,4.14391938270477e-05,0.000145151472585101
"CKAP2L",3.27435639635892e-05,6.24128255642934e-05,0.000234120885012689,1.71305790625168e-05,1.04164062565103e-06,0.00077743012697228,0.000117942320892366,5.15053612398745e-05
"KIF15",7.89697719121856e-05,7.32672300102574e-05,0.000427136576473532,0.000100336248794741,7.29148437955718e-06,0.00177732487489355,0.000219946490312792,0.000135786861450578
"FAXC",3.65957479593055e-05,8.95488366792035e-05,8.04232047753512e-05,7.58639929911459e-05,0.000419781172137363,0.000375558553645071,3.08137595124201e-05,0.00010769302804701
"ENPP4",0.00019068310778796,0.000257792105591646,1.78718232834114e-06,0.000398897769598606,0.00103018257876886,0.00115059658791898,3.93141069641222e-05,0.00180268764339561
"EMP3",0.00106512887481558,0.00125097011239736,0.00171033348822247,2.6919481383955e-05,1.77078906360674e-05,5.02339466659012e-05,0.000179569839917207,0.00148429086482184
"RPL39L",0.000102082875886484,2.71360111149102e-06,1.96590056117525e-05,7.09695418304268e-05,8.0206328175129e-05,0.000351637626661308,0.000177444753054281,4.68230556726132e-06
"RAB6B",0.000252318051719422,3.52768144493832e-05,0.000223397791042642,0.00193086098290368,0.00101351632875845,0.000107644171426931,3.93141069641222e-05,0.000145151472585101
"COL9A1",3.65957479593055e-05,8.14080333447305e-06,2.68077349251171e-05,3.18139325446741e-05,3.64574218977859e-05,0.000308579958090536,0.000166819318739653,4.68230556726132e-06
"CD74",0.000352474835608048,0.00354124945049578,0.0168477678092719,0.00332577956370862,1.04164062565103e-06,0.000858761278717073,0.00327369631233677,0.00910708432832327
"ZIC1",0.000132900347852215,7.32672300102574e-05,0.00029845944883297,2.20250302232359e-05,5.52069531595043e-05,0.000241601362536001,0.000317700486007366,2.34115278363066e-05
"HEPACAM",9.05263238993347e-05,1.35680055574551e-05,0.000609429173964328,0.000252064234777033,9.68725781855454e-05,0.000107644171426931,2.6563585786569e-05,0.000369902139813644
"TRNV",6.35610359293201e-05,5.69856233413113e-05,3.39564642384816e-05,1.22361279017977e-05,0.000405198203378249,0.000131565098410694,4.99395412787498e-05,4.68230556726132e-06
"KIF4A",7.89697719121856e-05,0.000203520083361826,0.000205525967759231,2.20250302232359e-05,9.37476563085923e-06,0.00113145984633197,0.000249697706393749,0.000126422250316056
"ICAM1",0.000745397603171118,0.000556288227855658,1.78718232834114e-06,9.05473464733032e-05,3.43741406464838e-05,3.58813904756437e-05,6.90653230450795e-05,5.15053612398745e-05
"PPP1R1C",1.92609199785819e-06,6.78400277872754e-05,0.000541516245487365,7.34167674107864e-06,3.64574218977859e-05,0.000112428356823684,3.08137595124201e-05,0.000126422250316056
"C11orf9",2.118701197644e-05,3.52768144493832e-05,6.61257461486221e-05,0.000447842281205797,3.12492187695308e-06,0.000203327879361981,3.71890201011966e-05,6.08699723743971e-05
"GAS1",1.92609199785819e-06,0.000388044958943215,0.00138864066912106,2.44722558035955e-06,6.97899219186187e-05,0.000906603132684598,1.38130646090159e-05,0.00119398791965164
"KIT",4.04479319550219e-05,8.14080333447305e-06,0.000112592486685492,3.67083837053932e-05,0.000392698515870437,0.000437752963802853,0.000370827657580504,1.4046916701784e-05
"ITGA8",1.92609199785819e-06,1.89952077804371e-05,3.03820995817993e-05,4.64972860268314e-05,3.64574218977859e-05,4.06655758723962e-05,0.000156193884425026,7.95991946434424e-05
"MAP1A",0.000633684267295343,2.71360111149102e-06,0.00181756442792294,0.0157136354514886,0.00170308242293943,0.00085397709332032,0.000226321750901568,0.00112843564170998
"SRPX2",0.000129048163856498,0.000279500914483575,0.000116166851342174,1.22361279017977e-05,5.20820312825513e-06,5.02339466659012e-05,0.000175319666191356,0.000379266750948167
"MELK",4.81522999464546e-05,4.61312188953473e-05,0.000169782321192408,2.20250302232359e-05,3.12492187695308e-06,0.000710451531417745,0.000160444058150877,8.89638057779651e-05
"RNF182",0.000283135523685153,2.98496122264012e-05,2.68077349251171e-05,0.00010523069995546,0.000648942109780589,0.00103099195300016,7.43780402023933e-06,0.00038863136208269
"TAX1BP3",0.000136752531847931,0.000691968283430209,0.000906101440468957,0.000252064234777033,5.52069531595043e-05,9.80758006334261e-05,0.00117623557862928,0.000341808306410076
"CDCA2",3.65957479593055e-05,2.98496122264012e-05,0.000130464309968903,2.44722558035955e-06,1.14580468821613e-05,0.000705667346020993,0.000124317581481143,0.000182609917123191
"TMEM178A",4.81522999464546e-05,5.69856233413113e-05,0.00037709547127998,0.00016396411388409,0.000601026641000642,0.000294227401900278,3.08137595124201e-05,0.000210703750526759
"ADAMTS3",6.74132199250365e-05,0.000393472161166197,0.000169782321192408,7.34167674107864e-06,9.68725781855454e-05,8.37232444431687e-05,4.99395412787498e-05,0.000557194362504097
"PDK1",0.00241724545731202,8.14080333447305e-06,2.68077349251171e-05,3.18139325446741e-05,0.000184370390740231,0.000806135239352795,6.90653230450795e-05,3.27761389708292e-05
"CBX7",7.51175879164692e-05,4.61312188953473e-05,2.68077349251171e-05,0.000531047950938022,0.000201036640750648,9.32916152366737e-05,4.56893675528987e-05,1.4046916701784e-05
"LRRN1",1.92609199785819e-06,0.000317491330044449,0.00154948707867177,0.000124808504598337,0.000240618984525387,0.00210743366726947,5.3127171573138e-06,0.000117057639181533
"PLCL1",1.92609199785819e-06,0.000246937701145682,6.97001108053044e-05,0.000208014174330561,0.000607276484754548,0.000614767823482696,0.000468581653275078,1.4046916701784e-05
"LOC100506965",0.000795475995115431,2.44224100034191e-05,0.00014118740393895,0.000144386309241213,0.00440301492462688,0.00232750619552009,0.000137068102658696,1.4046916701784e-05
"CLEC2B",0.000972676458918384,0.000648550665646353,1.2510276298388e-05,6.11806395089887e-05,8.85394531803372e-05,9.32916152366737e-05,0.000721466989963215,6.08699723743971e-05
"MMP11",5.97088519336038e-05,3.52768144493832e-05,8.04232047753512e-05,2.6919481383955e-05,9.37476563085923e-06,0.000112428356823684,0.000168944405602579,0.000135786861450578
"TNFSF10",5.77827599357456e-06,0.000398899363389179,0.000312756907459699,1.22361279017977e-05,0.000119788671949868,0.000217680435552239,0.000511083390533588,0.000126422250316056
"VWA1",9.82306918907675e-05,5.15584211183293e-05,0.000184079779819137,0.000217803076652,1.56246093847654e-05,5.50181320626537e-05,0.00053870951975162,0.000463548251158871
"PAK6",3.65957479593055e-05,2.98496122264012e-05,4.82539228652107e-05,0.000256958685937752,0.000101039140688149,6.93706882529112e-05,3.08137595124201e-05,0.000117057639181533
"HOXA3",0.000175274371805095,2.44224100034191e-05,0.000116166851342174,1.71305790625168e-05,5.20820312825513e-06,0.000246385547932753,1.16879777460904e-05,5.15053612398745e-05
"NUDT10",2.88913799678728e-05,2.71360111149102e-06,1.60846409550702e-05,0.000119914053437618,0.000236452422022783,0.000375558553645071,2.01883251977925e-05,0.000163880694854146
"TEK",3.65957479593055e-05,8.14080333447305e-06,6.97001108053044e-05,4.64972860268314e-05,9.06227344316392e-05,0.000121996727617189,0.000207195969135238,0.000173245305988669
"MYBL2",2.118701197644e-05,5.69856233413113e-05,0.000259141437609465,4.16028348661123e-05,1.04164062565103e-06,0.000404263666025586,0.000107316886577739,0.000117057639181533
"GRIP1",3.27435639635892e-05,0.00010583044334815,1.60846409550702e-05,8.0758444151865e-05,0.000151037890719399,0.000169838581584714,1.80632383348669e-05,5.15053612398745e-05
"PROM1",0.000340918283620899,8.14080333447305e-06,4.46795582085284e-05,1.71305790625168e-05,4.89571094055982e-05,0.000447321334596358,2.2313412060718e-05,0.00010769302804701
"PDGFRA",0.000379440123578063,0.000594278643416532,0.000466454587697037,0.000159069662723371,0.000167704140729815,0.00324606979169657,0.000124317581481143,3.27761389708292e-05
"C7",8.2821955907902e-05,5.69856233413113e-05,3.39564642384816e-05,3.18139325446741e-05,4.2707265651692e-05,4.06655758723962e-05,0.000481332174452631,0.000126422250316056
"SRCIN1",4.43001159507383e-05,7.32672300102574e-05,8.93591164170569e-06,0.000281430941741348,0.000101039140688149,0.000112428356823684,9.56289088316485e-06,0.000117057639181533
"SOCS2",0.000483449091462405,0.000154675263354988,0.00163527183043214,2.20250302232359e-05,5.10403906569002e-05,4.54497612691487e-05,0.000368702570717578,3.27761389708292e-05
"SYNGR3",9.82306918907675e-05,2.44224100034191e-05,1.78718232834114e-06,0.000349953257991415,9.27060156829413e-05,0.000107644171426931,1.38130646090159e-05,7.95991946434424e-05
"APC2",8.2821955907902e-05,1.35680055574551e-05,0.000466454587697037,0.000403792220759325,5.20820312825513e-06,0.000198543693965229,4.56893675528987e-05,4.21407501053519e-05
"C15orf48",0.000298544259668019,8.95488366792035e-05,5.36154698502341e-06,7.34167674107864e-06,1.04164062565103e-06,5.02339466659012e-05,3.93141069641222e-05,1.4046916701784e-05
"SCIN",5.77827599357456e-06,0.00230384734365587,8.39975694320335e-05,0.000178647467366247,2.18744531386715e-05,0.000260738104123011,0.000275198748748855,0.000229432972795805
"KCNA6",6.74132199250365e-05,2.44224100034191e-05,5.1828287521893e-05,0.000281430941741348,0.000209369765755856,0.000141133469204199,4.14391938270477e-05,5.15053612398745e-05
"IFI30",0.000364031387595197,0.00215731288363536,0.000652321549844515,9.05473464733032e-05,9.37476563085923e-06,0.000126780913013941,0.000530209172299918,0.000276256028468418
"MUTED-TXNDC5",0.000452631619496674,0.000317491330044449,0.00037709547127998,3.67083837053932e-05,0.000126038515703774,0.000351637626661308,0.000120067407755292,0.000397995973217212
"UGT8",4.43001159507383e-05,6.24128255642934e-05,0.000105443757372127,0.000276536490580629,0.000119788671949868,0.00122714355426701,2.2313412060718e-05,5.15053612398745e-05
"KIAA1274",1.92609199785819e-06,0.000154675263354988,0.000223397791042642,6.11806395089887e-05,4.68738281542961e-05,0.000251169733329506,0.000455831132097525,0.00024816219506485
"GBP2",0.00104586795483699,0.00113157166349175,0.00040926475319012,2.20250302232359e-05,5.20820312825513e-06,0.000112428356823684,0.000177444753054281,0.000145151472585101
"DPP6",0.000845554387059744,1.35680055574551e-05,0.00247524752475248,0.00149525482959968,0.000403114922126947,0.0011984384418865,7.43780402023933e-06,0.000238797583930327
"FAM111B",2.50391959721564e-05,0.000111257645571132,0.000184079779819137,1.22361279017977e-05,2.39577343899736e-05,0.000748725014591766,0.000160444058150877,0.000201339139392237
"PRKAA2",0.00072228449919682,0.000377190554497251,5.89770168352575e-05,4.16028348661123e-05,0.00104893211003058,0.000739156643798261,2.44384989236435e-05,0.000304349861871986
"ST18",9.63045998929093e-06,0.000208947285584808,1.2510276298388e-05,0.000119914053437618,9.68725781855454e-05,0.000255953918726258,1.38130646090159e-05,8.89638057779651e-05
"NPR1",1.73348279807237e-05,2.98496122264012e-05,8.04232047753512e-05,9.54417976340223e-05,7.29148437955718e-06,4.06655758723962e-05,0.000175319666191356,5.15053612398745e-05
"KCNJ8",4.81522999464546e-05,0.000116684847794114,0.000116166851342174,8.56528953125841e-05,5.52069531595043e-05,7.89390590464162e-05,0.000466456566412152,4.68230556726132e-06
"ARRB1",9.63045998929093e-06,9.49760389021855e-05,2.68077349251171e-05,0.00103517642049209,0.00019270351574544,0.000150701839997704,0.000143443363247473,1.4046916701784e-05
"SIX1",7.51175879164692e-05,0.000100403241125168,8.39975694320335e-05,8.0758444151865e-05,7.29148437955718e-06,0.000763077570782023,0.000158318971287951,0.00024816219506485
"MMP28",4.04479319550219e-05,2.44224100034191e-05,0.000112592486685492,6.11806395089887e-05,6.97899219186187e-05,2.39209269837625e-06,0.000207195969135238,0.000135786861450578
"CA2",1.92609199785819e-06,0.00580439277747928,0.00265039139292991,0.00236157268504696,0.000765605859853504,0.000117212542220436,0.00477188255069926,0.000828768085405254
"GIMAP4",1.92609199785819e-06,0.000317491330044449,0.000273438896236194,0.000188436369687685,0.000144788046965493,0.000313364143487288,0.000848972201738746,0.000145151472585101
"LOC100652765",4.04479319550219e-05,2.44224100034191e-05,1.60846409550702e-05,7.34167674107864e-06,1.77078906360674e-05,0.000145917654600951,6.05649755933774e-05,0.000126422250316056
"WSCD2",1.92609199785819e-06,2.71360111149102e-06,1.78718232834114e-06,0.000237380881294876,0.000123955234452472,1.19604634918812e-05,1.06254343146276e-06,1.4046916701784e-05
"TCEAL5",5.2004483942171e-05,2.71360111149102e-06,6.25513814919398e-05,0.000682775936920313,0.000201036640750648,0.000629120379672953,3.29388463753456e-05,0.000304349861871986
"S100A11",0.00218996660156476,0.00310164607043423,0.00301140222325482,7.09695418304268e-05,1.35413281334633e-05,2.39209269837625e-06,0.00280830228935608,0.00330102542491923
"TUBB6",0.000529675299411001,0.000567142632301622,0.000169782321192408,8.56528953125841e-05,7.29148437955718e-06,0.000303795772693783,0.000698091034471034,0.00028562063960294
"CNNM1",5.97088519336038e-05,3.52768144493832e-05,5.36154698502341e-06,0.00048699789049155,0.000140621484462888,7.41548736496637e-05,5.20646281416753e-05,6.08699723743971e-05
"MS4A6A",1.73348279807237e-05,0.00135408695463402,0.000226972155699324,7.34167674107864e-06,3.85407031490879e-05,0.000260738104123011,0.000644963862897896,0.000491642084562439
"NAMPT",0.0270673708459011,0.0232365663176976,0.00118847624834686,2.44722558035955e-06,0.000928101797455064,0.000973581728239133,0.00104235510626497,4.68230556726132e-06
"C1QTNF1",0.000479596907466688,0.000127539252240078,0.000362798012653251,5.13917371875505e-05,9.37476563085923e-06,3.58813904756437e-05,8.39409310855581e-05,2.34115278363066e-05
"CABLES1",2.118701197644e-05,0.00010583044334815,6.25513814919398e-05,0.000330375453348539,0.000144788046965493,5.02339466659012e-05,4.35642806899732e-05,6.08699723743971e-05
"MKX",5.58566679378874e-05,2.44224100034191e-05,3.03820995817993e-05,5.62861883482696e-05,0.000221869453263668,7.89390590464162e-05,3.71890201011966e-05,9.83284169124877e-05
"NDRG2",7.89697719121856e-05,0.000312064127821467,0.00247882188940916,0.0103199502723762,0.00195099289184437,0.00148548956569165,0.000302824877966887,0.000323079084141031
"CDH10",5.2004483942171e-05,2.71360111149102e-06,0.000352074918683204,8.0758444151865e-05,0.000307283984567052,0.000265522289519763,3.29388463753456e-05,0.000201339139392237
"CLDN11",5.77827599357456e-06,0.0015114758191005,1.78718232834114e-06,0.00172529403415348,0.00053852820346158,0.00268632010027653,0.000409079221113163,2.34115278363066e-05
"CDA",9.63045998929093e-06,2.71360111149102e-06,7.32744754619866e-05,9.05473464733032e-05,1.35413281334633e-05,6.45865028561587e-05,0.000188070187368909,9.83284169124877e-05
"LOC100505634",0.000194535291783677,0.000138393656686042,8.75719340887157e-05,1.71305790625168e-05,4.062398440039e-05,0.000141133469204199,0.000542959693477471,5.15053612398745e-05
"FHOD1",7.12654039207529e-05,1.89952077804371e-05,3.75308288951639e-05,2.6919481383955e-05,4.47905469029941e-05,9.32916152366737e-05,0.00029644961737811,9.83284169124877e-05
"RCSD1",1.73348279807237e-05,0.000236083296699718,9.47206634020803e-05,1.22361279017977e-05,5.93735156621084e-05,0.000117212542220436,0.000466456566412152,5.15053612398745e-05
"EMX2",0.000171422187809379,2.44224100034191e-05,0.000287736354862923,9.05473464733032e-05,0.000169787421981117,6.45865028561587e-05,5.20646281416753e-05,2.34115278363066e-05
"LPPR4",0.000429518515522375,7.32672300102574e-05,0.000959716910319191,4.16028348661123e-05,0.00240931476713082,0.000662609677450221,7.33154967709305e-05,0.000529100529100529
"RASGEF1A",9.05263238993347e-05,7.32672300102574e-05,1.96590056117525e-05,0.000222697527812719,0.000186453671991534,1.67446488886337e-05,3.29388463753456e-05,5.15053612398745e-05
"GTSE1",2.118701197644e-05,0.000192665678915862,0.000198377238445866,2.44722558035955e-06,1.97911718873695e-05,0.000691314789830735,0.000105191799714813,5.15053612398745e-05
"ITGBL1",7.89697719121856e-05,8.14080333447305e-06,4.46795582085284e-05,1.22361279017977e-05,3.22908593951818e-05,0.000131565098410694,0.000124317581481143,0.000304349861871986
"ZMAT4",1.92609199785819e-06,7.86944322332394e-05,6.97001108053044e-05,0.000188436369687685,8.85394531803372e-05,5.98023174594062e-05,5.3127171573138e-06,9.83284169124877e-05
"SLC4A4",0.000884076227016907,0.0021735944903043,0.00625692533152232,2.44722558035955e-06,0.00283847070489904,0.00199739740314417,5.3127171573138e-06,0.00701877604532472
"JUP",6.74132199250365e-05,1.35680055574551e-05,0.000105443757372127,0.00011012515111618,2.60410156412756e-05,0.000126780913013941,0.00035807713640295,3.27761389708292e-05
"CDH9",1.92609199785819e-06,1.35680055574551e-05,1.2510276298388e-05,7.34167674107864e-06,0.000159371015724607,5.50181320626537e-05,7.43780402023933e-06,6.08699723743971e-05
"PLCB4",7.12654039207529e-05,2.71360111149102e-06,0.000105443757372127,3.18139325446741e-05,0.000255201953284501,0.000308579958090536,0.00029644961737811,4.21407501053519e-05
"GGT5",2.118701197644e-05,0.000100403241125168,0.000130464309968903,0.000129702955759056,4.062398440039e-05,0.000126780913013941,0.000383578178758057,0.000191974528257714
"PFKFB4",0.000622127715308194,9.49760389021855e-05,5.54026521785753e-05,4.16028348661123e-05,2.60410156412756e-05,0.000208112064758734,3.93141069641222e-05,2.34115278363066e-05
"NR1D1",0.000129048163856498,5.69856233413113e-05,8.39975694320335e-05,0.000609359169509527,6.56233594160146e-05,2.39209269837625e-06,3.71890201011966e-05,0.000201339139392237
"NR2E1",0.00045648380349239,5.15584211183293e-05,0.000312756907459699,9.05473464733032e-05,9.47892969342433e-05,4.54497612691487e-05,2.6563585786569e-05,0.000201339139392237
"ZBED6",0.000144456899839364,2.71360111149102e-06,1.78718232834114e-06,6.11806395089887e-05,9.37476563085923e-06,0.00115059658791898,8.18158442226326e-05,3.27761389708292e-05
"TEF",7.12654039207529e-05,8.14080333447305e-06,6.25513814919398e-05,0.000452736732366516,0.00022395273451497,6.45865028561587e-05,4.56893675528987e-05,5.15053612398745e-05
"ELMO1",2.88913799678728e-05,1.89952077804371e-05,0.000201951603102549,0.00249372286638638,0.000565610859728507,0.000801351053956043,0.000139193189521622,0.000276256028468418
"CYTL1",6.35610359293201e-05,6.24128255642934e-05,0.000101869392715445,2.44722558035955e-06,3.85407031490879e-05,0.000165054396187961,0.000362327310128802,0.000276256028468418
"LINC00597",0.000140604715843648,8.14080333447305e-06,1.78718232834114e-06,1.22361279017977e-05,4.68738281542961e-05,0.000332500885074298,0.000262448227571302,0.000117057639181533
"KIAA1239",2.50391959721564e-05,1.89952077804371e-05,8.93591164170569e-06,1.71305790625168e-05,0.000186453671991534,1.67446488886337e-05,9.56289088316485e-06,1.4046916701784e-05
"RNASE4",0.00145034727438721,0.000192665678915862,6.61257461486221e-05,2.6919481383955e-05,5.10403906569002e-05,0.000184191137774971,8.39409310855581e-05,9.83284169124877e-05
"SLFN11",8.66741399036184e-05,0.000181811274469898,1.78718232834114e-06,5.13917371875505e-05,4.062398440039e-05,0.000605199452689191,0.000287949269926408,6.08699723743971e-05
"CHST1",4.81522999464546e-05,8.41216344562215e-05,8.75719340887157e-05,0.000296114295223505,0.000209369765755856,2.15288342853862e-05,0.000143443363247473,6.08699723743971e-05
"HYAL2",5.77827599357456e-06,0.000274073712260593,0.000241269614326054,0.00010523069995546,2.60410156412756e-05,0.000265522289519763,0.000659839470938375,0.000369902139813644
"MCTP1",0.000121343795865066,4.07040166723652e-05,0.000123315580655538,2.44722558035955e-06,0.00087393648492121,0.000198543693965229,7.33154967709305e-05,4.21407501053519e-05
"GRIA1",0.000198387475779393,0.000138393656686042,0.000616577903277692,0.000305903197544943,0.000426031015891269,0.000633904565069706,1.59381514719414e-05,0.00126890480872782
"CFI",0.000248465867723706,0.000572569834524604,0.000273438896236194,6.60750906697078e-05,1.56246093847654e-05,0.000203327879361981,0.000219946490312792,0.000538465140235052
"FCGR2B",0.000202239659775109,0.00018723847669288,5.1828287521893e-05,7.34167674107864e-06,2.81242968925777e-05,5.50181320626537e-05,7.5440583633856e-05,0.000145151472585101
"TRPV2",7.51175879164692e-05,0.000138393656686042,1.60846409550702e-05,9.54417976340223e-05,4.47905469029941e-05,0.000131565098410694,0.00035807713640295,7.02345835089198e-05
"DNM3OS",0.000109787243877917,5.15584211183293e-05,1.2510276298388e-05,2.44722558035955e-06,9.06227344316392e-05,0.000954444986652123,0.000230571924627419,0.00010769302804701
"PCDHGA12",5.2004483942171e-05,4.07040166723652e-05,1.60846409550702e-05,8.56528953125841e-05,2.39577343899736e-05,0.000279874845710021,2.2313412060718e-05,0.00074448658519455
"C12orf53",1.34826439850073e-05,2.71360111149102e-06,0.000180505415162455,0.00059467581602737,1.14580468821613e-05,0.000117212542220436,3.29388463753456e-05,0.000220068361661282
"PDZRN4",1.73348279807237e-05,6.24128255642934e-05,7.32744754619866e-05,6.60750906697078e-05,0.00014270476571419,0.000346853441264556,1.80632383348669e-05,4.68230556726132e-06
"ATP5J2-PTCD1",3.27435639635892e-05,2.71360111149102e-06,2.68077349251171e-05,1.22361279017977e-05,4.68738281542961e-05,0.000126780913013941,2.2313412060718e-05,2.34115278363066e-05
"IL33",0.000753101971162551,0.00150604861687751,0.000462880223040355,2.44722558035955e-06,0.000440613984650384,0.002638478246309,2.86886726494945e-05,2.34115278363066e-05
"TMEM98",1.34826439850073e-05,0.000219801690030772,1.60846409550702e-05,5.13917371875505e-05,0.000301034140813146,0.000724804087608003,0.000343201528362472,0.000613382029311233
"KCNH1",2.118701197644e-05,8.14080333447305e-06,1.96590056117525e-05,0.000124808504598337,0.000144788046965493,0.000112428356823684,1.16879777460904e-05,6.08699723743971e-05
"ANKRD20A1",0.000533527483406717,8.14080333447305e-06,4.11051935518462e-05,4.64972860268314e-05,0.000209369765755856,0.00110275473395145,7.33154967709305e-05,0.000632111251580278
"GALNTL4",4.43001159507383e-05,9.49760389021855e-05,8.75719340887157e-05,0.000173753016205528,0.000103122421939452,0.000102859986030179,0.000294324530515185,4.68230556726132e-06
"LEPRE1",0.000102082875886484,3.52768144493832e-05,0.000116166851342174,3.18139325446741e-05,1.35413281334633e-05,0.000136349283807446,0.000304949964829812,0.000266891417333895
"PLA2R1",5.58566679378874e-05,3.52768144493832e-05,4.82539228652107e-05,7.34167674107864e-06,3.22908593951818e-05,6.45865028561587e-05,0.000100941625988962,0.000472912862293393
"PLOD2",0.0185270789273979,0.00162001986356014,0.00050219823426386,0.000247169783616314,0.000390615234619135,0.00268153591487977,0.00039632869993561,0.00292644097953832
"LOC100652940",0.000152161267830797,4.61312188953473e-05,1.78718232834114e-06,2.44722558035955e-06,3.43741406464838e-05,2.63130196821387e-05,7.96907573597071e-05,5.15053612398745e-05
"BAI3",0.000310100811655168,2.71360111149102e-06,0.000509346963577224,0.000188436369687685,0.00104476554752798,0.00120800681268001,3.18763029438828e-06,0.000369902139813644
"CHD5",2.50391959721564e-05,8.14080333447305e-06,5.89770168352575e-05,2.6919481383955e-05,0.000155204453222003,9.80758006334261e-05,1.06254343146276e-06,4.21407501053519e-05
"DHCR24",1.92609199785819e-06,0.00021437448780779,0.000287736354862923,0.000927498494956268,0.000242702265776689,0.000466458076183368,0.000137068102658696,0.000360537528679122
"GABRD",1.92609199785819e-06,0.000116684847794114,3.75308288951639e-05,0.000193330820848404,9.89558594368474e-05,1.19604634918812e-05,6.48151493192284e-05,2.34115278363066e-05
"NPY2R",5.77827599357456e-06,7.86944322332394e-05,0.000105443757372127,7.34167674107864e-06,0.000128121796955076,5.98023174594062e-05,1.80632383348669e-05,0.000173245305988669
"KCNB1",4.81522999464546e-05,4.61312188953473e-05,5.54026521785753e-05,0.000442947830045078,0.000136454921960284,0.000112428356823684,3.71890201011966e-05,7.95991946434424e-05
"CA4",1.92609199785819e-06,1.89952077804371e-05,6.61257461486221e-05,0.000173753016205528,0.000107288984442056,5.50181320626537e-05,5.41897150046008e-05,4.21407501053519e-05
"SH2D3C",1.73348279807237e-05,1.89952077804371e-05,6.97001108053044e-05,0.00010523069995546,3.64574218977859e-05,0.000117212542220436,0.00023482209835327,9.83284169124877e-05
"HSPA12A",7.12654039207529e-05,2.44224100034191e-05,8.93591164170569e-06,0.00064851477879528,0.000419781172137363,0.000198543693965229,7.33154967709305e-05,4.21407501053519e-05
"FGD5",4.04479319550219e-05,7.32672300102574e-05,5.89770168352575e-05,2.20250302232359e-05,5.93735156621084e-05,5.98023174594062e-05,0.000196570534820611,7.02345835089198e-05
"ADCY8",0.000340918283620899,3.52768144493832e-05,0.000176931050505773,9.05473464733032e-05,1.77078906360674e-05,0.000136349283807446,3.08137595124201e-05,5.15053612398745e-05
"SLC1A1",2.50391959721564e-05,4.61312188953473e-05,1.96590056117525e-05,7.58639929911459e-05,0.000505195703440747,0.00106926543617418,7.1190409908005e-05,0.000294985250737463
"KIAA0040",0.000186830923792244,0.000350054543382341,0.000573685527397505,0.000124808504598337,9.37476563085923e-06,9.32916152366737e-05,0.000406954134250237,3.27761389708292e-05
"CAMK4",2.50391959721564e-05,4.07040166723652e-05,5.1828287521893e-05,5.13917371875505e-05,0.000194786796996742,0.000155486025394456,3.71890201011966e-05,8.89638057779651e-05
"SULT1A1",2.88913799678728e-05,0.00010583044334815,9.47206634020803e-05,0.00016396411388409,0.000280201328300126,0.000131565098410694,0.000171069492465505,8.89638057779651e-05
"SMN2",0.00062597989930391,0.000149248061132006,0.000416413482503485,0.000115019602276899,0.000196870078248044,0.000222464620948991,0.00019232036109476,0.000191974528257714
"COL14A1",7.51175879164692e-05,2.44224100034191e-05,5.36154698502341e-06,0.00010523069995546,1.77078906360674e-05,0.000126780913013941,0.000224196664038643,7.95991946434424e-05
"ASTN1",5.58566679378874e-05,1.35680055574551e-05,0.000873932158558816,0.000912815141474111,0.000153121171970701,0.000322932514280793,3.29388463753456e-05,0.000463548251158871
"KIF18A",5.2004483942171e-05,4.61312188953473e-05,0.000230546520356007,2.20250302232359e-05,1.04164062565103e-06,0.000743940829195013,0.000171069492465505,0.00010769302804701
"ANKRD18A",4.81522999464546e-05,8.41216344562215e-05,3.03820995817993e-05,7.34167674107864e-06,0.000234369140771481,0.000179406952378219,4.14391938270477e-05,0.00010769302804701
"SEPP1",4.43001159507383e-05,0.00476236995066673,0.00271115559209351,0.00273844542442233,0.00185724523553578,0.00207394436949221,0.00237053439559342,5.15053612398745e-05
"CSRNP3",0.000171422187809379,1.89952077804371e-05,0.000477177681667084,0.000193330820848404,0.00406760664316725,0.00238013223488437,0.000341076441499546,0.000360537528679122
"LPL",0.00345733513615544,0.000849357147896688,0.00531686742681488,7.34167674107864e-06,8.2289609426431e-05,0.0018730085828286,0.000483457261315556,0.00834855082642693
"LOC100506303",3.65957479593055e-05,1.89952077804371e-05,3.03820995817993e-05,7.34167674107864e-06,5.72902344108064e-05,0.000184191137774971,0.000166819318739653,5.15053612398745e-05
"L1CAM",7.51175879164692e-05,8.14080333447305e-06,1.2510276298388e-05,0.000198225272009123,6.14567969134105e-05,0.000179406952378219,7.43780402023933e-06,7.95991946434424e-05
"LOC283683",6.74132199250365e-05,4.07040166723652e-05,1.60846409550702e-05,0.000242275332455595,0.000257285234535803,0.000136349283807446,4.78144544158242e-05,8.89638057779651e-05
"EIF4EBP1",0.00159287808222872,0.000127539252240078,0.000473603317010401,1.71305790625168e-05,1.35413281334633e-05,0.000638688750466458,0.000279448922474706,0.00028562063960294
"LPAR1",0.000179126555800811,0.00113699886571474,0.000434285305786896,0.000663198132277437,0.000309367265818355,0.000471242261580121,3.50639332382711e-05,0.000154516083719624
"RDH10",0.00209751418566756,0.00248837221923726,0.000244843978982736,2.44722558035955e-06,8.0206328175129e-05,4.54497612691487e-05,0.000109441973440664,0.000397995973217212
"EFEMP1",0.00181630475398027,0.00420336812169958,8.75719340887157e-05,1.71305790625168e-05,0.000265618359541011,0.000279874845710021,0.00017319457932843,0.00428430959404411
"CNTNAP5",2.88913799678728e-05,1.35680055574551e-05,3.75308288951639e-05,0.000212908625491281,8.85394531803372e-05,0.000241601362536001,1.80632383348669e-05,4.68230556726132e-06
"INHBA",6.74132199250365e-05,0.000111257645571132,7.68488401186689e-05,3.67083837053932e-05,8.85394531803372e-05,5.02339466659012e-05,7.33154967709305e-05,0.00028562063960294
"GPRC5C",7.12654039207529e-05,4.07040166723652e-05,4.11051935518462e-05,0.000100336248794741,3.22908593951818e-05,7.89390590464162e-05,0.000302824877966887,7.02345835089198e-05
"KLHL9",0.000664501739261074,0.000149248061132006,0.00058083425671087,0.00011012515111618,0.000786438672366524,0.00143286352632737,0.000704466295059811,0.000660205084983846
"CASQ1",4.04479319550219e-05,6.24128255642934e-05,0.000119741215998856,0.000242275332455595,0.000161454296975909,8.37232444431687e-05,2.2313412060718e-05,4.21407501053519e-05
"CST3",0.000283135523685153,0.000263219307814628,0.0134914393966472,0.00320831273585137,0.00357386898660867,0.000786998497765785,0.000368702570717578,0.00803015404785316
"PTPRF",0.0012115118666528,6.24128255642934e-05,0.000745255030918254,0.000731720448527504,0.00014270476571419,0.000519084115547646,3.29388463753456e-05,0.00028562063960294
"SOX4",0.00371928364786416,0.000100403241125168,0.00281838653179397,0.000203119723169842,8.2289609426431e-05,0.0350704710508942,0.00373909033531746,7.95991946434424e-05
"DTL",7.12654039207529e-05,0.000116684847794114,0.00014118740393895,7.34167674107864e-06,1.97911718873695e-05,0.000629120379672953,0.000115817234029441,4.68230556726132e-06
"EPB41L3",0.000113639427873633,0.000138393656686042,5.1828287521893e-05,0.00103517642049209,0.000523945234702466,0.000193759508568476,8.18158442226326e-05,4.68230556726132e-06
"OMD",3.65957479593055e-05,5.69856233413113e-05,3.39564642384816e-05,5.62861883482696e-05,0.00027395148454622,0.000169838581584714,0.000107316886577739,0.00010769302804701
"APCDD1",1.73348279807237e-05,0.00016010246557797,0.000359223647996569,0.000340164355669977,0.000278118047048824,0.000715235716814498,0.000383578178758057,0.000135786861450578
"MOB3B",0.000298544259668019,6.24128255642934e-05,0.000216249061729278,9.05473464733032e-05,0.000313533828320959,0.00208351274028571,0.00017319457932843,2.34115278363066e-05
"HLA-DRB5",0.000125195979860782,0.00026864651003761,0.000473603317010401,0.000266747588259191,7.29148437955718e-06,0.000299011587297031,0.000292199443652259,1.4046916701784e-05
"STAB1",2.118701197644e-05,0.000284928116706557,0.000126889945312221,4.16028348661123e-05,3.12492187695308e-06,0.000155486025394456,0.000298574704241036,9.83284169124877e-05
"TPX2",2.50391959721564e-05,0.0002415104989227,0.00065947027915788,2.20250302232359e-05,3.64574218977859e-05,0.00147113700950139,0.000326200833459068,0.000622746640445756
"EHD3",8.2821955907902e-05,8.14080333447305e-06,3.39564642384816e-05,0.00112327654138503,0.000184370390740231,8.37232444431687e-05,8.18158442226326e-05,7.02345835089198e-05
"TWIST1",0.000267726787702288,4.61312188953473e-05,9.47206634020803e-05,2.44722558035955e-06,6.97899219186187e-05,0.000107644171426931,0.000294324530515185,0.000210703750526759
"NMB",0.000248465867723706,0.000111257645571132,0.00069163956106802,2.44722558035955e-06,1.14580468821613e-05,0.000227248806345744,4.14391938270477e-05,0.000182609917123191
"MXRA8",0.000109787243877917,4.07040166723652e-05,0.000198377238445866,4.16028348661123e-05,1.35413281334633e-05,2.63130196821387e-05,0.00035807713640295,0.000294985250737463
"SH3BGRL2",6.74132199250365e-05,5.69856233413113e-05,1.78718232834114e-06,0.000418475574241482,0.00104893211003058,0.000299011587297031,0.000141318276384547,0.000135786861450578
"TMEM246",1.92609199785819e-06,0.000143820858909024,3.03820995817993e-05,0.000359742160312853,0.000159371015724607,0.000193759508568476,4.78144544158242e-05,9.83284169124877e-05
"LOC100506284",3.27435639635892e-05,5.15584211183293e-05,1.78718232834114e-06,7.34167674107864e-06,0.000109372265693358,5.50181320626537e-05,4.56893675528987e-05,0.000117057639181533
"CACNA2D3",1.34826439850073e-05,6.24128255642934e-05,1.78718232834114e-06,0.000139491858080494,0.00013228835945768,5.98023174594062e-05,3.50639332382711e-05,0.000117057639181533
"SEMA3C",0.000379440123578063,6.24128255642934e-05,1.78718232834114e-06,4.16028348661123e-05,0.000523945234702466,0.000519084115547646,0.000423954829153642,0.00110034180830641
"ZNF204P",0.000217648395757975,2.71360111149102e-06,0.000123315580655538,2.44722558035955e-06,0.000994766797496729,0.000227248806345744,4.56893675528987e-05,7.95991946434424e-05
"SPOCK2",0.000348622651612332,2.98496122264012e-05,0.000495049504950495,0.00140226025754602,0.000178120546986325,1.67446488886337e-05,0.000147693536973324,0.0016341246429742
"TUB",7.51175879164692e-05,1.89952077804371e-05,0.000126889945312221,0.000584886913705932,0.000211453047007158,0.000174622766981466,4.35642806899732e-05,1.4046916701784e-05
"ARRDC3",0.0167319611853941,0.00298767482375161,2.32333702684348e-05,6.11806395089887e-05,0.000755189453596993,0.0034948474323277,0.000757593466632949,7.95991946434424e-05
"PNMAL2",4.43001159507383e-05,1.35680055574551e-05,4.11051935518462e-05,0.000575098011384493,2.81242968925777e-05,0.000141133469204199,3.50639332382711e-05,4.68230556726132e-06
"HSPA6",0.000294692075672302,0.000138393656686042,7.68488401186689e-05,1.71305790625168e-05,1.77078906360674e-05,5.98023174594062e-05,3.08137595124201e-05,7.95991946434424e-05
"SHISA6",9.82306918907675e-05,1.35680055574551e-05,8.04232047753512e-05,2.44722558035955e-06,0.000167704140729815,0.000165054396187961,4.78144544158242e-05,0.00024816219506485
"GRIK1",5.97088519336038e-05,1.89952077804371e-05,0.000169782321192408,5.62861883482696e-05,0.000115622109447264,8.37232444431687e-05,5.20646281416753e-05,0.000369902139813644
"RBFOX3",1.73348279807237e-05,2.71360111149102e-06,2.32333702684348e-05,0.000237380881294876,9.68725781855454e-05,7.17627809512874e-06,3.18763029438828e-06,4.21407501053519e-05
"C10orf10",0.00176622636203596,0.000388044958943215,0.000226972155699324,0.000320586551027101,3.85407031490879e-05,0.000141133469204199,0.000317700486007366,0.00028562063960294
"ANKRD20A4",0.000129048163856498,1.89952077804371e-05,5.36154698502341e-06,3.18139325446741e-05,7.39564844212228e-05,0.000466458076183368,4.78144544158242e-05,0.00024816219506485
"OLIG2",1.92609199785819e-06,4.61312188953473e-05,0.000755978124888301,0.000134597406919775,7.39564844212228e-05,0.00121757518347351,2.01883251977925e-05,0.000510371306831484
"MIPOL1",6.35610359293201e-05,8.14080333447305e-06,2.32333702684348e-05,3.18139325446741e-05,0.000159371015724607,0.000165054396187961,0.00011156706030359,7.95991946434424e-05
"KIF2C",3.27435639635892e-05,6.78400277872754e-05,0.000198377238445866,0.000100336248794741,3.12492187695308e-06,0.000739156643798261,0.00013069284206992,9.83284169124877e-05
"C1orf61",0.00263681994506786,0.00185338955914836,0.0219376630803875,0.000932392946116987,0.00684878711365549,0.0209284190180938,4.99395412787498e-05,0.00342276536966802
"IL1B",0.000182978739796528,0.000350054543382341,1.2510276298388e-05,7.34167674107864e-06,4.2707265651692e-05,6.93706882529112e-05,4.99395412787498e-05,2.34115278363066e-05
"ITGA3",0.000390996675565212,0.000219801690030772,0.000212674697072595,0.000149280760401932,3.12492187695308e-06,2.39209269837625e-06,7.33154967709305e-05,0.00120335253078616
"FAM60A",0.00089178059500834,0.000219801690030772,1.2510276298388e-05,7.34167674107864e-06,1.77078906360674e-05,0.00185865602663834,0.000479207087589705,0.00024816219506485
"MT1M",0.000298544259668019,4.61312188953473e-05,0.000620152267934375,2.44722558035955e-06,0.000269784922043616,0.000121996727617189,2.86886726494945e-05,0.00010769302804701
"CD163L1",9.43785078950511e-05,3.52768144493832e-05,2.32333702684348e-05,3.67083837053932e-05,6.14567969134105e-05,5.98023174594062e-05,0.000151943710699175,0.000257526806199373
"KDM5D",5.97088519336038e-05,1.35680055574551e-05,8.04232047753512e-05,0.000100336248794741,1.35413281334633e-05,0.000160270210791209,3.71890201011966e-05,5.15053612398745e-05
"TMEM81",0.000171422187809379,2.71360111149102e-06,0.000101869392715445,5.13917371875505e-05,2.18744531386715e-05,0.000533436671737903,5.20646281416753e-05,5.15053612398745e-05
"KCNA4",5.77827599357456e-06,8.14080333447305e-06,3.75308288951639e-05,2.6919481383955e-05,0.000176037265735023,3.58813904756437e-05,1.06254343146276e-06,7.02345835089198e-05
"CALD1",0.00613845519717404,0.0014192133813098,0.00341173106480323,0.000261853137098471,0.000271868203294918,0.00214570715044349,0.0129343411911962,0.00363815142576205
"TNFRSF10D",8.66741399036184e-05,3.52768144493832e-05,9.47206634020803e-05,3.67083837053932e-05,5.20820312825513e-06,4.54497612691487e-05,0.00017319457932843,3.27761389708292e-05
"LGR6",1.73348279807237e-05,2.71360111149102e-06,0.000184079779819137,0.000115019602276899,3.02075781438797e-05,7.17627809512874e-06,7.43780402023933e-06,0.000229432972795805
"MEGF10",1.73348279807237e-05,7.86944322332394e-05,0.000312756907459699,0.000183541918526966,0.000494779297184237,0.000786998497765785,4.78144544158242e-05,0.000126422250316056
"TGFB3",8.2821955907902e-05,0.000317491330044449,0.00021982342638596,0.000296114295223505,2.60410156412756e-05,3.10972050788912e-05,0.00090422446017481,9.83284169124877e-05
"TMEM30B",1.34826439850073e-05,5.69856233413113e-05,5.36154698502341e-06,4.64972860268314e-05,2.39577343899736e-05,7.89390590464162e-05,0.000141318276384547,2.34115278363066e-05
"PLCH1",6.74132199250365e-05,5.15584211183293e-05,4.82539228652107e-05,8.0758444151865e-05,0.000207286484504554,0.000131565098410694,2.86886726494945e-05,8.89638057779651e-05
"CLCN4",2.88913799678728e-05,0.000181811274469898,7.68488401186689e-05,0.000619148071830965,0.00087393648492121,0.000399479480628833,5.41897150046008e-05,0.000191974528257714
"CACNB4",1.73348279807237e-05,0.000306636925598485,0.000209100332415913,2.6919481383955e-05,0.00258222711098889,0.000667393862846973,0.000324075746596142,0.000229432972795805
"DDIT3",0.00493657379051053,0.000377190554497251,0.000462880223040355,0.000452736732366516,0.000257285234535803,0.000562141784118418,5.63148018675263e-05,0.00038863136208269
"GALR1",5.2004483942171e-05,0.00010583044334815,0.000155484862565679,2.20250302232359e-05,4.89571094055982e-05,0.000222464620948991,2.6563585786569e-05,0.000163880694854146
"MIR210HG",0.000383292307573779,8.14080333447305e-06,6.61257461486221e-05,1.22361279017977e-05,4.062398440039e-05,0.000155486025394456,4.78144544158242e-05,3.27761389708292e-05
"GIMAP8",3.65957479593055e-05,5.69856233413113e-05,8.75719340887157e-05,5.13917371875505e-05,4.062398440039e-05,0.000131565098410694,0.000200820708546462,7.95991946434424e-05
"OAS2",4.04479319550219e-05,6.24128255642934e-05,0.000262715802266147,5.13917371875505e-05,1.97911718873695e-05,5.50181320626537e-05,0.000236947185216196,0.00010769302804701
"SPTBN2",4.81522999464546e-05,5.69856233413113e-05,4.46795582085284e-05,0.000472314537009392,2.60410156412756e-05,0.000126780913013941,1.59381514719414e-05,9.83284169124877e-05
"THEMIS",6.74132199250365e-05,1.35680055574551e-05,2.68077349251171e-05,3.18139325446741e-05,0.000182287109488929,0.000131565098410694,4.14391938270477e-05,2.34115278363066e-05
"TMEM229A",1.92609199785819e-06,9.49760389021855e-05,0.000144761768595632,7.09695418304268e-05,9.89558594368474e-05,9.32916152366737e-05,1.38130646090159e-05,4.68230556726132e-06
"SNTB1",0.000444927251505241,0.000138393656686042,0.000309182542803017,3.67083837053932e-05,5.10403906569002e-05,0.000255953918726258,0.00123998818451704,6.08699723743971e-05
"NTRK3",0.0001059350598822,2.98496122264012e-05,0.000555813704114094,0.000731720448527504,0.000161454296975909,0.000308579958090536,2.86886726494945e-05,0.000304349861871986
"PDE10A",3.65957479593055e-05,4.61312188953473e-05,3.03820995817993e-05,2.20250302232359e-05,0.00022395273451497,0.000380342739041823,8.81911048114092e-05,3.27761389708292e-05
"SHC3",0.000383292307573779,8.95488366792035e-05,0.000369946741966615,0.00109390983442072,0.00154266976658917,0.00208829692568246,5.41897150046008e-05,0.00024816219506485
"BACE2",0.000337066099625183,0.0002415104989227,4.46795582085284e-05,2.6919481383955e-05,3.64574218977859e-05,8.37232444431687e-05,0.000332576094047844,0.000135786861450578
"GPR123",5.97088519336038e-05,5.69856233413113e-05,0.000205525967759231,0.000242275332455595,5.10403906569002e-05,0.000102859986030179,2.2313412060718e-05,3.27761389708292e-05
"TNFAIP3",0.000645240819282492,0.000469452992287946,2.32333702684348e-05,1.71305790625168e-05,4.68738281542961e-05,6.45865028561587e-05,0.000241197358942047,0.00010769302804701
"GRIA3",0.000206091843770826,0.000208947285584808,0.00110984022589985,0.000628936974152403,0.000982267109988917,0.000978365913635885,1.80632383348669e-05,0.000931778807885003
"EYA1",9.43785078950511e-05,9.49760389021855e-05,1.78718232834114e-06,4.64972860268314e-05,4.47905469029941e-05,0.000576494340308676,2.6563585786569e-05,2.34115278363066e-05
"SLC25A23",0.000202239659775109,8.14080333447305e-06,0.000948993816349144,0.0017057162295106,0.000126038515703774,0.000102859986030179,5.84398887304519e-05,0.000575923584773142
"PART1",1.92609199785819e-06,8.95488366792035e-05,3.75308288951639e-05,0.000570203560223774,0.000338533203336583,2.15288342853862e-05,0.000194445447957685,0.000182609917123191
"IL6",0.000202239659775109,8.95488366792035e-05,4.46795582085284e-05,1.22361279017977e-05,9.37476563085923e-06,7.89390590464162e-05,2.01883251977925e-05,3.27761389708292e-05
"GPR22",0.000425666331526659,5.15584211183293e-05,3.75308288951639e-05,7.34167674107864e-06,0.00120101164137563,0.000499947373960636,0.000103066712851888,0.000126422250316056
"KIF23",6.35610359293201e-05,8.41216344562215e-05,0.000187654144475819,7.09695418304268e-05,5.20820312825513e-06,0.000624336194276201,0.000198695621683536,7.95991946434424e-05
"SCN8A",6.35610359293201e-05,7.86944322332394e-05,1.78718232834114e-06,0.000188436369687685,0.000151037890719399,0.000141133469204199,2.44384989236435e-05,8.89638057779651e-05
"DLX5",1.92609199785819e-06,4.61312188953473e-05,1.78718232834114e-06,9.05473464733032e-05,2.39577343899736e-05,0.000442537149199606,6.26900624563029e-05,5.15053612398745e-05
"LOC100506411",2.118701197644e-05,1.35680055574551e-05,1.96590056117525e-05,3.18139325446741e-05,0.000169787421981117,0.000160270210791209,5.3127171573138e-06,6.08699723743971e-05
"IL13RA2",9.63045998929093e-06,0.000230656094476736,1.2510276298388e-05,2.44722558035955e-06,6.14567969134105e-05,0.000217680435552239,2.86886726494945e-05,0.000360537528679122
"MX1",0.000109787243877917,7.32672300102574e-05,0.000709511384351432,0.000575098011384493,5.20820312825513e-06,4.06655758723962e-05,0.000115817234029441,6.08699723743971e-05
"CDC20",5.77827599357456e-06,0.000236083296699718,0.000201951603102549,3.18139325446741e-05,1.77078906360674e-05,0.000576494340308676,0.000126442668344069,1.4046916701784e-05
"CSPG4",0.000140604715843648,4.07040166723652e-05,0.000445008399756943,0.00011012515111618,3.12492187695308e-06,0.000318148328884041,0.000702341208196885,7.02345835089198e-05
"SELENBP1",2.50391959721564e-05,2.71360111149102e-06,2.32333702684348e-05,0.000477208988170112,5.52069531595043e-05,0.000107644171426931,6.69402361821539e-05,0.000145151472585101
"SLC2A1",0.00753679798761908,0.000301209723375503,0.000319905636773064,0.000467420085848673,0.000384365390865228,0.000648257121259963,0.000188070187368909,0.000407360584351735
"FAM196A",0.000159865635822229,0.000605133047862496,0.000806019230081853,2.44722558035955e-06,6.35400781647126e-05,0.000155486025394456,4.56893675528987e-05,0.000978601863557616
"MAST3",0.000113639427873633,1.35680055574551e-05,5.1828287521893e-05,0.00200427775031447,0.000444780547152988,2.39209269837625e-06,6.05649755933774e-05,8.89638057779651e-05
"STEAP1B",4.04479319550219e-05,1.89952077804371e-05,3.39564642384816e-05,8.0758444151865e-05,2.39577343899736e-05,5.50181320626537e-05,0.000190195274231834,9.83284169124877e-05
"HIST1H4J",0.0001059350598822,0.00016010246557797,0.000151910497908997,2.44722558035955e-06,2.39577343899736e-05,0.000351637626661308,0.000124317581481143,0.000163880694854146
"LPAR6",3.65957479593055e-05,0.00103930922570106,0.000366372377309933,3.18139325446741e-05,0.00012187195320117,0.000361205997454813,0.00158425225631098,0.000407360584351735
"F2RL2",5.2004483942171e-05,9.49760389021855e-05,3.39564642384816e-05,9.54417976340223e-05,7.29148437955718e-06,8.85074298399212e-05,0.000162569145013802,8.89638057779651e-05
"CPEB1",0.000206091843770826,2.44224100034191e-05,8.93591164170569e-06,0.000345058806830696,0.000338533203336583,6.45865028561587e-05,5.63148018675263e-05,0.000163880694854146
"HMGA2",0.000102082875886484,8.14080333447305e-06,1.78718232834114e-06,2.44722558035955e-06,1.35413281334633e-05,0.000112428356823684,6.90653230450795e-05,0.000191974528257714
"OLFM2",0.000113639427873633,8.14080333447305e-06,0.00122421989491368,0.000516364597455864,0.000128121796955076,0.000112428356823684,9.03161916743347e-05,7.95991946434424e-05
"TAGLN2",0.00236331488137199,0.00310164607043423,0.00202130321335383,0.000193330820848404,9.37476563085923e-06,0.00120800681268001,0.00281255246308193,0.00175586458772299
"MDM4",0.00325316938438248,2.71360111149102e-06,0.000384244200593345,0.000134597406919775,0.000361449297100906,0.00784367195797572,0.000419704655427791,1.4046916701784e-05
"FLNC",0.000417961963535226,8.41216344562215e-05,0.000194802873789184,3.18139325446741e-05,4.062398440039e-05,0.000188975323171724,2.44384989236435e-05,0.000173245305988669
"C4orf6",0.000279283339689437,2.71360111149102e-06,1.78718232834114e-06,7.34167674107864e-06,3.12492187695308e-06,2.63130196821387e-05,5.3127171573138e-06,3.27761389708292e-05
"PAK1",0.000163717819817946,0.000143820858909024,1.2510276298388e-05,0.00127989897852804,0.00119892836012433,5.98023174594062e-05,0.000249697706393749,0.000173245305988669
"CORO2B",0.000121343795865066,2.44224100034191e-05,0.000913250169782321,0.000800242764777572,2.60410156412756e-05,8.85074298399212e-05,4.78144544158242e-05,0.000454183640024348
"GPR88",2.88913799678728e-05,2.98496122264012e-05,8.93591164170569e-06,2.6919481383955e-05,0.000157287734473305,0.000131565098410694,3.29388463753456e-05,7.95991946434424e-05
"MIAT",9.43785078950511e-05,1.89952077804371e-05,6.97001108053044e-05,0.000149280760401932,0.000115622109447264,0.000126780913013941,2.6563585786569e-05,7.95991946434424e-05
"PIK3R3",1.34826439850073e-05,0.000116684847794114,0.000162633591879043,0.000418475574241482,0.000259368515787105,0.00194955554917664,0.000678965252704704,2.34115278363066e-05
"HSD17B6",4.81522999464546e-05,7.32672300102574e-05,9.82950280587626e-05,0.000159069662723371,0.000244785547027991,0.000165054396187961,3.29388463753456e-05,6.08699723743971e-05
"CITED1",0.000367883571590913,0.000420608172281107,0.000445008399756943,2.44722558035955e-06,3.43741406464838e-05,7.41548736496637e-05,3.50639332382711e-05,0.000210703750526759
"SLC1A3",0.00202432268974895,0.00482749637734252,0.0132269364120528,0.00722665713880174,0.00384469554927793,0.000920955688874855,0.000134943015795771,0.00625087793229386
"CYP4X1",1.92609199785819e-06,4.07040166723652e-05,5.1828287521893e-05,8.0758444151865e-05,0.000161454296975909,5.98023174594062e-05,8.18158442226326e-05,2.34115278363066e-05
"AKAP12",0.0274988154534213,0.00165801027912101,1.60846409550702e-05,0.00164698281558197,0.00262805929851754,0.000480810632373626,0.00107423140920885,0.00418129887156436
"GPM6A",0.00442038113508454,0.00467553471509902,0.0103352754047968,0.00422146412612022,0.0247170904060732,0.0294059955411392,3.18763029438828e-06,0.00327293159151566
"MDK",0.000491153459453837,0.00085478435011967,0.00103477856810952,2.44722558035955e-06,2.18744531386715e-05,0.000361205997454813,0.000168944405602579,0.0012220817530552
"MYT1",9.63045998929093e-06,2.71360111149102e-06,4.82539228652107e-05,0.00010523069995546,2.60410156412756e-05,0.000447321334596358,2.6563585786569e-05,0.000117057639181533
"ETNK2",0.000102082875886484,5.15584211183293e-05,1.78718232834114e-06,5.13917371875505e-05,3.43741406464838e-05,0.000614767823482696,2.01883251977925e-05,6.08699723743971e-05
"PTPRZ1",0.0255457581675931,0.0240886370667057,0.0632430210530078,1.71305790625168e-05,0.00186141179803838,0.0748509726248912,1.80632383348669e-05,0.0479514913143232
"MRC2",0.00019068310778796,5.69856233413113e-05,0.000302033813489652,2.20250302232359e-05,2.39577343899736e-05,9.80758006334261e-05,0.000164694231876728,0.000360537528679122
"NOS2",2.88913799678728e-05,1.89952077804371e-05,0.00014118740393895,5.62861883482696e-05,1.97911718873695e-05,1.19604634918812e-05,5.63148018675263e-05,0.000585288195907665
"GABRA3",3.65957479593055e-05,3.52768144493832e-05,3.75308288951639e-05,0.000222697527812719,8.64561719290351e-05,7.41548736496637e-05,2.2313412060718e-05,5.15053612398745e-05
"COL5A3",5.58566679378874e-05,1.35680055574551e-05,8.75719340887157e-05,7.09695418304268e-05,2.81242968925777e-05,0.000107644171426931,0.000213571229724015,7.95991946434424e-05
"PLAUR",0.000502710011440986,0.000502016205625838,6.61257461486221e-05,2.6919481383955e-05,4.062398440039e-05,2.15288342853862e-05,0.000258198053845451,4.68230556726132e-06
"EZH2",2.88913799678728e-05,0.000138393656686042,0.000134038674625585,2.20250302232359e-05,3.22908593951818e-05,0.000944876615858618,7.1190409908005e-05,2.34115278363066e-05
"FAM64A",5.77827599357456e-06,0.000143820858909024,0.000273438896236194,3.18139325446741e-05,1.04164062565103e-06,0.000514299930150893,7.75656704967816e-05,0.000154516083719624
"LRRC36",5.77827599357456e-06,5.15584211183293e-05,8.75719340887157e-05,2.44722558035955e-06,2.39577343899736e-05,9.80758006334261e-05,0.000145568450110398,5.15053612398745e-05
"PODXL",9.05263238993347e-05,0.000795085125666867,0.00108481967330307,7.09695418304268e-05,0.000194786796996742,0.000839624537130063,0.00298680958584182,0.000641475862714801
"ANG",0.000464188171483823,6.24128255642934e-05,5.54026521785753e-05,5.13917371875505e-05,1.35413281334633e-05,0.000131565098410694,3.08137595124201e-05,8.89638057779651e-05
"CASP4",0.000229204947745124,0.000436889778950053,0.000169782321192408,0.000100336248794741,1.77078906360674e-05,5.50181320626537e-05,0.000413329394839014,5.15053612398745e-05
"LYNX1",4.04479319550219e-05,5.15584211183293e-05,4.11051935518462e-05,0.000398897769598606,7.81230469238269e-05,0.000141133469204199,2.6563585786569e-05,8.89638057779651e-05
"SLIT2",2.118701197644e-05,8.41216344562215e-05,8.93591164170569e-06,0.000217803076652,0.000167704140729815,8.37232444431687e-05,6.69402361821539e-05,7.02345835089198e-05
"CPNE5",9.63045998929093e-06,5.69856233413113e-05,0.000269864531579512,0.000751298253170381,9.06227344316392e-05,0.000198543693965229,6.90653230450795e-05,0.000491642084562439
"HLA-DRB6",1.34826439850073e-05,0.00018723847669288,0.000194802873789184,6.60750906697078e-05,1.77078906360674e-05,0.000112428356823684,0.000141318276384547,0.00024816219506485
"CRB1",0.000256170235715139,1.89952077804371e-05,0.000144761768595632,0.000129702955759056,9.68725781855454e-05,0.000992718469826143,2.44384989236435e-05,6.08699723743971e-05
"HECW1",3.65957479593055e-05,5.15584211183293e-05,1.2510276298388e-05,0.00016396411388409,0.000136454921960284,5.50181320626537e-05,2.01883251977925e-05,4.68230556726132e-06
"PIPOX",0.000206091843770826,0.000371763352274269,0.000881080887872181,0.00011012515111618,8.43728906777331e-05,7.89390590464162e-05,3.29388463753456e-05,0.000491642084562439
"PTCD1",0.000117491611869349,1.89952077804371e-05,0.000130464309968903,0.00011012515111618,3.12492187695308e-06,0.000193759508568476,4.35642806899732e-05,0.000117057639181533
"TGM2",0.000202239659775109,0.00018723847669288,0.000137613039282268,0.000188436369687685,5.10403906569002e-05,4.54497612691487e-05,0.000479207087589705,0.000145151472585101
"BNIP3",0.00851525272253104,0.000149248061132006,0.000130464309968903,0.000692564839241752,0.00159683507912302,0.00247103175742266,7.75656704967816e-05,0.000220068361661282
"FOXS1",9.63045998929093e-06,2.71360111149102e-06,3.03820995817993e-05,5.62861883482696e-05,1.35413281334633e-05,0.000131565098410694,0.000128567755206994,0.000117057639181533
"AKR1C1",1.92609199785819e-06,2.98496122264012e-05,6.25513814919398e-05,9.05473464733032e-05,0.000130205078206378,0.000169838581584714,6.69402361821539e-05,3.27761389708292e-05
"ITIH5",2.118701197644e-05,2.71360111149102e-06,0.000166207956535726,0.00016396411388409,0.00013228835945768,0.000174622766981466,0.000602462125639386,0.000238797583930327
"DSG2",0.000256170235715139,0.000181811274469898,0.000237695249669371,2.44722558035955e-06,4.47905469029941e-05,0.000198543693965229,2.6563585786569e-05,0.000875591141077867
"AKR1C3",3.27435639635892e-05,0.00018723847669288,0.000116166851342174,0.00011012515111618,0.000255201953284501,0.000232032991742496,0.000124317581481143,7.95991946434424e-05
"ART3",1.34826439850073e-05,7.86944322332394e-05,0.000126889945312221,0.00010523069995546,7.60397656725248e-05,8.37232444431687e-05,3.93141069641222e-05,0.000135786861450578
"LOC100653010",0.00019068310778796,0.000138393656686042,4.46795582085284e-05,1.71305790625168e-05,1.14580468821613e-05,5.02339466659012e-05,3.71890201011966e-05,0.00028562063960294
"CETP",1.92609199785819e-06,8.95488366792035e-05,9.82950280587626e-05,1.71305790625168e-05,9.37476563085923e-06,4.54497612691487e-05,0.00013069284206992,3.27761389708292e-05
"NDST3",5.2004483942171e-05,8.95488366792035e-05,2.32333702684348e-05,2.44722558035955e-06,0.000323950234577469,0.000131565098410694,4.56893675528987e-05,1.4046916701784e-05
"KGFLP1",0.000290839891676586,2.71360111149102e-06,5.54026521785753e-05,2.44722558035955e-06,0.000282284609551428,0.000452105519993111,4.35642806899732e-05,0.00028562063960294
"PCDHA7",4.81522999464546e-05,2.71360111149102e-06,0.000159059227222361,7.34167674107864e-06,3.22908593951818e-05,1.19604634918812e-05,2.2313412060718e-05,4.68230556726132e-06
"ASRGL1",7.12654039207529e-05,1.89952077804371e-05,0.000269864531579512,0.000535942402098741,0.000546861328466788,0.000629120379672953,6.48151493192284e-05,4.68230556726132e-06
"IGFBP1",4.04479319550219e-05,5.15584211183293e-05,4.11051935518462e-05,7.58639929911459e-05,2.18744531386715e-05,7.41548736496637e-05,0.000158318971287951,0.000117057639181533
"CYP7B1",9.63045998929093e-06,2.44224100034191e-05,6.97001108053044e-05,2.44722558035955e-06,7.81230469238269e-05,0.000131565098410694,0.000164694231876728,0.000117057639181533
"CCDC80",9.82306918907675e-05,0.00013296645446306,0.00154591271401508,0.000115019602276899,9.37476563085923e-06,0.00106926543617418,0.000372952744443429,0.00211171981083486
"HSPA2",0.00024461368372799,3.52768144493832e-05,0.000716660113664796,0.000677881485759594,0.000219786172012366,0.000299011587297031,8.81911048114092e-05,0.000163880694854146
"KLF5",0.000325509547638033,2.71360111149102e-06,9.1146298745398e-05,7.34167674107864e-06,0.000126038515703774,0.000102859986030179,3.71890201011966e-05,0.000238797583930327
"B3GNT7",1.34826439850073e-05,4.07040166723652e-05,0.000352074918683204,0.00010523069995546,6.77066406673166e-05,0.000370774368248318,5.20646281416753e-05,0.00028562063960294
