sample,absolute_purity,nnls,svr,cibersortx,elastic_net,bayesian,music,dwls,bisque,scdc,scdc_ensemble,epic,bayesprism
TCGA-CS-4938-01B,0.79,0.9860815990591479,0.5980596967019479,0.6486536112335054,0.8565763873802841,0.027241441314387126,0.9860815990591482,0.8442600205487639,0.0,0.7371424840054696,0.7371424840054696,0.7890302894194787,1.0
TCGA-CS-4941-01A,0.62,0.9735241707176258,0.8194462118676461,0.644905523368155,0.8204406350306436,0.12215543193056365,0.9735241707176261,0.6659951664245746,0.560022806807719,0.5328188749018211,0.5328188749018211,0.905615195035072,0.9493751368947095
TCGA-CS-4942-01A,0.77,0.9167891345326857,0.6307587641285384,0.5316087130404148,0.7294043442382333,0.14192757082998597,0.9167891345326858,0.8044698990356393,0.0,0.668635984007879,0.668635984007879,0.6503383304717154,0.9935347055404326
TCGA-CS-4943-01A,0.9,0.928855480340471,0.7740751639107816,0.7167635920547824,0.9156220747494398,0.28276083533745777,0.9288554803404709,0.9174554982293254,0.02221751373806358,0.7154133622507565,0.7154133622507565,0.7024344717596607,0.986586080786537
TCGA-CS-4944-01A,0.74,0.9710064866394065,0.6359755017294049,0.5404114037178028,0.952694440851868,0.004182497917907948,0.9710064866394065,0.8633894186650134,0.9565656828420983,0.6604498193489182,0.6604498193489182,0.1875336203082296,1.0
TCGA-CS-5390-01A,0.86,0.8474507777499304,0.6921929332206275,0.6096557836983846,0.8133797354572513,0.2786459883826303,0.8474507777499305,0.8797566126492072,0.0,0.54408427963207,0.54408427963207,0.30090175109229567,0.9552342973385527
TCGA-CS-5393-01A,0.71,0.7966013768514415,0.6004279584623309,0.4998023536270262,0.21172951975920293,0.14332350713355022,0.7966013768514416,0.7550590652794356,0.0,0.654588414715654,0.654588414715654,0.18776225319533843,0.9253476189964396
TCGA-CS-5394-01A,0.9,0.8102297918567576,0.7994633172365407,0.8122308397797525,0.7731070814580274,0.3545275398026108,0.8102297918567575,0.931316460584741,0.0,0.40958098801182424,0.40958098801182424,0.48227698677277675,0.8979785210035084
TCGA-CS-5395-01A,0.81,0.8904233136229008,0.5508576810872993,0.5234697925048523,0.8126662701750581,0.07908997642797798,0.8904233136229008,0.7353495940180481,0.0,0.7840656741107354,0.7840656741107354,0.530249307991669,0.9787940198377166
TCGA-CS-5396-01A,0.89,0.9094983498060918,0.7183819397477519,0.7234566644383923,0.8924319270860452,0.24821539631186304,0.9094983498060918,0.8409120664192209,0.0,0.5913325565542626,0.5913325565542626,0.6001248092508561,0.9651832754861064
TCGA-CS-5397-01A,0.64,0.9484725102047694,0.6556610010511662,0.6561657525927019,0.8774795825041576,0.11669472151098412,0.9484725102047694,0.8523052178221457,0.5565150839395407,0.7250391592800959,0.7250391592800959,0.8102884767520131,0.995601122948193
TCGA-CS-6186-01A,0.89,0.8819349340458807,0.6119568861718551,0.5851832564151364,0.8506522439002605,0.05959483305825024,0.8819349340458809,0.5668531948676452,0.0,0.3226702727702091,0.3226702727702091,0.736069153015906,0.9278076465085691
TCGA-CS-6188-01A,0.68,0.9706463162373624,0.6512520719976705,0.654305419733399,0.950985719675606,0.05304166539922324,0.9706463162373624,0.7591986255509562,0.7520026119728377,0.5766831994059888,0.5766831994059888,0.7162955520895393,0.9969455909006674
TCGA-CS-6290-01A,0.69,0.9808269716528549,0.46660179944314223,0.45645483026817435,0.8002809751168187,0.019089943970409345,0.9808269716528549,0.5609000701058143,0.07900764601696386,0.5526439306395298,0.5526439306395298,0.8549894067398401,1.0
TCGA-CS-6665-01A,0.73,0.7386322275461119,0.4581607920526507,0.3799908266914417,0.37130533972000923,0.1432349637918311,0.738632227546112,0.5390821921627602,0.0,0.48259825703249176,0.48259825703249176,0.2199170652777743,0.8964063036857124
TCGA-CS-6666-01A,0.42,0.9404653592498953,0.7180290161906103,0.6912207777963826,0.9174981737128151,0.14106913495150858,0.9404653592498953,0.8611713398394106,0.37990663993505824,0.4333003597596305,0.4333003597596305,0.8766145128074715,0.9630287181794142
TCGA-CS-6667-01A,0.73,0.8206331250690309,0.6182950395494449,0.5677770417890763,0.788582635678554,0.13112902588043704,0.8206331250690309,0.7448166276866798,0.0,0.5247564011895467,0.5247564011895467,0.6293298803068974,0.9073564435787422
TCGA-CS-6668-01A,0.98,0.9390364546596646,0.7906582579540175,0.7891183174797078,0.2261783781674369,0.40812746707559,0.9390364546596646,0.9544047651312111,0.25011174082689674,0.6838366750197451,0.6838366750197451,0.5784564366378082,0.985320568226285
TCGA-CS-6669-01A,0.28,0.0786859097330733,0.5686125289371077,0.42497618855466923,0.0,0.2571107303962719,0.07868590973307389,0.8782580337700794,0.0,0.5876826422022463,0.5876826422022463,1.0741107013356901e-06,0.6434929169456997
TCGA-CS-6670-01A,0.82,0.9458004431377779,0.8251370246168975,0.7620108103751498,0.929574542695199,0.21717605060347123,0.9458004431377779,0.8455494511386482,0.0,0.708343041983788,0.708343041983788,0.7744837823237363,0.983043916199424
TCGA-DB-5270-01A,0.58,0.8919636634950217,0.6594807530081425,0.5923367575392161,0.641488839594934,0.19110842068515058,0.8919636634950217,0.8293123264887362,0.0,0.6268564965570103,0.6268564965570103,0.5931826201998015,0.984825767530764
TCGA-DB-5273-01A,0.73,0.989526957491098,0.6490904242202923,0.589169317823782,0.6206571563108801,0.04929408952249996,0.989526957491098,0.8107631580299387,0.705659377935919,0.6920147617516014,0.6920147617516014,0.9409130644528282,1.0
TCGA-DB-5274-01A,0.83,0.6732933120546039,0.5074904012666933,0.39799643804889295,0.07525631641175833,0.1346396250265591,0.6732933120546037,0.7564801065792267,0.0,0.4690610330498659,0.4690610330498659,0.37118425807074473,0.8522093525975579
TCGA-DB-5275-01A,0.9,0.9777572274387137,0.8429122281614864,0.8347588974581922,0.9376441945030585,0.2773883608279876,0.9777572274387137,0.9437933246622378,0.440032644343889,0.6952196944049494,0.6952196944049494,0.9173347794290869,0.9999566683525619
TCGA-DB-5276-01A,0.36,0.8562563944699985,0.4021471739265971,0.36752084126680273,0.2960555540813085,0.03135871107854612,0.8562563944699985,0.6295043523826839,0.0,0.6206537875107158,0.6206537875107158,0.4395953466801916,0.9738503399663003
TCGA-DB-5277-01A,0.88,0.7913121732285466,0.6912198961616581,0.5863992713450787,0.22914572625581697,0.16662145740554707,0.7913121732285467,0.8679089151463598,0.0,0.7321435700803898,0.7321435700803898,0.40936123467070695,0.9203393505135993
TCGA-DB-5278-01A,0.78,0.9347101301579478,0.7282547327059841,0.7255077183825568,0.9217914333733533,0.22744760980462966,0.9347101301579478,0.8745371294052943,0.39982510918538183,0.6622137072509652,0.6622137072509652,0.7366465334089843,0.9834010529975319
TCGA-DB-5280-01A,0.86,0.9621978808848668,0.7383395073590289,0.688196948916031,0.916911355509756,0.17144118859008728,0.9621978808848668,0.7325766184614514,0.0,0.6268462713474274,0.6268462713474274,0.8010869059686158,0.9965275119860536
TCGA-DB-5281-01A,0.42,0.9245152059869032,0.754339623370039,0.7140582166888142,0.7119527914920608,0.21374620144548157,0.9245152059869032,0.9098697044601287,0.0,0.6089609431931723,0.6089609431931723,0.8080780599369461,0.9902470193565088
TCGA-DB-A4X9-01A,0.85,0.9303038076456349,0.6932158614090558,0.650972516983348,0.0,0.2078769270364573,0.9303038076456349,0.8718416308948148,0.0,0.7478604098997529,0.7478604098997529,0.6863628897794192,0.9923364535044336
TCGA-DB-A4XA-01A,0.76,0.9629066597599389,0.6912731087485583,0.6712719264700592,0.9118806232889488,0.14344818222063574,0.9629066597599389,0.7353533382113875,0.41852346240822313,0.5845616611416173,0.5845616611416173,0.824414088209729,0.999062290476736
TCGA-DB-A4XB-01A,0.91,0.9349130990554354,0.82455563591592,0.8125692252534255,0.4423733662098645,0.24892583193106235,0.9349130990554356,0.9207493868996255,0.10056869266316384,0.7582315084744129,0.7582315084744129,0.7457079380802677,0.9853917841311345
TCGA-DB-A4XC-01A,0.67,0.9494011177070399,0.8015633763261094,0.7714537339682516,0.7508673312420441,0.19833514528967117,0.9494011177070397,0.8072693681984306,0.0,0.686330633184781,0.686330633184781,0.8548133664376226,0.9970949938643232
TCGA-DB-A4XD-01A,0.83,0.9188036185661698,0.6815067581543987,0.648252899300216,0.40609047529339287,0.18962740035414358,0.9188036185661699,0.8631815600452841,0.0,0.5512133544106712,0.5512133544106712,0.585677726662147,0.9933316400673382
TCGA-DB-A4XE-01A,0.93,0.9521424769104225,0.8246425675164114,0.7757347625373515,0.9393250197199132,0.26741417267870893,0.9521424769104225,0.891927482481984,0.1908797200731299,0.7260984840987061,0.7260984840987061,0.7453018849508625,0.9981732419888791
TCGA-DB-A4XF-01A,0.84,0.9765779299481584,0.8088892813700438,0.7971819904529226,0.9699084341902451,0.23739907939016158,0.9765779299481584,0.9689682079129494,0.556698825730897,0.6704884120594025,0.6704884120594025,0.84681888913004,0.9999563828295248
TCGA-DB-A4XG-01A,0.93,0.8852887009517071,0.8603483529994969,0.795442929208991,0.17832772658133053,0.3408105902418458,0.8852887009517073,0.9372727908215812,0.0,0.7265762872231007,0.7265762872231007,0.2916826295789615,0.9771165945865916
TCGA-DB-A4XH-01A,0.85,0.4163636474876186,0.46286637516782203,0.3902843734085448,0.11074553008953848,0.09368370587498229,0.4163636474876187,0.8012866615716676,0.0,0.5631864891767582,0.5631864891767582,6.97456658452075e-08,0.6387654248773975
TCGA-DB-A64L-01A,0.75,0.9389231200944768,0.7948440811433639,0.7580821091563023,0.9146565832092162,0.23635155908054076,0.9389231200944768,0.850071551399975,0.0,0.5234047791407062,0.5234047791407062,0.8409350739172485,0.9615249508466407
TCGA-DB-A64O-01A,0.52,0.9676970985561251,0.6242162988739729,0.4966503419944747,0.95409961616495,0.024863313932862566,0.9676970985561251,0.7915557169644876,0.9416723074167114,0.6137161075864307,0.6137161075864307,0.6219182716625755,0.9994780675858393
TCGA-DB-A64P-01A,0.86,0.8915044067846594,0.6818022545779628,0.6691478801095582,0.8659112772836428,0.16622573823398035,0.8915044067846595,0.7996505445717854,0.16953439001957138,0.49636153493998436,0.49636153493998436,0.7412341769502063,0.9465916838363905
TCGA-DB-A64Q-01A,0.9,0.9229121190149912,0.7518323707977754,0.7953714067728976,0.6607097640544806,0.19568498893003475,0.9229121190149912,0.9121089971848072,0.0,0.6760645820991861,0.6760645820991861,0.6864415124627773,0.9833554920799452
TCGA-DB-A64R-01A,0.96,0.9281493737913228,0.8542500955472414,0.7481975020003604,0.9115606003182889,0.3446582741737627,0.9281493737913229,0.9429499675098612,0.0,0.6385506419992494,0.6385506419992494,0.7542310601495559,0.9495332934124291
TCGA-DB-A64S-01A,0.75,0.9048188900351929,0.5293647333244944,0.4949698112120654,0.227340761020408,0.06531489600781115,0.9048188900351929,0.6279636227460627,0.0,0.37724454614106817,0.37724454614106817,0.6856590770038022,0.9905534554202103
TCGA-DB-A64U-01A,0.78,0.6873211656277833,0.4383362047436918,0.4228264014444188,0.25221417561326376,0.08440583902274253,0.6873211656277833,0.6969803740066668,0.0,0.4432815029167136,0.4432815029167136,0.001115416412102169,0.8790500292825741
TCGA-DB-A64V-01A,0.53,0.9416061145424115,0.44942969412702627,0.41141164892836724,0.7240082686988607,0.008663193152211443,0.9416061145424115,0.5489584244652522,0.445584561693389,0.5661161205838092,0.5661161205838092,0.6106801497254544,0.993630785989671
TCGA-DB-A64W-01A,0.88,0.8645080077299252,0.8115099921199733,0.737322731931686,0.7908185341966778,0.3265325902825654,0.8645080077299252,0.9260934705083522,0.09642218564766254,0.5875931043781977,0.5875931043781977,0.45125766672960343,0.9165299548759064
TCGA-DB-A64X-01A,0.94,0.9665558301206006,0.718873457481133,0.6904921368706597,0.8902424875189099,0.14102293959188936,0.9665558301206006,0.92460192354141,0.003490569697951598,0.6089541070060113,0.6089541070060113,0.8842690737470904,0.9962449667449988
TCGA-DB-A75K-01A,0.83,0.9780993619829854,0.756734784270995,0.7311572481626438,0.8023415110773031,0.207115854168861,0.9780993619829854,0.8427535246606127,0.19226072624397755,0.3747889213828378,0.3747889213828378,0.8502222795845749,0.9999855277498332
TCGA-DB-A75L-01A,0.83,0.9074906023923963,0.7621270948491485,0.6483749247426575,0.3750262173346561,0.17047483658584497,0.9074906023923965,0.8603294340557354,0.0,0.5932246453093087,0.5932246453093087,0.6327970536264913,0.991644220877416
TCGA-DB-A75M-01A,0.87,0.978609888980081,0.6501036972540216,0.6994052569053617,0.804896931639303,0.059348495652968555,0.978609888980081,0.8505533728443303,0.8822223566677319,0.5753911125805731,0.5753911125805731,0.8782903976684963,1.0
TCGA-DB-A75O-01A,0.74,0.9882537115557726,0.7280929190591372,0.7364559157057576,0.6341890816702372,0.03810107990845825,0.9882537115557726,0.7283979838680615,0.871549269614488,0.6850664928294976,0.6850664928294976,0.8836461433125525,1.0
TCGA-DB-A75P-01A,0.82,0.9609395816391291,0.7570991950674435,0.7390467782653537,0.9487074494955975,0.12024115973186242,0.9609395816391293,0.9576063856681262,0.8977088325274054,0.6231286834922685,0.6231286834922685,0.7135463296273399,0.9936103463732918
TCGA-DH-5140-01A,0.88,0.987725547725256,0.9184986343219967,0.863222365129365,0.9810455991995038,0.4460816848629409,0.987725547725256,0.9654968773185723,0.3208434326846534,0.6247903018031035,0.6247903018031035,0.9003237116480163,0.9998827585392481
TCGA-DH-5142-01A,0.86,0.916609185136389,0.7152425353393103,0.6441494309443145,0.2934609733187551,0.15854537510783745,0.916609185136389,0.8262544593405706,0.0,0.6959006645369642,0.6959006645369642,0.8116083490547913,0.9784795134516104
TCGA-DH-5143-01A,0.44,0.9734265076622448,0.760966462570539,0.7236148378125717,0.7911034586080068,0.1392509323177549,0.9734265076622446,0.8336570553398933,0.15247180076574057,0.7331260117430531,0.7331260117430531,0.472604540009734,1.0
TCGA-DH-5144-01A,0.93,0.9724733671794435,0.862632194658048,0.8142404730658773,0.9069337525965991,0.2886200601437887,0.9724733671794435,0.941655641003175,0.13003958992108278,0.6718056481690086,0.6718056481690086,0.9008133568525446,0.9942413419629456
TCGA-DH-A669-01A,0.92,0.9774059637626763,0.8528854367401885,0.8511694970283086,0.9683741739905951,0.26361542605495336,0.9774059637626763,0.9452358817587215,0.7195398035550151,0.6138357344714754,0.6138357344714754,0.611840208715945,0.9967434983101622
TCGA-DH-A669-02A,0.86,0.9142885727632168,0.7662698659967037,0.7210383064814686,0.8903357037916304,0.20262486619328252,0.9142885727632168,0.9017087260658174,0.1992929294611607,0.5120898705577891,0.5120898705577891,0.8557426059635888,0.9581178173958385
TCGA-DH-A66B-01A,0.41,0.9567899965257505,0.6943713139357136,0.6110630550329704,0.7917472533822185,0.13385265495916784,0.9567899965257505,0.8730444874247758,0.1776183667032364,0.6357505213066953,0.6357505213066953,0.9224823332989303,0.9918524415818284
TCGA-DH-A66D-01A,0.81,0.966740020342112,0.7881608537253921,0.7403300144580728,0.9147351141035504,0.21471576236696968,0.9667400203421121,0.8832973293785416,0.5536574827084298,0.6387505110752489,0.6387505110752489,0.9157268079421296,0.9981884641711142
TCGA-DH-A66F-01A,0.93,0.9725986508577297,0.7062795261267719,0.6957683440703505,0.9384461439884932,0.12001170681245228,0.9725986508577297,0.9424617152489894,0.9217278928893156,0.6223299303064144,0.6223299303064144,0.8044666274115772,0.9995411445354754
TCGA-DH-A66G-01A,0.35,0.9732354887428508,0.7593865736191426,0.7247035740865823,0.9223018404609299,0.2417350677772534,0.9732354887428508,0.9031904736995562,0.5521638307998644,0.5983625585510217,0.5983625585510217,0.9007884307433651,1.0
TCGA-DH-A7UR-01A,0.74,0.7555918196948623,0.7196487825584429,0.5287832963529664,0.7245297189581461,0.18144119213082585,0.7555918196948623,0.8503387297320866,0.0,0.4422254334566353,0.4422254334566353,0.4520590213888516,0.8206109387013223
TCGA-DH-A7US-01A,0.74,0.8822409254669721,0.5856655426854995,0.5461968815955004,0.8022119555887631,0.08792496161596956,0.8822409254669721,0.7144206937369594,0.0,0.4201969090102637,0.4201969090102637,0.5314572186092448,0.9609390300397168
TCGA-DH-A7UT-01A,0.7,0.9010471788441993,0.5512502293698774,0.49165583485589065,0.878487362731969,0.03217507234889302,0.9010471788441993,0.6668998085708162,0.0,0.4744690681442394,0.4744690681442394,0.5715839669642524,0.9802114699838514
TCGA-DH-A7UU-01A,0.87,0.90223647979031,0.7083398727729268,0.653082423992162,0.2169205908436211,0.22290883381733484,0.90223647979031,0.8757757345149022,0.0,0.47927148832227146,0.47927148832227146,0.4969476640830508,0.9909917332640648
TCGA-DH-A7UV-01A,0.71,0.9305410328887106,0.646893280130347,0.551261655061836,0.916463282844967,0.12793849183813424,0.9305410328887106,0.8356574669791451,0.0,0.5373066890134085,0.5373066890134085,0.6964213392111153,0.9964131876054854
TCGA-DU-5847-01A,0.74,0.9436371080261811,0.6523819235910823,0.5852256163472016,0.8701529840240464,0.05170478665060404,0.9436371080261811,0.6845721681548824,0.34987041683641745,0.510519131361288,0.510519131361288,0.7851929923403805,0.9910101064288782
TCGA-DU-5849-01A,0.69,0.9028314975715361,0.6421925355809817,0.5418641144664053,0.8254281414172271,0.1342200814386423,0.9028314975715362,0.8087094288515411,0.0,0.581474092849232,0.581474092849232,0.5682883555849477,0.9791044216377639
TCGA-DU-5851-01A,0.44,0.8510171164581124,0.5716491284181524,0.5184931230502566,0.7573767175936235,0.08257658998157986,0.8510171164581124,0.7640044127697863,0.0,0.6626915768142745,0.6626915768142745,0.3991243482354955,0.9589698995745675
TCGA-DU-5852-01A,0.8,0.9671997411862857,0.7710543882581609,0.7309187832237015,0.9109860782143685,0.23559286349575284,0.9671997411862857,0.7922493687259615,0.44815045406882503,0.5429445256872935,0.5429445256872935,0.9123978770678715,0.9931351891423477
TCGA-DU-5853-01A,0.83,0.9012568323998728,0.6629333919762677,0.5345589150509702,0.382572615952204,0.13422558562780051,0.9012568323998728,0.761451846763536,0.0,0.6153094921315164,0.6153094921315164,0.6280534900272233,0.9869601008291962
TCGA-DU-5854-01A,0.53,0.8898137903578873,0.3943807514422498,0.42108019088355575,0.7964759499377091,0.0020397339190515347,0.8898137903578875,0.37312065841664893,0.0,0.26045086312746474,0.26045086312746474,0.5382599589996198,0.9670511259979084
TCGA-DU-5855-01A,0.55,0.9658573130941523,0.7525396766286848,0.6979323345913081,0.9505027670079136,0.19123013725121948,0.9658573130941523,0.8733498622769202,0.5340935165647155,0.6888195708307487,0.6888195708307487,0.8865499862531497,0.9964539372916473
TCGA-DU-5870-02A,0.93,0.9490121478397968,0.8483359137681745,0.797307943447413,0.93143425541582,0.30749027340096796,0.9490121478397968,0.922258335717118,0.3228909092006368,0.5346166805538745,0.5346166805538745,0.871129597636303,0.978495521616114
TCGA-DU-5871-01A,0.9,0.9606479083451844,0.7388050029638521,0.7118502757024008,0.9431360218227689,0.1438186589879208,0.9606479083451845,0.8983676138975236,0.6152844934489483,0.7499943850920378,0.7499943850920378,0.8346537528753403,0.9893565545953147
TCGA-DU-5872-01A,0.86,0.9741511928400222,0.60727577025163,0.6050693098061667,0.9186561550761309,0.10588578226928913,0.9741511928400222,0.7336352756494865,0.0784543157528288,0.4825338523945205,0.4825338523945205,0.8915247709108931,0.9999509170921917
TCGA-DU-5872-02A,1.0,0.8951449593859455,0.17092748231898994,0.15124132369896728,0.8131112416392386,0.0016148523117625905,0.8951449593859455,0.2763337494518132,0.0,0.29950881888869824,0.29950881888869824,0.6432325500545263,0.9802443753993157
TCGA-DU-6392-01A,0.83,0.8109268385131346,0.7770443071603438,0.7195918783663354,0.7455405043856723,0.26035165641004965,0.8109268385131347,0.8806382039088376,0.035905866114441735,0.5395777204026015,0.5395777204026015,0.5038566281354022,0.8605405890653239
TCGA-DU-6393-01A,0.95,0.9602425111424236,0.8209730356957613,0.7370324596911361,0.23358909229035385,0.3690727335908086,0.9602425111424236,0.9315555816711951,0.0,0.5820738040049521,0.5820738040049521,0.5911111777288237,0.9944268433168671
TCGA-DU-6394-01A,0.98,0.9892362283974722,0.8891425777402442,0.887874521153475,0.9849967844264848,0.4106874015604665,0.9892362283974723,0.9295513166920087,0.6384440629277033,0.5705280434893563,0.5705280434893563,0.9353572390968153,0.9998561532541876
TCGA-DU-6395-01A,0.88,0.9403585742239817,0.5975205168038343,0.622833752800607,0.9228248299399221,0.11593812773046162,0.9403585742239816,0.8132478231320014,0.19446699979044305,0.589860608820023,0.589860608820023,0.7577165771299254,0.9943427567204702
TCGA-DU-6396-01A,0.76,0.8135554631388738,0.5269151172871114,0.4943007324012644,0.6116937909725944,0.14851705381769637,0.813555463138874,0.7923972496215377,0.0,0.596976886418351,0.596976886418351,0.47743397238391705,0.9483513861312565
TCGA-DU-6397-01A,0.79,0.9625116111688161,0.7485005909639612,0.7097800706149076,0.9068016033382359,0.19657184900465063,0.9625116111688161,0.7839553442632641,0.4257309906255748,0.4927095277510668,0.4927095277510668,0.8456365771735225,0.9798253689578669
TCGA-DU-6397-02A,0.93,0.859746876637772,0.7388460908952437,0.6407500836381171,0.6372903066850284,0.26573931655103006,0.8597468766377717,0.8830699083686285,0.0,0.3903425953071131,0.3903425953071131,0.6285653051605578,0.9452339807317294
TCGA-DU-6399-01A,0.81,0.954474583462024,0.7176091034452483,0.7170039484997028,0.47598237598064347,0.15218547946297084,0.9544745834620242,0.798519356139809,0.07838756506374203,0.6375133197996388,0.6375133197996388,0.8182685670063726,0.9979809171450675
TCGA-DU-6400-01A,0.91,0.9710415578888495,0.8411392110681493,0.8287824760843105,0.757892421683169,0.36106485065727817,0.9710415578888494,0.9466643046613522,0.0,0.5533685192841435,0.5533685192841435,0.8860126090259228,0.997480413384463
TCGA-DU-6401-01A,0.36,0.8556213890722071,0.6373021660094386,0.5526749414595652,0.8264796972156297,0.1514125488127531,0.8556213890722072,0.7958632039921353,0.0,0.4165261582322969,0.4165261582322969,0.7087522983665303,0.9092467310791232
TCGA-DU-6402-01A,0.63,0.9445543004150186,0.648989685081345,0.6082310756599743,0.9105617188214545,0.0515336254700097,0.9445543004150182,0.8035753837420263,0.5353927615197221,0.4103414161194493,0.4103414161194493,0.5567278755426817,0.9602260685620561
TCGA-DU-6403-01A,0.71,0.839275852265619,0.692909376484629,0.6678578879996028,0.5103926790490574,0.18506122833183403,0.8392758522656187,0.7677071922472666,0.0,0.6993911082164476,0.6993911082164476,0.3079575596072563,0.9456823376721698
TCGA-DU-6404-01A,0.31,0.8995673470471215,0.7205080078156251,0.6942362837348748,0.8218422380562398,0.13817165433789125,0.8995673470471216,0.7867723731967698,0.2389389843618705,0.42623752789529806,0.42623752789529806,0.9056815509615712,0.7867048975101785
TCGA-DU-6405-01A,0.87,0.977465561520791,0.7986473133211158,0.8098363494179378,0.9670151707220709,0.16957934631336938,0.977465561520791,0.9763587493718163,0.9249083985899718,0.6292710013288842,0.6292710013288842,0.7749018680149532,1.0
TCGA-DU-6406-01A,0.98,0.9471723603281235,0.8170286107429482,0.7922522119228494,0.9307205329598386,0.2849848600140207,0.9471723603281235,0.8874859106377155,0.2040394613471859,0.5162347558194558,0.5162347558194558,0.8998804552092802,0.981402663634274
TCGA-DU-6407-01A,0.81,0.9732113132616403,0.7687815620974155,0.7772954378282224,0.9584930025211886,0.13337550213472094,0.9732113132616403,0.8789087799250199,0.6708552734704762,0.7135369372866927,0.7135369372866927,0.8493827746213684,0.9995313971648936
TCGA-DU-6408-01A,0.89,0.9645584174613211,0.7618435189539221,0.7338340756476195,0.9165796241189108,0.16125202811775496,0.9645584174613212,0.9054674297380929,0.1683653922137931,0.7827707259866586,0.7827707259866586,0.9114602577782012,1.0
TCGA-DU-6410-01A,0.96,0.876698602466176,0.8556336131891119,0.7634684376022308,0.21103478637405923,0.4728023501083151,0.8766986024661761,0.9616708578470191,0.1274801817703997,0.7159547046394826,0.7159547046394826,0.3879277804017015,0.9789948979781091
TCGA-DU-6542-01A,0.81,0.9144507199798902,0.5851978910879008,0.6296632525731615,0.896272543606633,0.17859785633142505,0.9144507199798902,0.8738584056066567,0.2609162576692469,0.6461547172917032,0.6461547172917032,0.7354776648905291,0.9840347258662264
TCGA-DU-7006-01A,0.72,0.955221239846094,0.7066287312293534,0.7367808380531875,0.9351547131814343,0.1661663227363638,0.955221239846094,0.8409335885519095,0.641952598020671,0.6551734968673522,0.6551734968673522,0.6926942370081576,0.9878800177576104
TCGA-DU-7007-01A,0.84,0.9752117424978363,0.6323480700718233,0.5361857628531979,0.0,0.07790738502243665,0.9752117424978363,0.7880926200174904,0.6015220112538493,0.590729905193723,0.590729905193723,0.6574043232180495,0.9967384144661094
TCGA-DU-7008-01A,0.83,0.9526972643492393,0.8422327029522942,0.781887218516576,0.9410458564091105,0.37388203475520776,0.9526972643492393,0.9538834475383701,0.0,0.7514174083285047,0.7514174083285047,0.6367646967824923,0.9965985699872203
TCGA-DU-7009-01A,0.84,0.7035644729685755,0.5511466592058243,0.5811056070928814,0.5399085694981826,0.16919824296878963,0.7035644729685756,0.8355483931919306,0.0,0.5497477068508215,0.5497477068508215,8.655138268519419e-08,0.8939252886797402
TCGA-DU-7010-01A,0.86,0.9089380478993058,0.7311191720276864,0.6654454043658927,0.6276638061451517,0.2726548468695178,0.908938047899306,0.8477617150427917,0.121567650138013,0.6434610165849037,0.6434610165849037,0.4729861222977013,0.970067464252589
TCGA-DU-7011-01A,0.24,0.849229616879798,0.5924420622384957,0.5109937282222747,0.825248056243887,0.09318988383292355,0.8492296168797984,0.735083830683597,0.0,0.5601273905503211,0.5601273905503211,0.6223328866945251,0.9660334781676274
TCGA-DU-7012-01A,0.52,0.9596037651955989,0.6097053655880645,0.5773363330295126,0.9399022398347532,0.0604592300093307,0.959603765195599,0.7181617869084577,0.6245087137742033,0.5369562558114047,0.5369562558114047,0.8101648772185893,0.9978177335431927
TCGA-DU-7013-01A,0.97,0.9906637698944509,0.928491181018215,0.9037526400407373,0.9571944363384931,0.3927427285086295,0.9906637698944509,0.9641073333354357,0.8181386140526982,0.6306574480510181,0.6306574480510181,0.9126338652011106,0.9999355291644013
TCGA-DU-7014-01A,0.78,0.9404499324044282,0.7335794465170684,0.663519949748172,0.8615845753829822,0.234833181359627,0.9404499324044283,0.8817094287352081,0.09394017543436467,0.5316117612834357,0.5316117612834357,0.8415054543130045,0.9951676983900877
TCGA-DU-7015-01A,0.5,0.9521072666983466,0.7085376174372433,0.6850641569864292,0.8997905850482172,0.14345285581243744,0.9521072666983467,0.8125912936858976,0.18170417874129233,0.6711042898148413,0.6711042898148413,0.9237453027157515,0.9956900093897602
TCGA-DU-7018-01A,0.93,0.8583609596454703,0.8174032942571219,0.7315599019426413,0.7859909135841538,0.34168249233210335,0.8583609596454705,0.9399199840181831,0.03565259434900864,0.3825465444499886,0.3825465444499886,0.5872752194243103,0.93155444035151
TCGA-DU-7019-01A,0.73,0.8820785426862533,0.7051430452612564,0.6254059802320885,0.8496685679827384,0.11266465960448535,0.8820785426862534,0.8021149816970696,0.0,0.5758055547762709,0.5758055547762709,0.8114694541731958,0.8705671363404801
TCGA-DU-7292-01A,0.99,0.9717003786744963,0.8379601442638082,0.8455014436077948,0.9640111672430043,0.33930974242313355,0.9717003786744963,0.9157106401977987,0.7957411283920653,0.7123495522887731,0.7123495522887731,0.8485879728803746,0.9963058727925022
TCGA-DU-7294-01A,0.93,0.8831362803886343,0.7298701800400971,0.659837039566446,0.7824805688629073,0.2652324518901356,0.8831362803886346,0.8940133085952079,0.013771738520513294,0.6039556538343026,0.6039556538343026,0.506097116451942,0.9663115603488038
TCGA-DU-7298-01A,0.75,0.8041360782628483,0.6235232359558819,0.5425856586294857,0.21058536181592416,0.13201613022481756,0.8041360782628484,0.7662180945957726,0.0,0.6725480280619146,0.6725480280619146,0.2881739797539884,0.93848438765043
TCGA-DU-7299-01A,0.8,0.8467580996103722,0.662526967017159,0.6019051384370401,0.5550308372165434,0.19657215755378074,0.8467580996103723,0.8403839878594547,0.0,0.5969839259092634,0.5969839259092634,0.4304403759022154,0.9518663953997412
TCGA-DU-7300-01A,0.65,0.9471044495100417,0.7204016350541764,0.7067470327881811,0.9327092720375083,0.2044348597910308,0.9471044495100417,0.8402332983732836,0.042833799519645006,0.597681676639892,0.597681676639892,0.7612682129954618,0.9956937697146413
TCGA-DU-7301-01A,0.89,0.8904702942527857,0.6132552874577397,0.49550209404671547,0.15928531792967554,0.07673389043997114,0.890470294252786,0.7811319906144439,0.0,0.5111482155348961,0.5111482155348961,0.5019150897507413,0.9923495655508711
TCGA-DU-7302-01A,0.87,0.9459094310493876,0.8535829245572123,0.820990435104841,0.9351298176067676,0.337818236930461,0.9459094310493876,0.9172755736566766,0.06123192289263596,0.7612136014778813,0.7612136014778813,0.7621053033879656,0.9701681299810097
TCGA-DU-7304-01A,0.81,0.9693009494407673,0.6835769842517041,0.6468060644806346,0.9555021492252801,0.10587841099544028,0.9693009494407673,0.7189787925900621,0.0,0.7228803790617514,0.7228803790617514,0.8087659700154459,0.9997984501009601
TCGA-DU-7304-02A,0.98,0.7621419153686334,0.44275962999090535,0.3460764846278355,0.6157112821173756,0.058000641500523795,0.7621419153686334,0.8470546685920822,0.034814200480479396,0.846517663569504,0.846517663569504,0.49758393994653916,0.9032924291844074
TCGA-DU-7306-01A,0.85,0.9548952165179141,0.6634858461217075,0.6395808486466179,0.2737030288541552,0.12742663830333292,0.954895216517914,0.772756233708085,0.0,0.4639920703380779,0.4639920703380779,0.8524414939699894,0.9983550983133178
TCGA-DU-7309-01A,0.73,0.8081219035358836,0.766827349293763,0.6749049933847261,0.6660742818383315,0.22401785643982,0.8081219035358836,0.8446594074069039,0.0,0.6508843020771944,0.6508843020771944,0.6530944724429731,0.7969155605373149
TCGA-DU-8158-01A,0.66,0.9752949240652055,0.6661845644519868,0.5874939926517407,0.9627757534524105,0.10797885879714827,0.9752949240652055,0.8112900178213912,0.838665306555405,0.7434789913194533,0.7434789913194533,0.7599415265374412,0.9999837832750562
TCGA-DU-8161-01A,0.53,0.9373658974406416,0.5309074126077158,0.4822131018462366,0.9053974716351504,0.060610048207670804,0.9373658974406416,0.6668370168093513,0.7933313672849249,0.49461643694471374,0.49461643694471374,0.0065317359733226615,0.9441433551547844
TCGA-DU-8162-01A,0.22,0.7674871040864307,0.4837501143723466,0.41257375064651025,0.7302617966521143,0.14904631919409195,0.7674871040864307,0.8162783079361043,0.0,0.5978215340809125,0.5978215340809125,0.2191045676697897,0.9203317770670005
TCGA-DU-8163-01A,0.64,0.8918426851499693,0.6281527073293866,0.5421738481194089,0.20217784524287574,0.099375778897545,0.8918426851499696,0.7431777263555208,0.0,0.5648755117357469,0.5648755117357469,0.5018188034972291,0.9913965887816684
TCGA-DU-8164-01A,0.9,0.887658757537752,0.815024334378439,0.8024953898259656,0.18708862231351106,0.35944886965162276,0.887658757537752,0.9367947348023216,0.0,0.6727811031712738,0.6727811031712738,0.3560839235542973,0.9670950357690209
TCGA-DU-8165-01A,0.79,0.9163704354507275,0.674407028034054,0.6674242944187281,0.8983935428409957,0.12846425617257007,0.9163704354507275,0.7634000152073154,0.2772044420743564,0.5772054678500704,0.5772054678500704,0.9101459849808567,0.9561596045465373
TCGA-DU-8166-01A,0.84,0.8677188605816928,0.7107201328654799,0.7059350734873705,0.3464548118726094,0.2801506422902519,0.8677188605816928,0.9166470130187085,0.0,0.7343391318715417,0.7343391318715417,0.5924378390294109,0.9409567199663129
TCGA-DU-8167-01A,0.65,0.8080628226413515,0.5204906060115663,0.36512058614871806,0.22487331626087312,0.0653087888987068,0.8080628226413519,0.6728785274760293,0.0,0.6026650049249876,0.6026650049249876,0.19854450833838497,0.9617399876458084
TCGA-DU-8168-01A,0.97,0.9527780330155772,0.917943757739187,0.8896345447352855,0.2579984333082246,0.5307571572127638,0.9527780330155772,0.9615493436430874,0.0,0.6489424867053983,0.6489424867053983,0.6606634584003904,0.9707799504319249
TCGA-DU-A5TP-01A,0.81,0.8613119807135824,0.6427022625236158,0.5024158944074779,0.22018580497816825,0.14685052494675974,0.8613119807135824,0.7623686152422291,0.0,0.5462368462973347,0.5462368462973347,0.6447114854290485,0.9505986411260771
TCGA-DU-A5TR-01A,0.74,0.9196043309461558,0.4933763594680241,0.38325914930250815,0.8994824260786662,0.04521537464627351,0.9196043309461558,0.5980965640067482,0.15344537755318036,0.5492772194256801,0.5492772194256801,0.7897848904507647,0.9760569719725419
TCGA-DU-A5TS-01A,0.77,0.6902128282511821,0.508912329122775,0.3667879587104341,0.07597666231940842,0.02851575931946419,0.6902128282511821,0.5430649175184649,0.0,0.5491771671593303,0.5491771671593303,0.0008153376891585712,0.93854848399299
TCGA-DU-A5TT-01A,0.69,0.9769813952324,0.6801003464662719,0.6031794049636489,0.9347828297948105,0.0661542738949907,0.9769813952324,0.7023595212389021,0.5386384490809347,0.6194643403013721,0.6194643403013721,0.851908213579623,1.0
TCGA-DU-A5TU-01A,0.82,0.9379654273855192,0.7570872956359553,0.7261112546004657,0.9201192662877452,0.1494699262623698,0.9379654273855192,0.8534504884072767,0.4559302210425838,0.6953137564522465,0.6953137564522465,0.8887475810703536,0.9830250936754236
TCGA-DU-A5TW-01A,0.76,0.9392375406457838,0.787717220151297,0.6983779918287698,0.21271107437570777,0.19810229972783927,0.9392375406457838,0.9298157864790856,0.04025900906828754,0.5668643862713916,0.5668643862713916,0.7678463215064005,0.9956172978029504
TCGA-DU-A5TY-01A,0.73,0.9478716409925797,0.5678105258484885,0.5789123503109301,0.9257623408911265,0.0956500238036838,0.9478716409925799,0.7167448792967143,0.5509714746040011,0.5461224344570373,0.5461224344570373,0.6069997987062452,0.9795830745364277
TCGA-DU-A6S2-01A,0.7,0.8434707727198234,0.7175677494329596,0.6591649953061378,0.5466191490874343,0.22021584390563917,0.8434707727198234,0.8631941955410689,0.0,0.4743493432491442,0.4743493432491442,0.3734815363565467,0.9399576846384754
TCGA-DU-A6S3-01A,0.79,0.8085933650671753,0.7960455482197536,0.6508648045930301,0.6799137196075118,0.23393427575914236,0.8085933650671752,0.8919558272454591,0.0,0.5293474994776007,0.5293474994776007,0.33035272042812946,0.8855356783907711
TCGA-DU-A6S6-01A,0.86,0.9525181845232731,0.8270071306227522,0.8356322936176729,0.91260454899368,0.26477058441226775,0.9525181845232731,0.921999424423026,0.0,0.6789483209681605,0.6789483209681605,0.8237397422815568,0.987089094541462
TCGA-DU-A6S7-01A,0.87,0.8448141078255244,0.6271954828983652,0.5362801500799366,0.5827615501993171,0.11949749296724194,0.8448141078255244,0.804811186813381,0.0,0.5124489531847171,0.5124489531847171,0.3432860136261947,0.9691685624469435
TCGA-DU-A6S8-01A,0.84,0.9506563840137785,0.816640852745133,0.7926211946121554,0.7175122702620378,0.353485817698857,0.9506563840137785,0.9311306855650595,0.0,0.6105195036099335,0.6105195036099335,0.7412087929879172,0.9881438408579164
TCGA-DU-A76K-01A,0.61,0.9558691533328084,0.8138819936930082,0.7899290306883283,0.9207386517063854,0.1593877391445513,0.9558691533328084,0.8478843286656095,0.3911713814042289,0.5535418134233091,0.5535418134233091,0.8498088634914724,0.9894107571667792
TCGA-DU-A76L-01A,0.64,0.7679886586989163,0.6073862901364323,0.5424260781431194,0.740757737391287,0.17508764028538334,0.7679886586989162,0.7288962014145979,0.03506012214431902,0.4684724566047915,0.4684724566047915,0.5067199821181191,0.764568004513225
TCGA-DU-A76O-01A,0.84,0.942025559845488,0.7050958059233264,0.6162077901091958,0.3185364332067707,0.1873022901632675,0.942025559845488,0.8292800654703655,0.0,0.6689913121151935,0.6689913121151935,0.8348674759438571,0.9947409466123389
TCGA-DU-A76R-01A,0.81,0.9559170719033973,0.8074570726007959,0.7660311709711252,0.9077001081325808,0.16931276866312642,0.9559170719033973,0.9274375487158031,0.3818534038175946,0.6425234862826626,0.6425234862826626,0.851844375749723,0.9756907556784369
TCGA-DU-A7T6-01A,0.92,0.9131762291443407,0.7115116756159154,0.6642881686208061,0.6503466561506795,0.20528293378311344,0.9131762291443407,0.8658978204476107,0.0,0.42805201326189096,0.42805201326189096,0.674789549054464,0.9832236509089026
TCGA-DU-A7T8-01A,0.89,0.9566523251212679,0.7980693152181726,0.7368309055998414,0.4658377896031978,0.232520175358799,0.9566523251212679,0.9210929875394975,0.03321211665365086,0.5944715285707304,0.5944715285707304,0.8981994156931197,0.9970032120009987
TCGA-DU-A7TA-01A,0.86,0.919500032026337,0.7437117401846769,0.6830464118850177,0.9031108721820275,0.2834873569551768,0.9195000320263371,0.9152596816207237,0.12084910499957917,0.4543173814058648,0.4543173814058648,0.8478413647584107,0.9725159047205987
TCGA-DU-A7TB-01A,0.69,0.0,0.27166757194583396,0.23782905098076457,0.0,0.0352141000991589,0.0,0.4704957986675921,0.0,0.5719498247864327,0.5719498247864327,2.8282438967471234e-08,0.5428713424030267
TCGA-DU-A7TC-01A,0.78,0.9290425245662612,0.7230851083479959,0.6629723874447314,0.36419193674413414,0.2170656009100282,0.9290425245662612,0.9089709969807421,0.0,0.6813219969530687,0.6813219969530687,0.7401553301445393,0.9941259141344401
TCGA-DU-A7TD-01A,0.81,0.9672797949809218,0.7574963871355509,0.6947265345015822,0.9550559764889084,0.3494444307286913,0.9672797949809218,0.8319669961936142,0.3433869943264081,0.45539887081932956,0.45539887081932956,0.9179859937737532,0.983816319650006
TCGA-DU-A7TG-01A,0.66,0.8784620978534498,0.6351521640757154,0.5940829434761516,0.588576709591854,0.19142541693999135,0.8784620978534498,0.8392033359487515,0.0,0.5220527950339292,0.5220527950339292,0.6184923456279818,0.9523892418180901
TCGA-DU-A7TI-01A,0.85,0.9419864262690197,0.7296654418268754,0.6991243901559139,0.47201758452626197,0.21619413412485514,0.9419864262690196,0.8106328406206106,0.0,0.6462743473668279,0.6462743473668279,0.8150921410314775,0.9952660947345594
TCGA-DU-A7TJ-01A,0.87,0.9591196266156559,0.8391883036248952,0.8447153268980346,0.924170141697324,0.3257944674575218,0.9591196266156561,0.9060863060554131,0.20741230405284852,0.559403903273313,0.559403903273313,0.9327777285577012,0.9766313899117595
TCGA-E1-5302-01A,0.85,0.9760786502735811,0.7326008167541141,0.6965193760675922,0.9200574208560723,0.17693259408106654,0.9760786502735811,0.8187829796861343,0.691176711473321,0.7492561501602341,0.7492561501602341,0.8485449667860196,1.0
TCGA-E1-5303-01A,0.64,0.9673292605554361,0.5033882842576192,0.5353610314408251,0.5015826462430115,0.017190009854131744,0.9673292605554361,0.5918235483085817,0.2619658812347849,0.5243368594408127,0.5243368594408127,0.7736508291810786,1.0
TCGA-E1-5304-01A,0.96,0.8564280414704925,0.8015008432296438,0.7566135465633529,0.15094372840102832,0.3252600456900635,0.8564280414704926,0.9642166850834333,0.10963986406629736,0.669170027695251,0.669170027695251,0.41327527659989105,0.9481810827527521
TCGA-E1-5305-01A,0.77,0.9250356296512777,0.690812582129537,0.6986614379365413,0.8440647207737412,0.15394487069014515,0.9250356296512775,0.8657392285735737,0.0,0.6553612241139203,0.6553612241139203,0.7301509117959448,0.9877839720489938
TCGA-E1-5307-01A,0.3,0.884173989556125,0.7587398290474217,0.6839601334794424,0.3179137026444206,0.2109231421043757,0.884173989556125,0.840913486397671,0.0,0.6778563223453339,0.6778563223453339,0.6108426319224983,0.8973183791877504
TCGA-E1-5311-01A,0.83,0.7489160045815872,0.7466420776913042,0.7275522684466788,0.4208184090392432,0.2733815708310289,0.7489160045815874,0.9069785558739268,0.0,0.6318937140224072,0.6318937140224072,0.42363119775621777,0.7945332824183488
TCGA-E1-5318-01A,0.88,0.6704032852006439,0.7187705882448923,0.6674919326128111,0.11448176552617988,0.2279481654749748,0.670403285200644,0.849737917236417,0.027165116778899365,0.318573770863953,0.318573770863953,0.2910804596398457,0.821226122988891
TCGA-E1-5319-01A,0.7,0.903471107394644,0.5336054851114133,0.4838605338573415,0.8855721946080676,0.12085737819132981,0.903471107394644,0.7137487223044767,0.1443796087997612,0.5503598614192662,0.5503598614192662,0.595113240177206,0.9779351308896491
TCGA-E1-5322-01A,0.85,0.9003108227640159,0.7460655346263515,0.65705122901131,0.41459161528584365,0.23916560197515602,0.9003108227640159,0.9104583832036506,0.0028271641614748557,0.7238947437548064,0.7238947437548064,0.7320331125860993,0.97645557899917
TCGA-E1-A7YD-01A,0.86,0.9792203535095749,0.8924669850501115,0.8928733163193847,0.9725940195532481,0.4227769475820752,0.9792203535095749,0.9439078634456175,0.6408783161169916,0.6206996472229479,0.6206996472229479,0.8941031964645549,0.991877112127245
TCGA-E1-A7YE-01A,0.79,0.9003625730722287,0.6701206640980385,0.5398166992343131,0.8816893977093395,0.158555485055371,0.9003625730722288,0.8439631238517118,0.0,0.5982254027203544,0.5982254027203544,0.8156069670836651,0.9729374076079776
TCGA-E1-A7YH-01A,0.7,0.7212309181942514,0.4967926618170305,0.40154911512506697,0.16022145837372465,0.037352522820135875,0.7212309181942514,0.6362219937091479,0.0,0.3217617674975205,0.3217617674975205,2.853587209515939e-07,0.9276309229326412
TCGA-E1-A7YI-01A,0.91,0.8139068525799168,0.7307130483986014,0.6261226503235291,0.5573352096814561,0.26817150615989116,0.8139068525799167,0.8880146635271201,0.05424477401267896,0.4892761490984309,0.4892761490984309,0.3444470996112984,0.8949613426262121
TCGA-E1-A7YJ-01A,0.78,0.9584595326545385,0.6559682556598564,0.6235665465489273,0.46335882972452486,0.10301503906756537,0.9584595326545385,0.8159655060515498,0.05521643297798775,0.3318068681638283,0.3318068681638283,0.851144031369267,0.9895480328643186
TCGA-E1-A7YK-01A,0.7,0.792106370953337,0.3360920680149516,0.28911891973006804,0.23742022907063226,0.003220590071408243,0.7921063709533372,0.449169965741576,0.0,0.2893158871351884,0.2893158871351884,0.0550926340035128,0.9662353677240307
TCGA-E1-A7YL-01A,0.68,0.9679531553608968,0.840217361580579,0.8406364242076219,0.0,0.2080624765191062,0.9679531553608968,0.8334435469516889,0.7395273282628152,0.7016017861295332,0.7016017861295332,0.5262973981145259,0.9933117866803479
TCGA-E1-A7YM-01A,0.49,0.6794315722681775,0.4392720890745038,0.3820769624476445,0.0,0.013578585449186801,0.6794315722681775,0.592899051784269,0.0,0.3821963754571982,0.3821963754571982,1.2422474704041255e-06,0.8722008760922835
TCGA-E1-A7YN-01A,0.36,0.9306549786478577,0.341180745627512,0.24546336420354523,0.9052888605405238,0.0028879601074473134,0.9306549786478577,0.40113538358861817,0.28953872263047353,0.325348216639291,0.325348216639291,0.636060757343517,0.980535462183636
TCGA-E1-A7YO-01A,0.87,0.9398210340640673,0.7576130761547952,0.6674985655124258,0.6773923399758219,0.29102298566135154,0.9398210340640671,0.931753144797184,0.0,0.5851420548101781,0.5851420548101781,0.7789671532070425,0.9891895508158054
TCGA-E1-A7YQ-01A,0.67,0.9390627715674499,0.6730135872141096,0.5807569409311171,0.7010072385486815,0.11164943180961344,0.9390627715674499,0.6976956330615525,0.08880679715236714,0.42042472460883407,0.42042472460883407,0.9096159142939897,0.9811670992056882
TCGA-E1-A7YS-01A,0.95,0.9737592884645482,0.911660350042753,0.889005545725814,0.2880037037778039,0.4675616704809005,0.9737592884645482,0.970234206488756,0.2678472318844858,0.6245843818384026,0.6245843818384026,0.8081356178664877,0.9971955191384309
TCGA-E1-A7YU-01A,0.73,0.9062348055119459,0.5645932172929771,0.5439245527524694,0.32158856435828176,0.07636368707592195,0.9062348055119459,0.7841879488149097,0.0,0.49080495130389884,0.49080495130389884,0.6074242061165986,0.9847514745843994
TCGA-E1-A7YV-01A,0.83,0.9236673901158813,0.7931798113519847,0.7857843467368445,0.4064380326150107,0.3060291656166522,0.9236673901158813,0.893029160373458,0.02375319101315058,0.5188306559011083,0.5188306559011083,0.6628304224986903,0.9774452602691139
TCGA-E1-A7YW-01A,0.73,0.9686002382270867,0.7320225777750018,0.7328337459703023,0.5027739813070704,0.127381329994046,0.9686002382270867,0.7842681575706627,0.010005015443596227,0.6304620546181987,0.6304620546181987,0.8838064641831357,0.9999626098546484
TCGA-E1-A7YY-01A,0.17,0.9261782079527385,0.7101244132767027,0.6970253016273145,0.9087968513700935,0.2646746417792552,0.9261782079527384,0.8868037941943461,0.0,0.5410470099226071,0.5410470099226071,0.762929084223996,0.9311138132535542
TCGA-E1-A7Z2-01A,0.73,0.9438308063515625,0.6895072227576546,0.6260865229932324,0.9291446614801883,0.09504794565744876,0.9438308063515625,0.8092439373003861,0.45834638595874017,0.5391128138629604,0.5391128138629604,0.7905731718042222,0.9793480489928327
TCGA-E1-A7Z3-01A,0.67,0.9415275817159484,0.7266112155205207,0.6848244847836125,0.4132851713167966,0.18225470974197344,0.9415275817159484,0.7615052244795787,0.0,0.5527587144441698,0.5527587144441698,0.7963964322654967,0.9854671601501356
TCGA-E1-A7Z4-01A,0.83,0.9792446748562723,0.6581220525414587,0.6308818463910956,0.9357001063797374,0.11552537584042778,0.9792446748562723,0.7818377914977684,0.8374752049778221,0.6394704352286233,0.6394704352286233,0.8555241827258486,1.0
TCGA-E1-A7Z6-01A,0.77,0.9668982706277378,0.6481985631761167,0.6508620865496684,0.8064921670707923,0.025821830897492227,0.9668982706277378,0.8411207910221872,0.5901245616277047,0.7284784647719373,0.7284784647719373,0.8659988245318401,0.9983244417084711
TCGA-EZ-7264-01A,0.97,0.9346719025330655,0.8476389828846875,0.885686247068293,0.8925852981099343,0.32820935305598126,0.9346719025330655,0.9390224650589568,0.23186119906262181,0.6422559209393487,0.6422559209393487,0.7285645830350173,0.9719931624026167
TCGA-F6-A8O3-01A,0.91,0.820899307796049,0.8568885078346609,0.8407777338876423,0.1500552859270038,0.36016739332119124,0.820899307796049,0.950773941254557,0.0,0.6567485758780753,0.6567485758780753,0.33864082998023365,0.9674285226705859
TCGA-F6-A8O4-01A,0.82,0.9132804991469806,0.7346479990936684,0.6712165830172123,0.6093903351260921,0.21814597521389667,0.9132804991469806,0.8837302170940067,0.0,0.6027801031524408,0.6027801031524408,0.7308544109680404,0.9769695454530716
TCGA-FG-5962-01B,0.82,0.9632260368359049,0.8065691087972902,0.8134345781849076,0.796783701163962,0.2652083712459725,0.9632260368359049,0.8436775558676336,0.0,0.6891935132715682,0.6891935132715682,0.8228333308023885,0.9971416928096556
TCGA-FG-5963-01A,0.39,0.8248744639788574,0.49378645599586535,0.3283751407912325,0.4998473695576854,0.027465117431571207,0.8248744639788576,0.5323653948021935,0.0,0.46931602709855597,0.46931602709855597,0.4255042086920963,0.9504604697506491
TCGA-FG-5963-02A,0.83,0.672872351024768,0.70977480426078,0.6374739129365381,0.6322694030920957,0.20338344453360394,0.6728723510247681,0.8163846383490213,0.08006753561934865,0.7959365020695564,0.7959365020695564,0.32186150769458644,0.7332095603474829
TCGA-FG-5964-01A,0.62,0.9376800131702908,0.6462855406202086,0.6276136601055637,0.9203815304317156,0.14577403042763054,0.9376800131702908,0.8100759799795216,0.19994161138370403,0.5850481685888154,0.5850481685888154,0.7843155084363502,0.9916519735481507
TCGA-FG-5965-01B,0.74,0.9656292657186797,0.7720389348389187,0.7700961819976521,0.9512438374640316,0.1459852824561847,0.9656292657186797,0.8350212695081938,0.2794916406919292,0.6882967910174115,0.6882967910174115,0.8812622260699661,0.9984382599911892
TCGA-FG-6688-01A,0.38,0.947515140540628,0.4588664591151094,0.4695506330967503,0.7100791059449486,0.012880246110194357,0.947515140540628,0.6776856995786215,0.14818765329079814,0.6756831207277256,0.6756831207277256,0.7202533919898872,0.9974226817484714
TCGA-FG-6689-01A,0.58,0.9300268685616027,0.5792256691591245,0.572199637759361,0.854132602442108,0.09574993567761868,0.9300268685616027,0.8189745419941087,0.0,0.6545889313532858,0.6545889313532858,0.7318619966926915,0.9942005744072722
TCGA-FG-6690-01A,0.53,0.9486912595372925,0.7105965947496546,0.7155844806667678,0.7714772110188115,0.16660886447417578,0.9486912595372925,0.8619444302094866,0.0,0.7122842055082058,0.7122842055082058,0.8827587533401333,0.9947494997813596
TCGA-FG-6691-01A,0.84,0.888763247594689,0.7147426495969136,0.5610379109336694,0.4120436335304009,0.15165208149944834,0.888763247594689,0.7853125720067519,0.0,0.6188669036854482,0.6188669036854482,0.7428854888192805,0.9643520306117722
TCGA-FG-6692-01A,0.84,0.9853377981753387,0.7915607390689678,0.7705714416285079,0.9737206337817814,0.21158233985887365,0.9853377981753387,0.8174802856517247,0.46015742057191206,0.42516830813777884,0.42516830813777884,0.8743356907600004,0.9995704901715823
TCGA-FG-7634-01A,0.84,0.7481272128887873,0.6003132781022466,0.5750881261261297,0.6361311140490923,0.11185442232636823,0.7481272128887874,0.7291086499098166,0.0,0.4642928423746841,0.4642928423746841,0.3334215048592549,0.8754556409014804
TCGA-FG-7636-01A,0.89,0.9548652839199583,0.7222826428137993,0.7338003321422012,0.3999300641918185,0.17798718147344084,0.9548652839199585,0.8896224957009444,0.35774454556056035,0.7381737159879761,0.7381737159879761,0.8216339883517806,0.9959680666243175
TCGA-FG-7638-01B,0.88,0.9320086165378734,0.6046049187761373,0.6337618612614139,0.38830788599995875,0.12825541210714525,0.9320086165378734,0.8321939117806606,0.0,0.6464360162881836,0.6464360162881836,0.7515927782734322,0.9853607966562462
TCGA-FG-7641-01B,0.79,0.8260750396978793,0.7070166021189359,0.5880376842748568,0.8023514313057332,0.19152557368947407,0.826075039697879,0.8372323808612437,0.0,0.4846398476993187,0.4846398476993187,0.38667287495138203,0.9191184777239971
TCGA-FG-7643-01A,0.28,0.7845597597858174,0.4728712703090577,0.4098407722511878,0.7466569489233522,0.08729076891345774,0.7845597597858174,0.792189975447746,0.0,0.48785768357667114,0.48785768357667114,0.32220109881715575,0.8842901205484833
TCGA-FG-8181-01A,0.74,0.9207527689188129,0.7173931006927228,0.7127412765255944,0.8525537114148839,0.2486942466436495,0.9207527689188129,0.852280128906319,0.0,0.5037291751367821,0.5037291751367821,0.7329706961297828,0.8999326899369379
TCGA-FG-8182-01A,0.2,0.8205032852167866,0.5836567906803037,0.48796531560511724,0.7224049136510904,0.15137244525272406,0.8205032852167866,0.7885912036556658,0.0,0.4053773357773871,0.4053773357773871,0.17329545770057223,0.9654488428429314
TCGA-FG-8185-01A,0.86,0.8695088333714233,0.8121161923552785,0.7245541147053594,0.8433775730903026,0.19466771908143335,0.8695088333714235,0.9144265589488225,0.04769302108122535,0.5721861325287589,0.5721861325287589,0.7820991098612766,0.9188198055882137
TCGA-FG-8186-01A,0.82,0.9414851318231826,0.710872079468251,0.6616505753804619,0.8837402849832419,0.16076474057996648,0.9414851318231826,0.8262391996847533,0.0,0.6189690948494629,0.6189690948494629,0.7391203991340924,0.9972878109561839
TCGA-FG-8187-01A,0.72,0.8337719188921345,0.3087487689047861,0.2861975864716577,0.23751581026677815,0.003974635902707835,0.8337719188921348,0.565640306420626,0.0,0.5144238760685454,0.5144238760685454,0.14255180189942812,0.9770370929198409
TCGA-FG-8188-01A,0.42,0.8719754173465571,0.4874348289628952,0.412973409160396,0.28225028690281734,0.028738200193891672,0.871975417346557,0.6956606778833128,0.0,0.4363341614715507,0.4363341614715507,0.4426755541153482,0.9836854663148124
TCGA-FG-8191-01A,0.59,0.8918096658379261,0.5804244512866702,0.5513078549037868,0.582070621960266,0.06763724754899231,0.8918096658379261,0.6681985414857065,0.0,0.5157491406920284,0.5157491406920284,0.4480737223715423,0.9837135922670937
TCGA-FG-A4MT-01A,0.93,0.9438400179380225,0.7677301881114205,0.7787564778055996,0.9305321407224817,0.28015227768523115,0.9438400179380225,0.9228905323396424,0.0,0.5434989703303732,0.5434989703303732,0.7089758697818797,0.9964780667716417
TCGA-FG-A4MT-02A,0.68,0.8596044690792959,0.6485215556083493,0.6379488445618468,0.16261184152707192,0.2233733844449968,0.859604469079296,0.8765674949929986,0.0,0.6072022861877368,0.6072022861877368,0.3542199411957386,0.9750360720115949
TCGA-FG-A4MW-01A,0.71,0.9531938834296839,0.664596579458055,0.6161676117110213,0.9428428551888588,0.16773758654849458,0.953193883429684,0.7534224970523397,0.26199360468328464,0.6089337797150166,0.6089337797150166,0.6977866891496208,0.9895117377406435
TCGA-FG-A4MX-01A,0.9,0.8657554718812842,0.7644289420757622,0.6154956099093062,0.844676832985486,0.12102769782480499,0.8657554718812843,0.8933638864426445,0.0,0.5839548126918928,0.5839548126918928,0.6898185049151858,0.980841328172576
TCGA-FG-A4MY-01A,0.97,0.92036611582467,0.6017516159520002,0.5578707282146296,0.1936139213503714,0.055474507065824505,0.92036611582467,0.653072414012656,0.0,0.35013379418678103,0.35013379418678103,0.5799383880981308,0.9882965780773153
TCGA-FG-A60J-01A,0.85,0.9773098802853201,0.7270090298331096,0.7221448623315978,0.8117168115440929,0.15846406995517134,0.9773098802853201,0.8164212032588594,0.0,0.5754481469691753,0.5754481469691753,0.8024308805533964,1.0
TCGA-FG-A60K-01A,0.91,0.9456029883332326,0.7208034833976454,0.7006238292598624,0.8782185032198023,0.2086689377451695,0.9456029883332326,0.8875981461849716,0.0,0.6057996390135703,0.6057996390135703,0.8108002875427869,0.9834595396335503
TCGA-FG-A60L-01A,0.5,0.9660535750297573,0.49651094950912184,0.45522408022916244,0.9109852656907386,0.04026492741171138,0.9660535750297574,0.6282600076745382,0.3393166578291629,0.5727550743808039,0.5727550743808039,0.8331638544430411,1.0
TCGA-FG-A6IZ-01A,0.95,0.9782027303197633,0.7787515429160432,0.7555645047639169,0.9552893804993556,0.23245213759491873,0.9782027303197633,0.9305506136377775,0.2349976265095902,0.6931793037070467,0.6931793037070467,0.945059159504355,1.0
TCGA-FG-A6J1-01A,0.88,0.9579959552416618,0.6921313496618499,0.685711149913793,0.9307168954166669,0.17849822968452342,0.9579959552416618,0.8797945685303601,0.2751065180706116,0.596538404587326,0.596538404587326,0.914713662817051,0.9959395905898055
TCGA-FG-A6J3-01A,0.8,0.9762402324752065,0.5944637152790262,0.6376140510780296,0.9548900716804452,0.08172776785992202,0.9762402324752065,0.6959949963549165,0.7920006814335934,0.6238590420623986,0.6238590420623986,0.5107667977553623,0.9973654528956408
TCGA-FG-A70Y-01A,0.65,0.8838563740341836,0.5185367788300748,0.5087952115472429,0.8593391653156184,0.07738241896402055,0.8838563740341835,0.6129997958044022,0.0,0.38736208687769563,0.38736208687769563,0.6433266523567422,0.9661942739140389
TCGA-FG-A70Z-01A,0.7,0.9569430444757584,0.8125953244457967,0.7197114461044775,0.9392396708310273,0.22628635827986499,0.9569430444757585,0.8256085731158663,0.4891289050991503,0.5030679871755434,0.5030679871755434,0.83261898128969,0.9923751631711154
TCGA-FG-A710-01A,0.82,0.9373844430900674,0.7070362126528683,0.6861486546722751,0.9200263243002661,0.2248706148786024,0.9373844430900674,0.8682962621213131,0.30368570148922197,0.5644627910585478,0.5644627910585478,0.8958430121585562,0.9828470688467712
TCGA-FG-A711-01A,0.74,0.9704781515839564,0.7488154256280115,0.7128722654160589,0.7989481637437454,0.13938919828702484,0.9704781515839564,0.7794949031955737,0.29051613886211514,0.6125577572284062,0.6125577572284062,0.8717544286595753,0.9977922731731284
TCGA-FG-A713-01A,0.49,0.8955039068984827,0.6341615161136467,0.6140508577506715,0.8375187453793912,0.18248307172173178,0.8955039068984827,0.8543456840616748,0.0,0.3911898367778179,0.3911898367778179,0.5998132362792263,0.961091483467072
TCGA-FG-A87N-01A,0.9,0.8158341203157888,0.8052074574773953,0.732147251393719,0.7985413864753524,0.26449561759425844,0.8158341203157887,0.938489519068895,0.12616441252124216,0.5695125251646773,0.5695125251646773,0.5380641323585219,0.8304627719471883
TCGA-FG-A87Q-01A,0.54,0.8575575737016193,0.457480386247833,0.38654855883818534,0.8270155765748699,0.004458627936912006,0.8575575737016192,0.4879200060134947,0.08711282486019327,0.35140641112399085,0.35140641112399085,0.5817366503266426,0.9040074111061827
TCGA-FN-7833-01A,0.91,0.9594981372062945,0.618097159180264,0.564381497290765,0.41349929252296197,0.09380774813488053,0.9594981372062943,0.6699061802722068,0.0,0.5160184288288278,0.5160184288288278,0.9215023072177199,0.9970066478222145
TCGA-HT-7467-01A,0.35,0.1928275741822739,0.37988318656531433,0.31603008110574665,0.05201912679896337,0.05643563002417354,0.19282757418227375,0.6109349993679819,0.0,0.5280457744602121,0.5280457744602121,4.746894605599468e-07,0.7590094371276151
TCGA-HT-7468-01A,0.99,0.9545397588353481,0.8372932186133274,0.8012046329221273,0.939420796753627,0.26889259582718605,0.9545397588353481,0.9078709964926771,0.0,0.5862089461237314,0.5862089461237314,0.7843814477557767,0.9898189811138706
TCGA-HT-7469-01A,0.97,0.9380217554148792,0.820611393267963,0.7285291651910194,0.7073553324343447,0.41153578673168195,0.9380217554148791,0.9590064521346436,0.14026722268051592,0.6646070090706193,0.6646070090706193,0.7722588271243914,0.9865156299720368
TCGA-HT-7470-01A,0.91,0.8259639259840152,0.5863669487809142,0.5135451351963967,0.28036304545899937,0.11579346120540364,0.8259639259840154,0.8198712677092825,0.0,0.7039889910410958,0.7039889910410958,0.37589071937242996,0.9527132222413972
TCGA-HT-7471-01A,0.93,0.9516074061426518,0.8095455833122146,0.7749269978124866,0.7651341311668559,0.2753164016276673,0.9516074061426518,0.8936615939582314,0.22632428362713133,0.5711997518512516,0.5711997518512516,0.9023906967371692,0.9911393826533957
TCGA-HT-7472-01A,0.7,0.976394138714698,0.6818002718837795,0.7534421315859314,0.5684853758838373,0.14283626651888562,0.9763941387146983,0.8195152068979445,0.0,0.6804909340852969,0.6804909340852969,0.7940646582495218,1.0
TCGA-HT-7473-01A,0.75,0.9623497166803643,0.6444518445232313,0.641141777907865,0.7828814469923367,0.037484420818127674,0.9623497166803643,0.6420444870493396,0.3189248606997276,0.622873272667732,0.622873272667732,0.9137509819890733,0.9987400774446679
TCGA-HT-7474-01A,0.61,0.8841089888641144,0.5041848006349056,0.43279963326976706,0.36035203098520613,0.10159360528742942,0.8841089888641144,0.7811969307038342,0.0,0.5723890440126297,0.5723890440126297,0.45969116067795085,0.9840052596035765
TCGA-HT-7475-01A,0.84,0.6813528475681051,0.5503545762335444,0.4825197630422676,0.18299062418615736,0.17534236398673397,0.681352847568105,0.8285611886370672,0.0,0.6414833986225503,0.6414833986225503,0.06764453881695291,0.8860619353489493
TCGA-HT-7476-01A,0.71,0.6678320533999109,0.6063990616551895,0.5110862458280123,0.1820143593296527,0.13289529692103982,0.667832053399911,0.7729907876674434,0.0,0.4020600853109495,0.4020600853109495,0.29113595735927134,0.7896223246129377
TCGA-HT-7477-01B,0.84,0.9360928691404806,0.7817986467629646,0.7133284587649059,0.8887514210598635,0.33247429984484084,0.9360928691404806,0.9112504350065956,0.08031033444877621,0.5682176749111179,0.5682176749111179,0.7757649221667892,0.9920190600569431
TCGA-HT-7478-01A,0.62,0.9202166150637192,0.5789503381633914,0.5481993734301037,0.7139489934964339,0.10357302859206513,0.9202166150637192,0.7581546891029193,0.11584985787485363,0.6296136443332256,0.6296136443332256,0.8770412647308865,0.9852893336588726
TCGA-HT-7479-01A,0.53,0.9208258772344151,0.3402697744497537,0.32367882311116214,0.3973310628064105,0.009265218712079583,0.9208258772344151,0.507229148160123,0.0,0.4415121837679671,0.4415121837679671,0.550255761927539,0.9922873935175656
TCGA-HT-7480-01A,0.89,0.926199764810853,0.8136534106256277,0.7980361767953651,0.8536308739397929,0.23767523730559006,0.9261997648108528,0.8922387539522993,0.0,0.6859414620003447,0.6859414620003447,0.7054574817309519,0.9738847935153861
TCGA-HT-7481-01A,0.57,0.44961573406181377,0.4858515007303624,0.37234325148544395,0.0,0.06893021883559201,0.44961573406181343,0.6575958915068089,0.0,0.657232294475394,0.657232294475394,0.00032547034333449035,0.8261486183120598
TCGA-HT-7482-01A,0.66,0.9288373288106482,0.4982390546786353,0.4922677040472875,0.6587118713976027,0.04060319735108016,0.9288373288106482,0.6280990961394163,0.2385891268369574,0.5085588859138406,0.5085588859138406,0.5284097577060072,0.9921459172839013
TCGA-HT-7483-01A,0.8,0.873523594277362,0.7752116941411719,0.675254593521354,0.8489702924063203,0.19569342099405782,0.8735235942773623,0.8685374469738976,0.0,0.586632249360033,0.586632249360033,0.7286364632842668,0.9173764429365677
TCGA-HT-7485-01A,0.79,0.936257204659098,0.5849298455934279,0.5376165962365398,0.9219877013097788,0.028535703048205456,0.936257204659098,0.6618226110022852,0.0,0.5811951518399404,0.5811951518399404,0.6369543069223366,0.9966121210419165
TCGA-HT-7601-01A,0.65,0.8566249739293955,0.48191706598363737,0.4507310501130148,0.3685403170536297,0.0357636103945002,0.8566249739293953,0.6618593469527466,0.0,0.6709565646567498,0.6709565646567498,0.5237765343153452,0.9763677898854224
TCGA-HT-7602-01A,0.48,0.8766306353185729,0.22789049838226777,0.2500823653803353,0.5804760804696358,0.003540041857094196,0.8766306353185729,0.4302453279587216,0.0,0.4395240099925009,0.4395240099925009,0.19442659826558378,0.9878444557653068
TCGA-HT-7603-01A,0.59,0.7429229391539423,0.5941523732384916,0.5155399965700692,0.6998385247601501,0.20460749930076702,0.7429229391539423,0.8498403411801755,0.0,0.7842166006937896,0.7842166006937896,0.12171050208555907,0.9333843588868864
TCGA-HT-7604-01A,0.95,0.9625903184982273,0.8046388667095703,0.7602048545248046,0.2621689954289145,0.22988784143032162,0.9625903184982273,0.9390679040742994,0.0,0.747550941091332,0.747550941091332,0.8664965830033049,0.9967061440618052
TCGA-HT-7605-01A,0.68,0.894649839691594,0.5483008824906521,0.5030255785937143,0.6543045613215267,0.0884939563606616,0.894649839691594,0.7508870063389215,0.0,0.5790922302206976,0.5790922302206976,0.40977289030803093,0.9884423561108278
TCGA-HT-7606-01A,0.92,0.9489734949319453,0.7643476288448982,0.7589564081803678,0.7318682459230914,0.32089186915730644,0.9489734949319453,0.9166411486806653,0.0,0.5041404045788945,0.5041404045788945,0.7289491652704847,0.9931280587718304
TCGA-HT-7607-01A,0.35,0.9172235019479366,0.5768513669625589,0.5470769472282926,0.8509942877293297,0.15527244414953995,0.9172235019479363,0.828338829371411,0.0,0.6896895914288438,0.6896895914288438,0.6054920636682091,0.9880924456073679
TCGA-HT-7609-01A,0.19,0.959348371862099,0.688481090356464,0.6557605452407985,0.2689363555525109,0.11972890227987862,0.959348371862099,0.8878353635764871,0.0,0.6252662291331985,0.6252662291331985,0.7726738702596604,1.0
TCGA-HT-7610-01A,0.61,0.41832105935785324,0.6664385433020317,0.6460514450578178,0.07112072215564601,0.25416353680127857,0.4183210593578534,0.8723618148982396,0.0,0.6221542595443333,0.6221542595443333,8.728221194862521e-06,0.802542619395714
TCGA-HT-7611-01A,0.78,0.9773095181548218,0.69367021369626,0.6711366341427616,0.8006238538102902,0.0657226331213186,0.9773095181548219,0.8135763343289426,0.28208032202645933,0.6709659389504037,0.6709659389504037,0.8634024922511726,1.0
TCGA-HT-7616-01A,0.78,0.9411592377704043,0.6880315987926802,0.5732946448155822,0.9155528708477514,0.1917694531772884,0.9411592377704041,0.7080002915817335,0.2992917018712834,0.3463272783876594,0.3463272783876594,0.7401311101358553,0.9711546507197708
TCGA-HT-7620-01A,0.41,0.8127664962695483,0.3140448811540378,0.21284443145477894,0.6736021063627566,0.010211393608320591,0.8127664962695484,0.39716849329151893,0.0,0.30346519511626396,0.30346519511626396,0.013269440978097983,0.9758026015972517
TCGA-HT-7676-01A,0.83,0.9010936603154527,0.5675083810833106,0.5339774885594516,0.6708022160660462,0.1453471861392544,0.9010936603154528,0.8111061965364109,0.0,0.5504826035974854,0.5504826035974854,0.5630246452227489,0.9910911914514171
TCGA-HT-7677-01A,0.87,0.9354936857579433,0.7187476924819034,0.6647267763040909,0.8869025438140657,0.21862043153280364,0.9354936857579433,0.8618167681616618,0.0,0.5243662206077284,0.5243662206077284,0.7059994582613007,0.9890685551776502
TCGA-HT-7680-01A,0.23,0.9796534502086363,0.4254843426238074,0.5116414986514357,0.5920359827619412,0.025205673095668766,0.9796534502086363,0.7883664744762621,0.9127951840554371,0.49886670242787273,0.49886670242787273,0.8229436757135944,1.0
TCGA-HT-7681-01A,0.72,0.8922712797805393,0.6629941251037075,0.6396043531419631,0.32088196150985454,0.19537585722449793,0.8922712797805393,0.8319802603115821,0.0,0.5931501870485663,0.5931501870485663,0.6273158243469461,0.9583050739166208
TCGA-HT-7684-01A,0.62,0.9680694328965439,0.5658065836952579,0.5795960102123351,0.9553843870774865,0.03691999762175327,0.9680694328965439,0.8205537121527214,0.758944943248294,0.43858999327762355,0.43858999327762355,0.24087908203706895,0.9950965755298291
TCGA-HT-7686-01A,0.72,0.9431563279163326,0.5908905545737184,0.5671215253885719,0.8841316438763017,0.05822687287862349,0.9431563279163326,0.6725997169391613,0.3273265861312819,0.7812647802680313,0.7812647802680313,0.8243170886484873,0.9928523431479029
TCGA-HT-7687-01A,0.85,0.9096490377005192,0.7825530498496094,0.6747592599793701,0.8952167316887563,0.32296056109935484,0.9096490377005192,0.8823959346222672,0.0,0.5735014372964028,0.5735014372964028,0.5483973006629979,0.9881234847064337
TCGA-HT-7688-01A,0.67,0.7962883071684204,0.745213108175373,0.5148559339864673,0.25525772446837586,0.23854793541392882,0.7962883071684203,0.8585753246869203,0.0,0.6523531145874994,0.6523531145874994,0.3371946559748307,0.8904228245184735
TCGA-HT-7689-01A,0.71,0.9195686221483841,0.4378294351790534,0.4502843692293355,0.6776779945707834,0.05616680705166634,0.9195686221483841,0.7511729706244159,0.003553902318839029,0.5306898336358271,0.5306898336358271,0.6123934603863413,0.9917301289536944
TCGA-HT-7690-01A,0.78,0.8993367164428916,0.6932819126504155,0.5494458200672075,0.8813144335476436,0.16120967249887322,0.8993367164428915,0.8234750142422491,0.0,0.5407495068666475,0.5407495068666475,0.6404145894932621,0.9878404397054251
TCGA-HT-7691-01A,0.5,0.9581192359086828,0.5557284349614245,0.5067280228809872,0.9419903228299534,0.06799385735146371,0.9581192359086828,0.8043719503280099,0.6986665399835947,0.2888123684810155,0.2888123684810155,0.21741776749055652,0.9893868251997778
TCGA-HT-7692-01A,0.9,0.959104912012452,0.831922279717847,0.7318710400253592,0.45873937372840257,0.24783689785242966,0.9591049120124518,0.8156689247668284,0.0,0.6554603813286699,0.6554603813286699,0.7828333111590228,0.9814618648757658
TCGA-HT-7693-01A,0.93,0.839193703367178,0.6874469749415978,0.6069588461090988,0.7664865142046522,0.1716626912203229,0.839193703367178,0.772657883169311,0.0,0.49340043621902696,0.49340043621902696,0.6207475687085557,0.9220735527270744
TCGA-HT-7694-01A,0.45,0.8075810399137928,0.5762750474317421,0.5411225831532408,0.2731594103789666,0.15998752137011485,0.8075810399137929,0.7999474883455172,0.0,0.60469208070229,0.60469208070229,0.19658018403121602,0.9505465151567459
TCGA-HT-7695-01A,0.76,0.8222725864378856,0.5929589755646625,0.5744604930347569,0.7948660353104823,0.20264622608274938,0.8222725864378856,0.8507006419152455,0.0,0.6636316173884782,0.6636316173884782,0.30066457730128576,0.9464894227141534
TCGA-HT-7854-01A,0.42,0.9732047348849219,0.49180430716755896,0.449757123206786,0.776351408038073,0.006263668487829119,0.9732047348849219,0.7233407718745388,0.5499164710855394,0.48540861862809975,0.48540861862809975,0.867535580776131,1.0
TCGA-HT-7855-01A,0.91,0.9132411157430269,0.7953675646279241,0.6820887709428998,0.8400161923636404,0.19189819778594852,0.913241115743027,0.8978524486737687,0.0,0.5706648794923347,0.5706648794923347,0.8684314430447896,0.9652570153040002
TCGA-HT-7856-01A,0.51,0.6372020718035315,0.5689062584434191,0.5188549424592184,0.17328434932018527,0.14816836516482793,0.6372020718035316,0.8196339798934493,0.0,0.5205031889474794,0.5205031889474794,1.3462694362738718e-05,0.7974267471974728
TCGA-HT-7857-01A,0.58,0.8306279742904525,0.3934860704775712,0.23584186495230006,0.7639494564022979,0.06618324184837306,0.8306279742904525,0.5861512341035796,0.0,0.2921797608730233,0.2921797608730233,0.6498020798860077,0.9355607075452904
TCGA-HT-7858-01A,0.61,0.9138473090911359,0.4830600893661023,0.4733731393159647,0.6555020965138613,0.0667301918624948,0.9138473090911357,0.6590278298188537,0.0,0.40458846399876053,0.40458846399876053,0.5961724473586351,0.991788281724014
TCGA-HT-7860-01A,0.74,0.9569782467280088,0.5821631155706918,0.5416517345811397,0.8937898735112555,0.021369116354372265,0.9569782467280088,0.7742237026163109,0.0,0.49346338898671444,0.49346338898671444,0.8421232865626165,0.999330638526337
TCGA-HT-7873-01B,0.83,0.8572796697937847,0.5649012429460505,0.5634200949291983,0.17346314994349527,0.09605101010536858,0.8572796697937844,0.7484756528749439,0.0,0.5243988383464262,0.5243988383464262,0.3607404621742149,0.9740730899468915
TCGA-HT-7874-01A,0.42,0.8084933220615833,0.591192879620556,0.48985744139423065,0.7777993089443633,0.15575427923466845,0.8084933220615832,0.805861956112507,0.0,0.5958167326021863,0.5958167326021863,0.25408686162893535,0.9468920734988373
TCGA-HT-7875-01A,0.92,0.946029131666263,0.7809907492250476,0.7213276465964745,0.0,0.22721498596797918,0.946029131666263,0.912596853714937,0.0,0.6609999247885576,0.6609999247885576,0.8233865227082979,0.9801343277409075
TCGA-HT-7877-01A,0.66,0.7060249338539439,0.4805480981898371,0.3720134920710676,0.12654893618792531,0.14734813096214575,0.7060249338539439,0.833521256426267,0.0,0.5556639495520923,0.5556639495520923,0.10514279685238608,0.8763663221375019
TCGA-HT-7879-01A,0.81,0.9636919069003536,0.6318809665074778,0.632757614351714,0.9093977120189474,0.10881312744608464,0.9636919069003536,0.8227583472481722,0.32406052683843684,0.5235485821734714,0.5235485821734714,0.8080402372888077,0.9993253622352819
TCGA-HT-7880-01A,0.87,0.8922387102414752,0.46564185094514093,0.4035008137986525,0.382057631502066,0.09229404389306518,0.8922387102414752,0.7605022685696005,0.0,0.45085440313037084,0.45085440313037084,0.3726640924470351,0.9885740352741099
TCGA-HT-7881-01A,0.42,0.6777377141133799,0.36277390168604917,0.2596635976770475,0.013467009962645306,0.07046602834137308,0.6777377141133799,0.7728480144173369,0.0,0.5525630428596076,0.5525630428596076,1.9804063109711608e-05,0.9140570573019169
TCGA-HT-7882-01A,0.27,0.6858615862319233,0.3661868931124993,0.1739602573720722,0.66680565165927,0.05673258530743013,0.6858615862319232,0.38452084986149154,0.0,0.38634810341413367,0.38634810341413367,0.6043565907529015,0.7310606922505196
TCGA-HT-7884-01B,0.74,0.8132789693801157,0.6363646371048488,0.45672495657962653,0.3888704803663907,0.10309778942446991,0.8132789693801156,0.7580583817205391,0.0,0.4621527188746614,0.4621527188746614,0.16557401656948098,0.9463117148227703
TCGA-HT-7902-01A,0.34,0.20238268680855284,0.2388016520855911,0.09890145232551155,0.03884908124829099,0.003794165093554423,0.20238268680855204,0.36352766142236237,0.0,0.3954144951120088,0.3954144951120088,3.613119496199787e-08,0.8442170865425263
TCGA-HT-8010-01A,0.6,0.9625760132587599,0.5373797270071308,0.5233997760419262,0.5408334024919239,0.0665573915686282,0.9625760132587599,0.8953343037662851,0.0,0.6374868074931703,0.6374868074931703,0.8224098904247275,0.9996624624964061
TCGA-HT-8011-01A,0.85,0.9787295063493953,0.8599101188603269,0.8469281346471892,0.9688364388157562,0.29608957643645634,0.9787295063493953,0.9111221234354507,0.6937708316381137,0.593736252056192,0.593736252056192,0.7954855509147535,0.993783635352105
TCGA-HT-8012-01A,0.88,0.9576166006978737,0.8259561164745978,0.7736331025256392,0.9011943030916303,0.3576173777185305,0.9576166006978739,0.910551293828106,0.0,0.603227918202822,0.603227918202822,0.827843546753385,0.996296804598614
TCGA-HT-8013-01A,0.85,0.9010202975850782,0.6140689307348931,0.5698935333522639,0.7006077799222544,0.1035242402111874,0.9010202975850782,0.7730721439792984,0.0,0.5323961314408387,0.5323961314408387,0.6728335147203196,0.9801514163375008
TCGA-HT-8015-01B,0.32,0.9310778535924542,0.654652593220416,0.6056124260745467,0.25995246284811535,0.2153833306784852,0.9310778535924544,0.8587847040114513,0.0,0.5503241132925035,0.5503241132925035,0.6256032083168535,0.9970342953791239
TCGA-HT-8018-01A,0.4,0.9349668028351042,0.620855388540922,0.5305368706597422,0.8514683823719814,0.15780415052594934,0.9349668028351042,0.749937553328629,0.13900187359782987,0.40620514388486184,0.40620514388486184,0.8735478161790523,0.9869256586943184
TCGA-HT-8104-01A,0.75,0.9664805590701554,0.6033753293409606,0.6032206451968157,0.9497917240420279,0.14800427564621027,0.9664805590701554,0.7969055469932353,0.45605890023138745,0.45772097193010924,0.45772097193010924,0.7799351064342387,0.9967542154206807
TCGA-HT-8105-01A,0.84,0.8451280359361075,0.7964304510844137,0.7235994463353639,0.7349919524759109,0.244232486325262,0.8451280359361075,0.9052417456430977,0.0,0.5572527689311189,0.5572527689311189,0.6380050224650253,0.8940192744731538
TCGA-HT-8106-01A,0.31,0.715038229374058,0.18879133111338625,0.14117655408954366,0.6890940645321132,0.003888510996926598,0.7150382293740577,0.333345328028868,0.0,0.42450254911226226,0.42450254911226226,0.3919123831298844,0.8730656832913218
TCGA-HT-8107-01A,0.31,0.2926913466168222,0.3813274750240958,0.3469032271091399,0.1365250410023279,0.15336111610306888,0.292691346616822,0.7167263125673449,0.0,0.35519456459490434,0.35519456459490434,1.8419625743883912e-06,0.6775977757018911
TCGA-HT-8108-01A,0.84,0.8484733458290616,0.7079173597278927,0.5792108115401665,0.8275901586803117,0.21594009018591698,0.8484733458290616,0.8597254854927554,0.0,0.6068048158698028,0.6068048158698028,0.5387866162283558,0.956935584302184
TCGA-HT-8109-01A,0.66,0.8968098087889472,0.66564885796412,0.5372439220114397,0.6404349616491215,0.14919829240567584,0.8968098087889472,0.8086915440553569,0.0,0.6077349089470727,0.6077349089470727,0.5051640443329903,0.9827502322981361
TCGA-HT-8110-01A,0.57,0.9447699266336044,0.6105546233279756,0.5253224447662731,0.5693547246216556,0.04475271213316775,0.9447699266336044,0.6707064566398855,0.0,0.6799963303392891,0.6799963303392891,0.8227291034185998,0.9977114746373434
TCGA-HT-8111-01A,0.61,0.9472938264729456,0.4149984751116314,0.4224489339929782,0.48273164559596793,0.02378231265388722,0.9472938264729456,0.6165202713604744,0.2605548222921701,0.4694012034666184,0.4694012034666184,0.693816393443708,0.999220527801202
TCGA-HT-8113-01A,0.33,0.7868708811643306,0.6451156878438448,0.4729143880119386,0.6915153249483087,0.21907097600591935,0.7868708811643303,0.8238864938959841,0.0,0.5464274817654283,0.5464274817654283,0.38747166429293384,0.8361212132924035
TCGA-HT-8114-01A,0.62,0.9533649589375095,0.7327769989304725,0.7148310852027092,0.7456157367146888,0.149775903179658,0.9533649589375095,0.7953994940437398,0.0043449536095206765,0.5847055742534232,0.5847055742534232,0.8930709240482622,0.9971744637691317
TCGA-HT-8563-01A,0.45,0.8451216562216625,0.3203592863732039,0.27669608087664943,0.8201662036993169,0.02006526827001613,0.8451216562216625,0.5564692997311702,0.011782784202046186,0.5537441289730646,0.5537441289730646,0.8695390460285765,0.9332523259717018
TCGA-HT-8564-01A,0.77,0.7891186112101026,0.6956734511419587,0.6244626246585735,0.28507779418149665,0.21889998123997362,0.7891186112101025,0.8911850611812298,0.0,0.6821719163201917,0.6821719163201917,0.22874232131330868,0.9242262184766286
TCGA-HT-A4DS-01A,0.81,0.9503000686349952,0.7398261186203342,0.6154056165013555,0.8887851722827504,0.09245601015218591,0.9503000686349954,0.835031352277441,0.33378285956054693,0.5755735239394488,0.5755735239394488,0.8563281270898272,0.9912869535306863
TCGA-HT-A5R5-01A,0.3,0.9838738950671552,0.6402579791602515,0.5637845842756154,0.8189311165124115,0.07628531111980179,0.9838738950671552,0.725197800421291,0.5245099667873497,0.6534315132978401,0.6534315132978401,0.8835441093804338,1.0
TCGA-HT-A5R7-01A,0.95,0.9462511367585543,0.686662765389221,0.6246579301912346,0.9348794038175186,0.1618885958952185,0.9462511367585543,0.8240139963297716,0.0,0.7463255090770972,0.7463255090770972,0.7178570725952467,0.9983218964520852
TCGA-HT-A5R9-01A,0.84,0.7182635121028854,0.7378075606870528,0.696295411283453,0.11687840259434637,0.2549860740687773,0.7182635121028856,0.9231602347794005,0.0,0.5257505476236821,0.5257505476236821,0.23603453231000243,0.8090054064019734
TCGA-HT-A5RA-01A,0.85,0.9690097119910783,0.7850551233148749,0.7584071459542148,0.9579307318324485,0.14289222926631265,0.9690097119910783,0.7556768733835254,0.698317213057176,0.3021814492379964,0.3021814492379964,0.6715466681602873,0.9828278927301006
TCGA-HT-A5RB-01A,0.84,0.7401082186821132,0.6683546430827476,0.665304293346184,0.12431258816692736,0.22211941179958722,0.7401082186821133,0.8908436583040665,0.0,0.6348701748734967,0.6348701748734967,0.08700376321779953,0.9133034577744907
TCGA-HT-A5RC-01A,0.72,0.9794504829379791,0.7534813007100006,0.7079505240638196,0.9702837177545625,0.1267782201026353,0.9794504829379791,0.978477343602018,0.8800235416083837,0.4551620363581109,0.4551620363581109,0.6550745188367737,0.9997518107850271
TCGA-HT-A614-01A,0.81,0.8803477718470027,0.5428676212156901,0.49671663270212624,0.8566102491589545,0.07610735616943658,0.8803477718470027,0.7286821200544344,0.08125010547675762,0.4953005598521249,0.4953005598521249,0.5668269877501723,0.9622750933204854
TCGA-HT-A615-01A,0.74,0.9292493396453917,0.6558313694865165,0.6811070106204483,0.8620183866029488,0.14127709786505055,0.9292493396453917,0.7899125984801297,0.0,0.6047728249479498,0.6047728249479498,0.7304352321448948,0.9948434572063496
TCGA-HT-A616-01A,0.71,0.877735105101986,0.6330151327585608,0.6312030276375802,0.5621725472092849,0.21148576570857072,0.877735105101986,0.9149562226779708,0.0,0.5962120634940183,0.5962120634940183,0.679886560818988,0.9444922768645778
TCGA-HT-A617-01A,0.86,0.95135217815539,0.6366770687822942,0.5882909166763637,0.9290265782582081,0.06252769977685992,0.95135217815539,0.674063163310702,0.5424950834200639,0.4730830293368347,0.4730830293368347,0.6963715433684948,0.9739069607543412
TCGA-HT-A618-01A,0.69,0.9505130302032346,0.6195440613302505,0.5982401875494547,0.7542607725935083,0.04464770595795328,0.9505130302032346,0.7015721191079287,0.21674008968481048,0.6535339950016433,0.6535339950016433,0.9190885647821659,0.9972095332650868
TCGA-HT-A61C-01A,0.82,0.9192067850723221,0.7979726212639252,0.7583968645807622,0.8992600403505571,0.2908802307842293,0.9192067850723223,0.8659952376670699,0.2713767562957089,0.5504683798311127,0.5504683798311127,0.8235007325406055,0.9650176611405932
TCGA-HT-A74H-01A,0.81,0.9600289031125208,0.36103538154226905,0.4029626016734957,0.9475963844085605,0.01123706806835048,0.9600289031125208,0.6202460326464133,0.6408850101191577,0.551779877387475,0.551779877387475,0.6513564572756931,0.999496522985576
TCGA-HT-A74J-01A,0.79,0.9665502033099936,0.7636046994971017,0.7608416244418497,0.9574236459612593,0.18415913223258076,0.9665502033099936,0.9131655507994376,0.6477796592299785,0.6121891453246263,0.6121891453246263,0.8267050124573686,0.9966627366892616
TCGA-HT-A74K-01A,0.78,0.9707502142802734,0.6598670897031463,0.6592293585142233,0.9520266985103242,0.1592303478483407,0.9707502142802734,0.7250228227506126,0.5328807568306478,0.4568460869920651,0.4568460869920651,0.7833798031062227,0.9941138274046215
TCGA-HT-A74L-01A,0.91,0.8939256218272649,0.7156599269264398,0.670768152077766,0.1971929378033783,0.24338344354746996,0.8939256218272646,0.8686858503072942,0.0,0.5315437782607723,0.5315437782607723,0.427014706785792,0.9873282866764104
TCGA-HT-A74O-01A,0.83,0.9472349235499286,0.6225024994293615,0.5615855412840618,0.894878252720693,0.08818623229464437,0.9472349235499286,0.7776141944406947,0.12906882497959996,0.44521622302907793,0.44521622302907793,0.8700014947290963,0.9939920264402127
TCGA-HW-7486-01A,0.56,0.5036945548676262,0.3377506336444927,0.25832261986509814,0.1360346483565255,0.021909877894607657,0.5036945548676263,0.48153319599234073,0.0,0.5687124450217711,0.5687124450217711,1.4860276500648766e-06,0.8623509401827069
TCGA-HW-7487-01A,0.71,0.8214397905143941,0.7133015649216518,0.6074890807196998,0.7800107464243698,0.1847800296484059,0.821439790514394,0.8646945505097697,0.0,0.39086596494830056,0.39086596494830056,0.47707981545709904,0.9053178583493572
TCGA-HW-7489-01A,0.67,0.9417618136492858,0.7537799225244235,0.6985358667808098,0.8760109276851822,0.20104271155790873,0.9417618136492858,0.850493610369225,0.0,0.7296838648760076,0.7296838648760076,0.7459226708334541,0.9883538385647767
TCGA-HW-7490-01A,0.87,0.9717952199021677,0.6726931869726612,0.6091687434003408,0.747642369515215,0.06228702153888503,0.9717952199021677,0.7754553289862696,0.0,0.5017692089294531,0.5017692089294531,0.9240357892226132,0.9999681668398682
TCGA-HW-7491-01A,0.92,0.82288483760817,0.7917467180085516,0.7735814580838541,0.29721802388068636,0.33876839737853953,0.82288483760817,0.925043809112893,0.0,0.4704484857323597,0.4704484857323597,0.31472961858371873,0.9216165667678348
TCGA-HW-7493-01A,0.67,0.947575933606881,0.7277414910841594,0.6962911920712576,0.7296257079729639,0.14194414805335448,0.947575933606881,0.8158462664526049,0.0,0.6994077050992297,0.6994077050992297,0.8288656165228445,0.9967764454839024
TCGA-HW-7495-01A,0.72,0.7466476594909308,0.4930149015150261,0.4393669558255241,0.37068881391177255,0.09659660570196095,0.7466476594909308,0.7470280051371138,0.0,0.5641903337501536,0.5641903337501536,0.1409124944761622,0.9193889011678945
TCGA-HW-8319-01A,0.82,0.9109129154819484,0.80061715995391,0.8023167747932105,0.23681313112906177,0.21188808739895312,0.9109129154819484,0.9069237584702454,0.0,0.7727459087574564,0.7727459087574564,0.6833647831286536,0.9651935096483661
TCGA-HW-8320-01A,0.47,0.9641218068648162,0.7529275776342447,0.747358761582615,0.9515558445788469,0.19027428068230207,0.9641218068648161,0.9206890060015919,0.34306931996598194,0.6580031070293683,0.6580031070293683,0.9213057002160463,0.9980750880588113
TCGA-HW-8321-01A,0.75,0.8843574584949363,0.732231386250088,0.5524950287842991,0.8664195678308395,0.19327846008491012,0.8843574584949363,0.8312643781383395,0.0,0.45987741685228983,0.45987741685228983,0.6214648982105142,0.9733130466070744
TCGA-HW-8322-01A,0.9,0.9095045678107053,0.7877351060766454,0.7069798426827936,0.18932543529762566,0.3145415290736682,0.9095045678107053,0.9185003654752115,0.0,0.5513040792212969,0.5513040792212969,0.5335893505383106,0.9784999898535603
TCGA-HW-A5KJ-01A,0.82,0.7479599547716685,0.7648245080116854,0.5564668519298328,0.11980260435112476,0.20818946011598163,0.7479599547716684,0.8838769668030868,0.022509911902784507,0.518980179754233,0.518980179754233,0.48426795766476805,0.8416427628936238
TCGA-HW-A5KK-01A,0.29,0.9201094364030047,0.43549679024833227,0.33174294630679046,0.8383531517537223,0.005475075556397281,0.9201094364030045,0.5589689070201425,0.09726390173144465,0.519024251361044,0.519024251361044,0.5644521571391404,0.9911884807032486
TCGA-HW-A5KL-01A,0.79,0.95650319334547,0.6601306026434028,0.5188675606185627,0.2641071861691674,0.11795177480470018,0.95650319334547,0.8471845620291439,0.0,0.5250483998076404,0.5250483998076404,0.7103996687210532,0.9999942105935978
TCGA-HW-A5KM-01A,0.78,0.8994806293181971,0.630633573198055,0.5737927441371539,0.4575160948353572,0.13129748821903775,0.8994806293181972,0.6889711997116873,0.1814040708692885,0.539881907927096,0.539881907927096,0.8321877220910389,0.9744179114144279
TCGA-IK-7675-01A,1.0,0.9737011642120306,0.8004291163137034,0.8572747405489786,0.8119723579804266,0.234153892448503,0.9737011642120306,0.9101955554359484,0.1974569229410433,0.5209138173512657,0.5209138173512657,0.7911761894384379,0.9978356992776282
TCGA-IK-8125-01A,0.8,0.9483691687182836,0.7769799144808804,0.7635643500598913,0.8866474389444451,0.2566745015804791,0.9483691687182836,0.8917223909258101,0.0,0.6855073397738717,0.6855073397738717,0.8103832655758636,0.9893583664778316
TCGA-KT-A74X-01A,0.86,0.9379282437500418,0.7844766527825978,0.7534112989375282,0.9247783077995125,0.2697372608341557,0.9379282437500418,0.8911960896814121,0.15151825770827948,0.4518117844684046,0.4518117844684046,0.7109481159441444,0.9831697048184558
TCGA-KT-A7W1-01A,0.89,0.9813220433864057,0.8207388056141471,0.8296333005251089,0.9645853839629557,0.31943970522245835,0.9813220433864057,0.9190078723808076,0.34413824547033345,0.5237913600511185,0.5237913600511185,0.9188684779537478,0.9962871607127806
TCGA-P5-A5ET-01A,0.84,0.7982866086516133,0.5557204225845803,0.5771589066219105,0.6651813955976744,0.13245603451180601,0.7982866086516134,0.8229278058415208,0.0,0.6725437716215331,0.6725437716215331,0.2812150456366967,0.9266172176160407
TCGA-P5-A5EU-01A,0.84,0.961504528991962,0.7500901671889999,0.7174147326912507,0.7854945742632172,0.19440901978865946,0.961504528991962,0.889638295044153,0.0,0.7092689212251071,0.7092689212251071,0.8908053708039723,0.9962660772306227
TCGA-P5-A5EV-01A,0.81,0.9559340652470111,0.7741192645781277,0.7633763888316556,0.9400126774797137,0.19474479665997685,0.9559340652470112,0.7759060357002139,0.0,0.5822541701489679,0.5822541701489679,0.8303824613480534,0.9692147936464045
TCGA-P5-A5EW-01A,0.84,0.9566721788812592,0.67202022385665,0.7020341429352708,0.13903263168228844,0.1070012615794413,0.9566721788812594,0.7796077516072836,0.0,0.6426523771515354,0.6426523771515354,0.7750576315556605,0.9969660786005576
TCGA-P5-A5EX-01A,0.69,0.986102061002356,0.5982661900174033,0.5771875219633142,0.9353301654603539,0.01266270744129615,0.986102061002356,0.6087680802824531,0.6784113773742136,0.3143865061976088,0.3143865061976088,0.8652758626484247,1.0
TCGA-P5-A5EY-01A,0.4,0.9145201434252347,0.6135744613836441,0.5968118118346423,0.42384698407383486,0.0857509955863162,0.9145201434252347,0.9313431512789203,0.0,0.755129024647702,0.755129024647702,0.6118794799514508,0.9838929048921966
TCGA-P5-A5EZ-01A,0.64,0.82931873780175,0.5356992472005065,0.5136815976987176,0.08768244501268126,0.07038546778812681,0.82931873780175,0.6153656929662951,0.0,0.5192009236138987,0.5192009236138987,0.2305365206205595,0.967121345549593
TCGA-P5-A5F0-01A,0.77,0.9155221732338387,0.8625174774984241,0.8358238556370485,0.8982669567006789,0.3626347582662758,0.9155221732338387,0.9268912665944871,0.0,0.6681670523262102,0.6681670523262102,0.7331175679004444,0.9271316258075741
TCGA-P5-A5F1-01A,0.8,0.9792930847541281,0.50600420432796,0.5857208917199191,0.9422759649859166,0.01646598672111641,0.9792930847541281,0.7554984918528332,0.7270111180928864,0.6808496897594265,0.6808496897594265,0.8588608125553736,1.0
TCGA-P5-A5F2-01A,0.75,0.9423476968544191,0.7194651017656803,0.6912658996822799,0.8921643101419989,0.11592857031811218,0.9423476968544191,0.7076790614291241,0.0,0.5605139546967031,0.5605139546967031,0.7017008445345456,0.9722575407661345
TCGA-P5-A5F4-01A,0.74,0.6827637233666884,0.5834024794365269,0.5405217725940893,0.6329610878877441,0.17847686944704522,0.6827637233666886,0.8372462845326192,0.0,0.6179378551002813,0.6179378551002813,0.2263852011806973,0.780094544730536
TCGA-P5-A5F6-01A,0.85,0.806937765601864,0.2778244708083733,0.3871804933697618,0.7810343126659836,0.1598176085369175,0.8069377656018641,0.8209511065902132,0.22984305968399693,0.2674609722821046,0.2674609722821046,0.4680672165804347,0.8477233914531154
TCGA-P5-A72U-01A,0.46,0.9629824127539958,0.6255328528756868,0.6670401418301406,0.9453086505584058,0.0682903651341159,0.9629824127539958,0.5660426396354591,0.7840798532895367,0.17814640247991598,0.17814640247991598,0.02189831228596402,0.9799958980315773
TCGA-P5-A72W-01A,0.89,0.9796565225477479,0.7676313136279164,0.7252547204545104,0.9314466076513287,0.1167262804479008,0.9796565225477479,0.9081402729661258,0.6076269887434537,0.674679768766309,0.674679768766309,0.8719521459580464,1.0
TCGA-P5-A72X-01A,0.73,0.9694160288128576,0.7011955929984591,0.6562123710652281,0.5069327686080755,0.08560020162167084,0.9694160288128576,0.6623897759432741,0.3096500542214167,0.6438693584344864,0.6438693584344864,0.8300449708644018,0.9993831934680508
TCGA-P5-A72Z-01A,0.96,0.9399126658127525,0.8580489303047898,0.7070554701551232,0.2063155032197913,0.38486952104138267,0.9399126658127525,0.9657645287156488,0.060594669150408474,0.5984765344082655,0.5984765344082655,0.6737374933469618,0.9884778891075223
TCGA-P5-A730-01A,0.86,0.9341321731979658,0.5860320328693901,0.5937252037233324,0.6681677093595193,0.05468306620610122,0.9341321731979658,0.7246407952694884,0.22718515348861557,0.28309658975301477,0.28309658975301477,0.7261162393901053,0.9864164153458058
TCGA-P5-A731-01A,0.84,0.9770546648456468,0.731301443132687,0.746940780258558,0.5583014227627439,0.18317502784082357,0.9770546648456468,0.8368048075754512,0.0,0.5859472065656295,0.5859472065656295,0.8894753630063015,0.9999319716935083
TCGA-P5-A733-01A,0.78,0.9115592003601446,0.6412959893058966,0.557217325747433,0.20557533892663013,0.10787184482401697,0.9115592003601446,0.8213176477772074,0.0,0.5951667294574228,0.5951667294574228,0.5301331759352673,0.9898087999693493
TCGA-P5-A735-01A,0.86,0.9454654815551077,0.7208574607899075,0.7007333516161598,0.8853571383792718,0.1757849637359137,0.9454654815551079,0.8608329367073276,0.26298135886318896,0.5812335647245056,0.5812335647245056,0.7536022412725312,0.9941908529875374
TCGA-P5-A736-01A,0.51,0.9862835477758153,0.5529361460006591,0.4512278780408546,0.9797550811134434,0.003428433014988916,0.9862835477758153,0.6439770231894516,0.8515111606881796,0.6194603357522664,0.6194603357522664,0.8911255793627898,1.0
TCGA-P5-A737-01A,0.93,0.984895199542083,0.8491071266735504,0.8054769672313064,0.8197234187664615,0.31663994250789135,0.984895199542083,0.8914059463953193,0.0,0.6966919982703528,0.6966919982703528,0.8746895314371065,1.0
TCGA-P5-A77W-01A,0.79,0.7675070320478019,0.6487540412365403,0.5233232122499226,0.1262280234504451,0.26735319407627706,0.767507032047802,0.8988402328427907,0.04270638939488249,0.3994090582216292,0.3994090582216292,0.20844759398204274,0.9284209634925269
TCGA-P5-A77X-01A,0.83,0.9364925879474946,0.7805628193122086,0.7792970021904188,0.9215818827571156,0.21103459343368697,0.9364925879474946,0.8734715924603121,0.0,0.6574651098564307,0.6574651098564307,0.7552779268891515,0.9843036547909167
TCGA-P5-A780-01A,0.71,0.8470571016049572,0.5689156425971056,0.5412934754648784,0.4950309097395215,0.1330398855472343,0.8470571016049572,0.7349029164357412,0.0,0.4226682469076082,0.4226682469076082,0.5335859904377867,0.9444659718303685
TCGA-P5-A781-01A,0.76,0.9134998779419806,0.6140966186412545,0.5994355098774907,0.8447258399958819,0.06278583908459597,0.9134998779419806,0.6979857595961719,0.0,0.5482088878062347,0.5482088878062347,0.5639230741321414,0.9839159364567337
TCGA-QH-A65R-01A,0.84,0.8018498414307417,0.7346356240155953,0.5766685275131909,0.7772391625433913,0.18561717213695755,0.8018498414307417,0.9284545625866574,0.012641953727031034,0.41395040977242586,0.41395040977242586,0.4943997994029307,0.9275387638060915
TCGA-QH-A65S-01A,0.69,0.9249816575529027,0.5089551660981118,0.513007374686583,0.39839684954690485,0.05219343651286781,0.9249816575529025,0.6984517307480972,0.0,0.6693974563194313,0.6693974563194313,0.563021803610503,0.9928410474541162
TCGA-QH-A65V-01A,0.71,0.9141760218536829,0.4351129689537118,0.42613864595671963,0.6677055642202082,0.02231782010468684,0.9141760218536829,0.6590435056316714,0.0,0.5123761087352161,0.5123761087352161,0.5755750747185773,0.990654101339323
TCGA-QH-A65X-01A,0.87,0.8137041755337565,0.7192402570267309,0.6207648994582528,0.7789863858084495,0.1991218796897984,0.8137041755337566,0.7801701088326451,0.12269947632467589,0.34388584207491474,0.34388584207491474,0.7741468728368566,0.8202666845679482
TCGA-QH-A65Z-01A,0.9,0.9440864026271976,0.7397299165656588,0.7572497576295847,0.9312938350180587,0.20197963683774786,0.9440864026271975,0.8461678037859713,0.2577044428472138,0.5755037036505861,0.5755037036505861,0.7428596811799602,0.9875116800383626
TCGA-QH-A6CS-01A,0.98,0.9366788001183414,0.345784473409495,0.38251635556121333,0.9102678665101706,0.0027195456116809167,0.9366788001183414,0.4618548742307856,0.7747982716766402,0.2738068750739073,0.2738068750739073,0.0996782723455789,0.9559841555531877
TCGA-QH-A6CU-01A,0.72,0.9455430017380312,0.3443889768434328,0.4080380342266578,0.7069326839296409,0.0032836567021879625,0.9455430017380312,0.44717961065386164,0.1770032627362606,0.47255423664300605,0.47255423664300605,0.6737113590604918,0.9968711753427147
TCGA-QH-A6CV-01A,0.76,0.9633673482434498,0.7215915253936411,0.6895429138991274,0.7825649642815624,0.22684766834189252,0.9633673482434498,0.819654100065754,0.27980214760809846,0.40474951296295203,0.40474951296295203,0.882861500287574,0.9884428763715672
TCGA-QH-A6CW-01A,0.87,0.9854625681073839,0.7932076106216919,0.7205863482887392,0.9404093490187483,0.20582101911982248,0.9854625681073839,0.7048060141210837,0.6554774185536957,0.6017778713024851,0.6017778713024851,0.9297749570193522,1.0
TCGA-QH-A6CX-01A,0.79,0.9638301291482116,0.4911766678653498,0.4825320944897722,0.9011608951095346,0.021403416821908598,0.9638301291482118,0.6354504815791692,0.7584333709789858,0.2786385175730967,0.2786385175730967,0.4252843260345288,0.9968623200076124
TCGA-QH-A6CY-01A,0.69,0.7825294773536593,0.5201400426618417,0.47553093167455635,0.22618589338271866,0.14849253379193025,0.7825294773536594,0.8096866751959386,0.0,0.5407413956860433,0.5407413956860433,0.17723865247038595,0.9320570070144815
TCGA-QH-A6CZ-01A,0.92,0.9163204644826561,0.8503486180740873,0.7761301437331257,0.8972977144956288,0.32708871162856085,0.9163204644826561,0.9022876681584872,0.0,0.633635203980605,0.633635203980605,0.7022020606530828,0.9522161200104016
TCGA-QH-A6X3-01A,0.86,0.9207115388735918,0.6632930603466104,0.6388549270119763,0.20967444696309875,0.14079055822006173,0.9207115388735917,0.7893063437735909,0.0,0.5358973871480005,0.5358973871480005,0.7107093456879243,0.9909320467195343
TCGA-QH-A6X4-01A,0.83,0.7952637432668359,0.7667210065317506,0.6175412131770174,0.09878486684635714,0.2128804316468645,0.795263743266836,0.8394871551915807,0.0,0.30740685219465336,0.30740685219465336,1.6036602407114735e-08,0.9368875849172332
TCGA-QH-A6X5-01A,0.69,0.8524533043286523,0.44496560222763903,0.4436463291790538,0.8252533005452363,0.03213262249661627,0.8524533043286524,0.6236741236173666,0.0,0.42372065513062296,0.42372065513062296,0.3233921894611116,0.9483218720904873
TCGA-QH-A6X8-01A,0.81,0.8169483341443575,0.7487954143672633,0.7198351982849092,0.511595527228808,0.2104367881769264,0.8169483341443574,0.828986932107053,0.0,0.41765005102533537,0.41765005102533537,0.23122136112352124,0.9154891074331982
TCGA-QH-A6X9-01A,0.81,0.950821690817354,0.8504492518197915,0.8288312405168821,0.9367920351957663,0.32913522948871776,0.950821690817354,0.9309695900140171,0.0,0.630184601448986,0.630184601448986,0.8350135913065002,0.9788742192748068
TCGA-QH-A6XA-01A,0.55,0.9322617611182135,0.6017470607703852,0.6024391537638236,0.4241356483068544,0.08949400691416619,0.9322617611182137,0.8141351015405642,0.0,0.5418083769510394,0.5418083769510394,0.6299383050683682,0.9964255918388014
TCGA-QH-A6XC-01A,0.74,0.9692635196043957,0.7702039843356367,0.7711478836464554,0.9582445228448107,0.1685585299061277,0.9692635196043959,0.8523006562696485,0.760379425485176,0.5382387070530575,0.5382387070530575,0.7772433972812488,0.9959204803192442
TCGA-QH-A86X-01A,0.89,0.958133032984587,0.8160694230306225,0.8225833491564071,0.9485721397147966,0.28050707625457344,0.9581330329845872,0.9174086270698623,0.17565754106861461,0.6274116034972609,0.6274116034972609,0.8607506950790608,0.9894322457112479
TCGA-QH-A870-01A,0.74,0.9652306215004327,0.6543463548521868,0.6687046477800737,0.9283480699243701,0.07260773516804088,0.9652306215004327,0.7234073919232079,0.19835490178625168,0.5914097432490454,0.5914097432490454,0.869469083884099,0.9985146830551043
TCGA-R8-A6MK-01A,0.82,0.9700385299355861,0.7015938169635545,0.6739867836879602,0.7994450458446594,0.051389297807344914,0.9700385299355863,0.802496502964725,0.0,0.6290656655546887,0.6290656655546887,0.7664907574993062,1.0
TCGA-R8-A6ML-01A,0.92,0.9648506054665674,0.807998430406367,0.782392079380161,0.8084738699719382,0.21057094660209041,0.9648506054665674,0.8719702031843255,0.2753185848391283,0.4895796585142429,0.4895796585142429,0.7749507418903402,0.999170614555979
TCGA-R8-A6MO-01A,0.73,0.7961370265994316,0.6073260173778754,0.6073076140825591,0.0,0.13812747192903288,0.7961370265994314,0.7643360166188549,0.0,0.29265627936159744,0.29265627936159744,0.12003487334165427,0.9250295816968827
TCGA-R8-A6YH-01A,0.93,0.9736282676071278,0.7942964283304597,0.7809134295347332,0.9648229202854108,0.3167275066763706,0.9736282676071278,0.9600144908952009,0.0,0.5793347832503704,0.5793347832503704,0.939025893884202,0.9999397702403569
TCGA-RY-A83X-01A,0.81,0.8071556483311881,0.5425848324575465,0.5329749804888536,0.45545716047242435,0.12255949517732895,0.8071556483311879,0.8006129916627159,0.0,0.31608152877000384,0.31608152877000384,0.32382887406180727,0.9354353852012985
TCGA-RY-A83Y-01A,0.88,0.9483254926399577,0.7964790431426408,0.7324566288113524,0.9272369989036067,0.22757411696604166,0.9483254926399579,0.8452636761797718,0.200565533168882,0.46118108922110035,0.46118108922110035,0.8906051232300384,0.9791796667168776
TCGA-RY-A83Z-01A,0.87,0.9691524729434216,0.7362757565550712,0.6733260204413829,0.9557794363480575,0.11956421178220905,0.9691524729434216,0.8426254496400432,0.30309139611574015,0.7516471868147679,0.7516471868147679,0.931396633510047,0.9984360400785866
TCGA-RY-A840-01A,0.93,0.9700945341580588,0.8659815741260882,0.8448632041632373,0.9561095489578288,0.2757968244320618,0.9700945341580588,0.841017721827611,0.32974118460429946,0.4890008544066547,0.4890008544066547,0.8973536507252454,0.9499772550159649
TCGA-RY-A843-01A,0.64,0.9590923492268043,0.6442340334080783,0.6466204986669135,0.29295731460750246,0.16558606773574186,0.9590923492268043,0.8509735594265568,0.0,0.592123187753857,0.592123187753857,0.7371128283504162,0.9984359247785103
TCGA-RY-A845-01A,0.83,0.9434983032412204,0.7826090182290728,0.7247185094241855,0.7214843753766216,0.2395599155105589,0.9434983032412204,0.9065146701341894,0.0,0.6115416751409611,0.6115416751409611,0.8353715145869798,0.987494705607623
TCGA-RY-A847-01A,0.83,0.9347007030209739,0.6937381507349833,0.6590105212845828,0.9183226580336304,0.17548026622288102,0.9347007030209739,0.8205960734957121,0.0,0.6041661373022562,0.6041661373022562,0.7327669582229672,0.9944639210475189
TCGA-S9-A6TS-01A,0.81,0.9412388190792912,0.675976841215286,0.6316525152754675,0.9211366898646787,0.13994453762737696,0.9412388190792912,0.8646924343505149,0.0,0.5937898361962451,0.5937898361962451,0.8532803681627866,0.9918259447828556
TCGA-S9-A6TU-01A,0.83,0.8930172793484485,0.5904863670618374,0.5415084862582729,0.8720190604333978,0.09904469578217666,0.8930172793484485,0.6466474731140618,0.0,0.41987498542840035,0.41987498542840035,0.6403238759141926,0.9786985266686593
TCGA-S9-A6TV-01A,0.85,0.9380731120802827,0.6286691992809803,0.5358040205964337,0.9201196723215965,0.0768208795263421,0.9380731120802827,0.7578930917471892,0.3646749048532524,0.5083971299072211,0.5083971299072211,0.8690800409416573,0.9826442635479126
TCGA-S9-A6TW-01A,0.62,0.6814965839464224,0.6859026629948298,0.5386774081466779,0.3775370581841672,0.1658619809562122,0.6814965839464224,0.7937910756214563,0.0,0.2943787804896025,0.2943787804896025,0.3832344300673825,0.8063331789609464
TCGA-S9-A6TX-01A,0.81,0.8722724663770426,0.6182364622299488,0.6019873596388583,0.5750852026795761,0.1460138000131744,0.8722724663770426,0.759744030033952,0.0,0.3522721776123741,0.3522721776123741,0.4537038835891657,0.959767713531488
TCGA-S9-A6TY-01A,0.83,0.763420899158925,0.6591238479930035,0.5854303752591594,0.2203055871515532,0.22827932020966843,0.763420899158925,0.8972603756860411,0.0,0.4824530858705432,0.4824530858705432,0.2148211492105007,0.8575325175684667
TCGA-S9-A6TZ-01A,0.83,0.9750626071128495,0.7485589611094943,0.7378184452218675,0.9292655334576568,0.16866757394982326,0.9750626071128495,0.8142663547848802,0.5289067609741693,0.49702557357695537,0.49702557357695537,0.891572802996047,0.9999354367158735
TCGA-S9-A6U0-01A,0.95,0.9272586326954884,0.49269971325688516,0.3644737701819639,0.9010913114210304,0.05662416228890707,0.9272586326954884,0.49730162265011013,0.1087684941186732,0.29963048332310144,0.29963048332310144,0.8533328088395244,0.9668279041875214
TCGA-S9-A6U1-01A,0.46,0.747713088361894,0.48646617951665005,0.4825738704692506,0.1802519047939897,0.13138479183318238,0.7477130883618935,0.7971889615327562,0.0,0.42583175905513115,0.42583175905513115,0.0164369392695711,0.9372247394449887
TCGA-S9-A6U2-01A,0.76,0.9687999052592295,0.7464236079054135,0.7620023737225388,0.7915299235675984,0.15363770846734134,0.9687999052592295,0.8452804691332617,0.18235625452255988,0.6451930639010164,0.6451930639010164,0.8651090394502039,0.9998551925826019
TCGA-S9-A6U5-01A,0.83,0.9689109287340198,0.7005990078567317,0.6882645370806287,0.9581369099802118,0.15560401495340623,0.9689109287340198,0.815754595121935,0.8167623811939643,0.6014196758476115,0.6014196758476115,0.736132409696479,0.9994477286944564
TCGA-S9-A6U6-01A,0.59,0.9240498500987304,0.7047451541455986,0.6212602464775193,0.22373251958077656,0.23638147444427535,0.9240498500987304,0.8632879579206514,0.0,0.6560814672967076,0.6560814672967076,0.5987993980414008,0.9915022476686849
TCGA-S9-A6U8-01A,0.74,0.9308686475741771,0.5149138663585606,0.5032601227450879,0.23929629495843038,0.05214803774985581,0.930868647574177,0.7134799520539062,0.0,0.4208416697804135,0.4208416697804135,0.6175804744414799,0.9980887233445236
TCGA-S9-A6U9-01A,0.73,0.9675450191887395,0.45135330118981415,0.4342648922561775,0.2983641825242854,0.0042062232748419906,0.9675450191887394,0.5381805278934931,0.0,0.42453759282413206,0.42453759282413206,0.7612264000169446,0.9999965311189154
TCGA-S9-A6UA-01A,0.57,0.9180374520417918,0.7438262587525208,0.5955335333448469,0.7179299708455843,0.13344769507721466,0.9180374520417918,0.8279798352532698,0.05590076777983319,0.4787885938843151,0.4787885938843151,0.8656117550770575,0.979775766048557
TCGA-S9-A6UB-01A,0.89,0.8030487335904756,0.6782459022093011,0.6083268740413016,0.4580228326787824,0.24930208385949157,0.8030487335904756,0.8807860605284596,0.0,0.43784246945343763,0.43784246945343763,0.1473232417277423,0.9417501051935769
TCGA-S9-A6WD-01A,0.78,0.9546377525253882,0.6908761191851811,0.5958914133163615,0.744790237885267,0.1554281981915054,0.9546377525253882,0.8110204984903302,0.0,0.4417842443334708,0.4417842443334708,0.711686638844413,0.9998060168439776
TCGA-S9-A6WE-01A,0.87,0.9559817445546543,0.7549724757726566,0.7038750569372395,0.9396824331005513,0.2746010443188205,0.9559817445546543,0.9021359708303729,0.09264793815938796,0.5134006265198083,0.5134006265198083,0.7870384644540392,0.9921104683698563
TCGA-S9-A6WG-01A,0.86,0.9501179585826779,0.519070586148963,0.4251981466386712,0.3008429301294853,0.04915165720656505,0.950117958582678,0.5426680317517201,0.0,0.4847379159888228,0.4847379159888228,0.8209450962224101,0.9981565433611604
TCGA-S9-A6WH-01A,0.92,0.7985897848057751,0.7266596079865583,0.6458031460995668,0.14494105217315667,0.3472580947724076,0.7985897848057748,0.9550215472520209,0.05020553729916046,0.5620791708725233,0.5620791708725233,0.3463153931540145,0.896721697179586
TCGA-S9-A6WI-01A,0.24,0.1380547924640445,0.4803264340238785,0.3860424118259123,0.05628372821099218,0.1546133440525201,0.1380547924640451,0.7450370617403484,0.0,0.4114171776105135,0.4114171776105135,5.86230584984404e-07,0.5897312112206613
TCGA-S9-A6WL-01A,0.72,0.923973266952056,0.8142424810031237,0.7709946299544036,0.4075172261541069,0.28311986069967526,0.923973266952056,0.8834236667937487,0.0,0.4933527545509949,0.4933527545509949,0.7134296862455894,0.9851843097699888
TCGA-S9-A6WM-01A,0.88,0.9869225399417739,0.8197644906175843,0.8322903061965627,0.9811605180018621,0.36977992082093014,0.9869225399417739,0.8696709358603275,0.7098860512944255,0.5727925684478191,0.5727925684478191,0.8628905708471106,0.9994099155920693
TCGA-S9-A6WN-01A,0.46,0.9763346928011616,0.6247041895489448,0.6520120337309522,0.9639682031793902,0.05376826015366195,0.9763346928011616,0.9058658598859475,0.9227199346900022,0.3879349018390284,0.3879349018390284,0.5634591903526889,0.9999678248478602
TCGA-S9-A6WO-01A,0.6,0.9845736944457409,0.6960292007668035,0.6767491250346934,0.9449674293070106,0.1469307932093998,0.9845736944457409,0.8739841795502512,0.2740184313110359,0.6590793048531824,0.6590793048531824,0.9390612462237029,1.0
TCGA-S9-A6WP-01A,0.81,0.9061901757570047,0.7442314085768795,0.6739935206756236,0.3550377210261165,0.19593994348348612,0.9061901757570047,0.8332808646901131,0.0,0.31130608898918466,0.31130608898918466,0.5863238386534724,0.982291474661819
TCGA-S9-A6WQ-01A,0.63,0.8791446851276981,0.5524922616637901,0.5106380292627849,0.314532259889615,0.05109555664483538,0.879144685127698,0.6673581766557292,0.0,0.3685899824879172,0.3685899824879172,0.4388732168094795,0.9791177569833365
TCGA-S9-A7IQ-01A,0.5,0.921867258239854,0.7431979411980397,0.7690824919822494,0.908840242213018,0.25743537973037894,0.921867258239854,0.8559058894187327,0.0,0.5487902596478134,0.5487902596478134,0.6786932982788203,0.9198804179008283
TCGA-S9-A7IS-01A,0.84,0.8239282606691646,0.7076937402172556,0.6211342125218993,0.2697416479693635,0.3169939287959767,0.8239282606691644,0.8898013873947095,0.022495923638528783,0.2642333021957489,0.2642333021957489,0.09312586841064986,0.9548027370673967
TCGA-S9-A7IX-01A,0.61,0.9690806494861534,0.737613841530226,0.7047717030439657,0.9150917052273563,0.15033714959238867,0.9690806494861534,0.8462585725575458,0.4233111344844968,0.4950249830632292,0.4950249830632292,0.8849005329047115,0.9999700733782304
TCGA-S9-A7IY-01A,0.77,0.9740987516282357,0.6484283586466334,0.6058867978935616,0.9330281897320483,0.042946504337149895,0.9740987516282358,0.8231526812874784,0.8632665402288638,0.4872902284076911,0.4872902284076911,0.7973286218992688,0.9999925178789517
TCGA-S9-A7IZ-01A,0.75,0.9520946686282763,0.6490661632884834,0.6825522986079461,0.9371927590337723,0.157059849082643,0.9520946686282763,0.8617540372175112,0.014926412035622531,0.5941322189014279,0.5941322189014279,0.86991924682219,0.9920334321517423
TCGA-S9-A7J0-01A,0.91,0.9696047507805444,0.8751637996793944,0.6140143378650577,0.9589315561961812,0.30405012916912755,0.9696047507805444,0.9449693259469052,0.24614434310828914,0.5956874289611765,0.5956874289611765,0.844351424374126,0.9954952294503755
TCGA-S9-A7J1-01A,0.76,0.8943845211372261,0.5259947961633399,0.5128813403553045,0.8184781020898563,0.128329683671509,0.8943845211372261,0.74937846005355,0.0,0.42497383744151324,0.42497383744151324,0.5209466363667198,0.9776990163665883
TCGA-S9-A7J2-01A,0.94,0.9340803077268791,0.7963440960538274,0.7671593204517116,0.9136941963095258,0.27499180254807865,0.9340803077268791,0.935947995208958,0.0,0.5783001056838216,0.5783001056838216,0.852143271616737,0.9611913732493912
TCGA-S9-A7J3-01A,0.78,0.9119693270725162,0.6906125732415035,0.576562600061583,0.37756289968119605,0.19079509193893868,0.9119693270725162,0.822965499095801,0.0,0.41313731771576273,0.41313731771576273,0.5430000863694626,0.9838555378431866
TCGA-S9-A7QW-01A,0.95,0.9067194011430221,0.7412472611497092,0.6407846625526076,0.8121230062904851,0.19598399847608997,0.9067194011430222,0.9164127722102445,0.0,0.6286273827002653,0.6286273827002653,0.715022517615045,0.9832685921940408
TCGA-S9-A7QX-01A,0.83,0.9633439538487178,0.6592269199254556,0.6322134006497516,0.4474995687224956,0.1332446984084314,0.9633439538487178,0.8704668478489946,0.0,0.4976673345122106,0.4976673345122106,0.8396070710336586,1.0
TCGA-S9-A7QY-01A,0.68,0.8713671002395249,0.6781687110858863,0.5518243567948496,0.2817608090334069,0.09212958872396172,0.8713671002395251,0.7653768005524314,0.0,0.42487461972071633,0.42487461972071633,0.26116547617319325,0.9721370037207704
TCGA-S9-A7QZ-01A,0.84,0.7839510413172666,0.7415426211988356,0.6446551126385466,0.2502327774542104,0.2616068482338702,0.7839510413172666,0.9002805865919605,0.0,0.544769737778615,0.544769737778615,0.295677370552575,0.8828503401087926
TCGA-S9-A7R1-01A,0.86,0.9439532500583111,0.7660618513711976,0.7118502737754455,0.9122822478974766,0.28573038166801257,0.9439532500583109,0.9284616980449668,0.042473540924702374,0.6926607343525366,0.6926607343525366,0.905377322915688,0.9775499131684471
TCGA-S9-A7R2-01A,0.52,0.9191711969767928,0.4740836975270355,0.42391320617459693,0.7004929237269125,0.03392116832001839,0.919171196976793,0.5967710841437918,0.15259542763523637,0.5029583207152468,0.5029583207152468,0.6337072207989184,0.9902844617878186
TCGA-S9-A7R3-01A,0.85,0.9648738724917085,0.4978563019551692,0.570150055065523,0.48782659983061083,0.019196020655451368,0.9648738724917085,0.6327616859566871,0.45772061474380465,0.45894098666608013,0.45894098666608013,0.7648060812646057,0.9999739417379865
TCGA-S9-A7R4-01A,0.86,0.8622588913171775,0.6615004764894521,0.5342367611632092,0.6164484607544203,0.15759201329277372,0.8622588913171775,0.8072448682179845,0.0,0.38919940890425536,0.38919940890425536,0.6235115235870212,0.9745995309890433
TCGA-S9-A7R7-01A,0.61,0.9531743823473993,0.5920054500955676,0.5437463930468825,0.7492183496198949,0.02828707404746897,0.9531743823473993,0.7146707044733327,0.5651477014084696,0.5344516306461646,0.5344516306461646,0.8502313567334644,0.9903605923378961
TCGA-S9-A7R8-01A,0.87,0.9171272574257391,0.6417814735529329,0.5535333607081897,0.9034242382810455,0.16693450608959043,0.9171272574257392,0.8639962538743686,0.0,0.40076908504875147,0.40076908504875147,0.39269650468981754,0.9957982966921173
TCGA-S9-A89V-01A,0.48,0.9813468414054414,0.8807529816444826,0.8642553247377727,0.8448963872668349,0.31858991278818166,0.9813468414054414,0.9264520866188388,0.6083816695387932,0.408968011042348,0.408968011042348,0.9051473583310286,0.9996203977622706
TCGA-S9-A89Z-01A,0.82,0.9428874746311072,0.6242680975272971,0.5922799848606042,0.7110844871000087,0.12093099994593831,0.9428874746311074,0.7913971213782187,0.28767436933421336,0.504423685552223,0.504423685552223,0.8857856380859678,0.984958604595668
TCGA-TM-A7C3-01A,0.88,0.9835730063557708,0.894446493795488,0.8594494113897498,0.9770816407853113,0.43330003272241646,0.9835730063557708,0.8767242992547157,0.6936875032981858,0.48318901965973754,0.48318901965973754,0.8468898902435483,0.9914491243354483
TCGA-TM-A7C4-01A,0.68,0.9529040706353448,0.8276198201612323,0.7616701040150041,0.7798275140445453,0.26185517721228163,0.9529040706353448,0.9696450558973938,0.0,0.7629151549382875,0.7629151549382875,0.8293595979677921,0.9921492534136211
TCGA-TM-A7C5-01A,0.88,0.8234567556306728,0.8013467286378217,0.7385324825702918,0.7481838369647655,0.3463594828296422,0.8234567556306729,0.9389724639281549,0.03627056351526152,0.4484008087402374,0.4484008087402374,0.47108212694547297,0.9320065280311708
TCGA-TM-A7CA-01A,0.67,0.8917088895545009,0.7339756544285185,0.6317899538818551,0.35717833516707936,0.27706979039074514,0.8917088895545009,0.9091896934759008,0.0,0.5463271945556464,0.5463271945556464,0.4108716530519409,0.9826260962960409
TCGA-TM-A7CF-01A,0.78,0.9217152907248768,0.7561916102470103,0.7554559042244662,0.9010925963481474,0.21860579849754008,0.921715290724877,0.9126359031392604,0.0,0.6583342352612976,0.6583342352612976,0.7475091230124421,0.957352186701939
TCGA-TM-A7CF-02A,0.55,0.0,0.44274209975579987,0.38380329651625983,0.03715266543686678,0.01053962469540436,0.0,0.3922994444237622,0.0,0.29079473147682283,0.29079473147682283,3.2476063576369473e-07,0.6514192145348447
TCGA-TM-A84B-01A,0.94,0.9793506467342585,0.9274048205810321,0.8864407738744571,0.9564028248318771,0.4565787585203994,0.9793506467342585,0.9136149647434281,0.7021924416073579,0.5380491414216511,0.5380491414216511,0.838055668169093,0.9937428219435782
TCGA-TM-A84C-01A,0.66,0.9872193832705707,0.6559733373660261,0.6603341057904969,0.3526514171491503,0.06845615708410878,0.9872193832705707,0.9805398564466633,0.8300924885203963,0.4620964299209966,0.4620964299209966,0.8638306885593033,1.0
TCGA-TM-A84F-01A,0.54,0.9722105189547636,0.46051190405191517,0.4713125975607891,0.5573842943412415,0.026010043138190983,0.9722105189547636,0.5831549715887755,0.0,0.5215238326565912,0.5215238326565912,0.8837132915278055,1.0
TCGA-TM-A84G-01A,0.87,0.9659057002786999,0.846179927255893,0.8271960123123693,0.7448976260241806,0.3476581404297718,0.9659057002786999,0.9426608171172575,0.0,0.6599491490558712,0.6599491490558712,0.8636426982924263,0.9921143797083305
TCGA-TM-A84H-01A,0.75,0.9744650968278885,0.8349357922732467,0.8090832496326169,0.9663812034580495,0.22244052933387498,0.9744650968278885,0.9394273760706404,0.7938260236675826,0.6986536126240851,0.6986536126240851,0.8574870245243311,0.9999922762334844
TCGA-TM-A84I-01A,0.91,0.9905695525296189,0.9301922850496911,0.9137081435154571,0.9563620274447369,0.4143732247363344,0.9905695525296186,0.9518397599916186,0.4113914998738338,0.6536779041301811,0.6536779041301811,0.9778894760072001,0.9999559339384461
TCGA-TM-A84J-01A,0.95,0.9099543479833061,0.9118141369348718,0.8201224036623512,0.75978221684536,0.33148202504289015,0.9099543479833061,0.9530516003689574,0.13177942387358776,0.6363400729078301,0.6363400729078301,0.7300331669999525,0.8757949705118547
TCGA-TM-A84L-01A,0.67,0.9749455425418254,0.5799550676776247,0.5677553414384451,0.8021487169648943,0.05889088032601897,0.9749455425418254,0.7405905410782734,0.0,0.5477391471886537,0.5477391471886537,0.8102881883244066,1.0
TCGA-TM-A84M-01A,0.98,0.9705476002228117,0.9117531870968875,0.8948431684173082,0.9657845261794592,0.44271811011338574,0.9705476002228117,0.9649129809530839,0.12785298277119847,0.6179849033290322,0.6179849033290322,0.8156346433075892,0.9974539104621991
TCGA-TM-A84O-01A,0.78,0.9747349952355348,0.7051197355526556,0.7329199355179252,0.9430907890450902,0.14077910368944188,0.9747349952355348,0.8307268219540507,0.5247191253494103,0.6710363132681464,0.6710363132681464,0.8340940468446024,1.0
TCGA-TM-A84Q-01A,0.83,0.9543549383026683,0.6540783611816303,0.6899993017737551,0.7748094491396688,0.15028778310898477,0.9543549383026684,0.8925080172809498,0.0,0.5241052405092821,0.5241052405092821,0.7564149638919273,0.9991142742568259
TCGA-TM-A84R-01A,0.34,0.6875463690187861,0.6290562857717074,0.5570101680866306,0.6385364140293335,0.22074630300974685,0.6875463690187863,0.7952554846389523,0.0,0.4942295511706767,0.4942295511706767,0.17237674267447625,0.7784083083147371
TCGA-TM-A84S-01A,0.8,0.9646170302474693,0.7121903092026888,0.738236307053401,0.9530520498834152,0.11291935326839975,0.9646170302474693,0.8041575476391023,0.7172998483158821,0.5957066893900138,0.5957066893900138,0.7781713495688547,0.9970838635558643
TCGA-TM-A84T-01A,0.88,0.9081043381076513,0.6220289456069691,0.5407652553689958,0.18089486776542646,0.19232206150049458,0.9081043381076513,0.8836361765435047,0.0,0.4082937112661118,0.4082937112661118,0.4562979025360335,0.9923104000355508
TCGA-TQ-A7RF-01A,0.92,0.9689290838201429,0.7016550299069003,0.6360531003379266,0.7042457998211635,0.09480910926612651,0.968929083820143,0.7864402714913508,0.0,0.5130004697295721,0.5130004697295721,0.8645517814249521,0.9980802880057968
TCGA-TQ-A7RG-01A,0.86,0.9578588419927012,0.7212792519845703,0.7198807786019096,0.9456643865741134,0.2089611057130706,0.9578588419927012,0.8531343156331567,0.22317470241164802,0.4974828509482933,0.4974828509482933,0.8001067162053453,0.9974642399478862
TCGA-TQ-A7RH-01A,0.8,0.9443052762589585,0.6913342485915369,0.6460652357666109,0.8843229460444301,0.1789648121327259,0.9443052762589585,0.8580816354893476,0.0,0.5471410258341064,0.5471410258341064,0.821943825690304,0.9951876872031289
TCGA-TQ-A7RI-01A,0.76,0.9182638108615506,0.7093312320302232,0.6721916689102055,0.39784979527683073,0.197267689912223,0.9182638108615506,0.8315169029448009,0.0,0.42721466111842216,0.42721466111842216,0.5561268272402375,0.9887155938920827
TCGA-TQ-A7RJ-01A,0.69,0.9587167685901249,0.6800633389093724,0.6980483850065166,0.9063900839434097,0.1291900716333804,0.9587167685901249,0.7269385677519691,0.0,0.6806188850787305,0.6806188850787305,0.8711244681229161,0.9876489626040066
TCGA-TQ-A7RK-01A,0.65,0.9722256129033016,0.6639135652838402,0.656201741633735,0.23852313597044605,0.12994776168958255,0.9722256129033016,0.9148938455777267,0.017601280577208327,0.6305354497093961,0.6305354497093961,0.8655415231811099,1.0
TCGA-TQ-A7RM-01A,0.96,0.9638575167279586,0.9248055689000857,0.8852004595766685,0.8044744918883883,0.31740733097748125,0.9638575167279586,0.9601877424455252,0.15152808914888885,0.4859381146815826,0.4859381146815826,0.8405168678735967,0.9934667778322468
TCGA-TQ-A7RN-01A,0.88,0.9493367144620471,0.7427343849157058,0.7149290452588476,0.9319821545762692,0.1877689617976102,0.9493367144620471,0.8533963357255007,0.0,0.5308201676868214,0.5308201676868214,0.7752106350548795,0.9950890683966471
TCGA-TQ-A7RO-01A,0.84,0.8447298532777685,0.7287848963864682,0.6731038448903465,0.5341056506751619,0.2775152730382722,0.8447298532777686,0.9254884195387377,0.0,0.525002516758402,0.525002516758402,0.6036606446991488,0.9149821713403626
TCGA-TQ-A7RP-01A,0.5,0.9101559596946104,0.3695289893086891,0.3250740286515851,0.8900527016479916,0.0017036278414133109,0.9101559596946105,0.500682566409209,0.11488495731140319,0.3087973667285527,0.3087973667285527,0.618755749250843,0.9711923773861045
TCGA-TQ-A7RQ-01A,0.9,0.9384225423168178,0.8585494203456642,0.8130999466137039,0.9184614156504829,0.38017874863071877,0.9384225423168178,0.9551428460978292,0.0,0.6265861107836568,0.6265861107836568,0.7860850241046161,0.9467209243737782
TCGA-TQ-A7RR-01A,0.7,0.8431314455622131,0.5011252331589542,0.44718592786670186,0.5124078944442012,0.04415159142582949,0.8431314455622131,0.7175865095268189,0.0,0.4332757858719228,0.4332757858719228,0.40562101058343036,0.962399424749731
TCGA-TQ-A7RS-01A,0.9,0.9110672697882074,0.6446382377585774,0.6294108547770716,0.8907789638620499,0.1820444207904288,0.9110672697882074,0.8444815112778246,0.0,0.36064065458605205,0.36064065458605205,0.5910989772950392,0.9715891042195224
TCGA-TQ-A7RU-01A,0.94,0.9477020844534942,0.8225119474970098,0.6971039939162129,0.23379364021141946,0.29189097046397405,0.9477020844534942,0.9100812748300072,0.06744932392160244,0.43150461287300673,0.43150461287300673,0.7495843959463829,0.9990546851479157
TCGA-TQ-A7RV-01A,0.59,0.9037578035029042,0.7477626456879858,0.6106894167703746,0.18379416191208822,0.16512375146242375,0.9037578035029042,0.8285031428567651,0.0,0.49496401281188235,0.49496401281188235,0.6379447652968775,0.9777163132653167
TCGA-TQ-A7RV-02A,0.53,0.9760345687272036,0.533694468922234,0.5483691479103989,0.8052457451094295,0.049736089334439675,0.9760345687272036,0.7811723182311228,0.0,0.5245265908590993,0.5245265908590993,0.818518868542475,1.0
TCGA-TQ-A7RW-01A,0.66,0.942326754119009,0.6779363597584324,0.6294609695391501,0.8766317746482353,0.1042799995871367,0.9423267541190092,0.7513281550172488,0.3874915263929036,0.586961163100085,0.586961163100085,0.8555317678750575,0.9876991684902343
TCGA-TQ-A8XE-01A,0.91,0.9336993287462493,0.703826745024274,0.6859013582272169,0.9167867776841092,0.17647285805547877,0.9336993287462493,0.9002051404820315,0.0,0.6264844085449326,0.6264844085449326,0.7336454369534333,0.9946732981472162
TCGA-TQ-A8XE-02A,0.9,0.9081671492915775,0.580736898513968,0.5546244308939741,0.3681039137873372,0.11292095955644015,0.9081671492915775,0.7879442369357575,0.0,0.42765418350498985,0.42765418350498985,0.6063245885122769,0.985621736266436
TCGA-VM-A8C8-01A,0.35,0.983164715643883,0.6844058197757661,0.6740271228492207,0.3441581387536042,0.09405612755840669,0.983164715643883,0.9757346582315216,0.0,0.5287954238398577,0.5287954238398577,0.8187783239335636,1.0
TCGA-VM-A8C9-01A,0.58,0.9739652396037769,0.6181198661188813,0.5724320400110768,0.9556441575231508,0.052618669406927325,0.9739652396037769,0.6583174124466216,0.6869982955032776,0.5185668862854996,0.5185668862854996,0.7601990587498099,0.9978286963381798
TCGA-VM-A8CA-01A,0.67,0.9734714739567611,0.5950405676881276,0.57839290162638,0.9281009202683022,0.0792576365174104,0.9734714739567611,0.6960244633644016,0.7302089997821231,0.5052487577663167,0.5052487577663167,0.5947917477873826,0.9999631013902379
TCGA-VM-A8CB-01A,0.94,0.961046916679935,0.8755925103666243,0.8161495320949369,0.8937402634954817,0.35159021559656667,0.961046916679935,0.956689386686794,0.14054221441966042,0.5617705717714551,0.5617705717714551,0.8793862207252642,0.9962937491995271
TCGA-VM-A8CD-01A,0.64,0.9553529610626689,0.7024695091889072,0.6466604644352004,0.9365488744681237,0.06042975436315003,0.9553529610626689,0.9508831993335883,0.8669150049810586,0.5300614138433836,0.5300614138433836,0.24379040937153434,0.9811309690755468
TCGA-VM-A8CE-01A,0.79,0.8779789524488284,0.44467064389548544,0.45281722331297286,0.8580215623382703,0.08820361052608201,0.8779789524488284,0.7389139436630007,0.0,0.3538436174191012,0.3538436174191012,0.5197395130400129,0.9641983241692539
TCGA-VM-A8CF-01A,0.82,0.9749911543941955,0.2991800463068307,0.31780998996667786,0.21099663224539958,0.004524320876338901,0.9749911543941955,0.5314282528834036,0.6600887281104463,0.5237638483650238,0.5237638483650238,0.6572945410804986,1.0
TCGA-VM-A8CH-01A,0.89,0.9532946177132748,0.5493709815995259,0.5782853933442127,0.7262819080169735,0.10271529096598536,0.9532946177132746,0.7937156078510587,0.0,0.4364528287296818,0.4364528287296818,0.7376497494404154,0.9994607263601547
TCGA-VV-A829-01A,0.93,0.9825078564343231,0.8527036168820934,0.8581775212498599,0.9345536450983213,0.3257088330457481,0.9825078564343231,0.9338168997408673,0.293370985381363,0.5300879102599182,0.5300879102599182,0.9440045521517327,0.9982210432158205
TCGA-VV-A86M-01A,0.92,0.862817914634809,0.6126543911969238,0.5321464451004783,0.8549992945408802,0.23348180858155315,0.862817914634809,0.9232791196454349,0.0,0.4830551746706903,0.4830551746706903,0.4916528862042077,0.9901659639181929
TCGA-VW-A7QS-01A,0.95,0.9593156466369048,0.8221143068450717,0.8013825821093497,0.2732176648164147,0.37698574374398774,0.9593156466369048,0.96766728570544,0.0,0.5165738741785484,0.5165738741785484,0.6947434236994211,0.9976724756620041
TCGA-VW-A8FI-01A,0.83,0.9888090977740505,0.8388879655737532,0.8500862527056464,0.3535773187992253,0.25740936647727153,0.9888090977740505,0.8775621536367378,0.0,0.5477913312888671,0.5477913312888671,0.8206378612788207,0.9994870160848435
TCGA-W9-A837-01A,0.81,0.9073388160390004,0.7091331800942414,0.7274351176962744,0.34366626834062663,0.19875464141943833,0.9073388160390004,0.9146944948318714,0.0,0.6188128105164554,0.6188128105164554,0.651025250971228,0.9724576314913225
TCGA-WH-A86K-01A,0.81,0.9696764748382057,0.7169008947686271,0.6661985320516368,0.4304198505827504,0.10860388139696411,0.9696764748382057,0.7285711196799256,0.0790108023751457,0.5975347843765612,0.5975347843765612,0.8647067252854872,0.9984685775332023
TCGA-WY-A858-01A,0.66,0.9522601454529177,0.42439308280916765,0.375080572702168,0.881632706265396,0.014175461918150388,0.9522601454529176,0.5776491261907898,0.0,0.2829637916195817,0.2829637916195817,0.8483013669594774,0.9973628444085529
TCGA-WY-A859-01A,0.78,0.8373132832083423,0.7566721423061336,0.6012575886783947,0.8051758643920878,0.2084706930899781,0.8373132832083422,0.9011629327443147,0.0,0.6740465289876861,0.6740465289876861,0.5472583143832983,0.862401436794656
TCGA-WY-A85A-01A,0.79,0.8887989617150618,0.6795288673916319,0.6039635544110378,0.776465525984504,0.20164201396833342,0.8887989617150618,0.9014303516853788,0.0,0.5883818298848051,0.5883818298848051,0.7053886522780404,0.9441472763244716
TCGA-WY-A85B-01A,0.87,0.9063533878735904,0.605996060516739,0.5883171838895397,0.69569842538405,0.1975408173346562,0.9063533878735904,0.89211026020241,0.004366941279090728,0.4893794425910153,0.4893794425910153,0.5827989849120041,0.9883106664164208
TCGA-WY-A85C-01A,0.87,0.9493737078363416,0.7386443672794676,0.6172436105541624,0.24301012201696376,0.24378396593423626,0.9493737078363416,0.9287724449053032,0.002312945828501009,0.5573086325035622,0.5573086325035622,0.7500885627854349,0.9994810509778937
TCGA-WY-A85D-01A,0.86,0.9755131004526957,0.618226626074583,0.4890223887637023,0.9669954623613417,0.06282304152625413,0.9755131004526957,0.8215855816019455,0.7637180913722659,0.6438531781655584,0.6438531781655584,0.8096702936460404,1.0
TCGA-WY-A85E-01A,0.99,0.9794591143967931,0.8807304133401268,0.8696703415064241,0.9332799189262666,0.37509708650420853,0.9794591143967931,0.9787242474411907,0.315459929303657,0.6919529689155793,0.6919529689155793,0.9256422611743744,0.9961337374760415
