sample,method,Tumor,Macrophage_Microglia,T_cell,NK_cell,B_cell,Endothelial,Oligodendrocyte,Astrocyte
TCGA-CS-4938-01B,nnls,0.40120204961233324,0.0,0.0,0.0,0.0,0.517461948173407,0.013427436836647532,0.06790856537761221
TCGA-CS-4941-01A,nnls,0.583363600188776,0.0,0.0,0.0,0.0,0.22863060935439444,0.015548339479878746,0.17245745097695087
TCGA-CS-4942-01A,nnls,0.3948869932832586,0.0,0.0,0.0,0.0,0.43600152198406233,0.06272520968792578,0.1063862750447532
TCGA-CS-4943-01A,nnls,0.28541417837040495,0.0,0.0,0.0,0.0,0.5703922224004989,0.0781778238758025,0.06601577535329367
TCGA-CS-4944-01A,nnls,0.547947602513613,0.0,0.0,0.0,0.0,0.0,0.0,0.45205239748638704
TCGA-CS-5390-01A,nnls,0.18567369718085597,0.0,0.0,0.0,0.0,0.5677486875321008,0.15216731250108648,0.09441030278595677
TCGA-CS-5393-01A,nnls,0.11403898397884182,0.0,0.0,0.0,0.0,0.6692780307635966,0.09817173151014935,0.11851125374741218
TCGA-CS-5394-01A,nnls,0.08620265969152288,0.0,0.0,0.0,0.0,0.6511535426043021,0.04706200507609628,0.21558179262807875
TCGA-CS-5395-01A,nnls,0.3899829410427504,0.0,0.0,0.0,0.0,0.14416883177672332,0.10492560373434642,0.3609226234461798
TCGA-CS-5396-01A,nnls,0.2264476246487936,0.0,0.0,0.0,0.0,0.5622221371123178,0.15144568470356215,0.05988455353532634
TCGA-CS-5397-01A,nnls,0.270377527528289,0.0,0.0,0.0,0.0,0.48932601142386417,0.04914106981444848,0.19115539123339845
TCGA-CS-6186-01A,nnls,0.3291286874955892,0.0,0.0,0.0,0.0,0.0,0.0,0.6708713125044108
TCGA-CS-6188-01A,nnls,0.3882346215289166,0.019314889258799903,0.0,0.0,0.0,0.33972660463927895,0.030693404690598468,0.22203047988240607
TCGA-CS-6290-01A,nnls,0.543317982068998,0.0,0.0,0.0,0.0,0.2951051361018976,0.04428900976489195,0.11728787206421264
TCGA-CS-6665-01A,nnls,0.24010513707074105,0.030581615892135188,0.0,0.0,0.0,0.34845907156044187,0.3038791565177286,0.07697501895895326
TCGA-CS-6666-01A,nnls,0.15495799824997594,0.0,0.0,0.0,0.0,0.7261945795182663,0.033385487948275054,0.08546193428348275
TCGA-CS-6667-01A,nnls,0.0722847188378746,0.0,0.0,0.0,0.0,0.8267656239487957,0.021091543330608774,0.07985811388272089
TCGA-CS-6668-01A,nnls,0.2797325318328058,0.0,0.0,0.0,0.0,0.5360425406383936,0.09087282715600356,0.09335210037279708
TCGA-CS-6669-01A,nnls,0.0,0.0,0.015744561750487312,0.0,0.710039282080648,0.003086924334429222,0.10025228514783202,0.17087694668660341
TCGA-CS-6670-01A,nnls,0.09721621023770392,0.0,0.0,0.0,0.0,0.7841250021366442,0.030143195931180426,0.08851559169447144
TCGA-DB-5270-01A,nnls,0.2522086981637992,0.0,0.0,0.0,0.0,0.38899684557822206,0.12553757368342042,0.23325688257455834
TCGA-DB-5273-01A,nnls,0.43205428259039613,0.0,0.0,0.0,0.0,0.4330797374459508,0.043421384344052974,0.09144459561960022
TCGA-DB-5274-01A,nnls,0.37008081828985495,0.0,0.0,0.0,0.0,0.44185610366303707,0.11733405345761493,0.07072902458949305
TCGA-DB-5275-01A,nnls,0.20356972290446174,0.0,0.0,0.0,0.0,0.6894972657367094,0.021370004700827658,0.08556300665800122
TCGA-DB-5276-01A,nnls,0.28709535114341017,0.0,0.0,0.0,0.0,0.2835917085055445,0.2818886738757331,0.1474242664753123
TCGA-DB-5277-01A,nnls,0.15768488369020775,0.0,0.0,0.0,0.0,0.551290947922351,0.1673658908829442,0.12365827750449705
TCGA-DB-5278-01A,nnls,0.08597924192077422,0.0,0.0,0.0,0.0,0.7843158445045808,0.044667908254138786,0.08503700532050613
TCGA-DB-5280-01A,nnls,0.21386549314447495,0.0,0.0,0.0,0.0,0.6507629353799085,0.02606774530820088,0.10930382616741569
TCGA-DB-5281-01A,nnls,0.17805252332418262,0.0,0.0,0.0,0.0,0.6681683419134563,0.02827894127524431,0.12550019348711677
TCGA-DB-A4X9-01A,nnls,0.2501034358630108,0.0,0.0,0.0,0.0,0.5352826320167325,0.029731533619950252,0.18488239850030638
TCGA-DB-A4XA-01A,nnls,0.3068376496683487,0.0,0.0,0.0,0.0,0.48472186178704596,0.06403565251199839,0.1444048360326071
TCGA-DB-A4XB-01A,nnls,0.15404726813149627,0.0,0.0,0.0,0.0,0.6929772045043235,0.0435011962499625,0.10947433111421755
TCGA-DB-A4XC-01A,nnls,0.24625450429353082,0.0,0.0,0.0,0.0,0.5802250921250123,0.019906376528539344,0.15361402705291757
TCGA-DB-A4XD-01A,nnls,0.218067206336272,0.0,0.0,0.0,0.0,0.5899781822425406,0.09232515052546898,0.09962946089571835
TCGA-DB-A4XE-01A,nnls,0.31021156580102033,0.0,0.0,0.0,0.0,0.45055785728266573,0.07789225621044046,0.16133832070587337
TCGA-DB-A4XF-01A,nnls,0.34412508906089756,0.0,0.0,0.0,0.0,0.46092516544890055,0.050325450434357044,0.14462429505584481
TCGA-DB-A4XG-01A,nnls,0.09917625435026374,0.0,0.0,0.0,0.0,0.8187717136836734,0.01623209446421041,0.06581993750185236
TCGA-DB-A4XH-01A,nnls,0.0,0.0,0.0,0.0,0.0,0.5946510275574755,0.18053142309620288,0.22481754934632162
TCGA-DB-A64L-01A,nnls,0.17470382669815682,0.0,0.0,0.0,0.0,0.4600505720226004,0.0430895690415225,0.3221560322377203
TCGA-DB-A64O-01A,nnls,0.5491352734552271,0.0,0.0,0.0,0.0,0.0,0.021467540432710576,0.4293971861120624
TCGA-DB-A64P-01A,nnls,0.10403021471278362,0.0,0.0,0.0,0.0,0.7082726997891899,0.07241746856426452,0.11527961693376189
TCGA-DB-A64Q-01A,nnls,0.12594647528663272,0.0,0.0,0.0,0.0,0.6935447354157924,0.05325478625297487,0.12725400304460002
TCGA-DB-A64R-01A,nnls,0.08246026495731922,0.0,0.0,0.0,0.0,0.8391305371440052,0.022256782225407726,0.05615241567326789
TCGA-DB-A64S-01A,nnls,0.23879747180255806,0.004539180465391585,0.0,0.0,0.0,0.6270374308388732,0.061396296322825755,0.06822962057035144
TCGA-DB-A64U-01A,nnls,0.06365041103088066,0.0,0.0,0.0,0.0,0.675525386813141,0.19347503337284574,0.06734916878313252
TCGA-DB-A64V-01A,nnls,0.4469774163349826,0.0,0.0,0.0,0.0,0.15574044524128336,0.19861823160678968,0.19866390681694443
TCGA-DB-A64W-01A,nnls,0.2094269963576774,0.0,0.0,0.0,0.0,0.5022138363282331,0.14264861393001377,0.1457105533840757
TCGA-DB-A64X-01A,nnls,0.20455950912169407,0.0,0.0,0.0,0.0,0.6558069096764421,0.006702622580075393,0.13293095862178844
TCGA-DB-A75K-01A,nnls,0.3338984099406225,0.0,0.0,0.0,0.0,0.5043903436985557,0.06260925754941168,0.09910198881141015
TCGA-DB-A75L-01A,nnls,0.27979785682593217,0.0,0.0,0.0,0.0,0.4443344802567908,0.11048826259088786,0.16537940032638918
TCGA-DB-A75M-01A,nnls,0.3431737434631791,0.0,0.0,0.0,0.0,0.5049425796961768,0.02911446081997477,0.12276921602066922
TCGA-DB-A75O-01A,nnls,0.44662137841306077,0.0,0.0,0.0,0.0,0.4549377112725932,0.0,0.09844091031434603
TCGA-DB-A75P-01A,nnls,0.1698755381246844,0.0,0.0,0.0,0.0,0.6799940080055741,0.013495684399158799,0.13663476947058273
TCGA-DH-5140-01A,nnls,0.3414647113811384,0.0,0.0,0.0,0.0,0.5436832155321941,0.022155305804106115,0.09269676728256158
TCGA-DH-5142-01A,nnls,0.361833121965473,0.0,0.0,0.0,0.0,0.5102650625868324,0.05163977257529644,0.0762620428723981
TCGA-DH-5143-01A,nnls,0.3487743051852301,0.0,0.0,0.0,0.0,0.4854956919464271,0.011316228090728459,0.15441377477761423
TCGA-DH-5144-01A,nnls,0.1433086934472338,0.0,0.0,0.0,0.0,0.7598979457343576,0.02505192682017699,0.07174143399823155
TCGA-DH-A669-01A,nnls,0.5379184306712322,0.0,0.0,0.0,0.0,0.0,0.09880797431310709,0.36327359501566053
TCGA-DH-A669-02A,nnls,0.30931399616419547,0.0,0.0,0.0,0.0,0.5076061477584816,0.08307359548747095,0.10000626058985208
TCGA-DH-A66B-01A,nnls,0.6994762690220925,0.0,0.0,0.0,0.0,0.11975235168574819,0.05510694407021784,0.12566443522194157
TCGA-DH-A66D-01A,nnls,0.3514676344146169,0.0,0.0,0.0,0.0,0.4739464082156109,0.04703514220258223,0.12755081516719005
TCGA-DH-A66F-01A,nnls,0.15904566029378003,0.0,0.0,0.0,0.0,0.7305273674962283,0.011649771578194398,0.09877720063179728
TCGA-DH-A66G-01A,nnls,0.6652967968582728,0.0,0.0,0.0,0.0,0.0,0.00866068868972592,0.3260425144520012
TCGA-DH-A7UR-01A,nnls,0.12855080647348893,0.0,0.0,0.0,0.0,0.7040915614723983,0.040750185661399776,0.12660744639271307
TCGA-DH-A7US-01A,nnls,0.10321646682029835,0.0,0.0,0.0,0.0,0.7090576299761739,0.1046480076549465,0.0830778955485812
TCGA-DH-A7UT-01A,nnls,0.15545115448356714,0.0,0.0,0.0,0.0,0.6688841146848253,0.10592704990997516,0.06973768092163227
TCGA-DH-A7UU-01A,nnls,0.32243926758200825,0.0,0.0,0.0,0.0,0.5343843870043592,0.08493742663838923,0.05823891877524337
TCGA-DH-A7UV-01A,nnls,0.46705783050860433,0.0,0.0,0.0,0.0,0.2720125203057231,0.10604648172325147,0.1548831674624211
TCGA-DU-5847-01A,nnls,0.4690945200290613,0.17190241973211065,0.0,0.0,0.0,0.0,0.02927667220336996,0.3297263880354579
TCGA-DU-5849-01A,nnls,0.12612542930189347,0.0,0.0,0.0,0.0,0.644113675386399,0.09942672549836734,0.13033416981334026
TCGA-DU-5851-01A,nnls,0.11274358992130462,0.0,0.0,0.0,0.0,0.5771635681052448,0.15071049057164104,0.1593823514018094
TCGA-DU-5852-01A,nnls,0.301789595506038,0.0,0.0,0.0,0.0,0.5711598858601551,0.0013039869977680184,0.1257465316360389
TCGA-DU-5853-01A,nnls,0.1769285231129266,0.0,0.0,0.0,0.0,0.6542337010831746,0.0543673702128689,0.11447040559103001
TCGA-DU-5854-01A,nnls,0.2879409365635513,0.0,0.0,0.0,0.0,0.37143639501946746,0.20443885213562898,0.13618381628135215
TCGA-DU-5855-01A,nnls,0.24187501728510394,0.0,0.0,0.0,0.0,0.5897896348810545,0.037081629549702504,0.13125371828413906
TCGA-DU-5870-02A,nnls,0.5143513624386532,0.0,0.0,0.0,0.0,0.013607467912749334,0.17086850462575806,0.30117266502283935
TCGA-DU-5871-01A,nnls,0.22289084226260705,0.0,0.0,0.0,0.0,0.5641959914352299,0.01164738030224399,0.20126578599991896
TCGA-DU-5872-01A,nnls,0.282813137950257,0.0,0.0,0.0,0.0,0.5591662290673337,0.060221104268504515,0.09779952871390475
TCGA-DU-5872-02A,nnls,0.16117950614035587,0.0,0.0,0.0,0.6541200960114888,0.045277675331434585,0.07381670734205582,0.06560601517466479
TCGA-DU-6392-01A,nnls,0.22477638923854618,0.0477609057231432,0.0,0.0,0.0,0.5457618446512764,0.09806057485552065,0.08364028553151344
TCGA-DU-6393-01A,nnls,0.27004604131274235,0.0,0.0,0.0,0.0,0.6117474623859254,0.03853286193504873,0.07967363436628362
TCGA-DU-6394-01A,nnls,0.46541890847951195,0.0,0.0,0.0,0.0,0.3813172237740377,0.011582352469093147,0.1416815152773572
TCGA-DU-6395-01A,nnls,0.2810086783034362,0.0,0.0,0.0,0.0,0.5269986782101496,0.0742177361573196,0.11777490732909468
TCGA-DU-6396-01A,nnls,0.13791429733584043,0.019674372723423747,0.0,0.0,0.0,0.7498602344599364,0.06559665782052612,0.026954437660273348
TCGA-DU-6397-01A,nnls,0.12350337366402128,0.0,0.0,0.0,0.0,0.7486363009493749,0.025136607216021564,0.10272371817058229
TCGA-DU-6397-02A,nnls,0.21408529857662384,0.0,0.0,0.0,0.0,0.6963695910517695,0.05684880374000183,0.032696306631604825
TCGA-DU-6399-01A,nnls,0.23713814667606722,0.0,0.0,0.0,0.0,0.6376850491061846,0.03547063886308679,0.0897061653546614
TCGA-DU-6400-01A,nnls,0.22574919292213855,0.0,0.0,0.0,0.0,0.6563552983466348,0.030637931188121866,0.08725757754310486
TCGA-DU-6401-01A,nnls,0.1404861302920096,0.0,0.0,0.0,0.0,0.7327585431294236,0.02176387560477582,0.10499145097379096
TCGA-DU-6402-01A,nnls,0.14148990982041637,0.14085521201043943,0.0,0.0,0.0,0.5758379609531445,0.0,0.14181691721599962
TCGA-DU-6403-01A,nnls,0.31396351948068996,0.17504253546779938,0.0,0.0,0.0,0.18474378472733777,0.24641603238523094,0.0798341279389419
TCGA-DU-6404-01A,nnls,0.23880501436535662,0.0,0.0,0.0,0.0,0.5194863298986172,0.0,0.24170865573602618
TCGA-DU-6405-01A,nnls,0.5960475915763006,0.0,0.0,0.0,0.0,0.13793058316548867,0.0,0.2660218252582106
TCGA-DU-6406-01A,nnls,0.2724327266226987,0.0,0.0,0.0,0.0,0.6415555523086217,0.0,0.08601172106867952
TCGA-DU-6407-01A,nnls,0.3147503758660364,0.0,0.0,0.0,0.0,0.49632938776765223,0.05994410063582869,0.1289761357304826
TCGA-DU-6408-01A,nnls,0.19457174545594308,0.0,0.0,0.0,0.0,0.7174184255886663,0.013391720082173169,0.07461810887321745
TCGA-DU-6410-01A,nnls,0.34650293345792704,0.0,0.0,0.0,0.0,0.5405640980038294,0.069291407021459,0.04364156151678448
TCGA-DU-6542-01A,nnls,0.1819385279628203,0.0,0.0,0.0,0.0,0.6602457464356041,0.08238749498067056,0.07542823062090497
TCGA-DU-7006-01A,nnls,0.2080492366308609,0.060068753494993625,0.0,0.0,0.0,0.5643969546750951,0.018509209161722356,0.1489758460373279
TCGA-DU-7007-01A,nnls,0.4334240856056896,0.0,0.0,0.0,0.0,0.3102414030683972,0.0033890333720253945,0.2529454779538877
TCGA-DU-7008-01A,nnls,0.0732832417209622,0.0,0.0,0.0,0.7200360527963489,0.16848693876705803,0.01023068828416879,0.027963078431462104
TCGA-DU-7009-01A,nnls,0.08557506953583498,0.0,0.0,0.0,0.0,0.5908969512382474,0.20077879955001066,0.12274917967590705
TCGA-DU-7010-01A,nnls,0.27138157144805597,0.0,0.0,0.0,0.0,0.42401923509175776,0.20736019668074296,0.09723899677944345
TCGA-DU-7011-01A,nnls,0.23381198138584378,0.0,0.0,0.0,0.0,0.54282703303836,0.07489958353629314,0.14846140203950303
TCGA-DU-7012-01A,nnls,0.6506329024082694,0.0,0.0,0.0,0.0,0.0,0.0,0.3493670975917305
TCGA-DU-7013-01A,nnls,0.6959167353332282,0.0,0.0,0.0,0.0,0.10907474893716945,0.0,0.1950085157296025
TCGA-DU-7014-01A,nnls,0.21069703147209623,0.0,0.0,0.0,0.0,0.685346124084287,0.03307081028177489,0.0708860341618419
TCGA-DU-7015-01A,nnls,0.3010097171981321,0.0,0.0,0.0,0.0,0.5789813212251819,0.019738474954043732,0.10027048662264226
TCGA-DU-7018-01A,nnls,0.15554748925405792,0.0,0.0,0.0,0.0,0.7606485929248964,0.027768786702462418,0.05603513111858322
TCGA-DU-7019-01A,nnls,0.023854318726946273,0.0,0.0,0.0,0.0,0.598105177578929,0.049335657895124556,0.328704845799
TCGA-DU-7292-01A,nnls,0.6259785098459335,0.0,0.0,0.0,0.0,0.0,0.016283652087914154,0.35773783806615234
TCGA-DU-7294-01A,nnls,0.10223984568885705,0.0,0.0,0.0,0.0,0.7572199901426343,0.07999599790939299,0.060544166259115774
TCGA-DU-7298-01A,nnls,0.12175936188775124,0.0,0.0,0.0,0.0,0.633507367737472,0.15505550202386384,0.08967776835091301
TCGA-DU-7299-01A,nnls,0.08251597250520015,0.0,0.0,0.0,0.0,0.7833947788840636,0.07491879280178929,0.05917045580894701
TCGA-DU-7300-01A,nnls,0.44741596316232785,0.0,0.0,0.0,0.0,0.0454104907766115,0.15216230006523565,0.355011245995825
TCGA-DU-7301-01A,nnls,0.31542458819311386,0.0,0.0,0.0,0.0,0.45956114810654347,0.16068161915238358,0.06433264454795919
TCGA-DU-7302-01A,nnls,0.07032027897534303,0.0,0.0,0.0,0.0,0.7927663802725642,0.0314556749234455,0.10545766582864739
TCGA-DU-7304-01A,nnls,0.3846320473012185,0.0,0.0,0.0,0.0,0.40403928534637795,0.03263355830785929,0.17869510904454433
TCGA-DU-7304-02A,nnls,0.754240526967666,0.0,0.0,0.0,0.0,0.0,0.06264161697985197,0.18311785605248213
TCGA-DU-7306-01A,nnls,0.2137238304049742,0.0,0.0,0.0,0.0,0.5688096278316913,0.09978651876959954,0.11768002299373508
TCGA-DU-7309-01A,nnls,0.07883773216284955,0.0,0.0,0.0,0.0,0.6522166936415076,0.043190812972987595,0.22575476122265525
TCGA-DU-8158-01A,nnls,0.5824634002393644,0.0,0.0,0.0,0.0,0.0,0.07774387550957564,0.33979272425106
TCGA-DU-8161-01A,nnls,0.35084996083914294,0.0,0.0,0.0,0.0,0.0,0.005197394677522036,0.6439526444833351
TCGA-DU-8162-01A,nnls,0.1300372817351664,0.0,0.0,0.0,0.0,0.24459533743126638,0.37604365612526636,0.24932372470830072
TCGA-DU-8163-01A,nnls,0.2531168082278923,0.0,0.0,0.0,0.0,0.5592764587675771,0.11246644054263706,0.07514029246189341
TCGA-DU-8164-01A,nnls,0.07642103068352672,0.0,0.0,0.0,0.0,0.8179907805757084,0.02703794534370474,0.07855024339706021
TCGA-DU-8165-01A,nnls,0.4570835278760129,0.026522185809532414,0.0,0.0,0.0,0.19431530753741294,0.04060715222510996,0.28147182655193187
TCGA-DU-8166-01A,nnls,0.09252429867109052,0.02604048831489585,0.0,0.0,0.0,0.7354295581677527,0.021790894939068387,0.12421475990719257
TCGA-DU-8167-01A,nnls,0.22901083827649685,0.0,0.0,0.0,0.0,0.510959028123624,0.19095021942251514,0.06907991417736407
TCGA-DU-8168-01A,nnls,0.24798866260464245,0.0,0.0,0.0,0.0,0.5875517761876405,0.04062552212261805,0.12383403908509907
TCGA-DU-A5TP-01A,nnls,0.2039321932764657,0.33998370286772783,0.0,0.0,0.0,0.3558388889830493,0.06880301008871532,0.03144220478404184
TCGA-DU-A5TR-01A,nnls,0.5992742380080797,0.0,0.0,0.0,0.0,0.0,0.1810211003969906,0.2197046615949297
TCGA-DU-A5TS-01A,nnls,0.2182849474232989,0.0,0.0,0.0,0.0,0.4764073159571494,0.21322938775057937,0.09207834886897222
TCGA-DU-A5TT-01A,nnls,0.6334604456192381,0.0,0.0,0.0,0.0,0.06814052842786678,0.056521236309222504,0.24187778964367265
TCGA-DU-A5TU-01A,nnls,0.38703308177553575,0.0,0.0,0.0,0.0,0.397846257919757,0.042372607972131326,0.17274805233257584
TCGA-DU-A5TW-01A,nnls,0.3292390280261718,0.0,0.0,0.0,0.0,0.49781880144950497,0.08591747152229347,0.0870246990020298
TCGA-DU-A5TY-01A,nnls,0.4493693342224129,0.18214504934543946,0.0,0.0,0.0,0.041045706027848086,0.047450012516302736,0.27998989788799683
TCGA-DU-A6S2-01A,nnls,0.09054153714169551,0.0,0.0,0.0,0.0,0.7060331868077243,0.09979247852326144,0.10363279752731876
TCGA-DU-A6S3-01A,nnls,0.14223659458296087,0.0,0.0,0.0,0.0,0.6648612654738786,0.08927588414241108,0.10362625580074948
TCGA-DU-A6S6-01A,nnls,0.1572698099275164,0.0,0.0,0.0,0.0,0.676574077139012,0.028823741903564286,0.13733237102990736
TCGA-DU-A6S7-01A,nnls,0.3726950146109789,0.0,0.0,0.0,0.0,0.3642810978152643,0.14987334489618073,0.11315054267757615
TCGA-DU-A6S8-01A,nnls,0.3397488314315199,0.0,0.0,0.0,0.0,0.41688231663557324,0.1463904999621096,0.09697835197079728
TCGA-DU-A76K-01A,nnls,0.5502872344332418,0.0,0.0,0.0,0.0,0.0,0.023086418576576187,0.4266263469901819
TCGA-DU-A76L-01A,nnls,0.07449236091446407,0.19493430059228475,0.0,0.0,0.0,0.6049599037441721,0.07092240364273296,0.054691031106346225
TCGA-DU-A76O-01A,nnls,0.385145462972053,0.0,0.0,0.0,0.0,0.4910924548707577,0.023664503483999382,0.10009757867319001
TCGA-DU-A76R-01A,nnls,0.11669240655595783,0.0,0.0,0.0,0.0,0.7166242067531592,0.014767028428648476,0.1519163582622346
TCGA-DU-A7T6-01A,nnls,0.281273543083365,0.0,0.0,0.0,0.0,0.48754079935700945,0.1299966439586744,0.10118901360095106
TCGA-DU-A7T8-01A,nnls,0.3675137631596208,0.0,0.0,0.0,0.0,0.5317118013434471,0.014333755012190199,0.08644068048474184
TCGA-DU-A7TA-01A,nnls,0.24594524174370427,0.0,0.0,0.0,0.0,0.6378897671977947,0.053106078936463505,0.06305891212203747
TCGA-DU-A7TB-01A,nnls,0.023433799203283912,0.0,0.0,0.0,0.0,0.12243529942768322,0.8071555799539963,0.046975321415036506
TCGA-DU-A7TC-01A,nnls,0.2379925992617959,0.0,0.0,0.0,0.0,0.5948138795507729,0.029334145097306846,0.13785937609012427
TCGA-DU-A7TD-01A,nnls,0.6497687933836778,0.13519705498020745,0.0,0.0,0.0,0.08604245632114861,0.0015678747698835277,0.12742382054508258
TCGA-DU-A7TG-01A,nnls,0.14156117820944142,0.0,0.0,0.0,0.0,0.381729104541775,0.10238303666871308,0.3743266805800704
TCGA-DU-A7TI-01A,nnls,0.24423756609435268,0.0,0.0,0.0,0.0,0.5932119867240101,0.03687216185327972,0.12567828532835745
TCGA-DU-A7TJ-01A,nnls,0.5428065919174996,0.0,0.0,0.0,0.0,0.38875563122925466,0.0,0.06843777685324573
TCGA-E1-5302-01A,nnls,0.4644505415103652,0.0,0.0,0.0,0.0,0.2698827771328986,0.05143876103708413,0.21422792031965202
TCGA-E1-5303-01A,nnls,0.46423797879845463,0.0,0.0,0.0,0.0,0.31848769118994463,0.09087757763809862,0.12639675237350206
TCGA-E1-5304-01A,nnls,0.3613407636667635,0.0,0.0,0.0,0.0,0.484570732550537,0.1133543140391748,0.04073418974352476
TCGA-E1-5305-01A,nnls,0.13615434764816542,0.0,0.0,0.0,0.0,0.6797346876749368,0.049230077244428926,0.13488088743246873
TCGA-E1-5307-01A,nnls,0.22849893517413133,0.0,0.0,0.0,0.0,0.3054174813684185,0.07498690326609653,0.3910966801913537
TCGA-E1-5311-01A,nnls,0.0509150051591235,0.0,0.0,0.0,0.0,0.8554214102552217,0.01989064679977237,0.0737729377858824
TCGA-E1-5318-01A,nnls,0.0988698786887039,0.0,0.0,0.0,0.0,0.8656840672376566,0.014848923108982583,0.020597130964656898
TCGA-E1-5319-01A,nnls,0.10952991513378485,0.0,0.0,0.0,0.0,0.7461293666592744,0.07598995430821279,0.06835076389872805
TCGA-E1-5322-01A,nnls,0.2413747208567639,0.028614622751409073,0.0,0.0,0.0,0.5775439724990651,0.0632957909576841,0.0891708929350778
TCGA-E1-A7YD-01A,nnls,0.5193968672317845,0.0,0.0,0.0,0.0,0.21091940767605838,0.0,0.269683725092157
TCGA-E1-A7YE-01A,nnls,0.21997491586864565,0.0,0.0,0.0,0.0,0.646172919597932,0.06045990905263603,0.07339225548078641
TCGA-E1-A7YH-01A,nnls,0.17555255294795571,0.0,0.0,0.0,0.0,0.48314161558424984,0.23707516397553166,0.10423066749226269
TCGA-E1-A7YI-01A,nnls,0.20417715229833253,0.014915184554506732,0.0,0.0,0.0,0.6455757011772324,0.10429233236192559,0.031039629608002696
TCGA-E1-A7YJ-01A,nnls,0.395024672706353,0.0,0.0,0.0,0.0,0.5044064744549427,0.043841044527150555,0.05672780831155392
TCGA-E1-A7YK-01A,nnls,0.3885796371967331,0.0,0.0,0.0,0.05007797520460903,0.15448862784430975,0.29349811270132864,0.11335564705301958
TCGA-E1-A7YL-01A,nnls,0.5941061476311199,0.038765077233583176,0.0,0.0,0.0,0.036366041425536094,0.0,0.3307627337097608
TCGA-E1-A7YM-01A,nnls,0.14029620378419821,0.0,0.0,0.0,0.0,0.3088661592367736,0.3684380203040938,0.18239961667493443
TCGA-E1-A7YN-01A,nnls,0.46874444849694397,0.1994771324093542,0.0,0.0,0.0,0.0,0.04686368615057862,0.2849147329431233
TCGA-E1-A7YO-01A,nnls,0.10493994957196888,0.0,0.0,0.0,0.0,0.7990560377136464,0.009598326387835844,0.08640568632654894
TCGA-E1-A7YQ-01A,nnls,0.327570530924636,0.0933478065446505,0.0,0.0,0.0,0.47659356007814047,0.0,0.10248810245257288
TCGA-E1-A7YS-01A,nnls,0.18709862899354987,0.0,0.0,0.0,0.0,0.6344646499785963,0.047047718198928404,0.13138900282892546
TCGA-E1-A7YU-01A,nnls,0.1528406136036124,0.0,0.0,0.0,0.0,0.6557427949479598,0.09808692608415939,0.0933296653642684
TCGA-E1-A7YV-01A,nnls,0.1573597524984183,0.0,0.0,0.0,0.0,0.7143206390025814,0.04096575015850797,0.08735385834049235
TCGA-E1-A7YW-01A,nnls,0.24151830389116516,0.0,0.0,0.0,0.0,0.6165856964755025,0.02948864736131297,0.11240735227201941
TCGA-E1-A7YY-01A,nnls,0.09345915898271492,0.0,0.029180915965043627,0.0,0.1889224367133102,0.29323204933106134,0.07675387939762375,0.31845155961024624
TCGA-E1-A7Z2-01A,nnls,0.2958130842329764,0.0,0.0,0.0,0.0,0.2598324870906775,0.06951643721622287,0.37483799146012314
TCGA-E1-A7Z3-01A,nnls,0.18779868723311166,0.0,0.0,0.0,0.0,0.47951286291389855,0.040156376566047106,0.29253207328694264
TCGA-E1-A7Z4-01A,nnls,0.5731519147869233,0.0,0.0,0.0,0.0,0.19196205431891142,0.0,0.23488603089416535
TCGA-E1-A7Z6-01A,nnls,0.16602182558536097,0.0,0.0,0.0,0.0,0.7108773811739479,0.0,0.12310079324069118
TCGA-EZ-7264-01A,nnls,0.10875621547650623,0.0,0.0,0.0,0.0,0.7582410133371799,0.06055141868809462,0.07245135249821934
TCGA-F6-A8O3-01A,nnls,0.12112774474753614,0.0,0.0,0.0,0.0,0.7802932639629379,0.022386539083062314,0.07619245220646374
TCGA-F6-A8O4-01A,nnls,0.21782862187944735,0.0,0.0,0.0,0.0,0.5273275762381121,0.0490279064810885,0.205815895401352
TCGA-FG-5962-01B,nnls,0.22440021428856124,0.0,0.0,0.0,0.0,0.5954134885079084,0.02876912579703402,0.15141717140649633
TCGA-FG-5963-01A,nnls,0.28003586188782514,0.17785384897683043,0.0,0.0,0.0,0.1709399517059726,0.24764710441801413,0.12352323301135774
TCGA-FG-5963-02A,nnls,0.0722404367953334,0.0,0.0,0.0,0.0,0.8952630679860347,0.03245611653548707,4.037868314475731e-05
TCGA-FG-5964-01A,nnls,0.4348006871686386,0.0947753967603257,0.0,0.0,0.0,0.08438023742356045,0.1465848727515949,0.23945880589588023
TCGA-FG-5965-01B,nnls,0.2722516983967929,0.0,0.0,0.0,0.0,0.48826914401861937,0.05150428923918952,0.18797486834539817
TCGA-FG-6688-01A,nnls,0.6371245675758657,0.0,0.0,0.0,0.0,0.0,0.16235852824377411,0.20051690418036017
TCGA-FG-6689-01A,nnls,0.11587671036984255,0.0,0.0,0.0,0.0,0.7507676953915727,0.0442617261490293,0.08909386808955538
TCGA-FG-6690-01A,nnls,0.16636974698592782,0.0,0.0,0.0,0.0,0.7342168587636541,0.014141981925067503,0.08527141232535064
TCGA-FG-6691-01A,nnls,0.24633245620037092,0.006947335612075818,0.0,0.0,0.0,0.6089697704173673,0.027883271901461556,0.10986716586872435
TCGA-FG-6692-01A,nnls,0.5822892376459959,0.0,0.0,0.0,0.0,0.19583221874622347,0.01841347513354744,0.20346506847423318
TCGA-FG-7634-01A,nnls,0.0967658929526585,0.024366720148880236,0.0,0.0,0.0,0.7331072992623197,0.09576809475793233,0.04999199287820926
TCGA-FG-7636-01A,nnls,0.2823113293467732,0.0,0.0,0.0,0.0,0.4859472400915872,0.07780876782572825,0.15393266273591133
TCGA-FG-7638-01B,nnls,0.0904424004827907,0.0,0.0,0.0,0.0,0.7747833499272054,0.03314187859012659,0.10163237099987739
TCGA-FG-7641-01B,nnls,0.027534949498398673,0.0,0.0,0.0,0.0,0.8401000107746366,0.060303690470127944,0.07206134925683674
TCGA-FG-7643-01A,nnls,0.06938087523270445,0.0,0.0,0.0,0.0,0.45436360193095526,0.24961576399210356,0.22663975884423687
TCGA-FG-8181-01A,nnls,0.11970282038974348,0.0,0.0,0.0,0.0,0.49732597071623685,0.039774438284067876,0.3431967706099517
TCGA-FG-8182-01A,nnls,0.14490848511636117,0.0,0.0,0.0,0.0,0.6970029651904581,0.11132465116997228,0.04676389852320855
TCGA-FG-8185-01A,nnls,0.17609977111263397,0.0,0.0,0.0,0.0,0.6886919361785837,0.0488818855685266,0.0863264071402557
TCGA-FG-8186-01A,nnls,0.24795179779339988,0.0,0.0,0.0,0.0,0.5243073983416258,0.053679987408024585,0.17406081645694982
TCGA-FG-8187-01A,nnls,0.1943586858111526,0.0,0.0,0.0,0.0,0.5425397622796042,0.18787662537929517,0.0752249265299479
TCGA-FG-8188-01A,nnls,0.18011842681515183,0.0,0.0,0.0,0.0,0.6137298759052202,0.1328721660341828,0.07327953124544519
TCGA-FG-8191-01A,nnls,0.2080809771671329,0.0,0.0,0.0,0.0,0.552495949453094,0.15572018019136458,0.08370289318840864
TCGA-FG-A4MT-01A,nnls,0.42283773945708747,0.0,0.0,0.0,0.0,0.4074625926865708,0.023800166742019856,0.14589950111432176
TCGA-FG-A4MT-02A,nnls,0.23263211029775108,0.0,0.0,0.0,0.0,0.41615152539158934,0.1294782372078998,0.22173812710275986
TCGA-FG-A4MW-01A,nnls,0.45585042355705224,0.0,0.0,0.0,0.0,0.19979467038653806,0.16744569114067917,0.1769092149157306
TCGA-FG-A4MX-01A,nnls,0.22371186657731648,0.0,0.0,0.0,0.0,0.6749572119357734,0.05926732654519297,0.04206359494171706
TCGA-FG-A4MY-01A,nnls,0.28958423731212063,0.0,0.0,0.0,0.0,0.4194918648770744,0.17654572673577731,0.1143781710750278
TCGA-FG-A60J-01A,nnls,0.32694807597987224,0.0,0.0,0.0,0.0,0.5490390860677514,0.02858626153487014,0.09542657641750613
TCGA-FG-A60K-01A,nnls,0.09083209954608631,0.0,0.0,0.0,0.0,0.79184616469893,0.027137627692167588,0.09018410806281599
TCGA-FG-A60L-01A,nnls,0.6227526442702942,0.0,0.0,0.0,0.0,0.08697733671757737,0.12524217932909762,0.16502783968303086
TCGA-FG-A6IZ-01A,nnls,0.5289784169387309,0.0,0.0,0.0,0.0,0.25611014721612635,0.04693580102251619,0.16797563482262662
TCGA-FG-A6J1-01A,nnls,0.28278861570367725,0.0,0.0,0.0,0.0,0.5492589470777552,0.023578582670738465,0.14437385454782903
TCGA-FG-A6J3-01A,nnls,0.6282497518407514,0.0,0.0,0.0,0.0,0.0,0.05967645030250011,0.3120737978567486
TCGA-FG-A70Y-01A,nnls,0.13362626713454556,0.0,0.0,0.0,0.0,0.6514343824947246,0.08949359273395523,0.1254457576367746
TCGA-FG-A70Z-01A,nnls,0.4304052158168873,0.0,0.0,0.0,0.0,0.3534375094786258,0.0,0.21615727470448692
TCGA-FG-A710-01A,nnls,0.18811733654030913,0.04027120332748061,0.0,0.0,0.0,0.6360117312727572,0.025788017869538667,0.10981171098991444
TCGA-FG-A711-01A,nnls,0.1971387081194746,0.0,0.0,0.0,0.0,0.6562971510410185,0.020564820129068243,0.12599932071043868
TCGA-FG-A713-01A,nnls,0.17109971737429872,0.0,0.0,0.0,0.0,0.4675862830170377,0.1642314636303526,0.19708253597831105
TCGA-FG-A87N-01A,nnls,0.1650891683557766,0.07134951721095706,0.0,0.0,0.0,0.6747763753974364,0.04993491352897981,0.03885002550685027
TCGA-FG-A87Q-01A,nnls,0.18874894018300062,0.0015614254458604774,0.0,0.0,0.3533338153882569,0.17112679229753594,0.15122660319887557,0.1340024234864704
TCGA-FN-7833-01A,nnls,0.38347202711382006,0.0,0.0,0.0,0.0,0.5459835113552216,0.0,0.07054446153095825
TCGA-HT-7467-01A,nnls,0.040337802726910156,0.0,0.0,0.0,0.0,0.45946937575370356,0.37990051972060546,0.12029230179878085
TCGA-HT-7468-01A,nnls,0.11840200103943745,0.0,0.0,0.0,0.0,0.7977106014960275,0.018442240079770904,0.06544515738476418
TCGA-HT-7469-01A,nnls,0.3031914831263084,0.0,0.0,0.0,0.0,0.5081235654434079,0.0579809606494747,0.13070399078080905
TCGA-HT-7470-01A,nnls,0.1093121114973898,0.0,0.0,0.0,0.0,0.5576406469167053,0.16852886595406075,0.16451837563184424
TCGA-HT-7471-01A,nnls,0.31330395337002825,0.015990784008393523,0.0,0.0,0.0,0.4895504059322286,0.055430472339208024,0.1257243843501416
TCGA-HT-7472-01A,nnls,0.26926491570740474,0.0,0.0,0.0,0.0,0.6278803855519215,0.03774021865662379,0.06511448008404992
TCGA-HT-7473-01A,nnls,0.456899146905913,0.0,0.0,0.0,0.0,0.3768813673318532,0.01592732754061462,0.15029215822161934
TCGA-HT-7474-01A,nnls,0.15633420505739176,0.0,0.0,0.0,0.0,0.5431351137115021,0.12955466157490023,0.17097601965620585
TCGA-HT-7475-01A,nnls,0.11315806876301618,0.0,0.0,0.0,0.0,0.4569148152913417,0.1641404184668686,0.2657866974787736
TCGA-HT-7476-01A,nnls,0.06033012361132901,0.0,0.0,0.0,0.0,0.7174443143590681,0.07365261390870742,0.14857294812089536
TCGA-HT-7477-01B,nnls,0.22755013957212133,0.0,0.0,0.0,0.0,0.6799672329629768,0.03935148637811035,0.05313114108679158
TCGA-HT-7478-01A,nnls,0.18390739491846925,0.0,0.0,0.0,0.0,0.6937008239326174,0.05101383197527538,0.07137794917363786
TCGA-HT-7479-01A,nnls,0.3322261132798382,0.0,0.0,0.0,0.0,0.3781320094266543,0.16328977398965744,0.12635210330385005
TCGA-HT-7480-01A,nnls,0.06402445626223728,0.0,0.0,0.0,0.0,0.8541088921519462,0.027557716119833382,0.05430893546598303
TCGA-HT-7481-01A,nnls,0.0013943745473281909,0.0,0.0,0.0,0.0,0.5154826532148856,0.31740106100078236,0.16572191123700386
TCGA-HT-7482-01A,nnls,0.2065039175201405,0.0,0.0,0.0,0.0,0.6015897026741188,0.0928803855261951,0.09902599427954557
TCGA-HT-7483-01A,nnls,0.10719279159245661,0.0,0.0,0.0,0.0,0.7200686567616226,0.029434239680340205,0.1433043119655806
TCGA-HT-7485-01A,nnls,0.19939101170557086,0.0,0.0,0.0,0.0,0.5661120331530708,0.06243136660780339,0.17206558853355503
TCGA-HT-7601-01A,nnls,0.2767363559118653,0.0,0.0,0.0,0.0,0.5097559452527942,0.1412357801560839,0.0722719186792566
TCGA-HT-7602-01A,nnls,0.15218202240378054,0.0,0.0,0.0,0.0,0.7066268018329193,0.0930292957332707,0.04816188003002947
TCGA-HT-7603-01A,nnls,0.008478320856059554,0.0,0.0,0.0,0.0,0.8152080321893326,0.07010931709815212,0.10620432985645574
TCGA-HT-7604-01A,nnls,0.20626790542776863,0.0,0.0,0.0,0.0,0.6836698457075352,0.0322542216027323,0.07780802726196395
TCGA-HT-7605-01A,nnls,0.125125891003151,0.0,0.0,0.0,0.0,0.6953453766836464,0.0831170465245567,0.09641168578864594
TCGA-HT-7606-01A,nnls,0.16187214013182086,0.0,0.0,0.0,0.0,0.6953312286631844,0.0566738253912225,0.08612280581377224
TCGA-HT-7607-01A,nnls,0.19264819866717678,0.0,0.0,0.0,0.0,0.4311818928012631,0.11381124051139808,0.262358668020162
TCGA-HT-7609-01A,nnls,0.22640850528191248,0.0,0.0,0.0,0.0,0.7074873835756329,0.018180319765629022,0.04792379137682558
TCGA-HT-7610-01A,nnls,0.0032914458010559295,0.0,0.022266591738851017,0.0,0.0,0.7385271790108348,0.09610937802019882,0.1398054054290593
TCGA-HT-7611-01A,nnls,0.566646964618571,0.0,0.0,0.0,0.0,0.19618943755101023,0.05523882604406779,0.181924771786351
TCGA-HT-7616-01A,nnls,0.06669736921794958,0.0,0.0,0.0,0.6484596682045607,0.21352921242035489,0.012491173170832323,0.058822576986302506
TCGA-HT-7620-01A,nnls,0.23392743716991446,0.0,0.0,0.0,0.0,0.42677274306799706,0.2666566624816355,0.07264315728045283
TCGA-HT-7676-01A,nnls,0.25544750729680005,0.0,0.0,0.0,0.0,0.6244153353203632,0.04545010622271391,0.07468705116012285
TCGA-HT-7677-01A,nnls,0.12303795642966696,0.0,0.0,0.0,0.0,0.7519419591171204,0.05040186169531925,0.07461822275789336
TCGA-HT-7680-01A,nnls,0.4102073111672795,0.0,0.0,0.0,0.0,0.4299687523972073,0.0,0.15982393643551318
TCGA-HT-7681-01A,nnls,0.05854755956280822,0.0,0.0,0.0,0.0,0.7715013282675753,0.04713942888748176,0.1228116832821346
TCGA-HT-7684-01A,nnls,0.2140178099474937,0.0,0.0,0.0,0.0,0.5960981743134214,0.024031961696774955,0.16585205404231002
TCGA-HT-7686-01A,nnls,0.23079096987505496,0.0,0.0,0.0,0.0,0.6607508030604775,0.03151077119749376,0.07694745586697369
TCGA-HT-7687-01A,nnls,0.24521480496600542,0.0,0.0,0.0,0.0,0.5582458846558462,0.09890466613962962,0.09763464423851871
TCGA-HT-7688-01A,nnls,0.07642474082816368,0.0,0.0,0.0,0.0,0.5098070667411413,0.16793614564938172,0.24583204678131332
TCGA-HT-7689-01A,nnls,0.23114483950110792,0.0,0.0,0.0,0.0,0.5164574647379738,0.12822432803206646,0.12417336772885189
TCGA-HT-7690-01A,nnls,0.34909876026930337,0.0,0.0,0.0,0.0,0.45218402402013513,0.09025872894865124,0.10845848676191028
TCGA-HT-7691-01A,nnls,0.12483048789827081,0.0,0.0,0.0,0.0,0.7639191702431041,0.0,0.11125034185862516
TCGA-HT-7692-01A,nnls,0.20227515647092578,0.0,0.0,0.0,0.0,0.6684139595418422,0.04553892359627909,0.08377196039095287
TCGA-HT-7693-01A,nnls,0.0700168034267529,0.04482057489511272,0.0,0.0,0.0,0.8219650528855085,0.020495296984613123,0.04270227180801297
TCGA-HT-7694-01A,nnls,0.06186272710652974,0.0,0.0,0.0,0.0,0.602764872653469,0.1521761910776821,0.18319620916231907
TCGA-HT-7695-01A,nnls,0.042834975845190616,0.0,0.0,0.0,0.0,0.7781446293790114,0.07778156678569108,0.10123882799010676
TCGA-HT-7854-01A,nnls,0.660959744502904,0.0,0.0,0.0,0.0,0.0,0.05406473904055805,0.284975516456538
TCGA-HT-7855-01A,nnls,0.09744712545752438,0.0,0.0,0.0,0.0,0.8321828094374755,0.015592711825452833,0.05477735327954724
TCGA-HT-7856-01A,nnls,0.002146224353907291,0.0,0.04382758614374,0.0,0.2821481769109704,0.3095080628001706,0.17548962620501649,0.18688032358619533
TCGA-HT-7857-01A,nnls,0.18012850605032307,0.08686349137669723,0.0,0.0,0.0,0.6830347936962397,0.016346500800404513,0.033626708076335485
TCGA-HT-7858-01A,nnls,0.2419326003890773,0.0,0.0,0.0,0.0,0.5510120353005903,0.12504066094942093,0.08201470336091159
TCGA-HT-7860-01A,nnls,0.28319351604498993,0.0,0.0,0.0,0.0,0.46515574439891955,0.0,0.2516507395560905
TCGA-HT-7873-01B,nnls,0.10136329842678866,0.0,0.0,0.0,0.0,0.7576514775367592,0.06818982005830919,0.07279540397814283
TCGA-HT-7874-01A,nnls,0.02499481440048877,0.0,0.0,0.0,0.0,0.6771640555623087,0.11052629079547982,0.18731483924172268
TCGA-HT-7875-01A,nnls,0.04926758399779387,0.0,0.0,0.0,0.0,0.8880481280371166,0.007839989706785443,0.05484429825830413
TCGA-HT-7877-01A,nnls,0.017852020402533524,0.0,0.0,0.0,0.0,0.8201882851371727,0.07696082725844215,0.08499886720185174
TCGA-HT-7879-01A,nnls,0.3569786761557797,0.0,0.0,0.0,0.0,0.42054095038841044,0.07400341955876072,0.1484769538970493
TCGA-HT-7880-01A,nnls,0.2868560783556167,0.0,0.0,0.0,0.0,0.3933789034193045,0.16888023850915967,0.15088477971591907
TCGA-HT-7881-01A,nnls,0.060357138037139074,0.0,0.0,0.0,0.0,0.6110523210074736,0.21968894033799677,0.1089016006173905
TCGA-HT-7882-01A,nnls,0.06705135037389559,0.11192903800978328,0.0,0.0,0.04604880657675569,0.7343799959309947,0.002451525458287489,0.03813928365028326
TCGA-HT-7884-01B,nnls,0.07041994172715907,0.0,0.0,0.0,0.0,0.7031243589784539,0.11558191325918994,0.110873786035197
TCGA-HT-7902-01A,nnls,0.062338363097010345,0.0,0.0,0.0,0.0,0.23326656590781464,0.5766212007775503,0.12777387021762465
TCGA-HT-8010-01A,nnls,0.1808626420413088,0.0,0.0,0.0,0.0,0.687327390591862,0.007698140994914488,0.12411182637191467
TCGA-HT-8011-01A,nnls,0.3336267317718575,0.0,0.0,0.0,0.0,0.4665293400900452,0.0,0.1998439281380973
TCGA-HT-8012-01A,nnls,0.11443330511181166,0.0,0.0,0.0,0.0,0.8206762821368928,0.014249750981997999,0.05064066176929755
TCGA-HT-8013-01A,nnls,0.4736460731748455,0.1378493389424258,0.0,0.0,0.0,0.2447839997146591,0.04327380356639351,0.10044678460167612
TCGA-HT-8015-01B,nnls,0.3259467987792597,0.0,0.0,0.0,0.0,0.39130784229265053,0.11119276794527838,0.1715525909828113
TCGA-HT-8018-01A,nnls,0.274830628309639,0.0,0.0,0.0,0.0,0.46916121572504893,0.004425576031120059,0.2515825799341921
TCGA-HT-8104-01A,nnls,0.4870075483962036,0.0,0.0,0.0,0.0,0.16473446168445852,0.10765489062334394,0.24060309929599402
TCGA-HT-8105-01A,nnls,0.0916267697048401,0.0,0.0,0.0,0.0,0.7264737596468962,0.040848147028172445,0.1410513236200913
TCGA-HT-8106-01A,nnls,0.03729561588236797,0.0705098186304963,0.0,0.0,0.7719854779616522,0.07469285446501768,0.02636378941333657,0.0191524436471294
TCGA-HT-8107-01A,nnls,0.0,0.0,0.0,0.0,0.3302706627656057,0.20098382488024183,0.2565300295328891,0.21221548282126335
TCGA-HT-8108-01A,nnls,0.14736565714420963,0.0,0.0,0.0,0.0,0.7585061307768823,0.024863012570158747,0.06926519950874921
TCGA-HT-8109-01A,nnls,0.12078586190532148,0.0,0.0,0.0,0.0,0.6604185173682818,0.09587405841548326,0.12292156231091339
TCGA-HT-8110-01A,nnls,0.5666482604479693,0.0897964362058846,0.0,0.0,0.0,0.22913503628630794,0.0052487571957050465,0.10917150986413303
TCGA-HT-8111-01A,nnls,0.2621631029123251,0.0,0.0,0.0,0.0,0.5701227256476488,0.0837947373124161,0.0839194341276099
TCGA-HT-8113-01A,nnls,0.0,0.0,0.0,0.0,0.0,0.6323037607143651,0.12557281140189075,0.2421234278837442
TCGA-HT-8114-01A,nnls,0.1929848286472604,0.0,0.0,0.0,0.0,0.6762814951605791,0.02016756225889559,0.11056611393326497
TCGA-HT-8563-01A,nnls,0.1887813840982853,0.07897223719364126,0.0,0.0,0.0,0.6274601517294824,0.0006958232442572349,0.10409040373433372
TCGA-HT-8564-01A,nnls,0.09243651575613804,0.0,0.0,0.0,0.0,0.7740257817242033,0.05347104718549558,0.08006665533416306
TCGA-HT-A4DS-01A,nnls,0.7345920874289577,0.0,0.0,0.0,0.0,0.0,0.0,0.26540791257104235
TCGA-HT-A5R5-01A,nnls,0.3172173146409817,0.0,0.0,0.0,0.0,0.5851660611258683,0.0,0.09761662423315007
TCGA-HT-A5R7-01A,nnls,0.29627493523392595,0.0,0.0,0.0,0.0,0.4269187222781476,0.08542823388605177,0.1913781086018747
TCGA-HT-A5R9-01A,nnls,0.2653921743325583,0.0,0.0,0.0,0.0,0.5772592509489706,0.031219398955910003,0.1261291757625612
TCGA-HT-A5RA-01A,nnls,0.2732109026944962,0.0,0.0,0.0,0.0,0.4774065437570627,0.0,0.24938255354844102
TCGA-HT-A5RB-01A,nnls,0.1099210826502459,0.0,0.0,0.0,0.0,0.648446218550691,0.0715259641257403,0.17010673467332285
TCGA-HT-A5RC-01A,nnls,0.5007791958490093,0.0,0.0,0.0,0.0,0.23928315413120205,0.0026079574485557036,0.2573296925712329
TCGA-HT-A614-01A,nnls,0.1888971925652338,0.0,0.0,0.0,0.0,0.4671065617172163,0.18439466078284547,0.15960158493470453
TCGA-HT-A615-01A,nnls,0.10989129847344029,0.0,0.0,0.0,0.0,0.7846583087431808,0.03572162057055881,0.06972877221282014
TCGA-HT-A616-01A,nnls,0.06509967495656852,0.0,0.0,0.0,0.0,0.7195056950289925,0.029457896239191473,0.18593673377524764
TCGA-HT-A617-01A,nnls,0.23937154820129228,0.06295682085186916,0.0,0.0,0.0,0.40814373537102905,0.04816719981636193,0.24136069575944757
TCGA-HT-A618-01A,nnls,0.3830293568426993,0.0,0.0,0.0,0.0,0.45257044956636927,0.028830405268982118,0.1355697883219494
TCGA-HT-A61C-01A,nnls,0.2635961601129843,0.17273298526755657,0.0,0.0,0.0,0.4242617358526692,0.051427386704416544,0.08798173206237336
TCGA-HT-A74H-01A,nnls,0.5977288579926509,0.0,0.0,0.0,0.0,0.0,0.15024882073272028,0.2520223212746288
TCGA-HT-A74J-01A,nnls,0.5058507141282461,0.0,0.0,0.0,0.0,0.09197620772753533,0.03668955672353015,0.36548352142068846
TCGA-HT-A74K-01A,nnls,0.41100370156510546,0.0,0.0,0.0,0.0,0.2816414225288929,0.11511736064254115,0.19223751526346058
TCGA-HT-A74L-01A,nnls,0.08030933744314302,0.0,0.0,0.0,0.0,0.7996231348697908,0.04057324449788057,0.07949428318918575
TCGA-HT-A74O-01A,nnls,0.45502589564514256,0.0,0.0,0.0,0.0,0.3479689287940933,0.10422584774517907,0.09277932781558502
TCGA-HW-7486-01A,nnls,0.056836513238241584,0.0,0.0,0.0,0.0,0.5508003579524546,0.3143539800052768,0.07800914880402691
TCGA-HW-7487-01A,nnls,0.03454832204326089,0.0,0.0,0.0,0.0,0.6065042938523263,0.14533049950673238,0.2136168845976805
TCGA-HW-7489-01A,nnls,0.1652288477938282,0.0,0.0,0.0,0.0,0.5665538816254878,0.058455675606841256,0.2097615949738427
TCGA-HW-7490-01A,nnls,0.2351574160821991,0.0,0.0,0.0,0.0,0.6677430783318635,0.02046167671125835,0.076637828874679
TCGA-HW-7491-01A,nnls,0.10097444823283917,0.0,0.0,0.0,0.0,0.7154296931791292,0.10131216030349517,0.0822836982845364
TCGA-HW-7493-01A,nnls,0.27395444204895264,0.0,0.0,0.0,0.0,0.5216961192657154,0.004097780045245313,0.20025165864008673
TCGA-HW-7495-01A,nnls,0.049671673309147776,0.0,0.0,0.0,0.0,0.7141062756777867,0.1448889104972958,0.09133314051576975
TCGA-HW-8319-01A,nnls,0.2092382283912808,0.0,0.0,0.0,0.0,0.520305400563963,0.07104652693489673,0.19940984410985946
TCGA-HW-8320-01A,nnls,0.16092571747396256,0.0,0.0,0.0,0.0,0.7529704684488854,0.01171950264816559,0.07438431142898641
TCGA-HW-8321-01A,nnls,0.1319854016746671,0.0,0.0,0.0,0.0,0.7414865653594903,0.07177846442476804,0.05474956854107467
TCGA-HW-8322-01A,nnls,0.14174721754330719,0.0,0.0,0.0,0.0,0.7202190127170545,0.06809906762739198,0.06993470211224648
TCGA-HW-A5KJ-01A,nnls,0.2586113888845743,0.0,0.0,0.0,0.0,0.5741203610296454,0.042501458290135435,0.12476679179564486
TCGA-HW-A5KK-01A,nnls,0.5600740305868628,0.0,0.0,0.0,0.0,0.0,0.23277324198272598,0.20715272743041122
TCGA-HW-A5KL-01A,nnls,0.3615471617556119,0.0,0.0,0.0,0.0,0.4691840480725242,0.06789074290406076,0.10137804726780315
TCGA-HW-A5KM-01A,nnls,0.6885369622180979,0.0,0.0,0.0,0.0,0.02506887731632126,0.0761171514144008,0.21027700905118
TCGA-IK-7675-01A,nnls,0.40024831137410166,0.0,0.0,0.0,0.0,0.440452461805335,0.07697570948694896,0.08232351733361445
TCGA-IK-8125-01A,nnls,0.12493971703108898,0.0,0.0,0.0,0.0,0.716520437705253,0.017206999235063032,0.14133284602859503
TCGA-KT-A74X-01A,nnls,0.18367061184068986,0.0,0.0,0.0,0.0,0.6654615750933047,0.07621580594824076,0.07465200711776465
TCGA-KT-A7W1-01A,nnls,0.27367527081163234,0.0,0.0,0.0,0.0,0.6174662944961664,0.0,0.10885843469220122
TCGA-P5-A5ET-01A,nnls,0.04751191968380298,0.0,0.0,0.0,0.0,0.8008508880655514,0.08220151323717137,0.06943567901347429
TCGA-P5-A5EU-01A,nnls,0.31170123687459417,0.0900956239294912,0.0,0.0,0.0,0.543838683906868,0.0005477919897708143,0.053816663299275834
TCGA-P5-A5EV-01A,nnls,0.11767676867472168,0.0,0.0,0.0,0.0,0.7439975316229471,0.014992237836361519,0.12333346186596959
TCGA-P5-A5EW-01A,nnls,0.16157885364181443,0.0,0.0,0.0,0.0,0.7228610619096668,0.017067214165702334,0.09849287028281643
TCGA-P5-A5EX-01A,nnls,0.46063885318043496,0.0,0.0,0.0,0.0,0.3801429975269152,0.0,0.1592181492926498
TCGA-P5-A5EY-01A,nnls,0.2770495864607969,0.0,0.0,0.0,0.0,0.29946993256566434,0.010739520742272732,0.41274096023126583
TCGA-P5-A5EZ-01A,nnls,0.28151029096891445,0.0,0.0,0.0,0.0,0.36573727380411586,0.27430742380427325,0.07844501142269636
TCGA-P5-A5F0-01A,nnls,0.1971299547368278,0.0,0.0,0.0,0.0,0.33189470898152307,0.09133306126992352,0.3796422750117258
TCGA-P5-A5F1-01A,nnls,0.40092987477482006,0.0,0.0,0.0,0.0,0.4414255100368127,0.005369994947173053,0.15227462024119426
TCGA-P5-A5F2-01A,nnls,0.11726663650257345,0.0,0.0,0.0,0.0,0.7050963683774575,0.03915040294127864,0.13848659217869055
TCGA-P5-A5F4-01A,nnls,0.023954462591252765,0.0,0.0,0.0,0.0,0.6789191553856709,0.09875988703696087,0.19836649498611536
TCGA-P5-A5F6-01A,nnls,0.05110764349008512,0.008512598111726685,0.0,0.0,0.0,0.8124264779125338,0.0,0.12795328048565432
TCGA-P5-A72U-01A,nnls,0.449955480864617,0.0,0.0,0.0,0.0,0.0,0.0,0.5500445191353831
TCGA-P5-A72W-01A,nnls,0.41993711525768834,0.0,0.0,0.0,0.0,0.36230362364072577,0.05211380458565808,0.16564545651592777
TCGA-P5-A72X-01A,nnls,0.24538675716594313,0.0,0.0,0.0,0.0,0.6186667335176026,0.001106368182501045,0.13484014113395332
TCGA-P5-A72Z-01A,nnls,0.6085183151883522,0.0,0.0,0.0,0.0,0.13904497562306534,0.19155991650310458,0.06087679268547786
TCGA-P5-A730-01A,nnls,0.23927286408796036,0.0,0.0,0.0,0.0,0.46236319464285935,0.18867006609792997,0.10969387517125033
TCGA-P5-A731-01A,nnls,0.2041541839768918,0.0,0.0,0.0,0.0,0.7098196052479872,0.0032393726938982513,0.08278683808122275
TCGA-P5-A733-01A,nnls,0.09659510056037503,0.0,0.0,0.0,0.0,0.7871393540023134,0.0076791798389506585,0.10858636559836088
TCGA-P5-A735-01A,nnls,0.3503865302251718,0.0,0.0,0.0,0.0,0.38204157894387736,0.10362650442113,0.16394538640982065
TCGA-P5-A736-01A,nnls,0.6327279566992219,0.0,0.0,0.0,0.0,0.19674118497836188,0.0,0.1705308583224164
TCGA-P5-A737-01A,nnls,0.31404241296583085,0.0,0.0,0.0,0.0,0.5752749564558348,0.029828805187272232,0.08085382539106205
TCGA-P5-A77W-01A,nnls,0.26563726953614114,0.0,0.0,0.0,0.0,0.5878679301898239,0.09261781402079644,0.05387698625323843
TCGA-P5-A77X-01A,nnls,0.08037900691955975,0.0,0.0,0.0,0.0,0.8009324988006844,0.022730531779956178,0.09595796249979967
TCGA-P5-A780-01A,nnls,0.1626152044010861,0.0,0.0,0.0,0.0,0.5840378771096701,0.1618671190782836,0.09147979941096013
TCGA-P5-A781-01A,nnls,0.15462776423691751,0.0,0.0,0.0,0.0,0.6275300035182412,0.08569197746715863,0.13215025477768266
TCGA-QH-A65R-01A,nnls,0.20878966459120155,0.0,0.0,0.0,0.0,0.6323320434412647,0.059651622242227115,0.09922666972530655
TCGA-QH-A65S-01A,nnls,0.2504505224334548,0.0,0.0,0.0,0.0,0.5504097254930322,0.11855587742285889,0.08058387465065403
TCGA-QH-A65V-01A,nnls,0.23594132539503349,0.0,0.0,0.0,0.0,0.5086521060470608,0.13770402600690376,0.11770254255100211
TCGA-QH-A65X-01A,nnls,0.20763486924477065,0.0,0.0,0.0,0.0,0.6610583970846641,0.03650495900284404,0.09480177466772105
TCGA-QH-A65Z-01A,nnls,0.1325109283480476,0.0,0.0,0.0,0.0,0.7292468921218439,0.04100442299555801,0.09723775653455043
TCGA-QH-A6CS-01A,nnls,0.3031674938077413,0.0,0.0,0.0,0.0,0.0,0.19021267789713547,0.5066198282951232
TCGA-QH-A6CU-01A,nnls,0.270271244349235,0.0,0.0,0.0,0.0,0.5210198604627442,0.08364310988092162,0.12506578530709928
TCGA-QH-A6CV-01A,nnls,0.3140858930084067,0.001571550984064354,0.0,0.0,0.0,0.5627985510023338,0.041713921216435204,0.07983008378875993
TCGA-QH-A6CW-01A,nnls,0.6641651508302565,0.0,0.0,0.0,0.0,0.11560791062958113,0.021874306567673987,0.19835263197248837
TCGA-QH-A6CX-01A,nnls,0.5897116718593126,0.0,0.0,0.0,0.0,0.0,0.1280232525011424,0.282265075639545
TCGA-QH-A6CY-01A,nnls,0.04957006593384158,0.0,0.0,0.0,0.0,0.7012420146076147,0.12892069535961725,0.12026722409892651
TCGA-QH-A6CZ-01A,nnls,0.13637698419486058,0.0,0.0,0.0,0.0,0.5580201612086138,0.08916547098046833,0.21643738361605733
TCGA-QH-A6X3-01A,nnls,0.13740246223169428,0.0,0.0,0.0,0.0,0.7359558055335238,0.04714550922671423,0.07949622300806772
TCGA-QH-A6X4-01A,nnls,0.18968732397935362,0.0,0.0,0.0,0.0,0.5268234882623035,0.20797079906429697,0.07551838869404584
TCGA-QH-A6X5-01A,nnls,0.10110060075867265,0.0,0.0,0.0,0.0,0.6674172531834275,0.12590658277818104,0.10557556327971875
TCGA-QH-A6X8-01A,nnls,0.15570706349168514,0.0,0.0,0.0,0.0,0.5916836263580155,0.15014915698747922,0.1024601531628201
TCGA-QH-A6X9-01A,nnls,0.19194711896649694,0.0,0.0,0.0,0.0,0.5737832072348468,0.057776076010127075,0.17649359778852933
TCGA-QH-A6XA-01A,nnls,0.22247305351941535,0.0,0.0,0.0,0.0,0.5857759240857524,0.08308421506551837,0.10866680732931387
TCGA-QH-A6XC-01A,nnls,0.6109460114414977,0.0,0.0,0.0,0.0,0.0,0.07645064080454077,0.3126033477539614
TCGA-QH-A86X-01A,nnls,0.11223638208526598,0.0,0.0,0.0,0.0,0.7901263752365918,0.013786077914320379,0.08385116476382172
TCGA-QH-A870-01A,nnls,0.16748650985795627,0.0,0.0,0.0,0.0,0.6940776822663951,0.011180749399102336,0.12725505847654617
TCGA-R8-A6MK-01A,nnls,0.12696163083419268,0.0,0.0,0.0,0.0,0.8181058192295114,0.008610362287757392,0.046322187648538404
TCGA-R8-A6ML-01A,nnls,0.21101241164843154,0.0,0.0,0.0,0.0,0.6503327490381746,0.042787794940498274,0.09586704437289555
TCGA-R8-A6MO-01A,nnls,0.14865199881340646,0.0,0.0,0.0,0.0,0.6095438064223537,0.17076043967317364,0.07104375509106618
TCGA-R8-A6YH-01A,nnls,0.25647213544545827,0.0,0.0,0.0,0.0,0.6693125336110437,0.012516203831840296,0.061699127111657794
TCGA-RY-A83X-01A,nnls,0.05951832497751722,0.0,0.0,0.0,0.0,0.8051393325038296,0.07539589441942239,0.05994644809923083
TCGA-RY-A83Y-01A,nnls,0.16052361283053745,0.0,0.0,0.0,0.0,0.7196466273028697,0.03645081268143343,0.0833789471851595
TCGA-RY-A83Z-01A,nnls,0.5534501712983162,0.0,0.0,0.0,0.0,0.1760838778332498,0.07996512241900104,0.19050082844943297
TCGA-RY-A840-01A,nnls,0.16757390025052576,0.0,0.0,0.0,0.0,0.6394291540458736,0.04282749818632022,0.15016944751728037
TCGA-RY-A843-01A,nnls,0.16360412747130942,0.0,0.0,0.0,0.0,0.7201712063263787,0.010690297264497767,0.10553436893781418
TCGA-RY-A845-01A,nnls,0.23892288273822662,0.0,0.0,0.0,0.0,0.5619563056118656,0.04092790846881406,0.15819290318109372
TCGA-RY-A847-01A,nnls,0.1507096133232871,0.0,0.0,0.0,0.0,0.7339321746126103,0.028552837853468578,0.08680537421063392
TCGA-S9-A6TS-01A,nnls,0.21297389763111158,0.0,0.0,0.0,0.0,0.582021810727655,0.03669786209362833,0.16830642954760494
TCGA-S9-A6TU-01A,nnls,0.30589750642902563,0.0,0.0,0.0,0.0,0.4731290727027997,0.12344700178944601,0.09752641907872867
TCGA-S9-A6TV-01A,nnls,0.3853970287305446,0.04211013280228307,0.0,0.0,0.0,0.4121390153315676,0.0,0.16035382313560478
TCGA-S9-A6TW-01A,nnls,0.1307356453835398,0.0,0.0,0.0,0.0,0.712153384040123,0.07249924895883891,0.08461172161749826
TCGA-S9-A6TX-01A,nnls,0.1883966056947055,0.0,0.0,0.0,0.0,0.5299922749134084,0.16062541912220002,0.12098570026968611
TCGA-S9-A6TY-01A,nnls,0.15162383552940736,0.0,0.0,0.0,0.0,0.43566512373834376,0.22257529221412367,0.19013574851812529
TCGA-S9-A6TZ-01A,nnls,0.31143896843489977,0.0,0.0,0.0,0.0,0.4836367327936036,0.0,0.20492429877149662
TCGA-S9-A6U0-01A,nnls,0.20588446618536185,0.0,0.0,0.0,0.0,0.722450117432012,0.0,0.07166541638262613
TCGA-S9-A6U1-01A,nnls,0.12982994475086126,0.0,0.0,0.0,0.0,0.6603524244051909,0.1416377992796164,0.06817983156433147
TCGA-S9-A6U2-01A,nnls,0.18933790760505687,0.0,0.0,0.0,0.0,0.7138216189589973,0.0,0.09684047343594582
TCGA-S9-A6U5-01A,nnls,0.22641493315489236,0.0,0.0,0.0,0.0,0.6211404566304606,0.009632783044929077,0.14281182716971794
TCGA-S9-A6U6-01A,nnls,0.25365402804039006,0.0,0.0,0.0,0.0,0.5920772136367662,0.033529874179662585,0.1207388841431811
TCGA-S9-A6U8-01A,nnls,0.28503114553242864,0.0,0.0,0.0,0.0,0.5429367978534158,0.09398629208935678,0.07804576452479889
TCGA-S9-A6U9-01A,nnls,0.512608368702601,0.0,0.0,0.0,0.0,0.29048726423360494,0.07326903433046997,0.12363533273332405
TCGA-S9-A6UA-01A,nnls,0.25370736905716373,0.02240456133188442,0.0,0.0,0.0,0.6556750222197136,0.010764739278115545,0.05744830811312263
TCGA-S9-A6UB-01A,nnls,0.11870029144237429,0.0,0.0,0.0,0.0,0.690048149334452,0.12236241269976568,0.06888914652340808
TCGA-S9-A6WD-01A,nnls,0.407167872591611,0.0,0.0,0.0,0.0,0.35168420549521584,0.12051623477903115,0.12063168713414198
TCGA-S9-A6WE-01A,nnls,0.1014850782750614,0.0,0.0,0.0,0.0,0.8118579254585953,0.030273779208574155,0.05638321705776919
TCGA-S9-A6WG-01A,nnls,0.3733571366579256,0.0,0.0,0.0,0.0,0.554106806406455,0.0,0.07253605693561938
TCGA-S9-A6WH-01A,nnls,0.2430768628513895,0.0,0.0,0.0,0.0,0.6008072648488207,0.05712273039231466,0.09899314190747507
TCGA-S9-A6WI-01A,nnls,0.0,0.0,0.04202499428029416,0.0,0.6911373762176826,0.0295609573647562,0.1499598974646373,0.08731677467262976
TCGA-S9-A6WL-01A,nnls,0.20158837286761624,0.0,0.0,0.0,0.0,0.6184942207396891,0.013047605706994217,0.16686980068570054
TCGA-S9-A6WM-01A,nnls,0.4767243081805072,0.0,0.0,0.0,0.0,0.4101276713100316,0.0,0.11314802050946117
TCGA-S9-A6WN-01A,nnls,0.622605862712585,0.0,0.0,0.0,0.0,0.0,0.0,0.37739413728741494
TCGA-S9-A6WO-01A,nnls,0.35434413479631377,0.0,0.0,0.0,0.0,0.5498265032191016,0.013592963953463622,0.082236398031121
TCGA-S9-A6WP-01A,nnls,0.28911868665160617,0.0,0.0,0.0,0.0,0.4799911147519956,0.12978788674893238,0.10110231184746588
TCGA-S9-A6WQ-01A,nnls,0.2877412677444971,0.0,0.0,0.0,0.0,0.3864668555259614,0.20451194841803877,0.12127992831150262
TCGA-S9-A7IQ-01A,nnls,0.08774176978839653,0.0,0.0,0.0,0.0,0.6150899512623798,0.061208249330608464,0.23596002961861523
TCGA-S9-A7IS-01A,nnls,0.16691600819789926,0.0,0.0,0.0,0.12798664720753603,0.5611623824670178,0.12660631330516503,0.017328648822381845
TCGA-S9-A7IX-01A,nnls,0.5922946522433168,0.0,0.0,0.0,0.0,0.1773743283952501,0.012973052480007463,0.21735796688142547
TCGA-S9-A7IY-01A,nnls,0.18690198981728537,0.0,0.0,0.0,0.0,0.7202061452309413,0.009691967515405065,0.08319989743636838
TCGA-S9-A7IZ-01A,nnls,0.4466829510952017,0.0,0.0,0.0,0.0,0.18090485280058188,0.04810598894872907,0.3243062071554873
TCGA-S9-A7J0-01A,nnls,0.2658048742694131,0.0,0.0,0.0,0.0,0.5833597314692216,0.05974544423478428,0.09108995002658105
TCGA-S9-A7J1-01A,nnls,0.09597663156505139,0.0,0.0,0.0,0.0,0.7271490840916275,0.06867147935338898,0.10820280498993218
TCGA-S9-A7J2-01A,nnls,0.09779689037255135,0.0,0.0,0.0,0.0,0.8090461740555289,0.015255561145545101,0.07790137442637474
TCGA-S9-A7J3-01A,nnls,0.13393720531223843,0.0,0.0,0.0,0.0,0.7163927299614145,0.06502565694740692,0.08464440777894022
TCGA-S9-A7QW-01A,nnls,0.25097358092396826,0.0,0.0,0.0,0.0,0.4964941994805204,0.08995870321888992,0.16257351637662154
TCGA-S9-A7QX-01A,nnls,0.39943222057355193,0.0,0.0,0.0,0.0,0.47641266240898866,0.04004769218022735,0.08410742483723212
TCGA-S9-A7QY-01A,nnls,0.24950964680010257,0.0,0.0,0.0,0.0,0.43198425491879855,0.2124735401416016,0.10603255813949732
TCGA-S9-A7QZ-01A,nnls,0.13318398303055426,0.0,0.0,0.0,0.0,0.6571802195215949,0.08061652892225304,0.12901926852559786
TCGA-S9-A7R1-01A,nnls,0.10889795584211961,0.0,0.0,0.0,0.0,0.7771434121300941,0.010063628999442175,0.1038950030283441
TCGA-S9-A7R2-01A,nnls,0.5318944706244382,0.0,0.0,0.0,0.0,0.009282047166664163,0.25342349625259875,0.20539998595629885
TCGA-S9-A7R3-01A,nnls,0.2939178150177666,0.0,0.0,0.0,0.0,0.5157304095386667,0.04594193252413471,0.14440984291943185
TCGA-S9-A7R4-01A,nnls,0.13935157156583572,0.0,0.0,0.0,0.0,0.7945786262290814,0.013757664429539474,0.05231213777554337
TCGA-S9-A7R7-01A,nnls,0.49282204641108857,0.0,0.0,0.0,0.0,0.32919442687845063,0.0,0.1779835267104608
TCGA-S9-A7R8-01A,nnls,0.4207661959293583,0.0,0.0,0.0,0.0,0.37060164228727627,0.15366685345805206,0.05496530832531334
TCGA-S9-A89V-01A,nnls,0.32716331788751096,0.0,0.0,0.0,0.0,0.5270411374635064,0.017979283056966253,0.12781626159201642
TCGA-S9-A89Z-01A,nnls,0.4453962022821408,0.0,0.0,0.0,0.0,0.34610730382528593,0.07890704303509188,0.1295894508574815
TCGA-TM-A7C3-01A,nnls,0.3200242091276119,0.0,0.0,0.0,0.0,0.5181335391643499,0.0,0.1618422517080382
TCGA-TM-A7C4-01A,nnls,0.242595325242992,0.0,0.0,0.0,0.0,0.541502863375112,0.0043537494802479895,0.21154806190164807
TCGA-TM-A7C5-01A,nnls,0.24380429597388625,0.0,0.0,0.0,0.0,0.640436954915923,0.04787254971525851,0.06788619939493226
TCGA-TM-A7CA-01A,nnls,0.25716090225043386,0.0,0.0,0.0,0.0,0.5069898405969423,0.1290542376781931,0.10679501947443072
TCGA-TM-A7CF-01A,nnls,0.25050817185840984,0.0,0.0,0.0,0.0,0.2592390772799209,0.05297705299806189,0.4372756978636073
TCGA-TM-A7CF-02A,nnls,0.07222505992329785,0.0,0.0,0.0,0.36108507428478903,0.034229998964106334,0.41061595220672253,0.12184391462108424
TCGA-TM-A84B-01A,nnls,0.6136727526131064,0.0,0.0,0.0,0.0,0.0,0.0,0.38632724738689367
TCGA-TM-A84C-01A,nnls,0.7767649268676086,0.0,0.0,0.0,0.0,0.01787690981751873,0.0,0.20535816331487264
TCGA-TM-A84F-01A,nnls,0.41527304872467613,0.0,0.0,0.0,0.0,0.44793689010450527,0.023539554677888326,0.11325050649293028
TCGA-TM-A84G-01A,nnls,0.19796192531269355,0.0,0.0,0.0,0.0,0.7006093521285588,0.02531542661667169,0.07611329594207598
TCGA-TM-A84H-01A,nnls,0.3222223571386933,0.0,0.0,0.0,0.0,0.49077660565351494,0.0,0.1870010372077918
TCGA-TM-A84I-01A,nnls,0.390412063674265,0.0,0.0,0.0,0.0,0.4824023844931336,0.009987424030070885,0.11719812780253056
TCGA-TM-A84J-01A,nnls,0.26449382175523084,0.01782320980032697,0.0,0.0,0.0,0.6629076513850549,0.023861944994981968,0.030913372064405253
TCGA-TM-A84L-01A,nnls,0.4778686348617965,0.0,0.0,0.0,0.0,0.34626363325156573,0.06184070431235181,0.11402702757428602
TCGA-TM-A84M-01A,nnls,0.25030114430892525,0.0,0.0,0.0,0.0,0.6075670170571104,0.06486523785750922,0.07726660077645515
TCGA-TM-A84O-01A,nnls,0.19672735282544024,0.0,0.0,0.0,0.0,0.7091064097628892,0.02182590053287219,0.07234033687879841
TCGA-TM-A84Q-01A,nnls,0.4078336336950593,0.0,0.0,0.0,0.0,0.4257348539518391,0.08764530687558036,0.07878620547752126
TCGA-TM-A84R-01A,nnls,0.0,0.0,0.0,0.0,0.0,0.554014139497641,0.17099990897647996,0.2749859515258789
TCGA-TM-A84S-01A,nnls,0.17807278849348263,0.0,0.0,0.0,0.0,0.663280847479897,0.02922693441444006,0.12941942961218023
TCGA-TM-A84T-01A,nnls,0.20113860103691922,0.0,0.0,0.0,0.0,0.6894156974960399,0.05539833873150754,0.05404736273553344
TCGA-TQ-A7RF-01A,nnls,0.2449380173560064,0.0,0.0,0.0,0.0,0.5529702207847036,0.02406655866749548,0.17802520319179446
TCGA-TQ-A7RG-01A,nnls,0.1627456235769316,0.0,0.0,0.0,0.0,0.7067356250815985,0.03774296153734989,0.09277578980412016
TCGA-TQ-A7RH-01A,nnls,0.4166639026460134,0.0,0.0,0.0,0.0,0.3625900533990652,0.07974229072306045,0.1410037532318609
TCGA-TQ-A7RI-01A,nnls,0.12735689691831983,0.0,0.0,0.0,0.0,0.7424538505492431,0.0584341049646887,0.0717551475677483
TCGA-TQ-A7RJ-01A,nnls,0.16304703727758738,0.0,0.0,0.0,0.0,0.7430478978281301,0.006128230659001859,0.08777683423528068
TCGA-TQ-A7RK-01A,nnls,0.3562560703268163,0.0,0.0,0.0,0.0,0.4846162123651922,0.07065632260599478,0.08847139470199679
TCGA-TQ-A7RM-01A,nnls,0.4468631739378536,0.0,0.0,0.0,0.0,0.4043510044565638,0.0777193724132842,0.07106644919229826
TCGA-TQ-A7RN-01A,nnls,0.1462235290116634,0.0,0.0,0.0,0.0,0.7246445939349176,0.0415178814629274,0.08761399559049154
TCGA-TQ-A7RO-01A,nnls,0.046834886215701504,0.0,0.0,0.0,0.0,0.8566316673990255,0.004451438404746198,0.09208200798052682
TCGA-TQ-A7RP-01A,nnls,0.27462281943041106,0.0,0.0,0.0,0.0,0.24606925774599747,0.18243565745320037,0.2968722653703911
TCGA-TQ-A7RQ-01A,nnls,0.21147377699227998,0.0,0.0,0.0,0.0,0.5855516644701017,0.016809875719959625,0.18616468281765863
TCGA-TQ-A7RR-01A,nnls,0.20103328054580263,0.0,0.0,0.0,0.0,0.46184472824881684,0.1996501728999639,0.13747181830541666
TCGA-TQ-A7RS-01A,nnls,0.10788749091607736,0.0,0.0,0.0,0.0,0.7695938747577562,0.06130664998291193,0.061211984343254505
TCGA-TQ-A7RU-01A,nnls,0.19397498665905008,0.0,0.0,0.0,0.0,0.7089173175836255,0.044554139673897916,0.05255355608342646
TCGA-TQ-A7RV-01A,nnls,0.2771519908051815,0.0,0.0,0.0,0.0,0.3661448602526891,0.152262485611206,0.20444066333092328
TCGA-TQ-A7RV-02A,nnls,0.6392894716884511,0.0,0.0,0.0,0.0,0.07753019985484566,0.04676403974117663,0.23641628871552678
TCGA-TQ-A7RW-01A,nnls,0.23118038052856377,0.0,0.0,0.0,0.0,0.5923437675800968,0.054020727441978215,0.12245512444936128
TCGA-TQ-A8XE-01A,nnls,0.38464280042599625,0.0,0.0,0.0,0.0,0.35090989339966083,0.10803035471124182,0.15641695146310106
TCGA-TQ-A8XE-02A,nnls,0.46948024899084706,0.0,0.0,0.0,0.0,0.10682178897668057,0.23351382263458043,0.19018413939789197
TCGA-VM-A8C8-01A,nnls,0.40629564674928736,0.0,0.0,0.0,0.0,0.4524306904316936,0.019259327828889984,0.12201433499012897
TCGA-VM-A8C9-01A,nnls,0.6995455598193706,0.0,0.0,0.0,0.0,0.0,0.01733025743642645,0.28312418274420287
TCGA-VM-A8CA-01A,nnls,0.17783404679686235,0.0,0.0,0.0,0.0,0.7194323613691931,0.0,0.10273359183394459
TCGA-VM-A8CB-01A,nnls,0.2873980699536355,0.0,0.0,0.0,0.0,0.5643494729435027,0.02123677698368074,0.1270156801191811
TCGA-VM-A8CD-01A,nnls,0.33831314478174884,0.2622418645108936,0.0,0.0,0.0,0.0,0.0002926689698219757,0.39915232173753556
TCGA-VM-A8CE-01A,nnls,0.10788629124287127,0.0,0.0,0.0,0.0,0.7260862177179338,0.09435786213556988,0.07166962890362512
TCGA-VM-A8CF-01A,nnls,0.655978557722503,0.0,0.0,0.0,0.0,0.0,0.033231064332141444,0.3107903779453556
TCGA-VM-A8CH-01A,nnls,0.38133896839930365,0.0,0.0,0.0,0.0,0.408030492750195,0.07013627004034391,0.1404942688101574
TCGA-VV-A829-01A,nnls,0.12949298179563679,0.0,0.0,0.0,0.0,0.7784880549147762,0.012033432412871428,0.07998553087671557
TCGA-VV-A86M-01A,nnls,0.5050046502350141,0.0,0.0,0.0,0.0,0.4059710423694344,0.051404653896172194,0.03761965349937931
TCGA-VW-A7QS-01A,nnls,0.08178429693992896,0.0,0.0,0.0,0.0,0.8618342254786285,0.014086745020499487,0.042294732560943
TCGA-VW-A8FI-01A,nnls,0.8286795430147323,0.0,0.0,0.0,0.0,0.0,0.051653720701151054,0.11966673628411653
TCGA-W9-A837-01A,nnls,0.06029590794627273,0.0,0.0,0.0,0.0,0.8240841014499045,0.024160710875040063,0.09145927972878273
TCGA-WH-A86K-01A,nnls,0.20929617033107017,0.0,0.0,0.0,0.0,0.6626115678096928,0.016831119466770766,0.11126114239246639
TCGA-WY-A858-01A,nnls,0.3597639919674755,0.0,0.0,0.0,0.0,0.48938841992912047,0.06039300962632132,0.09045457847708277
TCGA-WY-A859-01A,nnls,0.1568576138240361,0.0,0.0,0.0,0.0,0.3340215188416708,0.1711496917315935,0.3379711756026995
TCGA-WY-A85A-01A,nnls,0.1309207185591703,0.0,0.0,0.0,0.0,0.6519172710431538,0.032797098214104536,0.18436491218357146
TCGA-WY-A85B-01A,nnls,0.3358144694745724,0.0,0.0,0.0,0.0,0.5635831377438127,0.05673926842032456,0.043863124361290286
TCGA-WY-A85C-01A,nnls,0.45997478605606906,0.0,0.0,0.0,0.0,0.43021010695323275,0.01750852037539473,0.09230658661530336
TCGA-WY-A85D-01A,nnls,0.5501851121331897,0.0,0.0,0.0,0.0,0.157743058848677,0.048870083171954314,0.24320174584617904
TCGA-WY-A85E-01A,nnls,0.3694977884547857,0.0,0.0,0.0,0.0,0.4413144353221742,0.027602664285581516,0.16158511193745853
TCGA-CS-4938-01B,svr,0.09697102490725262,0.030938625381735214,0.0,0.0,0.0,0.16526797602039273,0.2767501378304212,0.43007223586019816
TCGA-CS-4941-01A,svr,0.2105734467333509,0.06750463476904801,0.0,0.0,0.25326927140908423,0.2720224907285501,0.06814306492977232,0.1284870914301945
TCGA-CS-4942-01A,svr,0.19139385859818486,0.1589168862663254,0.0,0.0,0.0,0.1850814621158893,0.21151514051359802,0.25309265250600244
TCGA-CS-4943-01A,svr,0.3364088093618228,0.030203913062976973,0.0,0.0,0.0,0.34892398558594745,0.14827526681285233,0.13618802517640038
TCGA-CS-4944-01A,svr,0.17054460373062438,0.0,0.0,0.0,0.25364440441858027,0.12798241210316288,0.05824366049694393,0.3895849192506886
TCGA-CS-5390-01A,svr,0.15516778775942358,0.0,0.0,0.0,0.0,0.40703080508168826,0.290999568621178,0.1468018385377102
TCGA-CS-5393-01A,svr,0.06446152335590172,0.04119284144686945,0.0,0.0,0.0,0.37558986701330965,0.24046204167779597,0.27829372650612333
TCGA-CS-5394-01A,svr,0.14696983957253218,0.0,0.0,0.0,0.0,0.65013941945435,0.029548250104345287,0.17334249086877235
TCGA-CS-5395-01A,svr,0.11525532172701695,0.0,0.0,0.0,0.0,0.4201401278415018,0.18135194069398852,0.2832526097374928
TCGA-CS-5396-01A,svr,0.2960398526008845,0.0,0.0,0.0,0.0,0.2868664251702179,0.32209798084850977,0.09499574138038773
TCGA-CS-5397-01A,svr,0.18511365823480502,0.0839248895547234,0.0,0.0,0.0,0.23426121805120292,0.182689993192683,0.3140102409665857
TCGA-CS-6186-01A,svr,0.0400634531787637,0.023401433635373333,0.0,0.0,0.0,0.2886825729081416,0.015589041288670695,0.6322634989890507
TCGA-CS-6188-01A,svr,0.1711277942489881,0.11146548773790642,0.0,0.0,0.0,0.47605292946515454,0.0879427534339544,0.15341103511399662
TCGA-CS-6290-01A,svr,0.10868690476206333,0.13420284878823022,0.0,0.0003300527619416135,0.0,0.20885652082765838,0.2330738982145638,0.3148497746455427
TCGA-CS-6665-01A,svr,0.12481458073663998,0.16395637570558402,0.0,0.0,0.0,0.3331141292819278,0.32513063442863477,0.05298427984721336
TCGA-CS-6666-01A,svr,0.1850524212201046,0.0,0.0,0.0,0.0,0.7159293517347508,0.020283392251523983,0.07873483479362062
TCGA-CS-6667-01A,svr,0.1058177219543366,0.0,0.0,0.0,0.0,0.7169604037476678,0.048442195061260594,0.12877967923673503
TCGA-CS-6668-01A,svr,0.25496359790828416,0.0,0.0,0.0,0.0,0.38832032990849163,0.17902443641186014,0.17769163577136415
TCGA-CS-6669-01A,svr,0.0,0.0,0.0,0.0,0.0,0.36848909070614144,0.23604474676244486,0.3954661625314138
TCGA-CS-6670-01A,svr,0.3284450944400103,0.0,0.0,0.0,0.0,0.2463894300345311,0.10142501308704431,0.3237404624384143
TCGA-DB-5270-01A,svr,0.2492350264422194,0.0,0.0,0.0,0.0,0.17289153663221715,0.20858473764316793,0.3692886992823955
TCGA-DB-5273-01A,svr,0.2793253193759529,0.0010625495140666522,0.0,0.013861206149668497,0.0,0.2733335547200894,0.13763595122760539,0.2947814190126171
TCGA-DB-5274-01A,svr,0.27384115133445225,0.01199787168595478,0.0,0.0,0.0,0.5351488979400698,0.130986334374775,0.0480257446647482
TCGA-DB-5275-01A,svr,0.4453760823994337,0.0,0.0,0.0,0.0,0.1899638298712275,0.04564342542606422,0.3190166623032746
TCGA-DB-5276-01A,svr,0.08827867700801283,0.042718383288741044,0.0,0.0,0.0,0.23947341648024922,0.43245458350484145,0.19707493971815546
TCGA-DB-5277-01A,svr,0.1924977696162928,0.0,0.0,0.0,0.0,0.40141900101123057,0.24504394170271782,0.16103928766975872
TCGA-DB-5278-01A,svr,0.23730351440361966,0.0,0.0,0.0,0.0,0.16230797544263803,0.20834189236063705,0.39204661779310523
TCGA-DB-5280-01A,svr,0.12752634267140703,0.0,0.0,0.0,0.016510361775511073,0.37648362165784777,0.15911625964657938,0.3203634142486549
TCGA-DB-5281-01A,svr,0.2240555258129539,0.0,0.0,0.0,0.0,0.5601701062347432,0.042943649059029726,0.1728307188932733
TCGA-DB-A4X9-01A,svr,0.17383646553871285,0.0,0.0,0.0,0.0,0.2956280738175019,0.12073766767589925,0.4097977929678861
TCGA-DB-A4XA-01A,svr,0.22944980924772723,0.0,0.0,0.0,0.0,0.2817398364122322,0.18702107059070042,0.3017892837493402
TCGA-DB-A4XB-01A,svr,0.4460595034352617,0.0,0.0,0.0,0.0,0.05010927191607996,0.18851995480791245,0.31531126984074603
TCGA-DB-A4XC-01A,svr,0.31808428667347893,0.010485340387717338,0.0,0.0,0.0,0.2463153817021009,0.07784626407119305,0.3472687271655097
TCGA-DB-A4XD-01A,svr,0.08572674849092847,0.0,0.0,0.0,0.0,0.3539363206281049,0.3137768494392784,0.2465600814416882
TCGA-DB-A4XE-01A,svr,0.3518903555600631,0.0,0.0,0.0,0.0,0.15156377839506077,0.216218032457293,0.280327833587583
TCGA-DB-A4XF-01A,svr,0.38314480311270305,0.0,0.0,0.0,0.0,0.35226259791817727,0.04141748492629461,0.2231751140428251
TCGA-DB-A4XG-01A,svr,0.33618436208841845,0.0,0.0,0.0,0.0,0.38596995293313324,0.06529115688973912,0.2125545280887091
TCGA-DB-A4XH-01A,svr,0.0074594328121355665,0.0,0.0,0.0,0.0,0.38480661438526176,0.268181729555074,0.33955222324752876
TCGA-DB-A64L-01A,svr,0.2014042001283398,0.0,0.0,0.0,0.0,0.3518591633521344,0.05458096920527621,0.3921556673142495
TCGA-DB-A64O-01A,svr,0.09124209964878927,0.0034789197474574306,0.0,0.0,0.0,0.19328565249223975,0.2543655371141287,0.45762779099738493
TCGA-DB-A64P-01A,svr,0.2959235405917293,0.0,0.0,0.0,0.0,0.38666529847830683,0.12441877020717099,0.19299239072279292
TCGA-DB-A64Q-01A,svr,0.2494400657699691,0.0,0.0,0.0,0.0,0.20486886089098633,0.19583803641893002,0.34985303692011455
TCGA-DB-A64R-01A,svr,0.4026236383180872,0.0,0.0,0.0,0.0,0.2721655573282012,0.09142135589089058,0.2337894484628211
TCGA-DB-A64S-01A,svr,0.16815479855733587,0.12443073657112387,0.0,0.0,0.0,0.34474301965282167,0.16640317645788952,0.1962682687608291
TCGA-DB-A64U-01A,svr,0.08079442870625808,0.0,0.0,0.0,0.0,0.1700503838126749,0.577479949808113,0.17167523767295412
TCGA-DB-A64V-01A,svr,0.1000828311098952,0.039940806242918014,0.0,0.0,0.0,0.21302595990231088,0.44120114395965737,0.20574925878521855
TCGA-DB-A64W-01A,svr,0.19957859632987443,0.0,0.0,0.0,0.0,0.471308957233436,0.16810962813890656,0.16100281829778285
TCGA-DB-A64X-01A,svr,0.29985100310826723,0.0,0.0,0.0,0.0,0.3351228467741808,0.03283380404937475,0.33219234606817727
TCGA-DB-A75K-01A,svr,0.2344927510166983,0.09718403014035416,0.0,0.0,0.0,0.43224500651801256,0.11053465927364994,0.12554355305128514
TCGA-DB-A75L-01A,svr,0.17471705307034835,0.0003321034630134795,0.0,0.0,0.0,0.5059584173326966,0.13195664027809295,0.18703578585584854
TCGA-DB-A75M-01A,svr,0.2254741837091091,0.0,0.0,0.0,0.0,0.11977036385534862,0.17066733294817243,0.48408811948736996
TCGA-DB-A75O-01A,svr,0.2944960601686424,0.013038468692383526,0.0,0.0,0.0,0.2080918004156046,0.1862411410490221,0.2981325296743475
TCGA-DB-A75P-01A,svr,0.3019504112057399,0.0,0.0,0.0,0.0,0.2124103108336236,0.08904518004380853,0.39659409791682787
TCGA-DH-5140-01A,svr,0.5576128040441046,0.0,0.0,0.0,0.0,0.31417140639367325,0.05477031794563261,0.07344547161658956
TCGA-DH-5142-01A,svr,0.4522320466014438,0.1378087504059188,0.0,0.005623387352087724,0.0,0.2076502172667914,0.019531867620968462,0.17715373075278978
TCGA-DH-5143-01A,svr,0.23529585791967556,0.0,0.0,0.028543983284973703,0.0005191670136437665,0.2350254687955785,0.09544612906056686,0.4051693939255616
TCGA-DH-5144-01A,svr,0.405745301462885,0.0,0.0,0.0,0.0,0.23509270715086727,0.07707480756457863,0.2820871838216691
TCGA-DH-A669-01A,svr,0.4149724951256164,0.0,0.0,0.0,0.0,0.4639207006326313,0.06744698969669395,0.05365981454505846
TCGA-DH-A669-02A,svr,0.36279585373247625,0.0,0.0,0.0,0.0,0.5611525180695679,0.043206350856132385,0.03284527734182357
TCGA-DH-A66B-01A,svr,0.43657171749478374,0.09293629559217628,0.0,0.0,0.1870085406226273,0.13465903620049094,0.0010288061213305504,0.14779560396859112
TCGA-DH-A66D-01A,svr,0.3876060275154022,0.024581190524004516,0.0,0.0,0.0,0.2741778294025758,0.053225015404002506,0.26040993715401495
TCGA-DH-A66F-01A,svr,0.24208042970431204,0.0,0.0,0.0,0.0,0.12732202401580128,0.11156719532878408,0.5190303509511026
TCGA-DH-A66G-01A,svr,0.3534760114550673,0.0,0.0,0.005248246509559294,0.0,0.2749502570737844,0.011402331374291032,0.354923153587298
TCGA-DH-A7UR-01A,svr,0.10708122647241586,0.0,0.0,0.0,0.0,0.7515868798367012,0.03523029299595632,0.10610160069492672
TCGA-DH-A7US-01A,svr,0.16313398395719847,0.0,0.0,0.0,0.0,0.09259769821416512,0.3860972580177226,0.35817105981091385
TCGA-DH-A7UT-01A,svr,0.15667263874543516,0.0,0.0,0.0,0.0,0.2478294820169945,0.3577851021305408,0.2377127771070295
TCGA-DH-A7UU-01A,svr,0.24437940995269297,0.0,0.0,0.0,0.0,0.48584402428148266,0.16598410378410478,0.10379246198171967
TCGA-DH-A7UV-01A,svr,0.11816721341197617,0.060487479710532054,0.0,0.0,0.0,0.3462946348811603,0.2101576086779187,0.2648930633184129
TCGA-DU-5847-01A,svr,0.10587994908254623,0.36091348423892294,0.0,0.0,0.0,0.15283593674601728,0.07390600552527479,0.3064646244072387
TCGA-DU-5849-01A,svr,0.11019527715823556,0.0,0.0,0.0,0.0,0.2539529645544568,0.30129728207907885,0.3345544762082288
TCGA-DU-5851-01A,svr,0.13945945836407073,0.0,0.0,0.0,0.0,0.14574831893364787,0.3671776890586083,0.3476145336436731
TCGA-DU-5852-01A,svr,0.25409381948459453,0.06480440713544192,0.0,0.0,0.0,0.46511643595745333,0.029271302978730523,0.18671403444377957
TCGA-DU-5853-01A,svr,0.1384766551223151,0.06277163398782173,0.0,0.0,0.0,0.30701040994935774,0.18623294056776316,0.30550836037274215
TCGA-DU-5854-01A,svr,0.09020828272692356,0.04699325854198933,0.0,0.004933968091629417,0.0,0.3419291536159338,0.3949082224062419,0.12102711461728194
TCGA-DU-5855-01A,svr,0.3749906012711932,0.033100055963343804,0.0,0.0,0.0,0.31773962721923116,0.04421857189513234,0.22995114365109948
TCGA-DU-5870-02A,svr,0.39662169325089963,0.0,0.0,0.0,0.0,0.3604454914384309,0.09789838420953736,0.14503443110113223
TCGA-DU-5871-01A,svr,0.270322556982361,0.0,0.0,0.0,0.0,0.25317157876437774,0.044824351013207434,0.43168151324005394
TCGA-DU-5872-01A,svr,0.1947281738151205,0.0,0.0,0.0036666235832871034,0.10601075754039832,0.40560122825247735,0.09193029755196924,0.1980629192567474
TCGA-DU-5872-02A,svr,0.019231108522344352,0.13320960056159428,0.04046980760455769,0.0,0.38383659270807785,0.16387973603214573,0.20657911498181136,0.052794039589468905
TCGA-DU-6392-01A,svr,0.32592069673027274,0.02287885608839915,0.0,0.0,0.0,0.5028496469453114,0.09136857447987118,0.05698222575614536
TCGA-DU-6393-01A,svr,0.28249438838660124,0.0,0.0,0.0,0.0,0.5081330026654259,0.07511172991331191,0.13426087903466088
TCGA-DU-6394-01A,svr,0.4147703740067043,0.0,0.0,0.0,0.0,0.4459630458618437,0.008410422380407337,0.1308561577510445
TCGA-DU-6395-01A,svr,0.4103072217537431,0.030488727117046026,0.0,0.0,0.0,0.0,0.22373505443289776,0.335468996696313
TCGA-DU-6396-01A,svr,0.19339648665213707,0.307502413060001,0.0,0.0,0.0,0.272188279998436,0.12337271712278554,0.10354010316664043
TCGA-DU-6397-01A,svr,0.13793322578328124,0.0,0.0,0.0,0.0,0.39177999723155427,0.11660742644385316,0.35367935054131133
TCGA-DU-6397-02A,svr,0.21124643758028983,0.0,0.0,0.0,0.0,0.7111266345444036,0.06946470044864979,0.008162227426656695
TCGA-DU-6399-01A,svr,0.289663225270706,0.0,0.0,0.0,0.0,0.33771941092914115,0.11692185545742177,0.255695508342731
TCGA-DU-6400-01A,svr,0.30243982452709955,0.0,0.0,0.0,0.0,0.44421268332060765,0.056612495420010844,0.1967349967322819
TCGA-DU-6401-01A,svr,0.17115723245067702,0.0,0.0,0.0,0.0,0.6955874302521593,0.007499996828503648,0.12575534046866
TCGA-DU-6402-01A,svr,0.10101907424286519,0.24717963489370884,0.0,0.0,0.0038039822687266967,0.4925765363716535,0.0030644354950240846,0.1523563367280218
TCGA-DU-6403-01A,svr,0.3012009057268428,0.13898846859999392,0.0,0.0,0.0,0.17676459167970676,0.30110858519162,0.08193744880183648
TCGA-DU-6404-01A,svr,0.18526845875492498,0.006558512416264302,0.0,0.0,0.0,0.634371417725841,0.0,0.17380161110296968
TCGA-DU-6405-01A,svr,0.35799987034373293,0.015790598401801324,0.0,0.0,0.0,0.27064323237735904,0.035107074007181126,0.3204592248699255
TCGA-DU-6406-01A,svr,0.4490096196826108,0.0,0.0,0.0,0.0,0.46616306705370547,0.0,0.08482731326368377
TCGA-DU-6407-01A,svr,0.41054271661153446,0.0,0.0,0.0,0.0,0.12422037750498718,0.17443754462313457,0.29079936126034367
TCGA-DU-6408-01A,svr,0.3725124005241145,0.0,0.0,0.0,0.0,0.19706993220896862,0.05065118728453666,0.3797664799823803
TCGA-DU-6410-01A,svr,0.2524919924476734,0.0,0.0,0.0,0.0,0.5951190074184812,0.09511122933952014,0.057277770794325236
TCGA-DU-6542-01A,svr,0.33279854840901507,0.0,0.0,0.0,0.0,0.25197106450852885,0.24530531762750224,0.16992506945495367
TCGA-DU-7006-01A,svr,0.20333670383425256,0.2742819907121243,0.0,0.0,0.0,0.274656344484966,0.0842288235195673,0.16349613744908972
TCGA-DU-7007-01A,svr,0.16778061298490432,0.12549252783968134,0.0,0.0,0.1953966494398915,0.37305646278150983,0.036129314856387436,0.10214443209762544
TCGA-DU-7008-01A,svr,0.405004021353647,0.0,0.0,0.0,0.0,0.2755330914937837,0.06523372942930696,0.2542291577232623
TCGA-DU-7009-01A,svr,0.1076080829969312,0.0,0.0,0.0,0.0,0.25078725215409725,0.46923636723047707,0.1723682976184945
TCGA-DU-7010-01A,svr,0.24321091462486769,0.0,0.0,0.0,0.0,0.3253025968724923,0.31684441349315184,0.11464207500948813
TCGA-DU-7011-01A,svr,0.1049953716330822,0.0645071967623269,0.0,0.0,0.0,0.5336459520501503,0.095945013784654,0.20090646576978652
TCGA-DU-7012-01A,svr,0.14656986831640742,0.0859280125162545,0.0,0.0,0.39893353137572,0.15450445655245895,0.02841689236396231,0.1856472388751969
TCGA-DU-7013-01A,svr,0.45141425854302764,0.06863615077412119,0.0,0.0,0.0,0.37013223797166817,0.031288464467896966,0.07852888824328608
TCGA-DU-7014-01A,svr,0.33165971718699816,0.0,0.0,0.0,0.0,0.5188865432087453,0.03723787564949093,0.11221586395476553
TCGA-DU-7015-01A,svr,0.26544840989600976,0.026380205296423077,0.0,0.0,0.16505351294160686,0.16620004795656576,0.060381622511592584,0.316536201397802
TCGA-DU-7018-01A,svr,0.18337892456730998,0.0,0.0,0.0,0.0,0.663212709068693,0.03902004656350556,0.11438831980049143
TCGA-DU-7019-01A,svr,0.1574970596398644,0.0,0.0,0.0,0.0,0.454897199030038,0.06091793986743617,0.3266878014626614
TCGA-DU-7292-01A,svr,0.2872796996919515,0.0,0.0,0.0,0.0,0.307406294187847,0.07700973527602023,0.3283042708441813
TCGA-DU-7294-01A,svr,0.1930430430929463,0.0,0.0,0.0,0.0,0.2998011904579075,0.30917123535302643,0.19798453109611974
TCGA-DU-7298-01A,svr,0.17420989236144804,0.0,0.0,0.0,0.0,0.2860682316612031,0.3864909738528806,0.15323090212446824
TCGA-DU-7299-01A,svr,0.18389959616479437,0.0,0.0,0.0,0.0,0.19634450224611985,0.3550606397628627,0.264695261826223
TCGA-DU-7300-01A,svr,0.2316738476035236,0.0,0.0,0.0,0.0,0.28297517778121556,0.1750556592630614,0.31029531535219945
TCGA-DU-7301-01A,svr,0.15746927798352323,0.07461286137111052,0.0,0.0,0.0,0.38531652835628755,0.289008453528266,0.09359287876081265
TCGA-DU-7302-01A,svr,0.3601749810325849,0.0,0.0,0.0,0.0,0.2413506535300123,0.0914154376437699,0.3070589277936329
TCGA-DU-7304-01A,svr,0.21125124593927672,0.0,0.0,0.0,0.0,0.3847480832264521,0.11696319434375986,0.28703747649051137
TCGA-DU-7304-02A,svr,0.4453302079843823,0.0,0.0,0.0,0.0,0.4502154804573126,0.03370330543301779,0.07075100612528734
TCGA-DU-7306-01A,svr,0.2302047682015117,0.0,0.0,0.01874032729493916,0.0,0.3997881794621361,0.08954666934519856,0.26172005569621454
TCGA-DU-7309-01A,svr,0.2511144020633232,0.0,0.0,0.0,0.0,0.3748639713046901,0.06040023387578753,0.3136213927561991
TCGA-DU-8158-01A,svr,0.2591555388820025,0.020896253097349944,0.0,0.0,0.0,0.15464468197919953,0.37222192749370697,0.19308159854774098
TCGA-DU-8161-01A,svr,0.11629682067085556,0.12727910862045536,0.0,0.0,0.0,0.20948934801878663,0.08949019673055975,0.45744452595934265
TCGA-DU-8162-01A,svr,0.0007255394763603887,0.0,0.0,0.0,0.0,0.23933549486456795,0.4942356192789146,0.2657033463801572
TCGA-DU-8163-01A,svr,0.1601537282834315,0.0312630120174472,0.0,0.0,0.0,0.2571640554065526,0.36426037063422817,0.18715883365834057
TCGA-DU-8164-01A,svr,0.26140718493903736,0.0,0.0,0.0,0.0,0.3981527397776575,0.07701894799706441,0.2634211272862408
TCGA-DU-8165-01A,svr,0.11589209630737309,0.13207989734560746,0.0,0.0,0.3512548408387925,0.27420615254484904,0.05945408297146347,0.0671129299919144
TCGA-DU-8166-01A,svr,0.2808970493357987,0.10105252432686802,0.0,0.0,0.0,0.2518777824193939,0.06746915530533026,0.2987034886126091
TCGA-DU-8167-01A,svr,0.1360604234639551,0.05972989666385667,0.0,0.06050305272138779,0.0,0.3654535924648749,0.26375173595500073,0.11450129873092471
TCGA-DU-8168-01A,svr,0.35285520816780225,0.0,0.0,0.0,0.0,0.4642788446873626,0.05577844349541856,0.12708750364941646
TCGA-DU-A5TP-01A,svr,0.28638258803955313,0.4043459019412966,0.0,0.0,0.0,0.20094822044174138,0.06284491516044624,0.04547837441696265
TCGA-DU-A5TR-01A,svr,0.10693667701880527,0.23775662253474864,0.0,0.04139568531012753,0.21219790259201618,0.21547470410855968,0.08841092418107717,0.09782748425466557
TCGA-DU-A5TS-01A,svr,0.07609448043525596,0.0,0.0,0.0,0.0,0.4087517093564593,0.35363967208138597,0.16151413812689888
TCGA-DU-A5TT-01A,svr,0.22518010402053257,0.0012291582189298729,0.0,0.0,0.0,0.40191694338467016,0.1714779529216667,0.20019584145420058
TCGA-DU-A5TU-01A,svr,0.40045215643923293,0.1259451541634926,0.0,0.0,0.0,0.280724961737862,0.012564245691350846,0.18031348196806163
TCGA-DU-A5TW-01A,svr,0.23043562762253575,0.0,0.0,0.0,0.0,0.46418946354809015,0.12371797425655397,0.18165693457282026
TCGA-DU-A5TY-01A,svr,0.2195092288597026,0.4299616715275685,0.0,0.0,0.0,0.15466266635413178,0.054477642323577276,0.1413887909350197
TCGA-DU-A6S2-01A,svr,0.1838453678566392,0.0,0.0,0.0,0.0,0.29831876607511204,0.24977567098942113,0.2680601950788277
TCGA-DU-A6S3-01A,svr,0.2966852045172084,0.0,0.0,0.0,0.0,0.32557676683524095,0.16890843186922674,0.20882959677832402
TCGA-DU-A6S6-01A,svr,0.41413992626438145,0.0,0.0,0.0,0.0,0.18104787667413183,0.0686302560841204,0.33618194097736626
TCGA-DU-A6S7-01A,svr,0.13694776347393095,0.06736932158278007,0.0,0.0,0.0,0.3821784951517387,0.25597625624547915,0.15752816354607113
TCGA-DU-A6S8-01A,svr,0.3962344125759055,0.0,0.0,0.0,0.0,0.30725279780892256,0.21650996834845082,0.08000282126672095
TCGA-DU-A76K-01A,svr,0.2220693961640009,0.0,0.0,0.0,0.0,0.2831945325344063,0.062179227032657616,0.4325568442689352
TCGA-DU-A76L-01A,svr,0.18775402343885833,0.1369286076982898,0.0,0.0,0.0,0.5348878912890036,0.10584944274365393,0.03458003483019439
TCGA-DU-A76O-01A,svr,0.27438560049969735,0.14087767043752153,0.0,0.0,0.0,0.29727271698627467,0.05486141731045636,0.23260259476605
TCGA-DU-A76R-01A,svr,0.16114606482041044,0.0,0.0,0.0,0.0,0.2977344698740717,0.061523605834093165,0.47959585947142475
TCGA-DU-A7T6-01A,svr,0.2617455646010559,0.0,0.0,0.0,0.0,0.49980721260144595,0.16982644181532577,0.06862078098217252
TCGA-DU-A7T8-01A,svr,0.5317632799976897,0.0,0.0,0.0,0.0,0.27378712770367997,0.034772703873573764,0.15967688842505667
TCGA-DU-A7TA-01A,svr,0.31499004510754885,0.08599331896217922,0.0,0.0,0.0,0.5024790834486196,0.013385041514448998,0.08315251096720347
TCGA-DU-A7TB-01A,svr,0.008254917777133301,0.0,0.0,0.0,0.0,0.07229667340604902,0.8804876773552954,0.038960731461522166
TCGA-DU-A7TC-01A,svr,0.2903305143441714,0.0,0.0,0.0,0.0,0.36913043113626864,0.06648216439616099,0.2740568901233989
TCGA-DU-A7TD-01A,svr,0.34468360439652823,0.1823012324846136,0.0,0.0,0.0,0.3872727964969316,0.028592488366881094,0.05714987825504554
TCGA-DU-A7TG-01A,svr,0.0189594109969128,0.015546314873088581,0.0,0.0,0.0,0.39379368693545713,0.1423949486115148,0.4293056385830267
TCGA-DU-A7TI-01A,svr,0.287369543250709,0.053171589474360625,0.0,0.0,0.07797764235131525,0.1856689114920458,0.10797356014474893,0.2878387532868202
TCGA-DU-A7TJ-01A,svr,0.5451174225596651,0.0,0.0,0.0,0.0,0.35046997521235695,0.009591029027064648,0.0948215732009132
TCGA-E1-5302-01A,svr,0.37519634485228265,0.013713511503852974,0.0,0.0,0.0,0.21204552371075938,0.11072409283065081,0.2883205271024542
TCGA-E1-5303-01A,svr,0.11708992345957098,0.14945782789800938,0.0,0.0043093016232239505,0.0,0.1398252630754452,0.3465099645329101,0.24280771941084026
TCGA-E1-5304-01A,svr,0.4551815206606228,0.0,0.0,0.0,0.0,0.301406664199564,0.20294762733127425,0.04046418780853888
TCGA-E1-5305-01A,svr,0.15050564576622819,0.017181820833275043,0.0,0.0018093244368960226,0.0,0.3005148364946064,0.17611919261324308,0.3538691798557512
TCGA-E1-5307-01A,svr,0.10005353980664329,0.05270434716653322,0.0,0.0,0.0,0.16701939438887997,0.18881286177748852,0.49140985686045513
TCGA-E1-5311-01A,svr,0.2787275196727025,0.0,0.0,0.0,0.0,0.47024272509599774,0.06096998362950608,0.19005977160179363
TCGA-E1-5318-01A,svr,0.10783403427245009,0.0,0.0,0.0,0.0,0.8459909139830036,0.025486712124392612,0.020688339620153675
TCGA-E1-5319-01A,svr,0.1108253698284508,0.0,0.0,0.0,0.0,0.2810788920894042,0.32490152972364156,0.2831942083585035
TCGA-E1-5322-01A,svr,0.38523899895525465,0.15043980047909475,0.0,0.0,0.0,0.24836062054397728,0.0787661191269065,0.13719446089476678
TCGA-E1-A7YD-01A,svr,0.4352801755211648,0.0,0.0,0.0,0.0,0.3719675250708112,0.009793076248141935,0.18295922315988206
TCGA-E1-A7YE-01A,svr,0.23518635108119554,0.11133730637565474,0.0,0.0,0.0,0.4793679997451626,0.04853259665981417,0.12557574613817285
TCGA-E1-A7YH-01A,svr,0.10700462236190274,0.0,0.0,0.0,0.0,0.30031852938438797,0.391958044000101,0.20071880425360838
TCGA-E1-A7YI-01A,svr,0.29750660926970107,0.013399289508190035,0.0,0.0,0.0,0.5383883484613415,0.1337888377302072,0.016916915030560184
TCGA-E1-A7YJ-01A,svr,0.43023937896194386,0.0,0.0,0.0,0.0,0.37983436646212,0.08513173573735618,0.1047945188385799
TCGA-E1-A7YK-01A,svr,0.06627271477399876,0.12817886707553205,0.0,0.0,0.0,0.24419119420054564,0.46950302029666835,0.09185420365325522
TCGA-E1-A7YL-01A,svr,0.4159671858236575,0.18919035701520723,0.0,0.0,0.0,0.26793061599847307,0.01594234526125757,0.11096949590140459
TCGA-E1-A7YM-01A,svr,0.03359710153926239,0.0,0.0,0.0027613614974918415,0.0,0.18351773317528372,0.5502335782316345,0.2298902255563275
TCGA-E1-A7YN-01A,svr,0.034991740392042156,0.39009961573737895,0.011336648412208671,0.0,0.0873589754988573,0.30310358363231,0.0981850224854453,0.07492441384175766
TCGA-E1-A7YO-01A,svr,0.12756608529723304,0.0,0.0,0.0,0.0,0.6171343735510255,0.03575927274171639,0.2195402684100251
TCGA-E1-A7YQ-01A,svr,0.15496511761955747,0.24646875062894277,0.0,0.0,0.0,0.5112164307545737,0.0,0.08734970099692604
TCGA-E1-A7YS-01A,svr,0.3158768507751339,0.0,0.0,0.0,0.0,0.4599289343928713,0.11048957595414856,0.11370463887784624
TCGA-E1-A7YU-01A,svr,0.19195880070141644,0.0,0.0,0.0,0.0,0.30196858883635125,0.24830448747172312,0.257768122990509
TCGA-E1-A7YV-01A,svr,0.24052978504012887,0.0,0.0,0.0,0.0,0.6195225606545186,0.04415581018056576,0.0957918441247867
TCGA-E1-A7YW-01A,svr,0.28522529240861966,0.0,0.0,0.0,0.0,0.2062168893450618,0.11637811516181058,0.3921797030845079
TCGA-E1-A7YY-01A,svr,0.040030644341118235,0.006844622315552246,0.0,0.0,0.0,0.3302972716209073,0.13446607775777206,0.4883613839646503
TCGA-E1-A7Z2-01A,svr,0.09431947526807087,0.0,0.0,0.0,0.0,0.1874906416649351,0.15761078049115088,0.560579102575843
TCGA-E1-A7Z3-01A,svr,0.12444057714318918,0.0,0.0,0.0,0.0,0.33103449850769967,0.10035558158370748,0.4441693427654036
TCGA-E1-A7Z4-01A,svr,0.260910008489197,0.0,0.0,0.0,0.0,0.1592109052212081,0.04836372545763985,0.5315153608319549
TCGA-E1-A7Z6-01A,svr,0.12277400668107119,0.0,0.0,0.0,0.0,0.1505663830058798,0.04606136166084127,0.6805982486522079
TCGA-EZ-7264-01A,svr,0.1832139881873793,0.0,0.0,0.0,0.0,0.2706655340279972,0.23358306198170894,0.31253741580291455
TCGA-F6-A8O3-01A,svr,0.36759937359133077,0.0,0.0,0.0,0.0,0.37729245145198764,0.03694541600024088,0.21816275895644066
TCGA-F6-A8O4-01A,svr,0.17236199805720798,0.0,0.0,0.0,0.0,0.305104357269298,0.12078065747584428,0.40175298719764974
TCGA-FG-5962-01B,svr,0.2754852696756278,0.0,0.0,0.0,0.0,0.24618356551997497,0.09738967963829873,0.38094148516609855
TCGA-FG-5963-01A,svr,0.08387718322770536,0.3057894960448955,0.0,0.0,0.0,0.19833106005015363,0.33309520201551973,0.07890705866172569
TCGA-FG-5963-02A,svr,0.1895752842003889,0.0,0.0,0.0,0.0,0.7463704925077274,0.06405422329188366,0.0
TCGA-FG-5964-01A,svr,0.15529853190169052,0.1860780363397466,0.0,0.0,0.0,0.323723605071884,0.1579497983251628,0.17695002836151616
TCGA-FG-5965-01B,svr,0.24975061257189052,0.0,0.0,0.0,0.0,0.3470106038517943,0.06746379251610748,0.33577499106020775
TCGA-FG-6688-01A,svr,0.09672044694760557,0.16855057992545952,0.0,0.0,0.0,0.23012038314069513,0.32569785367641396,0.17891073630982587
TCGA-FG-6689-01A,svr,0.22075181198995755,0.0,0.0,0.0,0.0,0.16892562392704316,0.1898649069585825,0.4204576571244169
TCGA-FG-6690-01A,svr,0.17735414167386793,0.045947334494821496,0.0,0.0,0.0,0.2608709923960226,0.0937114229374853,0.4221161084978027
TCGA-FG-6691-01A,svr,0.14181946857983063,0.14212467466937012,0.0,0.0,0.0,0.4432676789461393,0.07203053722543792,0.20075764057922202
TCGA-FG-6692-01A,svr,0.4907238013240613,0.0,0.0,0.0,0.0,0.4715638815222583,0.0021093792206762774,0.03560293793300403
TCGA-FG-7634-01A,svr,0.15345038220538515,0.07673070824662297,0.0,0.0,0.0,0.5022701584853143,0.1811197435859923,0.08642900747668514
TCGA-FG-7636-01A,svr,0.38436087984071743,0.0,0.0,0.0,0.05121823659454249,0.09168804264256793,0.16111609112593314,0.311616749796239
TCGA-FG-7638-01B,svr,0.1369219501544619,0.0,0.0,0.0,0.0,0.24325519635945642,0.15424528970507892,0.4655775637810027
TCGA-FG-7641-01B,svr,0.23313671571711148,0.0,0.0,0.0,0.0,0.09041491587893535,0.35972561495125455,0.3167227534526988
TCGA-FG-7643-01A,svr,0.047349337924395316,0.0,0.0,0.0,0.0,0.3346892740154077,0.36776346678202565,0.2501979212781712
TCGA-FG-8181-01A,svr,0.017139518566442014,0.0,0.0,0.0,0.0,0.512979937948735,0.05432917095061032,0.41555137253421265
TCGA-FG-8182-01A,svr,0.038021471893676106,0.06643285109111718,0.0,0.00019933762779406034,0.0,0.27138935813462445,0.4650630169262787,0.1588939643265096
TCGA-FG-8185-01A,svr,0.3184552929770225,0.0,0.0,0.0,0.0,0.437887073144003,0.05155970275517566,0.19209793112379886
TCGA-FG-8186-01A,svr,0.29519309685272377,0.01218289191967032,0.0,0.0,0.0,0.24036741750415808,0.11989240376910099,0.33236418995434697
TCGA-FG-8187-01A,svr,0.07126022994012803,0.0,0.0,0.0,0.0,0.1135014487539704,0.6015704244848227,0.21366789682107878
TCGA-FG-8188-01A,svr,0.049663359089226776,0.0,0.036101692656609126,0.0,0.0,0.27758835452989844,0.4343190439063298,0.2023275498179359
TCGA-FG-8191-01A,svr,0.12094824724497927,0.00438032171697147,0.0,0.0,0.0,0.2153274396730216,0.4393793562625605,0.2199646351024672
TCGA-FG-A4MT-01A,svr,0.23449385590663513,0.0,0.0,0.0,0.0,0.5003776708342013,0.08275685042229118,0.18237162283687253
TCGA-FG-A4MT-02A,svr,0.20705029635590674,0.0,0.0,0.0,0.0,0.2676884615135853,0.2165162392809062,0.3087450028496018
TCGA-FG-A4MW-01A,svr,0.2992995918289803,0.0,0.0,0.0,0.0,0.3487333343694643,0.21277517468750706,0.13919189911404836
TCGA-FG-A4MX-01A,svr,0.38505403510754366,0.0,0.0,0.0,0.0,0.5320109421094156,0.0021565620123939117,0.08077846077064679
TCGA-FG-A4MY-01A,svr,0.14015094438232473,0.0,0.0,0.0,0.0,0.24215140158077833,0.40024933063460305,0.21744832340229397
TCGA-FG-A60J-01A,svr,0.30554640089588503,0.0017879924409637375,0.0,0.0,0.0,0.08428936035883473,0.20222605938553317,0.40615018691878324
TCGA-FG-A60K-01A,svr,0.1831604941041256,0.0,0.0,0.0,0.0,0.2083598435588611,0.13742065271509168,0.47105900962192154
TCGA-FG-A60L-01A,svr,0.15885023425894368,0.08009407296329045,0.0,0.0,0.0,0.3202250945425682,0.2720637130513446,0.1687668851838531
TCGA-FG-A6IZ-01A,svr,0.4692811275745598,0.0,0.0,0.0,0.0,0.2649485315486955,0.0430694824389895,0.22270085843775525
TCGA-FG-A6J1-01A,svr,0.2914009234448781,0.0,0.0,0.0,0.0,0.37653385955110846,0.03021133572129229,0.3018538812827211
TCGA-FG-A6J3-01A,svr,0.24999652810147047,0.15232385438558016,0.0,0.0,0.0,0.37132740823102134,0.1877309084289065,0.038621300853021436
TCGA-FG-A70Y-01A,svr,0.1324253283819544,0.0,0.0,0.0,0.0,0.174226439512158,0.3037970241246137,0.3895512079812739
TCGA-FG-A70Z-01A,svr,0.3279377213312321,0.027633791971243122,0.0,0.0,0.0,0.47341016591792884,0.021293131354480476,0.14972518942511537
TCGA-FG-A710-01A,svr,0.2825263669178185,0.21815078430832452,0.0,0.0,0.0,0.23027585623430316,0.030542632461633235,0.23850436007792059
TCGA-FG-A711-01A,svr,0.2450592336026439,0.0,0.0,0.0,0.0,0.25861120566651224,0.06413447942743543,0.4321950813034084
TCGA-FG-A713-01A,svr,0.13568600485016633,0.0,0.0,0.0,0.0,0.2426208796942777,0.3213960820225276,0.3002970334330283
TCGA-FG-A87N-01A,svr,0.40422381320907397,0.07637124768076843,0.0,0.0,0.0,0.4273949965612353,0.058120994986043895,0.03388894756287843
TCGA-FG-A87Q-01A,svr,0.06423661969607414,0.10327980681775219,0.0,0.0,0.0,0.3521557505994011,0.3163604488804346,0.1639673740063379
TCGA-FN-7833-01A,svr,0.16454558580414907,0.13091170416731837,0.0,0.008881923273902952,0.0,0.3708068015899768,0.05672580171984178,0.26812818344481093
TCGA-HT-7467-01A,svr,0.04548857713582795,0.0,0.0,0.0,0.0,0.15076864838354476,0.6239746169991124,0.17976815748151492
TCGA-HT-7468-01A,svr,0.274729924127274,0.0,0.0,0.0,0.0,0.32597031541666854,0.1092178561380707,0.2900819043179868
TCGA-HT-7469-01A,svr,0.5434816520355157,0.0,0.0,0.0,0.0,0.20190861953239247,0.0896376882496372,0.16497204018245468
TCGA-HT-7470-01A,svr,0.13952649133586723,0.0,0.0,0.0,0.0,0.20191442158264478,0.38726917487038703,0.27128991221110105
TCGA-HT-7471-01A,svr,0.29397800762939963,0.10327289254352823,0.0,0.0,0.0,0.35644099067858886,0.06861904209783823,0.1776890670506449
TCGA-HT-7472-01A,svr,0.2775477549509895,0.0,0.0,0.0,0.21278010999791638,0.06385597919991,0.18964193431559145,0.2561742215355927
TCGA-HT-7473-01A,svr,0.11092536206432138,0.08291315223140167,0.0,0.0,0.5739182707164407,0.0630052116194723,0.051409213652507266,0.11782878971585672
TCGA-HT-7474-01A,svr,0.07719884576552802,0.0,0.0,0.0,0.0,0.20427932824462577,0.3700437885822688,0.3484780374075774
TCGA-HT-7475-01A,svr,0.10472694382607813,0.0,0.0,0.0,0.0,0.3362465503189403,0.2175735155971552,0.34145299025782644
TCGA-HT-7476-01A,svr,0.1781266115976108,0.0,0.0,0.0,0.0,0.5431265753823323,0.09270640961198072,0.18604040340807615
TCGA-HT-7477-01B,svr,0.2829427054322588,0.0,0.0,0.0,0.0,0.5843346872470578,0.04793323032058386,0.08478937700009942
TCGA-HT-7478-01A,svr,0.24806159969854014,0.13629930188331962,0.0,0.0,0.0,0.291181318507888,0.04896557058848667,0.27549220932176566
TCGA-HT-7479-01A,svr,0.04308209349048859,0.0017237992905096762,0.0,0.0,0.0,0.1632207228836158,0.5411002069115154,0.25087317742387044
TCGA-HT-7480-01A,svr,0.28554705254722385,0.0,0.0,0.0,0.0,0.2835572300535247,0.15712800367933677,0.2737677137199147
TCGA-HT-7481-01A,svr,0.02398974840775457,0.0,0.0,0.0,0.0,0.23748414650122224,0.5178576951247875,0.22066840996623566
TCGA-HT-7482-01A,svr,0.16881787321498137,0.0,0.01567273607953635,0.0,0.0,0.07809557161277651,0.4432735565923611,0.29414026250034453
TCGA-HT-7483-01A,svr,0.15815472105882858,0.0,0.0,0.0,0.0,0.560219058835888,0.032142189128242585,0.24948403097704083
TCGA-HT-7485-01A,svr,0.08489361921387432,0.0,0.0,0.0,0.0,0.03396938451835221,0.26681527559941143,0.6143217206683621
TCGA-HT-7601-01A,svr,0.14702403568599107,0.13845570382464598,0.0,0.0,0.0,0.17316996478054614,0.3611578892865455,0.18019240642227122
TCGA-HT-7602-01A,svr,0.0,0.0,0.0,0.0,0.0,0.0898338667901505,0.6010531973521822,0.30911293585766736
TCGA-HT-7603-01A,svr,0.07201536856070859,0.0,0.0,0.0,0.0,0.295860607102073,0.30140361957913886,0.3307204047580796
TCGA-HT-7604-01A,svr,0.37189399146704044,0.0,0.0,0.0,0.0,0.34657769650274517,0.07620402096394141,0.205324291066273
TCGA-HT-7605-01A,svr,0.10671854446274465,0.0,0.0,0.0,0.0,0.17221509453557343,0.38797373712214883,0.33309262387953315
TCGA-HT-7606-01A,svr,0.33283310908455527,0.0,0.0,0.0,0.0,0.44805619038211153,0.12203793292385477,0.09707276760947833
TCGA-HT-7607-01A,svr,0.0012453767770751838,0.0,0.00023294113227763792,0.0,0.0,0.31271334381749677,0.24251299867090362,0.44329533960224693
TCGA-HT-7609-01A,svr,0.2903802302437177,0.03837534632407918,0.0,0.0,0.0,0.360063787081387,0.13365566413802626,0.17752497221278987
TCGA-HT-7610-01A,svr,0.0702189153064358,0.0,0.0,0.0,0.0,0.17771511513404045,0.2942325708561181,0.45783339870340556
TCGA-HT-7611-01A,svr,0.2809889102538121,0.02180154173301168,0.0,0.0,0.0,0.1834002703693839,0.1820764420548836,0.33173283558890876
TCGA-HT-7616-01A,svr,0.1528607331324688,0.0,0.0,0.0,0.28399327346742675,0.4596443618947756,0.01577594020816097,0.0877256912971679
TCGA-HT-7620-01A,svr,0.0,0.0,0.0,0.0,0.0,0.1298584724747781,0.7148143902685667,0.15532713725665523
TCGA-HT-7676-01A,svr,0.14194592427682323,0.13962598424148048,0.0,0.0,0.0,0.3100386747006703,0.1614929192693728,0.24689649751165313
TCGA-HT-7677-01A,svr,0.15428071726043008,0.0,0.0,0.0,0.0,0.3005467495727526,0.22211125336779367,0.32306127979902377
TCGA-HT-7680-01A,svr,0.052728234224430244,0.06339485499702964,0.0,0.0,0.18084222824088417,0.18509572692435405,0.012737018846595097,0.5052019367667069
TCGA-HT-7681-01A,svr,0.20570786171702266,0.0,0.0,0.0,0.0,0.23920693893350034,0.18196761891680746,0.37311758043266946
TCGA-HT-7684-01A,svr,0.1114509482786483,0.08964871762931202,0.0,0.0,0.0,0.38058142153357244,0.0760358103377131,0.34228310222075414
TCGA-HT-7686-01A,svr,0.27193736530981705,0.14157152902720221,0.0,0.0,0.0,0.2042034648281918,0.10301351214040144,0.27927412869438745
TCGA-HT-7687-01A,svr,0.2070003012096509,0.0,0.0,0.0,0.0,0.42614543357644424,0.18066624967703748,0.18618801553686729
TCGA-HT-7688-01A,svr,0.1353025504050203,0.0,0.0,0.0,0.0,0.2906909553382321,0.24475044392818157,0.32925605032856603
TCGA-HT-7689-01A,svr,0.1767578482168937,0.0,0.0,0.0,0.0,0.06863231847299783,0.4225586985393623,0.3320511347707461
TCGA-HT-7690-01A,svr,0.2634612736212831,0.019936112025401288,0.0,0.0,0.0,0.4598660069138325,0.12245926886203587,0.13427733857744736
TCGA-HT-7691-01A,svr,0.10095941635876254,0.09390784875764235,0.0,0.0,0.0,0.45045468695181606,0.0,0.3546780479317791
TCGA-HT-7692-01A,svr,0.4547215110225613,0.0,0.0,0.0,0.0,0.27242573365999895,0.11409415911977631,0.1587585961976634
TCGA-HT-7693-01A,svr,0.23641773127188265,0.1895859815071672,0.0,0.0,0.0,0.4817154139627674,0.003864426166180898,0.08841644709200185
TCGA-HT-7694-01A,svr,0.03152742703413288,0.0,0.0,0.0,0.0,0.3740745781481136,0.28374965290589144,0.31064834191186186
TCGA-HT-7695-01A,svr,0.07384791335840729,0.0,0.0,0.0,0.0,0.19875247405482174,0.34096948668807914,0.38643012589869186
TCGA-HT-7854-01A,svr,0.02359642901256018,0.055801210612189255,0.0,0.0,0.0,0.3001166506496234,0.19805879488711667,0.4224269148385105
TCGA-HT-7855-01A,svr,0.146843107312719,0.0,0.0,0.0,0.0,0.5782290981509309,0.0407633017447382,0.2341644927916118
TCGA-HT-7856-01A,svr,0.024261044432698185,0.0,0.0,0.0,0.0,0.3425859788550222,0.29261468735415797,0.34053828935812186
TCGA-HT-7857-01A,svr,0.11501499257456099,0.3024206530556521,0.0,0.0,0.0,0.5099662886988945,0.03660758502064391,0.035990480650248596
TCGA-HT-7858-01A,svr,0.20990625746900804,0.0,0.0,0.0,0.0,0.11078892806983236,0.4412142912656255,0.23809052319553403
TCGA-HT-7860-01A,svr,0.04619886149350443,0.03179233368975455,0.0,0.0,0.2599451577843405,0.38011590795278716,0.0,0.2819477390796134
TCGA-HT-7873-01B,svr,0.09011355855407291,0.00027604507557425496,0.0,0.0,0.0,0.44624614608980623,0.2577408479815925,0.20562340229895415
TCGA-HT-7874-01A,svr,0.0011219252921247406,0.0,0.0,0.0,0.0,0.36537713404130756,0.2531309526277166,0.380369988038851
TCGA-HT-7875-01A,svr,0.2810605419442281,0.0,0.0,0.0,0.0,0.26543552238389784,0.07233756107946036,0.38116637459241376
TCGA-HT-7877-01A,svr,0.04690726000002234,0.0,0.0,0.0,0.0,0.41608202676071476,0.2707099776052828,0.26630073563398016
TCGA-HT-7879-01A,svr,0.2718585020824582,0.0,0.0,0.0,0.0,0.3785696774561904,0.14488760527651018,0.20468421518484134
TCGA-HT-7880-01A,svr,0.07401493166552282,0.0,0.0,0.0006946317886723512,0.0,0.237478430008896,0.38462389781326073,0.3031881087236481
TCGA-HT-7881-01A,svr,0.019057182171602086,0.0,0.0,0.0,0.0,0.12068905694654335,0.5973520230382651,0.2629017378435895
TCGA-HT-7882-01A,svr,0.06312039176409522,0.22773772690151117,0.0,0.0,0.0,0.6492166642200025,0.007140485075464708,0.052784732038926405
TCGA-HT-7884-01B,svr,0.10208554605765191,0.0,0.0,0.0,0.0,0.24318684057741624,0.3526310827616106,0.3020965306033213
TCGA-HT-7902-01A,svr,0.0,0.0,0.01811845227420292,0.0,0.0,0.10371006138202989,0.7561263941304776,0.12204509221328953
TCGA-HT-8010-01A,svr,0.04537653392314651,0.0,0.0,0.0,0.0,0.26130902500746134,0.10893650030314662,0.5843779407662455
TCGA-HT-8011-01A,svr,0.3102355117863045,0.0,0.0,0.0,0.0,0.5524807789278665,0.006962827498590809,0.13032088178723825
TCGA-HT-8012-01A,svr,0.3127058604106423,0.0,0.0,0.0,0.0,0.439483228961532,0.06788427351193685,0.17992663711588877
TCGA-HT-8013-01A,svr,0.25592762833409477,0.36299157292364703,0.0,0.0,0.0,0.14656704626348763,0.096377617098468,0.1381361353803026
TCGA-HT-8015-01B,svr,0.07063164523287858,0.04142825681494898,0.0,0.0,0.0,0.2563804536850834,0.26418666877740393,0.3673729754896849
TCGA-HT-8018-01A,svr,0.16423821098897823,0.028399922858630366,0.0,0.0,0.0,0.540311835116297,0.026306843293092897,0.24074318774300152
TCGA-HT-8104-01A,svr,0.08203572647296535,0.001495332036052057,0.05700171500354753,0.0,0.0,0.5583841477011734,0.12005971679579475,0.181023361990467
TCGA-HT-8105-01A,svr,0.16440964191545568,0.0,0.0,0.0,0.0,0.6460834781745901,0.046654426010055296,0.14285245389989892
TCGA-HT-8106-01A,svr,0.023979476106843915,0.21167850929671156,0.02230752094376272,0.0,0.5594044516222708,0.09122979592480117,0.0696027184950514,0.021797527610558445
TCGA-HT-8107-01A,svr,0.0,0.0,0.0,0.0,0.0,0.41444349600776614,0.34629652755652557,0.23925997643570818
TCGA-HT-8108-01A,svr,0.15853219114508413,0.07388236232255924,0.0,0.0,0.0,0.4482963182671735,0.11071138606162306,0.20857774220356007
TCGA-HT-8109-01A,svr,0.09394831153070653,0.0,0.0,0.0,0.0,0.27676277616074885,0.3200780028113723,0.3092109094971724
TCGA-HT-8110-01A,svr,0.14978019964689512,0.3791777389175206,0.0,0.0,0.0,0.21964390793170369,0.05966551996153168,0.1917326335423489
TCGA-HT-8111-01A,svr,0.13550645182130855,0.0,0.0,0.0,0.0,0.09212126324748858,0.4998230587035205,0.27254922622768235
TCGA-HT-8113-01A,svr,0.004015204113167172,0.0,0.0,0.0,0.0,0.30582080006104645,0.2710033321451607,0.4191606636806257
TCGA-HT-8114-01A,svr,0.25360325141476703,0.010052818562956952,0.0,0.0,0.0,0.415781970599361,0.042263916947798796,0.2782980424751162
TCGA-HT-8563-01A,svr,0.0618636533011061,0.34125348936603284,0.0,0.0,0.10729166071232794,0.4206456991396728,0.003479133825065678,0.06546636365579474
TCGA-HT-8564-01A,svr,0.1603471284866891,0.0019375031107297168,0.0,0.0,0.0,0.4046580891364801,0.15758248600514949,0.27547479326095153
TCGA-HT-A4DS-01A,svr,0.4154268497842454,0.14442225720419474,0.0,0.0006530677395856723,0.0,0.2630141346659362,0.027035866507855114,0.14944782409818294
TCGA-HT-A5R5-01A,svr,0.17550678324070237,0.04973210461495424,0.0,0.0,0.0,0.26590929615723075,0.058559853597465315,0.4502919623896473
TCGA-HT-A5R7-01A,svr,0.23184422826203255,0.0,0.0,0.0,0.0,0.17418004454591657,0.2235889278524011,0.37038679933964963
TCGA-HT-A5R9-01A,svr,0.2819635093127586,0.0,0.0,0.0,0.0,0.6037672941376584,0.020285383955165274,0.0939838125944178
TCGA-HT-A5RA-01A,svr,0.20890584040953122,0.02374238137753161,0.0,0.0,0.0,0.5216558904787357,0.0,0.2456958877342014
TCGA-HT-A5RB-01A,svr,0.13157464446981348,0.0,0.0,0.0,0.0,0.38186902330016015,0.14790969333666218,0.33864663889336427
TCGA-HT-A5RC-01A,svr,0.20523734574314656,0.09665667668729098,0.0,0.01660286899728523,0.0,0.31023595826568123,0.08396434808581661,0.2873028022207795
TCGA-HT-A614-01A,svr,0.2192342517815329,0.0,0.0,0.0,0.0,0.0753560137531927,0.38629559589470985,0.3191141385705644
TCGA-HT-A615-01A,svr,0.2095656532265292,0.03405518183905424,0.0,0.0,0.0,0.18411450243499883,0.2209688203196901,0.3512958421797277
TCGA-HT-A616-01A,svr,0.11808624030081014,0.0,0.0,0.0,0.0,0.3829747642273986,0.09453065350015268,0.40440834197163866
TCGA-HT-A617-01A,svr,0.1897875567806284,0.1977638397131893,0.0,0.0,0.0,0.22137036971553362,0.09285551283733721,0.29822272095331154
TCGA-HT-A618-01A,svr,0.24521127681553556,0.08744411682537691,0.0,0.0,0.0,0.23628562926059615,0.08871082880838431,0.3423481482901072
TCGA-HT-A61C-01A,svr,0.4885829509565974,0.1284598193932577,0.0,0.0,0.0,0.2851834720203344,0.07395392308795881,0.02381983454185173
TCGA-HT-A74H-01A,svr,0.08297681141121338,0.053766087317410165,0.0,0.0,0.0,0.20922123629588557,0.43010986619710223,0.2239259987783886
TCGA-HT-A74J-01A,svr,0.2872414313757086,0.0,0.0,0.0,0.0,0.2197796357631469,0.08578026006862603,0.4071986727925184
TCGA-HT-A74K-01A,svr,0.2632482465301741,0.01610383903542822,0.0,0.0,0.0,0.4011839669622748,0.2015296744079425,0.11793427306418033
TCGA-HT-A74L-01A,svr,0.18678694255358438,0.0,0.0,0.0,0.0,0.41157445694378925,0.1849759475497671,0.2166626529528594
TCGA-HT-A74O-01A,svr,0.22593598195757886,0.14726323135015273,0.0,0.0,0.15760729574723822,0.23582950649780926,0.11725047685033511,0.11611350759688577
TCGA-HW-7486-01A,svr,0.030997669085495873,0.0,0.0,0.005867999420734557,0.0,0.24815496566015682,0.5986158417818885,0.11636352405172413
TCGA-HW-7487-01A,svr,0.08243778357959748,0.0,0.0,0.0,0.0,0.32518230652623736,0.2666346796517911,0.32574523024237395
TCGA-HW-7489-01A,svr,0.25164201762774036,0.0,0.0,0.0,0.0,0.2388049387736753,0.13996870205300194,0.3695843415455824
TCGA-HW-7490-01A,svr,0.17528445730865766,0.0,0.0,0.010226420968322783,0.0,0.541296502676894,0.04420043304971144,0.22899218599641397
TCGA-HW-7491-01A,svr,0.1736279589291834,0.0,0.0,0.0,0.0,0.5411532886566869,0.1661997672769132,0.11901898513721669
TCGA-HW-7493-01A,svr,0.15507983139720294,0.0,0.0,0.0,0.0,0.3289631673677255,0.07526254194026062,0.4406944592948109
TCGA-HW-7495-01A,svr,0.12082289204434248,0.0,0.0,0.0,0.0,0.25299210378361897,0.41978309910448924,0.20640190506754943
TCGA-HW-8319-01A,svr,0.35903857371963527,0.0,0.0,0.0,0.0,0.14943058266419731,0.200524420770902,0.2910064228452654
TCGA-HW-8320-01A,svr,0.319627395265314,0.0,0.0,0.0,0.0,0.27168417227541325,0.06530138557421114,0.34338704688506166
TCGA-HW-8321-01A,svr,0.2351211752707571,0.0,0.0,0.0,0.0,0.510193525064857,0.14028640659671116,0.11439889306767465
TCGA-HW-8322-01A,svr,0.3376083818045195,0.0,0.0,0.0,0.0,0.29940211340719,0.2072575558805435,0.15573194890774694
TCGA-HW-A5KJ-01A,svr,0.23756579841979952,0.0,0.0,0.0,0.0,0.6190900935071842,0.04307657363164145,0.10026753444137483
TCGA-HW-A5KK-01A,svr,0.08731383904482048,0.12125321717971455,0.0,0.0,0.0,0.19052129589527705,0.48543617112064774,0.11547547675954017
TCGA-HW-A5KL-01A,svr,0.11390149846297701,0.0,0.02696011288495019,0.0,0.0,0.2969321594054047,0.24507070976702441,0.3171355194796437
TCGA-HW-A5KM-01A,svr,0.3015652234159223,0.1794503298529861,0.0,0.0,0.12645095437579637,0.17034794282953286,0.026488771456687463,0.19569677806907484
TCGA-IK-7675-01A,svr,0.42434756956102077,0.0,0.0,0.0,0.0,0.3752601472673764,0.10623909036031333,0.09415319281128962
TCGA-IK-8125-01A,svr,0.1982869672640845,0.0,0.0,0.0,0.0,0.3647911381639441,0.07783594481309965,0.35908594975887187
TCGA-KT-A74X-01A,svr,0.31135506835936344,0.0,0.0,0.0,0.0,0.3497792979544259,0.18702374595596996,0.15184188773024077
TCGA-KT-A7W1-01A,svr,0.5216640970232078,0.0,0.0,0.0,0.0,0.4045108623415406,0.0,0.07382504063525147
TCGA-P5-A5ET-01A,svr,0.16005475764441857,0.0,0.0,0.0,0.0,0.1943336317825657,0.3968244935564421,0.24878711701657352
TCGA-P5-A5EU-01A,svr,0.3583371502259142,0.1856628807917998,0.0,0.0,0.0,0.35292149133588363,0.012671543705754127,0.09040693394064826
TCGA-P5-A5EV-01A,svr,0.3578900001444708,0.0,0.0,0.0,0.0,0.21818927425182236,0.07912866202674247,0.34479206357696424
TCGA-P5-A5EW-01A,svr,0.2051710214895449,0.0,0.0,0.0,0.0,0.16553369930020745,0.14258140660579402,0.4867138726044536
TCGA-P5-A5EX-01A,svr,0.06539915216352103,0.0898788087515768,0.003465354956025974,0.0,0.2146490451863578,0.41965067978583814,0.008119392045770382,0.1988375671109099
TCGA-P5-A5EY-01A,svr,0.0593017537645762,0.0,0.0,0.0,0.0,0.25340422592418294,0.08133154944333928,0.6059624708679017
TCGA-P5-A5EZ-01A,svr,0.21575172657572836,0.0,0.0,0.0,0.0,0.2909162897616272,0.41953847206348355,0.0737935115991607
TCGA-P5-A5F0-01A,svr,0.31668852843319756,0.0,0.0,0.0,0.0,0.2960692810603227,0.06726904505636627,0.3199731454501134
TCGA-P5-A5F1-01A,svr,0.08793404290455445,0.017647848087179407,0.0,0.0,0.0,0.31965092068868284,0.13537112830951037,0.4393960600100731
TCGA-P5-A5F2-01A,svr,0.19650316268080031,0.0,0.0,0.0,0.0,0.2124967663937515,0.1629133532554033,0.4280867176700449
TCGA-P5-A5F4-01A,svr,0.05009667285391256,0.0,0.0,0.0,0.0,0.4269633656572246,0.17703941769929624,0.34590054378956675
TCGA-P5-A5F6-01A,svr,0.0,0.03798879065515924,0.004238685082095461,0.0,0.040284743850360495,0.8632105001652115,0.0,0.0542772802471732
TCGA-P5-A72U-01A,svr,0.07503235978487761,0.0266804564269144,0.0,0.0,0.21585147508119634,0.5263861492544984,0.0,0.15604955945251317
TCGA-P5-A72W-01A,svr,0.41212070724069855,0.0,0.0,0.0,0.0,0.14551875437035716,0.09765332715166258,0.34470721123728176
TCGA-P5-A72X-01A,svr,0.18568037497208975,0.0,0.0,0.0,0.0,0.4640243462313426,0.04193479043130372,0.3083604883652639
TCGA-P5-A72Z-01A,svr,0.4495761923424624,0.0,0.0,0.0,0.0,0.2956599995253643,0.23940299470128243,0.015360813430891017
TCGA-P5-A730-01A,svr,0.20553803615678268,0.0,0.0,0.0,0.0,0.40533676202492835,0.24889137140901121,0.14023383040927787
TCGA-P5-A731-01A,svr,0.2616859469906228,0.031072644460800446,0.0,0.0,0.0,0.41119343439268896,0.038216586257374105,0.2578313878985137
TCGA-P5-A733-01A,svr,0.08104877524317294,0.0,0.0,0.0,0.0,0.42057208429948634,0.061202709041601286,0.4371764314157395
TCGA-P5-A735-01A,svr,0.39468170282951726,0.0,0.0,0.0,0.0,0.04661969057971083,0.1902588528207688,0.36843975377000326
TCGA-P5-A736-01A,svr,0.10062400414091618,0.14910030571469005,0.0,0.0,0.0,0.2769439161971335,0.11253889057873483,0.36079288336852555
TCGA-P5-A737-01A,svr,0.47710516795580166,0.0,0.0,0.0,0.0,0.19630538092472272,0.10212568095281933,0.22446377016665628
TCGA-P5-A77W-01A,svr,0.14682565392115687,0.0,0.0,0.0,0.0,0.6472881863369275,0.12386096437604499,0.08202519536587065
TCGA-P5-A77X-01A,svr,0.22010505761349747,0.0,0.0,0.0,0.0,0.2312313487164477,0.11462066192317387,0.43404293174688086
TCGA-P5-A780-01A,svr,0.24662013883060868,0.0,0.0,0.0,0.0,0.32834895637361805,0.2639227190700211,0.1611081857257522
TCGA-P5-A781-01A,svr,0.14135023588600995,0.0,0.01316201494098185,0.0,0.0,0.13975310096831225,0.30618999250658413,0.3995446556981118
TCGA-QH-A65R-01A,svr,0.14775339157913359,0.0,0.0,0.0,0.0,0.6945367115537752,0.06353767401162344,0.09417222285546778
TCGA-QH-A65S-01A,svr,0.14799453453218764,0.0,0.0,0.0,0.0,0.17492979089121408,0.3950252297134978,0.28205044486310044
TCGA-QH-A65V-01A,svr,0.08354966555768364,0.0,0.0,0.0,0.0,0.08701355871748764,0.44735925605113724,0.3820775196736916
TCGA-QH-A65X-01A,svr,0.21752344346828603,0.0,0.0,0.0,0.0,0.6989867858971357,0.012306873548130209,0.07118289708644816
TCGA-QH-A65Z-01A,svr,0.231741821354403,0.0,0.0,0.0,0.0,0.19453257187849324,0.15080846754514865,0.42291713922195523
TCGA-QH-A6CS-01A,svr,0.00969429261730086,0.004220239235153668,0.0,0.0,0.0,0.1293224050470886,0.5487723177134542,0.30799074538700266
TCGA-QH-A6CU-01A,svr,0.011842730741059772,0.010665197171668398,0.0,0.0,0.0,0.2756959784675695,0.31094680892203136,0.39084928469767083
TCGA-QH-A6CV-01A,svr,0.30112754699682065,0.07328389884280494,0.0,0.0,0.0,0.46073889224075726,0.10062272512556625,0.06422693679405089
TCGA-QH-A6CW-01A,svr,0.4515250083000503,0.0,0.0,0.0,0.0,0.24852642024952856,0.06487855656999018,0.23507001488043086
TCGA-QH-A6CX-01A,svr,0.183826617545065,0.032947326343266664,0.1324686047099008,0.0,0.10474175336845093,0.057098797694018995,0.31187108909878825,0.17704581124050944
TCGA-QH-A6CY-01A,svr,0.11815980812148934,0.0,0.0,0.0,0.0,0.19964050922808213,0.370562979185441,0.31163670346498745
TCGA-QH-A6CZ-01A,svr,0.25187437879305047,0.0,0.0,0.0,0.0,0.269843509796879,0.16923217878294666,0.3090499326271239
TCGA-QH-A6X3-01A,svr,0.16183512497250513,0.0,0.0,0.0,0.0,0.3961439294936616,0.20077386546627546,0.24124708006755774
TCGA-QH-A6X4-01A,svr,0.2790102182315677,0.0,0.0,0.0,0.0,0.20000741981497022,0.37259652439079566,0.1483858375626664
TCGA-QH-A6X5-01A,svr,0.059401506548020656,0.0,0.005807712949276167,0.0,0.0,0.14669598062328187,0.4179180568281883,0.3701767430512331
TCGA-QH-A6X8-01A,svr,0.2586702025512035,0.030981340173894024,0.0,0.0,0.0,0.26206238318707953,0.26371093454086764,0.18457513954695534
TCGA-QH-A6X9-01A,svr,0.3958990907157226,0.0,0.0,0.0,0.0,0.23902631219090278,0.059336533561232,0.30573806353214256
TCGA-QH-A6XA-01A,svr,0.21125261778247348,0.0,0.0,0.0,0.0,0.10033636614260273,0.326765118970984,0.3616458971039398
TCGA-QH-A6XC-01A,svr,0.5131157637784575,0.0,0.0,0.0,0.0,0.24433420783521412,0.12891406748038461,0.11363596090594379
TCGA-QH-A86X-01A,svr,0.26165765585292006,0.0,0.0,0.0,0.0,0.1635512668618958,0.06393779333212207,0.5108532839530621
TCGA-QH-A870-01A,svr,0.10690377820315564,0.0,0.0,0.0,0.0,0.19859132018299377,0.11921866720629622,0.5752862344075543
TCGA-R8-A6MK-01A,svr,0.19234012598080835,0.0,0.0,0.0,0.0,0.13454742976489079,0.20901375464684993,0.46409868960745093
TCGA-R8-A6ML-01A,svr,0.25924231246655105,0.0,0.0,0.0,0.0,0.2348178649063609,0.15112537643831633,0.3548144461887717
TCGA-R8-A6MO-01A,svr,0.19257393105299092,0.0,0.0,0.0,0.0,0.3844420950671715,0.2948040192543584,0.12817995462547915
TCGA-R8-A6YH-01A,svr,0.46191249534465517,0.0,0.0,0.0,0.0,0.265213938777437,0.043946653720996605,0.22892691215691116
TCGA-RY-A83X-01A,svr,0.11701358174830687,0.0,0.0,0.0,0.0,0.30574442391101153,0.343904622732132,0.2333373716085496
TCGA-RY-A83Y-01A,svr,0.33286886427727286,0.0,0.0,0.0,0.0,0.35740873174864457,0.08195921620900637,0.22776318776507629
TCGA-RY-A83Z-01A,svr,0.3903970139173181,0.0052605019243235854,0.0,0.0,0.0,0.2934141279528099,0.08497391733264953,0.22595443887289882
TCGA-RY-A840-01A,svr,0.38600380910369825,0.0,0.0,0.0,0.0,0.34392187452016887,0.05231034731614327,0.2177639690599896
TCGA-RY-A843-01A,svr,0.09529788395775435,0.0,0.0,0.0,0.0,0.37702871928349807,0.10802450839682362,0.419648888361924
TCGA-RY-A845-01A,svr,0.35060405811107426,0.0,0.0,0.0,0.0,0.2481971854750731,0.10720042888400223,0.2939983275298504
TCGA-RY-A847-01A,svr,0.23432757847370242,0.0,0.0,0.0,0.0,0.39983465853919753,0.10123915446438134,0.2645986085227188
TCGA-S9-A6TS-01A,svr,0.2678125926199856,0.00031823105342021577,0.0,0.0,0.0,0.37909318784747453,0.09772235883129587,0.25505362964782397
TCGA-S9-A6TU-01A,svr,0.2928074378920435,0.0214739947182159,0.0,0.0,0.0,0.36964052168494244,0.169448270062954,0.14662977564184426
TCGA-S9-A6TV-01A,svr,0.19708337238421486,0.2110246969906321,0.0,0.0,0.03735746724779739,0.3774428668293901,0.0,0.17709159654796547
TCGA-S9-A6TW-01A,svr,0.09993077168104006,0.0,0.0,0.0,0.0,0.7922291700958091,0.0399612418083256,0.0678788164148254
TCGA-S9-A6TX-01A,svr,0.1651577468241165,0.0,0.0,0.0,0.0,0.32545859092406926,0.2813947385203012,0.227988923731513
TCGA-S9-A6TY-01A,svr,0.19744922785569324,0.0,0.0,0.0,0.0,0.2727964945907051,0.3038458038802645,0.22590847367333727
TCGA-S9-A6TZ-01A,svr,0.28484841640689806,0.0,0.0,0.0,0.0,0.33294166125298597,0.05045651246758644,0.3317534098725294
TCGA-S9-A6U0-01A,svr,0.09721722546818405,0.0068422781748346565,0.0,0.0,0.0,0.8546618028979278,0.004588111383593913,0.036690582075459555
TCGA-S9-A6U1-01A,svr,0.09048957321857454,0.015297868974512041,0.0,0.0,0.0,0.41746994614745525,0.35922016640919385,0.11752244525026449
TCGA-S9-A6U2-01A,svr,0.20882694820826075,0.0,0.0,0.0,0.0,0.25715595216820575,0.0354137660490889,0.49860333357444453
TCGA-S9-A6U5-01A,svr,0.19047435413611863,0.0,0.0,0.0,0.0,0.21190230947301802,0.09652647375302646,0.5010968626378368
TCGA-S9-A6U6-01A,svr,0.16217184264740703,0.01590314958741131,0.0,0.0,0.0,0.3178720007844424,0.0938000064764623,0.410253000504277
TCGA-S9-A6U8-01A,svr,0.14359451117221111,0.008256554089326386,0.0,0.0,0.0,0.21229327635174927,0.36824003266169486,0.2676156257250184
TCGA-S9-A6U9-01A,svr,0.08010215074708692,0.08544616658649182,0.0,0.0,0.0,0.44024551030417636,0.212839190140087,0.18136698222215794
TCGA-S9-A6UA-01A,svr,0.2654315827107422,0.11585790208522624,0.0,0.0,0.24560459351686095,0.29773647731430536,0.028795219099530832,0.04657422527333437
TCGA-S9-A6UB-01A,svr,0.15214353665621388,0.0,0.0,0.0,0.0,0.33535781363814243,0.33684214055058576,0.17565650915505787
TCGA-S9-A6WD-01A,svr,0.18551429282150372,0.0,0.0,0.0,0.0,0.2334364476161544,0.30689478268529885,0.2741544768770432
TCGA-S9-A6WE-01A,svr,0.2728980800102964,0.0,0.0,0.0,0.0,0.3113086695089417,0.12231907239780758,0.29347417808295434
TCGA-S9-A6WG-01A,svr,0.14850260460579057,0.040757911221936165,0.0,0.0,0.0,0.6782615274803877,0.016726327761422192,0.11575162893046344
TCGA-S9-A6WH-01A,svr,0.2290827577714203,0.0,0.0,0.0,0.0,0.5448127162389158,0.09063039454693644,0.1354741314427274
TCGA-S9-A6WI-01A,svr,0.00351793732740477,0.0,0.0,0.0,0.0,0.30478190553940887,0.43180557305299605,0.2598945840801905
TCGA-S9-A6WL-01A,svr,0.2058232255053328,0.0,0.0,0.0,0.0,0.6068135757080396,0.02844666305174191,0.15891653573488557
TCGA-S9-A6WM-01A,svr,0.574274278256623,0.0,0.0,0.0,0.0,0.29387007090359973,0.011681153233637071,0.12017449760614018
TCGA-S9-A6WN-01A,svr,0.06711277174472421,0.053734770170647095,0.0,0.01777189508082254,0.2386575422630672,0.4506942390208,0.02907583633677426,0.14295294538316464
TCGA-S9-A6WO-01A,svr,0.4242518144297583,0.0,0.0,0.0,0.0,0.11651005303001716,0.10607876387156528,0.35315936866865927
TCGA-S9-A6WP-01A,svr,0.3016602123271659,0.0,0.0,0.0,0.0,0.37075610488045635,0.2049327130996573,0.12265096969272044
TCGA-S9-A6WQ-01A,svr,0.1890147464985464,0.02648896732282473,0.0,0.0,0.0,0.16046249735730744,0.37789788886105874,0.24613589996026275
TCGA-S9-A7IQ-01A,svr,0.08119305983195522,0.0,0.0,0.0,0.0,0.29075177976812727,0.1356443034024603,0.4924108569974572
TCGA-S9-A7IS-01A,svr,0.2271753535747055,0.0,0.0,0.0,0.0,0.6110023698539214,0.15396176973153772,0.007860506839835382
TCGA-S9-A7IX-01A,svr,0.23953527232401392,0.03068184343922973,0.0,0.0,0.0,0.45800388571989814,0.06246750911876935,0.2093114893980889
TCGA-S9-A7IY-01A,svr,0.11741521703546928,0.0,0.0,0.0,0.04504157735981437,0.2341317129823348,0.15250401233146615,0.4509074802909154
TCGA-S9-A7IZ-01A,svr,0.26737498823615347,0.0,0.0,0.0,0.0,0.3213585491510741,0.046694065291013755,0.36457239732175867
TCGA-S9-A7J0-01A,svr,0.5928176896838551,0.0,0.0,0.0,0.0,0.24023081278529873,0.0891129740947444,0.07783852343610184
TCGA-S9-A7J1-01A,svr,0.06417917447640747,0.0,0.009366934038560709,0.0,0.0,0.1329637165364053,0.31218846386472826,0.4813017110838983
TCGA-S9-A7J2-01A,svr,0.34534369171230794,0.0,0.0,0.0,0.0,0.2798163036373311,0.04681632784559717,0.3280236768047638
TCGA-S9-A7J3-01A,svr,0.16824312557125312,0.006119183744970086,0.0,0.0,0.0,0.33490902795542093,0.22529806179767867,0.2654306009306772
TCGA-S9-A7QW-01A,svr,0.35291603350687645,0.0,0.0,0.0,0.0,0.12922038725876506,0.1784511304006305,0.33941244883372806
TCGA-S9-A7QX-01A,svr,0.3225417094025357,0.0,0.0,0.0,0.0,0.3869324736507622,0.10154156557801158,0.18898425136869051
TCGA-S9-A7QY-01A,svr,0.22394545346207678,0.0,0.0,0.0,0.0,0.22258496641084202,0.3728512909931484,0.18061828913393288
TCGA-S9-A7QZ-01A,svr,0.12216677304253448,0.0,0.0,0.0,0.0,0.5086176238936365,0.12972307203245328,0.23949253103137577
TCGA-S9-A7R1-01A,svr,0.38255062839203624,0.0,0.0,0.0,0.0,0.2495980942356704,0.03647780101725422,0.331373476355039
TCGA-S9-A7R2-01A,svr,0.102800378871247,0.09071178205433943,0.0,0.0,0.0,0.19918915700857173,0.4820566361889766,0.12524204587686524
TCGA-S9-A7R3-01A,svr,0.07070939838115922,0.0,0.0,0.0,0.2636227950610427,0.21937750047551724,0.19440945840948926,0.2518808476727917
TCGA-S9-A7R4-01A,svr,0.13326293517727852,0.05279765889918642,0.0,0.0,0.0,0.6942459506036678,0.0242704430129514,0.09542301230691595
TCGA-S9-A7R7-01A,svr,0.13244564204964623,0.15065347469070586,0.0,0.0,0.053987855543031905,0.4653199851954388,0.035122433118466745,0.16247060940271058
TCGA-S9-A7R8-01A,svr,0.31378231509673804,0.03711229377820275,0.0,0.0,0.0,0.31839705169778443,0.25727950705296754,0.07342883237430733
TCGA-S9-A89V-01A,svr,0.33483621755866316,0.0,0.0,0.0,0.0,0.38983768481924413,0.02993736235608564,0.24538873526600702
TCGA-S9-A89Z-01A,svr,0.35585833389070637,0.08721811338739534,0.0,0.0,0.0,0.3988128830143153,0.09956508484669002,0.058545584860892896
TCGA-TM-A7C3-01A,svr,0.3799904430232229,0.0,0.0,0.0,0.0,0.4783134398879952,0.014025966286111528,0.12767015080267036
TCGA-TM-A7C4-01A,svr,0.11455806381236303,0.0,0.0,0.0,0.0,0.42865577015951895,0.04118916608140786,0.4155969999467101
TCGA-TM-A7C5-01A,svr,0.29013760298360547,0.0,0.0,0.0,0.0,0.52621257694104,0.07097251702177704,0.11267730305357766
TCGA-TM-A7CA-01A,svr,0.2717734260206494,0.0,0.0,0.0,0.0,0.23224384361948383,0.23844315595691873,0.257539574402948
TCGA-TM-A7CF-01A,svr,0.19456187015784768,0.0,0.0,0.0,0.0,0.1755986985781068,0.08331827363663614,0.5465211576274094
TCGA-TM-A7CF-02A,svr,0.07439403394468795,0.0,0.0,0.0,0.0,0.0,0.7105041328190478,0.2151018332362643
TCGA-TM-A84B-01A,svr,0.37199158108172165,0.0,0.0,0.0,0.0,0.29880924803567255,0.0,0.3291991708826058
TCGA-TM-A84C-01A,svr,0.23577881943292267,0.13607779442740522,0.0,0.017788422332133607,0.0,0.4788340732862638,0.008520620162462637,0.12300027035881203
TCGA-TM-A84F-01A,svr,0.15626926278812653,0.14789257887541157,0.0,0.0,0.06306926751904737,0.22718155077512872,0.10131334882964182,0.3042739912126439
TCGA-TM-A84G-01A,svr,0.22591888578335687,0.0,0.0,0.0,0.0,0.5071829840627646,0.053880891185158444,0.21301723896872
TCGA-TM-A84H-01A,svr,0.3452537935538495,0.0,0.0,0.0,0.0,0.16016230621214458,0.03471788446683752,0.4598660157671684
TCGA-TM-A84I-01A,svr,0.615581789605917,0.0,0.0,0.0,0.0,0.21801152424953496,0.021147113252514997,0.14525957289203298
TCGA-TM-A84J-01A,svr,0.4495548289915219,0.0,0.0,0.0,0.0,0.5370017095935645,0.0027119675881007946,0.010731493826812637
TCGA-TM-A84L-01A,svr,0.20756725821920816,0.025816062799503228,0.0,0.0,0.0,0.2856583422857014,0.2138334618753871,0.2671248748202003
TCGA-TM-A84M-01A,svr,0.36221054860202784,0.0,0.0,0.0,0.0,0.3573176499773498,0.10216101687018139,0.17831078455044097
TCGA-TM-A84O-01A,svr,0.18757258302053637,0.0,0.0,0.0,0.0,0.30305079326256984,0.20102119297867144,0.30835543073822225
TCGA-TM-A84Q-01A,svr,0.4896209302848788,0.0,0.0,0.0,0.0,0.1549254008496499,0.16958599627681273,0.1858676725886587
TCGA-TM-A84R-01A,svr,0.04467052094934239,0.0,0.0,0.0,0.0,0.3282273621219237,0.28975811487568465,0.33734400205304915
TCGA-TM-A84S-01A,svr,0.23167390257591336,0.0,0.0,0.0,0.0,0.08582086144941063,0.15063962324807606,0.5318656127265998
TCGA-TM-A84T-01A,svr,0.15232971836070594,0.05488652826935074,0.0,0.0,0.0,0.38875511984259614,0.22503991806093787,0.1789887154664094
TCGA-TQ-A7RF-01A,svr,0.20929290381868662,0.0,0.0,0.0,0.11522022207384476,0.360801734221594,0.02802264573748164,0.2866624941483929
TCGA-TQ-A7RG-01A,svr,0.20975926340201673,0.0,0.0,0.0,0.0,0.21793550131553913,0.15558024295598727,0.4167249923264568
TCGA-TQ-A7RH-01A,svr,0.4131629470407891,0.0,0.0,0.0,0.0,0.27490585949249957,0.10316293876074213,0.20876825470596927
TCGA-TQ-A7RI-01A,svr,0.22099834736216842,0.0,0.0,0.0,0.0,0.20159846228691586,0.28141930040704594,0.2959838899438698
TCGA-TQ-A7RJ-01A,svr,0.25581370479866694,0.0,0.0,0.0,0.0,0.23767634473300478,0.09211337302240712,0.4143965774459211
TCGA-TQ-A7RK-01A,svr,0.4079873740953634,0.0,0.0,0.0,0.0,0.22225466382695025,0.14736964803942193,0.2223883140382643
TCGA-TQ-A7RM-01A,svr,0.4541909129666595,0.0,0.0,0.0,0.0,0.40465601183364214,0.06893275792861914,0.07222031727107922
TCGA-TQ-A7RN-01A,svr,0.19701328656908212,0.0,0.0,0.0,0.0,0.4654134011210342,0.12459389932099948,0.21297941298888423
TCGA-TQ-A7RO-01A,svr,0.20166029012339276,0.0,0.0,0.0,0.0,0.5313641040391145,0.02851599814284714,0.23845960769464575
TCGA-TQ-A7RP-01A,svr,0.0,1.2390011983529833e-05,0.0,0.0,0.0,0.3627283484284459,0.27949858238658126,0.3577606791729893
TCGA-TQ-A7RQ-01A,svr,0.41731247005211286,0.0,0.0,0.0,0.0,0.28181900393474696,0.029086170440013485,0.2717823555731268
TCGA-TQ-A7RR-01A,svr,0.13539493634274288,0.005011008779324245,0.0,0.0,0.0,0.1506191102025833,0.4202557998086133,0.2887191448667363
TCGA-TQ-A7RS-01A,svr,0.1882436947433308,0.0,0.0,0.0,0.0,0.31308242737749004,0.21557870246741953,0.2830951754117597
TCGA-TQ-A7RU-01A,svr,0.24830142453777257,0.0,0.0,0.0,0.0,0.5133037989618643,0.11891020699723628,0.11948456950312683
TCGA-TQ-A7RV-01A,svr,0.22831932535215596,0.0,0.0,0.0,0.0,0.24503342343827106,0.24899635722023508,0.2776508939893379
TCGA-TQ-A7RV-02A,svr,0.12448689734088593,0.00951253651998393,0.0,0.0,0.0,0.1617458772345901,0.19672516167297718,0.5075295272315629
TCGA-TQ-A7RW-01A,svr,0.18689716708683027,0.09613299812335847,0.0,0.0,0.0,0.31278723501880784,0.15737438980919197,0.24680820996181146
TCGA-TQ-A8XE-01A,svr,0.3086432039292841,0.0,0.0,0.0,0.0,0.33105131395714993,0.16074606257148752,0.19955941954207831
TCGA-TQ-A8XE-02A,svr,0.22080828221093568,0.0,0.0,0.0,0.0,0.3788440976622691,0.25378342324093267,0.14656419688586256
TCGA-VM-A8C8-01A,svr,0.2561112059712319,0.0,0.0,0.0,0.0,0.1585580117955734,0.16803400730171786,0.41729677493147677
TCGA-VM-A8C9-01A,svr,0.1806469144319488,0.1822610240445396,0.0,0.0,0.13636217352739308,0.3067040299173031,0.06265481849098822,0.1313710395878273
TCGA-VM-A8CA-01A,svr,0.12893584873985434,0.0,0.0,0.0,0.0,0.5460728239662134,0.024521796172367456,0.30046953112156494
TCGA-VM-A8CB-01A,svr,0.3364593637553552,0.0,0.0,0.0,0.0,0.46672466159329223,0.03158804745581354,0.16522792719553908
TCGA-VM-A8CD-01A,svr,0.18294603279753166,0.21229580689428357,0.0,0.0,0.0,0.2168685543882712,0.032026570420102575,0.355863035499811
TCGA-VM-A8CE-01A,svr,0.12765290745428162,0.0,0.0,0.0,0.0,0.20250020219771012,0.38534295825228654,0.2845039320957218
TCGA-VM-A8CF-01A,svr,0.05436502199890214,0.2843124443367542,0.0,0.0,0.0,0.27599890689174605,0.16680116925253258,0.21852245752006513
TCGA-VM-A8CH-01A,svr,0.22819390278669202,0.0,0.0,0.0,0.0,0.38826570144415273,0.12422225551146944,0.2593181402576858
TCGA-VV-A829-01A,svr,0.41430288069778165,0.0,0.0,0.0,0.01286006587046515,0.441795419005085,0.023916779019144335,0.10712485540752376
TCGA-VV-A86M-01A,svr,0.19312549820273256,0.11040035820248723,0.0,0.0,0.0,0.6490973065292366,0.016959006296573962,0.030417830768969617
TCGA-VW-A7QS-01A,svr,0.3925123912817395,0.0,0.0,0.0,0.0,0.48233634222012733,0.020415851411380463,0.10473541508675278
TCGA-VW-A8FI-01A,svr,0.4602691272378714,0.11524333496732747,0.0,0.0,0.0,0.24282982266680259,0.08816144355194001,0.09349627157605857
TCGA-W9-A837-01A,svr,0.2133836172864371,0.0,0.0,0.0,0.0,0.27808832348173473,0.10913530977568361,0.39939274945614445
TCGA-WH-A86K-01A,svr,0.24217509332037954,0.0,0.0,0.0,0.0,0.3211969301499688,0.06873581391048958,0.3678921626191621
TCGA-WY-A858-01A,svr,0.09583882458438289,0.11757706600182885,0.0,0.0,0.0,0.5641030793129488,0.11729910932652841,0.10518192077431109
TCGA-WY-A859-01A,svr,0.1696934645867036,0.0,0.0,0.0,0.0,0.30205882435371545,0.1604280481229464,0.36781966293663443
TCGA-WY-A85A-01A,svr,0.10535703664203992,0.0,0.0,0.0,0.0,0.2914915860154452,0.11266771514197682,0.490483662200538
TCGA-WY-A85B-01A,svr,0.2045030649823167,0.21043640536877178,0.0,0.0,0.0,0.31454382960719723,0.14352911502569732,0.12698758501601698
TCGA-WY-A85C-01A,svr,0.18818295766765938,0.011527006296583054,0.0,0.0,0.0,0.6569863029824252,0.010066297993363867,0.13323743505996846
TCGA-WY-A85D-01A,svr,0.20467171484641478,0.013227866513633885,0.0,0.0,0.0,0.15335298192147181,0.17769010137237135,0.4510573353461082
TCGA-WY-A85E-01A,svr,0.6083279261292291,0.0,0.0,0.0,0.0,0.16695196326701117,0.01860591451277684,0.20611419609098275
TCGA-CS-4938-01B,cibersortx,0.03204886632421036,0.0,0.16332708835288468,0.0,0.3230042574620473,0.08209801958708453,0.1345584074322819,0.26496336084149114
TCGA-CS-4941-01A,cibersortx,0.08571181726532978,0.0814021523784476,0.0,0.37925102643270703,0.0,0.2756686727365149,0.037987478750828745,0.1399788524361718
TCGA-CS-4942-01A,cibersortx,0.15582677604370396,0.260075665801916,0.0,0.0,0.06706671257619337,0.06890290824343888,0.20907084016729388,0.23905709716745402
TCGA-CS-4943-01A,cibersortx,0.2384269732135286,0.10383531246768402,0.0,0.0,0.0,0.375743107644527,0.18041585005137545,0.10157875662288493
TCGA-CS-4944-01A,cibersortx,0.020875979635925603,0.03079795098403849,0.12528775945112253,0.0,0.0,0.20520742058285585,0.04655955786574572,0.5712713314803117
TCGA-CS-5390-01A,cibersortx,0.13410589938942555,0.0,0.0,0.0,0.0,0.3807217672445994,0.3652896174684599,0.11988271589751516
TCGA-CS-5393-01A,cibersortx,0.07031231099729447,0.032616413754526334,0.0,0.0,0.0,0.3514931958849057,0.28137251646531,0.2642055628979636
TCGA-CS-5394-01A,cibersortx,0.13131846209016357,0.0,0.03491935114647052,0.0,0.0,0.515937372094192,0.04443899433047127,0.2733858203387028
TCGA-CS-5395-01A,cibersortx,0.011092027418772498,0.025581004611999303,0.0,0.0,0.0,0.2604433509416223,0.22299329188699804,0.47989032514060787
TCGA-CS-5396-01A,cibersortx,0.18990606375563207,0.0,0.0,0.0,0.0,0.3218358319025209,0.3655226878496177,0.12273541649222926
TCGA-CS-5397-01A,cibersortx,0.09613524485099167,0.15737387082111015,0.0,0.0,0.0,0.20587569800226285,0.19388706961859492,0.34672811670704035
TCGA-CS-6186-01A,cibersortx,0.0,0.07375067550842056,0.0,0.0,0.0,0.19932567356691228,0.0012665383925843843,0.725657112532083
TCGA-CS-6188-01A,cibersortx,0.3643758871806805,0.05751496208275231,0.0,0.031894690262254805,0.0,0.38637279234180455,0.06980095648496529,0.09004071164754247
TCGA-CS-6290-01A,cibersortx,0.03963264684279951,0.14549839176306464,0.0,0.0,0.440413142796405,0.060928343490469404,0.15774651035114529,0.15578096475611625
TCGA-CS-6665-01A,cibersortx,0.03774927854599561,0.24166488454678062,0.0,0.047177385290467055,0.0,0.2593614947460453,0.3837762368467712,0.030270720023940118
TCGA-CS-6666-01A,cibersortx,0.10848339086888961,0.00043364156885492347,0.0,0.0,0.06909289205006272,0.734889898972109,0.019964417604321688,0.06713575893576207
TCGA-CS-6667-01A,cibersortx,0.045131095450223625,0.006302923281738237,0.0,0.0,0.0,0.8383479174504923,0.031507531910481584,0.07871053190706427
TCGA-CS-6668-01A,cibersortx,0.2598572216687476,0.0,0.0,0.0,0.0,0.3549212337270364,0.22825585083226374,0.15696569377195235
TCGA-CS-6669-01A,cibersortx,0.0,0.0,0.021159429190668946,0.0,0.0,0.13758859889542363,0.40251406055695754,0.43873791135694995
TCGA-CS-6670-01A,cibersortx,0.16914183606063324,0.0,0.0,0.0,0.0,0.41147725457378326,0.10001438540929324,0.3193665239562903
TCGA-DB-5270-01A,cibersortx,0.07884368443258638,0.02313213450577062,0.0,0.0,0.0,0.1977779767377251,0.2726210720510133,0.42762513227290455
TCGA-DB-5273-01A,cibersortx,0.07414660892150497,0.05955880401790211,0.0,0.013898690479237329,0.3479660487492987,0.2235090549374959,0.0891428199179272,0.19177797297663365
TCGA-DB-5274-01A,cibersortx,0.17502029975603275,0.009576781024997923,0.0,0.0,0.0,0.5933691073331754,0.17792221693705826,0.044111594948735657
TCGA-DB-5275-01A,cibersortx,0.41061719517156,0.0,0.0,0.0,0.0,0.13625731959313686,0.04494931133259424,0.40817617390270894
TCGA-DB-5276-01A,cibersortx,0.007019902454448852,0.06178939089953637,0.0,0.03663415144476799,0.0,0.1135666551402138,0.6296703398871694,0.15131956017386353
TCGA-DB-5277-01A,cibersortx,0.08662032692405411,0.0,0.0,0.0,0.0,0.42103631191027985,0.3326942264740327,0.1596491346916334
TCGA-DB-5278-01A,cibersortx,0.16504215995195562,0.0,0.0,0.0,0.0,0.1595628131179102,0.2474456571628868,0.42794936976724735
TCGA-DB-5280-01A,cibersortx,0.1433869501895969,0.0,0.0,0.0,0.17840068105385923,0.2872108623105508,0.10536931724169529,0.2856321892042976
TCGA-DB-5281-01A,cibersortx,0.1462423705786199,0.0,0.0,0.0,0.0,0.6325346137427453,0.041887086712342425,0.17933592896629222
TCGA-DB-A4X9-01A,cibersortx,0.05876046917181284,0.0,0.0,0.0,0.0,0.0959642059283411,0.11680439640039962,0.7284709284994465
TCGA-DB-A4XA-01A,cibersortx,0.15975089552832927,0.0,0.0,0.0,0.0,0.3537198500625598,0.21165134429531696,0.274877910113794
TCGA-DB-A4XB-01A,cibersortx,0.34619155791043055,0.0,0.0,0.0,0.0950986038933781,0.022878889776401137,0.21977140950580215,0.3160595389139881
TCGA-DB-A4XC-01A,cibersortx,0.27925611544582457,0.019162809943183,0.0,0.0,0.0,0.23043656286188746,0.07583417455856364,0.3953103371905413
TCGA-DB-A4XD-01A,cibersortx,0.15173626560793013,0.0,0.0,0.0,0.0,0.2044567151306062,0.3421601016722162,0.30164691758924744
TCGA-DB-A4XE-01A,cibersortx,0.31359070902696695,0.0,0.0,0.0,0.0,0.04555758536921783,0.3349610053827356,0.30589070022107967
TCGA-DB-A4XF-01A,cibersortx,0.34853081021165866,0.0,0.0,0.0,0.09666693817385033,0.31430996417140167,0.032321062297693604,0.20817122514539577
TCGA-DB-A4XG-01A,cibersortx,0.3289791413462704,0.0,0.0,0.0,0.0,0.3801042336269283,0.08455228610346782,0.20636433892333347
TCGA-DB-A4XH-01A,cibersortx,0.0,0.0,0.056158762621519906,0.0,0.0,0.30991335877116954,0.2995344025690142,0.33439347603829617
TCGA-DB-A64L-01A,cibersortx,0.0704798822058682,0.0,0.023410061052380957,0.0,0.23258017666877065,0.1693095772831862,0.03865204822872889,0.46556825456106515
TCGA-DB-A64O-01A,cibersortx,0.0003651920999752507,0.0,0.0,0.0,0.5098115055290263,0.14515111305927703,0.1258822831596423,0.21878990615207897
TCGA-DB-A64P-01A,cibersortx,0.1568124446216259,0.0,0.0,0.0,0.0,0.4838734658853582,0.146397980992387,0.2129161085006288
TCGA-DB-A64Q-01A,cibersortx,0.1606888448006094,0.0,0.0,0.0,0.0,0.1441576846451754,0.22907374472031022,0.4660797258339049
TCGA-DB-A64R-01A,cibersortx,0.2387369593717294,0.0,0.0,0.0,0.0,0.3682283204948834,0.11341833727430436,0.27961638285908286
TCGA-DB-A64S-01A,cibersortx,0.06754599971985766,0.2347452185505033,0.0,0.009987472976151348,0.0,0.29331906858547846,0.217431980417904,0.17697025975010522
TCGA-DB-A64U-01A,cibersortx,0.040715158151519985,0.0,0.0,0.0,0.0,0.12257789816833826,0.7342841161563951,0.1024228275237467
TCGA-DB-A64V-01A,cibersortx,0.034910189726252365,0.07294464958830002,0.014016406801920562,4.945171235843087e-05,0.0,0.1497912100873844,0.5937729236809133,0.13451516840287084
TCGA-DB-A64W-01A,cibersortx,0.23982306373237858,0.0,0.0,0.0,0.0,0.3376345748716994,0.26903045146207916,0.1535119099338429
TCGA-DB-A64X-01A,cibersortx,0.19065501057336232,0.0,0.0,0.0,0.0,0.35563115389219224,0.025607464267718042,0.42810637126672746
TCGA-DB-A75K-01A,cibersortx,0.1613288092457998,0.13571105705746772,0.0,0.0,0.0,0.4823156254205462,0.12473442593678796,0.09591008233939817
TCGA-DB-A75L-01A,cibersortx,0.13183583254472422,0.027744321292384747,0.0,0.0,0.0,0.4418174593864192,0.16671627364921246,0.2318861131272594
TCGA-DB-A75M-01A,cibersortx,0.057899191951948134,0.0,0.0,0.0,0.36375939698393195,0.06813366488596895,0.13971523825211038,0.3704925079260405
TCGA-DB-A75O-01A,cibersortx,0.07450140392466345,0.0917408377949339,0.0630485401596398,0.24692636281242047,0.12873237541938584,0.1859361540280195,0.06423700309784765,0.1448773227630893
TCGA-DB-A75P-01A,cibersortx,0.0516961262212746,0.028190003888046315,0.04888210033243793,0.09399152665744626,0.0,0.16504277956104987,0.133746001497481,0.47845146184226395
TCGA-DH-5140-01A,cibersortx,0.5036112012872848,0.0,0.0,0.0,0.0,0.2941181818855525,0.06604239465860949,0.13622822216855318
TCGA-DH-5142-01A,cibersortx,0.23222942498557886,0.1687611092308487,0.0,0.2783102097349992,0.03716811653432913,0.14700844886138886,0.008124575751301667,0.12839811490155356
TCGA-DH-5143-01A,cibersortx,0.14206234743089238,0.0,0.0,0.0,0.3053694414518715,0.07029727945009634,0.0513903253070973,0.43088060636004244
TCGA-DH-5144-01A,cibersortx,0.32413056941867346,0.0,0.0,0.0,0.0,0.29991885652363554,0.08211335025802757,0.29383722379966354
TCGA-DH-A669-01A,cibersortx,0.3923042738477326,0.0,0.0,0.0,0.21368309556073642,0.29369876217386415,0.06298388671786846,0.03732998169979834
TCGA-DH-A669-02A,cibersortx,0.21238048834671897,0.01290002436910342,0.0,0.0,0.0,0.7111944807886973,0.038087861827405374,0.025437144668074837
TCGA-DH-A66B-01A,cibersortx,0.17041676414502097,0.15769807905121105,0.0,0.037867909602716986,0.41270468006563465,0.14534107274124466,0.0022078615234495647,0.07376363287072213
TCGA-DH-A66D-01A,cibersortx,0.34312146011649824,0.1264616830110809,0.0,0.0,0.0,0.20829453173424423,0.04466968338006553,0.2774526417581112
TCGA-DH-A66F-01A,cibersortx,0.13142027883196036,0.0,0.007403959236952966,0.0,0.0,0.14226851931912704,0.12033656005480993,0.5985706825571497
TCGA-DH-A66G-01A,cibersortx,0.28872615520072503,0.028581012719370042,0.0,0.012203067535970549,0.10535421083808587,0.14905247412530684,0.001930734670275666,0.4141523449102659
TCGA-DH-A7UR-01A,cibersortx,0.049143455099004925,0.0,0.0,0.0,0.0,0.8676837143264117,0.026038167877379746,0.057134662697203735
TCGA-DH-A7US-01A,cibersortx,0.05155542342906043,0.0,0.0,0.0,0.0,0.10868466990127912,0.510563883921931,0.32919602274772936
TCGA-DH-A7UT-01A,cibersortx,0.08487747700382711,0.0,0.0,0.0,0.0,0.16332826354168234,0.5243976154468167,0.22739664400767395
TCGA-DH-A7UU-01A,cibersortx,0.13897732806193755,0.023839637239679273,0.0,0.0,0.0,0.5597172281757842,0.20239011112980118,0.07507569539279788
TCGA-DH-A7UV-01A,cibersortx,0.0531628540971741,0.12356838076130607,0.0,0.0,0.0,0.3278482878443853,0.27858088720664576,0.21683959009048887
TCGA-DU-5847-01A,cibersortx,0.02771641219388369,0.4033856397551096,0.0709532603130208,0.0,0.0,0.1243834596022477,0.06363436203844967,0.3099268660972886
TCGA-DU-5849-01A,cibersortx,0.09120593081361579,0.0,0.0,0.0,0.0,0.23864625613777554,0.3526511736034344,0.31749663944517426
TCGA-DU-5851-01A,cibersortx,0.02016325941543633,0.0,0.0,0.0,0.0,0.10894674278331157,0.47530889629155826,0.3955811015096939
TCGA-DU-5852-01A,cibersortx,0.4017114430123109,0.03873089902218277,0.0,0.0,0.0,0.4157613366951048,0.009161878464710678,0.1346344428056909
TCGA-DU-5853-01A,cibersortx,0.12330857738281321,0.11655728226555846,0.024352988602644815,0.0,0.0,0.21174774088086012,0.20074377411196728,0.32328963675615613
TCGA-DU-5854-01A,cibersortx,0.13287028495576178,0.012238876868149449,0.0,0.0,0.0,0.31468838327735194,0.4595684580186155,0.0806339968801213
TCGA-DU-5855-01A,cibersortx,0.29622067877762787,0.08535796492714313,0.0,0.0,0.0,0.39328941570662124,0.028287022177580997,0.19684491841102666
TCGA-DU-5870-02A,cibersortx,0.3430373882481828,0.0,0.0,0.0,0.0,0.38271294319514865,0.12912554607085647,0.14512412248581222
TCGA-DU-5871-01A,cibersortx,0.20011714520270973,0.03236394900706276,0.0,0.0,0.010113941161964126,0.1817005326407906,0.017687143891466642,0.5580172880960061
TCGA-DU-5872-01A,cibersortx,0.08461561594455065,0.0,0.0,0.002855067511448178,0.5180790611800276,0.25589467469701893,0.04698820868355636,0.09156737198339851
TCGA-DU-5872-02A,cibersortx,0.0,0.11915799637685644,0.08524557716272486,0.0,0.49998085757680466,0.07786866383892535,0.19398264752734726,0.023764257517341392
TCGA-DU-6392-01A,cibersortx,0.23569457824808576,0.0964241951270635,0.0,0.005429936454568275,0.0,0.4942304489334853,0.1164941357571982,0.051726705479598976
TCGA-DU-6393-01A,cibersortx,0.26802234546426557,0.0,0.0,0.0,0.0,0.569327155546081,0.07209785557892429,0.09055264341072917
TCGA-DU-6394-01A,cibersortx,0.3320012978985147,0.0,0.0,0.08151059537201961,0.0,0.39529770274364734,0.0031448134333588937,0.18804559055245954
TCGA-DU-6395-01A,cibersortx,0.2878628600880542,0.13607746801766707,0.0,0.0,0.0,0.03858507219508439,0.25057287036113757,0.2869017293380568
TCGA-DU-6396-01A,cibersortx,0.06871848770809527,0.30818033404855566,0.0,0.05795575572442848,0.19136976969972985,0.2440189029733616,0.10268506563042393,0.02707168421540523
TCGA-DU-6397-01A,cibersortx,0.09046450715171207,0.0,0.0,0.0,0.22260246677119752,0.3416309709875356,0.09329010709541495,0.2520119479941401
TCGA-DU-6397-02A,cibersortx,0.15164699933658646,0.0,0.0,0.013130242771128784,0.0,0.760477526619196,0.06345671112263063,0.011288520150458118
TCGA-DU-6399-01A,cibersortx,0.20446469225649933,0.06648246654439946,0.0,0.0,0.0,0.3665477759754856,0.11397882525266448,0.2485262399709511
TCGA-DU-6400-01A,cibersortx,0.24801511285040392,0.0,0.0,0.0,0.0,0.5532566859799609,0.0522011579420019,0.14652704322763332
TCGA-DU-6401-01A,cibersortx,0.03666442592437661,0.01683497523305328,0.0,0.03132456536196457,0.02147928963144203,0.7808911085638315,0.004277759609891725,0.10852787567544024
TCGA-DU-6402-01A,cibersortx,0.05621062589627627,0.2445886989363126,0.04267088210973326,0.0,0.057795521986171904,0.49345660023636956,0.0010150312072771971,0.10426263962785935
TCGA-DU-6403-01A,cibersortx,0.31463098853578103,0.16342336022607293,0.0,0.0,0.0,0.10315109651246633,0.38787441654676125,0.030920138178918477
TCGA-DU-6404-01A,cibersortx,0.11553790073742023,0.0495901182212069,0.0,0.0,0.0,0.6951043703499223,0.0,0.1397676106914505
TCGA-DU-6405-01A,cibersortx,0.3997011455320915,0.06763570028834642,0.0,0.0,0.0,0.1730529332004028,0.037255411183839286,0.32235480979532005
TCGA-DU-6406-01A,cibersortx,0.3957547334471361,0.012558177856768668,0.0,0.0,0.0,0.5071851086882645,0.0,0.08450198000783073
TCGA-DU-6407-01A,cibersortx,0.27870349325430765,0.0,0.0,0.0,0.0,0.2618208304763131,0.1648846652915454,0.29459101097783386
TCGA-DU-6408-01A,cibersortx,0.29866138897823774,0.05955159787025345,0.0,0.005924123638650459,0.0,0.14895216527622612,0.046181626370871226,0.44072909786576103
TCGA-DU-6410-01A,cibersortx,0.23684416697465172,0.0,0.0,0.0043704769365627266,0.0,0.5578286646733559,0.13529388265500977,0.06566280876041974
TCGA-DU-6542-01A,cibersortx,0.2708072129366163,0.02509606141719715,0.0,0.012052674962850203,0.0,0.24994740332330814,0.29570418251325525,0.14639246484677287
TCGA-DU-7006-01A,cibersortx,0.10576553051697575,0.2549032321951533,0.0,0.0,0.0,0.45949838052045305,0.05261575476182962,0.1272171020055882
TCGA-DU-7007-01A,cibersortx,0.042672091650423766,0.07984373597774155,0.04540817544052794,0.0,0.5497716231978556,0.21692439607365085,0.013238180775188025,0.05214179688461223
TCGA-DU-7008-01A,cibersortx,0.6168164027045139,0.0,0.0,0.05458350321663938,0.0,0.05557710206330158,0.04863552790545287,0.2243874641100922
TCGA-DU-7009-01A,cibersortx,0.07630286335155172,0.0,0.0,0.0,0.0,0.24176928308347728,0.507340692359546,0.174587161205425
TCGA-DU-7010-01A,cibersortx,0.14749470080711943,0.0,0.0,0.0,0.0,0.3595569259301914,0.4015193795107847,0.09142899375190446
TCGA-DU-7011-01A,cibersortx,0.05763409058473618,0.0994481442733212,0.0,0.0,0.024743498024503038,0.49717800166714765,0.11459597897405033,0.20640028647624156
TCGA-DU-7012-01A,cibersortx,0.03881366233437285,0.14196029265114107,0.08114411248342673,0.0,0.4806989776642713,0.11452889032975644,0.015237395762643411,0.12761666877438818
TCGA-DU-7013-01A,cibersortx,0.7013534238341386,0.015043024334822085,0.0,0.0,0.0,0.1982921406585307,0.010362537248312924,0.07494887392419575
TCGA-DU-7014-01A,cibersortx,0.2585809187063884,0.0,0.0,0.0,0.0,0.6246926534190107,0.032362547133576315,0.08436388074102459
TCGA-DU-7015-01A,cibersortx,0.1228073022957872,0.06451119120301504,0.0,0.0,0.5406260496755287,0.08433397587496337,0.020254151461942635,0.16746732948876306
TCGA-DU-7018-01A,cibersortx,0.209121158447365,0.0,0.0,0.0,0.0,0.693022917207358,0.03349044490329838,0.06436547944197848
TCGA-DU-7019-01A,cibersortx,0.052962602007656547,0.0,0.0,0.015407352349535343,0.25792977382415294,0.2793519959986962,0.03552609097180594,0.35882218484815287
TCGA-DU-7292-01A,cibersortx,0.5346949511278982,0.0,0.0,0.0,0.0,0.12585650228908862,0.05112337097853688,0.2883251756044763
TCGA-DU-7294-01A,cibersortx,0.1411720982800286,0.0,0.0,0.0,0.0,0.2814392829365149,0.40513901312422784,0.17224960565922864
TCGA-DU-7298-01A,cibersortx,0.15658324417860664,0.0,0.0,0.0,0.0,0.2137073573867025,0.48162384886023685,0.1480855495744539
TCGA-DU-7299-01A,cibersortx,0.15341618153195175,0.011286582543725327,0.0,0.0,0.0,0.18836308297013238,0.4359358247842656,0.21099832816992503
TCGA-DU-7300-01A,cibersortx,0.14008740729668076,0.0,0.0,0.0,0.0,0.19775228478840925,0.2531181450956267,0.40904216281928324
TCGA-DU-7301-01A,cibersortx,0.10553747814962007,0.09101665581781444,0.0,0.0,0.0,0.33342196109549654,0.38408729373436745,0.08593661120270149
TCGA-DU-7302-01A,cibersortx,0.13422071512029332,0.0,0.0,0.0,0.0,0.2655431707761324,0.12685585693918533,0.473380257164389
TCGA-DU-7304-01A,cibersortx,0.09648873057935572,0.026322660223798807,0.0,0.0,0.0,0.4042114164196824,0.11198701535065338,0.36099017742650963
TCGA-DU-7304-02A,cibersortx,0.8141065133430341,0.0,0.0,0.0,0.0,0.13416042120547317,0.022873367696723892,0.028859697754768935
TCGA-DU-7306-01A,cibersortx,0.1508078516932508,0.0,0.0,0.0,0.28669831141412916,0.3279954014781474,0.06801494029761898,0.1664834951168537
TCGA-DU-7309-01A,cibersortx,0.05985162378911076,0.0,0.06918928450879717,0.0,0.0,0.37002034207946893,0.06947651638272799,0.43146223323989524
TCGA-DU-8158-01A,cibersortx,0.083738228455014,0.12868355994589503,0.07037132075248147,0.0,0.0,0.19985743163162487,0.3487555208808586,0.168593938334126
TCGA-DU-8161-01A,cibersortx,0.013601465884480713,0.1484624979499492,0.04098014692163665,0.0,0.057052602436088375,0.19892301810313362,0.07505004435663665,0.4659302243480749
TCGA-DU-8162-01A,cibersortx,0.0021648351199246366,0.0,0.0,0.01726308457252761,0.0,0.04664876874042799,0.7092920148689403,0.22463129669817952
TCGA-DU-8163-01A,cibersortx,0.09882271240899396,0.1035390519396383,0.0031090818682167403,0.0,0.0,0.2559212562443715,0.37140790980832944,0.16719998773045006
TCGA-DU-8164-01A,cibersortx,0.25779056752841306,0.0,0.0,0.0,0.0,0.32452325797410564,0.08650996505250891,0.3311762094449725
TCGA-DU-8165-01A,cibersortx,0.08197233846046524,0.1587215911606936,0.036358869013041153,0.0,0.48578485940518135,0.1308634618246209,0.04192875455552873,0.06437012558046898
TCGA-DU-8166-01A,cibersortx,0.16080025305547327,0.17283240888737467,0.0,0.0,0.0,0.2390965291909503,0.06435752189237648,0.36291328697382524
TCGA-DU-8167-01A,cibersortx,0.06252021646767066,0.13256330467791425,0.0,0.0,0.0,0.27315606532250397,0.4435570812548464,0.08820333227706482
TCGA-DU-8168-01A,cibersortx,0.3241507108506347,0.0,0.0,0.021253005196223133,0.0,0.44179161980026094,0.06754943889773343,0.14525522525514778
TCGA-DU-A5TP-01A,cibersortx,0.10878115006632481,0.604773695912462,0.0,0.007890551725886052,0.0,0.2127242754834188,0.04515859170396855,0.02067173510793981
TCGA-DU-A5TR-01A,cibersortx,0.04384580644467741,0.26343609089717557,0.011800472431022042,0.15380190404495325,0.28092160800604593,0.1305103018796266,0.06397688316833013,0.05170693312816898
TCGA-DU-A5TS-01A,cibersortx,0.032806046373057604,0.005037514520082782,0.0,0.005140804205127995,0.0,0.3985615529582806,0.433316435813433,0.12513764613001796
TCGA-DU-A5TT-01A,cibersortx,0.10717092064439618,0.05081392643826577,0.0,0.018215444980244536,0.0,0.450140277487615,0.1567194586129836,0.21693997183649494
TCGA-DU-A5TU-01A,cibersortx,0.32260590871603095,0.2533948948417264,0.0,0.0,0.0,0.24243885307617555,0.011279537025422785,0.17028080634064421
TCGA-DU-A5TW-01A,cibersortx,0.24797717380060638,0.0038882828783186442,0.0,0.0,0.0,0.44444929202633426,0.1482185358183224,0.15546671547641827
TCGA-DU-A5TY-01A,cibersortx,0.19314957339100977,0.22514868901299087,0.0,0.0,0.21423956863014076,0.2307706873314957,0.06944683882946642,0.0672446428048965
TCGA-DU-A6S2-01A,cibersortx,0.04922838549549758,0.0,0.0041870506361393394,0.0,0.0,0.16857667003879295,0.40442607894398397,0.37358181488558617
TCGA-DU-A6S3-01A,cibersortx,0.1496769090928951,0.0,0.0,0.0,0.0,0.43693506467529064,0.22531281963343555,0.1880752065983787
TCGA-DU-A6S6-01A,cibersortx,0.19944447708911683,0.0,0.0,0.0,0.0,0.26545809276431714,0.0858824093159529,0.44921502083061315
TCGA-DU-A6S7-01A,cibersortx,0.0927971135638479,0.13169896983291304,0.0,0.0,0.0,0.24940193828047086,0.3803424255624077,0.14575955276036057
TCGA-DU-A6S8-01A,cibersortx,0.3339506328045499,0.0,0.0,0.0,0.0,0.3736557707597421,0.22199656203180432,0.07039703440390375
TCGA-DU-A76K-01A,cibersortx,0.1438827438146216,0.0,0.0,0.0,0.0,0.23014965525289732,0.06362197178819666,0.5623456291442844
TCGA-DU-A76L-01A,cibersortx,0.11609352147871667,0.19340327664877113,0.0,0.0,0.0,0.5298147164081861,0.13357829932826026,0.027110186136065664
TCGA-DU-A76O-01A,cibersortx,0.22096550897971554,0.2393048772958051,0.0,0.0,0.0,0.25958985312580113,0.053902899606349516,0.22623686099232873
TCGA-DU-A76R-01A,cibersortx,0.0807170418281998,0.0,0.0,0.0,0.0,0.3144869082735939,0.05162682405593856,0.5531692258422678
TCGA-DU-A7T6-01A,cibersortx,0.24978110511359428,0.0,0.0,0.0,0.0,0.3814028143205556,0.28123157470671095,0.08758450585913931
TCGA-DU-A7T8-01A,cibersortx,0.3656347749124525,0.08547894474786825,0.0,0.0,0.0,0.3575257904329246,0.03701797778303558,0.154342512123719
TCGA-DU-A7TA-01A,cibersortx,0.224973771092847,0.16714404016657092,0.0,0.019616566668726212,0.08861569691787026,0.43185028081633925,0.004716861808905343,0.06308278252874097
TCGA-DU-A7TB-01A,cibersortx,0.0,0.0,0.0,0.0,0.0,0.2236634764393453,0.7682591487565846,0.008077374804069996
TCGA-DU-A7TC-01A,cibersortx,0.2463508803993416,0.0,0.0,0.0,0.0,0.25656042019596714,0.07657529842141143,0.4205134009832799
TCGA-DU-A7TD-01A,cibersortx,0.37025784427839586,0.15312106329337058,0.12276821837252516,0.0,0.0,0.28421072296971067,0.010109364174363028,0.05953278691163462
TCGA-DU-A7TG-01A,cibersortx,0.0008515867650757406,0.017968261185624845,0.006172427362407672,0.0,0.0,0.34735194904029915,0.13715737215235693,0.49049840349423574
TCGA-DU-A7TI-01A,cibersortx,0.14233698410896628,0.04192126026955786,0.0,0.0,0.5176587059901419,0.08535355649034167,0.05840701718916971,0.1543224759518226
TCGA-DU-A7TJ-01A,cibersortx,0.6975347274658517,0.005444757536108434,0.0,0.0,0.0,0.2621882044510666,0.0057701009750813015,0.029062209571891973
TCGA-E1-5302-01A,cibersortx,0.28149018227757344,0.08004136981670913,0.0,0.0,0.0,0.16686105486772312,0.1446532593187689,0.3269541337192255
TCGA-E1-5303-01A,cibersortx,0.0334433949300447,0.2981992709814234,0.040536419083576816,0.0,0.0,0.09052478467107113,0.3375335381425399,0.19976259219134418
TCGA-E1-5304-01A,cibersortx,0.3861739452570527,0.0,0.0,0.0,0.0,0.23800842975286646,0.3213243818613215,0.054493243128759326
TCGA-E1-5305-01A,cibersortx,0.09110555132361807,0.09347966851321192,0.0,0.0,0.0,0.26221832554276014,0.18311463823193563,0.3700818163884742
TCGA-E1-5307-01A,cibersortx,0.18327841838704603,0.1290455689304597,0.0,0.0,0.0,0.07044901836854353,0.20895834048510106,0.40826865382884964
TCGA-E1-5311-01A,cibersortx,0.1101861487047883,0.0,0.04059134613515671,0.0,0.0,0.6123843900731905,0.05391603264904004,0.18292208243782448
TCGA-E1-5318-01A,cibersortx,0.04314846126701429,0.0,0.0,0.0,0.0,0.934273062837063,0.016527551924048277,0.006050923971874377
TCGA-E1-5319-01A,cibersortx,0.038359051789569804,0.0,0.01299959549329877,0.0,0.0,0.31198433404234355,0.3974846044765743,0.23917241419821358
TCGA-E1-5322-01A,cibersortx,0.22323948592666054,0.2817594787732686,0.0,0.0,0.0,0.31197740429755694,0.061180347600575974,0.12184328340193784
TCGA-E1-A7YD-01A,cibersortx,0.6275525527795719,0.0,0.0,0.0,0.0,0.24027460364740572,0.0,0.13217284357302236
TCGA-E1-A7YE-01A,cibersortx,0.15582119413909212,0.16569887165175162,0.0,0.0,0.0,0.5235595089708802,0.03413062549904006,0.12078979973923586
TCGA-E1-A7YH-01A,cibersortx,0.04256130488403016,0.0006785955277037705,0.0,0.0,0.0,0.2125511757886185,0.5995438252637595,0.14466509853588788
TCGA-E1-A7YI-01A,cibersortx,0.11953829816789846,0.06214410734730448,0.0,0.0,0.0,0.6634842541490468,0.14372950829027406,0.011103832045476169
TCGA-E1-A7YJ-01A,cibersortx,0.49524471307755336,0.015878148296421545,0.0,0.0,0.0,0.34652854806439487,0.07512971455009106,0.0672188760115393
TCGA-E1-A7YK-01A,cibersortx,0.0,0.1828572820636868,0.0,0.08672513662346382,0.0,0.07857240511321094,0.612237619184224,0.03960755701541442
TCGA-E1-A7YL-01A,cibersortx,0.07511708041145922,0.014065339970479814,0.023050382395425745,0.0,0.5833179323298961,0.24759182125980547,0.027319830960336328,0.029537612672597295
TCGA-E1-A7YM-01A,cibersortx,0.0,0.0,0.0,0.045764032852183265,0.0,0.09348896948733362,0.6750931024787399,0.18565389518174333
TCGA-E1-A7YN-01A,cibersortx,0.0,0.19834054236918439,0.02474414499947113,0.06193662161842963,0.46497488383099966,0.11455028866603956,0.09187368782229638,0.04357983069357929
TCGA-E1-A7YO-01A,cibersortx,0.07133647784864308,0.0,0.0,0.0,0.0,0.6795596325089183,0.026461485536174667,0.2226424041062639
TCGA-E1-A7YQ-01A,cibersortx,0.2092575948062794,0.22282601203921903,0.0,0.040241619583723715,0.0,0.4267813379767128,0.0,0.10089343559406497
TCGA-E1-A7YS-01A,cibersortx,0.3602520591198092,0.0,0.0,0.014790526581309736,0.0,0.3282702032222218,0.18261569762631763,0.11407151345034154
TCGA-E1-A7YU-01A,cibersortx,0.12610242879469583,0.0,0.0,0.0,0.0,0.2485890647175348,0.37021829968671893,0.2550902068010503
TCGA-E1-A7YV-01A,cibersortx,0.17994836236026732,0.0,0.0,0.0,0.0,0.633756175785467,0.05014275899682505,0.13615270285744066
TCGA-E1-A7YW-01A,cibersortx,0.16954878279025548,0.0325406795841995,0.0,0.0,0.0,0.0852027977914076,0.16525133634467562,0.5474564034894617
TCGA-E1-A7YY-01A,cibersortx,0.0,0.07177851061227365,0.0,0.0,0.0,0.26483102818044907,0.160907428262399,0.5024830329448782
TCGA-E1-A7Z2-01A,cibersortx,0.013958115173880025,0.0,0.0,0.15187265958668486,0.20182330317105796,0.10394197267294554,0.10470077437880695,0.4237031750166246
TCGA-E1-A7Z3-01A,cibersortx,0.06549765453340842,0.016711070517382912,0.0,0.0,0.0,0.37647160155841686,0.10145118789460501,0.43986848549618685
TCGA-E1-A7Z4-01A,cibersortx,0.18757657552602322,0.01824549420198994,0.0,0.0,0.259268209157269,0.09662077937645873,0.02022430820913384,0.4180646335291252
TCGA-E1-A7Z6-01A,cibersortx,0.012128378587652928,0.0,0.0,0.03688734572475167,0.3200150539299914,0.11699962685589851,0.019095630947339355,0.494873963954366
TCGA-EZ-7264-01A,cibersortx,0.18589244195830046,0.0,0.0,0.0,0.0,0.23682211558754693,0.23284357627497929,0.34444186617917344
TCGA-F6-A8O3-01A,cibersortx,0.41189242163264206,0.0,0.0,0.0,0.0,0.37669403103054294,0.035658287857645854,0.17575525947916917
TCGA-F6-A8O4-01A,cibersortx,0.14544827644714856,0.0,0.0,0.0,0.0,0.2698119213063368,0.11141254683829026,0.47332725540822446
TCGA-FG-5962-01B,cibersortx,0.1875626166590777,0.0,0.0,0.0,0.0,0.24061458793529675,0.11135219355026585,0.4604706018553596
TCGA-FG-5963-01A,cibersortx,0.03470711646166624,0.32599625276311295,0.0023452872858629446,0.0,0.0,0.1341571815532328,0.4574162570185201,0.045377904917604996
TCGA-FG-5963-02A,cibersortx,0.10351748771605458,0.00249493862831758,0.0,0.0,0.0,0.8530584734561871,0.040929100199440745,0.0
TCGA-FG-5964-01A,cibersortx,0.0910655656206002,0.21641647015397597,0.0,0.018352365643747582,0.0,0.29732052066218456,0.1947335902269915,0.18211148769250013
TCGA-FG-5965-01B,cibersortx,0.1465749978154408,0.044610850414372516,0.0,0.0468230147034444,0.0,0.2939801625104291,0.05625212123965413,0.411758853316659
TCGA-FG-6688-01A,cibersortx,0.18125125200287628,0.18588505044559395,0.0,0.0,0.003747322838102209,0.08794345463703128,0.40196148733252934,0.13921143274386685
TCGA-FG-6689-01A,cibersortx,0.14329109541282842,0.0,0.0,0.0,0.0,0.160811307422802,0.25511083893148706,0.44078675823288244
TCGA-FG-6690-01A,cibersortx,0.20075061860700447,0.08592813206362966,0.0,0.0,0.0,0.2212802753797758,0.05811682089167627,0.4339241530579137
TCGA-FG-6691-01A,cibersortx,0.10780683842366887,0.24150903800655374,0.0,0.0,0.0,0.42908856413093155,0.04070333514811243,0.1808922242907335
TCGA-FG-6692-01A,cibersortx,0.3007449268750748,0.0,0.012211512125153716,0.0,0.0,0.5669623294409435,0.013482178063259074,0.10659905349556904
TCGA-FG-7634-01A,cibersortx,0.04897677499013973,0.09068837624946219,0.0,0.006707462563843753,0.0,0.5843978742198592,0.21564049180020356,0.05358902017649164
TCGA-FG-7636-01A,cibersortx,0.2288354467204155,0.0,0.0,0.0,0.2533860670838988,0.0794156887498714,0.14966605002736905,0.2886967474184453
TCGA-FG-7638-01B,cibersortx,0.054278782620918085,0.0,0.0,0.005775515070526333,0.16663977557373275,0.19870736599882172,0.12722147925564495,0.44737708148035615
TCGA-FG-7641-01B,cibersortx,0.025100687946936553,0.0,0.0,0.0,0.0,0.09563300455749708,0.4790304797002895,0.40023582779527705
TCGA-FG-7643-01A,cibersortx,0.0,0.0,0.0,0.015405208515000412,0.0,0.2557497009741963,0.4940290743695405,0.23481601614126263
TCGA-FG-8181-01A,cibersortx,0.0,0.006852001872018778,9.748648973405285e-05,0.0,0.0,0.44190848266272975,0.05315329670588421,0.49798873226963314
TCGA-FG-8182-01A,cibersortx,0.0810147651209886,0.06992637002282523,0.0,0.0,0.0,0.18460086439736612,0.5135353004934746,0.15092269996534552
TCGA-FG-8185-01A,cibersortx,0.2052853384891588,0.01781189556974963,0.0,0.0,0.0,0.5645740907440098,0.055907862723991814,0.15642081247308987
TCGA-FG-8186-01A,cibersortx,0.17077380070329112,0.12743636486011192,0.010842208201541083,0.0,0.0,0.219011747367656,0.1308839142898832,0.3410519645775166
TCGA-FG-8187-01A,cibersortx,0.0,0.0,0.0,0.012149536773111301,0.0,0.12740688655279506,0.7115384382749924,0.14890513839910105
TCGA-FG-8188-01A,cibersortx,0.029009706633787158,0.02143521221313715,0.0,0.0,0.0,0.3682625018129575,0.445106544601356,0.13618603473876215
TCGA-FG-8191-01A,cibersortx,0.07370422015531757,0.0,0.0,0.0,0.22387468363134178,0.08703344833104396,0.4201610513180667,0.19522659656423005
TCGA-FG-A4MT-01A,cibersortx,0.2781609158917938,0.0027765711390675095,0.0,0.0,0.0,0.4425022989317881,0.07906879759834304,0.19749141643900756
TCGA-FG-A4MT-02A,cibersortx,0.09289133848841578,0.0009260458578887245,0.0,0.0,0.0,0.05768706154518645,0.3590152766375904,0.48948027747091866
TCGA-FG-A4MW-01A,cibersortx,0.22630977648059863,0.0,0.0,0.0068438219457959025,0.0,0.3571016176416711,0.30190175346646797,0.10784303046546646
TCGA-FG-A4MX-01A,cibersortx,0.1625970962717696,0.03666840158384547,0.0,0.0,0.0,0.7440112635361605,0.0006361979229343335,0.05608704068529008
TCGA-FG-A4MY-01A,cibersortx,0.09468280226610648,0.0,0.0,0.0,0.0,0.144417480597066,0.5796165296560819,0.18128318748074562
TCGA-FG-A60J-01A,cibersortx,0.2041161816171986,0.0,0.0,0.0,0.0,0.046861193846496785,0.2658934522163258,0.4831291723199789
TCGA-FG-A60K-01A,cibersortx,0.1701056072397328,0.0,0.0,0.0,0.0,0.13887473453836507,0.14166179431148185,0.5493578639104203
TCGA-FG-A60L-01A,cibersortx,0.1110469174862628,0.18404747254356157,0.0,0.028223930703231984,0.0,0.2136199763808429,0.3485185095906654,0.11454319329543534
TCGA-FG-A6IZ-01A,cibersortx,0.575981230078007,0.0,0.0,0.0,0.0,0.17912135390851816,0.04294028858334746,0.20195712743012736
TCGA-FG-A6J1-01A,cibersortx,0.28098118237009223,0.0,0.0,0.0,0.0,0.44994314746847325,0.020636062266712645,0.24843960789472175
TCGA-FG-A6J3-01A,cibersortx,0.22848233331624343,0.25406020333631635,0.03954012810052283,0.0,0.0,0.3204160641940684,0.1408816206728646,0.01661965037998441
TCGA-FG-A70Y-01A,cibersortx,0.022703118917944437,0.014447691446969297,0.0,0.0,0.3696743373905665,0.12285440195586741,0.2051086315973097,0.26521181869134275
TCGA-FG-A70Z-01A,cibersortx,0.4077899478395634,0.03573484851431349,0.0,0.0,0.0,0.40201957794988374,0.006148384021587012,0.14830724167465242
TCGA-FG-A710-01A,cibersortx,0.21774561731507622,0.28099796672265936,0.0,0.0,0.0,0.24800694881571522,0.023960082548311723,0.2292893845982376
TCGA-FG-A711-01A,cibersortx,0.16741315278180743,0.0,0.0,0.0,0.0,0.21946050974454917,0.10809602578990471,0.5050303116837388
TCGA-FG-A713-01A,cibersortx,0.03226466669221759,0.0,0.0,0.0,0.0,0.27750156960800904,0.38985706537795284,0.3003766983218205
TCGA-FG-A87N-01A,cibersortx,0.33377291233866613,0.09900454850334914,0.0,0.011587783321612964,0.0,0.47622849010527096,0.06561814255754912,0.013788123173551756
TCGA-FG-A87Q-01A,cibersortx,0.18446807961134504,0.05269920748161214,0.0,0.0,0.09446122502403814,0.23818836267889812,0.3274484443423449,0.10273468086176173
TCGA-FN-7833-01A,cibersortx,0.07528239860602898,0.20975490701810107,0.0,0.00450428978383599,0.05573290225105546,0.3339710506170122,0.054169678689043724,0.2665847730349225
TCGA-HT-7467-01A,cibersortx,0.0,0.0,0.0,0.018310545795277005,0.0,0.1277322310920501,0.760791790041109,0.09316543307156377
TCGA-HT-7468-01A,cibersortx,0.279131792623813,0.0,0.0,0.0,0.0,0.36240838386736546,0.11429847848756741,0.24416134502125403
TCGA-HT-7469-01A,cibersortx,0.3536818793716662,0.15302709004956241,0.0,0.0,0.0,0.25582491748878555,0.113707949485649,0.12375816360433688
TCGA-HT-7470-01A,cibersortx,0.016077103590103954,0.0,0.0,0.0,0.0,0.15938008193240602,0.5255807879571891,0.29896202652030096
TCGA-HT-7471-01A,cibersortx,0.2616898101491216,0.14626593727064424,0.0,0.0,0.0,0.39686632010522255,0.059985725173685445,0.135192207301326
TCGA-HT-7472-01A,cibersortx,0.10643187151118472,0.03158363728542085,0.0,0.0004809616353209114,0.32225301990695293,0.09557422190827917,0.23036690650157007,0.2133093812512713
TCGA-HT-7473-01A,cibersortx,0.04333256250585171,0.14854570133440986,0.006410499767031592,0.0,0.5659677329323115,0.09133859769731884,0.04556284133201367,0.09884206443106278
TCGA-HT-7474-01A,cibersortx,0.0004240662327570125,0.0,0.0,0.012279186568558583,0.0,0.17109806774307895,0.4637276534512328,0.35247102600437263
TCGA-HT-7475-01A,cibersortx,0.0,0.0,0.056869148910592374,0.0,0.0,0.17061452930429002,0.3068894572676936,0.4656268645174239
TCGA-HT-7476-01A,cibersortx,0.05868782273290172,0.0,0.0016802640796110477,0.0,0.0,0.6869644592747733,0.09318060849825885,0.15948684541445513
TCGA-HT-7477-01B,cibersortx,0.18409048010515425,0.0,0.0,0.0,0.0,0.7273595649556773,0.04586311695584035,0.04268683798332804
TCGA-HT-7478-01A,cibersortx,0.11921706977338904,0.29291555329447677,0.017236614705551344,0.0,0.0,0.29583331708216887,0.03884814024208671,0.2359493049023273
TCGA-HT-7479-01A,cibersortx,0.0,0.04351204950789999,0.0,0.0,0.0,0.18635886591198106,0.5648426215114319,0.2052864630686871
TCGA-HT-7480-01A,cibersortx,0.13134870042148147,0.0,0.0,0.0,0.0,0.3171464713889271,0.21518866787218224,0.33631616031740924
TCGA-HT-7481-01A,cibersortx,0.0,0.0,0.0,0.058224833091308825,0.0,0.08457650448705774,0.6767468320060466,0.18045183041558677
TCGA-HT-7482-01A,cibersortx,0.052046396334972954,0.014145285572116034,0.0,0.0,0.2680812128422884,0.07212504384665654,0.3697985362571903,0.22380352514677562
TCGA-HT-7483-01A,cibersortx,0.12398030218145117,0.0,0.0,0.0,0.0,0.6425819103977956,0.023580364455549615,0.20985742296520365
TCGA-HT-7485-01A,cibersortx,0.005200273332004738,0.0,0.008470455860567105,0.0,0.37258335916907886,0.021905236922199346,0.13740911635674902,0.4544315583594009
TCGA-HT-7601-01A,cibersortx,0.08991009428344149,0.22358586535962058,0.0,0.0025602296183684743,0.0,0.1557675085798424,0.38244050164202337,0.14573580051670385
TCGA-HT-7602-01A,cibersortx,0.0,0.0,0.0,0.04047162552683515,0.0,0.1626583627712615,0.5558276185238301,0.2410423931780732
TCGA-HT-7603-01A,cibersortx,0.0014703848367246463,0.0,0.0,0.0,0.0,0.14769395882290173,0.4271491547551208,0.4236865015852528
TCGA-HT-7604-01A,cibersortx,0.34318369735535803,0.013486850999634146,0.0,0.0,0.0,0.3171107092077119,0.090363049302882,0.2358556931344139
TCGA-HT-7605-01A,cibersortx,0.0020313274192206455,0.0,0.0004620150911609523,0.0,0.0,0.13834738639907862,0.49053478000530665,0.3686244910852331
TCGA-HT-7606-01A,cibersortx,0.23203941176197568,0.006231433294527851,0.0,0.0,0.0,0.5629797449093078,0.1177971191776405,0.08095229085654825
TCGA-HT-7607-01A,cibersortx,0.0,0.0,0.0,0.0,0.11908515307560519,0.18678719023145954,0.2550391764638438,0.43908848022909164
TCGA-HT-7609-01A,cibersortx,0.1789268991899382,0.12652582652414449,0.0,0.0,0.0,0.32736359566382084,0.12929529344382518,0.23788838517827135
TCGA-HT-7610-01A,cibersortx,0.05685560579905534,0.0,0.0,0.0,0.0,0.18806475169821346,0.33033511338623706,0.4247445291164942
TCGA-HT-7611-01A,cibersortx,0.12960650861144285,0.06107253481059243,0.0,0.10909117549065488,0.10480626238468231,0.13993825265270118,0.14898219462212414,0.3065030714278022
TCGA-HT-7616-01A,cibersortx,0.029317986152675488,0.003094215559049882,0.006231204609186727,0.06784875828719522,0.6329368562206932,0.20664965786225137,0.023779408393669536,0.030141912915278592
TCGA-HT-7620-01A,cibersortx,0.0,0.0,0.0,0.0,0.0,0.06535858898079114,0.8681568335466224,0.06648457747258646
TCGA-HT-7676-01A,cibersortx,0.14334706720613574,0.1879968495546163,0.0,0.0,0.0,0.27139190830929116,0.1489482622728955,0.24831591265706132
TCGA-HT-7677-01A,cibersortx,0.12953084875947762,0.0,0.0,0.0,0.0,0.2543085173739947,0.29059417642345653,0.32556645744307117
TCGA-HT-7680-01A,cibersortx,0.0,0.11403576425350649,0.0017006931038327415,0.09037206004369111,0.3503230208408005,0.08899629571734574,0.0016254497628408928,0.3529467162779825
TCGA-HT-7681-01A,cibersortx,0.07739896731625898,0.0,0.0,0.004912334040789497,0.0,0.27428547810264475,0.21244644173542368,0.4309567788048831
TCGA-HT-7684-01A,cibersortx,0.0305211029667603,0.14568392132751143,0.0,0.0,0.0,0.440321909983586,0.07246801871950612,0.31100504700263626
TCGA-HT-7686-01A,cibersortx,0.0939489724022168,0.15212178364266465,0.0016880111314948188,0.0,0.25963957315376,0.19758222575197576,0.07294077826179068,0.2220786556560973
TCGA-HT-7687-01A,cibersortx,0.1330216420397834,0.0,0.0,0.0,0.0,0.43212189224830877,0.2726312506636573,0.16222521504825063
TCGA-HT-7688-01A,cibersortx,0.027261864123654053,0.0,0.0,0.0,0.0,0.19861720206171696,0.3518504498291435,0.42227048398548556
TCGA-HT-7689-01A,cibersortx,0.10273553129625687,0.0,0.0,0.0,0.0,0.04680950749360181,0.5335491849631743,0.316905776246967
TCGA-HT-7690-01A,cibersortx,0.14276003978276267,0.19927951618008738,0.0,0.04581253797448307,0.0,0.34246416170238037,0.1456555109525335,0.12402823340775293
TCGA-HT-7691-01A,cibersortx,0.039164390939002515,0.14083730162889357,0.0,0.03846814882201685,0.0,0.36580625033679987,0.0,0.4157239082732873
TCGA-HT-7692-01A,cibersortx,0.39241228697043695,0.0,0.0,0.0,0.0,0.2716498103017978,0.14851264700034753,0.18742525572741764
TCGA-HT-7693-01A,cibersortx,0.11839966661925726,0.3055319181059582,0.0,0.0,0.0,0.46873402439832884,0.002652316012748024,0.10468207486370756
TCGA-HT-7694-01A,cibersortx,0.0,0.0,0.0,0.0,0.0,0.22446646211496707,0.4289436260744974,0.3465899118105355
TCGA-HT-7695-01A,cibersortx,0.046990674703115076,0.0,0.0,0.0,0.0,0.18180989086450616,0.3965175992659488,0.3746818351664299
TCGA-HT-7854-01A,cibersortx,0.0,0.15811230730252396,0.002436039890861322,0.06258181127081217,0.0834613126089587,0.07242033559158025,0.20066223780384318,0.42032595553142044
TCGA-HT-7855-01A,cibersortx,0.1411180646957403,0.019888213558176507,0.0,0.0,0.0,0.6542391893512508,0.03182711217784795,0.15292742021698438
TCGA-HT-7856-01A,cibersortx,0.0,0.0,0.0,0.0,0.0,0.2768312855330066,0.3989160834654002,0.3242526310015932
TCGA-HT-7857-01A,cibersortx,0.030655720557780645,0.37375665952559484,0.016756336111414416,0.014769084514709136,0.016701702014702172,0.5087992602160664,0.01967214533758627,0.01888909172214629
TCGA-HT-7858-01A,cibersortx,0.06847767846747217,0.04777882152114017,0.0,0.0,0.2522277088520908,0.09514491781683504,0.3900113381442022,0.14635953519825956
TCGA-HT-7860-01A,cibersortx,0.0016635452742673653,0.09702575970996369,0.014648992141650682,0.0,0.007331969676524769,0.38696302695404,0.0,0.4923667062435534
TCGA-HT-7873-01B,cibersortx,0.08370544017362663,0.016793911901599384,0.0,0.0,0.0,0.3241356154937781,0.34920245617127027,0.22616257625972552
TCGA-HT-7874-01A,cibersortx,0.0,0.0,0.005578280612256571,0.0,0.0,0.2037312056771408,0.3424764073229662,0.4482141063876365
TCGA-HT-7875-01A,cibersortx,0.21935408669700973,0.0,0.0,0.0,0.0,0.29780506962846054,0.07186738697078898,0.41097345670374075
TCGA-HT-7877-01A,cibersortx,0.01461141539367497,0.0,0.0,0.0,0.0,0.3516266124669301,0.3522591866831106,0.2815027854562844
TCGA-HT-7879-01A,cibersortx,0.16344701939625358,0.014927308079391221,0.0,0.0,0.0,0.4160124352928755,0.1988594620215821,0.2067537752098977
TCGA-HT-7880-01A,cibersortx,0.0,0.0,0.0,0.019869265348933567,0.0,0.21493913482046853,0.5006234805175045,0.2645681193130933
TCGA-HT-7881-01A,cibersortx,0.0,0.0,0.0,0.0,0.0,0.010305538145157169,0.7777315340255667,0.2119629278292761
TCGA-HT-7882-01A,cibersortx,0.012679019415618454,0.15297060505117097,0.033739481716693824,0.0,0.34680084585884247,0.42462391034864366,0.00998570965202282,0.019200427957007785
TCGA-HT-7884-01B,cibersortx,0.06981830025083206,0.0,0.0,0.0,0.0,0.11037774333486859,0.5060448751780645,0.3137590812362349
TCGA-HT-7902-01A,cibersortx,0.0,0.0,0.0,0.07566548233848717,0.0,0.026432961359975842,0.8385167642990016,0.059384792002535346
TCGA-HT-8010-01A,cibersortx,0.0,0.0,0.02293733520023087,0.0,0.03860327115380613,0.2846149113350379,0.09176732991843269,0.5620771523924925
TCGA-HT-8011-01A,cibersortx,0.3235516601487415,0.0,0.0,0.0,0.0,0.5916716115915753,0.001371005197757076,0.08340572306192619
TCGA-HT-8012-01A,cibersortx,0.1663489523147826,0.0,0.0,0.0,0.0,0.6142348977314547,0.06704016045511603,0.15237598949864664
TCGA-HT-8013-01A,cibersortx,0.15110128145742097,0.479643039885683,0.0,0.0,0.0,0.14082928692199745,0.11238100747184869,0.11604538426304978
TCGA-HT-8015-01B,cibersortx,0.03945507397125538,0.052880585989107144,0.0,0.0,0.0,0.21305286839989152,0.32260583830663164,0.37200563333311437
TCGA-HT-8018-01A,cibersortx,0.03693744433593706,0.084101915515996,0.014889081158464719,0.0,0.008187215976973616,0.560699723446067,0.01595835192628156,0.27922626764028
TCGA-HT-8104-01A,cibersortx,0.1304597420925816,0.03437309712735675,0.0,0.0,0.0,0.42403570748699204,0.2041290529473772,0.20700240034569248
TCGA-HT-8105-01A,cibersortx,0.07275582148515648,0.0043444887355093414,0.0,0.0,0.0,0.729056587394136,0.04250395722515758,0.15133914516004052
TCGA-HT-8106-01A,cibersortx,0.0005282867983829373,0.04401305375238759,0.0,0.177261852357908,0.7247366974884825,0.030437688229497675,0.018641334979498336,0.004381086393842946
TCGA-HT-8107-01A,cibersortx,0.0,0.0,0.0037736922563269483,0.0,0.0,0.2277691211551884,0.5249694719602055,0.24348771462827914
TCGA-HT-8108-01A,cibersortx,0.13220748168838545,0.12077349902839862,0.0,0.0,0.0,0.43523347466555534,0.0759451466619388,0.2358403979557217
TCGA-HT-8109-01A,cibersortx,0.026662785713322257,0.0,0.0,0.0,0.0,0.19634976030198173,0.45441364427921144,0.32257380970548455
TCGA-HT-8110-01A,cibersortx,0.20751035701272844,0.4384639927174574,0.0,0.0,0.17651687184097134,0.0,0.05119017124358441,0.12631860718525847
TCGA-HT-8111-01A,cibersortx,0.031502812992057844,0.03124436089818191,0.0,0.0,0.16329956980101476,0.10397441406236739,0.46406453464526853,0.20591430760110946
TCGA-HT-8113-01A,cibersortx,0.0,0.0,0.01057828167301959,0.0,0.0,0.2617604048821283,0.31217757530256635,0.4154837381422857
TCGA-HT-8114-01A,cibersortx,0.2049407132213835,0.08931221309299787,0.0,0.03497098380945851,0.0,0.36727625448435774,0.014783587684598195,0.2887162477072042
TCGA-HT-8563-01A,cibersortx,0.01262962684804336,0.2715898557630632,0.01903822175387939,0.07714608854370747,0.24886160111179587,0.3379764769121161,0.004259556023827643,0.028498573043567014
TCGA-HT-8564-01A,cibersortx,0.009677635173134304,0.0,0.03684652351085316,0.0,0.0,0.26300978883745335,0.31225949211672094,0.3782065603618384
TCGA-HT-A4DS-01A,cibersortx,0.2143228206890791,0.34983818552945883,0.023869800272946436,0.0,0.0,0.22255351186059838,0.020656442226736405,0.16875923942118093
TCGA-HT-A5R5-01A,cibersortx,0.013620519820695245,0.11278422843668211,0.1618955562367557,0.0,0.0,0.25859201209349314,0.04969841191937898,0.40340927149299477
TCGA-HT-A5R7-01A,cibersortx,0.07682372097321273,0.0,0.0,0.0,0.0,0.1765467521616372,0.28924705848677684,0.4573824683783731
TCGA-HT-A5R9-01A,cibersortx,0.22861010017761452,0.0,0.0,0.0,0.0,0.678802913459581,0.01593982993014212,0.0766471564326624
TCGA-HT-A5RA-01A,cibersortx,0.17715306385244042,0.03206980777962124,0.0,0.0,0.0,0.5835218388830817,0.0,0.20725528948485647
TCGA-HT-A5RB-01A,cibersortx,0.050429926403815106,0.0,0.02241207097562432,0.0,0.013336939155414906,0.3186817736428113,0.18671989468518527,0.40841939513714925
TCGA-HT-A5RC-01A,cibersortx,0.4101699868120269,0.031655506743231886,0.0,0.06463487072887239,0.0,0.2670081214910723,0.056044861062337005,0.1704866531624596
TCGA-HT-A614-01A,cibersortx,0.07081918365861022,0.0,0.0,0.0,0.0,0.1210462647773177,0.49214238007063715,0.31599217149343495
TCGA-HT-A615-01A,cibersortx,0.1819881632086516,0.06360660648623054,0.0,0.0,0.0,0.1439647729475394,0.23657636583961078,0.3738640915179676
TCGA-HT-A616-01A,cibersortx,0.06426757720546226,0.0,0.0,0.0,0.0,0.39421691771926204,0.07561718095588432,0.46589832411939147
TCGA-HT-A617-01A,cibersortx,0.05657451859064321,0.19321316235036345,0.02869160781830806,0.0,0.176933019329943,0.2061756346481631,0.08004760459910162,0.25836445266347746
TCGA-HT-A618-01A,cibersortx,0.1156954259930311,0.22370641985957218,0.0,0.012722552749213103,0.0,0.21106736475190546,0.08886030272608773,0.3479479339201904
TCGA-HT-A61C-01A,cibersortx,0.3044746598399916,0.2252842309715035,0.0,0.0,0.0,0.3489426509495422,0.08797649584463364,0.03332196239432896
TCGA-HT-A74H-01A,cibersortx,0.00827603404758643,0.06380706497168506,0.017306948466462455,0.0,0.04875895078375104,0.15804150720943172,0.5064579461792976,0.1973515483417856
TCGA-HT-A74J-01A,cibersortx,0.25964970411932975,0.0,0.0,0.0,0.0,0.1992575694140937,0.08978684269469366,0.4513058837718829
TCGA-HT-A74K-01A,cibersortx,0.23319596460543954,0.028479481582575072,0.0,0.0,0.0,0.4366023957559348,0.25175470622340906,0.04996745183264165
TCGA-HT-A74L-01A,cibersortx,0.145847981196108,0.021725196361393213,0.0,0.0,0.0,0.3540254130025218,0.20887579561858677,0.26952561382139023
TCGA-HT-A74O-01A,cibersortx,0.11906816833986893,0.2442019637984346,0.024986058565772268,0.0,0.1506511049463542,0.290160704780164,0.10106211018488914,0.06986988938451673
TCGA-HW-7486-01A,cibersortx,0.0,0.0,0.0,0.0,0.0,0.08621725296338754,0.8287916902888721,0.08499105674774032
TCGA-HW-7487-01A,cibersortx,0.03120494625805354,0.0,0.0,0.00030449896333692065,0.0,0.26316636998405146,0.3827999908608357,0.32252419393372234
TCGA-HW-7489-01A,cibersortx,0.104852352956597,0.0,0.0,0.0,0.0,0.21146990578342392,0.15853630384864878,0.5251414374113302
TCGA-HW-7490-01A,cibersortx,0.08197527710558611,0.051284581684524135,0.0,0.0,0.03218984740085057,0.6509944311488537,0.03061239610443535,0.15294346655575014
TCGA-HW-7491-01A,cibersortx,0.1328452997041857,0.0,0.0,0.0,0.0,0.5992923077985292,0.1748745348089588,0.09298785768832642
TCGA-HW-7493-01A,cibersortx,0.08752947594754047,0.004378577391846638,0.002883212222933025,0.0,0.12383544654120583,0.2816340907651348,0.04577350577904353,0.45396569135229564
TCGA-HW-7495-01A,cibersortx,0.010944023013066007,0.0,0.0,0.0038817805439460237,0.0,0.15088308498246605,0.6225944442907958,0.21169666716972618
TCGA-HW-8319-01A,cibersortx,0.2136314488671297,0.0,0.0,0.0,0.0,0.23327221395874928,0.1996790236572272,0.35341731351689387
TCGA-HW-8320-01A,cibersortx,0.23585726328921172,0.0341777956733155,0.0,0.0,0.0,0.28441066025962375,0.028568275111518063,0.416986005666331
TCGA-HW-8321-01A,cibersortx,0.10471451350260266,0.03785124122496394,0.0,0.0,0.0,0.5934627278880855,0.15577029935524828,0.10820121802909957
TCGA-HW-8322-01A,cibersortx,0.2885061017456611,0.0,0.0,0.0,0.0,0.2669577358295027,0.26410228003227654,0.18043388239255959
TCGA-HW-A5KJ-01A,cibersortx,0.08826211441572279,0.0,0.008847501502800389,0.0,0.002300302433687755,0.8075629551817427,0.0265843045410676,0.06644282192497872
TCGA-HW-A5KK-01A,cibersortx,0.21321732080593161,0.0768710890460522,0.0,0.0,0.0,0.09124535949271995,0.5320263184317489,0.08663991222354746
TCGA-HW-A5KL-01A,cibersortx,0.07815044856846966,0.0,0.0,0.0,0.0,0.4013364165471542,0.25922627491701333,0.26128685996736295
TCGA-HW-A5KM-01A,cibersortx,0.16957856276292704,0.4485030165288472,0.0,0.0,0.06833824846192489,0.1562596476083983,0.016981137457226556,0.14033938718067612
TCGA-IK-7675-01A,cibersortx,0.41985584450104363,0.0038661858690801575,0.0,0.0,0.0,0.31351109234594016,0.1676302234878935,0.09513665379604262
TCGA-IK-8125-01A,cibersortx,0.13576003662119007,0.0,0.0,0.0,0.0,0.3769200561719425,0.07557856512531204,0.4117413420815554
TCGA-KT-A74X-01A,cibersortx,0.22321703030094386,0.0,0.0,0.0,0.0,0.4314089154131782,0.20099178733897805,0.14438226694689985
TCGA-KT-A7W1-01A,cibersortx,0.39402583703706495,0.0,0.0,0.0,0.0,0.5071583864609974,0.0,0.09881577650193754
TCGA-P5-A5ET-01A,cibersortx,0.102126287322413,0.0,0.0,0.0,0.0,0.16659597391512296,0.5059525486423286,0.22532519012013538
TCGA-P5-A5EU-01A,cibersortx,0.13436682691030394,0.1509790350052885,0.0,0.0,0.4371552109369496,0.23267113459782998,0.006982154301061519,0.03784563824856637
TCGA-P5-A5EV-01A,cibersortx,0.21319775388252052,0.0,0.0,0.0004389161704373645,0.0,0.38574376509027636,0.03352806481583808,0.3670915000409277
TCGA-P5-A5EW-01A,cibersortx,0.09122027788735135,0.03309579888750917,0.0,0.0,0.0,0.17558300408666985,0.10974820945916419,0.5903527096793055
TCGA-P5-A5EX-01A,cibersortx,0.007403187911018476,0.022584848435740965,0.007088614913042362,0.05859491964602362,0.5950234803472071,0.2567116474334555,0.002855570557711687,0.04973773075580017
TCGA-P5-A5EY-01A,cibersortx,0.0,0.0,0.0,0.020186584663558625,0.2408707318188654,0.09129922458568969,0.057995376065059306,0.589648082866827
TCGA-P5-A5EZ-01A,cibersortx,0.031718770002203134,0.008364575716706745,0.0006810001126254736,0.000997673536368313,0.0,0.2487514792095354,0.6566644745417809,0.05282202688078011
TCGA-P5-A5F0-01A,cibersortx,0.20183581778231488,0.0,0.0,0.0,0.0,0.28080252190299787,0.1035453352185268,0.41381632509616045
TCGA-P5-A5F1-01A,cibersortx,0.02883216074622123,0.007276248441489218,0.03255781897609319,0.0,0.35892523094280054,0.20909830096423904,0.07198447964926416,0.2913257602798927
TCGA-P5-A5F2-01A,cibersortx,0.025618982348400404,0.0,0.0,0.0,0.0,0.19929863959435237,0.2011135227879397,0.5739688552693075
TCGA-P5-A5F4-01A,cibersortx,0.0445704242692996,0.0,0.006779202050984136,0.0,0.0,0.35890895231438485,0.22100094594623604,0.36874047541909527
TCGA-P5-A5F6-01A,cibersortx,0.005281360999048026,0.04143567312984506,0.03296800834060773,0.0,0.21879427144614497,0.5940977673800536,0.0,0.10742291870430067
TCGA-P5-A72U-01A,cibersortx,0.014928220145008927,0.02801429073908469,0.025829306957895606,0.11547222256215685,0.32581384386866735,0.36345759304253655,0.0,0.1264845226846498
TCGA-P5-A72W-01A,cibersortx,0.32760880338675147,0.0,0.0,0.0,0.16144080945518902,0.11144769312951316,0.0876332642687723,0.31186942975977405
TCGA-P5-A72X-01A,cibersortx,0.09108184565252839,0.0,0.0,0.0,0.0,0.5790082135222608,0.03302374804339645,0.2968861927818141
TCGA-P5-A72Z-01A,cibersortx,0.2752396965636038,0.0,0.0,0.0,0.0,0.5394365746740108,0.17562980427350386,0.009693924488881485
TCGA-P5-A730-01A,cibersortx,0.15785505910810507,0.0,0.0,0.0,0.0,0.3977189311482591,0.3356220948301435,0.10880391491349234
TCGA-P5-A731-01A,cibersortx,0.15836500638325499,0.021303056296983588,0.0,0.0,0.0,0.4708685175339649,0.03877216602359102,0.3106912537622056
TCGA-P5-A733-01A,cibersortx,0.0256919007245396,0.0,0.027670772128653466,0.0,0.1829884079615622,0.2918057831320746,0.04062849174303123,0.4312146443101388
TCGA-P5-A735-01A,cibersortx,0.29311869009893904,0.0,0.0,0.0,0.1750965117358148,0.02009005974344693,0.20031100049055792,0.31138373793124136
TCGA-P5-A736-01A,cibersortx,0.038106277900897725,0.2571828434343718,0.0018671829172052317,0.0,0.0,0.30219569988164224,0.10123583063542389,0.2994121652304591
TCGA-P5-A737-01A,cibersortx,0.41396551356024075,0.0,0.0,0.008554165477403187,0.0,0.2462066085692445,0.13018729605871654,0.20108641633439497
TCGA-P5-A77W-01A,cibersortx,0.09746976406954759,0.0,0.0,0.0,0.0,0.7432426054301825,0.12280584213686375,0.03648178836340626
TCGA-P5-A77X-01A,cibersortx,0.1244952734448159,0.0,0.0587636264639922,0.0,0.2712307238275046,0.12273407637657734,0.07623737767986699,0.34653892220724297
TCGA-P5-A780-01A,cibersortx,0.11427599119015171,0.0371656214367455,0.0,0.0,0.0,0.4465452476506051,0.29175519709253295,0.1102579426299647
TCGA-P5-A781-01A,cibersortx,0.051575250033115735,0.0,0.0,0.0,0.0,0.17019924928872443,0.35509809616069754,0.4231274045174623
TCGA-QH-A65R-01A,cibersortx,0.07251304995922693,0.0,0.0,0.0,0.006499327767117254,0.7763082480226016,0.059278788120863964,0.08540058613019023
TCGA-QH-A65S-01A,cibersortx,0.06426857725329294,0.00841150127388559,0.01808344041937559,0.0,0.0,0.1531916544084317,0.5097622202301413,0.24628260641487293
TCGA-QH-A65V-01A,cibersortx,0.011120035229230189,0.0,0.0,0.0,0.07121721336858784,0.09773672537989878,0.5200652966430267,0.29986072937925645
TCGA-QH-A65X-01A,cibersortx,0.11427963985489864,0.0,0.0,0.021218285770788128,0.08251883149541077,0.7482862693681702,0.007153833449241876,0.026543140061490205
TCGA-QH-A65Z-01A,cibersortx,0.1593745281662987,0.0,0.0,0.0,0.0,0.19707694611336715,0.16227162291847394,0.4812769028018602
TCGA-QH-A6CS-01A,cibersortx,0.0,0.0,0.0,0.0,0.24697211124259344,0.0707564388144425,0.46090779863549236,0.22136365130747176
TCGA-QH-A6CU-01A,cibersortx,0.0,0.020126998354110835,0.001078881486653582,0.017371317268346117,0.0,0.08975940907162344,0.45186751326933716,0.41979588054992895
TCGA-QH-A6CV-01A,cibersortx,0.12233137689750538,0.12400870103401462,0.0,0.0,0.0,0.5973516228034007,0.09121462300964171,0.06509367625543769
TCGA-QH-A6CW-01A,cibersortx,0.28202082882665674,0.07611764775206027,0.0,0.0,0.0,0.2599128491415563,0.044190904536916924,0.33775776974280985
TCGA-QH-A6CX-01A,cibersortx,0.0,0.12947207908137995,0.024072399948209155,0.115597527786458,0.5839038674279567,0.0,0.09653642648911179,0.05041769926688435
TCGA-QH-A6CY-01A,cibersortx,0.028356754936486962,0.0,0.0,0.0,0.0,0.12493817423401908,0.49821417432989823,0.3484908964995955
TCGA-QH-A6CZ-01A,cibersortx,0.15924224432709014,0.0,0.0,0.0,0.0,0.25620177817558176,0.2259184424788295,0.3586375350184986
TCGA-QH-A6X3-01A,cibersortx,0.12670868746260397,0.0,0.022078080941737615,0.0,0.028760287165485898,0.34203484510856064,0.1483503922980692,0.33206770702354255
TCGA-QH-A6X4-01A,cibersortx,0.20376880620361978,0.0,0.0,0.0,0.0,0.18190798497298719,0.5095246957766287,0.10479851304676419
TCGA-QH-A6X5-01A,cibersortx,0.0,0.0,0.0,0.0,0.20903620814840793,0.12505952092658973,0.4128934287297039,0.25301084219529835
TCGA-QH-A6X8-01A,cibersortx,0.15276115395179252,0.05623649447306874,0.0,0.0,0.0,0.3001068686156883,0.35222833756998545,0.13866714538946506
TCGA-QH-A6X9-01A,cibersortx,0.18775555259275087,0.0,0.001482090873745494,0.0,0.0,0.21926222254069191,0.08383752985798733,0.5076626041348243
TCGA-QH-A6XA-01A,cibersortx,0.11133653552772814,0.0,0.0,0.0,0.0,0.13367533136625234,0.3841780110407465,0.3708101220652729
TCGA-QH-A6XC-01A,cibersortx,0.6646811416829107,0.0,0.0,0.0,0.0,0.11560926041409617,0.12491813498529322,0.09479146291769977
TCGA-QH-A86X-01A,cibersortx,0.20762017569429675,0.0,0.0,0.0,0.0,0.15561683228033668,0.04930325320072388,0.5874597388246428
TCGA-QH-A870-01A,cibersortx,0.03706629358022635,0.0,0.0,0.0,0.33057964641967064,0.11530860904437595,0.06876659511712163,0.44827885583860533
TCGA-R8-A6MK-01A,cibersortx,0.02431732314148884,0.0,0.0,0.05102937832088026,0.0766263707908953,0.30869465579484895,0.1831211192778464,0.3562111526740403
TCGA-R8-A6ML-01A,cibersortx,0.24135651438616632,0.0,0.0,0.0,0.0,0.20657577632209387,0.1828048280612374,0.3692628812305023
TCGA-R8-A6MO-01A,cibersortx,0.15281258991565902,0.0,0.0,0.023215325706580435,0.0,0.32075900934602175,0.4194581404361764,0.08375493459556237
TCGA-R8-A6YH-01A,cibersortx,0.41589987777539933,0.019517512005066875,0.0,0.0,0.0,0.309103457751014,0.05116321551241347,0.20431593695610634
TCGA-RY-A83X-01A,cibersortx,0.06727119011366599,0.0,0.0,0.0027086559219857307,0.0,0.29019102443872496,0.45179071446746405,0.1880384150581592
TCGA-RY-A83Y-01A,cibersortx,0.21415911255416,0.0246274028017788,0.0,0.0,0.0,0.42427717370960677,0.10003583771665892,0.23690047321779556
TCGA-RY-A83Z-01A,cibersortx,0.3642182030637895,0.07627913147956678,0.0,0.0,0.0,0.17760101171587186,0.0943009706243141,0.28760068311645787
TCGA-RY-A840-01A,cibersortx,0.32180701326806455,0.0,0.0,0.0,0.0,0.3914563534638973,0.060918993609743094,0.225817639658295
TCGA-RY-A843-01A,cibersortx,0.10428968845944811,0.0,0.0,0.0,0.0,0.3496791956157053,0.10065982102711882,0.4453712948977277
TCGA-RY-A845-01A,cibersortx,0.2795741477619938,0.0024854214673054194,0.0,0.0,0.0,0.2288152205530625,0.12971065175275198,0.3594145584648864
TCGA-RY-A847-01A,cibersortx,0.16457363784604961,0.02764484529157623,0.0,0.0,0.0,0.4372829069973325,0.1158145058734494,0.25468410399159225
TCGA-S9-A6TS-01A,cibersortx,0.115508863366969,0.04898200114648961,0.0,0.0,0.0,0.4943267308373934,0.06317773899435156,0.2780046656547966
TCGA-S9-A6TU-01A,cibersortx,0.1400604519931102,0.11625899686381698,0.0,0.0134018387315316,0.0,0.43565177118089965,0.1972989889376747,0.09732795229296681
TCGA-S9-A6TV-01A,cibersortx,0.07062899358592299,0.22579121774729335,0.0,0.027363269113073477,0.1698551285682797,0.39583192033984316,0.0,0.1105294706455874
TCGA-S9-A6TW-01A,cibersortx,0.07412412190626398,0.0,0.0,0.001432256357654871,0.03772961305718851,0.828586450253915,0.027121398191462726,0.031006160233514934
TCGA-S9-A6TX-01A,cibersortx,0.1279953212822477,0.0,0.0,0.0,0.0,0.31215285322580943,0.39646999774166986,0.163381827750273
TCGA-S9-A6TY-01A,cibersortx,0.1392635174258489,0.0,0.0,0.0,0.0,0.13831366342377072,0.45559538462865445,0.26682743452172597
TCGA-S9-A6TZ-01A,cibersortx,0.07683446607756998,0.01932876632457668,0.0,0.0,0.14706569900220687,0.3968288535376492,0.039156533817989364,0.32078568124000795
TCGA-S9-A6U0-01A,cibersortx,0.08483334469053529,0.0,0.0,0.0,0.0,0.9062946926085389,0.0,0.008871962700925766
TCGA-S9-A6U1-01A,cibersortx,0.06805403822278025,0.0004534635238949124,0.0,0.0,0.0,0.3339949876164661,0.4533151359555318,0.1441823746813269
TCGA-S9-A6U2-01A,cibersortx,0.14894882815157587,0.018222168083390545,0.0,0.0,0.027992755452575624,0.2691243433955924,0.02658200617989796,0.5091298987369676
TCGA-S9-A6U5-01A,cibersortx,0.07582015128123977,0.0,0.07257265043981329,0.0,0.2756386633781701,0.12358221774806677,0.06355939185935063,0.3888269252933596
TCGA-S9-A6U6-01A,cibersortx,0.14677081155070104,0.0920137639616284,0.0,0.0,0.0,0.23791940227644223,0.0903824452495924,0.4329135769616358
TCGA-S9-A6U8-01A,cibersortx,0.0606307987530244,0.061421911066842846,0.0,0.0,0.0,0.16762048741546318,0.485418055454338,0.2249087473103316
TCGA-S9-A6U9-01A,cibersortx,0.03537242705748213,0.12505356957161715,0.0,0.0,0.0,0.4862917137000334,0.21699555542088875,0.13628673424997872
TCGA-S9-A6UA-01A,cibersortx,0.09416338981961608,0.18090620098904853,0.009650928491261408,0.004669772494392019,0.4687122634379892,0.19056511663183995,0.019514245001512324,0.031818083134340584
TCGA-S9-A6UB-01A,cibersortx,0.1717264499507628,0.0,0.0,0.0,0.0,0.21487548596416084,0.4643146175836752,0.1490834465014011
TCGA-S9-A6WD-01A,cibersortx,0.16018280072865784,0.0,0.0,0.0,0.0,0.14265917214735482,0.4482893731624579,0.24886865396152935
TCGA-S9-A6WE-01A,cibersortx,0.22449504738255024,0.0,0.0,0.0,0.0,0.34718962083281196,0.13319228995767105,0.29512304182696675
TCGA-S9-A6WG-01A,cibersortx,0.055087667620597705,0.0639032404251295,0.012813746658230655,0.0,0.06823712659245565,0.7204551434549354,0.011522026773154196,0.06798104847549687
TCGA-S9-A6WH-01A,cibersortx,0.21044577575395262,0.0,0.0,0.0,0.0,0.5828463384893763,0.08786247996059346,0.11884540579607764
TCGA-S9-A6WI-01A,cibersortx,0.0,0.0,0.0,0.0,0.0,0.2551486642392062,0.5657809061934125,0.1790704295673813
TCGA-S9-A6WL-01A,cibersortx,0.11439774812084004,0.0,0.0,0.0,0.0,0.7169263205721305,0.023783562737882524,0.14489236856914703
TCGA-S9-A6WM-01A,cibersortx,0.5184907791613165,0.0,0.0,0.0,0.0,0.39620670804259916,0.0,0.08530251279608436
TCGA-S9-A6WN-01A,cibersortx,0.01182617926356034,0.14591851539971126,0.0015449107370866515,0.0,0.11964896792219223,0.36105946351433243,0.003003899626670897,0.35699806353644603
TCGA-S9-A6WO-01A,cibersortx,0.22495184728150372,0.012902130473084113,0.0,0.0,0.1920508915113056,0.12159150271667465,0.08760693100480704,0.3608966970126249
TCGA-S9-A6WP-01A,cibersortx,0.21621242413875466,0.014284344355417675,0.0,0.0,0.0,0.4215361328842826,0.23881921859083424,0.10914788003071088
TCGA-S9-A6WQ-01A,cibersortx,0.07037192121888151,0.044869032982642255,0.0,0.01969116294020847,0.0,0.12068317388144464,0.5246375926886927,0.21974711628813054
TCGA-S9-A7IQ-01A,cibersortx,0.0,0.0,0.06604386093856911,0.0,0.0,0.0887626313558336,0.1584545068438304,0.686739000861767
TCGA-S9-A7IS-01A,cibersortx,0.2243028071882394,0.025683165658689472,0.0,0.01477448395180573,0.0,0.4843363480430402,0.25090319515822523,0.0
TCGA-S9-A7IX-01A,cibersortx,0.31261149263325033,0.035876691708107374,0.0,0.0,0.0,0.40157095089962097,0.04982235242990814,0.2001185123291132
TCGA-S9-A7IY-01A,cibersortx,0.03756105916460999,0.03188853003656022,0.0,0.0,0.41227628973371727,0.13190547815162665,0.11096121076433814,0.2754074321491477
TCGA-S9-A7IZ-01A,cibersortx,0.1532526763766453,0.03973125407634819,0.0,0.0,0.018738372332573895,0.27607314119641624,0.04155917022654351,0.47064538579147286
TCGA-S9-A7J0-01A,cibersortx,0.5352007046749198,0.0,0.0,0.0,0.0,0.2774540825006198,0.12473237659777647,0.06261283622668394
TCGA-S9-A7J1-01A,cibersortx,0.01416733157341131,0.0,0.0,0.0,0.0,0.10936268649537965,0.36551089357997213,0.5109590883512368
TCGA-S9-A7J2-01A,cibersortx,0.23265477134437143,0.0,0.0,0.0,0.0,0.3386202334714442,0.04708459382678754,0.38164040135739685
TCGA-S9-A7J3-01A,cibersortx,0.05239528126350089,0.014013900091863233,0.0,0.0,0.0,0.40116834460413914,0.25929070508315655,0.2731317689573402
TCGA-S9-A7QW-01A,cibersortx,0.3798985606994065,0.0,0.0,0.0,0.0,0.10520738720658901,0.19443090332006419,0.3204631487739404
TCGA-S9-A7QX-01A,cibersortx,0.19703675814546118,0.07991401571646659,0.0,0.0,0.0,0.43779574170177266,0.12661640582920203,0.15863707860709755
TCGA-S9-A7QY-01A,cibersortx,0.08158026494547178,0.0,0.0,0.0,0.0,0.25005807538041686,0.53574376053833,0.13261789913578156
TCGA-S9-A7QZ-01A,cibersortx,0.026453309228441867,0.0,0.03143930373690185,0.0,0.0,0.5968783503185563,0.15315014238371633,0.19207889433238357
TCGA-S9-A7R1-01A,cibersortx,0.19818296132346386,0.0,0.0,0.0,0.0,0.2907656212159824,0.036125701173439675,0.4749257162871141
TCGA-S9-A7R2-01A,cibersortx,0.024511605854399345,0.1472836776053066,0.05624345729543841,0.0,0.0,0.08323841049858105,0.5542671805370757,0.13445566820919883
TCGA-S9-A7R3-01A,cibersortx,0.03412040625434945,0.02123343184401488,0.0,0.0,0.2946617050498542,0.26038867970707086,0.13244431638249407,0.2571514607622166
TCGA-S9-A7R4-01A,cibersortx,0.07289768465526245,0.04635385831408629,0.0,0.0,0.0,0.7965960887263964,0.013639039870479045,0.07051332843377592
TCGA-S9-A7R7-01A,cibersortx,0.0794570564337897,0.1999858863090141,0.0,0.0040595425523999315,0.3280915513350133,0.2401210878935333,0.02705559207868006,0.12122928339756966
TCGA-S9-A7R8-01A,cibersortx,0.1647904943645675,0.10681605558302898,0.0,0.0,0.0,0.31787733208329816,0.3686327639955473,0.04188335397355804
TCGA-S9-A89V-01A,cibersortx,0.33351197748227657,0.06602342906237325,0.0,0.02730791702314227,0.0,0.2636764294686918,0.05458228453225288,0.2548979624312634
TCGA-S9-A89Z-01A,cibersortx,0.21327741633601757,0.1671985369021578,0.0,0.0331383429259978,0.020222791580070794,0.43916222430952334,0.09069745594250248,0.036303232003730174
TCGA-TM-A7C3-01A,cibersortx,0.5613073428602752,0.0,0.0,0.05390216772767162,0.0,0.3433156021055014,0.0,0.041474887306551744
TCGA-TM-A7C4-01A,cibersortx,0.10645395067566817,0.0,0.0,0.0,0.0,0.17602273178674074,0.03402596549111894,0.6834973520464722
TCGA-TM-A7C5-01A,cibersortx,0.23448720843230655,0.0,0.0,0.0,0.0,0.6566830589411378,0.06308865837969896,0.045741074246856604
TCGA-TM-A7CA-01A,cibersortx,0.23067710010719344,0.0,0.0,0.0,0.0,0.11694934898090563,0.3438407644596798,0.3085327864522211
TCGA-TM-A7CF-01A,cibersortx,0.02681686257590075,0.0,0.010040302099620146,0.0,0.0,0.0,0.08952526325588439,0.8736175720685947
TCGA-TM-A7CF-02A,cibersortx,0.0,0.0,0.0,0.026586642964448515,0.0,0.038369266684530536,0.841471607087095,0.09357248326392595
TCGA-TM-A84B-01A,cibersortx,0.2307099170226958,0.0,0.0,0.0,0.0,0.3771981399796072,0.0,0.3920919429976969
TCGA-TM-A84C-01A,cibersortx,0.0620426011048694,0.17657837904082682,0.0,0.0,0.08094975830530843,0.46954114333764774,0.01569117186319068,0.19519694634815696
TCGA-TM-A84F-01A,cibersortx,0.024439838506752406,0.20090192698386924,0.054088179683993494,0.08733837749481309,0.24552418830416856,0.0913871434390792,0.07459189170465268,0.22172845388267132
TCGA-TM-A84G-01A,cibersortx,0.2120546457630917,0.0,0.0,0.0,0.0,0.5713281541100909,0.054803025643375324,0.16181417448344224
TCGA-TM-A84H-01A,cibersortx,0.30305788819278673,0.0,0.0,0.0,0.05585241662469148,0.10839945824304623,0.025954362284254944,0.5067358746552206
TCGA-TM-A84I-01A,cibersortx,0.6828488544891298,0.0,0.0,0.0,0.0,0.14508482734483305,0.018281344602396603,0.15378497356364054
TCGA-TM-A84J-01A,cibersortx,0.4647422566708134,0.0,0.0,0.0,0.0,0.5062595937894431,0.00915678555742935,0.01984136398231415
TCGA-TM-A84L-01A,cibersortx,0.1381094458709625,0.05611698744620481,0.0,0.05441518695878939,0.0,0.156707321681816,0.31527719559539524,0.27937386244683193
TCGA-TM-A84M-01A,cibersortx,0.4860883048369157,0.0,0.0,0.0,0.0,0.18743444595599187,0.10792216543444637,0.21855508377264607
TCGA-TM-A84O-01A,cibersortx,0.1627397306770953,0.0,0.0,0.0,0.03284517808548584,0.3265705246743985,0.15420259376294285,0.3236419728000775
TCGA-TM-A84Q-01A,cibersortx,0.31600255853600795,0.1823569291088715,0.0,0.0,0.0,0.20322961803154763,0.1691053200632694,0.12930557426030348
TCGA-TM-A84R-01A,cibersortx,0.006356340300855186,0.0,0.001007784486922224,0.0,0.0,0.23892642127049707,0.3891408155208309,0.3645686384208946
TCGA-TM-A84S-01A,cibersortx,0.14605473851523973,0.0,0.0,0.0,0.0,0.11501533282535238,0.16421446227247952,0.5747154663869284
TCGA-TM-A84T-01A,cibersortx,0.1325659132364301,0.07918287700692478,0.0,0.0,0.0,0.41734758645899905,0.20845020402965067,0.16245341926799542
TCGA-TQ-A7RF-01A,cibersortx,0.11090893825221779,0.0,0.0,0.0,0.3786395225422033,0.25650705924766914,0.004619320940061131,0.24932515901784863
TCGA-TQ-A7RG-01A,cibersortx,0.15832025398080074,0.0,0.0,0.0,0.0,0.16291955482405476,0.18153098080210137,0.49722921039304313
TCGA-TQ-A7RH-01A,cibersortx,0.3082413493894143,0.0922586728952187,0.0,0.0,0.0,0.2323805882596352,0.1317327048425456,0.23538668461318638
TCGA-TQ-A7RI-01A,cibersortx,0.11788647070320017,0.0,0.0,0.0,0.0,0.1758990153376868,0.39100392591068417,0.3152105880484288
TCGA-TQ-A7RJ-01A,cibersortx,0.1928800634705044,0.053844903359475706,0.0,0.0,0.0,0.24598241034680007,0.04165793134316594,0.4656346914800539
TCGA-TQ-A7RK-01A,cibersortx,0.34534107585552126,0.01451427663728676,0.0,0.0,0.0,0.20388852177284986,0.20952576821266838,0.22673035752167373
TCGA-TQ-A7RM-01A,cibersortx,0.5238844505407396,0.0,0.0,0.0,0.0,0.3574004260566871,0.09584826046921455,0.022866862933358708
TCGA-TQ-A7RN-01A,cibersortx,0.18115215840691093,0.0,0.0,0.0,0.0,0.4085107013971967,0.15544880213332574,0.2548883380625667
TCGA-TQ-A7RO-01A,cibersortx,0.13987045396350126,0.0,0.0,0.0,0.0,0.5111544765337708,0.02332833072457873,0.32564673877814904
TCGA-TQ-A7RP-01A,cibersortx,0.0,0.0,0.009573654761209084,0.0,0.0,0.25806206622372435,0.3662696745181933,0.3660946044968733
TCGA-TQ-A7RQ-01A,cibersortx,0.22486926024829768,0.0,0.0,0.0,0.0,0.46879713812345847,0.025462303030614225,0.28087129859762966
TCGA-TQ-A7RR-01A,cibersortx,0.0359542564967604,0.0,0.0,0.0,0.0,0.06787309915242222,0.6030154653841182,0.2931571789666993
TCGA-TQ-A7RS-01A,cibersortx,0.14557499148414135,0.0,0.0,0.0,0.0,0.2479432941680501,0.29736315363372307,0.3091185607140855
TCGA-TQ-A7RU-01A,cibersortx,0.17155899447266457,0.0,0.0,0.0,0.0,0.5785630763553476,0.10827484074928617,0.14160308842270156
TCGA-TQ-A7RV-01A,cibersortx,0.07326850232204145,0.0,0.0,0.0,0.0,0.3382576447063955,0.30780229374566453,0.28067155922589854
TCGA-TQ-A7RV-02A,cibersortx,0.01738529211685987,0.04229847913005394,0.002107705725166786,0.04466881569544021,0.06182975696685513,0.24037112544592865,0.20029630882118465,0.39104251609851076
TCGA-TQ-A7RW-01A,cibersortx,0.16100809428960483,0.12699185297753537,0.0,0.0,0.0,0.32371264941583594,0.13805034271403704,0.2502370606029868
TCGA-TQ-A8XE-01A,cibersortx,0.24924432892725917,0.06103597075008394,0.0,0.0,0.0,0.3271254111037053,0.17026340399215156,0.1923308852268
TCGA-TQ-A8XE-02A,cibersortx,0.18041763934047253,0.0,0.0,0.0,0.0,0.33387932060471803,0.3572236285904678,0.1284794114643418
TCGA-VM-A8C8-01A,cibersortx,0.16279164229542328,0.09355980127995044,0.0,0.0,0.0,0.10551660513692337,0.2268460339345842,0.4112859173531187
TCGA-VM-A8C9-01A,cibersortx,0.0627343951425367,0.2258673010877724,0.03037860985323986,0.0,0.3362034631777323,0.24640017873204176,0.04310644323426364,0.0553096087724134
TCGA-VM-A8CA-01A,cibersortx,0.010236101649822242,0.0022057066283533017,0.0030013445135237122,0.004482594086222633,0.08292479422676181,0.6381214364948868,0.01435744927216277,0.2446705731282665
TCGA-VM-A8CB-01A,cibersortx,0.31256384727855757,0.007117954786898673,0.0,0.0,0.0,0.4856092968465676,0.03467856940393751,0.1600303316840386
TCGA-VM-A8CD-01A,cibersortx,0.051793047600640414,0.2362894518317215,0.0,0.0,0.0,0.2806313659013575,0.02131276962025794,0.4099733650460226
TCGA-VM-A8CE-01A,cibersortx,0.030335721621324026,0.0,0.0,0.0,0.0,0.22155134932417778,0.5053043721821727,0.2428085568723254
TCGA-VM-A8CF-01A,cibersortx,0.014697269326940992,0.36863188942971803,0.012982508379284032,0.0,0.11701107885943333,0.21170151738045404,0.14581821508365453,0.1291575215405151
TCGA-VM-A8CH-01A,cibersortx,0.14654390042068774,0.034001645779881615,0.0,0.0,0.19166319924286496,0.264955450450633,0.12745277456644408,0.23538302953948861
TCGA-VV-A829-01A,cibersortx,0.2141358738007543,0.0,0.0,0.03282440458860716,0.267581570836109,0.3820881700022477,0.0016386046361925254,0.10173137613608921
TCGA-VV-A86M-01A,cibersortx,0.1467433202099001,0.18926556178063847,0.0,0.02052624156297724,0.0,0.593915581066465,0.012064714514125354,0.037484580865893645
TCGA-VW-A7QS-01A,cibersortx,0.3637293542725323,0.0,0.0,0.0,0.0,0.4932161561586401,0.014168293330080177,0.12888619623874753
TCGA-VW-A8FI-01A,cibersortx,0.6911805379696189,0.08211059183864021,0.0,0.0642159088524439,0.0,0.012313090424466799,0.0741994165684711,0.07598045434635901
TCGA-W9-A837-01A,cibersortx,0.18553990325282765,0.0,0.0,0.0,0.0,0.21113082265846234,0.12582505530939458,0.4775042187793155
TCGA-WH-A86K-01A,cibersortx,0.15156390980644344,0.0,0.01358473043081027,0.0,0.0,0.42441134338651737,0.05740351643100884,0.3530364999452201
TCGA-WY-A858-01A,cibersortx,0.03724437212191899,0.14676050364554913,0.0,0.0,0.0,0.6462055375594374,0.1108845005605116,0.05890508611258289
TCGA-WY-A859-01A,cibersortx,0.0,0.0,0.034605367287488094,0.0,0.0,0.015462328323762911,0.3027233697057943,0.6472089346829548
TCGA-WY-A85A-01A,cibersortx,0.03433801407307924,0.0,0.0020051067652239072,0.0,0.0,0.26852922040221716,0.11040036669120855,0.5847272920682712
TCGA-WY-A85B-01A,cibersortx,0.17989908739656227,0.32007209455865515,0.0,0.0,0.0,0.2419958614034958,0.15413154476822538,0.10390141187306134
TCGA-WY-A85C-01A,cibersortx,0.1647736445805584,0.038561937543912184,0.0,0.0,0.013677075040270104,0.6605654807638469,0.004716377163298853,0.11770548490811363
TCGA-WY-A85D-01A,cibersortx,0.089078859220224,0.14240209381048743,0.0,0.008580788199350355,0.0,0.06777424512119873,0.23069404607956684,0.4614699675691727
TCGA-WY-A85E-01A,cibersortx,0.6836922950752303,0.0,0.0,0.0,0.0,0.12370403028323768,0.011449836128633775,0.18115383851289812
TCGA-CS-4938-01B,cibersortx_smode,0.08202492129462106,0.07798498766824094,0.0,0.43330841831651556,0.2644955887922521,0.1083534163164048,0.030422989194531437,0.0034096784174341773
TCGA-CS-4941-01A,cibersortx_smode,0.10442360225842845,0.23589146706401742,0.18129254436738573,0.0,0.4106533764939193,0.04773489052647764,0.016981238262391903,0.0030228810273795616
TCGA-CS-4942-01A,cibersortx_smode,0.09100180427971734,0.23902174527494924,0.0,0.31997784237702037,0.26217880428932494,0.03980059383436998,0.04685247188632073,0.001166738058297345
TCGA-CS-4943-01A,cibersortx_smode,0.016776498111548226,0.06281983460073406,0.044808190457757344,0.7180740626923878,0.09554933238012209,0.04133623416769405,0.020295002697470827,0.00034084489228564314
TCGA-CS-4944-01A,cibersortx_smode,0.41305561918002326,0.09600312115634749,0.0,0.0,0.4385179683204627,0.0,0.04600645366711007,0.006416837676056509
TCGA-CS-5390-01A,cibersortx_smode,0.02076031097812151,0.028566115449224,0.2748950300870806,0.4461943720439545,0.02667643144619258,0.0929568163671086,0.10767752093809092,0.0022734026902273335
TCGA-CS-5393-01A,cibersortx_smode,0.013544462427737537,0.07835791332390556,0.1532382606979513,0.5211486590108908,0.09956427140559301,0.07769412400645391,0.05304076624120627,0.0034115428862617233
TCGA-CS-5394-01A,cibersortx_smode,0.001253532080992896,0.0,0.3386286542454524,0.5903391153985026,0.0059318117670703755,0.04026128941015077,0.017363817158214584,0.006221779939616369
TCGA-CS-5395-01A,cibersortx_smode,0.06419521195315682,0.10191576274994392,0.10354395016704228,0.40986231291624386,0.22731684397908475,0.009705129913666807,0.0708552914728758,0.012605496847985863
TCGA-CS-5396-01A,cibersortx_smode,0.029829040378907445,0.04964652725503143,0.1916212200024961,0.2675103369691305,0.21892782944902572,0.15475555037993616,0.08654251604979732,0.0011669795156753096
TCGA-CS-5397-01A,cibersortx_smode,0.06085465286164121,0.20900755973006896,0.1943735688511867,0.02743240246694302,0.313585245806476,0.1323664171809908,0.05740092452880808,0.004979228573885114
TCGA-CS-6186-01A,cibersortx_smode,0.002014573121251063,0.05010596170652902,0.2682376228889805,0.5920223180944318,0.07272275793296609,0.0027859896739841927,0.0022726452129783327,0.009838131368878922
TCGA-CS-6188-01A,cibersortx_smode,0.07842139944342626,0.23376023354959327,0.135891667075079,0.3130785972522048,0.07389479067104032,0.12210396278755953,0.04260461748469308,0.0002447317364036339
TCGA-CS-6290-01A,cibersortx_smode,0.10685289354627872,0.21654600895228815,0.0,0.09699175857006118,0.42304415802438033,0.09320412432028381,0.06298135851394755,0.0003796980727601374
TCGA-CS-6665-01A,cibersortx_smode,0.055648603876788195,0.42143639995122,0.016856349040944137,0.0,0.25476771595539704,0.05309769936920936,0.19819323180644136,0.0
TCGA-CS-6666-01A,cibersortx_smode,0.01323112180173363,0.03383881909550892,0.22215779740006103,0.5454768615282948,0.04848113637730061,0.13556034930966307,0.0006113756283027842,0.0006425388591352078
TCGA-CS-6667-01A,cibersortx_smode,0.007848467296434914,0.045402442289595585,0.20129475236328026,0.569884229983647,0.022039957400322212,0.13820409130439165,0.010675404382960786,0.004650654979367664
TCGA-CS-6668-01A,cibersortx_smode,0.014220324606200358,0.006993893749043642,0.24149996570912355,0.527533823394989,0.10703351262198356,0.05636820883271787,0.04357001569073664,0.002780255395205208
TCGA-CS-6669-01A,cibersortx_smode,0.0,0.006158928850946132,0.47620688249361853,0.3854607486712215,0.024295399655606217,0.0059506292080898394,0.09143377224914444,0.010493638871373365
TCGA-CS-6670-01A,cibersortx_smode,0.01452690871906793,0.010767756083670678,0.15144492198245382,0.570616326351835,0.07812074912433296,0.14236656754815116,0.028884762013384017,0.003272008177104336
TCGA-DB-5270-01A,cibersortx_smode,0.046099357765718815,0.08867584241707012,0.25308275119943824,0.14443026946906415,0.32767544989083364,0.04945174896331652,0.08366630996957675,0.006918270324981787
TCGA-DB-5273-01A,cibersortx_smode,0.25624027021900375,0.2125641486475327,0.0,0.11854325878633004,0.1942955591004103,0.18148054217668388,0.036876221070039336,0.0
TCGA-DB-5274-01A,cibersortx_smode,0.048166445206043525,0.12572341558085556,0.29957126263494416,0.3249451826837565,0.07022929001287588,0.03422314812363387,0.09686808986881557,0.00027316588907493966
TCGA-DB-5275-01A,cibersortx_smode,0.04156094725109284,0.04320023143906846,0.09725288726102747,0.5597707713020538,0.07178160306131937,0.17330749198893275,0.010125143242068958,0.00300092445443629
TCGA-DB-5276-01A,cibersortx_smode,0.07767995874645035,0.18472874858210014,0.016204904198051,0.011926237697666847,0.3856782841610113,0.049983140027240934,0.27154764526629704,0.002251081321182375
TCGA-DB-5277-01A,cibersortx_smode,0.013499239434940238,0.07116165078916706,0.2405133846835305,0.33659421239720555,0.1596081192731272,0.07622158078909988,0.09728182965549244,0.005119982977436979
TCGA-DB-5278-01A,cibersortx_smode,0.011910684430796438,0.014252127292153517,0.10216745842120933,0.5513455001508677,0.11513241917559801,0.16635524098216947,0.035724662107617294,0.003111907439588152
TCGA-DB-5280-01A,cibersortx_smode,0.03837798889087596,0.03636066863818705,0.05739742701572533,0.7025056875902064,0.07079890212393099,0.07524255663433312,0.017766616115657243,0.001550152991083896
TCGA-DB-5281-01A,cibersortx_smode,0.03298688769655907,0.0785532461302816,0.21564774537624645,0.47153340163828295,0.06957802740020431,0.09825445320068912,0.026852607225444265,0.006593631332292265
TCGA-DB-A4X9-01A,cibersortx_smode,0.02714153726192594,0.04110361985555997,0.08694832635393385,0.7880420165268863,0.02733887213754328,0.01502194196981518,0.010607034403429482,0.0037966514909058982
TCGA-DB-A4XA-01A,cibersortx_smode,0.05954387994557719,0.05633438579542272,0.1273678161081156,0.38886312287395675,0.19029174859998974,0.11415747875968406,0.061592541254878515,0.0018490266623754168
TCGA-DB-A4XB-01A,cibersortx_smode,0.01758167770455437,0.02174535213381375,0.1966007606724416,0.5228772024622186,0.13618460426735302,0.08180712518389173,0.02106176459336954,0.0021415129823575177
TCGA-DB-A4XC-01A,cibersortx_smode,0.02953464338336412,0.0689170586076177,0.023114815350366465,0.5563834183474808,0.26273738433219246,0.04304613460522871,0.013860195017945305,0.002406350355804485
TCGA-DB-A4XD-01A,cibersortx_smode,0.030837542685083565,0.0446328882962528,0.04102400635632803,0.716672082017628,0.06969764175762222,0.05224305141576923,0.04266954153711904,0.0022232459341972642
TCGA-DB-A4XE-01A,cibersortx_smode,0.03023514140535691,0.04180394590550621,0.027007828662379524,0.7830054353850009,0.06671246651916131,0.015773294123512405,0.034113022034878364,0.0013488659642045034
TCGA-DB-A4XF-01A,cibersortx_smode,0.05581173039757486,0.045828836579695505,0.29661951979738327,0.28028168533902936,0.23088602332531835,0.08432701584890068,0.004490843915500198,0.0017543447965977443
TCGA-DB-A4XG-01A,cibersortx_smode,0.005708524190448305,0.0005794912539616245,0.11719248412655033,0.7042253239836836,0.05117342359821145,0.10536602587917122,0.012651863918197517,0.0031028630497760656
TCGA-DB-A4XH-01A,cibersortx_smode,0.0,0.01946429172941926,0.2226158965114769,0.5933371470440046,0.025133126893755763,0.04705443524900208,0.08496389410205522,0.0074312084702859525
TCGA-DB-A64L-01A,cibersortx_smode,0.016892638293395525,0.04294254289582608,0.4350721154505682,0.23433115464096896,0.11763152230959484,0.08420122937716887,0.05703202542200824,0.011896771610469268
TCGA-DB-A64O-01A,cibersortx_smode,0.3088583946598534,0.18877478813563964,0.04589297754299962,0.0,0.27370058192270025,0.0,0.17036094392111312,0.012412313817693936
TCGA-DB-A64P-01A,cibersortx_smode,0.028133265953944754,0.05710122283085265,0.3209436375371583,0.37335180003390844,0.023040111116834003,0.1360870113455646,0.05695163748110482,0.004391313700632496
TCGA-DB-A64Q-01A,cibersortx_smode,0.02445893856245715,0.025407658417819404,0.14829892915908258,0.5797147192083106,0.01670422521859813,0.1522004190384595,0.047272277136104025,0.005942833259168522
TCGA-DB-A64R-01A,cibersortx_smode,0.0147475231980151,0.01570905250699476,0.06156437074286317,0.7251072923975275,0.030016157964296058,0.1272162169168057,0.024128176050137114,0.0015112102233606288
TCGA-DB-A64S-01A,cibersortx_smode,0.06738950006434208,0.2692857709732769,0.007694423285931958,0.38896804540238766,0.0723773191043253,0.1407822941303614,0.05320527575137129,0.0002973712880034548
TCGA-DB-A64U-01A,cibersortx_smode,0.015611200194696563,0.04559186283195691,0.046735350337985336,0.563358123165167,0.019005759233860935,0.16817440358917085,0.1395843538127819,0.0019389468343804918
TCGA-DB-A64V-01A,cibersortx_smode,0.07840177076190318,0.16583548446526222,0.008709916026821281,0.1566408637927323,0.333427116483281,0.08586437719500489,0.1711204712749951,0.0
TCGA-DB-A64W-01A,cibersortx_smode,0.003462323302796186,0.0,0.27032488387239123,0.6403335385500037,0.016105492584550216,0.011839943482146741,0.05500856224646755,0.0029252559616442316
TCGA-DB-A64X-01A,cibersortx_smode,0.0357011995000937,0.03437167679287154,0.2678581716681389,0.4506759756304339,0.04360937392052097,0.14725079111908576,0.015150798823427186,0.005382012545428136
TCGA-DB-A75K-01A,cibersortx_smode,0.17802474598128235,0.28088350987860744,0.058650646574751546,0.0,0.12808464172347114,0.22787309260012162,0.1264833632417659,0.0
TCGA-DB-A75L-01A,cibersortx_smode,0.05957477102023638,0.1683620404675387,0.41336620903493587,0.18089907373896802,0.06832368723466566,0.030609778997249468,0.0714854235675354,0.007379015938870438
TCGA-DB-A75M-01A,cibersortx_smode,0.11580695342025286,0.06277371561865068,0.0,0.3975067135180483,0.20614943348157744,0.17338461771999908,0.043811167351490876,0.0005673988899807582
TCGA-DB-A75O-01A,cibersortx_smode,0.14903484356432636,0.1461279718689085,0.0,0.03884354997240992,0.3581845348060822,0.270127077748019,0.03768202204025399,0.0
TCGA-DB-A75P-01A,cibersortx_smode,0.03890623144812941,0.03833937501068507,0.08877603176794259,0.291964076004353,0.3077989730916865,0.19074775084708648,0.03962694886053552,0.0038406129695814895
TCGA-DH-5140-01A,cibersortx_smode,0.041228735405991486,0.04616806527791655,0.11858040147883213,0.7454242818744247,0.015382698732824291,0.02594717002358333,0.006655543794808705,0.0006131034116189513
TCGA-DH-5142-01A,cibersortx_smode,0.044064590774353235,0.1393227959971754,0.002007687884083447,0.5873538688494185,0.17313415319950276,0.05098250266260579,0.0031344006328608946,0.0
TCGA-DH-5143-01A,cibersortx_smode,0.0709321199336478,0.08244921374802544,0.0,0.44416599894627073,0.31714281892957563,0.06739195002489562,0.01591907057765827,0.001998827839926621
TCGA-DH-5144-01A,cibersortx_smode,0.020004673249755175,0.01352924153565602,0.11296853746424032,0.5954474581927007,0.12747038431817995,0.11515937845761463,0.01386884087426685,0.0015514859075863978
TCGA-DH-A669-01A,cibersortx_smode,0.032684511325110084,0.06124797576998846,0.3764858993782739,0.05270465408451863,0.4048633939439484,0.03881570043798267,0.033197865060177766,0.0
TCGA-DH-A669-02A,cibersortx_smode,0.021528345094973377,0.08315562681153342,0.47240893842106624,0.307291982321231,0.020457814336173368,0.07450204281854662,0.02065525019647604,0.0
TCGA-DH-A66B-01A,cibersortx_smode,0.10334582493784658,0.2389652650353494,0.0,0.3712322010338921,0.28102509770686845,0.005431611286043557,0.0,0.0
TCGA-DH-A66D-01A,cibersortx_smode,0.0517160625717377,0.11088102825801933,0.1546787457007761,0.5364016420770954,0.054411935266298374,0.08024153471301645,0.010893959408321954,0.0007750920047346269
TCGA-DH-A66F-01A,cibersortx_smode,0.1104172635895416,0.028177488604279675,0.07279644935805299,0.0,0.19465471509357254,0.5476784813328713,0.04066241948420338,0.00561318253747836
TCGA-DH-A66G-01A,cibersortx_smode,0.09977982492322701,0.10882803708134706,0.19379128909996032,0.40065586195653075,0.17970809565192614,0.0,0.014700183197473057,0.00253670808953563
TCGA-DH-A7UR-01A,cibersortx_smode,0.0011399358061532582,0.0,0.42673449829895677,0.4892405506683711,0.014623285584713784,0.044471768784621314,0.019325289378957944,0.0044646714782259275
TCGA-DH-A7US-01A,cibersortx_smode,0.030530783360145988,0.038751149524632406,0.10257020839530154,0.3877456670280786,0.07251813885625655,0.23652314592351495,0.1274091286907657,0.003951778221304177
TCGA-DH-A7UT-01A,cibersortx_smode,0.0699263626587468,0.11046713214683515,0.03664055492336149,0.15689550224177798,0.2527055646005441,0.20422991998550646,0.16770731213276766,0.0014276513104602981
TCGA-DH-A7UU-01A,cibersortx_smode,0.04840364333306199,0.07571460994297366,0.28544095691780164,0.3745971869985521,0.10770245175840719,0.052500343854301794,0.05537021709531952,0.00027059009958200304
TCGA-DH-A7UV-01A,cibersortx_smode,0.06841279184704853,0.11960480815805576,0.07247562174836185,0.496063527773039,0.17762158533335112,0.003969677995070792,0.05751180464742659,0.004340182497646352
TCGA-DU-5847-01A,cibersortx_smode,0.12077151067462044,0.48424525264882873,0.31704642188791987,0.0,0.015865968814219613,0.027919524032243938,0.02628097558232126,0.00787034635984598
TCGA-DU-5849-01A,cibersortx_smode,0.030840603514782964,0.03427599871337702,0.16669736129615953,0.3878337242918702,0.15569108570913928,0.12809677254667887,0.09157957892371925,0.004984875004272786
TCGA-DU-5851-01A,cibersortx_smode,0.04260791278541717,0.090730244203737,0.17175919309947357,0.22017920212843667,0.10512520216651637,0.17819906567396837,0.18328265954872291,0.008116520393727953
TCGA-DU-5852-01A,cibersortx_smode,0.050268633757971304,0.219561953031544,0.2873616101447806,0.16980849002864998,0.08172788106002839,0.17418247318114088,0.01297155982114212,0.004117398974742773
TCGA-DU-5853-01A,cibersortx_smode,0.01932845780184186,0.055971604485864884,0.027444896184439273,0.6335711866066408,0.17923173920965538,0.062061624603182756,0.020217856982754138,0.00217263412562083
TCGA-DU-5854-01A,cibersortx_smode,0.13093404625142163,0.28771254560455306,0.09103900258469505,0.0,0.03949245896307732,0.15572822375048767,0.2950937228457654,0.0
TCGA-DU-5855-01A,cibersortx_smode,0.045252407028985156,0.13652219433758694,0.1579539384338171,0.42858611165287547,0.11259266105206411,0.10875840802050915,0.008954134534752928,0.0013801449394091874
TCGA-DU-5870-02A,cibersortx_smode,0.05890304524263743,0.021954227791128694,0.5416908538514884,0.32821959172830273,0.0,0.0,0.045081960827319356,0.004150320559123348
TCGA-DU-5871-01A,cibersortx_smode,0.020128352448973263,0.05570767142378095,0.1476292986536295,0.6016052928933103,0.09870237003274142,0.06531109176857156,0.008170136146223318,0.0027457866327696675
TCGA-DU-5872-01A,cibersortx_smode,0.1091756127574644,0.14072249729170896,0.0006866098576909557,0.010489642521005217,0.5959439254753609,0.10658415024863807,0.03602531531329867,0.00037224653483277915
TCGA-DU-5872-02A,cibersortx_smode,0.043710378885995875,0.19027678002773385,0.05225042838414983,0.0,0.6240909125003983,0.010154509430091085,0.07951699077163109,0.0
TCGA-DU-6392-01A,cibersortx_smode,0.01311738437807712,0.16536369804445913,0.219654644904034,0.4774669344614125,0.05098360180361533,0.031143718348054985,0.04209821641970963,0.00017180164063731288
TCGA-DU-6393-01A,cibersortx_smode,0.024221581242762403,0.0035577579992323136,0.17845201564011862,0.638949608119139,0.07727350102620355,0.055908721484479,0.021023910230256963,0.0006129042578081255
TCGA-DU-6394-01A,cibersortx_smode,0.12581487982201353,0.032527190328060965,0.11874376090860639,0.5700750980950711,0.09318043739242515,0.047066115640327234,0.012592517813495626,0.0
TCGA-DU-6395-01A,cibersortx_smode,0.030642715020120167,0.094000858050068,0.12833300875449336,0.5516812306768569,0.06453869824563763,0.08249409261173213,0.04709283114210283,0.0012165654989889987
TCGA-DU-6396-01A,cibersortx_smode,0.028317766507200307,0.23814885392039828,0.0,0.2794275832182276,0.2250239902942417,0.20423740076317828,0.024844405296753774,0.0
TCGA-DU-6397-01A,cibersortx_smode,0.023245670490625384,0.018472569303987735,0.08399801625435038,0.5571774207956491,0.1261580077962974,0.16277664630238087,0.025366201458604194,0.002805467598105052
TCGA-DU-6397-02A,cibersortx_smode,0.03779382118771653,0.024059815285334393,0.3047182845097048,0.40264746167034837,0.06403054276064478,0.11610721024975992,0.05064286433649119,0.0
TCGA-DU-6399-01A,cibersortx_smode,0.048552416549250986,0.09054283207229248,0.0,0.5407014791350303,0.1746693980832158,0.11797690811040037,0.026449883589120385,0.0011070824606896027
TCGA-DU-6400-01A,cibersortx_smode,0.022278128375853162,0.0189467798458851,0.2939179803991973,0.48669667021604784,0.030343020636330906,0.10844115319283316,0.03773900631699215,0.0016372610168603535
TCGA-DU-6401-01A,cibersortx_smode,0.009957756825255024,0.041410473960155805,0.24197977672497034,0.5905486491938262,0.0335042165821394,0.07385949029531241,0.005800316268480569,0.0029393201498602558
TCGA-DU-6402-01A,cibersortx_smode,0.017178218983664416,0.1764003032831133,0.13199678042633403,0.34166703392656556,0.181275081548155,0.15042290418295637,0.0006350752831724552,0.000424602366038924
TCGA-DU-6403-01A,cibersortx_smode,0.06028822825818791,0.3248122355183204,0.1509002959955357,0.0,0.22045650222501717,0.03793548323581462,0.20481474680694048,0.0007925079601837123
TCGA-DU-6404-01A,cibersortx_smode,0.0,0.03561469206097652,0.23912797266807811,0.6367472156781668,0.05322712811485825,0.03171401547588273,0.0,0.003568976002037589
TCGA-DU-6405-01A,cibersortx_smode,0.15381834391661547,0.17840185200594147,0.08428114942425337,0.16276172619493645,0.36064764758081647,0.0583314478743609,0.0,0.0017578330030760204
TCGA-DU-6406-01A,cibersortx_smode,0.04200523061131862,0.10904154185464547,0.34220986956395827,0.3542370239333542,0.05053888961066188,0.10045265023867438,0.0,0.0015147941873871829
TCGA-DU-6407-01A,cibersortx_smode,0.027064679772221847,0.04253886321388389,0.12977605962796868,0.6306968748454219,0.07151253409734007,0.07980746163137681,0.017533329767482175,0.0010701970443045873
TCGA-DU-6408-01A,cibersortx_smode,0.028599721881314644,0.048824128894315234,0.043475907749079036,0.6410416939031481,0.14531999549515087,0.08200313126182647,0.009972974627565894,0.0007624461875996539
TCGA-DU-6410-01A,cibersortx_smode,0.012735373018440285,0.0,0.26911816734189836,0.606496578590939,0.07294368416633973,0.004970828176061668,0.03290818253997894,0.0008271861663420803
TCGA-DU-6542-01A,cibersortx_smode,0.025139948887962314,0.0814240928719918,0.09169869651618509,0.47640783160821515,0.16861391620209065,0.11775526581207105,0.03858887129139693,0.00037137681008705926
TCGA-DU-7006-01A,cibersortx_smode,0.03968931948461062,0.28185085314942765,0.19156226394798692,0.0,0.3090555643112187,0.16184814871533312,0.015546160307588259,0.0004476900838346381
TCGA-DU-7007-01A,cibersortx_smode,0.03846551349288032,0.10696480892647875,0.06432994950856523,0.2904610547858827,0.4516309736661731,0.04711354407600542,0.0010341555440146113,0.0
TCGA-DU-7008-01A,cibersortx_smode,0.015089350726082366,0.017001870872759343,0.08251532717269475,0.6226145314575436,0.23268097070188273,0.01810468752519657,0.01062015130927108,0.0013731102345694464
TCGA-DU-7009-01A,cibersortx_smode,0.00895526567099791,0.023004210319932963,0.22743936373505821,0.5411404868713511,0.013238270437373674,0.07670481977610948,0.10553059773079361,0.003986985458383057
TCGA-DU-7010-01A,cibersortx_smode,0.08862459345064126,0.15375245456971592,0.23800625093684735,0.06150469396918263,0.10599191658271358,0.13553673725550977,0.2145481164047326,0.0020352368306569566
TCGA-DU-7011-01A,cibersortx_smode,0.029411888962541082,0.16554122312309436,0.13313661018509174,0.38124512171083946,0.21234646262397205,0.041521044497578534,0.03286281312138774,0.003934835775494963
TCGA-DU-7012-01A,cibersortx_smode,0.11916913362502853,0.24738195716062733,0.01803243572369038,0.0,0.6126379240342958,0.0019084259513794078,0.0,0.0008701235049783456
TCGA-DU-7013-01A,cibersortx_smode,0.22180558886469665,0.40400930616993336,0.1962784789733001,0.0,0.12797063008875958,0.04404606683549555,0.005889929067814799,0.0
TCGA-DU-7014-01A,cibersortx_smode,0.0718742497404001,0.10231711679960198,0.43729138177502347,0.0,0.07219857711441234,0.26977663736300267,0.045009943514610476,0.00153209369294886
TCGA-DU-7015-01A,cibersortx_smode,0.046253019698448763,0.10212809227305474,0.0,0.4091462110814052,0.355983391680832,0.07652688420902573,0.009345160350416997,0.000617240706816631
TCGA-DU-7018-01A,cibersortx_smode,0.006367513491933464,0.0,0.21995452203334975,0.6050765951586414,0.054170338205416314,0.09850786367009295,0.014439753475240307,0.0014834139653258193
TCGA-DU-7019-01A,cibersortx_smode,0.009226427187602533,0.08244823877576074,0.3962580852329569,0.3614030162182358,0.10155697659913737,0.018422089927612864,0.02070611522980313,0.009979050828890728
TCGA-DU-7292-01A,cibersortx_smode,0.0738581594566328,0.03950420971766711,0.5468462243233733,0.0,0.24328364255539026,0.03446910086219444,0.05481815325640763,0.007220509828334522
TCGA-DU-7294-01A,cibersortx_smode,0.011913151312817062,0.028408408369540377,0.06694469060108683,0.6760146403511125,0.020540828732118266,0.14549931100599606,0.0490832635736069,0.00159570605372194
TCGA-DU-7298-01A,cibersortx_smode,0.018467654491530167,0.1127244629242594,0.10854456507505064,0.5391552904074028,0.056054637600149955,0.07931106991270007,0.08360156728799634,0.0021407523009106455
TCGA-DU-7299-01A,cibersortx_smode,0.015946349125521,0.058918777226214206,0.06985928266647613,0.5893438046771058,0.0917067882318865,0.11291822349476362,0.05932315035325988,0.0019836242247729566
TCGA-DU-7300-01A,cibersortx_smode,0.07228720693283446,0.058506705829757304,0.33471462970231364,0.2800217887376654,0.13955579212867358,0.0,0.10631711850762103,0.008596758161134505
TCGA-DU-7301-01A,cibersortx_smode,0.0768819843697071,0.2073563684594783,0.008689592158445282,0.4076551893022168,0.12959589383491196,0.05577330058864796,0.11404767128659261,0.0
TCGA-DU-7302-01A,cibersortx_smode,0.020522538921133416,0.013504178762320842,0.18261198760504124,0.47331614247902354,0.098752258328119,0.17472292177536558,0.03210489764690133,0.004465074482095038
TCGA-DU-7304-01A,cibersortx_smode,0.0847282724635216,0.11249005586985662,0.001825372761865551,0.3243253792964983,0.368990606619067,0.05487469913226197,0.04754549944255306,0.005220114414375838
TCGA-DU-7304-02A,cibersortx_smode,0.3260741451122627,0.08147166409743675,0.2110567228882837,0.012841976089482234,0.33810143318203034,0.013775432756925537,0.01667862587357874,0.0
TCGA-DU-7306-01A,cibersortx_smode,0.03286528782568089,0.07496714187175463,0.13631572566397226,0.5380153785107512,0.1288375913919222,0.059714509189788524,0.027153363824193994,0.0021310017219363705
TCGA-DU-7309-01A,cibersortx_smode,0.012271248897380491,0.019091299556766934,0.3077329240303364,0.5821168698080175,0.019535573494556997,0.04299765319747137,0.010877460150906593,0.0053769708645635605
TCGA-DU-8158-01A,cibersortx_smode,0.219853557393813,0.3527251479946154,0.07817925634496267,0.0,0.22158978661321851,0.03849639567947743,0.08880314289983508,0.00035271307407782075
TCGA-DU-8161-01A,cibersortx_smode,0.009226457176027597,0.16768558132136263,0.2447362471453148,0.4255919368927973,0.04125386607918615,0.08136001552099564,0.020614847966404143,0.009531047897911796
TCGA-DU-8162-01A,cibersortx_smode,0.04446881598810921,0.1530515903979004,0.24799129170489617,0.0,0.14357364386473365,0.05929948427928958,0.33817864638184614,0.013436527383224909
TCGA-DU-8163-01A,cibersortx_smode,0.050642732284495694,0.1093751123920789,0.0,0.4524374302109288,0.2567409786857871,0.07641092819677375,0.05413528471282934,0.0002575335171062931
TCGA-DU-8164-01A,cibersortx_smode,0.008207691494375592,0.004477601745601737,0.0987296083207217,0.7045897228629479,0.06134648551444932,0.10332750343182552,0.01669951682728114,0.0026218698027970517
TCGA-DU-8165-01A,cibersortx_smode,0.025599189813299818,0.1593786034513878,0.15370399640711388,0.3980346184602873,0.23573543446746215,0.015546328871326032,0.012001828529122903,0.0
TCGA-DU-8166-01A,cibersortx_smode,0.008216663214720305,0.0565630345773057,0.08852782896485994,0.7512640686379325,0.040595858657617744,0.04451953609358631,0.006996600557715396,0.0033164092962621283
TCGA-DU-8167-01A,cibersortx_smode,0.05194663700348517,0.18936023648968717,0.06013712287794766,0.37617585343397436,0.07330133670599398,0.11372955528897856,0.1346184160880121,0.0007308421119210335
TCGA-DU-8168-01A,cibersortx_smode,0.005411520761169125,0.01019136784957745,0.3467453713186711,0.39460062896476755,0.16395423082281765,0.04739674285288065,0.027458979028524084,0.0042411584015923515
TCGA-DU-A5TP-01A,cibersortx_smode,0.02508375178795641,0.26673326154921567,0.03387563524047382,0.5151423010481838,0.10881995114732652,0.03777108503444821,0.012574014192395644,0.0
TCGA-DU-A5TR-01A,cibersortx_smode,0.06399892833753353,0.2982072378611387,0.16052896965012167,0.0,0.4499429881700058,0.0,0.027321875981200276,0.0
TCGA-DU-A5TS-01A,cibersortx_smode,0.057502216484013956,0.18489175362745205,0.23546313943011055,0.0,0.15450672399478033,0.12753011137270076,0.236572490098204,0.0035335649927382955
TCGA-DU-A5TT-01A,cibersortx_smode,0.28373380308111057,0.21586128763202114,0.023553086527567005,0.0,0.3353309126636829,0.03268921377516275,0.10883169632045564,0.0
TCGA-DU-A5TU-01A,cibersortx_smode,0.0537352603980804,0.23071039969236926,0.06158303991365504,0.40156241940110404,0.17367992759949463,0.07111614487159398,0.006534715869600209,0.0010780922541023816
TCGA-DU-A5TW-01A,cibersortx_smode,0.03348019113451158,0.07174942015611538,0.1711476361882201,0.6293526913118788,0.02257582381229312,0.04475688579824041,0.025982388127761546,0.0009549634709790871
TCGA-DU-A5TY-01A,cibersortx_smode,0.046049226194651634,0.39608075597098547,0.17022271603363387,0.0,0.26628640081147653,0.0776063500550618,0.04298614678931862,0.00076840414487216
TCGA-DU-A6S2-01A,cibersortx_smode,0.01334881409777526,0.014255210205722714,0.24324743701619295,0.3702325216338296,0.09225022737905968,0.16599842179982963,0.09562698213224621,0.005040385735344056
TCGA-DU-A6S3-01A,cibersortx_smode,0.00722982729098091,0.001283154680242616,0.25298711401325125,0.5257296851181265,0.06236517164024599,0.08764892757116302,0.059959498922199324,0.002796620763790427
TCGA-DU-A6S6-01A,cibersortx_smode,0.01579300603642044,0.0,0.2550878536744278,0.5566628145397824,0.05099280445764199,0.09542727727041826,0.022408427809752395,0.0036278162115567984
TCGA-DU-A6S7-01A,cibersortx_smode,0.039486253183408315,0.16340014472580927,0.2555994383564216,0.41416844063769215,0.038851345757924066,0.017474690764828337,0.0693989208685501,0.0016207657053662632
TCGA-DU-A6S8-01A,cibersortx_smode,0.03459986505062064,0.027690958188408554,0.3050418743966667,0.40167182631702786,0.10764646383686181,0.055475644565497625,0.06718683428013436,0.0006865333647824645
TCGA-DU-A76K-01A,cibersortx_smode,0.09323316251969405,0.010491502436184063,0.7129906847793428,0.0,0.08410031434373653,0.00715994893494858,0.07115606499793835,0.02086832198815565
TCGA-DU-A76L-01A,cibersortx_smode,0.005961054575100076,0.24748079924603286,0.3717116091910254,0.04872091222731761,0.10024033318000738,0.14333475487518596,0.08193403189934663,0.0006165048059841825
TCGA-DU-A76O-01A,cibersortx_smode,0.08555603834313091,0.18890381587022462,0.0,0.3496084108941151,0.29710271926284876,0.047928626479681526,0.030328466215264333,0.0005719229347347805
TCGA-DU-A76R-01A,cibersortx_smode,0.015587345256890373,0.005678453181218052,0.15827378478636844,0.6268867835720089,0.05337096143864438,0.11385458617098608,0.021299084791191938,0.0050490008026919326
TCGA-DU-A7T6-01A,cibersortx_smode,0.055599537581102476,0.049107907119759014,0.38207198963829186,0.27842152956371274,0.06544152438142738,0.047815662647331586,0.12095280960879433,0.0005890394595804935
TCGA-DU-A7T8-01A,cibersortx_smode,0.03703275578700419,0.06676377309279033,0.014875784503772348,0.7421089133956831,0.09264910216921506,0.04109380487928592,0.005460301296870942,1.5564875378173396e-05
TCGA-DU-A7TA-01A,cibersortx_smode,0.01512666813604744,0.08750521867855464,0.10896937237737815,0.6087516220324539,0.09046405651460437,0.08686785038665677,0.002315211874304805,0.0
TCGA-DU-A7TB-01A,cibersortx_smode,0.011793683582813741,0.04976600604301185,0.18200711426606586,0.26457553699453285,0.08364421803237003,0.03742684618621098,0.3687536511054452,0.002032943789549614
TCGA-DU-A7TC-01A,cibersortx_smode,0.023213291675393773,0.03837368557477304,0.11413762555923503,0.6898850817214301,0.06744562249455908,0.04914362089773638,0.015120600894213717,0.002680471182658876
TCGA-DU-A7TD-01A,cibersortx_smode,0.04031636111715793,0.25673523833496037,0.3242738576299607,0.22357277255713337,0.12357736268385194,0.02595508825371663,0.004564289609492188,0.0010050298137269933
TCGA-DU-A7TG-01A,cibersortx_smode,0.026742454398510276,0.06895397939345284,0.6175234260161244,0.0,0.1351723606707058,0.046018256644108475,0.0903252295196061,0.015264293357492055
TCGA-DU-A7TI-01A,cibersortx_smode,0.036221737114226715,0.07723414576308946,0.040204703258019385,0.5419905352993899,0.21784554679340626,0.06516435747810059,0.0193273324531392,0.0020116418406284017
TCGA-DU-A7TJ-01A,cibersortx_smode,0.046279501528325814,0.1634749662150475,0.4271373558923209,0.26190614631250414,0.039998579741052066,0.051694092187262786,0.008224612208447354,0.0012847459150395347
TCGA-E1-5302-01A,cibersortx_smode,0.04831802330576573,0.08734092962321455,0.02603700985431207,0.6069530460012271,0.17998074872622458,0.03372907729681555,0.016635076879780823,0.0010060883126595114
TCGA-E1-5303-01A,cibersortx_smode,0.12038699120365058,0.2765424730771967,0.0,0.2054862982437848,0.20247465559163302,0.10571509600390663,0.08939448587982834,0.0
TCGA-E1-5304-01A,cibersortx_smode,0.008691741826686606,0.037574111416813785,0.17905247452558484,0.6236864642274185,0.045277335434985314,0.05260677591489202,0.052366764116624276,0.0007443325369947248
TCGA-E1-5305-01A,cibersortx_smode,0.03310431375247569,0.10086792088450787,0.2193258677845856,0.35121523036212354,0.06423612918815012,0.16877754798441508,0.05470235985178926,0.007770630191952935
TCGA-E1-5307-01A,cibersortx_smode,0.01641333114126068,0.0688746251499036,0.12873109527399673,0.6495450376021767,0.10533232011640299,0.0,0.025575193864547815,0.005528396851711403
TCGA-E1-5311-01A,cibersortx_smode,0.004670893784540428,0.015681590272966346,0.1398120930733347,0.6070351072400743,0.05061077222361906,0.1570580005824236,0.021695819903505144,0.0034357229195365754
TCGA-E1-5318-01A,cibersortx_smode,0.0,0.03687934920525185,0.23178770564616055,0.497520565322034,0.025551186068776557,0.194500305489681,0.013106325891575711,0.0006545623765203225
TCGA-E1-5319-01A,cibersortx_smode,0.0410085997506912,0.07532457052588319,0.154679598409584,0.25348771339079385,0.10800465203717695,0.23523835319698005,0.12821369141575295,0.004042821273137817
TCGA-E1-5322-01A,cibersortx_smode,0.02949590487716877,0.19324013461310738,0.025414372670070046,0.5785973528835683,0.10129807359099972,0.055282358422297624,0.015082501353641383,0.0015893015891469107
TCGA-E1-A7YD-01A,cibersortx_smode,0.024776995487598277,0.06584591243566479,0.34373407776647946,0.46344867206828827,0.031409115727365655,0.06168171194105556,0.004201996691505604,0.0049015178820424055
TCGA-E1-A7YE-01A,cibersortx_smode,0.07436225239964238,0.32909524413211794,0.2906470141910123,0.0,0.10958638501064763,0.17648022143998,0.018985790956998334,0.0008430918696015088
TCGA-E1-A7YH-01A,cibersortx_smode,0.03620955389746932,0.10195413459151728,0.03651100950658867,0.5116887048283635,0.06924166252010275,0.08560231841353037,0.1563781204338319,0.0024144958085962833
TCGA-E1-A7YI-01A,cibersortx_smode,0.008861001903430263,0.0893975989500113,0.17763582223738827,0.6300316855573673,0.017419198808956357,0.03189875204802126,0.04475594049482515,0.0
TCGA-E1-A7YJ-01A,cibersortx_smode,0.08148118692319307,0.27355871371814083,0.23147494875302255,0.0,0.1037461536623187,0.2254932350241868,0.08424576191913817,0.0
TCGA-E1-A7YK-01A,cibersortx_smode,0.0849667909847063,0.4206754383924666,0.015171775314587636,0.0,0.16981322602203908,0.04599749507070946,0.2633752742154909,0.0
TCGA-E1-A7YL-01A,cibersortx_smode,0.07647211915985844,0.33653219007363544,0.07520599686284135,0.0,0.45074891592830085,0.06104077797536384,0.0,0.0
TCGA-E1-A7YM-01A,cibersortx_smode,0.041619304033953745,0.10708178865286981,0.11910417560755107,0.16410914725475742,0.13424870831038851,0.1253817607745198,0.30197039809003295,0.006484717275926862
TCGA-E1-A7YN-01A,cibersortx_smode,0.0928663266047875,0.4363096201644218,0.07492109719407494,0.0,0.3486065684003294,0.0,0.04697213347118349,0.00032425416520291445
TCGA-E1-A7YO-01A,cibersortx_smode,0.017097942879506358,0.005254298194846813,0.09825619420463412,0.6166313824463796,0.10431944489025516,0.14083613171223133,0.013907970427231301,0.0036966352449153412
TCGA-E1-A7YQ-01A,cibersortx_smode,0.09585286745104356,0.47865075077933184,0.13502197456468412,0.0,0.18220024090421402,0.10694747764031462,0.0,0.0013266886604118063
TCGA-E1-A7YS-01A,cibersortx_smode,0.022047315075867154,0.003356277429120442,0.21859935843736591,0.6623409194334123,0.0599804959435874,0.0022499156402266407,0.030865754994114848,0.0005599630463053047
TCGA-E1-A7YU-01A,cibersortx_smode,0.03640717738627961,0.06160769157673044,0.06823413877870571,0.3966826571744641,0.16949608112113157,0.17016485385316,0.09318484759622325,0.004222552513305333
TCGA-E1-A7YV-01A,cibersortx_smode,0.022577630309804208,0.039051781835072366,0.25264737779237795,0.550855013299395,0.016852252579594128,0.08769332861259779,0.025457008157964707,0.004865607413193964
TCGA-E1-A7YW-01A,cibersortx_smode,0.028556460123968848,0.04298687246315869,0.0,0.6628283901247195,0.19839622670952964,0.05154409921976501,0.014285776631369457,0.001402174727488808
TCGA-E1-A7YY-01A,cibersortx_smode,0.013912918136083115,0.09884312225472378,0.5816031813407957,0.179422004385056,0.036051194297658636,0.01588244316007994,0.062463729962789045,0.011821406462813735
TCGA-E1-A7Z2-01A,cibersortx_smode,0.06649594244948916,0.0740680169206311,0.4207630216645185,0.0,0.2233155331849347,0.10140644022507654,0.0920302140237609,0.021920831531588993
TCGA-E1-A7Z3-01A,cibersortx_smode,0.05828539779557165,0.13406624838992115,0.5795259704147939,0.0,0.07941144640930242,0.08069613966637774,0.05066497526777519,0.017349822056258058
TCGA-E1-A7Z4-01A,cibersortx_smode,0.26307236911238424,0.21922889531721365,0.0,0.0,0.4495718833733909,0.06597750909432744,0.0,0.002149343102683768
TCGA-E1-A7Z6-01A,cibersortx_smode,0.05970400911037042,0.03154641798063662,0.036423680621156154,0.5508725838544819,0.11751157240297974,0.19964084259157724,0.0,0.004300893438797867
TCGA-EZ-7264-01A,cibersortx_smode,0.016397413931363427,0.004450784254687592,0.13747708675094028,0.5682996227807394,0.1433660800676013,0.1051333674765379,0.023093131769466136,0.0017825129686639936
TCGA-F6-A8O3-01A,cibersortx_smode,0.0005179850431355811,0.0008923992540652683,0.109697862107029,0.790209728371185,0.011913934865184106,0.06940548488590238,0.016090500330899142,0.0012721051425996993
TCGA-F6-A8O4-01A,cibersortx_smode,0.011518036065813862,0.013408669403302723,0.1773249414118576,0.6424413574040789,0.10155539952563261,0.03277908139826237,0.01707173245040445,0.003900782340647492
TCGA-FG-5962-01B,cibersortx_smode,0.04318138274936976,0.02146929015239546,0.17352028795181262,0.4863377586779149,0.16023708868637382,0.08840058049162956,0.023550227275700466,0.003303384014803527
TCGA-FG-5963-01A,cibersortx_smode,0.07543456785064852,0.3981007735466512,0.04660587555032057,0.1254646679463357,0.10166593077639419,0.026288849117002955,0.22643933521264684,0.0
TCGA-FG-5963-02A,cibersortx_smode,0.0,0.04572083370335601,0.17920314134042106,0.6158990276245917,0.012474376717438358,0.1398811610185381,0.006821459595654787,0.0
TCGA-FG-5964-01A,cibersortx_smode,0.06748595440489909,0.22269440722933226,0.35982377877797894,0.0,0.2237573479453417,0.01961013303383003,0.1020399451769068,0.00458843343171126
TCGA-FG-5965-01B,cibersortx_smode,0.04720880310314163,0.07769031051073846,0.11036933563563453,0.48625843841209576,0.191569452921353,0.06221288645219581,0.01913549708134469,0.005555275883496208
TCGA-FG-6688-01A,cibersortx_smode,0.2011977435606146,0.3719999880127017,0.02008380975812415,0.0,0.20578505109689352,0.0,0.20093340757166606,0.0
TCGA-FG-6689-01A,cibersortx_smode,0.03943023705139439,0.0794459720142172,0.0803855936672443,0.2424709535887865,0.2540174206116553,0.24886104627680003,0.05193745314267995,0.003451323647222447
TCGA-FG-6690-01A,cibersortx_smode,0.02374057776493892,0.05047306658871212,0.008649015493692652,0.6797056654956636,0.14842165669149912,0.08180000347607877,0.005578067275038273,0.001631947214376685
TCGA-FG-6691-01A,cibersortx_smode,0.019917943158945385,0.12429332578241953,0.06908985763428202,0.674291211408617,0.07123226628780677,0.03510001099872486,0.005172598074658775,0.0009027866545455671
TCGA-FG-6692-01A,cibersortx_smode,0.1233660617701048,0.16902378226957754,0.6076940451466706,0.0,0.03807341115714498,0.061233176216350015,0.0,0.0006095234401520066
TCGA-FG-7634-01A,cibersortx_smode,0.016298409777985218,0.14816583471632686,0.2082337467835447,0.3514601313013001,0.07504648074520455,0.14156798778476742,0.05790694645343381,0.0013204624374372853
TCGA-FG-7636-01A,cibersortx_smode,0.0197145133080045,0.026113634819386375,0.15681657372464508,0.6692620424078444,0.04802929235416967,0.052167800200708846,0.025459622022409017,0.002436521162832192
TCGA-FG-7638-01B,cibersortx_smode,0.017793771038893708,0.01942991587701432,0.07829181921077562,0.6084817878273153,0.12444449693143668,0.11209508750578046,0.03476334930061223,0.004699772308171682
TCGA-FG-7641-01B,cibersortx_smode,0.005189109721812275,0.009490399986720008,0.09920170571483272,0.5925856956059216,0.06702654463252261,0.16688927115091332,0.05574222059911817,0.003875052588159306
TCGA-FG-7643-01A,cibersortx_smode,0.018559981313254315,0.08222241718877385,0.28204281172797735,0.0,0.20362890830170424,0.17859924649104114,0.22638711728403882,0.008559517693210221
TCGA-FG-8181-01A,cibersortx_smode,0.013717739305413387,0.02565378760530584,0.5086171527834767,0.0,0.34497715723504674,0.05188121421980929,0.04195954171930155,0.01319340713164635
TCGA-FG-8182-01A,cibersortx_smode,0.031314675745091045,0.07451321209372387,0.04065569654779605,0.5167911912947493,0.15579846877826037,0.10737800633423127,0.07266002246152531,0.0008887267446227654
TCGA-FG-8185-01A,cibersortx_smode,0.008892016856810226,0.030010449109914558,0.200323400830934,0.6395171965666181,0.026129966250553933,0.07900946149091669,0.013629704195030441,0.0024878046992220524
TCGA-FG-8186-01A,cibersortx_smode,0.04104518088225068,0.10246182205885183,0.04440031526481919,0.602406394015901,0.15204475149470448,0.0271231706105239,0.027232186343061467,0.003286179329887412
TCGA-FG-8187-01A,cibersortx_smode,0.044065453415836606,0.08213064750194407,0.0,0.2090186159847418,0.34429869945078767,0.15414936570649296,0.16441451587311912,0.00192270206707767
TCGA-FG-8188-01A,cibersortx_smode,0.06424479833302628,0.11199188993974886,0.0,0.4358243059195052,0.12704206008448907,0.15949890419518922,0.10002373575700461,0.0013743057710367856
TCGA-FG-8191-01A,cibersortx_smode,0.07635997053934382,0.12058958016302974,0.0,0.3110557591346026,0.19898386762051629,0.1754000173999116,0.11753671708580893,7.408805678707545e-05
TCGA-FG-A4MT-01A,cibersortx_smode,0.04460746866261015,0.0908977858823558,0.2755688629767124,0.5487303244575769,0.011252353622437376,0.012392211727223391,0.01341663025731262,0.003134362413771321
TCGA-FG-A4MT-02A,cibersortx_smode,0.019930573442878803,0.053975058964411696,0.24689515555559136,0.5893922776851965,0.03029673534841737,0.0,0.05407473029222632,0.00543546871127806
TCGA-FG-A4MW-01A,cibersortx_smode,0.10219544781995989,0.17720095888545728,0.36844515081631635,0.0,0.09004219612650469,0.07977899359188216,0.17980079015593,0.002536462603949708
TCGA-FG-A4MX-01A,cibersortx_smode,0.019777039492590187,0.046762552016031855,0.18314846092334774,0.6023376932149115,0.03530188699892921,0.10592197896367948,0.006553293807720717,0.00019709458278942236
TCGA-FG-A4MY-01A,cibersortx_smode,0.09437618814200602,0.13553641673938321,0.0,0.2687687941445035,0.20742852447527133,0.09216680127550354,0.20172327522333247,0.0
TCGA-FG-A60J-01A,cibersortx_smode,0.057031964974015165,0.05185254314133144,0.0,0.6295187467316737,0.16322804222689205,0.06987613661477134,0.028256015162166862,0.00023655114914938524
TCGA-FG-A60K-01A,cibersortx_smode,0.01295934128192992,0.014981831403061523,0.07205487871793277,0.6866828497545894,0.0781764625381863,0.11361078710903118,0.018112842023138623,0.003421007172130422
TCGA-FG-A60L-01A,cibersortx_smode,0.20225824316017263,0.3398376028908845,0.0730153804566349,0.0,0.23190959226968988,0.01979494310626983,0.1331842381163482,0.0
TCGA-FG-A6IZ-01A,cibersortx_smode,0.04430509232694576,0.04107388327690412,0.2359060916875635,0.5839311630294318,0.04411367823155721,0.02621859596286214,0.0234714355298883,0.0009800599548473441
TCGA-FG-A6J1-01A,cibersortx_smode,0.023952331351683905,0.047576850901917905,0.12390858259000471,0.657342798733322,0.03312034742942662,0.09627899137161026,0.016450855211174044,0.001369242410860504
TCGA-FG-A6J3-01A,cibersortx_smode,0.18264243459944302,0.4183664253470293,0.23933705027762278,0.0,0.10347228977250876,0.0,0.05618180000339622,0.0
TCGA-FG-A70Y-01A,cibersortx_smode,0.029541958295501134,0.1215341409683202,0.042153173313985055,0.4831218230875331,0.07164062549813202,0.15848219954571058,0.08770175825878332,0.005824321032034565
TCGA-FG-A70Z-01A,cibersortx_smode,0.09892557388659037,0.31504132925329587,0.2761395222095462,0.0,0.17639009797222105,0.11567212648068514,0.01384461753276377,0.003986732664897645
TCGA-FG-A710-01A,cibersortx_smode,0.027500990447035883,0.1561028632966987,0.12406287941715599,0.4739825698320684,0.06284280406306295,0.1282050777727747,0.024346425222207486,0.002956389948995844
TCGA-FG-A711-01A,cibersortx_smode,0.049501043552565384,0.0498261249717442,0.023182997296724798,0.5726903442435474,0.1482791041952902,0.12692120715893765,0.025503367857355786,0.004095810723834549
TCGA-FG-A713-01A,cibersortx_smode,0.03136343287190658,0.028806437902384286,0.3866725520514276,0.09773537976667097,0.14250318825737462,0.13274102221905723,0.17381882793765593,0.006359158993522923
TCGA-FG-A87N-01A,cibersortx_smode,0.01360684485937267,0.11785467808885154,0.18544666168191237,0.5443119370090763,0.03299669295836526,0.08526200431108387,0.020329250549905493,0.0001919305414325521
TCGA-FG-A87Q-01A,cibersortx_smode,0.030071480898748032,0.3425837976343497,0.2630519220182818,0.0,0.08714115488895846,0.09497213428929664,0.17707482179935216,0.005104688471013375
TCGA-FN-7833-01A,cibersortx_smode,0.051838533776945056,0.1229411284892782,0.0,0.5825630200579489,0.1201173971034279,0.11269477427409465,0.009845146298305253,0.0
TCGA-HT-7467-01A,cibersortx_smode,0.023184870801683154,0.05325819085681664,0.08501978241915677,0.35523147316145876,0.11078826500419726,0.11017955747392712,0.25883805387054615,0.003499806412214177
TCGA-HT-7468-01A,cibersortx_smode,0.01929916672772363,0.02919799988215149,0.0859226833457554,0.6750749817422704,0.056694237082041826,0.11721724213709434,0.015406593844578957,0.0011870952383839495
TCGA-HT-7469-01A,cibersortx_smode,0.005356778411600965,0.06427938127944093,0.21102514266163208,0.6569914852441945,0.01830071034226666,0.031706737746679835,0.01101731124846483,0.0013224530657201695
TCGA-HT-7470-01A,cibersortx_smode,0.019671600296645494,0.028776058658754485,0.13861807139403598,0.47398108952795576,0.1801841148603066,0.05630743348623103,0.09840300138761865,0.004058630388452033
TCGA-HT-7471-01A,cibersortx_smode,0.04512551611920357,0.1915668593406281,0.21849440312571122,0.4205749884846995,0.022750864658595056,0.07614903883413811,0.023551410917278272,0.001786918519746151
TCGA-HT-7472-01A,cibersortx_smode,0.057980960120814155,0.07512860309306031,0.0,0.5480207034535972,0.1441416821498606,0.13746954765047115,0.0372585035321964,0.0
TCGA-HT-7473-01A,cibersortx_smode,0.09217950405420905,0.20249409958153836,0.0,0.2894151129341786,0.37166844787234476,0.033443101237059764,0.010799734320669378,0.0
TCGA-HT-7474-01A,cibersortx_smode,0.06908950817028818,0.06231143980303948,0.0014659539276977783,0.42858294970264416,0.18951805080611636,0.10020503603024652,0.14146718814394632,0.007359873416021281
TCGA-HT-7475-01A,cibersortx_smode,0.005975337486349692,0.013116223923794199,0.25651651114603274,0.5468832876160127,0.06829605512236678,0.01987194933045909,0.08244488593719776,0.0068957494377872046
TCGA-HT-7476-01A,cibersortx_smode,0.004984686207332967,0.05260826733527473,0.35572547344039535,0.43024846974232206,0.022954762433645068,0.08295819890476834,0.04404320303195284,0.006476938904308594
TCGA-HT-7477-01B,cibersortx_smode,0.019085320232740594,0.06741572704923328,0.2606165081120358,0.513671034929703,0.022301989015231578,0.09222562305306518,0.02403141620296394,0.0006523814050265584
TCGA-HT-7478-01A,cibersortx_smode,0.03358906725769695,0.16871061658214265,0.05771136737888406,0.33270872644173327,0.2375700237516865,0.16084929083991914,0.007572750221547207,0.0012881575263902047
TCGA-HT-7479-01A,cibersortx_smode,0.12835102670098447,0.13322515903988008,0.0,0.035028026486161795,0.38932534212824665,0.13516144193428886,0.17857316593317174,0.0003358377772662786
TCGA-HT-7480-01A,cibersortx_smode,0.011776997985499417,0.006838191692506223,0.06950323436291746,0.6887622056130845,0.08058441647192847,0.117930023444508,0.02265580293574098,0.0019491274938148394
TCGA-HT-7481-01A,cibersortx_smode,0.016386999158577217,0.03560053626637828,0.16691754261643119,0.5189368442480324,0.009597910138760863,0.06455164227444628,0.1810283388463551,0.0069801864510187035
TCGA-HT-7482-01A,cibersortx_smode,0.10635378838211575,0.19085315017498122,0.0,0.11677680482544014,0.20705325714539996,0.2603960148691738,0.11784136642942848,0.0007256181734607043
TCGA-HT-7483-01A,cibersortx_smode,0.015219672654255457,0.03031836082899878,0.2173868264136154,0.58856051966744,0.0767768751094164,0.06086930455118707,0.00684308294973905,0.004025357825347772
TCGA-HT-7485-01A,cibersortx_smode,0.05591123251395843,0.07185544583860383,0.0,0.4292609359411076,0.28877951774005933,0.09732942781769591,0.051083186888764835,0.005780253259809954
TCGA-HT-7601-01A,cibersortx_smode,0.08165082864052262,0.29741323235811,0.0,0.2291122060855017,0.14288697312213253,0.13530952572928368,0.11362723406444938,0.0
TCGA-HT-7602-01A,cibersortx_smode,0.04273515813154424,0.06504704331416417,0.0,0.31281403888964415,0.2697132561341827,0.17960601708896118,0.12728955497100297,0.0027949314705006225
TCGA-HT-7603-01A,cibersortx_smode,0.007934842662014677,0.03080415507061866,0.08127992955686932,0.6608104054069287,0.03155715625858801,0.13027711156949573,0.05283926296869679,0.004497136506788147
TCGA-HT-7604-01A,cibersortx_smode,0.029474865626650325,0.04377319482128379,0.08521144407296749,0.7060299892820974,0.04122387415547294,0.08245602248859396,0.011283228153117383,0.0005473813998168087
TCGA-HT-7605-01A,cibersortx_smode,0.08130526267742774,0.0642411707314143,0.0,0.0,0.39192595797293517,0.3126928385331115,0.14338585657221842,0.006448913512892946
TCGA-HT-7606-01A,cibersortx_smode,0.05193816571803793,0.1180574487227519,0.2657724143593789,0.3205166637196309,0.023908514042222974,0.15751062809031033,0.06117637132762255,0.0011197940200444187
TCGA-HT-7607-01A,cibersortx_smode,0.059443684942550645,0.07682673905850085,0.2549417726435126,0.1142738600830857,0.2909838500867408,0.06969681161969819,0.12207450739750406,0.011758774168407085
TCGA-HT-7609-01A,cibersortx_smode,0.07056298258974471,0.0946572530455752,0.0018249861526284702,0.5317439519333592,0.14308961702717288,0.13883231813269115,0.018633738241591712,0.0006551528772365655
TCGA-HT-7610-01A,cibersortx_smode,3.50055726806449e-05,0.018393929011698586,0.16238056258249497,0.6815984673504852,0.036075279000297784,0.050017788745016466,0.04609167489342963,0.005407292843896718
TCGA-HT-7611-01A,cibersortx_smode,0.17495988544662425,0.2326004707423817,0.0,0.26326394621984117,0.26280792968633837,0.0,0.06624730352957064,0.00012046437524393863
TCGA-HT-7616-01A,cibersortx_smode,0.01853076136825288,0.048445529537592014,0.3115353533125487,0.03817968226767176,0.4732576418165084,0.09769880136765581,0.010446116172811744,0.0019061141569586843
TCGA-HT-7620-01A,cibersortx_smode,0.05737008269275917,0.12782640784957514,0.0,0.0,0.3164306492533825,0.1814275693740047,0.31478319226952817,0.0021620985607503137
TCGA-HT-7676-01A,cibersortx_smode,0.05180216216731541,0.17804388397192453,0.006589191201203081,0.5876097046922094,0.06753772496765711,0.07967004038889962,0.026993296334590737,0.0017539962762001603
TCGA-HT-7677-01A,cibersortx_smode,0.027815239233446445,0.018227885283140736,0.1361558453309548,0.579893089524364,0.049303839515899145,0.13018503643142829,0.05556692465341639,0.0028521400273501412
TCGA-HT-7680-01A,cibersortx_smode,0.22286710365534074,0.07983785632890385,0.0,0.0,0.44597794708471156,0.251317092931044,0.0,0.0
TCGA-HT-7681-01A,cibersortx_smode,0.01634210287856817,0.033425781310879414,0.13085688800021328,0.5145915702663533,0.10288807254150298,0.15685122353751432,0.04025612742032547,0.0047882340446432315
TCGA-HT-7684-01A,cibersortx_smode,0.07405603995604808,0.17769958282563805,0.004742029344060965,0.19798547783970297,0.14875721330702812,0.35347659988988567,0.03858203918465105,0.004701017652985121
TCGA-HT-7686-01A,cibersortx_smode,0.10474068996313417,0.2863328903597579,0.0,0.0,0.29726097773447313,0.28416046184543553,0.027426595397528983,7.838469967041182e-05
TCGA-HT-7687-01A,cibersortx_smode,0.03322854474257403,0.06074773988062845,0.33368503901060814,0.29211181405151615,0.1356673912626155,0.06726156719437684,0.07389308565691732,0.0034048182007635425
TCGA-HT-7688-01A,cibersortx_smode,0.0043566314817727065,0.026540966424866166,0.25541693991914727,0.5352722578537699,0.06564786465532052,0.02365643215249055,0.08121712472145953,0.007891782791173464
TCGA-HT-7689-01A,cibersortx_smode,0.11759816111327577,0.13472310253626313,0.0,0.21046472825002535,0.19660028527247683,0.17856403021476108,0.15915012995249536,0.002899562660702483
TCGA-HT-7690-01A,cibersortx_smode,0.05501615739681998,0.1910400751420766,0.046494160890374496,0.48273475211174427,0.14795506179037796,0.037385326396210665,0.03931158932847087,6.287694392510554e-05
TCGA-HT-7691-01A,cibersortx_smode,0.04971122768843945,0.13590512522005407,0.057360406273203726,0.3668664084718386,0.15581868322602885,0.22939920532773847,0.0,0.004938943792696751
TCGA-HT-7692-01A,cibersortx_smode,0.045384243033652634,0.048455399872103816,0.16449661754959152,0.4785828565119578,0.08193772187510619,0.13916686965377914,0.038355863012792646,0.003620428491016256
TCGA-HT-7693-01A,cibersortx_smode,0.008377542376236636,0.10573824355757751,0.16177238021988583,0.4743379701897965,0.07993640513560357,0.16484711699564422,0.0038325286495994224,0.0011578128756561887
TCGA-HT-7694-01A,cibersortx_smode,0.06904091814831483,0.08656407329311747,0.16961066261152294,0.0,0.09061611661158364,0.24361186017707478,0.32190979412152854,0.0186465750368578
TCGA-HT-7695-01A,cibersortx_smode,0.009564719125558382,0.01658427201099555,0.07753384871014224,0.6873834169110113,0.0410006203794234,0.11782764187716124,0.045949052379382585,0.0041564286063252714
TCGA-HT-7854-01A,cibersortx_smode,0.22922573390354845,0.2841001625345207,0.0,0.0,0.3823243527702977,0.0,0.09845344035891332,0.005896310432719878
TCGA-HT-7855-01A,cibersortx_smode,0.007868050877762753,0.039073226120712665,0.11263323816303276,0.62529746293056,0.05245225584884353,0.15356566261289814,0.006677303019995687,0.002432800426194521
TCGA-HT-7856-01A,cibersortx_smode,0.0015839909060037126,0.022770774958312614,0.30958918953576753,0.48904871947215134,0.04187336273661293,0.02574531258227588,0.10253737231800437,0.006851277490871606
TCGA-HT-7857-01A,cibersortx_smode,0.05544683402612524,0.4514473168322133,0.11438695179018153,0.11066483667708932,0.07878178604136345,0.184446474762049,0.004825799870978206,0.0
TCGA-HT-7858-01A,cibersortx_smode,0.05531724485447541,0.10974150316906686,0.0,0.24223220333148204,0.3460822652621158,0.14158485004574395,0.10483543060937837,0.00020650272773759478
TCGA-HT-7860-01A,cibersortx_smode,0.21548050052191134,0.31265152244883465,0.1492334007933429,0.0,0.26021975661296304,0.042908657200659665,0.0,0.01950616242228843
TCGA-HT-7873-01B,cibersortx_smode,0.020818644195090514,0.053018136582197666,0.024096082197909253,0.6684749895291758,0.08736221379280598,0.10441778999015852,0.039278302584902045,0.002533841127760203
TCGA-HT-7874-01A,cibersortx_smode,0.027037887157817176,0.05328695329187098,0.046363074924767135,0.4859498206661599,0.10582351158105169,0.13568959532001815,0.1348013367285774,0.01104782032973749
TCGA-HT-7875-01A,cibersortx_smode,0.01400973054044713,0.002406124731402529,0.12769967786772926,0.5750625122192787,0.08483681742610438,0.17789140588440155,0.014297539361446386,0.0037961919691899154
TCGA-HT-7877-01A,cibersortx_smode,0.004270885792778156,0.01363488426356841,0.1256530689250001,0.5495955484127883,0.05709285003873085,0.1758283915964618,0.06890559057934048,0.005018780391331843
TCGA-HT-7879-01A,cibersortx_smode,0.1046250096455695,0.13532593503373289,0.17764970760694454,0.3069207216474409,0.0755989649134933,0.11391379388028036,0.0840463161918435,0.001919551080694983
TCGA-HT-7880-01A,cibersortx_smode,0.08591638706389913,0.06554080488778263,0.0,0.15440636983491987,0.33452697445623747,0.12852273803940548,0.22614078672308666,0.004945938994668602
TCGA-HT-7881-01A,cibersortx_smode,0.03716915890753168,0.025456127077580694,0.015972624877517126,0.3211018741384161,0.12598918941921203,0.21911558916631824,0.24868283609651792,0.006512600316906156
TCGA-HT-7882-01A,cibersortx_smode,0.00790878835093123,0.3412144193959602,0.09725061714127976,0.2911288938584248,0.11954483941657107,0.14281275203963417,0.0,0.00013968979719878238
TCGA-HT-7884-01B,cibersortx_smode,0.014958279684178535,0.019424043171244233,0.0693853778277274,0.7159882798933378,0.02637123142758144,0.08636652090992908,0.06415892518816117,0.0033473418978403778
TCGA-HT-7902-01A,cibersortx_smode,0.08637767124868685,0.17934189613892934,0.0,0.0,0.10636387321038017,0.06584302760493481,0.5560922056064076,0.005981326190661306
TCGA-HT-8010-01A,cibersortx_smode,0.10697152395709443,0.04360462502292855,0.0,0.0,0.4917975512737077,0.30579923818585353,0.04436121601037602,0.007465845550039686
TCGA-HT-8011-01A,cibersortx_smode,0.04724400352086254,0.11561267927190631,0.47019027882036485,0.0,0.21056000128423685,0.14595944819276097,0.008130172099941546,0.002303416809927002
TCGA-HT-8012-01A,cibersortx_smode,0.014825433560517534,0.014649209019824782,0.08589598203973953,0.6461404162384544,0.0632985094187622,0.1576260512273128,0.01644710381262672,0.001117294682762014
TCGA-HT-8013-01A,cibersortx_smode,0.08456713302776811,0.44410334146932917,0.0,0.33221090722086954,0.07757862876485358,0.029191982200809825,0.03234800731636984,0.0
TCGA-HT-8015-01B,cibersortx_smode,0.10340729272523914,0.1877575538719545,0.0,0.0,0.45671273791163175,0.10615319528354325,0.14000077079924153,0.005968449408389764
TCGA-HT-8018-01A,cibersortx_smode,0.05976061976270205,0.2612144043845651,0.3230588561321564,0.0,0.21460689848465084,0.11682123850688271,0.015357933971133598,0.009180048757909363
TCGA-HT-8104-01A,cibersortx_smode,0.08111136431405232,0.22569237824882382,0.36170994033710846,0.0,0.1245463551652467,0.08800285422199036,0.11261242098071855,0.00632468673205961
TCGA-HT-8105-01A,cibersortx_smode,0.010795037600396384,0.04616448057009228,0.5165488655173449,0.25678320107099023,0.028534861777659428,0.08085065383652161,0.053840396119517006,0.006482503507478077
TCGA-HT-8106-01A,cibersortx_smode,0.022075767870403915,0.3468318942672921,0.04696374814048259,0.029534479535127008,0.4822082531034723,0.027554526932966734,0.04483133015025535,0.0
TCGA-HT-8107-01A,cibersortx_smode,0.0017345492200747754,0.07266361678861498,0.48056931887632304,0.0,0.11169860021806059,0.023295857594799477,0.29533800036075203,0.014700056941375113
TCGA-HT-8108-01A,cibersortx_smode,0.01210232492905011,0.0636229158353441,0.10101587042926745,0.5982781355093796,0.10248214412095052,0.10648368030768575,0.013294717079047112,0.002720211789275448
TCGA-HT-8109-01A,cibersortx_smode,0.03873398743508755,0.0379835907499236,0.034356836612341395,0.46842074972839004,0.1775757842840979,0.15492238563433536,0.08275952632445693,0.005247139231367278
TCGA-HT-8110-01A,cibersortx_smode,0.06109226463556475,0.3934195402779307,0.0,0.13538340820298347,0.3634843922837339,0.029851050669502464,0.015337260784560349,0.001432083145724368
TCGA-HT-8111-01A,cibersortx_smode,0.12402985469063067,0.12393997092543231,0.0,0.023487140435245635,0.384215674162306,0.22108048799376304,0.12324687179262234,0.0
TCGA-HT-8113-01A,cibersortx_smode,0.0,0.011725941752395441,0.36857052814155117,0.38714846696645355,0.06019454842484354,0.06777101518540782,0.09539490035958212,0.00919459916976639
TCGA-HT-8114-01A,cibersortx_smode,0.06840544658348789,0.18329729821377783,0.004480239593432901,0.3927201771985737,0.19752442302924755,0.14587217552392756,0.00463034406161001,0.0030698957959424556
TCGA-HT-8563-01A,cibersortx_smode,0.05391528187625908,0.4309736035631124,0.14275245505523715,0.0,0.3042060066470447,0.0681526528583467,0.0,0.0
TCGA-HT-8564-01A,cibersortx_smode,0.008202300396880264,0.03331744001157853,0.04706252538893902,0.6084637127700622,0.17756503889791422,0.09075049661793039,0.03272767231751453,0.00191081359918088
TCGA-HT-A4DS-01A,cibersortx_smode,0.15901119560020388,0.42073665347310596,0.1309753815140639,0.25319961436218313,0.034709196689689276,0.001367958360753771,0.0,0.0
TCGA-HT-A5R5-01A,cibersortx_smode,0.10776996395426425,0.16013800336182143,0.0,0.20167728328640513,0.2896981152762408,0.2325985915689628,0.006365256571158998,0.0017527859811467003
TCGA-HT-A5R7-01A,cibersortx_smode,0.09568248600481008,0.07655411792726148,0.17185092236139732,0.13159994127525365,0.2920593106998284,0.09940933109016487,0.12642436384429326,0.006419526796991018
TCGA-HT-A5R9-01A,cibersortx_smode,0.0030395806105287613,0.0043065022615510415,0.353421111654135,0.5437950917540721,0.05874985532478849,0.025784505474691955,0.007868372301791493,0.0030349806184410744
TCGA-HT-A5RA-01A,cibersortx_smode,0.04714088088621824,0.19627414696553117,0.44508476432995187,0.0,0.08640624240538218,0.2155268724017489,0.0,0.00956709301116776
TCGA-HT-A5RB-01A,cibersortx_smode,0.0028449162344668802,0.013731980622081506,0.1947511905732304,0.5766951805391565,0.1319076986329421,0.043473536876834876,0.030175971804132527,0.006419524717155104
TCGA-HT-A5RC-01A,cibersortx_smode,0.14529467064287316,0.3087992209014205,0.22709447818150963,0.0,0.16020569841884386,0.12615281719101432,0.03125387935301171,0.001199235311326955
TCGA-HT-A614-01A,cibersortx_smode,0.026176530907635602,0.0656598645482336,0.15154156397976526,0.5017439876525692,0.05358737206748204,0.0869114996378699,0.110353967074474,0.004025214131970399
TCGA-HT-A615-01A,cibersortx_smode,0.021532792707585208,0.05717306208007782,0.0524405526132019,0.48694752916002965,0.18804054637208437,0.16460958142390436,0.027584223523345597,0.0016717121197710016
TCGA-HT-A616-01A,cibersortx_smode,0.003971760749476287,0.011082123036426183,0.14412562858871977,0.7307508593074712,0.042829898281795564,0.05335863840445225,0.00860062679943367,0.005280464832225134
TCGA-HT-A617-01A,cibersortx_smode,0.02439511121465,0.20332722783902754,0.09864049936480843,0.21418131096949264,0.2557096177531934,0.15057793839710873,0.04533120976700933,0.007837084694710091
TCGA-HT-A618-01A,cibersortx_smode,0.1056022413220115,0.26257873999598663,0.0,0.05148832889006029,0.4631713610694309,0.08007632071591521,0.03610159104923491,0.0009814169573605074
TCGA-HT-A61C-01A,cibersortx_smode,0.04163040550973706,0.3080090137603989,0.32169326203522014,0.10575411114780399,0.0600939807110153,0.10757177304410288,0.05524745379172193,0.0
TCGA-HT-A74H-01A,cibersortx_smode,0.20114989219615007,0.2502861597298356,0.027359006696856793,0.0,0.297599724200531,0.0,0.22360521717662662,0.0
TCGA-HT-A74J-01A,cibersortx_smode,0.08083585663462102,0.0966652561260725,0.4849962936915925,0.19162303031158254,0.08624735926094945,0.0,0.052953663764455323,0.006678540210726772
TCGA-HT-A74K-01A,cibersortx_smode,0.09287538515692172,0.23801568836698253,0.3055974625225001,0.0,0.014247085870459916,0.20931334979120997,0.13995102829192593,0.0
TCGA-HT-A74L-01A,cibersortx_smode,0.01500456787006875,0.02945105693748536,0.12641901420199872,0.7021706191881507,0.019840151529249485,0.08585860144089934,0.01951435104804644,0.0017416377841011847
TCGA-HT-A74O-01A,cibersortx_smode,0.09081726850370539,0.2907830046242142,0.10446265505308609,0.1672712575648368,0.257650136739745,0.05033578376551325,0.03867989374889918,0.0
TCGA-HW-7486-01A,cibersortx_smode,0.033307721200617126,0.10479625095317607,0.0,0.35497388628577303,0.13963447289255065,0.14682936679389993,0.2185454055042835,0.0019128963696998123
TCGA-HW-7487-01A,cibersortx_smode,0.014794960067755361,0.045369831244240766,0.3580626327487251,0.3263432692953858,0.02830090095763322,0.08995878423071396,0.12705509475745252,0.010114526698093445
TCGA-HW-7489-01A,cibersortx_smode,0.022317017574689575,0.04017253409334475,0.19544437152699634,0.4573305155536573,0.1653986019131729,0.07140538733354357,0.04097474414976475,0.006956827854830859
TCGA-HW-7490-01A,cibersortx_smode,0.12016233756497911,0.10694039213475368,0.047909488404498886,0.3321074888599711,0.16192315464408819,0.22699364269335473,0.002531196542814678,0.0014322991555396167
TCGA-HW-7491-01A,cibersortx_smode,0.0008612689272939738,0.017615940588355826,0.20298195728082408,0.6302702630130934,0.04272979157717724,0.066974310756804,0.03689441135140743,0.0016720565050439837
TCGA-HW-7493-01A,cibersortx_smode,0.05102491348983004,0.05668264125072007,0.011038999707703421,0.6517556783451766,0.16626986360818755,0.05140433190206206,0.006343231807613339,0.005480339888706986
TCGA-HW-7495-01A,cibersortx_smode,0.015932855080572877,0.02269124860365294,0.03523175299545681,0.6344492323851002,0.03057486846588127,0.14860583329205482,0.10958648983885041,0.002927719338430761
TCGA-HW-8319-01A,cibersortx_smode,0.019320529585423685,0.0297425834234914,0.14790379627229283,0.6826788781790673,0.06533153601156746,0.023803170133187817,0.027542374165288735,0.003677132229680991
TCGA-HW-8320-01A,cibersortx_smode,0.0244521810550562,0.03577081355162938,0.12120124625337475,0.5323204079459587,0.132564166862066,0.14529460440847677,0.0067185933949384,0.0016779865284998238
TCGA-HW-8321-01A,cibersortx_smode,0.014255845488594656,0.059061605199841244,0.10069113052417678,0.5813371938799153,0.09248687060055923,0.11710365570316607,0.03406647529305042,0.0009972233106963196
TCGA-HW-8322-01A,cibersortx_smode,0.013532548337929584,0.021069159919113477,0.12352393841715553,0.5843271349849247,0.11702313266564249,0.10125121844148793,0.03764101610620849,0.0016318511275376427
TCGA-HW-A5KJ-01A,cibersortx_smode,0.0075125851018254634,0.0,0.5044316734490065,0.35417287720962065,0.0,0.09375664168974253,0.03511065978881816,0.005015562760986765
TCGA-HW-A5KK-01A,cibersortx_smode,0.12306285199720125,0.35098686280107977,0.0,0.0,0.25402156990644403,0.04647780294258362,0.22545091235269124,0.0
TCGA-HW-A5KL-01A,cibersortx_smode,0.08676919630286467,0.07285907283493598,0.0,0.5677529480018902,0.15729930089444347,0.06022231098701234,0.054153589985659306,0.0009435809931939411
TCGA-HW-A5KM-01A,cibersortx_smode,0.09176964404304844,0.4119165003228296,0.11740456050714612,0.02539597513327107,0.3466379048790273,0.0,0.006875415114677421,0.0
TCGA-IK-7675-01A,cibersortx_smode,0.047624539027751114,0.07502607820610654,0.1889848826632794,0.505834717956034,0.0692384147496739,0.0743738457523124,0.03891752164484262,0.0
TCGA-IK-8125-01A,cibersortx_smode,0.021394325440829694,0.01725196355451681,0.12773375809181575,0.509812838215965,0.18276917388770042,0.11845786651671265,0.016518400261944056,0.006061674030515544
TCGA-KT-A74X-01A,cibersortx_smode,0.021169533026045326,0.023299118190931167,0.1865624970488084,0.5509216834547188,0.03397686484997967,0.1337227235813546,0.04845924811672732,0.0018883317314348667
TCGA-KT-A7W1-01A,cibersortx_smode,0.030509177801051546,0.05759074866981999,0.31362292810209674,0.38972699420410783,0.08228343747708901,0.12478405006292964,0.0,0.0014826636829052336
TCGA-P5-A5ET-01A,cibersortx_smode,0.007885911583459379,0.014024513696366555,0.10905187884322341,0.5779557536802848,0.06720692159284947,0.16337387346454849,0.057993980899418394,0.002507166239849455
TCGA-P5-A5EU-01A,cibersortx_smode,0.12818934973595306,0.30193212274202835,0.0,0.2662850592840365,0.20092182329675046,0.09615308089921396,0.006518564042017725,0.0
TCGA-P5-A5EV-01A,cibersortx_smode,0.015947343502211577,0.032970678582895444,0.14791967442996617,0.6608868363862082,0.02869973920974309,0.10072645515288414,0.009532048147322836,0.0033172245887685328
TCGA-P5-A5EW-01A,cibersortx_smode,0.04069549361886812,0.059197715444649524,0.0,0.5523621840597412,0.14997010941681052,0.175045519934213,0.019136280915728523,0.0035926966099891367
TCGA-P5-A5EX-01A,cibersortx_smode,0.08805083850614369,0.09275187716669059,0.03166617266151852,0.0,0.7233061691968069,0.06422494246884018,0.0,0.0
TCGA-P5-A5EY-01A,cibersortx_smode,0.10645869131218977,0.06828814049888735,0.14531800387701876,0.0,0.5325757755108077,0.07791003186018634,0.04956421401650101,0.019885142924408992
TCGA-P5-A5EZ-01A,cibersortx_smode,0.1200214003666099,0.21634708286658988,0.1152428573896942,0.0,0.10273090626429861,0.0864569570899284,0.359200796022879,0.0
TCGA-P5-A5F0-01A,cibersortx_smode,0.02811660287314674,0.0,0.4432246097123422,0.4093064628276547,0.0651646000109351,0.0063047658333234245,0.04156467756545645,0.006318281177141601
TCGA-P5-A5F1-01A,cibersortx_smode,0.12264212398488085,0.06678792074205607,0.0,0.4883826812582691,0.1983378711026983,0.1110027171443858,0.012846685767709882,0.0
TCGA-P5-A5F2-01A,cibersortx_smode,0.0209737174583164,0.014666738973224996,0.11832086126873238,0.6143990510310312,0.09597598891815128,0.1039284461200231,0.02763405672070456,0.004101139509816045
TCGA-P5-A5F4-01A,cibersortx_smode,0.0011257631700419418,0.011452680902756914,0.21345236512956295,0.658328066024931,0.013273482583914998,0.05346545138418874,0.0431331667258541,0.005769024078749319
TCGA-P5-A5F6-01A,cibersortx_smode,0.0,0.11392515274481474,0.5151800168911682,0.0,0.27957898755271554,0.08967246928120923,0.0,0.0016433735300922453
TCGA-P5-A72U-01A,cibersortx_smode,0.05391552259618189,0.15504880704003315,0.3715602411072355,0.0,0.29747495819565495,0.11400194285905864,0.0,0.007998528201835926
TCGA-P5-A72W-01A,cibersortx_smode,0.07348795566132597,0.07230652967242239,0.16487967935088538,0.4908407067545311,0.07385888765641603,0.09783166295605188,0.025847830991789125,0.0009467469565781755
TCGA-P5-A72X-01A,cibersortx_smode,0.055842104501377145,0.027961066767931645,0.13448289740838282,0.5629678568579657,0.06417666738927842,0.14014769629525714,0.0114292982561486,0.0029924125236584715
TCGA-P5-A72Z-01A,cibersortx_smode,0.03799171237593979,0.007156157742380957,0.13660780280333393,0.7347875848118097,0.029604784874906722,0.0,0.05385195739162893,0.0
TCGA-P5-A730-01A,cibersortx_smode,0.048207959253281224,0.039881930273381716,0.3126690224370357,0.2658534863376066,0.09847804250028425,0.10437425113825613,0.1298607090935395,0.0006745989666149923
TCGA-P5-A731-01A,cibersortx_smode,0.12538838029940144,0.15473993392440344,0.0,0.039320788298744115,0.333888665436298,0.314537156918325,0.03057471958317755,0.00155035553965038
TCGA-P5-A733-01A,cibersortx_smode,0.029962955538408564,0.028641477786353123,0.028940920334084644,0.6831972697876927,0.07152596419578267,0.13968875409590426,0.01103170670530211,0.007010951556471968
TCGA-P5-A735-01A,cibersortx_smode,0.027232626336046943,0.04522720025884935,0.14945262628554742,0.652004373902964,0.038438104420762335,0.04159819373249681,0.04354164281391158,0.0025052322494215624
TCGA-P5-A736-01A,cibersortx_smode,0.1773804396475974,0.22440688728873215,0.0,0.2422883935835109,0.1945426158437955,0.1517319308410847,0.009649732795279491,0.0
TCGA-P5-A737-01A,cibersortx_smode,0.06925525744518114,0.0446017482475504,0.03411261902975778,0.5789520511326387,0.12637174974060703,0.1117940078787329,0.03491256652553214,0.0
TCGA-P5-A77W-01A,cibersortx_smode,0.019850202699579676,0.017016892790261622,0.19690679459503677,0.5598874105636152,0.02159762994055308,0.1020614551253427,0.08154927137468525,0.0011303429109255842
TCGA-P5-A77X-01A,cibersortx_smode,0.020131428281541523,0.006381574810177428,0.16819472591630344,0.5294148791121769,0.046835661208148534,0.18939256166846316,0.03359771967685095,0.006051449326338108
TCGA-P5-A780-01A,cibersortx_smode,0.02488160422393756,0.12519609224291253,0.30985779361463056,0.234657412095525,0.05288840378681183,0.11692673991189706,0.13296588619182062,0.0026260679324648976
TCGA-P5-A781-01A,cibersortx_smode,0.04180194492903169,0.027789729116551636,0.11035693539837448,0.43201188130321894,0.1606658272477478,0.14582622255779312,0.07741449028459153,0.004132969162690842
TCGA-QH-A65R-01A,cibersortx_smode,0.013866147288917732,0.015756334041688826,0.4024306018820187,0.39672111975946994,0.04532764238286099,0.08640461791227479,0.03617753330635555,0.003316003426413495
TCGA-QH-A65S-01A,cibersortx_smode,0.05269994677242187,0.09880004158015504,0.0,0.4234293804466455,0.19557379437738734,0.13003503381839474,0.09882597330006758,0.0006358297049279878
TCGA-QH-A65V-01A,cibersortx_smode,0.1210350387298132,0.12565260623769406,0.0,0.1696759763139141,0.09184382057753666,0.25364026576140236,0.23390768631955183,0.004244606060087792
TCGA-QH-A65X-01A,cibersortx_smode,0.024688603479937305,0.0009652572618382246,0.4238897780247464,0.336566386275997,0.04034183989484268,0.15210887893152364,0.020604414365544044,0.0008348417655706098
TCGA-QH-A65Z-01A,cibersortx_smode,0.018513345418184918,0.016500634544706107,0.08861139976616864,0.5926395388105467,0.08039248272972517,0.16211458256297553,0.03868133104078589,0.0025466851269070933
TCGA-QH-A6CS-01A,cibersortx_smode,0.026157100136916595,0.09240551966809916,0.03428106962893626,0.448171294332085,0.1434879675861112,0.10955885833929771,0.14168903804632405,0.00424915226223004
TCGA-QH-A6CU-01A,cibersortx_smode,0.16998631215713317,0.16810693020816908,0.0,0.0,0.2586908345875918,0.25209426634098775,0.15112165670611835,0.0
TCGA-QH-A6CV-01A,cibersortx_smode,0.06222354388811387,0.33036974263032376,0.24372655150526365,0.0,0.09479271100894308,0.20928617430357682,0.058531911641931986,0.001069365021846909
TCGA-QH-A6CW-01A,cibersortx_smode,0.17264628999521064,0.19003419402365798,0.14248335511258098,0.3513327517006204,0.12753036975104037,0.0,0.01589091587257442,8.212354431515899e-05
TCGA-QH-A6CX-01A,cibersortx_smode,0.21120454804829666,0.31818359028265664,0.07661220641432172,0.0,0.22343828046251468,0.0023570910879163703,0.16758722623916808,0.0006170574651258025
TCGA-QH-A6CY-01A,cibersortx_smode,0.015404646181301931,0.03648032364829713,0.13351205059292964,0.4114496981531393,0.13822014031659624,0.14447587168651074,0.11513946549139739,0.005317803929827623
TCGA-QH-A6CZ-01A,cibersortx_smode,0.01751510011092905,0.020573006103528208,0.24043792801463268,0.6505416053199591,0.011024087575711803,0.026168604658553515,0.02938635268358559,0.0043533155330999765
TCGA-QH-A6X3-01A,cibersortx_smode,0.019943649547157702,0.02739730607228537,0.10527579554267597,0.5538412875308789,0.152813918250176,0.11304834859276212,0.024679778001119555,0.0029999164629443517
TCGA-QH-A6X4-01A,cibersortx_smode,0.020251090928244928,0.04988542842040795,0.11540743316952427,0.5644788921895686,0.06930929219799042,0.07551347249035657,0.10385910030927999,0.0012952902946272774
TCGA-QH-A6X5-01A,cibersortx_smode,0.046219526411646054,0.06901832763652777,0.08555261704990241,0.15218583144929015,0.16083338700412753,0.27433933542737343,0.20610992143142173,0.005741053589710888
TCGA-QH-A6X8-01A,cibersortx_smode,0.01600706463645463,0.07831783853911627,0.32100320462237175,0.3476951906575337,0.0137854589863686,0.1052314965120758,0.11480197141351223,0.003157774632567075
TCGA-QH-A6X9-01A,cibersortx_smode,0.03419417188756264,0.025995984769835216,0.2771492092208444,0.5375156136953952,0.028430588916467825,0.06437246094869481,0.02813098169045969,0.0042109888707401585
TCGA-QH-A6XA-01A,cibersortx_smode,0.06762104394811548,0.09393306223949939,0.0,0.3178526867435863,0.30861031098508185,0.1401169092737918,0.06863210635228877,0.0032338804576363574
TCGA-QH-A6XC-01A,cibersortx_smode,0.0916612211302223,0.13205170256281726,0.3737567772060483,0.0,0.2817609508563409,0.018668414791565023,0.09838001643371995,0.00372091701928629
TCGA-QH-A86X-01A,cibersortx_smode,0.020181877778556633,0.007776157598243973,0.09932298688869362,0.637785152967677,0.1116259260777955,0.1045285836026481,0.015952137100779515,0.0028271779856055535
TCGA-QH-A870-01A,cibersortx_smode,0.036648775209550344,0.020981015143341532,0.03168194607585592,0.728252160543903,0.0611949619006733,0.10687391282315148,0.010894395408724814,0.0034728328947996193
TCGA-R8-A6MK-01A,cibersortx_smode,0.06199272681840424,0.0478221608576974,0.0,0.32538232193507716,0.2872816870490684,0.24170228295861212,0.03244021792690866,0.0033786024542319408
TCGA-R8-A6ML-01A,cibersortx_smode,0.04635443181058564,0.017034686495291093,0.025777051928061078,0.5563511682075349,0.14741189954263917,0.16619396543529846,0.0393164835115407,0.0015603130690488565
TCGA-R8-A6MO-01A,cibersortx_smode,0.026064589032859298,0.07204552850261992,0.1645910399996436,0.43495788907479876,0.018231853746026597,0.1461140331930262,0.13718268150666277,0.0008123849443628529
TCGA-R8-A6YH-01A,cibersortx_smode,0.04127914166909844,0.061500319427718386,0.022216203702378846,0.6435773972491717,0.09888459065825189,0.12823803381321766,0.003950459185204695,0.00035385429495817455
TCGA-RY-A83X-01A,cibersortx_smode,0.009470191393834013,0.02198394544619888,0.06701905606746517,0.6549601338420825,0.013764098129139611,0.17012345448268254,0.060053842454346716,0.0026252781842504565
TCGA-RY-A83Y-01A,cibersortx_smode,0.016761953718858826,0.03837661110838916,0.09020698692113652,0.6353228238924565,0.05453493826509934,0.13927250416063353,0.02425480102328467,0.0012693809101413914
TCGA-RY-A83Z-01A,cibersortx_smode,0.13618349473313845,0.3108992678057008,0.3226854740890698,0.0,0.11637519771425694,0.0823205091615256,0.030423355510490382,0.0011127009858180334
TCGA-RY-A840-01A,cibersortx_smode,0.01283169497892856,0.0,0.2138926140960008,0.7003304200504653,0.023293599740588988,0.036725106381709026,0.009753597417272565,0.0031729673350348537
TCGA-RY-A843-01A,cibersortx_smode,0.0492211481484478,0.04933014088315831,0.0,0.5669049354286221,0.20169508920759016,0.10948991859921522,0.020480274043889822,0.0028784936890766722
TCGA-RY-A845-01A,cibersortx_smode,0.01583681928987397,0.03328046041019686,0.12848261755179097,0.7099329273518626,0.05622788342218994,0.03655424059975652,0.016912018174460388,0.002773033199868671
TCGA-RY-A847-01A,cibersortx_smode,0.04265149599490366,0.07225013672249549,0.04979474152834925,0.44808359373123874,0.16129534994723557,0.18596474378249578,0.037652477745600474,0.002307460547681021
TCGA-S9-A6TS-01A,cibersortx_smode,0.07740044390417916,0.2119419208309269,0.3574273165004612,0.10202544474074955,0.08732139483030714,0.10243347333843185,0.05286059930827409,0.008589406546670073
TCGA-S9-A6TU-01A,cibersortx_smode,0.06996632806465787,0.259143093771971,0.3358467958723228,0.02391883197440305,0.0669171198391565,0.11671198212228831,0.1261770699104967,0.0013187784447038094
TCGA-S9-A6TV-01A,cibersortx_smode,0.08811534315405489,0.34630158983224324,0.1161566956132596,0.0,0.38524646292127446,0.06417990847916782,0.0,0.0
TCGA-S9-A6TW-01A,cibersortx_smode,0.005683450822591435,0.022460503992682235,0.33466700426793433,0.48206479055797613,0.0571160613007535,0.05272343039504502,0.041702463025082286,0.0035822956379352395
TCGA-S9-A6TX-01A,cibersortx_smode,0.05115842250532324,0.06520325647056822,0.46721134121274027,0.0,0.007419567060622295,0.20454411870971947,0.20114010057484255,0.0033231934661838956
TCGA-S9-A6TY-01A,cibersortx_smode,0.0,0.011188237952178812,0.249422119589367,0.6067862807442334,0.04540077532994265,0.015134358706466544,0.06887182372247558,0.003196403955336128
TCGA-S9-A6TZ-01A,cibersortx_smode,0.09065140560272192,0.10589307789956331,0.08694655791487922,0.39294708207583007,0.24997964473990983,0.05905651458931315,0.011371506250036086,0.003154210927746487
TCGA-S9-A6U0-01A,cibersortx_smode,0.08161052732910208,0.17289678104262463,0.30612950581537907,0.0,0.09436684160201435,0.3449963442108799,0.0,0.0
TCGA-S9-A6U1-01A,cibersortx_smode,0.01352383082622,0.0626120384946182,0.13354219198395853,0.6446263621699544,0.02794233067369534,0.06462029467197374,0.05206566016743547,0.0010672910121444505
TCGA-S9-A6U2-01A,cibersortx_smode,0.03540872381506514,0.021109712313906914,0.0,0.7111899085326385,0.15047233662572312,0.0782303612406821,0.0007429438274881538,0.002846013644496083
TCGA-S9-A6U5-01A,cibersortx_smode,0.034989673385754455,0.03460697093218544,0.0,0.5660786640342085,0.24452871313908506,0.10137019049651359,0.016334912981689237,0.0020908750305638217
TCGA-S9-A6U6-01A,cibersortx_smode,0.02419044154969891,0.05031123590764388,0.068703045610326,0.6910683645469329,0.09828999362366363,0.047105240024632074,0.01617603308143473,0.004155645655667813
TCGA-S9-A6U8-01A,cibersortx_smode,0.05733844558914327,0.12096816062293095,0.0,0.4587420427006972,0.14259825425830883,0.12669888018709677,0.09331922232630614,0.00033499431551685903
TCGA-S9-A6U9-01A,cibersortx_smode,0.14781698936317902,0.2957186413247321,0.11643504272563084,0.08376497992244991,0.16107352302428726,0.10078401052023912,0.09440681311948183,0.0
TCGA-S9-A6UA-01A,cibersortx_smode,0.054310429550279135,0.21521130675523245,0.0,0.0,0.6355273710899022,0.0871841945930144,0.007766698011571732,0.0
TCGA-S9-A6UB-01A,cibersortx_smode,0.007964874525370657,0.019790713846708222,0.06725724657844337,0.7300323253637185,0.020548162457197372,0.08913432150001797,0.06397281341716554,0.0012995423113782345
TCGA-S9-A6WD-01A,cibersortx_smode,0.12597671538090768,0.06682794266595907,0.0,0.39691987284125635,0.2101830093924884,0.05805782431527143,0.1416502119696212,0.00038442343449586827
TCGA-S9-A6WE-01A,cibersortx_smode,0.01716646916244446,0.028988092295898063,0.11770198922231133,0.5418455596133989,0.09140860540880553,0.16862782631215936,0.03180123417075698,0.002460223814225339
TCGA-S9-A6WG-01A,cibersortx_smode,0.17697984952052118,0.3810051698837163,0.0,0.0,0.17676707456343285,0.223397095252356,0.039654413282236074,0.00219639749773762
TCGA-S9-A6WH-01A,cibersortx_smode,0.0027519399450448533,0.01917993775141367,0.28122639639481783,0.6286349440462016,0.012595694131868092,0.036505660286417684,0.01695148799402577,0.002153939450210617
TCGA-S9-A6WI-01A,cibersortx_smode,0.0012645342742410384,0.05550597852655219,0.5480783619266146,0.06885052027292615,0.03744654167142319,0.003593308462950587,0.2749966783629098,0.010264076502382462
TCGA-S9-A6WL-01A,cibersortx_smode,0.0280176473725867,0.015109057731471033,0.26780019369094665,0.5591537685678079,0.09519013418893287,0.027434887798080662,0.0035611751114457144,0.00373313553872844
TCGA-S9-A6WM-01A,cibersortx_smode,0.029688316172404215,0.044711023304738945,0.29563466512485875,0.45394759765095205,0.034260092481431755,0.1402591357821217,0.0,0.0014991694834926284
TCGA-S9-A6WN-01A,cibersortx_smode,0.21097897988628475,0.14580928678431418,0.0984366220785746,0.0,0.4095915133648504,0.13518359788597606,0.0,0.0
TCGA-S9-A6WO-01A,cibersortx_smode,0.04418273028220354,0.05436650715159262,0.0,0.6081494210595482,0.20604351921401376,0.07408110017493941,0.013148114955133825,2.8607162568647616e-05
TCGA-S9-A6WP-01A,cibersortx_smode,0.03902718886875922,0.09084409085610619,0.23553366530076078,0.3869223208456165,0.10218088604169745,0.06968302276615373,0.07521798242765675,0.0005908428932493219
TCGA-S9-A6WQ-01A,cibersortx_smode,0.10070266994232568,0.1992249366731577,0.0,0.0,0.36043078481435203,0.11979638105460862,0.21883137146111548,0.0010138560544406291
TCGA-S9-A7IQ-01A,cibersortx_smode,0.004971366903481101,0.0076441648475410766,0.22663555400126714,0.6132764191701034,0.04733101593187893,0.059627150094766934,0.03446737625584866,0.006046952795112672
TCGA-S9-A7IS-01A,cibersortx_smode,0.013670699611819758,0.10659886672812847,0.15513860135055313,0.5779514417904424,0.018371622675004053,0.04308394647176231,0.08518482137228975,0.0
TCGA-S9-A7IX-01A,cibersortx_smode,0.12368553687429053,0.16908724660541394,0.21036942154626673,0.0,0.44728549278360347,0.03091930405790659,0.016992544473829575,0.0016604536586892942
TCGA-S9-A7IY-01A,cibersortx_smode,0.1127847648975771,0.10029726960246615,0.0,0.0471987251574831,0.44016441317441357,0.24973385587535904,0.04642618621743526,0.0033947850752659068
TCGA-S9-A7IZ-01A,cibersortx_smode,0.05578110331578633,0.10844120751473031,0.3576657657321789,0.20556830256403746,0.23630675200461276,0.0,0.028981208210000563,0.007255660658653707
TCGA-S9-A7J0-01A,cibersortx_smode,0.026825780124909264,0.04335799960129651,0.19963133753260198,0.5935359209420085,0.0,0.0953387765276427,0.041310185271541115,0.0
TCGA-S9-A7J1-01A,cibersortx_smode,0.03526772236578515,0.04114494606637787,0.16793008999621736,0.3302468549252423,0.15625247600407105,0.1593296654968615,0.10232410840522431,0.007504136740220437
TCGA-S9-A7J2-01A,cibersortx_smode,0.027387478616477855,0.007435441856775538,0.16387010297258095,0.6309195286853296,0.03901874205740108,0.11457313189736161,0.015089601196013326,0.0017059727180600574
TCGA-S9-A7J3-01A,cibersortx_smode,0.029435650835512403,0.05887245451947241,0.021643813148780805,0.6182804275027926,0.061929525974362236,0.1446010060564532,0.06175898140871071,0.0034781405539156987
TCGA-S9-A7QW-01A,cibersortx_smode,0.01232232492881595,0.016312971550354535,0.10659397764560563,0.802915129134951,0.019615401766499382,0.01453307583702295,0.02594934569177305,0.0017577734449774481
TCGA-S9-A7QX-01A,cibersortx_smode,0.1286596323386006,0.19495232409993557,0.05140201753662839,0.28362424759745,0.1897235440989161,0.10243088111894343,0.04874365459547877,0.00046369861404720584
TCGA-S9-A7QY-01A,cibersortx_smode,0.06408393129801819,0.06480086065827016,0.053234224513519515,0.506914108391491,0.035208869482786294,0.08690088228719284,0.18663780450775702,0.002219318860965053
TCGA-S9-A7QZ-01A,cibersortx_smode,0.00337463042157017,0.004228219294578324,0.22393731097218436,0.6214777311501789,0.0436455936427538,0.06335284931589845,0.03587217748058006,0.004111487722255943
TCGA-S9-A7R1-01A,cibersortx_smode,0.012536248132159552,0.00739702554151856,0.16627200087467545,0.5546879793990049,0.09631580189334274,0.14028217162400386,0.019077873558626446,0.0034308989766683945
TCGA-S9-A7R2-01A,cibersortx_smode,0.11864517381383069,0.26805152333749177,0.004196947336137933,0.0,0.3806970141519179,0.016780121696163545,0.2116292196644581,0.0
TCGA-S9-A7R3-01A,cibersortx_smode,0.19731965016458664,0.1513551026548504,0.055173997443737556,0.0,0.248114542843339,0.25315876510954466,0.09285074539423807,0.0020271963897037135
TCGA-S9-A7R4-01A,cibersortx_smode,0.023581914024282828,0.07558554905659004,0.1397595245361549,0.5402017958260626,0.08515637404074713,0.12720504673032235,0.007495601029427639,0.0010141947564124385
TCGA-S9-A7R7-01A,cibersortx_smode,0.14000566828146457,0.34602837100415873,0.045069760192048496,0.0036393517591206703,0.39718171441136535,0.05334569160547311,0.014729442746368936,0.0
TCGA-S9-A7R8-01A,cibersortx_smode,0.11524764149775596,0.23731405390107085,0.10434004948126374,0.26406938325870205,0.10951317002188965,0.029656492837511983,0.13985920900180582,0.0
TCGA-S9-A89V-01A,cibersortx_smode,0.04528353946493804,0.06452424461941383,0.05823012037168594,0.43966928624166923,0.309405916675659,0.06448529657575967,0.017461078085137496,0.0009405179657368318
TCGA-S9-A89Z-01A,cibersortx_smode,0.08808909907587495,0.34936729612756534,0.3679963221965742,0.0,0.12887844127365927,0.02925713514468155,0.03641170618164469,0.0
TCGA-TM-A7C3-01A,cibersortx_smode,0.02261667139612765,0.03868411474767551,0.3267201991052876,0.3388916007509538,0.07873186140584625,0.19233022672026928,0.0,0.0020253258738398886
TCGA-TM-A7C4-01A,cibersortx_smode,0.022863192051109062,0.01417829575214761,0.06980299682266224,0.7992987047878963,0.04679236518737376,0.03872080868014791,0.003871185607980042,0.004472451110683055
TCGA-TM-A7C5-01A,cibersortx_smode,0.005646541753316845,0.014238789291423073,0.16572944650734525,0.6679017736079678,0.07660868123022749,0.050288041962967454,0.018235203004430278,0.0013515226423217595
TCGA-TM-A7CA-01A,cibersortx_smode,0.01711321857916635,0.022138167227388116,0.13941766218934865,0.6877767186726349,0.058148355684101545,0.031119614077861225,0.042211374380076896,0.0020748891894222564
TCGA-TM-A7CF-01A,cibersortx_smode,0.023712232248856737,0.013475186891819868,0.4120980209603001,0.47102161378045876,0.02790517398049976,0.014399280080982757,0.026152057551595234,0.011236434505486833
TCGA-TM-A7CF-02A,cibersortx_smode,0.037260982861226546,0.09137189938674044,0.15091791970612217,0.23890794300113719,0.035872878906434515,0.02034027362062565,0.4200127797187619,0.005315322798951578
TCGA-TM-A84B-01A,cibersortx_smode,0.08415996061490517,0.04293022822015568,0.7916326570226865,0.0,0.06858746246795357,0.0,0.0,0.012689691674299232
TCGA-TM-A84C-01A,cibersortx_smode,0.34757343156064835,0.3742347918299535,0.0,0.0,0.2781917766093981,0.0,0.0,0.0
TCGA-TM-A84F-01A,cibersortx_smode,0.10616596975295409,0.24620704331978288,0.0,0.06250296642671153,0.3875381677032851,0.1631234189068733,0.031305586338246184,0.003156847552146931
TCGA-TM-A84G-01A,cibersortx_smode,0.011482190058546326,0.0,0.14516382615198223,0.6801546482795381,0.062051799100506226,0.08107787063132892,0.019047105042530627,0.0010225607355676674
TCGA-TM-A84H-01A,cibersortx_smode,0.06411889751933236,0.038244952897775734,0.1214112500092335,0.5407824386575674,0.08595053009017088,0.12926390755875378,0.017034420785201038,0.0031936024819653763
TCGA-TM-A84I-01A,cibersortx_smode,0.06149963312420066,0.05925401797746965,0.2430091623210064,0.54034173047177,0.03591517560440885,0.0599802805011444,0.0,0.0
TCGA-TM-A84J-01A,cibersortx_smode,0.020511304607863483,0.05207003874547542,0.23597081516509844,0.6127590900751136,0.004525723702414437,0.05881921273594182,0.015343814968092758,0.0
TCGA-TM-A84L-01A,cibersortx_smode,0.0686665878294249,0.1148458392064227,0.0,0.4204939167112453,0.24919835093267917,0.07632742529300099,0.0688240483792442,0.0016438316479827537
TCGA-TM-A84M-01A,cibersortx_smode,0.014059834943974107,0.0,0.13176354856055486,0.7695663351792591,0.01228787018568759,0.054787328815746085,0.016454108951183374,0.0010809733635948602
TCGA-TM-A84O-01A,cibersortx_smode,0.11278888914058054,0.04294121358721038,0.0,0.10978141387937176,0.338728695041642,0.3476882882457519,0.047838900043510144,0.00023260006193326
TCGA-TM-A84Q-01A,cibersortx_smode,0.0918855615764401,0.21096230517513362,0.004480593783349655,0.38784368914866474,0.21214989033349355,0.05281194468084806,0.03986601530207038,0.0
TCGA-TM-A84R-01A,cibersortx_smode,0.0,0.00689190472471866,0.3255252754733215,0.4846865023797226,0.0686501086543361,0.03441550342485251,0.07271694192536363,0.007113763417685116
TCGA-TM-A84S-01A,cibersortx_smode,0.03297648633141299,0.028956126506266774,0.04765781174906949,0.6058355516144942,0.11029612948859147,0.14442332972583974,0.027527009156640303,0.002327555427685098
TCGA-TM-A84T-01A,cibersortx_smode,0.03059859239150714,0.055661058002716014,0.05670305867622159,0.6245690078060492,0.0931023009513278,0.10280295868637705,0.03588447647816712,0.0006785470076342598
TCGA-TQ-A7RF-01A,cibersortx_smode,0.08652533658385278,0.12342478141684984,0.31829153225132606,0.20422786043025054,0.20219501235814938,0.03635764432113618,0.02354714465252805,0.005430687985907088
TCGA-TQ-A7RG-01A,cibersortx_smode,0.024170825564749206,0.02942103572987748,0.0737051940894871,0.6761457561178829,0.08377354517009294,0.08429631139022921,0.026402765879966195,0.0020845660577150146
TCGA-TQ-A7RH-01A,cibersortx_smode,0.03993038162948876,0.10180989657443194,0.22064574124162062,0.5222823665794483,0.06975188753484499,0.018143319628070753,0.0264709496509451,0.0009654571611496184
TCGA-TQ-A7RI-01A,cibersortx_smode,0.023326057493804796,0.03583513086445035,0.008242707585300066,0.6843839043216063,0.07136750448411963,0.13327824290634413,0.04216130463823448,0.0014051477061402472
TCGA-TQ-A7RJ-01A,cibersortx_smode,0.03604009721980277,0.07022974420664006,0.0,0.5520035480641263,0.1805800073675059,0.1486876085954658,0.010080182960949978,0.0023788115855092246
TCGA-TQ-A7RK-01A,cibersortx_smode,0.04602241797595114,0.04082054179456716,0.044569649419331114,0.7444326361164124,0.04463836464989277,0.056721251299527466,0.022795138744317767,0.0
TCGA-TQ-A7RM-01A,cibersortx_smode,0.03066191049021935,0.013404007710180991,0.11923272023847518,0.7867492706756107,0.0049506400079205575,0.015054654778046482,0.02994679609954659,0.0
TCGA-TQ-A7RN-01A,cibersortx_smode,0.018167952957150773,0.011563437549627563,0.13867316221176187,0.6809815709166864,0.023000655716352025,0.10339160909928935,0.02186588202004393,0.0023557295290879514
TCGA-TQ-A7RO-01A,cibersortx_smode,0.010390139305291089,0.012485873687921709,0.09768243870924763,0.6540465558984393,0.08827315730303549,0.13199287793509235,0.001872109375526175,0.003256847785446441
TCGA-TQ-A7RP-01A,cibersortx_smode,0.0709928698717446,0.12388138351190231,0.26142033806662884,0.0,0.1371971954545536,0.1685111183470607,0.22466888675594482,0.013328207992165036
TCGA-TQ-A7RQ-01A,cibersortx_smode,0.027896704406972683,0.000999965336535481,0.31665791868832777,0.5245692840657354,0.04603241889808451,0.07062853427015987,0.009914567238041091,0.0033006070961431296
TCGA-TQ-A7RR-01A,cibersortx_smode,0.0473778938628482,0.10505874826703913,0.11249303445894661,0.1781172406727694,0.29350192591521584,0.10593126804436268,0.15344557482050786,0.004074313958310295
TCGA-TQ-A7RS-01A,cibersortx_smode,0.018043187921959043,0.01670571715240447,0.07512974322422616,0.6657005515873634,0.03106200377087554,0.13554230317597515,0.056097896049342434,0.0017185971178537637
TCGA-TQ-A7RU-01A,cibersortx_smode,0.022818530820617973,0.007762636960343571,0.11750404140961078,0.6268563574857096,0.08112196283142054,0.11174643145994383,0.03111724426612021,0.001072794766233716
TCGA-TQ-A7RV-01A,cibersortx_smode,0.01874714519215037,0.036346270172562624,0.20581302294456597,0.6343850335379958,0.047970471513760035,0.0021426650311405305,0.05172685997245904,0.0028685316353656014
TCGA-TQ-A7RV-02A,cibersortx_smode,0.1866420713974118,0.20540191694817708,0.0,0.0,0.49178026709672434,0.0,0.10775658706655415,0.008419157491132654
TCGA-TQ-A7RW-01A,cibersortx_smode,0.03305173896622261,0.1116629639926467,0.14693389072133806,0.324018200923465,0.22353290963020367,0.12319050163641387,0.03610700663251908,0.001502787497191021
TCGA-TQ-A8XE-01A,cibersortx_smode,0.03823655965160509,0.08249422253546855,0.21310199922420123,0.5114955318888051,0.08595528119024762,0.009459650762062975,0.055897433893590684,0.003359320854018554
TCGA-TQ-A8XE-02A,cibersortx_smode,0.0836593523806677,0.20396142001488804,0.3837056433356409,0.0,0.18280707571168187,3.1787283671103364e-05,0.1417142247262945,0.004120496547155831
TCGA-VM-A8C8-01A,cibersortx_smode,0.06308836274227327,0.07828262510542452,0.0,0.6313685294177893,0.13769189484945304,0.05953876385808262,0.02870259003442015,0.001327233992557047
TCGA-VM-A8C9-01A,cibersortx_smode,0.11364746651134855,0.22247552312007599,0.025560454082812933,0.0,0.6066929447606542,0.014149922137032105,0.017473689388076145,0.0
TCGA-VM-A8CA-01A,cibersortx_smode,0.11728718387905078,0.0523885474783391,0.0,0.0,0.4758184578487942,0.34281336189608436,0.009901172519266848,0.001791276378464642
TCGA-VM-A8CB-01A,cibersortx_smode,0.02096837954395515,0.028846521529695298,0.3099040431430531,0.5921987219007101,0.0,0.03889980789650389,0.007567034837198375,0.001615491148884246
TCGA-VM-A8CD-01A,cibersortx_smode,0.03145268478373087,0.20657650200847028,0.0667872572755598,0.42270682989869274,0.12039085417461218,0.12306392507280768,0.021775737918023775,0.007246208868102493
TCGA-VM-A8CE-01A,cibersortx_smode,0.019051872335474732,0.02632695660445188,0.08601532078542705,0.6289098901261734,0.07126128716414648,0.09030968874539093,0.07598800646602025,0.002136977772915425
TCGA-VM-A8CF-01A,cibersortx_smode,0.13497524544685963,0.3360244515186203,0.0,0.2501356219258793,0.18832352280752435,0.04858032190097011,0.04196083640014624,0.0
TCGA-VM-A8CH-01A,cibersortx_smode,0.11874720254373357,0.19474742070442702,0.20284022644709235,0.12691123866452203,0.2261777915791239,0.06224986196895941,0.06544148384707707,0.002884774245064659
TCGA-VV-A829-01A,cibersortx_smode,0.017162298985536728,0.02601940102594367,0.1979439622161597,0.5089288779724258,0.13280742668573509,0.11015982106582647,0.006978212048372429,0.0
TCGA-VV-A86M-01A,cibersortx_smode,0.045921632897222495,0.11698971807872129,0.17685291157811334,0.6304838338664894,0.02975190357945348,0.0,0.0,0.0
TCGA-VW-A7QS-01A,cibersortx_smode,0.013421112536023874,0.00618251309985226,0.10474615517283435,0.6878084535075689,0.03491864134868049,0.1459480447713343,0.006461102248014875,0.0005139773156911219
TCGA-VW-A8FI-01A,cibersortx_smode,0.3325509278268037,0.4319947433095743,0.0,0.0,0.1672376346672448,0.0,0.06821669419637724,0.0
TCGA-W9-A837-01A,cibersortx_smode,0.008030909738080145,0.005274735768417415,0.09476850943548966,0.6806574441850637,0.06394975579356478,0.12138685158537428,0.02122490726180083,0.004706886232209203
TCGA-WH-A86K-01A,cibersortx_smode,0.029842591729788332,0.036509279373446724,0.08652987222249552,0.6929201426028206,0.03738785036940536,0.10411335691309873,0.01039972832817425,0.002297178460770547
TCGA-WY-A858-01A,cibersortx_smode,0.10437011083276104,0.34025997707969835,0.19467299736147023,0.0,0.11844102402877213,0.1461110335863172,0.09614485711098104,0.0
TCGA-WY-A859-01A,cibersortx_smode,0.005453944184219134,0.0223116452973192,0.3023055119817884,0.5851464925490372,0.021438799843336204,0.0038159462391788085,0.05285211113638587,0.006675548768735351
TCGA-WY-A85A-01A,cibersortx_smode,0.011608947590141647,0.030323245608816468,0.16474703248443953,0.6662721661206957,0.046612199054383796,0.06153525726650765,0.01391973906352157,0.004981412811493706
TCGA-WY-A85B-01A,cibersortx_smode,0.033528857804176325,0.1395418858032263,0.0812612272095117,0.6240514916730135,0.054763844691343794,0.049758053410405186,0.017094639408323075,0.0
TCGA-WY-A85C-01A,cibersortx_smode,0.06060168111194815,0.0677606040775812,0.11849468657957192,0.6068257533453318,0.11548532832564479,0.026888612316189758,0.003943334243732338,0.0
TCGA-WY-A85D-01A,cibersortx_smode,0.11304394420378688,0.11021131728370517,0.041127302848056886,0.56839229214266,0.10997633158218972,0.02461665003348227,0.0311347428225231,0.0014974190835958699
TCGA-WY-A85E-01A,cibersortx_smode,0.029548936544551003,0.009332595240356564,0.17500046595819035,0.6959459098871696,0.0510332190924489,0.0221518381062336,0.015559644922961625,0.0014273902480883298
TCGA-CS-4938-01B,elastic_net,0.1059746926836697,0.0,0.03306298933396425,0.06434321357683534,0.0,0.525003420889054,0.07890315785235964,0.19271252566411687
TCGA-CS-4941-01A,elastic_net,0.1485613914348597,0.06271679844054953,0.05964282073006175,0.07827860185777256,0.07829318918201311,0.31607037325824017,0.046096760571987395,0.21034006452451573
TCGA-CS-4942-01A,elastic_net,0.0923060577736649,0.10496352199648637,0.02710747506599267,0.03585128769223064,0.0,0.40446998998073835,0.12677338405514132,0.20852828343574567
TCGA-CS-4943-01A,elastic_net,0.2091864318279732,0.0,0.0,0.0,0.0,0.5988395511261363,0.09755355789401868,0.09442045915187171
TCGA-CS-4944-01A,elastic_net,0.43331185596853017,0.0,0.0,0.0,0.0,0.0,0.0,0.5666881440314698
TCGA-CS-5390-01A,elastic_net,0.16696487942414737,0.0,0.0,0.0,0.0,0.571404586240582,0.1596333843829886,0.10199714995228203
TCGA-CS-5393-01A,elastic_net,0.05583603527058106,0.0,0.021846691044620576,0.02101678941138727,0.0657341458231103,0.5559958717163339,0.1262784621244182,0.15329200460954856
TCGA-CS-5394-01A,elastic_net,0.05076021922722633,0.0,0.0,0.0,0.0,0.6129530900621072,0.05889694683236575,0.2773897438783007
TCGA-CS-5395-01A,elastic_net,0.10239539665182408,0.021286664267907807,0.0022465962175219297,0.0,0.0,0.30048219772482376,0.16265923596306303,0.41092990917485944
TCGA-CS-5396-01A,elastic_net,0.10818416174317674,0.0,0.0,0.0,0.0,0.584780283405821,0.2034508963489079,0.10358465850209432
TCGA-CS-5397-01A,elastic_net,0.25700231912903837,0.0,0.0,0.0,0.0,0.4949043807434689,0.05114061568227017,0.19695268444522246
TCGA-CS-6186-01A,elastic_net,0.2898092328754132,0.0,0.0,0.0,0.0,0.0,0.0,0.7101907671245868
TCGA-CS-6188-01A,elastic_net,0.1820849963375117,0.07251426545897313,0.04100574923176416,0.0,0.0,0.4013274896960997,0.04760465199623375,0.25546284727941754
TCGA-CS-6290-01A,elastic_net,0.13756907854377393,0.017423646831598572,0.05300103035167158,0.10988514565833524,0.08106018911234926,0.354002640537949,0.07718253713178147,0.16987573183254095
TCGA-CS-6665-01A,elastic_net,0.09503703511023996,0.09473013824983713,0.0,0.0,0.0,0.3153680715785259,0.3719940031089383,0.12287075195245871
TCGA-CS-6666-01A,elastic_net,0.09754568261386427,0.0,0.008203949120706315,0.0,0.0,0.7352259887208271,0.046836493369330746,0.11218788617527163
TCGA-CS-6667-01A,elastic_net,0.04191303714498831,0.0,0.0,0.0,0.0,0.7918608063751775,0.03813208445604679,0.12809407202378748
TCGA-CS-6668-01A,elastic_net,0.1322115663125072,0.0,0.03830973984855801,0.0,0.0,0.5636158730903059,0.12467892250518808,0.14118389824344088
TCGA-CS-6669-01A,elastic_net,0.0,0.0,0.0,0.0,0.0,0.0,0.34838791491154675,0.6516120850884534
TCGA-CS-6670-01A,elastic_net,0.03284501933465204,0.0,0.0,0.0,0.0,0.7244991218859392,0.05600955081919896,0.18664630796020976
TCGA-DB-5270-01A,elastic_net,0.10213589903515023,0.0,0.03298765703076854,0.02011226556018641,0.0,0.4079420035800559,0.15860274080876818,0.2782194339850708
TCGA-DB-5273-01A,elastic_net,0.13677165591339518,0.0,0.05179337702686874,0.06386270983409625,0.0,0.48885243362554764,0.0892074288903933,0.1695123947096989
TCGA-DB-5274-01A,elastic_net,0.14931636420169583,0.002154613144491191,0.04066350470091068,0.046723533060962996,0.0,0.4837806752154031,0.15514809187239992,0.1222132178041363
TCGA-DB-5275-01A,elastic_net,0.17591442187917097,0.0,0.0,0.0,0.0,0.7045516966778903,0.025118805891089006,0.09441507555184961
TCGA-DB-5276-01A,elastic_net,0.17118157255462568,0.0,0.023201605125695357,0.0,0.0,0.33564935354785325,0.29939637252188317,0.1705710962499424
TCGA-DB-5277-01A,elastic_net,0.07718003146231699,0.0,0.016716210200044487,0.0,0.0,0.5225413125557281,0.21449762584273308,0.16906481993917738
TCGA-DB-5278-01A,elastic_net,0.04724636738899913,0.0,0.0,0.0,0.0,0.7365121115402592,0.07556488447316616,0.14067663659757546
TCGA-DB-5280-01A,elastic_net,0.07774758520894938,0.0,0.009137544826029345,0.0,0.0,0.5875396637547745,0.08909170290509187,0.23648350330515494
TCGA-DB-5281-01A,elastic_net,0.08297635567226462,0.0,0.026671847640154782,0.009405619346851097,0.0,0.6372019889882935,0.056151398575814644,0.18759278977662136
TCGA-DB-A4X9-01A,elastic_net,0.1064903204660165,0.0,0.029798871013970857,0.019255422859017345,0.0,0.5352035585939241,0.059879440019824565,0.24937238704724662
TCGA-DB-A4XA-01A,elastic_net,0.1262224583262724,0.0,0.0,0.0,0.0,0.5143918297198496,0.11543748166039183,0.24394823029348606
TCGA-DB-A4XB-01A,elastic_net,0.07505499199756197,0.0,0.019669457587958985,0.0,0.0,0.6610438963849986,0.07536348745441877,0.1688681665750615
TCGA-DB-A4XC-01A,elastic_net,0.10021397595994931,0.0007222268202684166,0.03085228475621972,0.03044185596805982,0.0,0.5651097737166164,0.050517242236753225,0.22214264054213304
TCGA-DB-A4XD-01A,elastic_net,0.09519524682472542,0.0,0.027299704234870745,0.0008297139203927916,0.0,0.5838883284995002,0.1361923832683342,0.15659462325217663
TCGA-DB-A4XE-01A,elastic_net,0.12053832949655421,0.0,0.030950828949971185,0.017925963988833494,0.0,0.4848151130522172,0.11836220192682431,0.2274075625855995
TCGA-DB-A4XF-01A,elastic_net,0.12368576600778286,0.0,0.04610317054038126,0.006418469028922101,0.0,0.5059814554744693,0.09451324174978017,0.22329789719866439
TCGA-DB-A4XG-01A,elastic_net,0.049083226791189975,0.0,0.002423758955537665,0.0,0.0,0.7389015447268612,0.05547216530431713,0.15411930422209416
TCGA-DB-A4XH-01A,elastic_net,0.032982374978815024,0.0,0.0004946152999532465,0.0,0.0,0.48967886996311394,0.2170662200919436,0.2597779196661741
TCGA-DB-A64L-01A,elastic_net,0.11804914560265964,0.0,0.0,0.0,0.0,0.46556620012460115,0.05555977286966525,0.3608248814030739
TCGA-DB-A64O-01A,elastic_net,0.326939481739138,0.0,0.0,0.0,0.0,0.0,0.06705107237421294,0.6060094458866491
TCGA-DB-A64P-01A,elastic_net,0.05573096867209915,0.0,0.0,0.0,0.0,0.6513070251636587,0.113237771715094,0.179724234449148
TCGA-DB-A64Q-01A,elastic_net,0.06590553221590711,0.0,0.011040626271395786,0.0,0.0,0.6412987081116484,0.08984521008934629,0.19190992331170253
TCGA-DB-A64R-01A,elastic_net,0.04330458179276683,0.0,0.0,0.0,0.0,0.7533223351816364,0.0661080378923593,0.13726504513323765
TCGA-DB-A64S-01A,elastic_net,0.0867532481247409,0.06285511842343107,0.029546927276667596,0.034611364600467404,0.027027815444591565,0.556368795307517,0.08871408638880049,0.11412264443378387
TCGA-DB-A64U-01A,elastic_net,0.04780632523347227,0.0,0.0,0.0,0.0,0.6556433478560239,0.21685636619977144,0.07969396071073241
TCGA-DB-A64V-01A,elastic_net,0.2321094445411847,0.0,0.023582452539597808,0.0,0.0,0.2858062817594541,0.2221355443205238,0.23636627683923972
TCGA-DB-A64W-01A,elastic_net,0.10417844514605469,0.0,0.02794833704642266,0.0,0.0,0.5030300455249784,0.17658400861989892,0.18825916366264525
TCGA-DB-A64X-01A,elastic_net,0.09315305246805833,0.0,0.0,0.0,0.0,0.647978916420591,0.031648583461247555,0.227219447650103
TCGA-DB-A75K-01A,elastic_net,0.10818650231252935,0.04353857194084965,0.04176482799821771,0.054044151364658,0.023686821741331125,0.4777026094207388,0.09529840567399316,0.1557781095476823
TCGA-DB-A75L-01A,elastic_net,0.11213661956412915,0.0,0.03979533529862907,0.00037904120138026586,0.0,0.4689075383375747,0.15251968522930665,0.22626178036898015
TCGA-DB-A75M-01A,elastic_net,0.1166798581070154,0.0,0.036331603665787554,0.03773218379739726,0.0,0.5311014256499303,0.07256826134971307,0.2055866674301563
TCGA-DB-A75O-01A,elastic_net,0.13441685855346402,0.0,0.045298022697187,0.08969971267418066,0.0026885762746850493,0.5056981975409025,0.03826971424151214,0.18392891801806868
TCGA-DB-A75P-01A,elastic_net,0.10344113203246813,0.0,0.0,0.0,0.0,0.6943915949838868,0.026985129571370205,0.17518214341227495
TCGA-DH-5140-01A,elastic_net,0.13520036591489978,0.0,0.04276403783527123,0.0767217847145482,0.0,0.5509606740089179,0.04896991124744132,0.1453832262789216
TCGA-DH-5142-01A,elastic_net,0.12356095987897299,0.0,0.055523054941466136,0.06116927575112624,0.03898677973081322,0.5043059838934585,0.08495938584091348,0.13149455996324938
TCGA-DH-5143-01A,elastic_net,0.3325819259527065,0.0,0.0,0.0,0.0,0.4942771781619368,0.012981324479105156,0.16015957140625153
TCGA-DH-5144-01A,elastic_net,0.07042311768578464,0.0,0.013847576274308328,0.0,0.0,0.7417055180780633,0.05063860282119929,0.1233851851406444
TCGA-DH-A669-01A,elastic_net,0.2861249243351289,0.0,0.03033658891472447,0.0,0.0,0.10825067691292388,0.13767176342022944,0.43761604641699337
TCGA-DH-A669-02A,elastic_net,0.1243993562649996,0.0,0.047819642042165066,0.0,0.0,0.5389184526765065,0.1260709756106998,0.16279157340562914
TCGA-DH-A66B-01A,elastic_net,0.13030315636343856,0.05485484635568243,0.046444483367991674,0.054451821316160325,0.0,0.3235360788316191,0.1363448139898969,0.2540647997752111
TCGA-DH-A66D-01A,elastic_net,0.11860692895922235,0.025114209970276496,0.043324796613798046,0.03747240156804715,0.0,0.4914243288887067,0.08597126288762531,0.198086071112324
TCGA-DH-A66F-01A,elastic_net,0.09588956960908575,0.0,0.0,0.0,0.0,0.7455074940178288,0.02449015464299226,0.13411278173009322
TCGA-DH-A66G-01A,elastic_net,0.23607514481276792,0.0,0.0,0.0,0.0,0.20331550127321893,0.06705049091305516,0.49355886300095786
TCGA-DH-A7UR-01A,elastic_net,0.06924478148366162,0.0,0.0,0.0,0.0,0.6765758948209059,0.0649818201420269,0.1891975035534057
TCGA-DH-A7US-01A,elastic_net,0.05303305579797633,0.0,0.0,0.0,0.0,0.6555145392355193,0.15696471690560213,0.1344876880609022
TCGA-DH-A7UT-01A,elastic_net,0.06755293573178116,0.0,0.021973528592962012,0.005665289338796204,0.019658957135329735,0.6110422096062887,0.1559911190911984,0.11811596050364369
TCGA-DH-A7UU-01A,elastic_net,0.09394737274228625,0.005935855978072939,0.029535738053855988,0.050826334918027065,0.0,0.5077095040720386,0.16250511049979516,0.14954008373592395
TCGA-DH-A7UV-01A,elastic_net,0.2800126899612426,0.0,0.0320771931636391,0.0,0.0,0.3708228723204943,0.1265276639991808,0.19055958055544317
TCGA-DU-5847-01A,elastic_net,0.4442861722521426,0.18256074782065143,0.0,0.0,0.0,0.0,0.03162129871407047,0.3415317812131355
TCGA-DU-5849-01A,elastic_net,0.08644295115562206,0.0,0.0,0.0,0.0,0.6427144035054553,0.11671475343869288,0.15412789190022994
TCGA-DU-5851-01A,elastic_net,0.07889476608222346,0.0,0.0,0.0,0.0,0.5685359676416197,0.1704667933983323,0.1821024728778244
TCGA-DU-5852-01A,elastic_net,0.25668286315306515,0.0,0.0,0.0,0.0,0.5982069692803534,0.005956594970922238,0.13915357259565908
TCGA-DU-5853-01A,elastic_net,0.11550198570599199,0.0,0.008982062629264884,0.0,0.0,0.6667671814320418,0.06847966487232256,0.14026910536037876
TCGA-DU-5854-01A,elastic_net,0.08165283950084065,0.028873854385346075,0.03207102260390649,0.058428736374244436,0.13320410593297022,0.31316167828984415,0.20039332986895195,0.15221443304389604
TCGA-DU-5855-01A,elastic_net,0.13880143615460017,0.0,0.020714596137659205,0.0,0.0,0.6176795196271452,0.05475747950360415,0.16804696857699133
TCGA-DU-5870-02A,elastic_net,0.45697250499657294,0.0,0.0,0.0,0.0,0.020623249347685096,0.18771549903824078,0.33468874661750114
TCGA-DU-5871-01A,elastic_net,0.18503529331642388,0.0,0.0,0.0,0.0,0.582359940514271,0.01635320050375629,0.21625156566554876
TCGA-DU-5872-01A,elastic_net,0.10797347014665708,0.0,0.0394928897683253,0.01535383449351989,0.0,0.566749100078055,0.10386097481375783,0.1665697306996849
TCGA-DU-5872-02A,elastic_net,0.15826059894421735,0.052609230898978995,0.0,0.0,0.0,0.2366270041077035,0.27609884995394973,0.27640431609515037
TCGA-DU-6392-01A,elastic_net,0.16069474863130714,0.07262581349184469,0.0,0.0,0.0,0.5422777461311221,0.1151792062328175,0.10922248551290849
TCGA-DU-6393-01A,elastic_net,0.12037849924266647,0.0,0.0381654088653691,0.023705952010568923,0.0,0.6215469555092049,0.06626758750265556,0.129935596869535
TCGA-DU-6394-01A,elastic_net,0.15286552608203513,0.0,0.05114779107379898,0.06020980321679505,0.0,0.46560497183817084,0.05139977890905644,0.21877212888014355
TCGA-DU-6395-01A,elastic_net,0.10116065080563334,0.021079808700973368,0.03540848367979032,0.03367080247771267,0.01512488053192692,0.5049647034559399,0.11159498407835512,0.17699568626966833
TCGA-DU-6396-01A,elastic_net,0.04471338866035246,0.09733331891705525,0.01999111296643174,0.023254976560680794,0.02512217565821305,0.5837569610050666,0.1255807321875263,0.08024733404467392
TCGA-DU-6397-01A,elastic_net,0.08113845762919182,0.0,0.0,0.0,0.0,0.7513916229751216,0.03677787709431536,0.13069204230137121
TCGA-DU-6397-02A,elastic_net,0.07683982409336135,0.0,0.015890898560567416,0.009334583467997638,0.0,0.6701184254824709,0.12324979493456248,0.10456647346104009
TCGA-DU-6399-01A,elastic_net,0.09719110749757875,0.0,0.031601924831237346,0.020393757764396857,0.0,0.6273123452469664,0.0700482358159518,0.15345262884386876
TCGA-DU-6400-01A,elastic_net,0.10175142801218201,0.0,0.026929316193815403,0.007806708766515113,0.0,0.6601173378658662,0.059393842642186216,0.14400136651943504
TCGA-DU-6401-01A,elastic_net,0.070606327705672,0.0,0.023376755120543477,0.0,0.0,0.6969097609976219,0.04599147521055042,0.1631156809656123
TCGA-DU-6402-01A,elastic_net,0.08370550671473428,0.17618272318635228,0.007190868615203561,0.0,0.0,0.5612516742126746,0.0008559205758504414,0.1708133066951848
TCGA-DU-6403-01A,elastic_net,0.07874782280874863,0.16863131200259823,0.03804174594843231,0.053090516334136785,0.210656337830392,0.17394925436240374,0.19326478808369335,0.08361822262959498
TCGA-DU-6404-01A,elastic_net,0.1487464031939673,0.021584863584913475,0.0344080855949938,0.0,0.0,0.5276116437573017,0.0034429751901016107,0.2642060286787221
TCGA-DU-6405-01A,elastic_net,0.564804190997092,0.0,0.0,0.0,0.0,0.15728990343175148,0.0,0.27790590557115663
TCGA-DU-6406-01A,elastic_net,0.10435833466289023,0.03533206763841872,0.03569093654257223,0.057130940082876475,0.01535227816880405,0.6035482684818516,0.007587734651705591,0.1409994397708811
TCGA-DU-6407-01A,elastic_net,0.19429604341610887,0.0,0.0,0.0,0.0,0.5540162501695467,0.08128893065590133,0.17039877575844314
TCGA-DU-6408-01A,elastic_net,0.08406575555808361,0.0,0.024840646001062616,0.012782251974985274,0.0,0.70087310904637,0.04052567015477551,0.13691256726472306
TCGA-DU-6410-01A,elastic_net,0.11619462527170836,0.0,0.04718678839136025,0.031118700986684025,0.0,0.55449241438467,0.12973607541940496,0.12127139554617238
TCGA-DU-6542-01A,elastic_net,0.1572490302957282,0.0,0.0,0.0,0.0,0.6698855995666654,0.08862218953718343,0.08424318060042295
TCGA-DU-7006-01A,elastic_net,0.11325644004990951,0.09677690107036896,0.009526669397253008,0.0,0.0,0.5656553105585087,0.031439167339174436,0.18334551158478543
TCGA-DU-7007-01A,elastic_net,0.09912433262836802,0.06181622232759588,0.015065200286826157,0.0,0.0,0.3837476819042559,0.07911784551690573,0.3611287173360482
TCGA-DU-7008-01A,elastic_net,0.07107859564723906,0.0,0.01398112527289074,0.0,0.20873320094040096,0.4548217222441758,0.08092416393067887,0.1704611919646147
TCGA-DU-7009-01A,elastic_net,0.05245542116134899,0.0,0.009775855530329617,0.0,0.0,0.5285104338219782,0.24980170457108478,0.1594565849152584
TCGA-DU-7010-01A,elastic_net,0.12291445661271312,0.0,0.0,0.0,0.0,0.4408448459932952,0.2785354650966101,0.1577052322973815
TCGA-DU-7011-01A,elastic_net,0.09420050079303154,0.019598083998205215,0.03692122105797408,0.03052803636311455,0.0038629501293852542,0.5085236550596425,0.10608457173977241,0.20028098085887433
TCGA-DU-7012-01A,elastic_net,0.24988230646144932,0.06868414310136313,0.0,0.0,0.0,0.059532983385173266,0.020638209447023353,0.6012623576049909
TCGA-DU-7013-01A,elastic_net,0.6653226375955261,0.0,0.0,0.0,0.0,0.1293790156284836,0.0,0.20529834677599038
TCGA-DU-7014-01A,elastic_net,0.09220479072344517,0.0,0.027171589058479304,0.0,0.0,0.6849860740526106,0.06590674529536103,0.129730800870104
TCGA-DU-7015-01A,elastic_net,0.2584665791985013,0.0,0.0,0.0,0.0,0.6017780302303072,0.02485129394629156,0.11490409662489989
TCGA-DU-7018-01A,elastic_net,0.08177437459673104,0.0,0.016003968272049498,0.0,0.0,0.7620558844258224,0.04763895900085113,0.09252681370454603
TCGA-DU-7019-01A,elastic_net,0.04762280057731146,0.0,0.0,0.0,0.0,0.46031654187217846,0.07513831837317654,0.41692233917733357
TCGA-DU-7292-01A,elastic_net,0.31669084228530053,0.0,0.07221832112105722,0.0,0.0,0.18563684152176194,0.042211698564946186,0.38324229650693425
TCGA-DU-7294-01A,elastic_net,0.055215619543032245,0.0,0.007828546381973363,0.0,0.0,0.722375926460974,0.11711027910799854,0.0974696285060218
TCGA-DU-7298-01A,elastic_net,0.06190961054599206,0.0,0.0,0.0,0.0,0.589177448575614,0.21301003256283918,0.13590290831555477
TCGA-DU-7299-01A,elastic_net,0.06025623337686688,0.0,0.0,0.0,0.0,0.7793370365880582,0.08771555195329547,0.0726911780817793
TCGA-DU-7300-01A,elastic_net,0.2461140546125726,0.0,0.017988585216229962,0.0,0.0,0.196038479952832,0.16678175319839098,0.37307712701997453
TCGA-DU-7301-01A,elastic_net,0.08542308109311891,0.008617682534282961,0.03261740762325591,0.03687279404375189,0.0,0.42684860464506885,0.2583094958501228,0.15131093421039865
TCGA-DU-7302-01A,elastic_net,0.05358146920481444,0.0,0.0,0.0,0.0,0.7804831797695423,0.04013022629261835,0.125805124733025
TCGA-DU-7304-01A,elastic_net,0.21912931192653778,0.0,0.02365714437152849,0.0,0.0,0.484508791363352,0.05263037168502004,0.2200743806535616
TCGA-DU-7304-02A,elastic_net,0.28272499012885977,0.0,0.0,0.0,0.0,0.2128534790042048,0.14684616274414708,0.35757536812278834
TCGA-DU-7306-01A,elastic_net,0.08793350062604384,0.0,0.038840499462931555,0.0,0.0,0.5456502766000647,0.14773431244433136,0.17984141086662847
TCGA-DU-7309-01A,elastic_net,0.059752033610756025,0.0,0.012777958630587779,0.0,0.0,0.5794594249348798,0.06696942234315861,0.28104116048061784
TCGA-DU-8158-01A,elastic_net,0.3583432295791691,0.0,0.0,0.0,0.0,0.0,0.13901658186200203,0.5026401885588289
TCGA-DU-8161-01A,elastic_net,0.27590496037912215,0.0,0.0,0.0,0.0,0.0,0.013110450864316447,0.7109845887565613
TCGA-DU-8162-01A,elastic_net,0.07872001362856515,0.0,0.0,0.0,0.0,0.1507848818705321,0.4574597972265374,0.31303530727436546
TCGA-DU-8163-01A,elastic_net,0.07525572156824147,0.017948292377767686,0.021525339990468656,0.025187752188298742,0.0,0.48534811969069563,0.20552383649996,0.16921093768456788
TCGA-DU-8164-01A,elastic_net,0.047282807790121055,0.0,0.006397790814686362,0.0,0.0,0.7822351393403346,0.04572096464149076,0.11836329741336724
TCGA-DU-8165-01A,elastic_net,0.43550587464493584,0.03281466468442925,0.0,0.0,0.0,0.19952850922572254,0.042468512176300204,0.2896824392686121
TCGA-DU-8166-01A,elastic_net,0.05371041670214399,0.056905616638046885,0.01438204886539326,0.0,0.0,0.6625963811787114,0.039332922933219105,0.1730726136824853
TCGA-DU-8167-01A,elastic_net,0.08514707143853352,0.0,0.04142058572201338,0.023317308570675717,0.0934711292827834,0.44365043618740874,0.21398599744157792,0.0990074713570073
TCGA-DU-8168-01A,elastic_net,0.11854912765838856,0.0,0.03605976699640339,0.02508248774430479,0.0,0.5870484788899325,0.06360284746963189,0.1696572912413388
TCGA-DU-A5TP-01A,elastic_net,0.03942502676797725,0.3267350166488608,0.02550654214320079,0.07389022324479244,0.15770233043242743,0.2237773275074941,0.09478121168862902,0.05818232156661805
TCGA-DU-A5TR-01A,elastic_net,0.3099264098055761,0.00506152508737483,0.13130310385091382,0.049972301710556485,0.008170536612527288,0.008158616620248043,0.2132177833440324,0.274189722968771
TCGA-DU-A5TS-01A,elastic_net,0.08866108950019275,0.0,0.03227729455565483,0.00972314058818886,0.05097845709485327,0.44287229082556145,0.24824611858687906,0.12724160884866975
TCGA-DU-A5TT-01A,elastic_net,0.16307211293542848,0.0,0.04804722393692111,0.09101568375795611,0.0,0.30284139700758006,0.10090811432142248,0.2941154680406917
TCGA-DU-A5TU-01A,elastic_net,0.3231585075988127,0.0,0.0,0.0,0.0,0.42832265862046176,0.05120203581560409,0.19731679796512147
TCGA-DU-A5TW-01A,elastic_net,0.12967565830512823,0.0,0.04988844265928084,0.014502128585757118,0.0,0.530381952593796,0.128227568697785,0.14732424915825293
TCGA-DU-A5TY-01A,elastic_net,0.3485146112013944,0.21450098732319514,0.0,0.0,0.0,0.07116270801311378,0.056031003765642844,0.3097906896966538
TCGA-DU-A6S2-01A,elastic_net,0.06639141754686974,0.0,0.0,0.0,0.0,0.6969350495209831,0.1150734876217878,0.12160004531035938
TCGA-DU-A6S3-01A,elastic_net,0.0729378219163771,0.0,0.018315578678887952,0.0,0.0,0.6329748469399118,0.1256893161793774,0.15008243628544576
TCGA-DU-A6S6-01A,elastic_net,0.10267100564146735,0.0,0.0,0.0,0.0,0.6766977783988991,0.03928846653858258,0.18134274942105102
TCGA-DU-A6S7-01A,elastic_net,0.09625809215083116,0.02702543063765707,0.02730849963053845,0.014839041319308957,0.0,0.3823163719323496,0.2382709689922018,0.2139815953371131
TCGA-DU-A6S8-01A,elastic_net,0.1611193813334014,0.0,0.0,0.0,0.0,0.4663149305457207,0.20706502273022273,0.16550066539065508
TCGA-DU-A76K-01A,elastic_net,0.32658405465738544,0.0,0.014309395516912926,0.0,0.0,0.10553302041793522,0.05293583723639877,0.5006376921713677
TCGA-DU-A76L-01A,elastic_net,0.06711095909154248,0.2007892622224193,0.0,0.0,0.0,0.6016736311273428,0.07312334060519739,0.0573028069534979
TCGA-DU-A76O-01A,elastic_net,0.13657895561451153,0.0,0.04821000479102569,0.06889244162855467,0.006338800841836129,0.5181000581408585,0.057399070592368116,0.16448066839084535
TCGA-DU-A76R-01A,elastic_net,0.06311049050725416,0.0,0.0,0.0,0.0,0.6573686783437916,0.03757584450275794,0.24194498664619635
TCGA-DU-A7T6-01A,elastic_net,0.2536756937405075,0.0,0.0,0.0,0.0,0.5022692596833112,0.13545727136135496,0.10859777521482629
TCGA-DU-A7T8-01A,elastic_net,0.13891864427714823,0.0,0.047777296900344386,0.055704381064336075,0.0,0.5614415309955804,0.045606596877914095,0.15055154988467684
TCGA-DU-A7TA-01A,elastic_net,0.07947704145632604,0.01286039685810185,0.02397643490745172,0.0,0.0,0.5870863798918352,0.12975161887894196,0.1668481280073432
TCGA-DU-A7TB-01A,elastic_net,0.0,0.0,0.0,0.0,0.0,0.0,0.94245370158442,0.05754629841558002
TCGA-DU-A7TC-01A,elastic_net,0.10188659691493522,0.0,0.030475090495681843,0.023295486718782583,0.0,0.5845684791449208,0.058850743863591,0.20092360286208855
TCGA-DU-A7TD-01A,elastic_net,0.20812984658972558,0.25343271606840617,0.05004109177175794,0.0,0.0,0.23401129616073144,0.03751607879470279,0.2168689706146761
TCGA-DU-A7TG-01A,elastic_net,0.08125264231970751,0.0,0.0,0.0,0.0,0.3176196434545193,0.13770200656759488,0.46342570765817825
TCGA-DU-A7TI-01A,elastic_net,0.09540561518608791,0.022895330985896075,0.03048622275652952,0.03233935091535641,0.013142812335923773,0.5554947669261007,0.06610014990039251,0.18413575099371307
TCGA-DU-A7TJ-01A,elastic_net,0.4054757281985518,0.002276429609791509,0.0,0.0,0.0,0.464808686321233,0.01010521995740457,0.11733393591301905
TCGA-E1-5302-01A,elastic_net,0.23815310127771366,0.0,0.03956217239674038,0.0,0.0,0.38892581517730235,0.0756768632311236,0.2576820479171199
TCGA-E1-5303-01A,elastic_net,0.44117861618850335,0.0,0.0,0.0,0.0,0.33169322559885833,0.09435748355954372,0.1327706746530946
TCGA-E1-5304-01A,elastic_net,0.11411919519927671,0.0,0.02937585847922385,0.003919937762820616,0.0,0.5187873673013809,0.20446596345001902,0.12933167780727897
TCGA-E1-5305-01A,elastic_net,0.06711931156132253,0.01650353416152953,0.01671428376807517,0.0033240766615958857,0.0,0.6141933136473583,0.08306745634378007,0.19907802385633863
TCGA-E1-5307-01A,elastic_net,0.14595846859446324,0.006226176934960477,0.0,0.0,0.0,0.20375984448664922,0.10331445671157093,0.5407410532723561
TCGA-E1-5311-01A,elastic_net,0.036560198416889934,0.0,0.0018601035357022956,0.0,0.0,0.8089601288617455,0.03716584831973244,0.11545372086592973
TCGA-E1-5318-01A,elastic_net,0.044004967144912824,0.0,0.004960499596108976,0.0,0.0,0.84048224447749,0.0439216903710062,0.06663059841048198
TCGA-E1-5319-01A,elastic_net,0.055491143826549356,0.0,0.011690268500853068,0.0,0.0,0.6944983248113747,0.12120820735695721,0.11711205550426557
TCGA-E1-5322-01A,elastic_net,0.09468327948463123,0.0881287221698524,0.03419766798258083,0.011379918807787692,0.0,0.5413677814761703,0.0919003648846442,0.13834226519433337
TCGA-E1-A7YD-01A,elastic_net,0.3089141294726025,0.0,0.0031113657747363394,0.0,0.0,0.3355407643851927,0.021100829907924525,0.33133291045954405
TCGA-E1-A7YE-01A,elastic_net,0.06692042163954692,0.0833385717680966,0.02234658677084563,0.002705856523636599,0.0,0.5266733652986445,0.12984405820255215,0.16817113979667742
TCGA-E1-A7YH-01A,elastic_net,0.0648507183071541,0.0,0.0328860212440367,0.019640399422801724,0.13578973141546719,0.38150114623954245,0.24336738405216746,0.12196459931883039
TCGA-E1-A7YI-01A,elastic_net,0.09222653366047416,0.04931680873541651,0.02969047545265257,0.05476664199774468,0.04140579272790191,0.5656099298477605,0.11521165729303637,0.05177216028501332
TCGA-E1-A7YJ-01A,elastic_net,0.34393360521290356,0.0,0.0,0.0,0.0,0.5350658605483748,0.05088233441682535,0.07011819982189613
TCGA-E1-A7YK-01A,elastic_net,0.07690855600758821,0.03124161311840521,0.04016775905184218,0.09673017656975332,0.30104331911461363,0.1557973107764173,0.19867493908383296,0.09943632627754721
TCGA-E1-A7YL-01A,elastic_net,0.10559810381782267,0.14593881645255968,0.016612970964194975,0.0,0.0,0.2962446389379231,0.05920169384932264,0.3764037759781769
TCGA-E1-A7YM-01A,elastic_net,0.06723849819118786,0.0,0.0,0.0,0.0,0.266668613977663,0.4366822956185751,0.22941059221257407
TCGA-E1-A7YN-01A,elastic_net,0.10965033169434507,0.22309739623598923,0.04063642040377818,0.0859393382443206,0.10256697198940695,0.08285113318241359,0.07746803293014967,0.2777903753195968
TCGA-E1-A7YO-01A,elastic_net,0.07381645135171862,0.0,0.0,0.0,0.0,0.8026095446597971,0.01639856021596981,0.10717544377251458
TCGA-E1-A7YQ-01A,elastic_net,0.3131530426505941,0.09874870973589259,0.0,0.0,0.0,0.48169812345328034,0.0,0.10640012416023291
TCGA-E1-A7YS-01A,elastic_net,0.12886233485318851,0.0,0.014391453660794504,0.0,0.0,0.6457546006424715,0.057801127990723435,0.15319048285282205
TCGA-E1-A7YU-01A,elastic_net,0.07150903166936824,0.0,0.021043697229410994,0.0,0.0,0.6155425935603999,0.1451562393621375,0.14674843817868335
TCGA-E1-A7YV-01A,elastic_net,0.07637397033271329,0.0,0.020770092918211275,0.015038292819860109,0.0,0.683955160464848,0.06810809418110049,0.13575438928326672
TCGA-E1-A7YW-01A,elastic_net,0.10639561662611102,0.0,0.0,0.0,0.0,0.6290717972467559,0.0650648549176823,0.19946773120945077
TCGA-E1-A7YY-01A,elastic_net,0.09321796862148128,0.002305036874179779,0.0,0.0,0.0,0.36207719163211605,0.1084269102418988,0.4339728926303241
TCGA-E1-A7Z2-01A,elastic_net,0.28031189019825836,0.0,0.0,0.0,0.0,0.26285195064273564,0.07210997778936924,0.3847261813696368
TCGA-E1-A7Z3-01A,elastic_net,0.09164631474222316,0.0,0.0,0.0,0.0,0.4356347327581681,0.0739305595803837,0.39878839291922497
TCGA-E1-A7Z4-01A,elastic_net,0.28812702999767614,0.0,0.035043932062947585,0.0,0.0,0.3796784025463059,0.000855387082253875,0.29629524831081655
TCGA-E1-A7Z6-01A,elastic_net,0.10226666692351843,0.0,0.0,0.0,0.0,0.7309923942779724,0.00448641689355405,0.1622545219049552
TCGA-EZ-7264-01A,elastic_net,0.058559542083005574,0.0,0.0049547114372294875,0.0,0.0,0.7266368623954256,0.0939058463668092,0.11594303771753023
TCGA-F6-A8O3-01A,elastic_net,0.05626379405266485,0.0,0.0013076807903060336,0.0,0.0,0.7126384581546875,0.06407870391703521,0.16571136308530646
TCGA-F6-A8O4-01A,elastic_net,0.0992018659183695,0.0,0.019370763168630113,0.0,0.0,0.5271115811963692,0.0822233434900054,0.2720924462266259
TCGA-FG-5962-01B,elastic_net,0.1412567133246561,0.0,0.007407968215262297,0.0,0.0,0.6241911376276738,0.04275425123767586,0.18438992959473205
TCGA-FG-5963-01A,elastic_net,0.06846637370965683,0.16463475650209486,0.02880856777289065,0.06442255201683207,0.20443291151542195,0.16688370441580574,0.19102388996448927,0.11132724410280867
TCGA-FG-5963-02A,elastic_net,0.031787870398829667,0.008587848199769613,0.006939833835609335,0.050520287117445065,0.010432551157690524,0.8209326143937754,0.05445347398455996,0.016345520912320406
TCGA-FG-5964-01A,elastic_net,0.22352017715051328,0.13799321320060356,0.03582097869622437,0.0,0.0,0.19249238712943414,0.15343704741788133,0.2567361964053432
TCGA-FG-5965-01B,elastic_net,0.11375657789512016,0.0,0.0,0.0,0.0,0.4945353122342887,0.09689096822963573,0.2948171416409554
TCGA-FG-6688-01A,elastic_net,0.6177840272840335,0.0,0.0,0.0,0.0,0.0,0.1699144552381095,0.212301517477857
TCGA-FG-6689-01A,elastic_net,0.05864984405355568,0.0,0.016285432159307018,0.0014073526774856864,0.0,0.6920554743144399,0.08127123749198598,0.15033065930322567
TCGA-FG-6690-01A,elastic_net,0.07614889680179147,0.0,0.020766268190613064,0.01046919360182464,0.0,0.7065042827562468,0.03947871312970637,0.14663264551981767
TCGA-FG-6691-01A,elastic_net,0.16589787260445152,0.03339130090124534,0.0,0.0,0.0,0.6274900292277859,0.036758580175477146,0.13646221709104017
TCGA-FG-6692-01A,elastic_net,0.29040027349938397,0.0,0.07417970584929563,0.0,0.0,0.34501416230434884,0.04396599637794518,0.24643986196902642
TCGA-FG-7634-01A,elastic_net,0.08533199349275852,0.028626495387871494,0.0,0.0,0.0,0.732449510996293,0.09960742143185249,0.05398457869122463
TCGA-FG-7636-01A,elastic_net,0.1195072822235981,0.0,0.0,0.0,0.0,0.5019152273126094,0.12972570645731024,0.2488517840064822
TCGA-FG-7638-01B,elastic_net,0.06270410272090944,0.0,0.0,0.0,0.0,0.7651455281895195,0.044871259100199054,0.12727910998937195
TCGA-FG-7641-01B,elastic_net,0.027772787363858267,0.0,0.0,0.0,0.0,0.7682295643757668,0.09338524503882864,0.11061240322154618
TCGA-FG-7643-01A,elastic_net,0.039073333268860706,0.0,0.0,0.0,0.0,0.3744891822393697,0.3041568058427861,0.2822806786489834
TCGA-FG-8181-01A,elastic_net,0.07441244917914876,0.0,0.0,0.0,0.0,0.4158710771898092,0.06343331479550925,0.4462831588355327
TCGA-FG-8182-01A,elastic_net,0.054507959825690504,0.0,0.015402444026931004,0.015191472806370196,0.0,0.5922877782464223,0.20674057903142912,0.11586976606315698
TCGA-FG-8185-01A,elastic_net,0.12096462871736989,0.0,0.0,0.0,0.0,0.7093551120801237,0.06142967662605732,0.10825058257644912
TCGA-FG-8186-01A,elastic_net,0.106422031809861,0.020867505690490475,0.0,0.0,0.0,0.5105624110374681,0.0932730335057934,0.268875017956387
TCGA-FG-8187-01A,elastic_net,0.07865411883669084,0.0,0.02266699764829738,0.021535588274794626,0.03243600710525047,0.4944036617265698,0.23512265098365018,0.11518097542474656
TCGA-FG-8188-01A,elastic_net,0.08378703302539801,0.0,0.0,0.0,0.0,0.5983150284575541,0.1923374229079331,0.1255605156091148
TCGA-FG-8191-01A,elastic_net,0.08255726534668399,0.0,0.027842500937349104,0.019243474374558433,0.014966226958161534,0.5146957550706415,0.20802068949423141,0.13267408781837406
TCGA-FG-A4MT-01A,elastic_net,0.11708649033010946,0.02477007293523672,0.018506167962027566,0.0,0.0,0.46351156903735236,0.09170378755166697,0.28442191218360685
TCGA-FG-A4MT-02A,elastic_net,0.10055908915119478,0.0,0.02966706166598164,0.02178714364184503,0.0,0.4224377879735109,0.160608659771725,0.2649402577957426
TCGA-FG-A4MW-01A,elastic_net,0.17277340988343973,0.0,0.0,0.0,0.0,0.30625503872401505,0.24135186075069479,0.27961969064185055
TCGA-FG-A4MX-01A,elastic_net,0.07547744848341953,0.0,0.031667253115073256,0.001561553616950995,0.0,0.62900551895379,0.13495159075838362,0.12733663507238266
TCGA-FG-A4MY-01A,elastic_net,0.10260735529009313,0.0,0.039773269401654,0.042729825300143104,0.02209359166045344,0.41673211757747697,0.21491403687602992,0.16114980389414943
TCGA-FG-A60J-01A,elastic_net,0.11808913164628397,0.0,0.03550476684040151,0.06322513216776962,0.0,0.5562203660423052,0.06421171665222457,0.16274888665101508
TCGA-FG-A60K-01A,elastic_net,0.0795063233389074,0.0,0.0,0.0,0.0,0.7940674739614063,0.02977874904570571,0.09664745365398064
TCGA-FG-A60L-01A,elastic_net,0.21726282857135046,0.0,0.0,0.0,0.0,0.28652839335293323,0.204538463533286,0.2916703145424303
TCGA-FG-A6IZ-01A,elastic_net,0.16925591466604714,0.0,0.05537392181497295,0.036645783599659185,0.0,0.4004774654767804,0.09232450847892763,0.24592240596361256
TCGA-FG-A6J1-01A,elastic_net,0.16689687102790043,0.0,0.004831225171783019,0.0,0.0,0.6019077106019478,0.041073776127086466,0.1852904170712822
TCGA-FG-A6J3-01A,elastic_net,0.3706103647015458,0.008447316054136214,0.018777648405344176,0.0,0.0,0.0,0.12095591468739715,0.48120875615157666
TCGA-FG-A70Y-01A,elastic_net,0.0830162489191756,0.0,0.0,0.0,0.0,0.638081650607853,0.1134732576501403,0.1654288428228311
TCGA-FG-A70Z-01A,elastic_net,0.2192195696790124,0.03652682347030579,0.03829447610529723,0.0,0.0,0.4362426715917336,0.012700672079224389,0.2570157870744266
TCGA-FG-A710-01A,elastic_net,0.1181649636441574,0.06828139864608901,0.0,0.0,0.0,0.6405219012884895,0.035386401937363095,0.13764533448390112
TCGA-FG-A711-01A,elastic_net,0.08532715612151943,0.0,0.022125367715334042,0.01245229452420185,0.0,0.6276129738584694,0.052490851643189035,0.19999135613728627
TCGA-FG-A713-01A,elastic_net,0.1130182636714031,0.0,0.0,0.0,0.0,0.4828035225809903,0.1828682011920129,0.2213100125555937
TCGA-FG-A87N-01A,elastic_net,0.07937434981175957,0.1091665864186945,0.021685178589549704,0.018445737520235775,0.021400214739160595,0.6228575542484135,0.06484337816590693,0.062227000506279447
TCGA-FG-A87Q-01A,elastic_net,0.10216636589161067,0.025566969423147984,0.04654211265328402,0.0,0.3321380075477842,0.1957082306958666,0.153771923835365,0.14410638995294142
TCGA-FN-7833-01A,elastic_net,0.11967345361555737,0.047392511531963034,0.04133311263710734,0.08441072333844286,0.033162551478189375,0.5175762383438757,0.025135876991306004,0.13131553206355842
TCGA-HT-7467-01A,elastic_net,0.028404208496843702,0.0,0.0,0.0,0.0,0.3443155425547418,0.470898642865045,0.15638160608336965
TCGA-HT-7468-01A,elastic_net,0.05992744853864246,0.0,0.013026241601916221,0.0008319510878805478,0.0,0.7690218758426642,0.04144369573048543,0.1157487871984112
TCGA-HT-7469-01A,elastic_net,0.1462354756647916,0.05031339231488201,0.0,0.0,0.0,0.5157889805865944,0.08688576530743845,0.20077638612629356
TCGA-HT-7470-01A,elastic_net,0.06230051362024418,0.0,0.010380529264777708,0.0,0.0,0.5003615226147848,0.2152276791097453,0.21172975539044794
TCGA-HT-7471-01A,elastic_net,0.10816489459575147,0.08419233532667156,0.04006965928812887,0.034423143000233795,0.0,0.4688525132866716,0.08382741263617813,0.18047004186636453
TCGA-HT-7472-01A,elastic_net,0.10390140074713763,0.0,0.032844360574552194,0.04085928169261999,0.0,0.6218887081201646,0.07428136123747986,0.1262248876280458
TCGA-HT-7473-01A,elastic_net,0.12546030929197097,0.05293308027505975,0.04420415291026639,0.08282089696732982,0.057173822553939484,0.3913431131830616,0.04641301798005145,0.19965160683832067
TCGA-HT-7474-01A,elastic_net,0.07544212415710017,0.0,0.01633993935175031,0.0,0.0,0.5043593274989845,0.17567497759474468,0.22818363139742048
TCGA-HT-7475-01A,elastic_net,0.07058233992816311,0.0,0.011987407231198602,0.0,0.0,0.4239119526991858,0.19344602133069555,0.3000722788107571
TCGA-HT-7476-01A,elastic_net,0.04100516896884062,0.0,0.0,0.0,0.0,0.64026843232589,0.10710864305615704,0.2116177556491123
TCGA-HT-7477-01B,elastic_net,0.10529894471381276,0.0,0.031161798649964316,0.012463288864435412,0.0,0.6864793512670881,0.06697780721955078,0.09761880928514864
TCGA-HT-7478-01A,elastic_net,0.07567395037005906,0.02266335324486881,0.03206413152454631,0.01138082402321281,0.005146990274382671,0.6417957608683917,0.08591727385454147,0.1253577158399971
TCGA-HT-7479-01A,elastic_net,0.10986318077246462,0.0,0.03654054177846481,0.04919116041809891,0.007108333676843604,0.4057599073061275,0.20835634179381254,0.1831805342541879
TCGA-HT-7480-01A,elastic_net,0.03936497558045272,0.0,0.002016441221841224,0.0,0.0,0.816622921618302,0.04962078208696781,0.09237487949243625
TCGA-HT-7481-01A,elastic_net,0.029124071631784407,0.0,0.004243490116035906,0.0,0.0,0.41829794605185033,0.36046653804201295,0.18786795415831634
TCGA-HT-7482-01A,elastic_net,0.08768780863440526,0.0,0.0,0.0,0.0,0.5836679723268378,0.1527990988237638,0.1758451202149932
TCGA-HT-7483-01A,elastic_net,0.05958461205915176,0.0,0.0,0.0,0.0,0.6688476798819043,0.05296076729646681,0.21860694076247708
TCGA-HT-7485-01A,elastic_net,0.08661130943957372,0.0,0.018669887754812757,0.0,0.0,0.5429679684240792,0.10533280165623884,0.24641803272529547
TCGA-HT-7601-01A,elastic_net,0.091071878935573,0.015565479903167052,0.03929449390887911,0.042433334823490904,0.09310771121185464,0.44179051299021926,0.16680031165970197,0.10993627656711409
TCGA-HT-7602-01A,elastic_net,0.06366782586479101,0.0,0.019032608298307788,0.021987353285204878,0.043872969163238205,0.6293617886293136,0.13472758376026295,0.0873498709988816
TCGA-HT-7603-01A,elastic_net,0.01841924338050707,0.0,0.0,0.0,0.0,0.724718171274923,0.10291449598828632,0.15394808935628362
TCGA-HT-7604-01A,elastic_net,0.0742884457954794,0.0,0.015679624950257823,0.0,0.0,0.6245357740190451,0.09630911690772849,0.1891870383274893
TCGA-HT-7605-01A,elastic_net,0.06281961268100889,0.0,0.014135651049111419,0.0,0.0,0.6434440246747326,0.12804273862336663,0.15155797297178056
TCGA-HT-7606-01A,elastic_net,0.10702060760538921,0.0,0.0,0.0,0.0,0.7047516271299556,0.0723745950756343,0.11585317018902087
TCGA-HT-7607-01A,elastic_net,0.0907942378670952,0.0,0.0,0.0,0.0,0.3935328975164852,0.16212515524809018,0.35354770936832935
TCGA-HT-7609-01A,elastic_net,0.0740488504757763,0.020842983463736184,0.02064189532870412,0.025505870973922165,0.0,0.6444751953121348,0.07054001467154145,0.1439451897741849
TCGA-HT-7610-01A,elastic_net,0.03424878942551836,0.0,0.0,0.0,0.0,0.5694462211952511,0.1687478065161826,0.22755718286304788
TCGA-HT-7611-01A,elastic_net,0.16159904364108116,0.0,0.05811680405887456,0.09275469933481155,0.0,0.3477311255347621,0.09624751733161939,0.24355081009885118
TCGA-HT-7616-01A,elastic_net,0.062305327593074646,0.0,0.013254091605788217,0.0,0.45703449162467463,0.33207716700151113,0.027481377547924197,0.10784754462702707
TCGA-HT-7620-01A,elastic_net,0.083859364196606,0.0,0.026386018193689884,0.034327830308002766,0.03893406923552382,0.3952004350733872,0.3099326488622629,0.11135963413052742
TCGA-HT-7676-01A,elastic_net,0.07782071338598905,0.04944251595875891,0.021467694198400535,0.020617923560902578,0.0,0.5461124596850375,0.10941593566256719,0.17512275754834425
TCGA-HT-7677-01A,elastic_net,0.06183836896842614,0.0,0.01233575246524083,0.0,0.0,0.7147092067116356,0.08530811538612437,0.12580855646857295
TCGA-HT-7680-01A,elastic_net,0.21178667740098606,0.0,0.025095990768676184,0.0,0.0,0.542440289965369,0.0,0.22067704186496875
TCGA-HT-7681-01A,elastic_net,0.04729108769006485,0.0,0.0,0.0,0.0,0.7488504865513734,0.058358775873851416,0.14549964988471026
TCGA-HT-7684-01A,elastic_net,0.19926202125448747,0.0,0.0,0.0,0.0,0.6027473286793196,0.025926894181504255,0.17206375588468872
TCGA-HT-7686-01A,elastic_net,0.0841335397546339,0.030557241843891934,0.030831147834563623,0.03666293034957047,0.02208311720716752,0.5979731566384877,0.06234685749854644,0.1354120088731384
TCGA-HT-7687-01A,elastic_net,0.10988899257800817,0.0,0.034822273811823304,0.026734843933352907,0.0,0.5535897992630845,0.13228227281626198,0.14268181759746912
TCGA-HT-7688-01A,elastic_net,0.05879706899281389,0.0,0.0111242555419405,0.0,0.0,0.45289763314841297,0.19755006546441553,0.2796309768524171
TCGA-HT-7689-01A,elastic_net,0.0919965027050144,0.0,0.023269447081343438,0.010837603079850778,0.0,0.5061453386746001,0.18110495365136417,0.18664615480782729
TCGA-HT-7690-01A,elastic_net,0.08997843516703846,0.056848113460870944,0.0254178832349093,0.026572368810059196,0.0,0.422580319283594,0.16628217526953978,0.21232070477398832
TCGA-HT-7691-01A,elastic_net,0.07900002150078438,0.0,0.0,0.0,0.0,0.7707012581036894,0.0,0.15029872039552622
TCGA-HT-7692-01A,elastic_net,0.08999890726181616,0.0,0.02835169604694026,0.008194004821273079,0.0,0.6552150282718013,0.07874026477406873,0.13950009882410047
TCGA-HT-7693-01A,elastic_net,0.03665699905352064,0.0815173891833048,0.014908996498706027,0.0,0.02450326370038482,0.7351058774595531,0.03609251961232744,0.07121495449220311
TCGA-HT-7694-01A,elastic_net,0.04362993118818041,0.0,0.0,0.0,0.0,0.5055809909267737,0.2045098073891423,0.24627927049590376
TCGA-HT-7695-01A,elastic_net,0.03657175954795268,0.0,0.0015168253109064185,0.0,0.0,0.7023096082555743,0.11397469447008117,0.1456271124154855
TCGA-HT-7854-01A,elastic_net,0.24637993554751822,0.01615458131635795,0.0,0.0,0.0,0.13769537510514746,0.12870014794139584,0.47106996008958063
TCGA-HT-7855-01A,elastic_net,0.05190495566944643,0.0,0.011441275319366676,0.0,0.0,0.8045430233484385,0.034785431295675344,0.097325314367073
TCGA-HT-7856-01A,elastic_net,0.027744644704638714,0.0,0.0,0.0,0.0,0.33377166053706175,0.3111835439275261,0.3273001508307734
TCGA-HT-7857-01A,elastic_net,0.048040604776277536,0.15763682311679317,0.018083398950254136,0.06721228222076524,0.10507884272555079,0.478294639381641,0.04579661056749421,0.07985679826122388
TCGA-HT-7858-01A,elastic_net,0.07384282771320062,0.0,0.019171948269274368,0.014662694974225345,0.0,0.4799515263557842,0.23036396340755314,0.18200703927996234
TCGA-HT-7860-01A,elastic_net,0.10560275058317266,0.032612754151987194,0.02691625300755161,0.038946888248999875,0.0,0.47684743121647005,0.0,0.3190739227918188
TCGA-HT-7873-01B,elastic_net,0.04819565601051918,0.011164883915747922,0.0069093036513499856,0.0,0.0,0.6298287405860726,0.14473017857231277,0.15917123726399754
TCGA-HT-7874-01A,elastic_net,0.03176793110440726,0.0,0.0,0.0,0.0,0.5612891025522332,0.1531788610498406,0.253764105293519
TCGA-HT-7875-01A,elastic_net,0.033804362435088234,0.0,0.0007922589272610523,0.0,0.0,0.8466837150127081,0.02198463428768799,0.09673502933725464
TCGA-HT-7877-01A,elastic_net,0.025610980948287544,0.0,0.0,0.0,0.0,0.7384891939465084,0.1127709787826877,0.12312884632251629
TCGA-HT-7879-01A,elastic_net,0.14548310851196367,0.0,0.0,0.0,0.0,0.4744440212449098,0.12920149834811404,0.2508713718950125
TCGA-HT-7880-01A,elastic_net,0.2754127863471972,0.0,0.0,0.0,0.0,0.3974131506070946,0.17206776771241197,0.15510629533329634
TCGA-HT-7881-01A,elastic_net,0.04845929719563109,0.0,0.0,0.0,0.0,0.5888017690066386,0.24060602892478897,0.12213290487294134
TCGA-HT-7882-01A,elastic_net,0.02952715853234969,0.17924003965696528,0.01151076459380874,0.050570958192010955,0.07928455297977466,0.5514255480347358,0.022599511943991853,0.07584146606636301
TCGA-HT-7884-01B,elastic_net,0.04648205880702341,0.0,0.009718180892966881,0.0,0.0,0.6252676611693954,0.1615549809843829,0.15697711814623144
TCGA-HT-7902-01A,elastic_net,0.033123786805206244,0.0,0.0,0.0,0.0,0.14129029070151589,0.6662411001507165,0.15934482234256134
TCGA-HT-8010-01A,elastic_net,0.07983620131211187,0.0,0.017821547008984206,0.013709414892708528,0.0,0.6492843486561937,0.03661929987104893,0.2027291882589528
TCGA-HT-8011-01A,elastic_net,0.278372040961068,0.0,0.0,0.0,0.0,0.4948042165824243,0.0,0.22682374245650777
TCGA-HT-8012-01A,elastic_net,0.0590358533797604,0.0,0.010491401975903574,0.0,0.0,0.8059556580112529,0.03284412935573984,0.0916729572773432
TCGA-HT-8013-01A,elastic_net,0.12290749237383101,0.18785149500450818,0.04645115657511286,0.08063036839639905,0.08335179967612005,0.2812158218740155,0.06299416219470212,0.1345977039053112
TCGA-HT-8015-01B,elastic_net,0.1090238519299151,0.00953803344555589,0.03612335550105328,0.0709574630578144,0.046337887878000285,0.3869116960291772,0.13459020058527124,0.20651751157321266
TCGA-HT-8018-01A,elastic_net,0.26184832087521137,0.0,0.0,0.0,0.0,0.47385127452907105,0.005636619628984837,0.25866378496673276
TCGA-HT-8104-01A,elastic_net,0.40376143397036024,0.0,0.0,0.0,0.0,0.2189451721133268,0.11751951697126038,0.25977387694505244
TCGA-HT-8105-01A,elastic_net,0.05688281851439938,0.0,0.018406642129408218,0.0,0.0,0.6630390557673049,0.06604483195282632,0.19562665163606116
TCGA-HT-8106-01A,elastic_net,0.05023200289923269,0.1140386328753401,0.0,0.0,0.6480730616525551,0.11405215859652773,0.0421970368552054,0.03140710712113892
TCGA-HT-8107-01A,elastic_net,0.0,0.0,0.0,0.0,0.0,0.20345983535465256,0.4365747753569008,0.3599653892884466
TCGA-HT-8108-01A,elastic_net,0.07351847507930463,0.0,0.01658177038162916,0.0,0.0,0.7454007748871992,0.048182206288002946,0.11631677336386408
TCGA-HT-8109-01A,elastic_net,0.06354765716323699,0.0,0.012226408245707338,0.0,0.0,0.6044787259953016,0.14052885954375233,0.17921834905200176
TCGA-HT-8110-01A,elastic_net,0.5432227466761311,0.09724836963660213,0.0,0.0,0.0,0.23825994480494303,0.006696166835104882,0.1145727720472189
TCGA-HT-8111-01A,elastic_net,0.09730647902343452,0.0,0.026955064579623527,0.03714185579283382,0.0,0.5570547857507786,0.13317888181812298,0.14836293303520648
TCGA-HT-8113-01A,elastic_net,0.01328438531852797,0.0,0.0,0.0,0.0,0.5049773657186536,0.16751304637151634,0.31422520259130204
TCGA-HT-8114-01A,elastic_net,0.0829016570567383,0.0,0.028110827846896485,0.012709196694235784,0.0,0.6434866823916985,0.05136260028950063,0.1814290357209303
TCGA-HT-8563-01A,elastic_net,0.11313785833265352,0.11575400689601255,0.0,0.0,0.0,0.6221094005329435,0.006448191200064506,0.14255054303832604
TCGA-HT-8564-01A,elastic_net,0.05105698867902369,0.0,0.012429108282556922,0.0190226480887407,0.023519232316972248,0.7028982537742485,0.07672610600692398,0.11434766285153396
TCGA-HT-A4DS-01A,elastic_net,0.23341694766506485,0.12253582224062502,0.0,0.0,0.0,0.204470682711618,0.025717272759613084,0.41385927462307903
TCGA-HT-A5R5-01A,elastic_net,0.11087339393051182,0.007114973601379724,0.03669361434180473,0.07252083604045192,0.0,0.5795151905499631,0.021022235237309055,0.17225975629857962
TCGA-HT-A5R7-01A,elastic_net,0.17578767839823442,0.0,0.0070414828660489434,0.0,0.0,0.48387819780929003,0.10577604275104666,0.22751659817537997
TCGA-HT-A5R9-01A,elastic_net,0.12412524001877542,0.0,0.056976842527869664,0.02390324473411463,0.0,0.5729135565601803,0.05225669503281269,0.16982442112624743
TCGA-HT-A5RA-01A,elastic_net,0.15098508704707983,0.009433866423096557,0.012460655917790662,0.0,0.0,0.5311270068311131,0.0,0.29599338378091977
TCGA-HT-A5RB-01A,elastic_net,0.06587188127722822,0.0,0.009870093613334402,0.0,0.0,0.5991497971607868,0.10175740953425011,0.2233508184144007
TCGA-HT-A5RC-01A,elastic_net,0.25450574336473264,0.023066831918459988,0.011479075744503867,0.0,0.0,0.3645579768448994,0.0267423693344357,0.3196480027929684
TCGA-HT-A614-01A,elastic_net,0.16324364399523267,0.0,0.0,0.0,0.0,0.47669725382089434,0.19163110538289993,0.168427996800973
TCGA-HT-A615-01A,elastic_net,0.05616086515652893,0.0,0.013443055597257772,0.001822608619755071,0.0,0.7402298429258035,0.06662510527592869,0.1217185224247261
TCGA-HT-A616-01A,elastic_net,0.05309467939301992,0.0,0.005660181988355948,0.0,0.0,0.6388796645233978,0.053028553693474687,0.2493369204017516
TCGA-HT-A617-01A,elastic_net,0.12767115744344076,0.09523213588006009,0.008987216554539981,0.0,0.015968990084790694,0.42629833413819,0.061228453455267284,0.26461371244371107
TCGA-HT-A618-01A,elastic_net,0.1210889548322388,0.017162969096528105,0.045085433873106984,0.07251293975432505,0.016619168660234378,0.4641752070592684,0.0639465432782336,0.19940878344606466
TCGA-HT-A61C-01A,elastic_net,0.1557675076970229,0.20339677093183386,0.0,0.03412242564589409,0.0,0.43770824417605203,0.061179680049133815,0.10782537150006337
TCGA-HT-A74H-01A,elastic_net,0.23975339308489332,0.0,0.0,0.0,0.0,0.0,0.28584730442858886,0.4743993024865179
TCGA-HT-A74J-01A,elastic_net,0.17623556238611987,0.0,0.0,0.0,0.0,0.24912213803737,0.08701362742434708,0.487628672152163
TCGA-HT-A74K-01A,elastic_net,0.2137367479201547,0.0,0.025242133194411407,0.0,0.0,0.38618836869805323,0.14057852806002324,0.23425422212735744
TCGA-HT-A74L-01A,elastic_net,0.047500524814925386,0.0,0.014502112530623815,0.0,0.0,0.7464527561076035,0.06718004275190449,0.12436456379494276
TCGA-HT-A74O-01A,elastic_net,0.12868398002989972,0.03707979055574818,0.058657683242018525,0.06355099611882838,0.06498411523119677,0.3715644361655646,0.13144371423298246,0.1440352844237613
TCGA-HW-7486-01A,elastic_net,0.03159909006867721,0.0,0.0,0.0,0.0,0.4327802170299579,0.41982059411088163,0.11580009879048327
TCGA-HW-7487-01A,elastic_net,0.015843213261268106,0.0,0.0,0.0,0.0,0.5393691105994821,0.177881852994731,0.2669058231445187
TCGA-HW-7489-01A,elastic_net,0.08205438027046696,0.0,0.0,0.0,0.0,0.5171033099140536,0.09615950590417556,0.30468280391130376
TCGA-HW-7490-01A,elastic_net,0.09341337467038444,0.0,0.03362809725583772,0.04154653057686172,0.0,0.6430627297152806,0.050633911722215194,0.13771535605942029
TCGA-HW-7491-01A,elastic_net,0.0588629965780694,0.0,0.018797213607481475,0.0,0.0,0.6784590277903841,0.13110735301159288,0.11277340901247211
TCGA-HW-7493-01A,elastic_net,0.10794168413020415,0.0,0.030848506473199037,0.024714605538500443,0.0,0.5272225524137056,0.035624406155842094,0.27364824528854853
TCGA-HW-7495-01A,elastic_net,0.03294358384910136,0.0,0.0,0.0,0.0,0.6331382433849181,0.20113978457854456,0.13277838818743606
TCGA-HW-8319-01A,elastic_net,0.10057083264465888,0.0,0.0,0.0,0.0,0.49804855899866535,0.11087861607398065,0.29050199228269513
TCGA-HW-8320-01A,elastic_net,0.07446084552033426,0.0,0.018294942162807415,0.0006569906926296491,0.0,0.735101471032473,0.03639972094102558,0.13508602965073005
TCGA-HW-8321-01A,elastic_net,0.06517316430591119,0.0,0.02299769960549893,0.0,0.0,0.7106787625170852,0.10764787855181529,0.09350249501968942
TCGA-HW-8322-01A,elastic_net,0.07154266922499684,0.0,0.02141102972363815,0.0,0.0,0.6955388932170598,0.10060181747384529,0.11090559036046
TCGA-HW-A5KJ-01A,elastic_net,0.11931114241192146,0.0,0.02588738009691993,0.0,0.0,0.5972742238679868,0.07278015206498578,0.18474710155818605
TCGA-HW-A5KK-01A,elastic_net,0.10929113142172227,0.04396227117187928,0.042588030326570776,0.0937919202214086,0.16344887369555927,0.16926613673608404,0.18847208115836794,0.18917955526840782
TCGA-HW-A5KL-01A,elastic_net,0.09980055188333228,0.0,0.027343182464146135,0.017845241628310634,0.0,0.4766096370006377,0.15365001967549966,0.22475136734807355
TCGA-HW-A5KM-01A,elastic_net,0.15473795809683313,0.07616003548792961,0.06645527508855337,0.06956033802141774,0.0652662394431721,0.23320520724600974,0.09868887256047515,0.23592607405560917
TCGA-IK-7675-01A,elastic_net,0.3592928689027781,0.0,0.0,0.0,0.0,0.4616955574422069,0.08425258466325679,0.09475898899175812
TCGA-IK-8125-01A,elastic_net,0.0676299568012896,0.0,0.011052992871717795,0.0,0.0,0.6675996390019695,0.042473739450833714,0.21124367187418933
TCGA-KT-A74X-01A,elastic_net,0.08582335992608946,0.0,0.014939955740125618,0.0,0.0,0.6577817713624388,0.1164597656515287,0.12499514731981747
TCGA-KT-A7W1-01A,elastic_net,0.16787191882562424,0.0,0.03701808844593564,0.0,0.0,0.6535032584605415,0.00036691949848042057,0.1412398147694183
TCGA-P5-A5ET-01A,elastic_net,0.03466946585398962,0.0,0.002209493261729125,0.0,0.0,0.7318482709679391,0.1234038396559303,0.10786893026041171
TCGA-P5-A5EU-01A,elastic_net,0.09885134964187818,0.14505885040550354,0.03424153086856046,0.07070615958553848,0.07536713629348378,0.46462543464875733,0.019179989530159293,0.09196954902611885
TCGA-P5-A5EV-01A,elastic_net,0.07894025068550128,0.0,0.0,0.0,0.0,0.742907433952468,0.024943245158046065,0.15320907020398453
TCGA-P5-A5EW-01A,elastic_net,0.07426716404810012,0.0,0.01876058338663372,0.007179144357305087,0.0,0.6877469499302089,0.04547213405278502,0.1665740242249671
TCGA-P5-A5EX-01A,elastic_net,0.17387280962596718,0.0,0.0,0.0,0.0,0.5148162907922653,0.0024362414455024878,0.308874658136265
TCGA-P5-A5EY-01A,elastic_net,0.17404647886164085,0.0,0.0,0.0,0.0,0.3461035624524697,0.024600622489215254,0.4552493361966741
TCGA-P5-A5EZ-01A,elastic_net,0.10512125272941376,0.0,0.03599908390240166,0.040347838962777015,0.013356291425375354,0.37425102785974657,0.31267745587269724,0.11824704924758837
TCGA-P5-A5F0-01A,elastic_net,0.10163104362365057,0.0,0.0,0.0,0.0,0.29046817150053794,0.12689246809817126,0.4810083167776402
TCGA-P5-A5F1-01A,elastic_net,0.21162249536846942,0.0,0.021710394616764904,0.0,0.0,0.5344690703073072,0.0277124483281741,0.20448559137928443
TCGA-P5-A5F2-01A,elastic_net,0.07932783535272149,0.0,0.0,0.0,0.0,0.7002547635836669,0.05224540601000321,0.16817199505360853
TCGA-P5-A5F4-01A,elastic_net,0.032473480526223494,0.0,0.0,0.0,0.0,0.6429625317686071,0.1093677455709969,0.21519624213417252
TCGA-P5-A5F6-01A,elastic_net,0.04220201029402652,0.017941330636722902,0.014581098921384135,0.0,0.0,0.7768379230632747,0.0,0.14843763708459162
TCGA-P5-A72U-01A,elastic_net,0.1531579854495052,0.00015231338566532927,0.03154153934798536,0.00519403879845117,0.0,0.19329279006840042,0.01638426761953433,0.6002770653304582
TCGA-P5-A72W-01A,elastic_net,0.22279498843857834,0.0,0.020790518051459372,0.0,0.0,0.46440386912730025,0.0776017062282368,0.21440891815442512
TCGA-P5-A72X-01A,elastic_net,0.23342222715393016,0.0,0.0,0.0,0.0,0.6249052265245114,0.0022162330663857543,0.13945631325517266
TCGA-P5-A72Z-01A,elastic_net,0.17086539295200315,0.0,0.03106441724477075,0.013843514100250687,0.0,0.3234915605781452,0.29043934565670254,0.1702957694681277
TCGA-P5-A730-01A,elastic_net,0.09278729113508785,0.0,0.03606167012982211,0.0,0.0,0.45976331879639293,0.24633350202431262,0.1650542179143846
TCGA-P5-A731-01A,elastic_net,0.08157349694452569,0.019117789007667238,0.025140332299776868,0.04392362261352915,0.0,0.6592290292003944,0.02616818097538348,0.14484754895872312
TCGA-P5-A733-01A,elastic_net,0.03071717699158973,0.0,0.0,0.0,0.0,0.7205953086026207,0.01216209349318654,0.23652542091260315
TCGA-P5-A735-01A,elastic_net,0.14234223973924745,0.0,0.0,0.0,0.0,0.4301656258093299,0.16401134126831088,0.26348079318311185
TCGA-P5-A736-01A,elastic_net,0.15844692816983397,0.0,0.05668461714914624,0.1219216069546845,0.012529398764430082,0.37127780477106487,0.031010814621952727,0.24812882956888763
TCGA-P5-A737-01A,elastic_net,0.12347851908808812,0.0,0.045361023595929674,0.03525015830123528,0.0,0.5909236929367223,0.0625454222902441,0.1424411837877805
TCGA-P5-A77W-01A,elastic_net,0.1302335278391514,0.0,0.02573143615747579,0.0,0.0,0.6196565492775845,0.12835904504641804,0.09601944167937022
TCGA-P5-A77X-01A,elastic_net,0.049274994846033524,0.0,0.005402812565405751,0.0,0.0,0.7394954169846456,0.04858795242439853,0.15723882317951668
TCGA-P5-A780-01A,elastic_net,0.06132681559273286,0.0,0.0,0.0,0.0,0.46512382572743394,0.2844219593937924,0.1891273992860408
TCGA-P5-A781-01A,elastic_net,0.07314142707365119,0.0,0.015734933476463826,0.0,0.0,0.5824068454827802,0.13188303042873412,0.19683376353837057
TCGA-QH-A65R-01A,elastic_net,0.10378015755181332,0.0,0.0,0.0,0.0,0.6404107635390976,0.09455878964058073,0.1612502892685083
TCGA-QH-A65S-01A,elastic_net,0.08937988669529053,0.0,0.034147236160786076,0.03995196830344706,0.05072775779867934,0.49951213303139946,0.15824759750778059,0.12803342050261696
TCGA-QH-A65V-01A,elastic_net,0.14344042658545295,0.0,0.0,0.0,0.0,0.5446349201447933,0.16301818990808342,0.14890646336167027
TCGA-QH-A65X-01A,elastic_net,0.20012226499254532,0.0,0.0,0.0,0.0,0.6647414301740705,0.03761563251004602,0.0975206723233382
TCGA-QH-A65Z-01A,elastic_net,0.06579289448233633,0.0,0.011133722464874717,0.0,0.0,0.686860362647794,0.07596555279180198,0.1602474676131928
TCGA-QH-A6CS-01A,elastic_net,0.24423197419833786,0.0,0.0,0.0,0.0,0.0,0.20950178576838224,0.54626624003328
TCGA-QH-A6CU-01A,elastic_net,0.09129534659617526,0.0,0.03137810893838376,0.050322505910837,0.040155267136728394,0.4793851612031487,0.12422083330345979,0.1832427769112671
TCGA-QH-A6CV-01A,elastic_net,0.2711973059611032,0.014449373834984904,0.0,0.0,0.0,0.576554200288356,0.04609764597311951,0.09170147394243627
TCGA-QH-A6CW-01A,elastic_net,0.2359709343225544,0.0,0.0,0.0,0.0,0.3318316033631126,0.08283538576281287,0.34936207655152024
TCGA-QH-A6CX-01A,elastic_net,0.3343211287233425,0.0,0.06422480649713515,0.015689746198603808,0.0,0.0,0.18951458323770592,0.39624973534321256
TCGA-QH-A6CY-01A,elastic_net,0.03527149851941237,0.0,0.0,0.0,0.0,0.6111634822195405,0.18130657446876125,0.1722584447922859
TCGA-QH-A6CZ-01A,elastic_net,0.08665240831151828,0.0,0.0,0.0,0.0,0.5194295703030936,0.11288663143646087,0.2810313899489274
TCGA-QH-A6X3-01A,elastic_net,0.05850351818742268,0.0,0.008017956196340978,0.0,0.0,0.6362307115598196,0.11632196583094724,0.18092584822546945
TCGA-QH-A6X4-01A,elastic_net,0.07917001233656394,0.0,0.0,0.0,0.0,0.41479453959130796,0.34906234295110855,0.1569731051210196
TCGA-QH-A6X5-01A,elastic_net,0.05468897673348527,0.0,0.012333866880120463,0.0,0.0,0.5919143056698152,0.18214880643849324,0.1589140442780859
TCGA-QH-A6X8-01A,elastic_net,0.08525853306331543,0.007283581656835519,0.027978165553753966,0.0,0.17118195783407666,0.47736716213754216,0.1339099002352231,0.0970206995192531
TCGA-QH-A6X9-01A,elastic_net,0.124708696507102,0.0,0.011472942296818623,0.0,0.0,0.5878235437089818,0.07164272160048188,0.20435209588661574
TCGA-QH-A6XA-01A,elastic_net,0.09035917636520999,0.0,0.0281413489070001,0.02278271741431403,0.0,0.5618659455549823,0.1270533766863931,0.16979743507210046
TCGA-QH-A6XC-01A,elastic_net,0.5878385097898509,0.0,0.0,0.0,0.0,0.0,0.08217805640105275,0.3299834338090962
TCGA-QH-A86X-01A,elastic_net,0.07576576340909674,0.0,0.0,0.0,0.0,0.7945298526260749,0.02238682120329776,0.10731756276153065
TCGA-QH-A870-01A,elastic_net,0.10335651812262031,0.0,0.00213894856855516,0.0,0.0,0.7079547221364717,0.02349016317242251,0.1630596479999303
TCGA-R8-A6MK-01A,elastic_net,0.05349646969633136,1.2995053563961192e-05,0.008848988448790538,0.0,0.0,0.7409981189620698,0.0534221551437192,0.1432212726955251
TCGA-R8-A6ML-01A,elastic_net,0.08969349964635906,0.0,0.02042351349686466,0.0,0.0,0.6416375349025104,0.0825176798337458,0.16572777212052003
TCGA-R8-A6MO-01A,elastic_net,0.06379796467963467,0.0,0.024493535449580814,0.014556900296913455,0.08023635706986991,0.5166318903344588,0.2015421749584117,0.09874117721113064
TCGA-R8-A6YH-01A,elastic_net,0.17796983761659918,0.0,0.0,0.0,0.0,0.7078923169127187,0.022376564043246283,0.0917612814274358
TCGA-RY-A83X-01A,elastic_net,0.038098430114259244,0.0,0.0021390086238875718,0.0,0.0,0.7495666933487878,0.11405078983590577,0.09614507807715962
TCGA-RY-A83Y-01A,elastic_net,0.10460944661792776,0.0,0.0,0.0,0.0,0.7325352177242803,0.048944999153393114,0.1139103365043988
TCGA-RY-A83Z-01A,elastic_net,0.34670371855271725,0.0,0.0,0.0,0.0,0.23896968161085805,0.12301618747530996,0.29131041236111466
TCGA-RY-A840-01A,elastic_net,0.08244197598154059,0.0,0.019598451954907115,0.0,0.0,0.611739621535268,0.07316842353010544,0.21305152699817884
TCGA-RY-A843-01A,elastic_net,0.076005926577817,0.0,0.0178908779094404,0.018230893957632107,0.0,0.6828210062171163,0.034868731580939574,0.17018256375705454
TCGA-RY-A845-01A,elastic_net,0.20769063899987564,0.0,0.0,0.0,0.0,0.5724398400230012,0.0459464298227185,0.17392309115440455
TCGA-RY-A847-01A,elastic_net,0.07090763392551425,0.0,0.02231019661308784,0.01445852869359417,0.0,0.6934165459524915,0.05628642880349707,0.14262066601181517
TCGA-S9-A6TS-01A,elastic_net,0.09165604272269105,0.0,0.024040771227108525,0.009113498110963474,0.0,0.5623118141012031,0.07193871742772819,0.24093915641030575
TCGA-S9-A6TU-01A,elastic_net,0.1157371880545252,0.0,0.04741956390158026,0.031577261619399825,0.00553838104959583,0.48306638888513065,0.16533735343845837,0.15132386305130996
TCGA-S9-A6TV-01A,elastic_net,0.1921863571978538,0.09453063882316355,0.041719966901292704,0.0,0.0,0.46036223936290993,0.013540229792541388,0.1976605679222387
TCGA-S9-A6TW-01A,elastic_net,0.057610173687312895,0.0,0.0062090873526592545,0.0,0.0,0.621302015880356,0.14347750394496422,0.1714012191347076
TCGA-S9-A6TX-01A,elastic_net,0.08223884348333839,0.0,0.02526121861335078,0.0,0.0,0.5053378206448631,0.2132609935354202,0.17390112372302755
TCGA-S9-A6TY-01A,elastic_net,0.07890541677013037,0.0,0.023700200103575646,0.0,0.0,0.41637593449760935,0.2563444260560112,0.22467402257267355
TCGA-S9-A6TZ-01A,elastic_net,0.17371691585098523,0.0,0.014945670334208615,0.0,0.0,0.5459133561561503,0.014718169509770682,0.25070588814888517
TCGA-S9-A6U0-01A,elastic_net,0.13335555962369441,0.0,8.581446973621422e-05,0.0,0.0,0.7643926083615702,0.0,0.1021660175449993
TCGA-S9-A6U1-01A,elastic_net,0.06573843023389456,0.0,0.020901640347517292,0.0,0.0,0.622071591399268,0.1875449276807339,0.10374341033858613
TCGA-S9-A6U2-01A,elastic_net,0.0833468161802017,0.0,0.0192525243077672,0.016649599445751347,0.0,0.693008348312246,0.019874808820495835,0.16786790293353798
TCGA-S9-A6U5-01A,elastic_net,0.13041764112262716,0.0,0.0,0.0,0.0,0.6568820980462367,0.025577409805987016,0.18712285102514922
TCGA-S9-A6U6-01A,elastic_net,0.08350453349861879,0.035851581891594195,0.011675006342839257,0.0,0.0,0.533950716272452,0.0945870607187747,0.2404311012757209
TCGA-S9-A6U8-01A,elastic_net,0.09970943580371922,0.0,0.03445433024022489,0.0555791977741275,0.04914337778783557,0.5036807642636607,0.1301801793878171,0.12725271474261501
TCGA-S9-A6U9-01A,elastic_net,0.12843199607814243,0.01813326028437346,0.05104728141120995,0.10515350756531355,0.09966398583382836,0.3330226741731718,0.09855435232857933,0.1659929423253811
TCGA-S9-A6UA-01A,elastic_net,0.24417828064660657,0.0254111714673765,0.0,0.0,0.0,0.6591269763902391,0.011436719571508859,0.05984685192426889
TCGA-S9-A6UB-01A,elastic_net,0.06265337218642597,0.0,0.0165276843370969,0.0,0.0,0.6532897688896017,0.16391416506068734,0.10361500952618803
TCGA-S9-A6WD-01A,elastic_net,0.1427223717096382,0.0,0.04154460189750836,0.04553734063499144,0.0,0.4223911918086726,0.1640433010745386,0.1837611928746509
TCGA-S9-A6WE-01A,elastic_net,0.052907595627886425,0.0,0.009639253283062756,0.0,0.0,0.7784633171576558,0.05729764205742826,0.10169219187396668
TCGA-S9-A6WG-01A,elastic_net,0.10042719396222588,0.033124351005673174,0.02925751875589718,0.06132341235279701,0.0,0.5355308857127548,0.04705932177499299,0.19327731643565896
TCGA-S9-A6WH-01A,elastic_net,0.11966648335650992,0.0,0.028933540868637253,0.0,0.0,0.6190203236926743,0.0853395490752634,0.14704010300691508
TCGA-S9-A6WI-01A,elastic_net,0.0,0.0,0.0,0.0,0.0,0.0,0.6317644936515311,0.3682355063484689
TCGA-S9-A6WL-01A,elastic_net,0.0926593479875125,0.0,0.02748840384052071,0.017663237520262692,0.0,0.5938314902641595,0.037607761937589676,0.23074975844995493
TCGA-S9-A6WM-01A,elastic_net,0.40576470478250265,0.0,0.0,0.0,0.0,0.4577285811803166,0.0,0.13650671403718082
TCGA-S9-A6WN-01A,elastic_net,0.29310301705210906,0.0,0.0,0.0,0.0,0.24716195656605344,0.0,0.4597350263818375
TCGA-S9-A6WO-01A,elastic_net,0.12539026264845313,0.0,0.043486052343242806,0.0626505671215705,0.0,0.5678546393188576,0.048147810166160945,0.15247066840171505
TCGA-S9-A6WP-01A,elastic_net,0.1004321633945026,0.0,0.03755274866959039,0.05196838463462885,0.08969735604765902,0.43226848294290604,0.15214451665606388,0.13593634765464915
TCGA-S9-A6WQ-01A,elastic_net,0.09404937869809837,0.0,0.0394118259237363,0.033645874667411965,0.0839266472787011,0.365935900008814,0.22697605936756507,0.1560543140556731
TCGA-S9-A7IQ-01A,elastic_net,0.06845049577486453,0.0,0.0,0.0,0.0,0.5960013347338275,0.07113873152596838,0.2644094379653395
TCGA-S9-A7IS-01A,elastic_net,0.06517223908014698,0.010766827658172296,0.030424253776701764,0.06439465436691835,0.24888768866843983,0.4278841929363614,0.12186832094027242,0.030601822572987013
TCGA-S9-A7IX-01A,elastic_net,0.5657948547830499,0.0,0.0,0.0,0.0,0.19203180508724066,0.0156806582979628,0.22649268183174673
TCGA-S9-A7IY-01A,elastic_net,0.17674035989318101,0.0,0.0,0.0,0.0,0.7257725851481779,0.010819808298544648,0.08666724666009638
TCGA-S9-A7IZ-01A,elastic_net,0.2921685381908981,0.0,0.0,0.0,0.0,0.160892050894717,0.07876344577918502,0.46817596513519993
TCGA-S9-A7J0-01A,elastic_net,0.12105152385930831,0.0,0.0,0.0,0.0,0.6121760695766028,0.10280613281610498,0.1639662737479839
TCGA-S9-A7J1-01A,elastic_net,0.06654669052558829,0.0,0.0,0.0,0.0,0.7163333243036992,0.08465380097889734,0.13246618419181516
TCGA-S9-A7J2-01A,elastic_net,0.05227267625027391,0.0,0.0,0.0,0.0,0.7845330604854454,0.032367840687046394,0.1308264225772342
TCGA-S9-A7J3-01A,elastic_net,0.09207350380577221,0.0,0.0,0.0,0.0,0.7239960389790873,0.07892187934545879,0.10500857786968186
TCGA-S9-A7QW-01A,elastic_net,0.16216990968385356,0.0,0.006034788687830673,0.0,0.0,0.5331441296464127,0.10703405246691984,0.19161711951498323
TCGA-S9-A7QX-01A,elastic_net,0.14080662799376767,0.00018192816342181084,0.049082706354049356,0.0648006182873453,0.005950695043427404,0.5130227946635377,0.077015775903665,0.14913885359078577
TCGA-S9-A7QY-01A,elastic_net,0.1034454808653552,0.0,0.03517411702010328,0.013733835840741936,0.0,0.43888852939969913,0.25807689429029873,0.15068114258380172
TCGA-S9-A7QZ-01A,elastic_net,0.07245892625526255,0.0,0.008426012521371994,0.0,0.0,0.6266392453814711,0.11385896141259641,0.17861685442929795
TCGA-S9-A7R1-01A,elastic_net,0.05763322746374299,0.0,0.0,0.0,0.0,0.7403433016877378,0.027975935188867984,0.17404753565965128
TCGA-S9-A7R2-01A,elastic_net,0.1869193302603391,0.0,0.0,0.0,0.0,0.17831830554253483,0.3305691566598893,0.3041932075372368
TCGA-S9-A7R3-01A,elastic_net,0.2778536488975279,0.0,0.0,0.0,0.0,0.5239849913089317,0.0481866196903584,0.14997474010318199
TCGA-S9-A7R4-01A,elastic_net,0.06778117361365597,0.0,0.022346210262412413,0.016212763591070815,0.0,0.7687453453641925,0.03215264982054849,0.09276185734811977
TCGA-S9-A7R7-01A,elastic_net,0.17108171446966078,0.03896244647100622,0.0,0.0,0.0,0.4370243861579264,0.04195941218883269,0.31097204071257384
TCGA-S9-A7R8-01A,elastic_net,0.09523132662156084,0.038858382098028804,0.03877155761485023,0.07861332588375458,0.029832793303550514,0.35952874556496184,0.2231673210658076,0.13599654784748544
TCGA-S9-A89V-01A,elastic_net,0.12122473120073005,0.004934328928204531,0.03149032135188813,0.06840578569818946,0.0,0.533429430594937,0.04881003939464375,0.1917053628314071
TCGA-S9-A89Z-01A,elastic_net,0.16570581241073135,0.05718628694134752,0.0,0.0,0.0,0.41675087016179685,0.13172792374877523,0.22862910673734904
TCGA-TM-A7C3-01A,elastic_net,0.26728860331359605,0.0,0.0,0.0,0.0,0.5445219144517282,0.004047625228941208,0.18414185700573457
TCGA-TM-A7C4-01A,elastic_net,0.10557718992459068,0.0,0.02382797185768008,0.009157650591171405,0.0,0.5454403269135994,0.03238365542038038,0.2836132052925779
TCGA-TM-A7C5-01A,elastic_net,0.1211667156869203,0.0,0.03173336842048501,0.0,0.0,0.6617356535655379,0.07424964559783061,0.11111461672922616
TCGA-TM-A7CA-01A,elastic_net,0.08247264462253201,0.0,0.019654681653862506,0.0,0.0,0.4676297598748384,0.22326812044990285,0.2069747933988643
TCGA-TM-A7CF-01A,elastic_net,0.212937228632374,0.0,0.0,0.0,0.0,0.24707574365526844,0.059980399544942914,0.48000662816741463
TCGA-TM-A7CF-02A,elastic_net,0.0517495162676585,0.0,0.0,0.0,0.0,0.03641296394159553,0.6926306585468619,0.21920686124388408
TCGA-TM-A84B-01A,elastic_net,0.4114483165964611,0.0,0.057060400619416446,0.0,0.0,0.0,0.0,0.5314912827841224
TCGA-TM-A84C-01A,elastic_net,0.12445772541670254,0.13489966974821643,0.031193742795859108,0.05400404814659715,0.0,0.3007674081579981,0.03894193490677202,0.31573547082785475
TCGA-TM-A84F-01A,elastic_net,0.12012513727726593,0.006942140397310157,0.044552856715681294,0.0949568041461947,0.06350511306221608,0.4424110546391625,0.05718639627785339,0.17032049748431596
TCGA-TM-A84G-01A,elastic_net,0.09538236668787393,0.0,0.013351023683850624,0.0,0.0,0.7118232354046764,0.05087275956217881,0.12857061466142009
TCGA-TM-A84H-01A,elastic_net,0.18155359120681536,0.0,0.007271159506691132,0.0,0.0,0.5634458889095332,0.011261716912978557,0.23646764346398175
TCGA-TM-A84I-01A,elastic_net,0.13697237946542282,0.0,0.0435605116068784,0.04722437985906189,0.0,0.5306432480831262,0.04676118995616153,0.1948382910293491
TCGA-TM-A84J-01A,elastic_net,0.08179582958649997,0.10203469177143608,0.022901335917656456,0.05441306479638549,0.0,0.58730151330683,0.0578054038107091,0.09374816081048297
TCGA-TM-A84L-01A,elastic_net,0.4588971723338597,0.0,0.0,0.0,0.0,0.3572148425432852,0.06446031866457577,0.11942766645827926
TCGA-TM-A84M-01A,elastic_net,0.1148969270281312,0.0,0.03430181350499485,0.0,0.0,0.6241999101903696,0.09890724916721892,0.12769410010928559
TCGA-TM-A84O-01A,elastic_net,0.08341083332630066,0.0,0.017922815736176007,0.015231143562973549,0.0,0.6926522065386377,0.053855514901163526,0.13692748593474852
TCGA-TM-A84Q-01A,elastic_net,0.2674007775342645,0.0,0.0,0.0,0.0,0.5051559471042714,0.11173157998587026,0.11571169537559382
TCGA-TM-A84R-01A,elastic_net,0.024481263198430938,0.0,0.0,0.0,0.0,0.46804721778502356,0.2007973539026986,0.306674165113847
TCGA-TM-A84S-01A,elastic_net,0.08086878928072969,0.0,0.0,0.0,0.0,0.6325495707442046,0.06472645029795779,0.22185518967710804
TCGA-TM-A84T-01A,elastic_net,0.06943291019560725,0.0028493469309464284,0.019042865583187994,0.019350402341552476,0.0,0.6183139035453155,0.12780066102816473,0.14320991037522565
TCGA-TQ-A7RF-01A,elastic_net,0.1431177076843226,0.0,0.018023227221259736,0.0,0.0,0.5834484632545331,0.03995138518215807,0.21545921665772644
TCGA-TQ-A7RG-01A,elastic_net,0.10493089312341561,0.0,0.0,0.0,0.0,0.7234415457867993,0.05162348495127774,0.12000407613850729
TCGA-TQ-A7RH-01A,elastic_net,0.14349258029169154,0.0,0.05575811134437328,0.05334461197057109,0.0,0.42711333231698695,0.11778419360717898,0.20250717046919825
TCGA-TQ-A7RI-01A,elastic_net,0.06327378728441997,0.0,0.015526195293498801,0.0018492745990523396,0.0,0.7052904811374534,0.09429679400600834,0.11976346767956707
TCGA-TQ-A7RJ-01A,elastic_net,0.0741009991327364,0.0,0.01932118925540972,0.014817995713046223,0.0,0.7093862204745757,0.02963293304673745,0.15274066237749448
TCGA-TQ-A7RK-01A,elastic_net,0.13383828736941866,0.0,0.04584802324250373,0.022690464861086918,0.0,0.5278202957255229,0.11440189086400962,0.15540103793745816
TCGA-TQ-A7RM-01A,elastic_net,0.18963375770664453,0.0,0.05054762325835148,0.010067278325062896,0.0,0.4985911595231132,0.11783939010470239,0.13332079108212547
TCGA-TQ-A7RN-01A,elastic_net,0.10199516980665625,0.0,0.0,0.0,0.0,0.7366921653890554,0.05231696513648906,0.10899569966779946
TCGA-TQ-A7RO-01A,elastic_net,0.0389576715379915,0.0,0.0,0.0,0.0,0.8429756167313016,0.008329386904105285,0.10973732482660165
TCGA-TQ-A7RP-01A,elastic_net,0.11084101549479335,0.0,0.0,0.0,0.0,0.27190529007731334,0.23762373987389607,0.37962995455399723
TCGA-TQ-A7RQ-01A,elastic_net,0.18712915136778166,0.0,0.0,0.0,0.0,0.5968272802393775,0.019862699638488836,0.196180868754352
TCGA-TQ-A7RR-01A,elastic_net,0.08900368626986929,0.0,0.0,0.0,0.0,0.4363678484185257,0.27069127813958,0.20393718717202503
TCGA-TQ-A7RS-01A,elastic_net,0.055515465349998176,0.0,0.008372376212163746,0.0,0.0,0.730317890555378,0.09955062539349926,0.10624364248896073
TCGA-TQ-A7RU-01A,elastic_net,0.09924452974245912,0.0,0.0,0.0,0.0,0.7314460687897347,0.07264746188441214,0.0966619395833939
TCGA-TQ-A7RV-01A,elastic_net,0.1860034982599731,0.0,0.0,0.0,0.0,0.34356846951352954,0.19549972413102956,0.27492830809546787
TCGA-TQ-A7RV-02A,elastic_net,0.6120357536885807,0.0,0.0,0.0,0.0,0.0918251542743328,0.05011745395016716,0.24602163808691932
TCGA-TQ-A7RW-01A,elastic_net,0.22053440609698338,0.0,0.0,0.0,0.0,0.5972918523674651,0.05577728661364981,0.12639645492190163
TCGA-TQ-A8XE-01A,elastic_net,0.14612463659563346,0.0,0.040119678743368664,0.0037460930565240474,0.0,0.43386681753632117,0.15232379664025875,0.2238189774278939
TCGA-TQ-A8XE-02A,elastic_net,0.2653084328438899,0.0,0.024760698011151258,0.0,0.0,0.2341728342036549,0.25271518267196225,0.22304285226934176
TCGA-VM-A8C8-01A,elastic_net,0.10651737855278541,0.009844804055175764,0.022615115789574647,0.0180392082647755,0.0,0.48263773457206227,0.09420234882048642,0.26614340994513996
TCGA-VM-A8C9-01A,elastic_net,0.1662483374172316,0.007088918702604672,0.05511017281833263,0.10291595749927955,0.04949538487630667,0.19661514485821552,0.07634829381268494,0.3461777900153444
TCGA-VM-A8CA-01A,elastic_net,0.16674671683725814,0.0,0.0,0.0,0.0,0.7260680493646969,0.0,0.10718523379804495
TCGA-VM-A8CB-01A,elastic_net,0.11878644059073784,0.004623092617242801,0.03724028295680001,0.03702723053962511,0.0,0.5677936142768752,0.04835380350328888,0.1861755355154302
TCGA-VM-A8CD-01A,elastic_net,0.26617059621621453,0.2939870528602051,0.0,0.0,0.0,0.0,0.008217549155758147,0.4316248017678222
TCGA-VM-A8CE-01A,elastic_net,0.07374477073196489,0.0,0.0,0.0,0.0,0.723968207360808,0.11213898893916752,0.09014803296805961
TCGA-VM-A8CF-01A,elastic_net,0.2983544814104434,0.0,0.06993544722293374,0.029339076419450768,0.0,0.14583310337371702,0.07308004838041061,0.3834578431930446
TCGA-VM-A8CH-01A,elastic_net,0.12355560138585187,0.007306788300135862,0.04522536129303772,0.057171663377642075,0.022934061513817633,0.4363644480870942,0.10719533208726377,0.20024674395515688
TCGA-VV-A829-01A,elastic_net,0.06479090155682678,0.0,0.016274215276280677,0.0,0.0,0.7483995883707943,0.03377561838433633,0.13675967641176176
TCGA-VV-A86M-01A,elastic_net,0.11906422371797522,0.08621713934984968,0.05144943201040369,0.08463172440772661,0.0,0.41967206005252,0.10775895745088732,0.13120646301063754
TCGA-VW-A7QS-01A,elastic_net,0.04555751709364946,0.0,0.012016089797157181,0.0,0.0,0.8389089296621591,0.02915344328901724,0.07436402015801696
TCGA-VW-A8FI-01A,elastic_net,0.1473915665986319,0.04960879435941662,0.0689895366461764,0.13840556208669072,0.221775656319773,0.16370700626114076,0.06755234248705158,0.14256953524111898
TCGA-W9-A837-01A,elastic_net,0.037835552367936454,0.0,0.0,0.0,0.0,0.7744436597757629,0.042847293098672065,0.1448734947576287
TCGA-WH-A86K-01A,elastic_net,0.09414530021228454,0.0,0.0,0.0,0.0,0.6624642983605564,0.046010797990334765,0.1973796034368241
TCGA-WY-A858-01A,elastic_net,0.1112036293698715,0.02018387015782495,0.04216707218688172,0.07645974334175336,0.061620705226049746,0.4566035723053372,0.09042513443370002,0.14133627297858137
TCGA-WY-A859-01A,elastic_net,0.09797122939921572,0.0,0.0,0.0,0.0,0.22737696988641629,0.22267527092492767,0.45197652978944036
TCGA-WY-A85A-01A,elastic_net,0.09188607824614664,0.0,0.0,0.0,0.0,0.6518977542201129,0.0435532562211923,0.21266291131254822
TCGA-WY-A85B-01A,elastic_net,0.08917835383484014,0.07241750542423593,0.0329976121638185,0.05895755653855183,0.0,0.5013348443724962,0.11644755594282775,0.1286665717232296
TCGA-WY-A85C-01A,elastic_net,0.16326597668067888,0.0,0.06760477838338236,0.08765942425944698,0.0,0.4799925609579482,0.04928153842671813,0.15219572129182546
TCGA-WY-A85D-01A,elastic_net,0.184139013058308,0.0,0.0,0.0,0.0,0.3257421329783372,0.11041259187190273,0.37970626209145203
TCGA-WY-A85E-01A,elastic_net,0.1625298153171118,0.0,0.0,0.0,0.0,0.5027858690947455,0.06593977673549745,0.2687445388526452
TCGA-CS-4938-01B,bayesian,0.007396117839344971,0.008659988832266978,0.003307772449561478,0.012649506740890314,0.03101995137215817,0.16529481676441352,0.07042897600548997,0.7012428699958746
TCGA-CS-4941-01A,bayesian,0.045627866005829555,0.06530840951423193,0.0017368384143405307,0.008179631288836808,0.01912197826610795,0.5333692758183547,0.03807600476872515,0.2885799959235733
TCGA-CS-4942-01A,bayesian,0.10797187553018592,0.16301087404569467,0.00325359034576298,0.014872581005437825,0.030100559133335827,0.05887974309144438,0.16882615855254904,0.4530846182955894
TCGA-CS-4943-01A,bayesian,0.245431177778663,0.01507533369028602,0.0033051148182170293,0.00994716899099002,0.022361576037004876,0.28530497162850443,0.17648433009202383,0.24209032696431074
TCGA-CS-4944-01A,bayesian,0.0013128523258609246,0.002434450358368451,0.003045366556164722,0.01582424878047188,0.026577011450243118,0.016332706636893853,0.009808455341553356,0.9246649085504437
TCGA-CS-5390-01A,bayesian,0.20287900403572345,0.0016754286146027008,0.0024585611014805884,0.013842329609567036,0.0174422073121852,0.2883604235799571,0.27994480533936883,0.19339724040711512
TCGA-CS-5393-01A,bayesian,0.09969227131247517,0.03294476203826357,0.0025382508771002957,0.013626931558367212,0.02062822206382,0.2804084835896254,0.24935382427409908,0.3008072542862492
TCGA-CS-5394-01A,bayesian,0.1862287142285873,0.0014219646423662266,0.002609401845210738,0.013792085113316635,0.017459000359078804,0.3852183673219573,0.09544566039714959,0.29782480609233347
TCGA-CS-5395-01A,bayesian,0.03238485731999981,0.008343143397741871,0.002505361332622379,0.013593396208516005,0.026769014195725433,0.1869498561199159,0.11604546615943725,0.6134089052660412
TCGA-CS-5396-01A,bayesian,0.20724441212565775,0.001979446237182496,0.0023443706956584546,0.009243831966273514,0.019954250499772473,0.29513667696523777,0.32216999009626585,0.14192702141395178
TCGA-CS-5397-01A,bayesian,0.04117059808996969,0.05255985494168437,0.0020730589868509642,0.010826774433809425,0.018926326967189152,0.30569289526855353,0.16302124071834964,0.4057292505935933
TCGA-CS-6186-01A,bayesian,0.002172077238652452,0.007583629815879572,0.0032680940306598814,0.017521478417705856,0.02973593046447366,0.18064293034859774,0.02318978892949286,0.735886070754538
TCGA-CS-6188-01A,bayesian,0.02152783070176188,0.046487244204202006,0.0019485741844298449,0.008628652583296864,0.01683708121842228,0.4792457202328393,0.0834062324686867,0.34191866440636126
TCGA-CS-6290-01A,bayesian,0.010242595758344668,0.07610284842413832,0.0033854811958507276,0.015065753979474059,0.03306264842125078,0.07230134379585078,0.15558044978008137,0.6342588786450092
TCGA-CS-6665-01A,bayesian,0.08000997956785164,0.19513943216295404,0.0018039153042538902,0.008571333317347146,0.0178560568041165,0.196303245633665,0.37310241120938015,0.1272136260004316
TCGA-CS-6666-01A,bayesian,0.06693316977443986,0.0026248658776993152,0.0014357678580002623,0.005898172206033978,0.008187766116171452,0.6911383972478711,0.06651609570774177,0.15726576521204236
TCGA-CS-6667-01A,bayesian,0.05184919133629165,0.003345079455500321,0.0015452655884661242,0.007956638859407344,0.012325187947819569,0.6311534046422694,0.05572371163562344,0.2361015205346221
TCGA-CS-6668-01A,bayesian,0.34162523287642443,0.0015832533137525554,0.002323030769600462,0.013840346273584382,0.026782216758691794,0.20540812278592782,0.2088378454869468,0.19959995173507172
TCGA-CS-6669-01A,bayesian,0.12777059458394086,0.0016988050008334811,0.006330759044955289,0.05398594658132828,0.02835899609384357,0.11041912931169078,0.38346446885068564,0.2879713005327222
TCGA-CS-6670-01A,bayesian,0.09331201617662815,0.0013685114619674905,0.0023513471315172174,0.010189910134895265,0.017364518866510154,0.45133930963293317,0.13136260029534982,0.2927117863001986
TCGA-DB-5270-01A,bayesian,0.10151900587214724,0.00629839371672632,0.003377354400933426,0.014942406598294164,0.03034875278007209,0.10198405659596213,0.32548606633139976,0.41604396370446495
TCGA-DB-5273-01A,bayesian,0.01102898968574827,0.014030358795245786,0.0025061883262535306,0.016016015896505583,0.019402557984959698,0.24953788136257,0.1109593528838731,0.576518655064844
TCGA-DB-5274-01A,bayesian,0.18342015056883748,0.006138714851095826,0.002212850279573679,0.010693442247459358,0.020259229289045295,0.41439684047460573,0.21302158730574525,0.14985718498363748
TCGA-DB-5275-01A,bayesian,0.12963368541397338,0.0033855965989544,0.0028189638523910864,0.012623237573414776,0.022577474730962405,0.34460141939634525,0.06798947429433105,0.41637014813962764
TCGA-DB-5276-01A,bayesian,0.013188636219866464,0.036291059349449005,0.002585660292254164,0.013181253202653113,0.023860050330730163,0.0771430275050699,0.5083349324527842,0.325415380647193
TCGA-DB-5277-01A,bayesian,0.11099338773517789,0.0023780728009675824,0.0019944092901222625,0.010688739738501951,0.020237733207202548,0.3597615420579509,0.2630798306878391,0.23086628448223767
TCGA-DB-5278-01A,bayesian,0.08798436860605167,0.0019095600798519352,0.0018441092974125705,0.010062277755423307,0.01742301622773949,0.4389398530199921,0.17718377461932427,0.26465304039420456
TCGA-DB-5280-01A,bayesian,0.1128273755379494,0.0038764343684150027,0.003150897426383271,0.020344627362221243,0.027941387045427476,0.2641000318622746,0.09110145543409479,0.4766577909632343
TCGA-DB-5281-01A,bayesian,0.09491615432279543,0.007272492989122736,0.002111442490313411,0.010286999394007469,0.022420882411641356,0.45268716875685855,0.09464278359194557,0.3156620760433155
TCGA-DB-A4X9-01A,bayesian,0.13296536127848085,0.007259033056817045,0.003989802224870176,0.01610026033061804,0.029087825758797398,0.040423837943037416,0.12444596179722707,0.6457279176101518
TCGA-DB-A4XA-01A,bayesian,0.07496065192718482,0.002436882614735967,0.0021178004159178258,0.00906444917717595,0.018912402537442224,0.3449798832370007,0.17755603223974575,0.3699718978507968
TCGA-DB-A4XB-01A,bayesian,0.1719641039267029,0.0036310103217884727,0.003354494420600069,0.015833991956877867,0.02459701853396462,0.25174904964037786,0.18958134954320843,0.3392889816564797
TCGA-DB-A4XC-01A,bayesian,0.11823319741035174,0.027976704348534522,0.0027222944131284135,0.016714299674232772,0.04042306169597203,0.21159572781103653,0.09834065062362574,0.4839940640231183
TCGA-DB-A4XD-01A,bayesian,0.15192437211761475,0.0024669644923526013,0.002619639207732316,0.01450781455360096,0.028675063128201887,0.16205799488044245,0.22197728378017909,0.4157708678398759
TCGA-DB-A4XE-01A,bayesian,0.18268522405002505,0.005677644445077103,0.002484316442348786,0.016120650956073318,0.02768135287442318,0.058109029497068,0.22198645130021988,0.48525533043476465
TCGA-DB-A4XF-01A,bayesian,0.12198029760992495,0.0022370433302127,0.002299601049508657,0.017342066095719526,0.025907227787213157,0.31690004126972043,0.10536105715296572,0.40797266570473495
TCGA-DB-A4XG-01A,bayesian,0.21349773000589226,0.001314960476380901,0.0019387562931134437,0.011869838218893659,0.016624622157233697,0.4074369060423503,0.09861268669094009,0.2487045001151958
TCGA-DB-A4XH-01A,bayesian,0.058019997888426995,0.0018712255308356417,0.0020154477476021543,0.01233443403885871,0.02160464975024586,0.2652164900288727,0.2866158996903518,0.3523218553248062
TCGA-DB-A64L-01A,bayesian,0.1261156776961786,0.001954546884184598,0.002651993490320856,0.0160285423699439,0.026462523747532985,0.25110305796732185,0.16602480356779872,0.4096588542767184
TCGA-DB-A64O-01A,bayesian,0.0014739982848845532,0.0034713338865003398,0.002622551617184296,0.017336274823440297,0.031203149563515976,0.01934867443641284,0.13187365913731533,0.7926703582507464
TCGA-DB-A64P-01A,bayesian,0.07542370209905117,0.004321251862006574,0.002153674944799342,0.008422669540463215,0.01693581809204444,0.4570939284296588,0.17474771084460988,0.26090124418736654
TCGA-DB-A64Q-01A,bayesian,0.08364780493459419,0.0024320468495624505,0.002489532004696295,0.013227585123712988,0.019088775186484174,0.2966815457353338,0.1607888054802316,0.4216439046853846
TCGA-DB-A64R-01A,bayesian,0.17593886358407995,0.0013065125614936685,0.0017633044030698874,0.012107009753272542,0.02100270727575498,0.45344270626784733,0.12822915831883697,0.2062097378356446
TCGA-DB-A64S-01A,bayesian,0.04994533600962689,0.11815686821153754,0.0018462942464093255,0.010892737692018976,0.019536849199330925,0.32637686743989913,0.15639949671745884,0.31684555048371843
TCGA-DB-A64U-01A,bayesian,0.047137766202402356,0.0013387592931670723,0.0017848409160327071,0.007940874150274894,0.017784096471198635,0.2664966126183897,0.4569925717870426,0.20052447856149205
TCGA-DB-A64V-01A,bayesian,0.005530784210329223,0.014780076976660233,0.0019258684875428568,0.017742665528415042,0.026035027893423112,0.12572302432796373,0.41014843265108025,0.3981141199245856
TCGA-DB-A64W-01A,bayesian,0.25101610210502634,0.0016902820516121496,0.002429122561183589,0.012236900078745144,0.029277345896552683,0.26873041367493494,0.26321831406214297,0.17140151956980218
TCGA-DB-A64X-01A,bayesian,0.07632526699687507,0.002397017076726515,0.0022444945744046958,0.01347479646210768,0.017226837723832895,0.3937101468948133,0.06420877740648329,0.43041266286475666
TCGA-DB-A75K-01A,bayesian,0.09991411431406991,0.011023967552054788,0.0021895244032946585,0.014645192324669036,0.020624049735077612,0.356984881864236,0.17869944837106796,0.3159188214355301
TCGA-DB-A75L-01A,bayesian,0.12833246761643335,0.01558151340995161,0.0024530182498898453,0.0149569771713734,0.026612552112034775,0.2435073465927214,0.1860190871579299,0.3825370376896657
TCGA-DB-A75M-01A,bayesian,0.03064480745354558,0.002967537255174711,0.0031634015279045154,0.017652356463868476,0.023908296410525172,0.26531392674724297,0.1063959171322421,0.5499537570094964
TCGA-DB-A75O-01A,bayesian,0.0074383825997511735,0.005236950399603366,0.0022862927800860544,0.01249939244542293,0.023760492073029257,0.3304926883258965,0.025270365476277826,0.5930154358999329
TCGA-DB-A75P-01A,bayesian,0.028506215703906716,0.002912278956936927,0.002034401185840878,0.011599171949301197,0.019357414642412262,0.4808265850251983,0.09557667996184455,0.3591872525745593
TCGA-DH-5140-01A,bayesian,0.3026352592017666,0.001930543096625215,0.002556405969140795,0.012669626761662802,0.017805990276894428,0.27789020554805954,0.1122751759714875,0.27223679317436317
TCGA-DH-5142-01A,bayesian,0.11985784088262628,0.19206315033714963,0.002903209723205321,0.010155496972125932,0.021601834962767175,0.19283259861654453,0.09390543256979461,0.3666804359357864
TCGA-DH-5143-01A,bayesian,0.07969466452778601,0.014098761479155763,0.003727427877356402,0.014763416055967087,0.02322132316867851,0.13998353361443386,0.0967857926202348,0.6277250806563874
TCGA-DH-5144-01A,bayesian,0.18751606655639017,0.0013425500910326216,0.002234468729989535,0.012105245754755672,0.024618990242662855,0.379190567206524,0.14538495191669537,0.24760715950194984
TCGA-DH-A669-01A,bayesian,0.20326998917883626,0.004275637167059937,0.0022085858773332207,0.012591876196797913,0.031153319046252976,0.285146553360295,0.19033965704767794,0.27101438212574674
TCGA-DH-A669-02A,bayesian,0.17010425274207563,0.005338537522140329,0.0011682463419887962,0.007900047663957244,0.015885075149201552,0.5168575460538534,0.13121965332310118,0.15152664120368198
TCGA-DH-A66B-01A,bayesian,0.1102979854273982,0.19349698247617753,0.002798841955823671,0.015696663149480858,0.03329891297771997,0.08119277570626779,0.05532499711226484,0.5078928411948672
TCGA-DH-A66D-01A,bayesian,0.13737282886261662,0.05057359222374397,0.0020323970799587428,0.015410123020605328,0.023086336901705317,0.2712309513013834,0.10901993675730869,0.39127383385267794
TCGA-DH-A66F-01A,bayesian,0.022054286185059162,0.001187120729913019,0.0014660261154768508,0.007606476162708331,0.015226049544354948,0.48757632524155836,0.06217781684920549,0.40270589917172384
TCGA-DH-A66G-01A,bayesian,0.12302481379836573,0.017439062992041624,0.003144726142824503,0.019120855505184973,0.03966341626293463,0.12567146403784582,0.11082808183793212,0.5611075794228707
TCGA-DH-A7UR-01A,bayesian,0.08557799177016139,0.00095803269637904,0.001426274688195797,0.006597619075152866,0.012012163004415597,0.6596680799276202,0.09560796107651204,0.13815187776156304
TCGA-DH-A7US-01A,bayesian,0.03807890430239926,0.0016427909960240144,0.0016624746599034346,0.009745783475551908,0.020183905119378953,0.31263286639593774,0.3389845120803808,0.277068762970424
TCGA-DH-A7UT-01A,bayesian,0.011324903206573197,0.0026143360867680364,0.0014783077786572998,0.010141142237356123,0.0169259855667351,0.4025479232408692,0.30144733501804216,0.2535200668649988
TCGA-DH-A7UU-01A,bayesian,0.16727305411981805,0.011542719228464062,0.002453976359226193,0.011571583489339787,0.0278287519962835,0.35949051786691744,0.17968422891883729,0.2401551680211137
TCGA-DH-A7UV-01A,bayesian,0.11568985769580642,0.034287101923723425,0.0026735268654133463,0.013039732143408561,0.024066784241285638,0.15180559361283028,0.1914180899987257,0.46701931351880666
TCGA-DU-5847-01A,bayesian,0.008471763821214973,0.16078519493847412,0.002618094556107436,0.011750938860068028,0.025760076389817723,0.18660569615020278,0.07950140358353051,0.5245068317005844
TCGA-DU-5849-01A,bayesian,0.0668384939162017,0.0018306498677734561,0.002385881092268022,0.011918329377357562,0.01943842230927299,0.2466516115218877,0.3116616168911546,0.3392749950240838
TCGA-DU-5851-01A,bayesian,0.024295096108727245,0.003337311923854097,0.002374133841725214,0.012270291622823285,0.02155981735263693,0.15775235552462313,0.42487715514955554,0.3535338384760545
TCGA-DU-5852-01A,bayesian,0.11043596333199401,0.04494563533917199,0.0017309723981836706,0.008564695248870702,0.019797987965516406,0.5224259316743043,0.03664701489186848,0.2554517991500905
TCGA-DU-5853-01A,bayesian,0.08760055280642128,0.02408236343087268,0.0027705049785565275,0.0133379636643977,0.022483322454923103,0.25399730895276745,0.16669514683279116,0.4290328368792701
TCGA-DU-5854-01A,bayesian,0.005161154546192037,0.012632067884001967,0.0018531563467406352,0.010508399826758255,0.015232337672084692,0.36876644443557194,0.33853361939687804,0.24731281989177248
TCGA-DU-5855-01A,bayesian,0.10083463165280122,0.052867332419762915,0.0022142841582892285,0.01157302847573402,0.023002707875101197,0.34055029926034636,0.09106635905037164,0.3778913571075934
TCGA-DU-5870-02A,bayesian,0.21296259020207034,0.0014617857709619533,0.0022252025850563826,0.011450877132838579,0.024043121167664636,0.3326428233591454,0.16445483733504673,0.250758762447216
TCGA-DU-5871-01A,bayesian,0.10628642127920604,0.029997577059939093,0.00285714441510134,0.014087136990174587,0.023787348119021817,0.26338863170133936,0.0681146336266441,0.4914811068085737
TCGA-DU-5872-01A,bayesian,0.06448540523734378,0.018584996006923912,0.002115086595559899,0.010870293158746174,0.06706836939922815,0.3522232378239757,0.11973670204876098,0.3649159097294615
TCGA-DU-5872-02A,bayesian,0.004624833283492582,0.14424253175633175,0.0016782984352637505,0.01469901176172727,0.23465781421207585,0.18609117706888276,0.21808938258054225,0.19591695090168373
TCGA-DU-6392-01A,bayesian,0.15771825459820063,0.0546007056406425,0.0014280076054617938,0.012289344733478338,0.016095779330028176,0.4970212626312035,0.16630793770866376,0.09453870775232126
TCGA-DU-6393-01A,bayesian,0.273867180809148,0.001684833818678946,0.0020303955565684527,0.01218752818211007,0.01963650891836107,0.3049637964638355,0.151818538999026,0.23381121725227214
TCGA-DU-6394-01A,bayesian,0.22425276512633865,0.0016766557179352917,0.002653815445346868,0.012564976798060795,0.020557898071250788,0.30419653735545077,0.08452119101719438,0.34957616046842255
TCGA-DU-6395-01A,bayesian,0.09692705710107166,0.03874058168116131,0.0031234229617016687,0.010286325032685908,0.02265807205444594,0.2187055225310615,0.20234178894969315,0.4072172296881789
TCGA-DU-6396-01A,bayesian,0.06993330137729421,0.1818837052555369,0.0015021853868649375,0.009491996801012547,0.01093303476153099,0.41895826820196863,0.15688005626566784,0.15041745195012396
TCGA-DU-6397-01A,bayesian,0.07277065336050817,0.0014538047410395036,0.0018238570709718845,0.01050540943284243,0.014757110948739117,0.4777917230835002,0.10776614176765525,0.31313129959474356
TCGA-DU-6397-02A,bayesian,0.1530774593308859,0.0010898102238256569,0.0014181773703639815,0.0066717641800473565,0.012908417263840188,0.6640403387173955,0.09131163852927199,0.0694823943843694
TCGA-DU-6399-01A,bayesian,0.11661807106683007,0.026870102465178736,0.0025908389353732375,0.011595568275229886,0.021048388478704858,0.35103150232637215,0.11311700075543106,0.3571285276968801
TCGA-DU-6400-01A,bayesian,0.2713263496104202,0.0015056145171163705,0.0026981699041039244,0.014532766454305446,0.0235059899514835,0.27462646926365364,0.1660916301123785,0.24571301018653852
TCGA-DU-6401-01A,bayesian,0.08262556629238324,0.009790851767549746,0.0013474976252125966,0.007846183288112662,0.014062890935483617,0.6042624836169621,0.04224106441834407,0.23782346205595206
TCGA-DU-6402-01A,bayesian,0.03395183428534159,0.12961891957942825,0.0013694507998736076,0.006935221392067301,0.014258183120082875,0.5990454448474434,0.021118591922150345,0.19370235405361264
TCGA-DU-6403-01A,bayesian,0.1238141436582241,0.053061121251880825,0.001975807420224844,0.015114751524371509,0.023091525338931346,0.16853648124191756,0.43597287095025894,0.17843329861419094
TCGA-DU-6404-01A,bayesian,0.04772604127719537,0.005635197798496584,0.002045325192318176,0.010596365858723646,0.011409703948748831,0.6137636261723995,0.06578126540457664,0.24304247434754112
TCGA-DU-6405-01A,bayesian,0.17418245263756635,0.015144859466624321,0.0033469625972648897,0.013160136374789636,0.02973976046051261,0.15450830262073392,0.018388225205086574,0.5915293006374218
TCGA-DU-6406-01A,bayesian,0.12319608223277208,0.03492526619677756,0.0016249902834050362,0.009022676176323335,0.013767816015216735,0.6384619751567592,0.009241775074380025,0.16975941886436616
TCGA-DU-6407-01A,bayesian,0.1020481164363751,0.0039483610460987525,0.0026237750097648804,0.011477159550293159,0.023112148479605486,0.3314729443879255,0.1340376147511835,0.3912798803387535
TCGA-DU-6408-01A,bayesian,0.07330638178819623,0.010067723787471707,0.0020366690295677966,0.009152667930667631,0.024399222293424415,0.4135311553855046,0.08243352549584619,0.38507265428932136
TCGA-DU-6410-01A,bayesian,0.3686755268662781,0.0010331301695038,0.0028122883248729883,0.012235892817508089,0.023840644240600558,0.3816823940302656,0.11413569561575249,0.09558442793521833
TCGA-DU-6542-01A,bayesian,0.10521103301618911,0.05156915121515914,0.002091418179175924,0.009604912122518449,0.019889502745521943,0.34188010710626243,0.2201492593626688,0.24960461625250407
TCGA-DU-7006-01A,bayesian,0.046689733142475875,0.14126403534279966,0.0015544089637066806,0.00987736179537684,0.017040909095719783,0.4637161698971561,0.07291513367478042,0.24694224808798465
TCGA-DU-7007-01A,bayesian,0.030890319771858195,0.08477973084030256,0.001914703395340727,0.00767396149120569,0.06622997887821674,0.5250962934097263,0.0234890933842693,0.2599259188290805
TCGA-DU-7008-01A,bayesian,0.23354288683932017,0.002123637622014524,0.0021595188793403883,0.013163201217443203,0.3646442061522503,0.044608776693403344,0.09299399445537875,0.2467637781408493
TCGA-DU-7009-01A,bayesian,0.12771101591500703,0.001538189545626547,0.0026872200662775986,0.01131883851720604,0.024171682187830515,0.19338489176505805,0.3615614167048492,0.27762674529814513
TCGA-DU-7010-01A,bayesian,0.11120199591497328,0.001809032213117743,0.002453592376437903,0.010664326749476243,0.019957715351213923,0.2873879422462933,0.3129033504087441,0.25362204473974337
TCGA-DU-7011-01A,bayesian,0.052934479371756146,0.10280751150225416,0.0018610781592983,0.010404979086722206,0.01561553396574295,0.39055924714345835,0.13180052736253822,0.29401664340822964
TCGA-DU-7012-01A,bayesian,0.022188111078935525,0.1390132436054056,0.002356733296468219,0.01183903965629662,0.02538066311531249,0.23072854877990345,0.015110882196950795,0.5533827782707273
TCGA-DU-7013-01A,bayesian,0.1915777999150909,0.012528835055495773,0.0030251964021562523,0.012883798655009491,0.02077416938438377,0.3587309967041633,0.03559279616518206,0.3648864077185183
TCGA-DU-7014-01A,bayesian,0.1423699072927009,0.003067852403163426,0.0016145589602223408,0.01041631842029302,0.015575004912070159,0.5238384849672579,0.08469871525077355,0.2184191577935187
TCGA-DU-7015-01A,bayesian,0.10306120136690956,0.10679537409168147,0.002535475321708129,0.010358717289161141,0.12152905615839438,0.21450513067335591,0.060830512114655066,0.38038453298413444
TCGA-DU-7018-01A,bayesian,0.22608168074024357,0.001037360475800939,0.002003062839263984,0.011574647589628007,0.01747204218300628,0.4887429775182901,0.1083844901468641,0.14470373850690313
TCGA-DU-7019-01A,bayesian,0.0447260246989995,0.019714291845791914,0.0020726185672213784,0.012645973399756117,0.024192781354936726,0.35703541323172,0.0857489565262747,0.45386394037529965
TCGA-DU-7292-01A,bayesian,0.1708354281374904,0.0023240248919334785,0.0033927809681223516,0.017989152428821556,0.021407245971351508,0.20156824914628862,0.15736926329311082,0.4251138551628813
TCGA-DU-7294-01A,bayesian,0.1553190500798163,0.001414733744392064,0.001984961642377497,0.010529155698619038,0.018646110208363,0.3708133996134567,0.22616983059999352,0.21512275841298176
TCGA-DU-7298-01A,bayesian,0.09362325340773876,0.02214147576667221,0.0019609250628619354,0.011951622951656351,0.023085968704232542,0.26563362496387183,0.33560144531037117,0.2460016838325953
TCGA-DU-7299-01A,bayesian,0.08837928025958801,0.008262379494463547,0.0017287847106830388,0.008370642924466333,0.017905416175870492,0.41637307904541776,0.22609108441431172,0.23288933297519904
TCGA-DU-7300-01A,bayesian,0.1088338828817705,0.0025650562018767155,0.0028864431534841575,0.01636517608564552,0.024357997384905978,0.16759919286547523,0.2529967991675565,0.4243954522592853
TCGA-DU-7301-01A,bayesian,0.07523202420906891,0.043038107955593645,0.002052219189087184,0.01227195879213127,0.025425333810913393,0.24821090511442673,0.2932988541514435,0.30047059677733545
TCGA-DU-7302-01A,bayesian,0.14035118718494483,0.0016663116504257477,0.0020697006784513826,0.011384320086955528,0.02250586007414492,0.3786569764893172,0.1596552039544579,0.28371043988130257
TCGA-DU-7304-01A,bayesian,0.04742717090531891,0.01897907371918593,0.002738380009894717,0.011564694145549299,0.021512860348172746,0.30319772385373905,0.11760405198310109,0.4769760450350383
TCGA-DU-7304-02A,bayesian,0.21576547880325797,0.0030358003041687,0.0026763220639874487,0.01300261162878472,0.02330797691647155,0.2642681224797758,0.11569036614217083,0.362253321661383
TCGA-DU-7306-01A,bayesian,0.05008907548965608,0.00535561371723379,0.0017858000115714122,0.01011253885607412,0.024620712948634285,0.340035491508062,0.20199876662422367,0.36600200084454443
TCGA-DU-7309-01A,bayesian,0.12528893878039027,0.003282652584550166,0.0021418860511163624,0.016821888275611395,0.020403850155971306,0.3731725035740274,0.16639622874455914,0.29249205183377386
TCGA-DU-8158-01A,bayesian,0.07342427325316658,0.05108454223218634,0.0024612989176596555,0.013523356095317086,0.020863998505497083,0.1515659309103428,0.17212322076839084,0.5149533793174397
TCGA-DU-8161-01A,bayesian,0.0038780141168023555,0.11774226915094836,0.0024564866877292216,0.013163311388796572,0.025686623290667017,0.1844474035449374,0.07183460321304098,0.5807912886070781
TCGA-DU-8162-01A,bayesian,0.059297561388715433,0.0033750218856300122,0.0027941038216670825,0.01634492908412822,0.022846019856248456,0.12711463675664036,0.4747257799682177,0.29350194723875284
TCGA-DU-8163-01A,bayesian,0.07358284793057394,0.06341514770593638,0.0025742590211323426,0.010976325134982775,0.021804892144501677,0.24651857380990572,0.23824444503642683,0.3428835092165402
TCGA-DU-8164-01A,bayesian,0.19208179366181596,0.0015026408240891315,0.0021398291170200943,0.016014744530891203,0.021784355690506286,0.3431218984731092,0.1346254447200007,0.2887292929825675
TCGA-DU-8165-01A,bayesian,0.04115019014873775,0.17822025354984722,0.0021706698538636413,0.0110179669920925,0.034357514584708704,0.4285617845749612,0.06813576243072372,0.2363858578650652
TCGA-DU-8166-01A,bayesian,0.18872268636116069,0.013770053205053851,0.0027563957253934216,0.018086712609751022,0.02973208251170084,0.22428020017612027,0.10833982685922522,0.4143120425515947
TCGA-DU-8167-01A,bayesian,0.054114791396692015,0.068841682735243,0.0030559236452098967,0.010264470351295164,0.01963863112540324,0.2330889918150474,0.37086832763858696,0.24012718129252236
TCGA-DU-8168-01A,bayesian,0.4083218522105078,0.001869633780301464,0.0028684137054728084,0.01765486129240256,0.02117273999111314,0.20578341140586298,0.1397803599705279,0.20254872764381127
TCGA-DU-A5TP-01A,bayesian,0.10515561851262388,0.30523492552070147,0.0031535046077133893,0.010681336682642081,0.01822049585229141,0.2816125812022558,0.14176567677597404,0.13417586084579786
TCGA-DU-A5TR-01A,bayesian,0.03124493505641277,0.2674750312360532,0.0039417981529235166,0.02103083744767216,0.04128571056832745,0.05427514445493778,0.20830079321285447,0.3724457498708185
TCGA-DU-A5TS-01A,bayesian,0.03183686305696903,0.009217773665947929,0.003098106920928196,0.01061943531109322,0.018793161145374094,0.25657045590075167,0.3994566582316401,0.2704075457672957
TCGA-DU-A5TT-01A,bayesian,0.032885020809951426,0.0030036633620825833,0.0020952055279265793,0.011485717004167995,0.017652677650789567,0.3030969980624531,0.11900303919024476,0.510777678392384
TCGA-DU-A5TU-01A,bayesian,0.1101849627219353,0.16755184617909571,0.0021715283169072494,0.011682105651202876,0.02755370612479307,0.23460714923669168,0.059484362431719916,0.38676433933765403
TCGA-DU-A5TW-01A,bayesian,0.18075657742018575,0.012626855699431953,0.0030281197067288275,0.012683682977818697,0.024874109762456804,0.25952649667058925,0.1876897586746894,0.31881439908809933
TCGA-DU-A5TY-01A,bayesian,0.04420591433843799,0.22226823430014367,0.0023891839760571084,0.013457397755773216,0.02385104874521922,0.29640411432614217,0.09725952336282583,0.30016458319540074
TCGA-DU-A6S2-01A,bayesian,0.11779900870064115,0.004675735218798455,0.0022287496205429178,0.015195171802447768,0.025120349533544483,0.28477554119569054,0.30087932006067486,0.2493261238676599
TCGA-DU-A6S3-01A,bayesian,0.1881835567828489,0.0015469801239234625,0.0017439081299559804,0.010475626603725053,0.01930138118232188,0.29721974750348307,0.2638368749050344,0.21769192476870725
TCGA-DU-A6S6-01A,bayesian,0.17907274356125502,0.0016447929517137232,0.0035760100968629835,0.018350063392643372,0.021748519623117222,0.252757648585597,0.18461345213689484,0.3382367696519158
TCGA-DU-A6S7-01A,bayesian,0.13744947509175312,0.08116734771886515,0.003377580820948029,0.011640742705622362,0.02287248434782328,0.16661565107256063,0.2417448764174084,0.33513184182501904
TCGA-DU-A6S8-01A,bayesian,0.25969657390082584,0.001955847346050568,0.00199061117200597,0.012737119237349652,0.022907845557340975,0.28788546624912487,0.2319965931021821,0.18082994343512004
TCGA-DU-A76K-01A,bayesian,0.0700181818085904,0.0014858462676851003,0.003920664393775744,0.021863714580499106,0.03068559820619908,0.13547995292246612,0.11266624254694535,0.623879799273839
TCGA-DU-A76L-01A,bayesian,0.04465403775125295,0.09431114268676323,0.0010499525806342165,0.0063671083363911795,0.010190099726103012,0.6771873642118991,0.11399941849521536,0.05224087621174095
TCGA-DU-A76O-01A,bayesian,0.14636610521798682,0.08271879747513207,0.0030234737878978607,0.012950124470807307,0.026480003018015525,0.2066551318063285,0.10117821604816206,0.4206281481756699
TCGA-DU-A76R-01A,bayesian,0.04603601219186046,0.0014579667719739817,0.0020429713696383,0.012056650014687663,0.022011555497353782,0.41043381990810573,0.09332499923868286,0.4126360250076972
TCGA-DU-A7T6-01A,bayesian,0.13178424083734175,0.002094328599854094,0.0018445177708135366,0.007575650858500342,0.014070369037530709,0.4629594144745979,0.22396292768929257,0.15570855073206902
TCGA-DU-A7T8-01A,bayesian,0.22092646295857565,0.03169708822146596,0.0025744177865621005,0.015889532437641452,0.018252388833533542,0.2994245473948643,0.08175412541922936,0.3294814369481276
TCGA-DU-A7TA-01A,bayesian,0.164056180534682,0.05993609532332252,0.0022508196526708018,0.011246590546999898,0.018931478503822124,0.4663238292342823,0.10725765749778012,0.16999734870644023
TCGA-DU-A7TB-01A,bayesian,0.04226594101469444,0.0015243164990411196,0.001450235953569537,0.008933773327201607,0.016222249052455333,0.13394785857967598,0.7362507133558742,0.05940491221748766
TCGA-DU-A7TC-01A,bayesian,0.19016034019957823,0.0027341965553786974,0.0034007093884023108,0.02062209320233588,0.024061315953491685,0.16246277047592533,0.18154250589090165,0.4150160683339862
TCGA-DU-A7TD-01A,bayesian,0.21258985192184413,0.1268429863252784,0.002142846894878907,0.0114136408421978,0.018872633160617245,0.3945390291370633,0.03035355897313084,0.20324545274498948
TCGA-DU-A7TG-01A,bayesian,0.08518273891732733,0.0027453064276981576,0.0049516471046151325,0.041182521435778455,0.02116902643210883,0.2401644328191798,0.24747212336359284,0.35713220349969943
TCGA-DU-A7TI-01A,bayesian,0.13349786458207566,0.0739454374613188,0.002921869213022991,0.014234181801833813,0.019271392788004587,0.1967554196085542,0.12988393574243723,0.4294898988027528
TCGA-DU-A7TJ-01A,bayesian,0.21924426586059165,0.04407843182802485,0.002601403725255291,0.01337229350769865,0.018312725518233333,0.4200408296460489,0.03850620678583396,0.24384384312831345
TCGA-E1-5302-01A,bayesian,0.09212795087624272,0.025289396928657407,0.002784361581619551,0.016183801144144683,0.02482814101236691,0.16940002528120632,0.1380845225051645,0.531301800670598
TCGA-E1-5303-01A,bayesian,0.0063315074932239835,0.06438699527884607,0.0028054493530510795,0.01663741217708582,0.023339316091638047,0.06439379609444516,0.2066669665909681,0.6154385569207418
TCGA-E1-5304-01A,bayesian,0.3863816100651067,0.0025903842238966237,0.0025350392569904855,0.016630922809240223,0.019750287255622643,0.1456229992322458,0.26369770728468617,0.16279104987221135
TCGA-E1-5305-01A,bayesian,0.06848687249053571,0.007628810654805375,0.0025507180383873267,0.011866053614492143,0.022072447305994225,0.36251876501382896,0.1378189820921879,0.3870573507897685
TCGA-E1-5307-01A,bayesian,0.1652773047524436,0.01235023161065416,0.003969466738450051,0.022681098706112575,0.02988235436342971,0.044655485136499015,0.16391702845350603,0.5572670302389049
TCGA-E1-5311-01A,bayesian,0.13543660016161413,0.0011970529658408763,0.0017909404830545612,0.011084196041165026,0.018764558629940184,0.5203692534283885,0.09748572089130118,0.21387167739869561
TCGA-E1-5318-01A,bayesian,0.126244554299797,0.0010928436725141791,0.0008180000212689414,0.005979725389316372,0.009011584912839859,0.7235624758617767,0.046222484812041775,0.08706833103044526
TCGA-E1-5319-01A,bayesian,0.03712025149803007,0.001241572024274414,0.0017906959846911037,0.008664474451925185,0.013653085187485332,0.47683187373603186,0.22940349719000655,0.2312945499275556
TCGA-E1-5322-01A,bayesian,0.15666585338986008,0.14969753833918556,0.0028637649358457663,0.01384506811701914,0.022443618191982588,0.2032796436257871,0.1269355480070553,0.32426896539326433
TCGA-E1-A7YD-01A,bayesian,0.14044669908893395,0.005780955242958316,0.0037932581505766964,0.014478869862929187,0.022787601795275534,0.3794633086951164,0.031680711169339494,0.40156859599487055
TCGA-E1-A7YE-01A,bayesian,0.06247297133786232,0.14606562802716516,0.0015519784801681375,0.009124929840527039,0.016500502694329178,0.4272705705301022,0.0860826759770685,0.25093074311277747
TCGA-E1-A7YH-01A,bayesian,0.03376018364260976,0.0029137789066757693,0.00282743200850401,0.015214833972087389,0.02127108039165622,0.12264741470466312,0.49665371389018087,0.3047115624836229
TCGA-E1-A7YI-01A,bayesian,0.17640416707768025,0.0035502620988773765,0.0016806554158827253,0.01070234948746732,0.011676078612519134,0.5871896421714237,0.14876538287670601,0.060031462259443676
TCGA-E1-A7YJ-01A,bayesian,0.10752852349716763,0.04301869626998373,0.0022095090789494886,0.011318282001993932,0.015967001183213356,0.4323709981737033,0.13788330909786622,0.24970368069712237
TCGA-E1-A7YK-01A,bayesian,0.0016838467998338132,0.1342688360443704,0.0018697146578451089,0.011657186204655813,0.021551685813091248,0.04465110150475219,0.4738508190571095,0.31046680991834186
TCGA-E1-A7YL-01A,bayesian,0.08440571744194263,0.14855021929627896,0.0019172612606016771,0.01150991945024834,0.06305371834741609,0.35483330996501505,0.01411076127109997,0.32161909296739727
TCGA-E1-A7YM-01A,bayesian,0.0031649296149173388,0.001807990259696139,0.0021339211625713995,0.01257354789452845,0.024620983337243427,0.060931070680150246,0.5664922330866217,0.32827532396427145
TCGA-E1-A7YN-01A,bayesian,0.011413645497955816,0.2572690902004523,0.0022125206236144643,0.011329419094145522,0.026247692257824924,0.197520504642755,0.14434606702603142,0.3496610606572206
TCGA-E1-A7YO-01A,bayesian,0.10081538945927314,0.0011896340453132986,0.0019147315522224087,0.009366286214004843,0.017290242521460927,0.517617229086851,0.07161825299845784,0.28018823412241656
TCGA-E1-A7YQ-01A,bayesian,0.038450230012355195,0.15466163466010466,0.0014182709518025844,0.006630938743546756,0.01099855970929553,0.567212021392921,0.008298481150952322,0.21232986337902193
TCGA-E1-A7YS-01A,bayesian,0.38331958707464864,0.0019699061675494366,0.003291973881784916,0.013880968529280875,0.0305971013292406,0.12063552741810168,0.15147003216554722,0.29483490343384666
TCGA-E1-A7YU-01A,bayesian,0.03971449528009372,0.0032028939301625542,0.0020042495790103553,0.012799358694679342,0.024190765791629522,0.2751165708730804,0.28710674757855653,0.3558649182727876
TCGA-E1-A7YV-01A,bayesian,0.12530786647679165,0.0015249691914795956,0.0018525055282320464,0.011851396783030576,0.01753529931631646,0.529597230257967,0.0903577852051101,0.22197294724107258
TCGA-E1-A7YW-01A,bayesian,0.09549792828311346,0.008873107156562008,0.0029090206018002615,0.018224140563652274,0.026144033224121135,0.1979510874171343,0.10699342513789549,0.5434072576157211
TCGA-E1-A7YY-01A,bayesian,0.14074757203058033,0.003046398649089675,0.005887274091723656,0.036869332736329474,0.03594761604018179,0.1470225715248622,0.3026515849087668,0.327827650018466
TCGA-E1-A7Z2-01A,bayesian,0.030228471355044723,0.0020047925183450123,0.002330984033160311,0.01585851707586263,0.027038945591493765,0.14196704617088843,0.13062105406527263,0.6499501891899324
TCGA-E1-A7Z3-01A,bayesian,0.0693758656458247,0.009452188837369039,0.0026084414041988267,0.01188322448771117,0.03171629935554893,0.2974121669990768,0.1263741154198633,0.45117769785040723
TCGA-E1-A7Z4-01A,bayesian,0.0805972679044018,0.02043253117610674,0.0030216125385821957,0.02054279750792692,0.03050925180026263,0.0882874433761962,0.025708973560349457,0.730900122136174
TCGA-E1-A7Z6-01A,bayesian,0.004788086818077491,0.003892986296995653,0.0018370611054245474,0.011337562307218902,0.02077678818828843,0.40076650437837014,0.031422180062725395,0.5251788308428994
TCGA-EZ-7264-01A,bayesian,0.21047491867135343,0.0013501718402488007,0.0018846715340619308,0.015557489105461028,0.019842749524683838,0.2922087568934001,0.21013689498773233,0.24854434744305862
TCGA-F6-A8O3-01A,bayesian,0.2399476645303568,0.0014051390730131443,0.0026632515059226694,0.010548651987776974,0.020445663800462047,0.34264471047098494,0.09832542266085939,0.284019495970624
TCGA-F6-A8O4-01A,bayesian,0.15447985875864143,0.0027248588052491553,0.0021102662622932973,0.010174874959259905,0.03492025067951531,0.15069954063774932,0.16826271716629038,0.4766276327310012
TCGA-FG-5962-01B,bayesian,0.13180667608184207,0.002175748517486728,0.0029463720820620026,0.016547518617982312,0.027566965517230316,0.21783868759285713,0.17745780620845297,0.42366022538208653
TCGA-FG-5963-01A,bayesian,0.009489252036960306,0.16195216648819308,0.00203062606080458,0.013550582800042543,0.018462224408349496,0.1458351439959879,0.44164129478424025,0.20703870942542174
TCGA-FG-5963-02A,bayesian,0.07308223150175121,0.0010065478774429855,0.0017020526485669145,0.004000552338911135,0.0072159831596072315,0.8303404675135847,0.06740287434678414,0.015249290613351727
TCGA-FG-5964-01A,bayesian,0.10375161714849772,0.031075720747076787,0.0031287297286374505,0.015388240564100318,0.02716738224263042,0.18630787762501047,0.2733305950156178,0.359849836928429
TCGA-FG-5965-01B,bayesian,0.06021671343705915,0.003935454767625205,0.002442796227373009,0.016166807655855854,0.01616328720659279,0.25120644540297943,0.10880139461393636,0.5410671006885782
TCGA-FG-6688-01A,bayesian,0.0013634451550062863,0.06992644035867243,0.00237960872594581,0.013887157686968665,0.0245886684791225,0.12397806337770663,0.2677630186441669,0.4961135975724109
TCGA-FG-6689-01A,bayesian,0.027078890077893682,0.0066214701883120074,0.0020832225533123482,0.00952915414331858,0.01548448181226289,0.41126377994158125,0.16522580975290763,0.36271319153041154
TCGA-FG-6690-01A,bayesian,0.10011630704501567,0.018065735576133092,0.002382371973284531,0.013345790863445756,0.017787135198766433,0.38942122927518574,0.05400362238683202,0.4048778076813368
TCGA-FG-6691-01A,bayesian,0.10551430115419821,0.20635114596667792,0.0025731907234128734,0.011803404000682596,0.019540588915770173,0.2520323354427219,0.07217285946622877,0.3300121743303075
TCGA-FG-6692-01A,bayesian,0.10525231632933507,0.008611399807006906,0.0016913967491099943,0.009797877496210429,0.012504607677755557,0.5393300149869512,0.030666546409267297,0.29214584054436354
TCGA-FG-7634-01A,bayesian,0.05193484386228328,0.03531915563285357,0.0016237447078892438,0.008183796224165723,0.01094785383275257,0.6148319001019208,0.1603952082829482,0.11676349735518661
TCGA-FG-7636-01A,bayesian,0.12500307339284145,0.0021513675001796173,0.0035832161429417233,0.015353670212463649,0.0214393734850776,0.15382797413889232,0.2194281635087875,0.45921316161881603
TCGA-FG-7638-01B,bayesian,0.03321133920519017,0.0009527275840597706,0.0018760738889450318,0.009176802782096798,0.016009524551281303,0.48186199048523454,0.12810295579184694,0.3288085857113453
TCGA-FG-7641-01B,bayesian,0.0767994066161816,0.0013784010294169886,0.0023537373004880965,0.011481876661580008,0.015589607063007686,0.38610512251825346,0.24872380329190885,0.2575680455191633
TCGA-FG-7643-01A,bayesian,0.019391322441302296,0.0017338231501371067,0.0024612543836938327,0.012696292912131266,0.021668391633901714,0.2572163445847957,0.38182955575063127,0.3030030151434067
TCGA-FG-8181-01A,bayesian,0.1183240409927996,0.0019871634694232795,0.00379587635183353,0.04791778383000682,0.031001644254790947,0.31619895768050615,0.20308826497383675,0.27768626844680283
TCGA-FG-8182-01A,bayesian,0.12746675106813882,0.03550362889171753,0.002225447662599928,0.011607940448744223,0.02574446234634509,0.2349621046909299,0.31397683464467624,0.24851283024684837
TCGA-FG-8185-01A,bayesian,0.16669335056085413,0.0023770430416969763,0.002363780706660256,0.014673663538114303,0.019266357651019545,0.35696052670883704,0.12835230531937022,0.30931297247344763
TCGA-FG-8186-01A,bayesian,0.09480092305837096,0.01810102546952729,0.002908918014311549,0.018452003417916057,0.024107770509363288,0.17600596124247522,0.16005520452840236,0.5055681937596334
TCGA-FG-8187-01A,bayesian,0.0017795609566161558,0.0020814705891046437,0.0024199557333701755,0.01015360488505719,0.020839465618225222,0.11108107347144529,0.48342250354317695,0.3682223652030044
TCGA-FG-8188-01A,bayesian,0.024570440576759958,0.016670761556575826,0.0022388672496601596,0.01257970763551124,0.019589109416922795,0.31138940647493024,0.2955784124979228,0.3173832945917168
TCGA-FG-8191-01A,bayesian,0.03240591022833684,0.008991584242891083,0.0026888915171628426,0.013837720712625708,0.017957778867730388,0.25060636051544366,0.32375415387186335,0.3497576000439461
TCGA-FG-A4MT-01A,bayesian,0.27708269919857226,0.006228882584468194,0.003277685969595455,0.015594412435060916,0.01914790725751071,0.23245478059688598,0.08783842145003518,0.35837521050787136
TCGA-FG-A4MT-02A,bayesian,0.17130835830750218,0.0076921961907789075,0.0031897305714544966,0.018120659159775867,0.0261669835789361,0.1224576495998578,0.2677048433946913,0.3833595791970035
TCGA-FG-A4MW-01A,bayesian,0.10836809779592484,0.0033489103259924423,0.001993383390241651,0.013429046059424628,0.01648373763269191,0.2652221403340334,0.27020461438340715,0.32095007007828397
TCGA-FG-A4MX-01A,bayesian,0.11616984969186155,0.0071696052937627154,0.0018050998171848878,0.008135819307950272,0.013909911710149101,0.5402398171786839,0.11929660196312503,0.1932732950372827
TCGA-FG-A4MY-01A,bayesian,0.03291704823225777,0.0028979594757411265,0.001975117440254702,0.014919910623150205,0.021942186143532005,0.10310205106304716,0.4557937999081451,0.3664519271138719
TCGA-FG-A60J-01A,bayesian,0.10829206369809412,0.008931719541432404,0.0030511795261734965,0.016342277131972144,0.027141356918056556,0.16895011387171785,0.14304883558326095,0.5242424537292925
TCGA-FG-A60K-01A,bayesian,0.07278820226293986,0.0012923715064122512,0.0018336329174040164,0.011418512211227456,0.015060465537048909,0.4697748908994998,0.10109460461118489,0.3267373200542828
TCGA-FG-A60L-01A,bayesian,0.046114152128039966,0.05137183600410537,0.003345772839083388,0.013019298233303458,0.027276003558647198,0.10849949329227784,0.2825129206999658,0.4678605232445769
TCGA-FG-A6IZ-01A,bayesian,0.27013276311311407,0.002971399005436998,0.0031097668627108493,0.011061385153083027,0.02231904950859057,0.14942507540471633,0.15523002553160561,0.3857505354207425
TCGA-FG-A6J1-01A,bayesian,0.14009197427442396,0.002785503613521367,0.0020569423021845677,0.012431163404343639,0.01804758619434433,0.4229761327214314,0.08915069292351224,0.31246000456623846
TCGA-FG-A6J3-01A,bayesian,0.0439548436066028,0.15617372339874164,0.0022234648944287785,0.0131065087234237,0.023045851903340502,0.133163269352792,0.18686897411685716,0.44146336400381336
TCGA-FG-A70Y-01A,bayesian,0.038256756417542025,0.03907683693173592,0.0026583478841171303,0.011598944572428486,0.022352829918581348,0.24400356618608973,0.25164284003754633,0.39040987805195904
TCGA-FG-A70Z-01A,bayesian,0.06944503860433528,0.062427920360200034,0.0017283776134496684,0.010136205473504616,0.015577324377413779,0.48630741358202273,0.033759706495538236,0.3206180134935357
TCGA-FG-A710-01A,bayesian,0.10591094881002154,0.06585814853225781,0.0018364568084150898,0.012522870850844527,0.021653861569267845,0.4041452268364984,0.09830366376080893,0.28976882283188593
TCGA-FG-A711-01A,bayesian,0.05863741000808497,0.0032038300666241697,0.003047748507819384,0.014469216362000187,0.02841789641989624,0.2848429896150205,0.11676527633649363,0.4906156326840609
TCGA-FG-A713-01A,bayesian,0.08511317845710248,0.0013290259278530162,0.0029727485869083313,0.02025457475692154,0.01921189587403121,0.17748963560424677,0.4065303753281353,0.2870985654648014
TCGA-FG-A87N-01A,bayesian,0.22438590734819142,0.04089542689520678,0.002090113366975699,0.009566725710425963,0.013279233106734095,0.46471011030628917,0.15740786185551586,0.08766462141066098
TCGA-FG-A87Q-01A,bayesian,0.0024808623629357608,0.09288790938808307,0.002120595451298267,0.011834539698733425,0.022916994628653965,0.2500705110154072,0.305970250409267,0.3117183370456213
TCGA-FN-7833-01A,bayesian,0.036322598763405184,0.13402718627947038,0.0022958840484630784,0.013532295495079297,0.028002071140272554,0.27502475832511925,0.023212812685541075,0.4875823932626492
TCGA-HT-7467-01A,bayesian,0.02194040442384027,0.00115341150670378,0.001813994085246493,0.012333349321994633,0.01948547880486964,0.14748771970177385,0.6079693215754581,0.18781632058011316
TCGA-HT-7468-01A,bayesian,0.12279342762963791,0.0018753143320765294,0.001601912876489647,0.008778871077995272,0.020698154587518794,0.5017284778068061,0.08118953288595318,0.26133430880352243
TCGA-HT-7469-01A,bayesian,0.27295045528717465,0.01054406980021605,0.003061850942279669,0.014235648111596626,0.020211216696890296,0.29262927500810115,0.09317854487697058,0.2931889392767709
TCGA-HT-7470-01A,bayesian,0.04947892504287919,0.0026388813583406966,0.0020387777047786745,0.013298866988257618,0.022627016011617134,0.18742737650011282,0.36167633371592056,0.3608138226780933
TCGA-HT-7471-01A,bayesian,0.15090492171171857,0.0670500210433337,0.002329698806619132,0.008521318393401206,0.02504673306915192,0.33239394906305336,0.12216916050173,0.2915841974109921
TCGA-HT-7472-01A,bayesian,0.07104553876327412,0.0064143488856005775,0.0020530654240522614,0.013202338810385825,0.023150175319517168,0.3274267199225896,0.1270277248064869,0.42968008806809366
TCGA-HT-7473-01A,bayesian,0.029377433475095638,0.17199182788382855,0.0021031958778140046,0.013407391908453067,0.03052982980248475,0.19342331867992898,0.0692680230899358,0.48989897928245907
TCGA-HT-7474-01A,bayesian,0.03385112188149754,0.0021577627699402692,0.004043367222413924,0.020022516186177654,0.02491046009633158,0.08980523284548671,0.32510881237688977,0.5001007266212628
TCGA-HT-7475-01A,bayesian,0.12118883784427054,0.0014489374883837037,0.003335721536295218,0.019629592802560134,0.023222967071528548,0.20309287394460968,0.2713607267378845,0.3567203425744678
TCGA-HT-7476-01A,bayesian,0.06695705379513116,0.0024596620333247735,0.0015343281567387478,0.009051546940513269,0.013745402612362014,0.5373807446639713,0.1392137664456511,0.2296574953523077
TCGA-HT-7477-01B,bayesian,0.18919060200003235,0.002261475007003067,0.0017191922151796016,0.009813856824156713,0.015444088749675022,0.543494848936501,0.09334453710680402,0.14473139916064823
TCGA-HT-7478-01A,bayesian,0.040030575858095344,0.10353451489139696,0.001891044712666191,0.009771717744824696,0.022328471070410544,0.4270071252332703,0.09260813044261872,0.3028284200467172
TCGA-HT-7479-01A,bayesian,0.001788249984915209,0.020607246791631388,0.0028564287017024633,0.013850004330912272,0.023454754116186905,0.1376995380811042,0.3601361548362755,0.4396076231572722
TCGA-HT-7480-01A,bayesian,0.09425816426094906,0.0011564159603831411,0.0018141998233991176,0.009031399321101075,0.01292600353711584,0.530101852578201,0.1410330035318097,0.20967896098704097
TCGA-HT-7481-01A,bayesian,0.03477486905160905,0.0016309470349479367,0.0024087832527701605,0.012156380891702862,0.024244694483850415,0.13763824201496483,0.48810828477651574,0.2990377984936391
TCGA-HT-7482-01A,bayesian,0.0044105608972541555,0.024838679396616912,0.0015314355652416636,0.012099081381167484,0.018795458811073446,0.30854124955063983,0.24285319390171156,0.38693034049629493
TCGA-HT-7483-01A,bayesian,0.10285971267078965,0.006391427937703992,0.002413876437058004,0.010947620112093243,0.016511337895253126,0.47393260376961593,0.0764152295570567,0.3105281916204293
TCGA-HT-7485-01A,bayesian,0.0123374551182168,0.005567329930133702,0.003213940681513187,0.017426495839335483,0.025523172555750685,0.12050796051164221,0.1990293752926072,0.6163942700708007
TCGA-HT-7601-01A,bayesian,0.014235347193179775,0.17543294152412256,0.0019108752939593137,0.011658666443547145,0.02064542831823999,0.22337659882682248,0.2630616450591933,0.2896784973409354
TCGA-HT-7602-01A,bayesian,0.0011003921079597394,0.0011332183809897385,0.0015790448377254163,0.008131262666578301,0.015720678436660664,0.3504663662598701,0.28295544396444866,0.3389135933457675
TCGA-HT-7603-01A,bayesian,0.08270837748498538,0.002259152463857338,0.0031163383649734982,0.014779544592027048,0.02609841982659479,0.24233042075914665,0.2944096761291985,0.33429807037921666
TCGA-HT-7604-01A,bayesian,0.1494749766845598,0.004973991940284884,0.00218246636726875,0.012231460006736057,0.018517956975484823,0.33099504383896167,0.11443631519719401,0.36718778898950993
TCGA-HT-7605-01A,bayesian,0.03708098855253253,0.001615394737646727,0.002686922452694653,0.013942649549039633,0.018990164887602762,0.27042114885595203,0.2745295420562379,0.38073318890829366
TCGA-HT-7606-01A,bayesian,0.17647846069850093,0.002914537742980124,0.0027697546057503983,0.00875033754760745,0.018906040392000178,0.4345924379844901,0.11938766146629726,0.23620076956237354
TCGA-HT-7607-01A,bayesian,0.06629679580723304,0.0024860606295172864,0.00302579613572587,0.016804861488547315,0.03342420182603968,0.12563174317245426,0.2960690439808223,0.4562614969596602
TCGA-HT-7609-01A,bayesian,0.09391685887466049,0.029911970048159448,0.0024974940956561864,0.010717308207787072,0.022414745404711806,0.3758679950813705,0.08235000620082698,0.3823236220868274
TCGA-HT-7610-01A,bayesian,0.15678768879002133,0.0022768774406408863,0.0035505061723295496,0.01411605336653089,0.02579593239016396,0.19537799410627224,0.28476415106975816,0.317330796664283
TCGA-HT-7611-01A,bayesian,0.061142053408922946,0.04721804331627851,0.0030324686118112015,0.01279772652070306,0.022384914520878974,0.13694980708738783,0.12852267738134585,0.5879523091526716
TCGA-HT-7616-01A,bayesian,0.029573149807707224,0.019498775338965692,0.0007191929858980759,0.005281949524149076,0.5364039462762035,0.26242615786363727,0.035970621860411243,0.11012620634302793
TCGA-HT-7620-01A,bayesian,0.002028425013902877,0.002193864463958454,0.0027149211624186427,0.01188465052247635,0.024842261012626814,0.023178684424832875,0.5983395620074727,0.3348176313923112
TCGA-HT-7676-01A,bayesian,0.12634965523552472,0.11934014956156883,0.0034057647387843912,0.012364584354433493,0.020827855439297962,0.13602079670446765,0.15268662977376954,0.42900456419215344
TCGA-HT-7677-01A,bayesian,0.10697773829317977,0.0009649350555901088,0.0025667466216871705,0.008339554162436025,0.02140427986393488,0.40164404309176005,0.18707986595973408,0.2710228369516778
TCGA-HT-7680-01A,bayesian,0.005665745667793293,0.008391333485162758,0.0019615655538414273,0.013278325195727587,0.04095192805770563,0.30825987210818584,0.0015818216030918603,0.6199094083284915
TCGA-HT-7681-01A,bayesian,0.07225275329939403,0.0024702429793771108,0.0028171008134185655,0.009217649584173532,0.02142994361574598,0.3625883998890019,0.19135280664693255,0.33787110317195634
TCGA-HT-7684-01A,bayesian,0.01603474326252898,0.00413845465029642,0.0022975433723491146,0.010061597646578444,0.018340810828333578,0.4450006979724508,0.08057679848899348,0.4235493537784693
TCGA-HT-7686-01A,bayesian,0.02454483460269807,0.11624505541204118,0.0018754183128057592,0.011877125053702827,0.019847602769907335,0.3927218331974586,0.07790845934427755,0.35497967130710867
TCGA-HT-7687-01A,bayesian,0.21031494150322802,0.002094568615625441,0.0020941096089518102,0.010253843675828404,0.0197113606078863,0.3373755781057606,0.20639346181391952,0.21176213606879987
TCGA-HT-7688-01A,bayesian,0.15260907723437594,0.0017434834366052252,0.004025272348090287,0.01911898523030367,0.020109114948904418,0.14404311249982174,0.35682145723282344,0.30152949706907534
TCGA-HT-7689-01A,bayesian,0.04155748148718332,0.004161097121536665,0.0024566260832799085,0.010538226858312754,0.022852433952508366,0.11737835215358568,0.3517002143955093,0.449355567948084
TCGA-HT-7690-01A,bayesian,0.10545292689796566,0.10231088212944832,0.0018999493187580113,0.011940962211973041,0.01736831551504178,0.3139531280282784,0.1405471298396318,0.306526706058903
TCGA-HT-7691-01A,bayesian,0.0037874119935118705,0.009847872348737732,0.0014088903825568654,0.00691055872497673,0.011674378885899925,0.6579367088021936,0.012884020469820847,0.2955501583923025
TCGA-HT-7692-01A,bayesian,0.16019828837263742,0.0030097067583790844,0.0023260884123314425,0.010339442497670883,0.02168543315983129,0.27764763393397085,0.1329724521612888,0.3918209547038904
TCGA-HT-7693-01A,bayesian,0.06135971209620538,0.08460847792274762,0.001400995556443842,0.008736748129281999,0.013983300632320152,0.6107834608019949,0.0647371502240669,0.15439015463693917
TCGA-HT-7694-01A,bayesian,0.06028813986741875,0.0012926355952030135,0.002628399244629807,0.014978197032005307,0.02494451840555429,0.17070318367827259,0.38485978073816246,0.34030514543875373
TCGA-HT-7695-01A,bayesian,0.09235491067854718,0.0018759508045103998,0.0017461408254238239,0.01588182103499177,0.020251021300586872,0.297409674167973,0.25829040904602013,0.3121900721419468
TCGA-HT-7854-01A,bayesian,0.002142214861613747,0.026758797302264534,0.002929317697733145,0.020075228139752568,0.027309004219423783,0.13254442191932703,0.12072605993400504,0.6675149559258803
TCGA-HT-7855-01A,bayesian,0.09733630067476651,0.0028864210211759765,0.0016743258377844952,0.008175091373130711,0.01668386266161624,0.5718836150452343,0.06447296561651486,0.23688741776977684
TCGA-HT-7856-01A,bayesian,0.06903466162339858,0.0011886876667493965,0.0023953880829305245,0.019602772974068525,0.026005875303090228,0.16465242919327652,0.41811615937219193,0.29900402578429414
TCGA-HT-7857-01A,bayesian,0.052476389561125096,0.29484357157728214,0.0013991285754679412,0.007088818156926444,0.015183316584090003,0.4651480451496674,0.053622802030352676,0.11023792836508824
TCGA-HT-7858-01A,bayesian,0.06427595520514119,0.01889892686982721,0.0024429584494647678,0.013075348266236514,0.014138838127599444,0.229997514896258,0.31859050195857047,0.3385799562269024
TCGA-HT-7860-01A,bayesian,0.002049183183654863,0.0210052407754915,0.002313937531763096,0.016017714138749806,0.02698688098925524,0.3662444455952224,0.004753528913805095,0.5606290688720581
TCGA-HT-7873-01B,bayesian,0.05795442055552712,0.006156971678164288,0.0024006852235593525,0.01425898601166271,0.021260620987145224,0.37831015451982675,0.1777633146558316,0.34189484636828293
TCGA-HT-7874-01A,bayesian,0.0677117725607884,0.0018581109924514646,0.0027614511440872858,0.015976553308984225,0.022602994488070835,0.189445789493535,0.3149897005250014,0.3846536274870813
TCGA-HT-7875-01A,bayesian,0.061199515563193335,0.0008528697822576239,0.0013674386203130612,0.007633163677401446,0.012987184738370924,0.6086215802677784,0.06765422559832127,0.23968402175236403
TCGA-HT-7877-01A,bayesian,0.06018750845988977,0.0016916374397650078,0.001669557411086085,0.010293196405494857,0.01570296532635019,0.427911163492059,0.23141440023529225,0.25112957123006285
TCGA-HT-7879-01A,bayesian,0.09065128795077425,0.006408103626332318,0.001857554409753307,0.012648436954011048,0.017703791598678815,0.3036038551839419,0.1707642012395617,0.39636276903694667
TCGA-HT-7880-01A,bayesian,0.029880624021844118,0.0015959902706993905,0.0036770296595574014,0.02079099765859038,0.02116220512191803,0.10600946769314697,0.39664531784895934,0.4202383677252844
TCGA-HT-7881-01A,bayesian,0.030429623885652977,0.0016554421215968476,0.002319984649428505,0.011081534030051857,0.019746175137700602,0.0580432679638093,0.5751962760032748,0.3015276962084851
TCGA-HT-7882-01A,bayesian,0.014466674974094993,0.16192417206694001,0.0008452573097987316,0.004118633860564524,0.010417416045619616,0.7565216388540749,0.013860803725132062,0.03784540316377516
TCGA-HT-7884-01B,bayesian,0.07072620696621962,0.002046973659933226,0.002323055770486571,0.012945431034069855,0.017779255031637728,0.16092927093953835,0.3620798045764841,0.3711700020216306
TCGA-HT-7902-01A,bayesian,0.0009531604025778437,0.0017606932476318992,0.0018125938786431254,0.013113743874020983,0.020759819574213655,0.022335386837147496,0.7339070815154113,0.2053575206703539
TCGA-HT-8010-01A,bayesian,0.005880955868021897,0.0014803242828227538,0.0022235536164083454,0.01331674194251738,0.020740548126567452,0.38716924203458636,0.08422832749118232,0.4849603066378934
TCGA-HT-8011-01A,bayesian,0.12669326334999736,0.0023684572558637434,0.0014154393773127617,0.007430219123488139,0.015035077502258633,0.569123076657976,0.03965351759024307,0.2382809491428603
TCGA-HT-8012-01A,bayesian,0.15794277729026743,0.0011667292833646991,0.0020663588049905563,0.008595504417133715,0.016159824237612357,0.5116964436717695,0.0958553879341422,0.20651697436071964
TCGA-HT-8013-01A,bayesian,0.09039241339640232,0.30875433680660774,0.002488937268055307,0.012444897951998919,0.022034298447653755,0.10279190579084907,0.11837108307995713,0.34272212725847595
TCGA-HT-8015-01B,bayesian,0.07324350017203331,0.007854498151931458,0.0023715458649665754,0.01574265049929548,0.0216536705704871,0.20025565550628097,0.2980477419749561,0.38083073726004907
TCGA-HT-8018-01A,bayesian,0.052320627883772744,0.04980213030284214,0.002754907503725936,0.014558900768787913,0.016576287320159866,0.47134225893618303,0.09715185906062963,0.2954930282238987
TCGA-HT-8104-01A,bayesian,0.08435234582530685,0.008339371944702863,0.002394564050079393,0.00962712421738388,0.019822990201055254,0.3638402603869009,0.1445507542452392,0.36707258912933166
TCGA-HT-8105-01A,bayesian,0.10749878064571165,0.0015303676660873258,0.0014829337407820447,0.011345049123054467,0.01351383229846429,0.5473523920472301,0.12132713263156839,0.19594951184710183
TCGA-HT-8106-01A,bayesian,0.0056182007989744875,0.3468989758066041,0.0017152588878606892,0.005953614647749625,0.2538563540393793,0.15925086021016574,0.1193590827863897,0.1073476528228764
TCGA-HT-8107-01A,bayesian,0.07020385593561783,0.0015615623738015943,0.002855462937618349,0.03471175044179733,0.025827161331227273,0.16179289709688546,0.4503039738063385,0.2527433360767136
TCGA-HT-8108-01A,bayesian,0.16263217502702654,0.05188360174992624,0.002398570239801706,0.010537104532601618,0.013963967665647366,0.3674736188358075,0.08284068256848634,0.30827027938070284
TCGA-HT-8109-01A,bayesian,0.0635273308238131,0.0021736255678050567,0.002351308402495192,0.011001982311870669,0.025198425528666323,0.2660533619028212,0.2806228970211151,0.3490710684414134
TCGA-HT-8110-01A,bayesian,0.020151440846178783,0.2695036031141196,0.0027886779251597655,0.011918018307940755,0.02341882705001958,0.10079355128764503,0.04821966085095401,0.5232062206179825
TCGA-HT-8111-01A,bayesian,0.005161184459568425,0.0020193744276677077,0.0018775662960015792,0.011922820550609227,0.01977696902358449,0.2657874124031089,0.24930499349324559,0.44414967934621413
TCGA-HT-8113-01A,bayesian,0.09626735119584712,0.0014547400908397953,0.003829350870806407,0.03434149706730072,0.026568182854463766,0.1623123936667856,0.3521845343134121,0.3230419499405443
TCGA-HT-8114-01A,bayesian,0.07755076011855837,0.04591516146376517,0.0030238389315852435,0.01387264322659599,0.01896847447132635,0.35273212952603805,0.05393776776811114,0.4339992244940196
TCGA-HT-8563-01A,bayesian,0.0031187612089623794,0.28003045055068737,0.0012808203416178844,0.005326233834797718,0.015542158581623052,0.546375893284363,0.006290179526006728,0.14203550267194212
TCGA-HT-8564-01A,bayesian,0.09899982920913704,0.012461304168478867,0.0031489363307093017,0.012156776313590346,0.02468455798184446,0.36660295618652033,0.20573002576711322,0.2762156140426064
TCGA-HT-A4DS-01A,bayesian,0.08661474885496916,0.16302690475642573,0.0021567653917654826,0.01167330631658082,0.024090209457938157,0.2303340674353619,0.04887529341675618,0.4332287043702025
TCGA-HT-A5R5-01A,bayesian,0.016509781251635484,0.02174416881958401,0.0029187746625614686,0.018152122839508993,0.02041912393334473,0.30670289964227326,0.03476785934509649,0.5787852695059956
TCGA-HT-A5R7-01A,bayesian,0.0765596350616384,0.002563701086216485,0.004055615500564819,0.019731120173296254,0.029978709377827262,0.12887783033797584,0.2894709206200663,0.4487624678424146
TCGA-HT-A5R9-01A,bayesian,0.24307771529056935,0.001171324664889477,0.00243790926098895,0.00971324581916255,0.019645579139718605,0.438024332921455,0.1229118367822393,0.16301805612097678
TCGA-HT-A5RA-01A,bayesian,0.03607988221029986,0.024431181088617183,0.0014787584702802717,0.008898598201688488,0.013303737291342788,0.628115640756043,0.009757876880521918,0.2779343251012064
TCGA-HT-A5RB-01A,bayesian,0.16767599415748455,0.0025383817119060247,0.0025421820424756454,0.014171458228361699,0.019375639343916597,0.24100114284890675,0.19012625410060238,0.36256894756634633
TCGA-HT-A5RC-01A,bayesian,0.05308000981529155,0.033729488477920094,0.002600168544315321,0.00964145709544184,0.02105414455615487,0.3285965990400017,0.07657209529080031,0.4747260371800742
TCGA-HT-A614-01A,bayesian,0.04777352258964442,0.003310375182434174,0.0021889128158759682,0.013129156013088695,0.01700907223260585,0.12664362890610525,0.4103535562363434,0.37959177602390215
TCGA-HT-A615-01A,bayesian,0.06001939542035485,0.01476924950373264,0.0016396832359336186,0.010011497556730881,0.02160501892770625,0.46101160372011435,0.13559713034580417,0.29534642128962335
TCGA-HT-A616-01A,bayesian,0.10612536307312485,0.0023478578288887698,0.0036117377431801943,0.021953680444499003,0.02102610747635438,0.2790087308142615,0.18020554894235918,0.38572097367733216
TCGA-HT-A617-01A,bayesian,0.008594484063225022,0.09500447138295715,0.002499824640438139,0.011966020012518154,0.027883634405037782,0.322173298721708,0.10898076096459486,0.4228975058095209
TCGA-HT-A618-01A,bayesian,0.01727634276865378,0.13485617912693806,0.0028477122474653434,0.015370238577242087,0.02554999905083107,0.22263744255389714,0.08571803681593787,0.49574404885903467
TCGA-HT-A61C-01A,bayesian,0.1382340336608241,0.10445308422565798,0.0012828162754926027,0.008652285659785916,0.017593771956440404,0.47993456283725383,0.12885708655303893,0.12099235883150623
TCGA-HT-A74H-01A,bayesian,0.0030400789438058836,0.009178286004222474,0.0026293914135922204,0.015261279189984473,0.02257221930879135,0.09709116730714258,0.285793796951525,0.564433780880936
TCGA-HT-A74J-01A,bayesian,0.12676483158999818,0.004696351374206374,0.0033501849871626255,0.018153997713271437,0.02750729436200819,0.12049467269318422,0.14492837417249246,0.5541042931076765
TCGA-HT-A74K-01A,bayesian,0.0961668715647645,0.007096788847316336,0.0016390672985570507,0.008907357227390746,0.016766301327265476,0.4208099648879787,0.21799962107609464,0.23061402777063245
TCGA-HT-A74L-01A,bayesian,0.13970864587336118,0.00289085569808432,0.002634542314775839,0.009173716140940369,0.020801049050668298,0.3460896623956259,0.1276865502502114,0.3510149782763327
TCGA-HT-A74O-01A,bayesian,0.09118964110070849,0.12038919402363296,0.002307496447923284,0.012369739247495267,0.02468674650886755,0.2051770858047377,0.19649425703670204,0.3473858398299328
TCGA-HW-7486-01A,bayesian,0.008896940136682206,0.0014084601404158415,0.0017544443879216028,0.010170917907466808,0.020742897369863855,0.1042058884144626,0.6452567179883715,0.20756373365481562
TCGA-HW-7487-01A,bayesian,0.09920088627413383,0.0016583605286913908,0.0030487758374006125,0.014719422221622563,0.02770603337562351,0.18288185481678193,0.33811437205885464,0.3326702948868915
TCGA-HW-7489-01A,bayesian,0.1012628921642931,0.0017202098701513443,0.0030191753503706104,0.017114112369381238,0.026590135091732806,0.19779825188753541,0.2207163120306972,0.43177891123583817
TCGA-HW-7490-01A,bayesian,0.02457260324047511,0.004237836968196041,0.0015452107848016523,0.009602592108861302,0.0200060078034207,0.5369839187267498,0.048854646506433154,0.35419718386106236
TCGA-HW-7491-01A,bayesian,0.20123550355529146,0.0014719471121318018,0.002280163954391994,0.00973444389908228,0.021373130186109226,0.3803798011688938,0.19431440791734975,0.18921060220674984
TCGA-HW-7493-01A,bayesian,0.05716028081295265,0.013937798789844103,0.0020813077304114224,0.013476229002279912,0.03528385255165857,0.25754841202668194,0.07954803466505136,0.54096408442112
TCGA-HW-7495-01A,bayesian,0.03880843348101751,0.0013334638634987352,0.0019969452773311337,0.009270538576773483,0.02003313493346337,0.29440756856154987,0.3794576313764581,0.25469228392990795
TCGA-HW-8319-01A,bayesian,0.1298168014862715,0.007688681524804287,0.002833381409626789,0.019622062973269343,0.02839892843126309,0.11535055951561334,0.20513721935053456,0.4911523653086171
TCGA-HW-8320-01A,bayesian,0.10868645387531331,0.018423099898736434,0.002127650289007476,0.01173081641322626,0.021524991665483793,0.44518057899055097,0.06748618592207402,0.3248402229456077
TCGA-HW-8321-01A,bayesian,0.09916117600602634,0.011698955397669932,0.001756762839646286,0.007173967252518908,0.01840656843850867,0.47380604509492397,0.18718596810110597,0.20081055686959992
TCGA-HW-8322-01A,bayesian,0.20463435855466874,0.0017858808349537677,0.0026686539172384037,0.009510168385413485,0.020365118499086128,0.30843877525266156,0.22720730681178647,0.2253897377441914
TCGA-HW-A5KJ-01A,bayesian,0.17920989116478578,0.0012516885607709754,0.0016299323530374716,0.008017893800655068,0.01622921839980537,0.5363231931269686,0.08984047796024051,0.16749770463373628
TCGA-HW-A5KK-01A,bayesian,0.003514740188767586,0.09372704818053505,0.0026746263759525792,0.014169520198154444,0.024488227920496777,0.023839579803632414,0.40378859965108477,0.4337976576813764
TCGA-HW-A5KL-01A,bayesian,0.11244121960023214,0.005445064380316678,0.0021610903789642303,0.011115946171458392,0.019345629062688687,0.23987015509535767,0.17651491335430172,0.43310598195668043
TCGA-HW-A5KM-01A,bayesian,0.07928300867930614,0.33323770267373254,0.0024333395429808826,0.011486748713353014,0.02408298351791605,0.06212868688179178,0.0655350374613965,0.4218124925295232
TCGA-IK-7675-01A,bayesian,0.136415423513001,0.00285469737003379,0.0023379179417068246,0.012367668067082177,0.024146995352814282,0.37646200600433166,0.15387738951637442,0.291537902234656
TCGA-IK-8125-01A,bayesian,0.12074389348194424,0.002599310907750131,0.0024713112368950135,0.014954833420084707,0.024343533724668378,0.29313248130426334,0.1086131685339214,0.43314146739047277
TCGA-KT-A74X-01A,bayesian,0.15292002964612214,0.0020686233135003445,0.002172748370328121,0.009343104078923388,0.02448925163688984,0.3947839770359566,0.1879257191534589,0.22629654676482067
TCGA-KT-A7W1-01A,bayesian,0.1316650250927879,0.004009286678932466,0.0019883308362547364,0.0112220629173245,0.014199160284682504,0.5996477502810138,0.013612882996402568,0.22365550091260153
TCGA-P5-A5ET-01A,bayesian,0.05605406123761193,0.001342575277715281,0.002063839152493254,0.010212747593775058,0.0175351369543617,0.38345104621477755,0.26392484187112975,0.2654157516981355
TCGA-P5-A5EU-01A,bayesian,0.11003262400836814,0.13566825727072693,0.001652418597631169,0.00902604737098517,0.016890843915047225,0.4652782976320674,0.025341294785568444,0.23611021641960564
TCGA-P5-A5EV-01A,bayesian,0.09755552438407637,0.0028553067552849116,0.0023259030651629,0.01388143357975136,0.022697800664181915,0.4147280519894216,0.07773435313353041,0.3682216264285905
TCGA-P5-A5EW-01A,bayesian,0.05999895627306309,0.02019078026630197,0.0024787738788544407,0.014244755126661367,0.021079252010864254,0.3461377103685279,0.08055698313255033,0.4553127889431766
TCGA-P5-A5EX-01A,bayesian,0.006190946628206753,0.025894156130288674,0.000953755102665705,0.005868588264885173,0.5403757245836631,0.170511655021552,0.0022733930195453288,0.24793178124919335
TCGA-P5-A5EY-01A,bayesian,0.022677056102832924,0.003928110840065761,0.003433965941087703,0.020348707427964272,0.029598543593446717,0.15692173707677273,0.09256440597288144,0.6705274730449483
TCGA-P5-A5EZ-01A,bayesian,0.06805822596669477,0.004848471317011917,0.0025619221811170275,0.012387475384027846,0.015906386745631156,0.2681643883894829,0.41612443829061235,0.211948691725422
TCGA-P5-A5F0-01A,bayesian,0.23501909252791775,0.0018657374826558375,0.0026994477803192105,0.01539263144890652,0.023232492456262903,0.15256869839638199,0.22086795787316119,0.3483539420343946
TCGA-P5-A5F1-01A,bayesian,0.0017329204411158327,0.003024817349105339,0.002487657481381705,0.01166708626174193,0.019430329587646813,0.32340453847323514,0.044869677712481335,0.5933829726932919
TCGA-P5-A5F2-01A,bayesian,0.03304738492197711,0.001449272590306555,0.002640388081144909,0.014076497653230493,0.0291633694741868,0.28082855125655337,0.17510636607142854,0.4636881699511721
TCGA-P5-A5F4-01A,bayesian,0.1136066304193233,0.0014278790792453925,0.0023856439651122664,0.015370656275989887,0.026069152730142802,0.24629651732153626,0.2603958674538107,0.33444765275483945
TCGA-P5-A5F6-01A,bayesian,0.0006326877052736063,0.158331244259133,0.003818159141168729,0.06182699232396283,0.012316894659812623,0.6122500812422019,0.04823005695850587,0.10259388370994141
TCGA-P5-A72U-01A,bayesian,0.009307779722218617,0.02057561283569916,0.0016655317140659744,0.009558499890159096,0.018152059170002132,0.5348464568858213,0.007207448344333678,0.3986866114377
TCGA-P5-A72W-01A,bayesian,0.11488960719935747,0.005328839843568538,0.003162055485594079,0.011683242618970807,0.0235817068757555,0.14813836411752082,0.14464419493153505,0.5485719889276978
TCGA-P5-A72X-01A,bayesian,0.031560654047091866,0.001852978270475054,0.0019748963175505656,0.010320876198119954,0.015223583432140126,0.5265828322832352,0.05035041228913284,0.3621337671622544
TCGA-P5-A72Z-01A,bayesian,0.2923102322888367,0.0012455300506740608,0.002143424425495229,0.008980548703678884,0.019073553315296497,0.3514162276988641,0.2207235230636982,0.10410696045345634
TCGA-P5-A730-01A,bayesian,0.04543980984395676,0.001533659527734802,0.0014641485871076305,0.011498122665106573,0.015809914915124387,0.3332047570737431,0.3454582610161038,0.24559132637112296
TCGA-P5-A731-01A,bayesian,0.040621119756443225,0.00471010760541345,0.002311870080068552,0.010508553926545712,0.01886787176888852,0.5160296217430652,0.05461838798649723,0.3523324671330782
TCGA-P5-A733-01A,bayesian,0.03783726936086318,0.0017506087794060777,0.0027398001822249406,0.011324604342278303,0.01878750466319682,0.40174745721664934,0.04452868358571548,0.4812840718696657
TCGA-P5-A735-01A,bayesian,0.16980322945378573,0.005458894059610449,0.0029971726255597717,0.015381545480417414,0.027426534470677225,0.05181738672121859,0.26376344186928596,0.4633517953194448
TCGA-P5-A736-01A,bayesian,0.004188084751203857,0.036815872558621295,0.003383923202904246,0.014478665773611189,0.024335278734678695,0.16304712629281415,0.026215638597804763,0.7275354100883619
TCGA-P5-A737-01A,bayesian,0.2149483416264946,0.0025792541009854414,0.002602962650998029,0.013683490225193402,0.024136051723117186,0.25704587550242797,0.12031928515244775,0.3646847390183356
TCGA-P5-A77W-01A,bayesian,0.2338126773998542,0.0008392986743657317,0.0022108116810784,0.009167900402842277,0.01948973290895835,0.4164483251206076,0.17366249311477774,0.1443687606975158
TCGA-P5-A77X-01A,bayesian,0.07901229579346253,0.001293160623338052,0.0019382219186699005,0.010428347981354773,0.016456702900990966,0.41872383464794843,0.1377086374147231,0.3344387987195122
TCGA-P5-A780-01A,bayesian,0.08584515484827968,0.011736709202337188,0.0027192246370229263,0.012401437579106101,0.017807432242071833,0.3297673437681043,0.33312207229374147,0.20660062542933652
TCGA-P5-A781-01A,bayesian,0.029320818451426846,0.002120477697765593,0.0022377075005804922,0.013898282175903772,0.024054176076456952,0.25987704745267476,0.2613917277152047,0.4070997629299868
TCGA-QH-A65R-01A,bayesian,0.16063372896633302,0.0010784256331572842,0.0015155024645892962,0.010700325851893823,0.01563090445782322,0.5021533286734874,0.1134675137462019,0.19482027020651416
TCGA-QH-A65S-01A,bayesian,0.021289026196607656,0.00428398773638644,0.002015807153123078,0.012357074666829958,0.01755098354625498,0.22195951569154745,0.32329433009892433,0.3972492749103261
TCGA-QH-A65V-01A,bayesian,0.004553818200267367,0.002718739104962486,0.002200093225819661,0.012720814812564072,0.018661086934102074,0.15823829923071359,0.3759258635370902,0.4249812849544806
TCGA-QH-A65X-01A,bayesian,0.1441228912441295,0.0018126738808266533,0.0015958674579465194,0.006551273376481357,0.012376924505725513,0.6394335952679103,0.07027396703481566,0.12383280723216451
TCGA-QH-A65Z-01A,bayesian,0.08927030421304764,0.0013068740164979722,0.0020149169919037985,0.01201489648297263,0.02261077824483182,0.3642930416286974,0.18399433766897647,0.3244948507530723
TCGA-QH-A6CS-01A,bayesian,0.000969963075548377,0.0043175903573298416,0.0025784919047477464,0.015835092226232503,0.030710319520316998,0.027860636910548003,0.3845331583945072,0.5331947476107693
TCGA-QH-A6CU-01A,bayesian,0.0009563800945463213,0.002408373951729533,0.0031492680246229207,0.013097544820053769,0.020466083229774692,0.19424144761367138,0.2715787237123711,0.4941021785532302
TCGA-QH-A6CV-01A,bayesian,0.12458278612421923,0.09601081988460425,0.002380298224123135,0.007514662097662169,0.014746140852857607,0.436250320744348,0.10787406517694328,0.21064090689524248
TCGA-QH-A6CW-01A,bayesian,0.14671984514316724,0.03543384129811422,0.002834263759505294,0.019569658355174928,0.020375495459072558,0.18931222732895323,0.06865031282931215,0.5171043558267002
TCGA-QH-A6CX-01A,bayesian,0.006246412327658716,0.004297931650240009,0.0023133884131352456,0.012405931149282408,0.026453141909430523,0.038236411989711915,0.3977560112826815,0.5122907712778597
TCGA-QH-A6CY-01A,bayesian,0.07241491268223181,0.0016429117534754603,0.002204324589972102,0.014346618198245073,0.019504575452949428,0.11494298282502313,0.41765285915003675,0.3572908153480663
TCGA-QH-A6CZ-01A,bayesian,0.2280546627669808,0.002828073924915856,0.0031890302050237413,0.014167983456515796,0.03175207388201906,0.14943724219708732,0.23919348303029817,0.3313774505371591
TCGA-QH-A6X3-01A,bayesian,0.08685299723806016,0.008708136496810983,0.002057152696547487,0.00949738552311937,0.025403817152066997,0.42072595076856073,0.12273039261382818,0.32402416751100627
TCGA-QH-A6X4-01A,bayesian,0.15785409295928238,0.0022343742341520085,0.001890601440931915,0.01350940091108063,0.021699918523977298,0.1607266019054985,0.42786361004965745,0.2142213999754198
TCGA-QH-A6X5-01A,bayesian,0.007895200580181479,0.0012735871171702955,0.001811329989408762,0.008162606019607643,0.023863203698991014,0.28009981402970013,0.37393697021837885,0.30295728834656194
TCGA-QH-A6X8-01A,bayesian,0.1370360199048309,0.0023915488881138995,0.0027113099316300716,0.013862051082262388,0.023056503866707607,0.1949568207871004,0.3907652266965696,0.23522051884278514
TCGA-QH-A6X9-01A,bayesian,0.18318767019459678,0.0039885402067165775,0.0028479392392618563,0.010432497388142607,0.03082072048656941,0.23502273956471037,0.18484002024395257,0.3488598726760498
TCGA-QH-A6XA-01A,bayesian,0.06780298201029138,0.009677201676538313,0.0034421244394215933,0.013374989456047297,0.02340411591108486,0.11300893479709553,0.2679218562339898,0.5013677954755313
TCGA-QH-A6XC-01A,bayesian,0.10266511027297705,0.0047914339355463464,0.0037747023829031168,0.019156898497065426,0.02726757812436778,0.1850406791302707,0.21493150654667526,0.4423720911101942
TCGA-QH-A86X-01A,bayesian,0.1014741350966572,0.0012060804132311594,0.0019075639659943513,0.010422810371582604,0.016864993103008197,0.4638768766679155,0.08892623596984259,0.3153213044117683
TCGA-QH-A870-01A,bayesian,0.018530541992724584,0.0017409307258158648,0.0022844398327659045,0.012468141585101284,0.018053509647141183,0.3448162479625504,0.0743735522013068,0.527732636052594
TCGA-R8-A6MK-01A,bayesian,0.008523959148846292,0.001207171855552617,0.0011839426967819695,0.006735984420649902,0.014240698162220728,0.5963565346061181,0.04894780855428145,0.3228039005555487
TCGA-R8-A6ML-01A,bayesian,0.10416664393791294,0.0010806069703263761,0.0017893039176559418,0.011348336102670508,0.020021270558515235,0.3801625734644184,0.1336576291622115,0.347773635886289
TCGA-R8-A6MO-01A,bayesian,0.08271873419483035,0.0018900902959575205,0.0018084205742530002,0.011998509464553126,0.01521231095903187,0.3528335637490702,0.3623533783565253,0.1711849924057785
TCGA-R8-A6YH-01A,bayesian,0.28058906780307186,0.011463456149209366,0.002196998704474311,0.014330674636634151,0.020960200241804058,0.2638247051275191,0.07696692806992879,0.3296679692673585
TCGA-RY-A83X-01A,bayesian,0.05661210885029915,0.001026975290180492,0.0013784387427098822,0.009473704284067802,0.01506576938264394,0.4589629873599383,0.2287683618839102,0.22871165420625028
TCGA-RY-A83Y-01A,bayesian,0.13479619205415522,0.0022323075453781526,0.0018166437434418393,0.010897913889313953,0.018652394051764432,0.44577404216214184,0.12575122598811858,0.2600792805656861
TCGA-RY-A83Z-01A,bayesian,0.17491002919257456,0.01975492952102764,0.0029641061031668078,0.012343166149058487,0.022525326989876436,0.15538324125281955,0.13969264455769514,0.4724265562337814
TCGA-RY-A840-01A,bayesian,0.19045099467968185,0.0022612989822391526,0.0032880746681560984,0.014722322788510978,0.018927698505409027,0.3035020283811659,0.12409385928820255,0.34275372270663446
TCGA-RY-A843-01A,bayesian,0.06572625082950923,0.002327492196563939,0.0022176275212320955,0.011100094168673687,0.020156982531849877,0.36491200427695697,0.09098132454371256,0.4425782239315017
TCGA-RY-A845-01A,bayesian,0.18895951513524017,0.004787371086711597,0.0036013673384620347,0.016688907722219752,0.02632479876316874,0.14523277177460475,0.13821592131684274,0.4761893468627504
TCGA-RY-A847-01A,bayesian,0.09031936772612705,0.005445926888100119,0.002442279299664248,0.013138827524381232,0.022480575357742442,0.4074268579672419,0.14209820312718494,0.31664796210955787
TCGA-S9-A6TS-01A,bayesian,0.09001240760623747,0.03728511120068849,0.0022261328980715984,0.014075883799052738,0.020658932778459236,0.3001718885375695,0.09385827321044907,0.4417113699694718
TCGA-S9-A6TU-01A,bayesian,0.08412785394548535,0.0593902011376855,0.0028932130987808645,0.01211702873442376,0.017552560610379474,0.3224115293065252,0.26274303377388486,0.2387645793928351
TCGA-S9-A6TV-01A,bayesian,0.04102482111294494,0.19723619994873165,0.002655677177057823,0.01142251197191515,0.022002564049563703,0.39450980028250815,0.022035372443411434,0.30911305301386727
TCGA-S9-A6TW-01A,bayesian,0.08589990765085218,0.0012326353706489934,0.001255860724949292,0.007856639909028245,0.013923542390851593,0.6550995563326649,0.0972113482027372,0.1375205094182676
TCGA-S9-A6TX-01A,bayesian,0.08063051404483931,0.0020216840424212377,0.0025820772318563114,0.011098155823710527,0.018085625866515583,0.315550979857103,0.319077934019631,0.25095302911392287
TCGA-S9-A6TY-01A,bayesian,0.20866336701832075,0.0014391831861399818,0.0031650832968327337,0.018390821625232825,0.021400839789678543,0.16067382280199047,0.32807790178617435,0.2581889804956303
TCGA-S9-A6TZ-01A,bayesian,0.10279227154979402,0.01010615719851583,0.003194559912263244,0.016343490303249747,0.021646691380691835,0.25379388901404026,0.059892452361119494,0.5322304882803256
TCGA-S9-A6U0-01A,bayesian,0.023042547593676455,0.017645641053384387,0.0009069705334271479,0.0032697457194621796,0.007613326854275404,0.8334666582145022,0.0025098919196488096,0.11154521811162338
TCGA-S9-A6U1-01A,bayesian,0.10452961666206219,0.02649732772743245,0.0031619466761093956,0.010520069095325995,0.017857805270669245,0.31251215810385696,0.28683487138072755,0.2380862050838162
TCGA-S9-A6U2-01A,bayesian,0.055743879351984084,0.0019971092219070617,0.002302564880767463,0.011563273166977264,0.018444740801816503,0.43724879456340804,0.0557988178197993,0.4169008201933401
TCGA-S9-A6U5-01A,bayesian,0.06885768333934165,0.003296360132235888,0.002103698990840162,0.011450683281798128,0.018415658253740717,0.42454827924116645,0.06765907693095573,0.4036685598299213
TCGA-S9-A6U6-01A,bayesian,0.18013793019066301,0.01356494786926989,0.0026003744774508054,0.0120341639201791,0.029955071960214647,0.23737515976946338,0.10616975149678147,0.4181626003159777
TCGA-S9-A6U8-01A,bayesian,0.0358622346129338,0.044857256717770765,0.002499966750811979,0.012409919588295454,0.02117890777207765,0.22519073657472105,0.26818411759127303,0.3898168603921162
TCGA-S9-A6U9-01A,bayesian,0.0031239561805042767,0.06963662791173533,0.0016971896566294119,0.00968545731653876,0.019982904226231203,0.3256274640121723,0.1387579469179943,0.4314884537781942
TCGA-S9-A6UA-01A,bayesian,0.08736561428259754,0.18183179938237928,0.0018076908638580943,0.00895233006911179,0.04269264926068633,0.42461830026892816,0.07271477938147176,0.18001683649096709
TCGA-S9-A6UB-01A,bayesian,0.17276147497254163,0.0013954932957323896,0.0025274529656907243,0.013271977019762982,0.024267586584402152,0.24371647917570505,0.32537896080172296,0.21668057518444203
TCGA-S9-A6WD-01A,bayesian,0.15248516506160364,0.0015969601840053198,0.0025047188714276,0.012714692489095647,0.03278054023568401,0.06958575595927878,0.2993879325959479,0.42894423460295716
TCGA-S9-A6WE-01A,bayesian,0.10838285587499269,0.0012866106220227364,0.0018545147356893563,0.008270638822275786,0.011822404743013647,0.5316142438537577,0.13109422017385292,0.20567451117439522
TCGA-S9-A6WG-01A,bayesian,0.02588432129983919,0.02034236104628518,0.0017726893639886012,0.00840865814733728,0.013400232723845218,0.6971064344383698,0.014301338499959865,0.21878396448037493
TCGA-S9-A6WH-01A,bayesian,0.3137844504881668,0.0021435430806672194,0.0029361025503210837,0.012781917778088684,0.0257514170064395,0.26155069737448255,0.1923386744390062,0.188713197282828
TCGA-S9-A6WI-01A,bayesian,0.07532772932677427,0.004019598570846136,0.005314383306255644,0.027582188212346273,0.019496770937740302,0.14311304555954243,0.5222597798238179,0.20288650426267693
TCGA-S9-A6WL-01A,bayesian,0.12034207412514356,0.0015647907117678345,0.0019388719757645306,0.010746981585750555,0.021753943663355663,0.4951483561423565,0.08155237465003713,0.2669526071458242
TCGA-S9-A6WM-01A,bayesian,0.1829776561805568,0.0030558689004773717,0.0021009073046823414,0.009009821511043134,0.016650928618576286,0.5058206719900743,0.009790431958970126,0.2705937135356197
TCGA-S9-A6WN-01A,bayesian,0.010377610714292806,0.041245100761959926,0.0019196459412502307,0.009828655922503933,0.019373102604637805,0.3792775469469276,0.02937867417453756,0.50859966293389
TCGA-S9-A6WO-01A,bayesian,0.12386128623581287,0.017723786235865065,0.0027453316162028485,0.016944465198240718,0.02516569084706172,0.22849534970532198,0.07276338709109069,0.5123007030704041
TCGA-S9-A6WP-01A,bayesian,0.14546728469156597,0.004995192881162427,0.0022341806158218858,0.013423501066845239,0.016208741156790926,0.31267923436249445,0.25533214448786046,0.24965972073745865
TCGA-S9-A6WQ-01A,bayesian,0.03486237047130448,0.02792380201396541,0.0024624916781026468,0.012891715329673075,0.022377751146409025,0.046865840377776455,0.4742197695796888,0.37839625940308014
TCGA-S9-A7IQ-01A,bayesian,0.14382908481455775,0.0015667956006739322,0.003327545356703981,0.044248264054524686,0.020512596578178385,0.17454472082234998,0.29839804829414956,0.3135729444788618
TCGA-S9-A7IS-01A,bayesian,0.2193303432285785,0.002885250700336192,0.0018510592271570416,0.011115897875347888,0.018711931758080762,0.50349922665443,0.2109134380136501,0.03169285254241954
TCGA-S9-A7IX-01A,bayesian,0.07354886815854814,0.04428121952116249,0.001729240324470224,0.012295780125820898,0.0217618736364789,0.35079820944079665,0.09488633037091648,0.4006984784218063
TCGA-S9-A7IY-01A,bayesian,0.013947391360407969,0.0021954877990474618,0.0016643870190895037,0.007925614123995239,0.0164331811068115,0.5114095063098165,0.06627072049480871,0.380153711786023
TCGA-S9-A7IZ-01A,bayesian,0.07874219064881197,0.04160836426052185,0.002741865603272244,0.013282879455840665,0.029049734638742733,0.2089361056614951,0.10704719113741526,0.5185916685939002
TCGA-S9-A7J0-01A,bayesian,0.23811349065778778,0.004494448630971544,0.002234814713160835,0.012156543921172233,0.019518529055736943,0.3686048724036226,0.18955907407185654,0.1653182265456916
TCGA-S9-A7J1-01A,bayesian,0.040182083867980264,0.0013980840738788563,0.002228379599606927,0.010570022649051894,0.019594229055144276,0.339697417427013,0.23827174513229307,0.34805803819503184
TCGA-S9-A7J2-01A,bayesian,0.12267389103631174,0.0016929071177406048,0.0017616117346649057,0.009129547746291643,0.015545293034594192,0.5211077489278099,0.0757947461774528,0.25229425422513435
TCGA-S9-A7J3-01A,bayesian,0.09955666804321632,0.0015653175761493427,0.0019408475637831754,0.008930125009899434,0.019867109148093802,0.36574214712385084,0.21520189360984185,0.28719589192516515
TCGA-S9-A7QW-01A,bayesian,0.2047525888182043,0.002372918924922125,0.0038553985163802423,0.019024716100557556,0.032564217906981524,0.07309253895886902,0.2521789093992827,0.41215871137480253
TCGA-S9-A7QX-01A,bayesian,0.15975158389995503,0.022340321332550594,0.0024901021990615313,0.014053940356045002,0.020519974570061588,0.23070536234328007,0.11570428620255,0.43443442909649616
TCGA-S9-A7QY-01A,bayesian,0.07750394579738414,0.0016515834655609217,0.0028445732246446366,0.009255307602513545,0.02187109243619255,0.15216584848448667,0.4412050471412856,0.2935026018479319
TCGA-S9-A7QZ-01A,bayesian,0.16657049960827403,0.0012224678405976166,0.002027752400639132,0.011687584958267709,0.019291216219722077,0.3981438645061566,0.18348260894712262,0.21757400551922035
TCGA-S9-A7R1-01A,bayesian,0.16659301616869235,0.001436779689120193,0.0020656543602396646,0.010360014082043638,0.019995186686693152,0.3930234337811032,0.07517162260185768,0.33135429263025007
TCGA-S9-A7R2-01A,bayesian,0.001967025095748413,0.07840390078337446,0.0024126514935857452,0.013476420834639492,0.024294777349377097,0.0905741299233889,0.4148821186539653,0.3739889758659206
TCGA-S9-A7R3-01A,bayesian,0.009505956500918763,0.011760419930465569,0.0025702778812572574,0.01218693832888244,0.022221341946028,0.327528344883227,0.12608794129759623,0.4881387792316247
TCGA-S9-A7R4-01A,bayesian,0.07747612501485554,0.0359184817999031,0.001153615959628669,0.00754228368951732,0.013808557142506218,0.6688560191033341,0.04406371035901585,0.15118120693123904
TCGA-S9-A7R7-01A,bayesian,0.03376571410557072,0.16954992214821368,0.0017164845226741669,0.00987200353432674,0.017043905567807646,0.33735986271303375,0.04652603456933415,0.38416607283903914
TCGA-S9-A7R8-01A,bayesian,0.1946157439570339,0.018595205455235606,0.002294804970285909,0.012141862340413678,0.018046322634041368,0.19809584328725832,0.3048076112610779,0.25140260609465326
TCGA-S9-A89V-01A,bayesian,0.21794999150242111,0.0051750347672975495,0.0022727192970259566,0.013689096547758762,0.02213533300778249,0.271416471125813,0.17724440397947985,0.2901169497724213
TCGA-S9-A89Z-01A,bayesian,0.0740615736604227,0.12545272944515745,0.0018695103580077068,0.006274637223340717,0.020886255097368415,0.4554695972840596,0.09612743221635152,0.21985826471529193
TCGA-TM-A7C3-01A,bayesian,0.12085528692589963,0.001529342921152384,0.001953292856323205,0.008296339855723043,0.01573249737721521,0.5350892765374934,0.04355414666111167,0.2729898168650814
TCGA-TM-A7C4-01A,bayesian,0.14455663001157187,0.002136549346362149,0.0024927996684999255,0.018363755107626296,0.022295486192050986,0.213295365873611,0.1456741410638085,0.45118527273646913
TCGA-TM-A7C5-01A,bayesian,0.26308223965301303,0.004671287860779042,0.0030149834506165833,0.01086561872606504,0.01861605705738949,0.41034906271327903,0.1269016908427466,0.16249905969611117
TCGA-TM-A7CA-01A,bayesian,0.24557890849000016,0.0033982945980627834,0.00259091033835248,0.013969031707559974,0.02819520591130521,0.073741494644884,0.2973462315866217,0.33517992272321373
TCGA-TM-A7CF-01A,bayesian,0.1653628059978987,0.0039044904718780987,0.004437861600478993,0.02995096320108197,0.031984236631886674,0.04653340878578492,0.18928811067835227,0.5285381226326382
TCGA-TM-A7CF-02A,bayesian,0.002432409574351518,0.0014746376899312111,0.001740508594326402,0.010928490757039104,0.01748566042164103,0.00860160655428835,0.7491214875127112,0.2082151988957111
TCGA-TM-A84B-01A,bayesian,0.09181355185523232,0.002049394330986295,0.0022174081505351418,0.01189966252729977,0.024174361925320305,0.24778665300519853,0.04019184493352991,0.5798671232718977
TCGA-TM-A84C-01A,bayesian,0.03234633915566069,0.04696347379809624,0.0024744628110185806,0.014293044862749271,0.030378098638481815,0.2784779088340138,0.012238227221574598,0.5828284446784051
TCGA-TM-A84F-01A,bayesian,0.015208622495917248,0.07674392998325544,0.002565974937040979,0.01581115421608774,0.022396121797311336,0.2548282430800884,0.062489996244065676,0.5499559572462333
TCGA-TM-A84G-01A,bayesian,0.21711732408932288,0.0010443360719506797,0.0022699672701582295,0.01104383584193304,0.018022073953444417,0.3634781735681849,0.16859226879093114,0.2184320204140748
TCGA-TM-A84H-01A,bayesian,0.1352237424649852,0.0028127255374600273,0.0027877913366938416,0.01639249420575016,0.02216338644937471,0.28089036684029867,0.0667668232101244,0.472962669955313
TCGA-TM-A84I-01A,bayesian,0.32115705897324215,0.005297641766204599,0.003214789732241123,0.01238026062798272,0.027451618637173672,0.20763495820383196,0.05999488463378699,0.3628687874255368
TCGA-TM-A84J-01A,bayesian,0.20195831061347783,0.0030388154902086712,0.0017432157689711086,0.007674028670755748,0.04328833582991449,0.5597745888502217,0.12273759268995905,0.05978511208649151
TCGA-TM-A84L-01A,bayesian,0.027165228290329836,0.035413118896721905,0.002838106887486685,0.012461148153762609,0.024117734834744095,0.18677554972549476,0.17500011531998766,0.5362289978914724
TCGA-TM-A84M-01A,bayesian,0.32272149765418495,0.0015510989484694686,0.0028729644510516136,0.0113258248414546,0.019864131092008772,0.2035963044045521,0.15063792810715765,0.28743025050112087
TCGA-TM-A84O-01A,bayesian,0.051637128567729555,0.0013369241764365697,0.001626079730608818,0.008571827001878755,0.012942163229733008,0.4844323818853877,0.11882865587259356,0.320624839535632
TCGA-TM-A84Q-01A,bayesian,0.1545498068795634,0.07175461018435726,0.002715008389512319,0.014379760648469912,0.025904487396221858,0.0847523965409037,0.19025248043849013,0.45569144952248136
TCGA-TM-A84R-01A,bayesian,0.11011138165075354,0.0014433661193383992,0.003356555497523323,0.03157607649372069,0.026366901576183217,0.15534785620250485,0.37508151406111934,0.29671634839885663
TCGA-TM-A84S-01A,bayesian,0.0398402081139441,0.002052660895858666,0.0024225131553707907,0.011994207865326893,0.020817207245954306,0.37588645542791804,0.11295662904326813,0.43403011825235904
TCGA-TM-A84T-01A,bayesian,0.1531059007671605,0.00843078165514619,0.002462383700747602,0.012061479804536257,0.020119669442661674,0.35066742336982865,0.15758381390730156,0.29556854735261756
TCGA-TQ-A7RF-01A,bayesian,0.05547344744798994,0.006649551894195094,0.002590353422994387,0.010878940683277667,0.029336731672961764,0.28189278740798857,0.07250859386625103,0.5406695936043415
TCGA-TQ-A7RG-01A,bayesian,0.0896845631036112,0.0028429723212646074,0.0024192556906565917,0.012562071767555064,0.020927448876387433,0.39094577874417025,0.1403219545755775,0.34029595492077747
TCGA-TQ-A7RH-01A,bayesian,0.13807721245540766,0.056882939354238334,0.002595246785819755,0.01518462148833116,0.01950861480938809,0.27699593797192906,0.15673556776976302,0.334019859365123
TCGA-TQ-A7RI-01A,bayesian,0.0907396011881944,0.0018879585107470754,0.002437942906631557,0.012418695203358664,0.015897751262170877,0.3684348811846271,0.20587594865227807,0.3023072210919922
TCGA-TQ-A7RJ-01A,bayesian,0.060628211625967765,0.030540690160248556,0.001921593101160559,0.008907186555635828,0.020212158388951525,0.4350400908022744,0.04470505640797509,0.3980450129577863
TCGA-TQ-A7RK-01A,bayesian,0.15425117927480822,0.0027998233161647826,0.0026418694614261233,0.012553062374708046,0.03128149949473696,0.20188987226860924,0.19797456571811967,0.396608128091427
TCGA-TQ-A7RM-01A,bayesian,0.2341486655498578,0.0011000591745333249,0.0026374373790751635,0.008861489255184945,0.02042655483913259,0.3973760900984262,0.12991295089490407,0.20553675280888584
TCGA-TQ-A7RN-01A,bayesian,0.11654009117893857,0.0013343007329915987,0.0021713770782770003,0.011683257525367604,0.018047399411454727,0.39245512041319397,0.1409645280544976,0.316803925605279
TCGA-TQ-A7RO-01A,bayesian,0.09105923086101969,0.001706684851456628,0.0026567841548671336,0.009193480819015996,0.012474259435466106,0.5356126389177035,0.056611777744394076,0.29068514321607675
TCGA-TQ-A7RP-01A,bayesian,0.0010416982237734292,0.0031042968515208936,0.0025243651710570598,0.011462627055862588,0.026558487419676452,0.19885510430964112,0.2676195842153668,0.4888338367531016
TCGA-TQ-A7RQ-01A,bayesian,0.2592596269590306,0.003770938746987451,0.0035033092850034705,0.009558800495774301,0.027534248325928073,0.302636378578671,0.12675819125742113,0.26697850635118403
TCGA-TQ-A7RR-01A,bayesian,0.02297463944688783,0.007296365142168934,0.003108233592160579,0.011675074107949435,0.026077111085609696,0.05969983164272372,0.49179193473454297,0.3773768102479569
TCGA-TQ-A7RS-01A,bayesian,0.09190125984879602,0.0009595740665457404,0.002107396564532711,0.011720118478507393,0.014230525078220901,0.4506269468219736,0.20820808415695302,0.22024609498447068
TCGA-TQ-A7RU-01A,bayesian,0.19981764095086038,0.0012614385671992294,0.0018330258793636354,0.007991462609648219,0.021510954757361662,0.40067570396008034,0.15519226590521798,0.2117175073702685
TCGA-TQ-A7RV-01A,bayesian,0.13320022122332253,0.004118203659718307,0.002349608598451045,0.017649704982261438,0.022707751681985147,0.19770585370791807,0.2645202674830571,0.3577483886632865
TCGA-TQ-A7RV-02A,bayesian,0.01564889432558962,0.01639175059562817,0.003797544594525481,0.015419530413090916,0.025798560987512268,0.08342776268385116,0.15521312794583256,0.6843028284539697
TCGA-TQ-A7RW-01A,bayesian,0.07680758718288687,0.07818251449174059,0.0018324894999239508,0.010657393255133244,0.01825661660148213,0.370878145243803,0.12798083197919066,0.3154044217458396
TCGA-TQ-A8XE-01A,bayesian,0.1865941837507239,0.003435052140157026,0.002250045459900955,0.017042895220159907,0.02476325159412723,0.2292198976734367,0.19819122628824476,0.33850344787324954
TCGA-TQ-A8XE-02A,bayesian,0.0844624113341014,0.02121161059653925,0.0023258430447898265,0.012276278876196693,0.024004075314559524,0.2564301306420796,0.28309113255165563,0.31619851764007806
TCGA-VM-A8C8-01A,bayesian,0.0591913480390321,0.018599663379489085,0.0029564832415265026,0.013706404025608271,0.03461002997009485,0.07575273506986316,0.13185385187124943,0.6633294844031367
TCGA-VM-A8C9-01A,bayesian,0.04765556547247124,0.10851677198428702,0.0025296719210873377,0.01145812884422221,0.05951725274813126,0.19089994411225852,0.15062855874800624,0.428794106169536
TCGA-VM-A8CA-01A,bayesian,0.009144213426061311,0.0015814009253386663,0.0014482190556466925,0.007692235687897969,0.012312912558411661,0.6246223487649336,0.016859672810504715,0.32633899677120537
TCGA-VM-A8CB-01A,bayesian,0.27317371015065217,0.0019479890190350593,0.0021535828705154664,0.01257269141616053,0.01945008107295835,0.31908689338672674,0.1323857809185409,0.23922927116541065
TCGA-VM-A8CD-01A,bayesian,0.0018676374569427153,0.12241443834860295,0.0022243605821901176,0.012915915366294703,0.02329728829681647,0.3034200112478137,0.0483873609835962,0.4854729877177431
TCGA-VM-A8CE-01A,bayesian,0.03673179196651681,0.001541276926464188,0.0015847755538561893,0.010003756264951674,0.014162138107830933,0.4205531594089737,0.27345070100755287,0.24197240076385362
TCGA-VM-A8CF-01A,bayesian,0.0010743759560331108,0.12578493742862318,0.0026849170024128267,0.01960210015998137,0.025044295306144868,0.08083903170571763,0.12609445877439485,0.6188758836666921
TCGA-VM-A8CH-01A,bayesian,0.08610542344258895,0.023790253215474788,0.002639860558628126,0.011598785516221725,0.01959410593651722,0.2726174069853733,0.15071792991862962,0.43293623442656637
TCGA-VV-A829-01A,bayesian,0.16296759672539185,0.0026175333549540666,0.002476507568818923,0.008124217870035838,0.01946805821067778,0.4649257263848257,0.07964934998564398,0.25977100989965185
TCGA-VV-A86M-01A,bayesian,0.29461587351512414,0.08990450437221453,0.002754741461108172,0.013078015670396353,0.020649115488047293,0.2828735690676854,0.08501502426074534,0.21110915616467874
TCGA-VW-A7QS-01A,bayesian,0.14783941606550238,0.001572882935658928,0.002101724040452786,0.012299859535932966,0.01462564435250923,0.5086440956987126,0.09914137916967405,0.21377499820155718
TCGA-VW-A8FI-01A,bayesian,0.12176562900823593,0.011727995450094193,0.00341519007596192,0.014063064490249997,0.03167018666001826,0.12330405375809211,0.12228148558455361,0.5717723949727941
TCGA-W9-A837-01A,bayesian,0.09376040643149501,0.0017959492830042685,0.0025325546716480633,0.00844934133871219,0.019004387594583914,0.3550312605493046,0.16129615377776896,0.35812994635348283
TCGA-WH-A86K-01A,bayesian,0.06082906080630878,0.006270040653740571,0.0027728509815855775,0.011837704457363502,0.01793519578725915,0.4244857981945969,0.07295480803960427,0.40291454107954133
TCGA-WY-A858-01A,bayesian,0.006246754277263871,0.08487511121016267,0.0016620201426378732,0.010271770218307533,0.015000562530743175,0.4811337596039929,0.12585498124848432,0.27495504076840765
TCGA-WY-A859-01A,bayesian,0.15514172983019434,0.0023769308179571735,0.00351140166029136,0.020204054298282766,0.0221622797692697,0.1396810048112207,0.32995398445025137,0.3269686143625325
TCGA-WY-A85A-01A,bayesian,0.13119323375611835,0.00441924264634752,0.003436652873736368,0.014139952239669169,0.025169504388510094,0.2864491661489467,0.10819240820395944,0.4269998397427123
TCGA-WY-A85B-01A,bayesian,0.21535861917197882,0.11649254369898181,0.0028556958137212598,0.012742966660094807,0.019772732910650025,0.23485037975404935,0.14104520566290923,0.2568818563276148
TCGA-WY-A85C-01A,bayesian,0.19232274597890153,0.011972866554879053,0.0023219021790295627,0.01223867749849486,0.01796640339297655,0.39178655546282065,0.08224759207979845,0.28914325685309944
TCGA-WY-A85D-01A,bayesian,0.029974508367203178,0.030452099325097473,0.0033422216158711755,0.013617068204003432,0.033363428324057365,0.08693155595683044,0.13441592985093126,0.6679031883560057
TCGA-WY-A85E-01A,bayesian,0.3095582481784378,0.002308543555672183,0.0027267593890582527,0.01600123743974913,0.02352226751373579,0.14703085733833343,0.12860274609576255,0.37024934048925084
TCGA-CS-4938-01B,bayesian_hierarchical,1.6888113218421113e-10,0.0002640109171123816,3.8147178773287846e-12,1.1339490292949612e-06,9.719297353393148e-07,0.1794553676032436,0.07053499110162002,0.7497435243265635
TCGA-CS-4941-01A,bayesian_hierarchical,0.04707821543325402,0.061271549044398535,1.8258963261070988e-06,3.229624270269457e-17,4.598237116276488e-18,0.5502080008572723,0.03896224790184559,0.3024781608669034
TCGA-CS-4942-01A,bayesian_hierarchical,0.12558317061551935,0.176494702939068,9.011400681907513e-10,8.680720636905963e-15,3.3337109048548977e-21,1.428214198122343e-07,0.19124090145761607,0.5066810812652279
TCGA-CS-4943-01A,bayesian_hierarchical,0.25521912133759034,8.392522148914584e-15,4.783878551774335e-06,4.465093054608184e-07,2.2066213606048555e-05,0.30531519010445457,0.1876656228725315,0.2517727690839519
TCGA-CS-4944-01A,bayesian_hierarchical,2.1387122661434602e-17,7.040890093184457e-10,2.2101712753585228e-08,3.9266669650616133e-07,2.7355764638989545e-15,2.0653944455191696e-06,2.6712248983671365e-05,0.9999708068840698
TCGA-CS-5390-01A,bayesian_hierarchical,0.21711862082319058,5.222976903610783e-18,4.5623044936527395e-07,2.239506353432022e-12,4.905885222059046e-13,0.29070782557254526,0.2876150685210707,0.20455802885001415
TCGA-CS-5393-01A,bayesian_hierarchical,0.10375872935976606,0.02771281226848042,1.9344594292730265e-22,3.3822011767599775e-06,4.634388024388724e-06,0.2994925408116818,0.25849652094689085,0.31053138002397956
TCGA-CS-5394-01A,bayesian_hierarchical,0.1862066470452747,6.031201663215619e-07,2.819396843629786e-09,5.232481615248963e-07,1.5278303738444944e-05,0.40765340397555594,0.1006212238839293,0.30550231760377683
TCGA-CS-5395-01A,bayesian_hierarchical,0.03610568875573893,4.9665893355731946e-05,9.066921623019872e-07,6.91531150163592e-18,2.766089884111335e-06,0.1771152741273448,0.1265128992904301,0.6602127991510841
TCGA-CS-5396-01A,bayesian_hierarchical,0.21941210105936645,8.015088379892068e-16,3.619844648511893e-15,5.315175924243133e-26,1.2292670727366184e-05,0.30569341539214195,0.32768437039840287,0.14719782047935692
TCGA-CS-5397-01A,bayesian_hierarchical,0.04347485379953844,0.0528651706343466,3.9022294537049904e-07,1.2622808948560694e-09,5.417026289916616e-07,0.3230050635973439,0.16459276869277603,0.4160612100881398
TCGA-CS-6186-01A,bayesian_hierarchical,1.453779574469103e-19,2.233194795396523e-07,3.6399375157564736e-14,7.232983273872631e-06,4.230026345086517e-08,0.18750099410147128,8.661010544543292e-17,0.8124915072954753
TCGA-CS-6188-01A,bayesian_hierarchical,0.022692869300686768,0.051201858793794734,4.2354135401730824e-05,7.928808905516163e-05,2.5003952735247374e-25,0.49259986590553595,0.08285850917656228,0.35052525459896344
TCGA-CS-6290-01A,bayesian_hierarchical,2.5709979644102087e-05,0.08885366472404703,2.7393879808734233e-15,6.821991511201385e-10,6.783495585771354e-08,6.548030111183068e-20,0.17558595732701598,0.7355345994521351
TCGA-CS-6665-01A,bayesian_hierarchical,0.08310731406973619,0.21220342872401385,6.004788360798214e-05,1.3351937484402127e-11,0.0005932142108817765,0.1918256540322421,0.38307767553276945,0.12913266553339667
TCGA-CS-6666-01A,bayesian_hierarchical,0.06810156426135702,2.4241469133992556e-38,7.566991428448141e-08,3.561324913642027e-23,5.209375395884426e-06,0.7073523057692525,0.0647014448007737,0.15983940012330664
TCGA-CS-6667-01A,bayesian_hierarchical,0.05447949375916603,4.6303863411941946e-10,1.936132317958062e-11,8.603310697318558e-08,0.00010312861688330777,0.6402305026269631,0.055189557875210994,0.24999723060626958
TCGA-CS-6668-01A,bayesian_hierarchical,0.3646856410622273,7.665872880895006e-25,1.4523408532580289e-12,0.00011787918259941457,3.4284726080323244e-24,0.20085757231921825,0.22474326055244687,0.20959564688205584
TCGA-CS-6669-01A,bayesian_hierarchical,0.14853766736493743,2.086885767838119e-05,5.882752103162444e-10,1.406930570103559e-11,1.8134347474305812e-17,0.09369173001890085,0.4353157969859777,0.32243393617016103
TCGA-CS-6670-01A,bayesian_hierarchical,0.0985011173303537,2.033289633282261e-27,6.286937226054867e-06,4.4325507685771786e-12,4.041327302295364e-22,0.4683320315700307,0.1336885566394245,0.29947200751853237
TCGA-DB-5270-01A,bayesian_hierarchical,0.10719535629306894,6.929902660056378e-12,5.6873940115192544e-05,7.838596288930486e-05,0.00310369650194169,0.06401217041553166,0.3653252822180499,0.46022823466147333
TCGA-DB-5273-01A,bayesian_hierarchical,0.018539685720945952,2.4417812493312386e-08,1.4448623533420707e-09,2.878386425916806e-10,3.257746841130934e-22,0.2482970261339839,0.11829283600177824,0.6148704259927784
TCGA-DB-5274-01A,bayesian_hierarchical,0.19437289030411176,1.2682943203499203e-12,8.56566234299026e-06,1.6793504254279033e-19,1.106801471084498e-05,0.4222435069873729,0.22582320314101817,0.15754076588917507
TCGA-DB-5275-01A,bayesian_hierarchical,0.12864427652020868,6.945224045051605e-15,5.6986117521798675e-36,2.2895473139332722e-23,2.527837658873878e-11,0.363432827929418,0.07241135876100768,0.43551153676408033
TCGA-DB-5276-01A,bayesian_hierarchical,3.446297625019784e-09,0.024911600071023384,9.53995569024443e-15,2.1641973165489248e-20,9.887976609930169e-06,0.06865122515028825,0.5526320670219226,0.3537952163338486
TCGA-DB-5277-01A,bayesian_hierarchical,0.11415380098207556,1.0806776319223172e-15,2.5800625459519774e-11,1.7173843282407534e-07,9.231020485663465e-17,0.3675173220550332,0.274662979249681,0.24366572594897548
TCGA-DB-5278-01A,bayesian_hierarchical,0.0941654853788257,2.095165763721759e-11,2.154598254053952e-12,2.5285535151332532e-05,1.874105852505896e-09,0.44546832439583756,0.1790872178833536,0.28125368490961977
TCGA-DB-5280-01A,bayesian_hierarchical,0.12156845497060723,7.790494488029526e-08,2.511972866246056e-09,3.07476687542376e-17,2.50835707320253e-05,0.2527081566649241,0.10702839547704873,0.5186698288997702
TCGA-DB-5281-01A,bayesian_hierarchical,0.10274850881470297,2.128479841013911e-09,1.8216184674928704e-10,6.742736052064998e-06,8.712330170449557e-10,0.4740036998059207,0.09139235085653243,0.33184869460491706
TCGA-DB-A4X9-01A,bayesian_hierarchical,0.14737146171250481,0.00018575511070064436,2.7131999850633163e-30,4.268407637734519e-40,1.003085356864023e-08,8.502073352341004e-05,0.14249423069187217,0.7098635217205455
TCGA-DB-A4XA-01A,bayesian_hierarchical,0.0770710899988521,3.669085303487352e-09,5.133103692300228e-06,3.1732355302171757e-09,3.5426435983562596e-16,0.3572329200782643,0.17899048867905662,0.38670036129781343
TCGA-DB-A4XB-01A,bayesian_hierarchical,0.17960855767546713,7.784005218740312e-15,2.015254269981538e-12,2.076147056523845e-05,4.759673252698778e-06,0.24988372095827344,0.20218898276640138,0.3682932174540171
TCGA-DB-A4XC-01A,bayesian_hierarchical,0.13463062898078362,3.320126712509749e-05,2.9364699547161445e-09,3.0632478857846227e-10,3.725858048295251e-13,0.22295401690659386,0.10823305905091857,0.5341490905514115
TCGA-DB-A4XD-01A,bayesian_hierarchical,0.17025689989217227,1.132218940436748e-44,2.3123768320080553e-07,2.8426687765805525e-05,2.429682985874873e-12,0.15793905817252768,0.22907685168191774,0.44269853232550355
TCGA-DB-A4XE-01A,bayesian_hierarchical,0.20757234637429767,6.249005570144967e-25,6.594271120461664e-10,1.0883301025621592e-09,1.3843641056985283e-11,3.3241323769006634e-16,0.25217366831738464,0.5402539835467163
TCGA-DB-A4XF-01A,bayesian_hierarchical,0.1200262567882433,1.944646713065828e-48,5.285865751631874e-07,0.0003932155781400695,3.964678352916469e-09,0.3411199310546842,0.10894310473586982,0.4295169592918091
TCGA-DB-A4XG-01A,bayesian_hierarchical,0.2166392230112745,7.062104318736369e-20,6.13313905439526e-06,1.9510402721616913e-11,1.357820035781639e-08,0.42654386024806423,0.10107570840791305,0.25573506159598314
TCGA-DB-A4XH-01A,bayesian_hierarchical,0.06187065736596283,7.30642163563965e-08,2.3629800290514547e-06,4.731071163719375e-09,1.487621520040377e-09,0.2619539674270003,0.3040897361813032,0.37208319676279555
TCGA-DB-A64L-01A,bayesian_hierarchical,0.13585877370497726,3.5706340320252234e-20,1.1209122716806236e-14,0.000458360519785257,7.607302169041909e-07,0.2625185681395952,0.16753903949752802,0.4336244974078861
TCGA-DB-A64O-01A,bayesian_hierarchical,1.1729397650103261e-06,1.8598033087007685e-19,6.346147710562026e-09,5.383220057990646e-09,4.20765249574895e-22,1.5210551512653308e-07,0.1352981702295902,0.8647004929957618
TCGA-DB-A64P-01A,bayesian_hierarchical,0.07352063863694762,2.2974838993074546e-10,3.2227687417044474e-37,2.736648631737266e-06,1.7593989195116795e-05,0.48733054494393263,0.17394866121579025,0.2651798243357544
TCGA-DB-A64Q-01A,bayesian_hierarchical,0.0872160605317751,1.5163737373224482e-11,4.379387456960629e-05,2.0121911367984425e-09,9.640370205936974e-06,0.3132734434443892,0.16382418674477428,0.4356328730069311
TCGA-DB-A64R-01A,bayesian_hierarchical,0.19085891073512856,4.31011554546782e-08,2.862571295514888e-12,2.595972729221296e-08,3.1244641050384305e-15,0.4485931694129406,0.13965843319157223,0.22088941759661018
TCGA-DB-A64S-01A,bayesian_hierarchical,0.0533945932881457,0.1171057794319936,3.831595165397298e-12,1.6088713030010933e-11,4.234387528601852e-24,0.3489829553363095,0.15403869086286515,0.3264779810607656
TCGA-DB-A64U-01A,bayesian_hierarchical,0.055162546225070594,4.269285954043963e-11,8.068186800775823e-08,7.054861851488178e-19,1.1537708664620882e-08,0.2686500004753422,0.47049581311672006,0.20569154792059757
TCGA-DB-A64V-01A,bayesian_hierarchical,7.664711662125323e-15,7.451947651865345e-09,4.817527926347729e-13,1.0482285513883074e-29,2.41611817482596e-15,0.13077409993659855,0.44789710933602583,0.42132878327493606
TCGA-DB-A64W-01A,bayesian_hierarchical,0.26315680793050356,7.411580601140786e-20,1.6428769404853206e-06,8.401398275709294e-19,2.666288302769199e-10,0.28285384880787884,0.27390577786678916,0.18008192225125916
TCGA-DB-A64X-01A,bayesian_hierarchical,0.08095340940200607,2.2211653622680458e-08,1.2603963529922193e-18,3.187231641451437e-05,2.212019433704594e-19,0.4014405640754712,0.06905881066112127,0.4485153213333335
TCGA-DB-A75K-01A,bayesian_hierarchical,0.10790862363244903,2.072128964498116e-06,1.0985745691644805e-09,7.51778258531134e-18,9.659099786065903e-07,0.372382110529856,0.18762669307973662,0.3320795336204407
TCGA-DB-A75L-01A,bayesian_hierarchical,0.134660488315319,1.4193497179824868e-10,4.910011579663073e-05,5.7315288951433645e-05,0.00011547294708997481,0.26109179032572494,0.19924114181311933,0.4047846910520638
TCGA-DB-A75M-01A,bayesian_hierarchical,0.02726091420639663,3.9166558449095683e-19,5.30639762402689e-10,2.4592744490384247e-06,1.1526187626523955e-09,0.27941703558902414,0.10835953168154369,0.5849600575653281
TCGA-DB-A75O-01A,bayesian_hierarchical,5.221662079876042e-05,4.267104838482254e-06,2.8544025833510175e-06,1.2681748129259198e-06,9.669794924537448e-06,0.370750290152458,0.02633029761667644,0.6028491361329075
TCGA-DB-A75P-01A,bayesian_hierarchical,0.02745875059384164,8.594151602235254e-16,5.227843586266356e-13,1.1856215378485616e-05,8.847839366824789e-20,0.5183322584280731,0.0914227182857359,0.3627744164764473
TCGA-DH-5140-01A,bayesian_hierarchical,0.32064318052082924,5.468835380480122e-07,4.97541041585114e-07,9.024201663628805e-30,7.780837192471876e-08,0.2762317216311547,0.12385050398616021,0.27927347162890415
TCGA-DH-5142-01A,bayesian_hierarchical,0.12801973595843866,0.19289064086218843,1.8666401424222016e-15,4.585790122516566e-17,2.1198957041111476e-22,0.2085559315916003,0.09477466782272582,0.37575902376504483
TCGA-DH-5143-01A,bayesian_hierarchical,0.10251832100889635,1.835665500596475e-10,1.9573576991178997e-07,1.7469288704665757e-07,4.006737736090367e-11,0.014375005605397066,0.12149827992616094,0.7616080228072547
TCGA-DH-5144-01A,bayesian_hierarchical,0.18791638636594019,4.9431210105856434e-11,3.392389099778415e-16,3.026201309056467e-05,1.4525407050446995e-17,0.39808199888850854,0.15064853304633852,0.2633228196366907
TCGA-DH-A669-01A,bayesian_hierarchical,0.21524370096206719,4.1107214111162464e-22,1.694803375327163e-14,2.9763627276962474e-08,2.1001544578243303e-12,0.30921468971746213,0.18675066187335948,0.28879091768136683
TCGA-DH-A669-02A,bayesian_hierarchical,0.17905637591924953,1.2802264572924483e-06,7.494081864388916e-13,1.7956550546223868e-07,1.306729368540072e-16,0.5236435450744197,0.13755996549527977,0.15973865371833876
TCGA-DH-A66B-01A,bayesian_hierarchical,0.12891732533641656,0.2227193889778559,2.6949318126875982e-21,3.564420014332456e-28,1.5882765867425926e-06,0.014603253218379054,0.055259652909582346,0.5784987912811794
TCGA-DH-A66D-01A,bayesian_hierarchical,0.13996808522963522,0.056926531081335406,1.1700930470454773e-14,6.723890510174154e-14,7.466911294637188e-06,0.2676192206704418,0.11542387067900814,0.4200548254282059
TCGA-DH-A66F-01A,bayesian_hierarchical,0.02049581139402592,9.154054902176852e-16,6.545990641475193e-20,1.895281267637203e-09,4.385660718231387e-17,0.4869461928505622,0.06425047301358709,0.42830752084654267
TCGA-DH-A66G-01A,bayesian_hierarchical,0.12739438000205858,2.349727819506966e-08,4.525508204047602e-06,5.052577572238345e-08,4.6860989839114015e-12,0.13918204243515903,0.12279474581386642,0.6106242322129718
TCGA-DH-A7UR-01A,bayesian_hierarchical,0.08763104900185716,1.5748299878225753e-15,5.904813284020932e-07,2.8388130084701766e-16,8.988384916126462e-12,0.671949928559182,0.09758718136565651,0.14283125058298568
TCGA-DH-A7US-01A,bayesian_hierarchical,0.03752595854100533,4.484684979223747e-06,2.937859004532396e-06,3.518178996861466e-14,0.0009896548545056925,0.31296337668449564,0.36192928867481977,0.2865842987011546
TCGA-DH-A7UT-01A,bayesian_hierarchical,0.00010052909873994633,3.650026948995687e-10,1.242050181036696e-27,6.617542529976285e-09,5.689962691693956e-09,0.42702825502766073,0.3104789898349175,0.262392213366174
TCGA-DH-A7UU-01A,bayesian_hierarchical,0.1811148786951383,2.2216850363002704e-08,1.9474411516028887e-22,8.721403096907447e-10,8.887482907469203e-18,0.37665398367064906,0.1900616296385586,0.25216948490666335
TCGA-DH-A7UV-01A,bayesian_hierarchical,0.12827480769959926,0.008455454204108759,3.6958006072759467e-10,6.7801974858509675e-09,1.481540218599913e-10,0.17056777955079955,0.1982219423755039,0.494480008872057
TCGA-DU-5847-01A,bayesian_hierarchical,2.1943569603206533e-13,0.1712778434764,2.003440774734734e-05,1.1374293515429799e-07,2.35815563664814e-09,0.19759182715885037,0.07765015341202991,0.553460025443662
TCGA-DU-5849-01A,bayesian_hierarchical,0.06939538166858832,1.826687433881563e-28,8.471042481268778e-08,1.2635531338775e-16,0.00014296527611284312,0.25513553890156204,0.31677388708691057,0.35855214235640126
TCGA-DU-5851-01A,bayesian_hierarchical,0.025285862107860654,3.1110955379464573e-09,9.055441596287425e-45,4.356257569599218e-14,0.0002333003042469597,0.15275869733919387,0.4443492393291187,0.3773728978084408
TCGA-DU-5852-01A,bayesian_hierarchical,0.11503243011994103,0.049789641950179674,5.231494603884896e-19,2.469606710874246e-35,1.5018493320749311e-05,0.5368232275700209,0.035666874776785804,0.2626728070897519
TCGA-DU-5853-01A,bayesian_hierarchical,0.09551874689514331,0.004514526125413943,2.1762705670110423e-13,1.032490321464921e-13,0.00028649587064884485,0.25004936374186143,0.18513016068009178,0.4645007066865198
TCGA-DU-5854-01A,bayesian_hierarchical,6.921168360668443e-05,1.5422373181676636e-12,3.6951791159908116e-29,2.73185498447966e-09,3.6653250523856564e-11,0.3874622146738745,0.35532163473267603,0.2571469361397923
TCGA-DU-5855-01A,bayesian_hierarchical,0.10286574912396562,0.04789734108862755,3.047361051645876e-15,4.7629633383371757e-07,5.466635473257755e-06,0.3564828053680627,0.10421276109162696,0.38853540039590717
TCGA-DU-5870-02A,bayesian_hierarchical,0.22660563976751913,1.6532497970440163e-07,8.755381068722778e-09,0.00013099673335060082,3.63031566744628e-10,0.3447896320596107,0.16720748978896133,0.2612660672071658
TCGA-DU-5871-01A,bayesian_hierarchical,0.10654096998003157,0.004914572613177616,4.5570502235582985e-20,7.802975678881734e-16,2.4762089263220184e-09,0.29093351376304194,0.07410795791396907,0.52350298325357
TCGA-DU-5872-01A,bayesian_hierarchical,0.07006925889628135,0.014728335432203511,2.1494436716387596e-05,1.2200799390551672e-15,1.3319823181016213e-11,0.3863529672134694,0.13512720242447823,0.39370074158353013
TCGA-DU-5872-02A,bayesian_hierarchical,0.013623277206084175,0.2023436509154813,2.938791949560618e-13,7.499465316621573e-08,4.1688655598465835e-35,0.22992546226574018,0.29544446389431317,0.2586630707234341
TCGA-DU-6392-01A,bayesian_hierarchical,0.1614448198782682,0.04961529232762378,9.488905062913868e-08,6.254128279197722e-14,1.7902316053409627e-18,0.5277136134434279,0.16830596951181023,0.09292020994975668
TCGA-DU-6393-01A,bayesian_hierarchical,0.2893922405173959,4.181433708392393e-15,1.1569831828683401e-06,3.971506016004296e-10,9.905378870612455e-09,0.3043438265782436,0.15767747824007,0.24858528737857397
TCGA-DU-6394-01A,bayesian_hierarchical,0.23622448243157482,3.3636593951149043e-23,3.6846648474073755e-14,8.717524512027735e-12,3.015584844309673e-05,0.2999540233686525,0.08499721179914609,0.37879412654342914
TCGA-DU-6395-01A,bayesian_hierarchical,0.09895811693560888,0.03908581725349131,1.9244672351625513e-14,6.640694811065277e-16,6.746028059720231e-06,0.2140769311429425,0.21932352431221191,0.4285488643276658
TCGA-DU-6396-01A,bayesian_hierarchical,0.07636621494086951,0.18397110367090033,9.3008010938937e-12,8.615141754929878e-19,9.069701807756935e-05,0.4236313817539525,0.16186326593494285,0.15407733667195642
TCGA-DU-6397-01A,bayesian_hierarchical,0.07594969292960135,2.716072233214563e-13,8.824706852061802e-18,6.508521562585866e-07,7.2837426813713845e-06,0.4845730565799537,0.1118541151758556,0.3276152007194801
TCGA-DU-6397-02A,bayesian_hierarchical,0.15195651249409076,1.7701387628255847e-22,1.4087320288851667e-12,2.3618477197117563e-06,6.210574086313945e-07,0.6865281411846484,0.09198165848810354,0.06953070492662014
TCGA-DU-6399-01A,bayesian_hierarchical,0.13132996746770773,4.7165701140140245e-11,8.963975647416053e-06,5.290866257263272e-20,4.422098204698501e-05,0.3733306430894294,0.11643586629131475,0.3788503381466879
TCGA-DU-6400-01A,bayesian_hierarchical,0.2990511813391688,8.741819902065844e-38,8.84866140230418e-09,1.4796338283511901e-06,2.671722401850469e-11,0.2631707697492923,0.177379832860527,0.26039672754180493
TCGA-DU-6401-01A,bayesian_hierarchical,0.08700019932532066,0.009563512554617348,2.5227063097727254e-11,8.010023900753833e-08,6.930916316616717e-06,0.6150020027828554,0.038947389442415985,0.2494798848530079
TCGA-DU-6402-01A,bayesian_hierarchical,0.034398851443936916,0.13644009906135654,8.35456735582212e-12,1.122148196550836e-05,1.5595499824931618e-15,0.6087766125602031,0.019334436393709787,0.2010387790504719
TCGA-DU-6403-01A,bayesian_hierarchical,0.13268795181516008,0.04302274285049343,3.260713271909794e-17,6.456564443926535e-18,8.948476277907482e-07,0.15902124933568876,0.47118470643456284,0.19408245471646696
TCGA-DU-6404-01A,bayesian_hierarchical,0.04468991315227789,2.9134773870970195e-09,1.4683165635663752e-05,5.820716446417536e-07,4.945585244938166e-10,0.6364800663700882,0.06696803557990488,0.2518467162524128
TCGA-DU-6405-01A,bayesian_hierarchical,0.18953229486006531,1.4982341767725684e-05,2.0342760595538924e-37,0.0001053215843530472,0.00010128355952075111,0.15843389522495727,2.4640942050141145e-14,0.6518122224293112
TCGA-DU-6406-01A,bayesian_hierarchical,0.13309582334095926,0.03492088386343248,7.351359267664402e-13,1.407325449001031e-10,7.527278706615474e-08,0.656105645750843,0.0012687820098378438,0.1746087896206728
TCGA-DU-6407-01A,bayesian_hierarchical,0.10203153019786274,1.5462142280301944e-15,2.2588347371073916e-08,4.5633039838895285e-11,9.490231765475811e-05,0.3362217039893891,0.13942609035976736,0.422225750501344
TCGA-DU-6408-01A,bayesian_hierarchical,0.07687122219026715,5.687715598838528e-06,6.434313319004499e-11,3.803473993575826e-14,7.298778759192241e-06,0.42410748291655265,0.08615657331023231,0.41285173502420874
TCGA-DU-6410-01A,bayesian_hierarchical,0.3774690441680683,1.7816416003489258e-09,4.311276556641761e-13,4.4336180296872433e-05,1.2514634261889568e-16,0.41240004054044516,0.11250283297964789,0.09758374434946879
TCGA-DU-6542-01A,bayesian_hierarchical,0.09875121371275117,0.05396137490587148,1.1647535281907843e-09,1.8168068776228272e-22,0.00018758387392976304,0.36373639533012664,0.22363088421160493,0.2597325468009626
TCGA-DU-7006-01A,bayesian_hierarchical,0.04569583216508956,0.14366688507484382,8.766228191374665e-07,5.115022040985095e-06,1.1894707718773032e-10,0.47407293974513554,0.07767701218546459,0.2588813390656593
TCGA-DU-7007-01A,bayesian_hierarchical,0.03088074131508974,0.097390106552819,1.137906636596629e-13,7.486653998492791e-14,1.4392575402917472e-10,0.5657792405788524,0.02577992395217788,0.28016998745694643
TCGA-DU-7008-01A,bayesian_hierarchical,0.3532611969369109,1.7668419979856765e-43,9.607699775998205e-05,1.7876202503247516e-18,0.1650243926683023,6.989074297242533e-09,0.1349436124046147,0.3466747140033379
TCGA-DU-7009-01A,bayesian_hierarchical,0.13316568624992084,2.0983796669451432e-05,2.346007574238963e-16,2.924202763131008e-09,4.99126412793552e-15,0.20496785797855493,0.369117021624407,0.2927284474262398
TCGA-DU-7010-01A,bayesian_hierarchical,0.11453470414179844,1.4504914438774197e-13,1.1802752396506807e-05,3.7021865771771686e-20,9.995580595426095e-07,0.29060281435389507,0.32311658424821454,0.2717330949454909
TCGA-DU-7011-01A,bayesian_hierarchical,0.053702615345577256,0.10440673381680099,1.460532937163947e-26,4.5631683769858363e-23,3.7825196741974555e-09,0.39790433627799315,0.13394489838628948,0.31004141239081934
TCGA-DU-7012-01A,bayesian_hierarchical,0.016800049079752633,0.1431560494009003,4.745005503358327e-05,3.7206671297097187e-07,1.9638497796469365e-11,0.2433360292320107,0.014220454678136199,0.5824395954678152
TCGA-DU-7013-01A,bayesian_hierarchical,0.1969207302331133,4.910393582402192e-09,2.9917241593951933e-21,1.9516272457382646e-38,1.5923223718500535e-10,0.39365024778989466,0.030746715424758098,0.3786823014826082
TCGA-DU-7014-01A,bayesian_hierarchical,0.14603853963976318,3.1408124536252634e-06,6.679581477546716e-16,7.129385833990127e-07,1.2116137564487356e-05,0.5492623972765434,0.08404967059182761,0.22063342260326377
TCGA-DU-7015-01A,bayesian_hierarchical,0.11567176102227067,0.12468512254781519,2.0140436781192204e-12,3.0656002522328706e-05,1.158376203030787e-06,0.2565750161418848,0.06289989847257633,0.44013638743471356
TCGA-DU-7018-01A,bayesian_hierarchical,0.24012260874132746,3.3041299413621187e-11,1.6233187811611436e-06,6.3553697057251244e-06,1.648899880868563e-21,0.5008298189935243,0.10871685413226832,0.15032273941135174
TCGA-DU-7019-01A,bayesian_hierarchical,0.046374253078754396,0.0022877739418577315,2.619589591473082e-06,7.931155706614788e-07,1.3746066940319637e-21,0.38272296566430236,0.08598859231842783,0.48262300229149546
TCGA-DU-7292-01A,bayesian_hierarchical,0.16905747041839067,5.014930765425401e-16,2.246634901770645e-06,9.904360089901231e-06,6.574707920213394e-09,0.22123769866143153,0.16804638153616758,0.44164629181431014
TCGA-DU-7294-01A,bayesian_hierarchical,0.1657119675560815,4.7425426326471895e-06,2.0351352017367608e-17,4.516727414532967e-05,9.046499405866788e-37,0.3762305613625263,0.23362967671849783,0.22437788454611635
TCGA-DU-7298-01A,bayesian_hierarchical,0.1023339994639505,0.005987856233376149,1.960699568459138e-16,5.480933151399852e-07,2.899459187674092e-07,0.25197511320556326,0.37577721554673743,0.2639249775111385
TCGA-DU-7299-01A,bayesian_hierarchical,0.08966875350134808,5.864196801405878e-09,2.18129899673582e-06,6.196171256090693e-09,2.5415590041638628e-09,0.4351364717088845,0.2368811005704319,0.2383114783184118
TCGA-DU-7300-01A,bayesian_hierarchical,0.1164086309326797,2.069889666589181e-06,7.80191138011435e-07,7.632606640180822e-10,3.545547018019955e-11,0.1710852944489409,0.26985966199404304,0.4426435617448156
TCGA-DU-7301-01A,bayesian_hierarchical,0.06673824737585675,0.043168991823215715,5.701609642268205e-39,1.0939483731200106e-13,1.018995748977298e-29,0.2921992426239463,0.29024969906653064,0.3076438191103412
TCGA-DU-7302-01A,bayesian_hierarchical,0.1512807823487631,4.5860490734986005e-16,3.1968150695428316e-21,6.945701932371976e-05,5.421566273764928e-09,0.378827783138881,0.16944239308634051,0.30037957898512496
TCGA-DU-7304-01A,bayesian_hierarchical,0.048156262285646075,6.480490713114257e-13,4.5551122971907294e-11,1.4344955837231742e-05,2.4988683972589496e-15,0.3239392279579354,0.12288287417001124,0.5050072905843686
TCGA-DU-7304-02A,bayesian_hierarchical,0.22506745818378035,2.8518266018235127e-06,5.774129567112952e-07,5.479487982793169e-10,1.1594056235192208e-18,0.27863600659942783,0.11167810906347689,0.38461499636580765
TCGA-DU-7306-01A,bayesian_hierarchical,0.04685955172267374,2.019602032230386e-05,8.20818758696005e-23,9.63220347595432e-10,1.6701516028727513e-09,0.35766656360543564,0.21002785787966624,0.3854258281385302
TCGA-DU-7309-01A,bayesian_hierarchical,0.12711523817880233,3.971819208837087e-06,4.824440809399171e-13,7.756726460096229e-15,4.250247483156825e-08,0.381376559950268,0.17459635513331004,0.3169078324154458
TCGA-DU-8158-01A,bayesian_hierarchical,0.07877140211956032,0.03700739729049181,7.536587520917421e-26,8.105390377155772e-07,2.186469117276998e-06,0.12585312439622443,0.18395575480518417,0.5744093243803842
TCGA-DU-8161-01A,bayesian_hierarchical,2.2397659476015487e-21,0.12311808776609617,2.524350504032422e-14,1.934245271115101e-06,1.3126985795132037e-20,0.1869765621278642,0.07178860437359938,0.6181148114871439
TCGA-DU-8162-01A,bayesian_hierarchical,0.06431532361600877,8.305473591138812e-09,2.221254861078885e-11,3.013048813129829e-06,2.427163070266673e-10,0.1307638156779897,0.4952911506603291,0.3096266884264569
TCGA-DU-8163-01A,bayesian_hierarchical,0.07674118995181,0.07147080345712685,2.5030087022851663e-13,9.010898384898077e-38,7.211635512853079e-16,0.2479052460224102,0.24445590850915075,0.3594268520592512
TCGA-DU-8164-01A,bayesian_hierarchical,0.21208336302922337,9.510062277817905e-07,6.681894041679515e-10,3.1928781707439365e-13,5.328617312983101e-13,0.3482504540400098,0.13301541610980122,0.3066498151456962
TCGA-DU-8165-01A,bayesian_hierarchical,0.04391466246888813,0.18911220384478541,1.7011816276344183e-17,2.654718145244965e-11,2.1537062496957926e-06,0.4474356897195487,0.07344255577194457,0.24609273446203614
TCGA-DU-8166-01A,bayesian_hierarchical,0.2000188574966715,1.1732417361446864e-11,1.2626667803623082e-06,7.27001573731158e-29,1.8758383488817088e-07,0.24080485566050283,0.11447695003315878,0.4446978865473191
TCGA-DU-8167-01A,bayesian_hierarchical,0.05797396924835659,0.072090027571198,6.715650754112053e-15,4.041231618553455e-07,1.5311088263952539e-09,0.21892714673797012,0.3906285736857961,0.2603798771024017
TCGA-DU-8168-01A,bayesian_hierarchical,0.4223454154857677,2.1710075077285237e-07,1.3414566952283838e-15,2.117475868803785e-38,8.823189840557778e-07,0.22458217567013755,0.1475000482933298,0.20557126113102886
TCGA-DU-A5TP-01A,bayesian_hierarchical,0.10920882250453234,0.32007833562624555,2.095446523289159e-26,3.988066538040628e-08,2.167414415161909e-28,0.2902963490397224,0.14220437716201562,0.13821207578681868
TCGA-DU-A5TR-01A,bayesian_hierarchical,0.03187027311769143,0.2882877981249473,1.4022551031830208e-12,0.0001716968458841802,1.5000031159912517e-18,0.04141540286159375,0.23093408527903198,0.40732074376944916
TCGA-DU-A5TS-01A,bayesian_hierarchical,0.03154906993987494,1.9972822722324954e-05,6.377570139482911e-12,6.64124135682633e-13,2.0493392807761034e-19,0.2653565657255023,0.4196268388492266,0.2834475526556321
TCGA-DU-A5TT-01A,bayesian_hierarchical,0.017900603459925214,8.761438333845835e-07,3.778605085402009e-06,5.3957575605020555e-05,7.698108653363103e-16,0.31970629045594307,0.12506095568054335,0.5372735380790638
TCGA-DU-A5TU-01A,bayesian_hierarchical,0.12408778314610866,0.1724706746130582,8.566980275383152e-10,9.257135961380264e-08,0.00016461679259643745,0.24187572152008252,0.05911912594390937,0.4022819845561872
TCGA-DU-A5TW-01A,bayesian_hierarchical,0.20119101116466906,1.5746787144963233e-18,4.135273692623038e-17,2.343788537040305e-05,5.752105478711794e-07,0.25717396879164844,0.20530671890049562,0.3363042880472686
TCGA-DU-A5TY-01A,bayesian_hierarchical,0.04975929817829176,0.2322124895776642,7.949703430103509e-08,1.337563237618751e-12,3.2378981586320925e-17,0.2913041263711026,0.10400434661457131,0.32271965975999833
TCGA-DU-A6S2-01A,bayesian_hierarchical,0.12263447212385331,1.4142223368778187e-08,2.4431317664915904e-08,0.037320964572465566,0.0007418377063305873,0.2656735860383838,0.3220988185978333,0.25153028238759234
TCGA-DU-A6S3-01A,bayesian_hierarchical,0.19480598659280865,7.508238119717268e-07,2.6162145434991446e-06,9.610751816396306e-06,1.9417347808528817e-08,0.3009058490240834,0.2713377282845441,0.23293743889104432
TCGA-DU-A6S6-01A,bayesian_hierarchical,0.1806574814173358,1.0988532146961553e-20,2.8117074881396682e-14,1.1307176423732548e-08,5.63028809081346e-06,0.2948039605473731,0.1821325223751032,0.3424003940648926
TCGA-DU-A6S7-01A,bayesian_hierarchical,0.14418224651095288,0.07304896063956268,7.830405703839786e-15,7.351357344674524e-09,8.62747981882583e-20,0.1764863461503165,0.25445644064473233,0.35182599870307035
TCGA-DU-A6S8-01A,bayesian_hierarchical,0.27859300324314645,1.6895581635389103e-05,1.7936684385115214e-06,1.305110934534185e-10,1.0595768967118006e-11,0.2921886669595192,0.2430634535331113,0.18613618687304226
TCGA-DU-A76K-01A,bayesian_hierarchical,0.07186137037637477,4.319950303506404e-42,3.996495192361549e-06,9.438514814866925e-08,1.470574714519853e-06,0.14184853886210458,0.12357719401462229,0.6627073352918433
TCGA-DU-A76L-01A,bayesian_hierarchical,0.04792804685193332,0.09415502363688,1.7367478214560183e-17,1.247235871736563e-07,1.4900507522027162e-06,0.69278882951554,0.1134894319193454,0.05163705330196202
TCGA-DU-A76O-01A,bayesian_hierarchical,0.15764220943513158,0.09289502036709522,4.2771956919636773e-08,1.0478979796243435e-08,7.059682824661692e-05,0.19861935444602488,0.10339527641236053,0.44737748926020443
TCGA-DU-A76R-01A,bayesian_hierarchical,0.05005961459939061,7.913533181266303e-06,6.872319705016117e-15,1.0529737629831832e-10,2.926607427799939e-05,0.42509334551696504,0.09307908105705238,0.4317307791138284
TCGA-DU-A7T6-01A,bayesian_hierarchical,0.14326384084950036,2.745443794839004e-26,1.4921379050072908e-32,1.4739658968087413e-11,8.724963000991697e-05,0.4756340331180247,0.2257590257797906,0.15525585060793487
TCGA-DU-A7T8-01A,bayesian_hierarchical,0.24785878482884516,0.0009906021113465471,1.1002344362070941e-20,1.1061132631855919e-15,1.3948004230488059e-12,0.29550197438057735,0.0873216485059647,0.36832699017187026
TCGA-DU-A7TA-01A,bayesian_hierarchical,0.16683855084879365,0.060946832329872566,6.830733744659735e-22,4.402551093021973e-13,2.0830745940235873e-06,0.48864888813614676,0.11314744940542355,0.17041619620472923
TCGA-DU-A7TB-01A,bayesian_hierarchical,0.041476257476255114,1.0890109833753989e-17,2.6600893977687497e-09,6.802218930758325e-10,8.320397001434184e-24,0.1312456530330987,0.7643552357094262,0.06292285044090878
TCGA-DU-A7TC-01A,bayesian_hierarchical,0.21322130748549353,5.003510802965653e-09,2.266084217113042e-14,2.775280759169774e-06,6.309203243927392e-06,0.12585284177400372,0.19931342912138234,0.46160333213158383
TCGA-DU-A7TD-01A,bayesian_hierarchical,0.21979768215251003,0.12873847484764536,5.50546943961754e-13,3.3738122312972936e-05,1.7002125829965252e-08,0.41801014069967785,0.023241455412641866,0.21017849176253553
TCGA-DU-A7TG-01A,bayesian_hierarchical,0.09276721945631534,1.5398000278497722e-10,2.9216849408117586e-18,0.000489251384753926,2.1658851162466495e-14,0.2491293306310107,0.2700060802077543,0.38760811816616414
TCGA-DU-A7TI-01A,bayesian_hierarchical,0.13683287677332162,0.06947604640292414,9.775510466036311e-15,1.4477102777637592e-10,1.2400979242134393e-06,0.2131271119888307,0.1319124562997117,0.4486502682925069
TCGA-DU-A7TJ-01A,bayesian_hierarchical,0.2283001529448338,0.05274551372970535,6.041303552252575e-08,8.804657899579073e-11,8.461188564990139e-05,0.4310682338684845,0.03310381446677186,0.25469761260347257
TCGA-E1-5302-01A,bayesian_hierarchical,0.10016840107295563,3.048567029866305e-07,4.680452058654893e-17,1.9441929779574888e-05,0.0005752510918272851,0.19957466342712227,0.13987344871183938,0.5597884889097728
TCGA-E1-5303-01A,bayesian_hierarchical,8.561897689337048e-05,0.07425683382147104,8.205825924140332e-07,7.753983779588666e-09,2.8906553005340776e-11,7.942920455833642e-18,0.23770847105547913,0.6879482477806736
TCGA-E1-5304-01A,bayesian_hierarchical,0.39886869041639483,1.6387995059453114e-07,1.3284415482553762e-23,4.6692345744287685e-08,2.2544329826553093e-20,0.16310749732547475,0.2664804678025114,0.17154313388332282
TCGA-E1-5305-01A,bayesian_hierarchical,0.07098630734058459,3.8517059817834357e-13,2.708475491467179e-07,9.36612261787002e-10,3.6706318433564545e-07,0.3826639234927218,0.14353335913060197,0.40281577118836065
TCGA-E1-5307-01A,bayesian_hierarchical,0.18857236654126927,1.9787198180294227e-12,5.986325972826041e-12,8.615185531763858e-10,1.5909493403928336e-08,0.005104756684523196,0.18401675428482323,0.6223061057104076
TCGA-E1-5311-01A,bayesian_hierarchical,0.1386753071872639,3.166956087869531e-20,4.686890525996867e-10,3.0497177225928226e-06,3.3491051195811933e-07,0.5463333739856211,0.09440161607266394,0.22058631765752748
TCGA-E1-5318-01A,bayesian_hierarchical,0.1274253719201409,4.251683289620906e-37,3.199104290879685e-11,3.600003707247343e-13,6.366689802811984e-23,0.7361424939615505,0.0475298241418117,0.08890230994414575
TCGA-E1-5319-01A,bayesian_hierarchical,0.04037990963517114,2.3834676074321623e-09,1.282148614800914e-16,4.12442539930886e-24,1.7781591862510415e-07,0.5058228899174956,0.22266775934557337,0.23112926090237357
TCGA-E1-5322-01A,bayesian_hierarchical,0.17003229058439326,0.16032706466172542,7.556409913631703e-12,9.705904013065217e-08,1.0545425474730895e-29,0.20233650807563816,0.12094003888133559,0.34636400073031104
TCGA-E1-A7YD-01A,bayesian_hierarchical,0.1556753900361764,3.141673117094459e-13,5.114015796042658e-10,2.0892242531591865e-09,5.720986861637771e-09,0.39647843108483366,0.027151895565096874,0.4206942749919662
TCGA-E1-A7YE-01A,bayesian_hierarchical,0.0660088097147889,0.15630788580461202,3.5574938255866696e-17,1.056110950990707e-09,7.394698466246306e-05,0.43052255884909657,0.08426455300911463,0.26282224458161446
TCGA-E1-A7YH-01A,bayesian_hierarchical,0.03137150512941066,7.140889169102417e-13,1.2461011363701209e-31,4.050693426019015e-09,2.471676841272443e-13,0.09871231205495817,0.5396804478022699,0.33023573096170666
TCGA-E1-A7YI-01A,bayesian_hierarchical,0.180930775046496,1.3182237965651538e-07,1.0543350958921685e-11,4.1680722566025676e-08,4.442742029971207e-19,0.6035958236718988,0.15454508063319183,0.060928147134767914
TCGA-E1-A7YJ-01A,bayesian_hierarchical,0.1137718101023231,0.03801719752360881,6.260225368218062e-06,9.884082545162853e-06,1.6831541272086723e-29,0.4455523983646331,0.1433823497035926,0.25926009999792915
TCGA-E1-A7YK-01A,bayesian_hierarchical,5.783532626793573e-10,0.14238149533442845,1.55302405136045e-05,2.7385402158166184e-14,4.7233025283250455e-06,3.3589788153576392e-12,0.5195989203366164,0.3379993302041737
TCGA-E1-A7YL-01A,bayesian_hierarchical,0.1028776189403606,0.16761537321713002,5.2864173331772645e-12,0.0001393143936204212,2.238613807316792e-07,0.36457491457617214,5.128223381449588e-05,0.36474127277223517
TCGA-E1-A7YM-01A,bayesian_hierarchical,5.671432855207129e-14,4.2364536629015294e-10,1.7064403879444176e-14,6.918837458593194e-05,1.4395886199682265e-08,8.174316451023428e-26,0.6294358845079719,0.3704949122978366
TCGA-E1-A7YN-01A,bayesian_hierarchical,3.541180780088601e-07,0.26892286406413124,4.240908277408507e-06,7.838785293323268e-19,1.898689558512977e-33,0.2086588172829774,0.15413973492816327,0.36827398869837263
TCGA-E1-A7YO-01A,bayesian_hierarchical,0.10501505774984363,2.508495159673899e-17,1.4076407135297345e-09,1.5878074938295482e-08,8.585296606735235e-05,0.528133451458201,0.07331694012019414,0.2934486804199782
TCGA-E1-A7YQ-01A,bayesian_hierarchical,0.04150847638117082,0.1560415731852687,2.0632642717092083e-08,1.1557851154839183e-07,1.463361451346297e-11,0.5810905346030453,4.410910074024458e-20,0.2213592796047273
TCGA-E1-A7YS-01A,bayesian_hierarchical,0.42157235716556396,2.3636265546504563e-05,1.931730134621616e-11,5.7868543351346636e-08,2.0185660530359708e-05,0.09452312978256992,0.16009948057140025,0.32376115266652833
TCGA-E1-A7YU-01A,bayesian_hierarchical,0.03946273980787251,1.049056905219096e-13,2.3075496582900696e-29,1.895370675076616e-09,1.0520736035671587e-14,0.29639692368504733,0.2941726460085954,0.3699676886029986
TCGA-E1-A7YV-01A,bayesian_hierarchical,0.12725465724508153,8.717883837891963e-06,1.0715455248811434e-09,2.2865381690877306e-14,3.12741879689023e-10,0.5558572606896245,0.09209222759307814,0.2247871352040676
TCGA-E1-A7YW-01A,bayesian_hierarchical,0.09313100372707413,2.3806133520666422e-05,2.5360108444255264e-06,1.2858598847765455e-19,5.203800072163823e-12,0.22730912223755995,0.11813809712591843,0.5613954347598786
TCGA-E1-A7YY-01A,bayesian_hierarchical,0.1614072585484207,4.684349547663621e-13,3.0912066759342784e-11,3.36497607522536e-07,5.4788592015814845e-18,0.1582860008996613,0.32634196159350776,0.3539644424294222
TCGA-E1-A7Z2-01A,bayesian_hierarchical,0.03183139244564945,2.7663670285822196e-20,2.756956670118804e-06,5.022594440079426e-34,8.529810770130271e-11,0.12628059048381587,0.1382771811813567,0.7036080788472098
TCGA-E1-A7Z3-01A,bayesian_hierarchical,0.0729087191046368,0.0015471777671452428,8.699447517154337e-19,7.425128983908156e-05,8.596536000656426e-28,0.3051537316300149,0.1325896823879662,0.48772643782039776
TCGA-E1-A7Z4-01A,bayesian_hierarchical,0.1086770661910822,7.796328239901815e-16,5.988112060769623e-15,2.3009493382974324e-05,0.0001479838809354235,1.1647679944802294e-15,5.2184124191501734e-15,0.8911519404345862
TCGA-E1-A7Z6-01A,bayesian_hierarchical,3.833452685367008e-16,2.446053093020477e-10,4.492441516744622e-20,3.378316331628174e-08,0.00014076857998820426,0.4183926783047847,0.019594472888153625,0.5618720461993044
TCGA-EZ-7264-01A,bayesian_hierarchical,0.21335297889608607,1.8528801007900323e-21,1.9312934005250318e-14,1.301740414560976e-10,8.548238741805248e-07,0.3081200792676488,0.22010546416342672,0.2584206227187709
TCGA-F6-A8O3-01A,bayesian_hierarchical,0.2506598204743997,2.7257786674652824e-06,9.20820436021538e-06,7.924296247481691e-07,9.125892127180544e-10,0.3474795041793487,0.10243117171141557,0.2994167763095943
TCGA-F6-A8O4-01A,bayesian_hierarchical,0.1661269514866408,6.004679387909965e-26,2.9300077725684497e-09,1.4187488955841337e-11,6.677022730539534e-08,0.1520361877333071,0.17401219349278957,0.50782459757284
TCGA-FG-5962-01B,bayesian_hierarchical,0.1344760543018749,6.333636154765586e-20,7.4889613434191134e-06,4.218776438024443e-05,1.4859562931939725e-08,0.2543415750368365,0.1751865744874444,0.43594610458855754
TCGA-FG-5963-01A,bayesian_hierarchical,0.01331536685627021,0.16724298217700118,3.98441561397128e-10,6.762375977950364e-16,1.133692437804629e-20,0.15492222051856466,0.4523487753534687,0.21217065469625312
TCGA-FG-5963-02A,bayesian_hierarchical,0.07538020744448881,0.0009724892048383331,3.080602559197739e-20,2.6188515286784952e-08,3.4454500985742025e-20,0.8410545279396745,0.06688513119435063,0.015707618028132402
TCGA-FG-5964-01A,bayesian_hierarchical,0.1124089849376415,0.018263265285675564,1.5974493127376977e-11,3.8250525230241196e-09,6.992882812549324e-05,0.2095553608679516,0.289091366001737,0.3706110902378419
TCGA-FG-5965-01B,bayesian_hierarchical,0.06490505798498877,1.830581255763682e-10,1.73749329671561e-20,2.0993804335534025e-07,0.000543069244808885,0.24185374721278313,0.1160877470661279,0.5766101683701899
TCGA-FG-6688-01A,bayesian_hierarchical,4.6866992063737856e-08,0.07103571524354955,2.520507209465945e-12,0.00010500945740849672,8.846268970696534e-17,0.11916535255869112,0.2780072675955301,0.5316866082753081
TCGA-FG-6689-01A,bayesian_hierarchical,0.028563857893430928,1.9092527064867876e-23,2.2317995913429927e-07,8.160111407095719e-16,4.847987415187383e-19,0.4341600705947839,0.1678566882938067,0.3694191600380185
TCGA-FG-6690-01A,bayesian_hierarchical,0.11364699627178375,0.0003376240259675368,6.381761248380959e-11,1.815496089027267e-19,5.28021475967181e-12,0.40176809132306424,0.05750486242688271,0.42674242588320377
TCGA-FG-6691-01A,bayesian_hierarchical,0.10504302434143967,0.21133783795313654,3.375521805146303e-24,1.3098891720427926e-09,1.6362738285725578e-05,0.2734179016702495,0.0727034819981429,0.33748138998885646
TCGA-FG-6692-01A,bayesian_hierarchical,0.1063991246471106,9.460686842582684e-10,6.357798876586491e-08,2.4897410465196066e-09,0.0018924237293141807,0.569819794952394,0.026810895280917107,0.2950776943764657
TCGA-FG-7634-01A,bayesian_hierarchical,0.05504400715424181,0.035071296847731886,2.9819698499316343e-10,2.1890843620098105e-07,1.708665550094659e-20,0.6268016597395011,0.16057547808035022,0.12250733897154187
TCGA-FG-7636-01A,bayesian_hierarchical,0.13104862525822553,6.342270271157577e-13,2.3909063186236363e-21,2.857364519730596e-11,2.6125936042135917e-09,0.16652000870418726,0.2300438287992513,0.4723875345965344
TCGA-FG-7638-01B,bayesian_hierarchical,0.030888967068213515,2.1705460417215214e-05,3.5606117496743397e-07,6.5013601965490865e-09,1.2031821150069793e-05,0.49652740267869183,0.13258977081808088,0.3399597595909113
TCGA-FG-7641-01B,bayesian_hierarchical,0.07804888178887018,2.646818650309649e-09,7.08545642026516e-07,3.1904408496004775e-05,1.8776408800306616e-16,0.40096778190718196,0.2573311923858953,0.26361952831709573
TCGA-FG-7643-01A,bayesian_hierarchical,0.015416389671679185,9.101579459986797e-07,1.0034107953208777e-08,3.381768233176814e-20,3.4369830748979677e-06,0.24558960919432957,0.4123505632741839,0.32663908068467856
TCGA-FG-8181-01A,bayesian_hierarchical,0.1322036769819748,2.3037607219898033e-06,1.6709788803629805e-06,1.7850583997838847e-23,0.0007249354103616395,0.34771980335089553,0.21304677685219253,0.30630083266497315
TCGA-FG-8182-01A,bayesian_hierarchical,0.13763236589437589,0.02828897830748168,1.0198438290729552e-06,0.0001443752475315296,7.386546999464692e-05,0.2499007070254922,0.32609180315896485,0.25786688505233013
TCGA-FG-8185-01A,bayesian_hierarchical,0.16757104378941567,4.2136459304113996e-08,1.8769329719504916e-23,2.676666208177524e-10,2.3479493280931536e-07,0.37875341449036837,0.12933954013259727,0.3243357243885602
TCGA-FG-8186-01A,bayesian_hierarchical,0.10631056318463668,2.0098638295967102e-15,9.327740054582098e-08,1.4184715677067276e-05,0.0024229497042010384,0.16836496837045806,0.1740249510153001,0.5488622897323244
TCGA-FG-8187-01A,bayesian_hierarchical,1.047809598284674e-05,1.6599178279080524e-10,1.4990168608852107e-11,0.00013481788163889727,1.594620075260746e-08,0.1211030834328036,0.4967873142851942,0.38196429017719774
TCGA-FG-8188-01A,bayesian_hierarchical,0.020505734035337723,0.008868189904571227,1.770743088450425e-17,3.0013512221640067e-12,1.6225690599565677e-18,0.31999631220011665,0.31355101243433686,0.33707875142263605
TCGA-FG-8191-01A,bayesian_hierarchical,0.03775997756376475,0.00842743332971833,1.6664036153521827e-06,4.929044189185219e-07,1.613734330925821e-16,0.2481506692996248,0.33601791016672494,0.3696418503321328
TCGA-FG-A4MT-01A,bayesian_hierarchical,0.28961028342458495,7.319750126794725e-05,1.7276050187513441e-09,4.645193990851502e-18,1.2462419554060991e-12,0.24569702734108026,0.08917664180974076,0.37544284819447477
TCGA-FG-A4MT-02A,bayesian_hierarchical,0.18263998007175658,0.007312142312022319,2.8897038047063897e-16,1.1899789199587914e-11,7.451206502093443e-05,0.11663986300185257,0.2783020976504858,0.4150314048869617
TCGA-FG-A4MW-01A,bayesian_hierarchical,0.11189041112304016,1.2643508724383743e-10,3.3355786957778794e-07,5.092354411373793e-06,2.8364154375861558e-11,0.2671743491271377,0.27892660207126385,0.34200321161147806
TCGA-FG-A4MX-01A,bayesian_hierarchical,0.11777585081097472,8.039915181465e-06,3.393624328086798e-11,2.357569143207175e-05,1.6640236627092476e-05,0.5643587871700297,0.12140666719444437,0.19641043894737428
TCGA-FG-A4MY-01A,bayesian_hierarchical,0.02740192737831882,1.2073051420371781e-05,1.7250848313529e-19,6.814588427804819e-09,2.8122612328574172e-39,0.12607898690476296,0.4693133544268508,0.37719365142405853
TCGA-FG-A60J-01A,bayesian_hierarchical,0.10890397653245394,0.010597081415368264,4.977809959360804e-10,5.3134122146788055e-05,1.383761828031663e-10,0.17862289863183764,0.14710828768618164,0.5547146209758546
TCGA-FG-A60K-01A,bayesian_hierarchical,0.07347268131376558,4.233513147725145e-23,6.361764831451029e-10,5.546956322693029e-16,1.4857264312175373e-12,0.4825831214958354,0.10313854895471743,0.3408056475980189
TCGA-FG-A60L-01A,bayesian_hierarchical,0.0370053310571535,0.05404490567666009,5.172000677589119e-30,2.5138258650796982e-15,9.00745642662355e-09,0.12451829365068476,0.29678109250753887,0.4876503681005037
TCGA-FG-A6IZ-01A,bayesian_hierarchical,0.2820023211039707,1.8402554039301448e-07,1.1823243478293531e-12,6.210512985057021e-06,0.00014432834813515053,0.1555854907425097,0.15655414234362064,0.4057073229220559
TCGA-FG-A6J1-01A,bayesian_hierarchical,0.15023012321896997,6.274146315929448e-54,1.0464719446358228e-18,0.0001025950820141157,5.854657710772305e-18,0.43297222504562743,0.08553772939508156,0.3311573272583069
TCGA-FG-A6J3-01A,bayesian_hierarchical,0.04217527315322349,0.1689912588082,2.3153170054104038e-05,1.1390402219625942e-05,0.00015331205110511768,0.1151647833083059,0.19799301815832526,0.4754878109485665
TCGA-FG-A70Y-01A,bayesian_hierarchical,0.03463198563958417,0.043870412318333586,1.1035804088452023e-26,9.309865238198914e-05,4.138729917532828e-13,0.25012617910297663,0.2697640184045121,0.40151430588179765
TCGA-FG-A70Z-01A,bayesian_hierarchical,0.07559557367113545,0.056900064449927526,4.08395897860764e-10,2.746022381815413e-07,8.871074155083991e-10,0.5056944204441136,0.03235754369991858,0.32945212183716344
TCGA-FG-A710-01A,bayesian_hierarchical,0.11488796826579646,0.06916427078231306,2.6929801304274427e-21,0.00013484510100067728,7.406832854984753e-06,0.4026596343937355,0.10438042773395532,0.3087654468903441
TCGA-FG-A711-01A,bayesian_hierarchical,0.05926414689837509,1.0750521105308947e-11,6.760956978886836e-05,7.93197969141836e-09,8.340980566619347e-22,0.31683262855615657,0.11543683264889307,0.5083987743840561
TCGA-FG-A713-01A,bayesian_hierarchical,0.09187314563865295,9.696545462652468e-17,2.176650516831886e-06,7.893606990957579e-07,7.067986266265497e-06,0.18959000996139827,0.4215291588201292,0.2969976515823373
TCGA-FG-A87N-01A,bayesian_hierarchical,0.23150326321525297,0.03519680328851228,4.135396829958815e-05,6.958499676107127e-16,6.042665155567823e-05,0.4854287227092591,0.1562574224128886,0.09151200775423114
TCGA-FG-A87Q-01A,bayesian_hierarchical,4.392168921792305e-11,0.0970473634853431,1.5045963379638894e-13,3.7417562847668134e-30,5.875993745995032e-10,0.2589872234905606,0.3131136948631601,0.33085171752926473
TCGA-FN-7833-01A,bayesian_hierarchical,0.035135956693363495,0.13696764161009967,2.5626980781357133e-12,6.634569559644882e-14,1.2496311867785571e-11,0.3094165040023591,0.021095526015866263,0.49738437166318605
TCGA-HT-7467-01A,bayesian_hierarchical,0.023402576651663367,8.549160874454725e-18,4.053057644693014e-18,3.2409884764636534e-09,1.8648336128619504e-05,0.14833625127602326,0.629597218112436,0.19864530238276012
TCGA-HT-7468-01A,bayesian_hierarchical,0.12949745338862523,1.8677463500148818e-11,6.3046407137479615e-09,1.0811213801786218e-09,6.678934838088554e-08,0.5072026271408141,0.08634222664402484,0.2769576186327478
TCGA-HT-7469-01A,bayesian_hierarchical,0.2887021741517568,1.1324178750465453e-18,9.532311373070484e-13,3.302413958903398e-08,8.783445962565967e-20,0.30583993043128727,0.09586060810246946,0.30959725428939355
TCGA-HT-7470-01A,bayesian_hierarchical,0.05274398278751245,6.7632274538561965e-09,7.651302693315384e-11,1.244416988455701e-11,4.3738544934305023e-07,0.1786564214539519,0.38084969920000256,0.38774945232089925
TCGA-HT-7471-01A,bayesian_hierarchical,0.16500191371696346,0.05808059877673762,5.242252863337131e-07,2.040036798378302e-07,6.24552280572223e-06,0.3499895341349952,0.12367754858620837,0.3032434310333236
TCGA-HT-7472-01A,bayesian_hierarchical,0.07037086357532629,4.3335118626092965e-12,1.707105298167656e-08,1.9193648107031147e-07,2.0282382674348467e-06,0.35593296186616047,0.12283831478439383,0.45085562252398437
TCGA-HT-7473-01A,bayesian_hierarchical,0.026892417713184513,0.1827703100061241,2.5065392995263612e-05,6.494655896666501e-19,4.5039239896009965e-05,0.19119477697892082,0.06940678320699417,0.5296656074618852
TCGA-HT-7474-01A,bayesian_hierarchical,0.03792531444971418,1.2788412249584744e-09,5.922949814116639e-15,3.858908872138341e-10,1.4833089818329356e-22,0.06557603953079985,0.3510608020427708,0.5454378423119772
TCGA-HT-7475-01A,bayesian_hierarchical,0.12902419909289184,2.737097793221766e-12,1.126235471220212e-36,0.00011921830326595175,2.7106915374632116e-11,0.22291373332543007,0.27572206519552256,0.37222078405304543
TCGA-HT-7476-01A,bayesian_hierarchical,0.06709088218294987,3.728758713217651e-18,1.7130176616551663e-10,3.4803230344529504e-08,0.0002661576152277845,0.5467251665254801,0.142429028700105,0.24348873000170518
TCGA-HT-7477-01B,bayesian_hierarchical,0.19748242714389724,5.863551509841159e-34,5.912885574500949e-31,9.283138708590087e-15,0.0002405792020495532,0.5610273374288789,0.09682431648481778,0.14442533974034727
TCGA-HT-7478-01A,bayesian_hierarchical,0.04034103048485445,0.10981548422439882,5.115207569989861e-22,1.621577843214986e-07,4.107126638569441e-07,0.436743451311295,0.09234995137080929,0.3207495097381943
TCGA-HT-7479-01A,bayesian_hierarchical,8.001382450097956e-11,0.017647376194822772,1.501912981965242e-29,1.1868290576621633e-10,1.2102448694849781e-06,0.14180524602007977,0.3787124443857008,0.4618337229558305
TCGA-HT-7480-01A,bayesian_hierarchical,0.09497069947101634,4.674660572854436e-11,1.953310194805941e-18,3.1511576130375655e-12,2.6098620077651798e-17,0.5480898865632507,0.14129746830936046,0.21564194560647457
TCGA-HT-7481-01A,bayesian_hierarchical,0.03472811934886777,7.469768337233151e-17,2.071982315566803e-16,2.4637710964281467e-15,1.711507605207452e-05,0.14282055579774502,0.5087639546467143,0.31367025513061797
TCGA-HT-7482-01A,bayesian_hierarchical,8.237881842115347e-13,0.024746341421860503,9.071075867030977e-06,1.7794371552420347e-10,9.59163369222791e-11,0.30431418435047364,0.2645821831881986,0.40634821968891643
TCGA-HT-7483-01A,bayesian_hierarchical,0.10501485881438843,2.6886351222662986e-10,4.042243372861481e-18,1.6869917291976126e-06,2.2202490418722118e-08,0.4999831419537073,0.0798977356081215,0.31510255416069965
TCGA-HT-7485-01A,bayesian_hierarchical,4.2713507945864924e-05,5.714041531783523e-08,1.0334606998090651e-07,7.496732556113891e-07,9.802003388608113e-08,0.13245152984500994,0.21700767347754432,0.6504970749897251
TCGA-HT-7601-01A,bayesian_hierarchical,0.00031237172908434973,0.18725973152593306,1.6259627060986488e-10,1.418302643322132e-05,9.604835696094728e-09,0.21126645071846037,0.2819433195181525,0.3192039337145047
TCGA-HT-7602-01A,bayesian_hierarchical,3.122073808158277e-10,6.785911125563115e-12,1.1273636551410527e-20,9.336824669518597e-08,6.248317667675965e-09,0.3642910293076083,0.2864474512655438,0.3492614194912903
TCGA-HT-7603-01A,bayesian_hierarchical,0.09885254631244292,2.7241562901220143e-14,5.31991186163524e-18,4.2683403153502726e-05,0.0001449035814845505,0.20453798945068194,0.3287078240440424,0.36771405320816747
TCGA-HT-7604-01A,bayesian_hierarchical,0.1525911098203004,8.455313221717929e-08,3.209302875668378e-14,2.143213661682683e-31,1.2166590254956231e-11,0.33730717362055895,0.11390378369001593,0.39619784830379373
TCGA-HT-7605-01A,bayesian_hierarchical,0.04006640689320648,7.222907274313657e-10,1.9810669017590358e-08,1.525970710605859e-05,1.347024392226216e-28,0.25498268032230065,0.2970009514970439,0.4079346810473832
TCGA-HT-7606-01A,bayesian_hierarchical,0.18237036384349797,6.916510487461096e-09,2.3580453882479823e-15,3.423153661902696e-10,9.965594339358401e-13,0.45949692787716834,0.11398146839590476,0.2441512326236042
TCGA-HT-7607-01A,bayesian_hierarchical,0.07148041519609301,5.187798149784788e-09,1.4826688687856943e-17,7.298757095885233e-12,1.9595097223518047e-09,0.1020677585552622,0.3222479783012567,0.5042038407927815
TCGA-HT-7609-01A,bayesian_hierarchical,0.10544322865793422,0.021988977735293347,2.4060567241839348e-06,3.2504333150415245e-08,1.2070220140211918e-09,0.38825720509283457,0.08367271743448089,0.40063543131137763
TCGA-HT-7610-01A,bayesian_hierarchical,0.17488829678406675,6.1002120779112365e-21,1.8093238407527372e-08,6.819587964607336e-05,1.3190636479481763e-27,0.1791509580036231,0.3027467898153558,0.34314574142406995
TCGA-HT-7611-01A,bayesian_hierarchical,0.07589194921935173,0.0468017057410316,6.67017831730666e-08,2.2481935804629014e-08,3.183238705299645e-05,0.0759149202757348,0.15419117850529568,0.6471683246878142
TCGA-HT-7616-01A,bayesian_hierarchical,0.027334995982428244,0.020262098170824836,9.754703106930795e-26,5.208719526054473e-10,0.5184800719691256,0.2799119584938301,0.038453367235955195,0.11555750762696401
TCGA-HT-7620-01A,bayesian_hierarchical,1.2425941823053116e-09,3.864069974923637e-08,2.1285905071423473e-16,1.560665903140157e-09,5.158254255399388e-12,0.0006478449455969678,0.6434203695709081,0.35593174403437655
TCGA-HT-7676-01A,bayesian_hierarchical,0.13382718720267472,0.12511730531497048,2.2392794295987625e-15,7.832176809966659e-06,0.0006098948666721902,0.12574185938060145,0.16112173842967137,0.4535741826285976
TCGA-HT-7677-01A,bayesian_hierarchical,0.11524103356316115,1.873080360520459e-15,2.5608780449305374e-05,5.030968664376729e-20,6.529584037807478e-17,0.42627030769641405,0.18355221898960622,0.27491083097036745
TCGA-HT-7680-01A,bayesian_hierarchical,0.003163796529931869,2.9062761813340893e-14,3.035748278970399e-06,2.915731120087343e-13,2.080943545674917e-12,0.34793090228519447,1.2689311771818118e-05,0.6488895761224213
TCGA-HT-7681-01A,bayesian_hierarchical,0.07408496994122003,1.2195622775567191e-05,1.1986433485985768e-07,1.4264516173114222e-06,3.221062031303989e-14,0.38471248955500387,0.19506579211466582,0.34612300645035027
TCGA-HT-7684-01A,bayesian_hierarchical,0.01573306858404309,4.694053145691622e-10,1.5889405990227227e-06,2.2025257024399433e-06,7.947623830456102e-06,0.45607148666640146,0.08540145725629511,0.44278224793372306
TCGA-HT-7686-01A,bayesian_hierarchical,0.017740095503061666,0.11917123336512299,3.6796973875295685e-20,5.037850491348155e-24,5.358413184961085e-14,0.41739752099800964,0.07999705448212642,0.3656940956516258
TCGA-HT-7687-01A,bayesian_hierarchical,0.22241772755563616,1.1685307118866393e-11,2.7961115553745164e-06,1.5466087695738888e-06,1.1846805038585863e-14,0.33100463142038516,0.21903553496232248,0.22753776332963419
TCGA-HT-7688-01A,bayesian_hierarchical,0.1610560635862056,2.0996620520195116e-05,3.354405094581769e-08,1.8326069015179843e-13,9.854210146293379e-08,0.13577091818013287,0.3821745114049034,0.32097737812190236
TCGA-HT-7689-01A,bayesian_hierarchical,0.048241213390186846,4.282449225602581e-08,4.742107957780505e-39,1.563455876538486e-07,5.238480748412008e-06,0.05108503609339072,0.39503736908914255,0.5056309437764516
TCGA-HT-7690-01A,bayesian_hierarchical,0.11079403699456211,0.10222011036135159,3.214427869738038e-14,4.5560532592175474e-08,2.6870147325384666e-15,0.32092909198845526,0.14178845714483698,0.32426825795022657
TCGA-HT-7691-01A,bayesian_hierarchical,5.9211095653201025e-08,0.008214359856189287,1.2732721386001782e-08,4.164410797886553e-12,7.285922652153436e-06,0.68618470487623,1.2575040573087165e-11,0.3055935773843722
TCGA-HT-7692-01A,bayesian_hierarchical,0.16819962266579466,1.193172625956559e-09,8.507610252037409e-12,1.1377294351592352e-07,6.612092340536602e-10,0.28163565187696427,0.1370028073533595,0.4131618024680486
TCGA-HT-7693-01A,bayesian_hierarchical,0.0650436335113375,0.08639239518906645,1.8061794318645127e-06,3.402757716288318e-12,4.0965214745887767e-19,0.6193323587795182,0.06712906015838817,0.16210074617885514
TCGA-HT-7694-01A,bayesian_hierarchical,0.05997407170971204,2.7776973377178456e-12,6.142198290398101e-28,3.8597784899172056e-11,3.2796824704321594e-05,0.18130101196332088,0.3995551022633331,0.3591370171975542
TCGA-HT-7695-01A,bayesian_hierarchical,0.09865842663806931,4.881963952439663e-19,9.256085777921604e-19,0.00031921897621364965,1.1795218222393826e-09,0.3157683381582469,0.2636604750519305,0.3215935399960177
TCGA-HT-7854-01A,bayesian_hierarchical,2.263998402424232e-15,0.013729203707123772,1.1724993430964947e-08,1.169992353718298e-14,2.8124896875847726e-06,0.135321053523508,0.13141877683861009,0.7195281417160633
TCGA-HT-7855-01A,bayesian_hierarchical,0.10377421211625097,2.0093137451569243e-17,7.873337253752677e-26,1.3514745225037106e-05,6.433032195248393e-10,0.5869518726783982,0.06524386017658086,0.2440165396402418
TCGA-HT-7856-01A,bayesian_hierarchical,0.0748655054622634,1.4464622263517606e-14,6.932700838482846e-09,4.427557163127405e-26,0.0002639046182190716,0.16906612425311895,0.43823950500329645,0.31756495373038685
TCGA-HT-7857-01A,bayesian_hierarchical,0.05765659892123071,0.304077047669331,2.7647857298992274e-11,2.713356491397681e-06,3.0391386833092932e-21,0.47400810442404523,0.05301621588633578,0.11123931971491796
TCGA-HT-7858-01A,bayesian_hierarchical,0.06732724895214197,0.01382410305537174,4.7841037690649225e-12,4.882825153425114e-24,4.061620703934466e-18,0.243543795437466,0.3206494261166866,0.35465542643354964
TCGA-HT-7860-01A,bayesian_hierarchical,1.274643117376002e-10,2.8360607019952583e-14,2.0439287342361317e-11,3.184793485630651e-05,1.5116069340864084e-05,0.39296196572617753,4.300891221140828e-06,0.6069867692304722
TCGA-HT-7873-01B,bayesian_hierarchical,0.06398930588118201,4.80847008982103e-10,4.30546073160841e-07,1.5046006151143736e-06,8.928270861569966e-28,0.40268002947184156,0.1808689920377243,0.3524597369817169
TCGA-HT-7874-01A,bayesian_hierarchical,0.06943708076640229,2.9159704906855694e-06,3.2216417494052743e-06,1.716696952799539e-15,7.754205153549746e-06,0.17956417165707597,0.3361196233069883,0.4148652324521381
TCGA-HT-7875-01A,bayesian_hierarchical,0.06398633595743404,3.091597940380562e-09,2.3572718604320713e-05,6.397623268019983e-14,1.677704194847782e-09,0.6225736141561551,0.06616287513654731,0.24725359726189317
TCGA-HT-7877-01A,bayesian_hierarchical,0.0609341166473118,1.3653556200508153e-07,3.535282715913435e-09,2.4105224926851854e-11,1.2140692108736186e-06,0.4341982259579642,0.24102490167798482,0.26384140155257835
TCGA-HT-7879-01A,bayesian_hierarchical,0.09300060843736856,9.512130888135242e-36,1.2972517291868964e-09,4.134208169612524e-05,9.66126348455758e-07,0.30705990856951193,0.18106030324896294,0.4188368702388602
TCGA-HT-7880-01A,bayesian_hierarchical,0.03536136935347308,1.330055618454289e-07,2.5227964901567406e-05,4.2691416237440506e-05,1.4126203265202133e-14,0.08436180739152269,0.41927333367264286,0.46093543719564634
TCGA-HT-7881-01A,bayesian_hierarchical,0.03147800676029188,1.394244200142026e-08,1.5659451052731448e-06,7.111675774947493e-25,3.574327927763051e-05,5.744813965730149e-07,0.6371427030042354,0.3313413925872513
TCGA-HT-7882-01A,bayesian_hierarchical,0.013786120183374821,0.16816468642470506,2.5771681156349357e-34,2.9326760111180626e-06,6.256929289579311e-07,0.7660859637531721,0.012689154164467671,0.03927051710534029
TCGA-HT-7884-01B,bayesian_hierarchical,0.06377767397318183,2.4280599118858926e-09,1.1818455373363787e-10,1.9144606194331726e-05,4.43183495395347e-43,0.18475893063111729,0.3687899563321493,0.3826542919111128
TCGA-HT-7902-01A,bayesian_hierarchical,3.5956559345773595e-07,2.238961298587156e-08,3.966655532861226e-07,8.883761759706131e-11,1.338255436243979e-07,6.125568194510115e-22,0.780173592891751,0.21982549457310804
TCGA-HT-8010-01A,bayesian_hierarchical,0.0012066268780796458,8.718926760602176e-11,2.0617974224033876e-08,2.9912498618666068e-05,1.5519702473953506e-05,0.41961132628244596,0.08347057346981245,0.495666020463406
TCGA-HT-8011-01A,bayesian_hierarchical,0.13115417529349271,2.577024566432684e-06,1.2746412879058442e-09,2.69767656230655e-21,3.0864772175281498e-18,0.5811330063435719,0.04005243729782372,0.24765780276590377
TCGA-HT-8012-01A,bayesian_hierarchical,0.15984227818014593,1.0248192465954158e-22,1.5447128568438468e-05,3.8369093944271965e-18,2.5115847492379916e-06,0.527091464589987,0.09791841968244115,0.21512987883410825
TCGA-HT-8013-01A,bayesian_hierarchical,0.0879186411801791,0.33172241970411337,5.987154481648602e-11,2.6609131084827517e-12,2.960452987185241e-08,0.10181990364690686,0.11988267847767009,0.35865632732406816
TCGA-HT-8015-01B,bayesian_hierarchical,0.07836353994175584,5.154121126904592e-12,7.645754350971113e-11,9.704362455975721e-11,1.4630701810955074e-08,0.20063840920721465,0.3172633491392256,0.40373468690244685
TCGA-HT-8018-01A,bayesian_hierarchical,0.05768003768232524,0.04198950155879063,1.5432358819782233e-25,5.375916388764327e-10,3.964634477290877e-11,0.49414847270273066,0.09882434138447366,0.3073576460944418
TCGA-HT-8104-01A,bayesian_hierarchical,0.08862623992411599,3.314739660386861e-25,2.0155410234269649e-07,2.5265539114898916e-09,0.00014786195870895567,0.3732415528212558,0.14797372493062938,0.3900104162846337
TCGA-HT-8105-01A,bayesian_hierarchical,0.11550144237656687,2.9645793683473535e-09,3.936917590326027e-33,1.6522138915110628e-08,9.632387179309884e-06,0.5557517559833582,0.1272444316586094,0.20149271810756786
TCGA-HT-8106-01A,bayesian_hierarchical,3.726692047531534e-05,0.3549148766432498,3.91116502337782e-15,2.1766343457810398e-11,0.25671709989560226,0.1587619254452416,0.11963235639012969,0.10993647468353096
TCGA-HT-8107-01A,bayesian_hierarchical,0.07557982718907229,1.1937413942089584e-11,3.0210041788650195e-07,2.1599152027323274e-08,4.936136684441076e-17,0.15828569664371597,0.48786519230428416,0.27826896015142016
TCGA-HT-8108-01A,bayesian_hierarchical,0.15947796714880444,0.04870616856399592,2.827312545334502e-05,1.655022434754213e-08,1.3225639359262707e-06,0.39747562496342015,0.08320415789540465,0.31110646918876106
TCGA-HT-8109-01A,bayesian_hierarchical,0.06638172858086606,6.6678172104443675e-12,1.9121604344830956e-05,1.7781047119101301e-07,1.469256268523759e-08,0.2674809966169011,0.3010458078500222,0.365072152838164
TCGA-HT-8110-01A,bayesian_hierarchical,0.0009909749062654413,0.2837386512590057,2.153859304156947e-12,1.8316882102449976e-16,4.407061717013297e-05,0.12025037522685411,0.04776108719205585,0.5472148407964947
TCGA-HT-8111-01A,bayesian_hierarchical,1.0805806010865347e-14,3.149796599977584e-07,8.597190849622515e-07,2.376660065544437e-13,2.9882062290232806e-29,0.2713615274326224,0.260810398864013,0.46782689900437124
TCGA-HT-8113-01A,bayesian_hierarchical,0.107127818741872,4.5481026481352706e-07,1.2195445152348666e-11,0.00020326311045502425,4.625692347753892e-16,0.17101797463227386,0.3770526847998584,0.34459780389308003
TCGA-HT-8114-01A,bayesian_hierarchical,0.08407147779941239,0.044349594142714804,1.4813850073965826e-11,6.664272572281182e-31,0.0011250954898187268,0.35512722284437925,0.05104781973790673,0.4642787899709544
TCGA-HT-8563-01A,bayesian_hierarchical,2.380675254900699e-34,0.29113083729937306,4.227205777268149e-18,4.42753109764259e-12,1.6813830034843717e-13,0.5587099976769614,1.9437878210927484e-13,0.1501591650188754
TCGA-HT-8564-01A,bayesian_hierarchical,0.09953012064810429,4.1491622172388843e-11,9.711964028104043e-05,5.028669918412146e-10,4.2113696541596843e-07,0.3919467802366755,0.21649981979466548,0.29192573799894955
TCGA-HT-A4DS-01A,bayesian_hierarchical,0.0902724327515444,0.1622788879606881,2.297624536573223e-06,3.063386925365663e-05,7.568182941656001e-08,0.25246892204993066,0.04537968544411615,0.44956706461810103
TCGA-HT-A5R5-01A,bayesian_hierarchical,0.014972211699361708,0.015958048966925212,1.546404250991418e-08,2.5059260509386414e-25,8.563560721256439e-41,0.3229181521212806,0.03133267513986611,0.6148188966085237
TCGA-HT-A5R7-01A,bayesian_hierarchical,0.0923439750595492,1.8762556981154404e-09,1.149062930591157e-16,2.36216798147029e-06,3.4318980485675835e-14,0.04293900005420338,0.3393657223430453,0.5253489384989306
TCGA-HT-A5R9-01A,bayesian_hierarchical,0.2635067969220966,1.841717666830207e-19,2.756018420132975e-07,3.580526849047387e-14,6.369737067865448e-08,0.42577023385636814,0.13561505239076996,0.17510757753151684
TCGA-HT-A5RA-01A,bayesian_hierarchical,0.044450877929986476,0.02135720156589317,1.0386036243615623e-10,8.689435037420677e-10,2.0854010525448288e-05,0.6467267066011114,3.58446926769974e-06,0.2874407744504119
TCGA-HT-A5RB-01A,bayesian_hierarchical,0.17388318970551817,9.212096810082748e-18,3.706023336967596e-10,1.0815635718658948e-13,8.167028232620743e-15,0.2382915775898231,0.20095058408664712,0.386874648247293
TCGA-HT-A5RC-01A,bayesian_hierarchical,0.0637905684638462,0.01742547946868444,1.3347029372620099e-09,9.889105669197892e-06,0.000501374816946774,0.3201228279307279,0.08869059480624189,0.5094592640731807
TCGA-HT-A614-01A,bayesian_hierarchical,0.0525054412703622,1.0503192038608315e-10,1.0822973782545007e-25,4.5274790588550725e-06,1.7388482708533342e-05,0.09308206987673227,0.4457234921008112,0.40866708068529495
TCGA-HT-A615-01A,bayesian_hierarchical,0.06337161501808036,8.61173250278333e-21,5.573261075260185e-08,2.8147989375408184e-10,6.366403624624524e-12,0.47932691643375,0.14461004252265222,0.31269137000506053
TCGA-HT-A616-01A,bayesian_hierarchical,0.11095261915588582,1.3534539584007826e-32,3.135042674505698e-23,5.27570954748073e-09,3.537728334377407e-08,0.2850255732255069,0.1902285971389028,0.4137931698267115
TCGA-HT-A617-01A,bayesian_hierarchical,3.775595229288774e-08,0.10305067243549004,6.846153767828423e-05,1.995352081424157e-15,6.142464522454382e-11,0.329736421865024,0.11394917073492779,0.45319523560950087
TCGA-HT-A618-01A,bayesian_hierarchical,0.01081510992013938,0.1469100048863899,9.005912302194799e-15,9.643696403091778e-07,9.382812928477444e-11,0.23881588743571763,0.0882768615741413,0.5151811717201343
TCGA-HT-A61C-01A,bayesian_hierarchical,0.14781684792636085,0.10217998007364439,7.407950221984167e-32,4.008525479324508e-14,6.4245685820511515e-06,0.4985011511266103,0.1307169060309156,0.12077869027384684
TCGA-HT-A74H-01A,bayesian_hierarchical,6.294057922596024e-08,3.6647084177464135e-10,4.787581480303515e-10,6.727234967493715e-10,6.060863393033406e-06,0.10967145275676295,0.30210789408396244,0.5882145278373498
TCGA-HT-A74J-01A,bayesian_hierarchical,0.14067396033646315,4.400745273881813e-08,6.188080193479536e-07,1.9526033880413348e-14,6.845083699439193e-07,0.10610120116982073,0.1599592595425109,0.5932642316273437
TCGA-HT-A74K-01A,bayesian_hierarchical,0.1013141292331889,7.589939097079171e-16,2.0127392190316982e-19,8.69117251778678e-10,1.3285143715688661e-05,0.444025091251459,0.22271744589738834,0.2319300476051301
TCGA-HT-A74L-01A,bayesian_hierarchical,0.1424148731242597,2.4734646823853624e-06,1.0748749709422491e-08,6.285935479002395e-11,3.663904829984302e-08,0.3585358318450269,0.13039681923667082,0.3686499548787029
TCGA-HT-A74O-01A,bayesian_hierarchical,0.09806666606601136,0.12360230418806152,7.467852210741321e-10,1.626181601995376e-11,6.165719730407876e-05,0.20583121625843984,0.2054878272905003,0.3669503282366358
TCGA-HW-7486-01A,bayesian_hierarchical,2.463599929050351e-06,1.4884984783670207e-05,8.660420552903138e-08,5.5271830206156935e-11,7.954542931616003e-05,0.07508727259278772,0.6975233361423177,0.22729241059138863
TCGA-HW-7487-01A,bayesian_hierarchical,0.1012261240030457,5.1926096194996155e-18,5.99422958667426e-51,4.6067401763913135e-09,2.503589223983022e-15,0.18586595488168267,0.3588413213245493,0.35406659518397954
TCGA-HW-7489-01A,bayesian_hierarchical,0.11257398171917846,1.7793174052130803e-07,1.0016015296164599e-05,6.767522957364871e-10,1.4457041691682802e-08,0.18848891036900656,0.23470743418807016,0.46421946464291425
TCGA-HW-7490-01A,bayesian_hierarchical,0.028457674912705403,7.836446889692254e-09,1.6459018112416811e-15,6.0992515478794935e-21,3.216620587667368e-05,0.5552214446459913,0.04746360838979843,0.3688250980091796
TCGA-HW-7491-01A,bayesian_hierarchical,0.2047635479171907,1.173093858996963e-16,2.522953959624887e-19,1.394140855878508e-19,1.5955085741860903e-13,0.40676007410698534,0.197823157429899,0.1906532205457653
TCGA-HW-7493-01A,bayesian_hierarchical,0.06427117096839333,1.256007813042075e-06,2.0565285902142947e-19,8.665148602523818e-58,1.3919888581104745e-11,0.26039011020953967,0.0816840054742998,0.5936534573260343
TCGA-HW-7495-01A,bayesian_hierarchical,0.03816064550876639,2.0782623499083719e-16,2.502041438163166e-20,1.9101258821288293e-09,2.6111589928912867e-05,0.310168244759727,0.39090971632895427,0.26073527990249734
TCGA-HW-8319-01A,bayesian_hierarchical,0.13867688010141596,1.0620566640419856e-09,4.479111320591152e-05,2.1117629486472416e-11,4.4365546243298015e-12,0.12642240339358732,0.21127620368604924,0.5235797206181309
TCGA-HW-8320-01A,bayesian_hierarchical,0.11581347447275527,0.012342042642631494,0.00013296795236263006,1.8085573123043186e-14,3.082146621022801e-13,0.4579937499221942,0.06716471381581424,0.34655305119391594
TCGA-HW-8321-01A,bayesian_hierarchical,0.10270867469474657,0.005909447689898414,0.00024576743308046893,6.364955019477095e-11,5.463873381396697e-11,0.49492484123549024,0.1904162115462386,0.20579505728225728
TCGA-HW-8322-01A,bayesian_hierarchical,0.21967658585940872,6.565059092483642e-14,3.931228454164067e-13,1.541664410733069e-07,2.0421972149261085e-06,0.31077434481704663,0.23820434481376104,0.23134252814566889
TCGA-HW-A5KJ-01A,bayesian_hierarchical,0.1829482329238062,4.2254843491978816e-23,1.47774717608255e-06,1.070871072570961e-13,5.524880018652687e-05,0.5559936865202221,0.0933087234404853,0.1676926305680168
TCGA-HW-A5KK-01A,bayesian_hierarchical,9.695454614159242e-15,0.10207440464425085,5.963270463700678e-24,6.698239038417599e-09,1.4165770581735754e-24,0.0007316981350872662,0.4340141775319376,0.4631797129904756
TCGA-HW-A5KL-01A,bayesian_hierarchical,0.1209164333918614,2.042362240861458e-05,7.738992992256202e-20,9.848343346749333e-33,7.161391503318818e-24,0.24634043851503387,0.18367592307926844,0.4490467813914276
TCGA-HW-A5KM-01A,bayesian_hierarchical,0.09542445644242638,0.3599643732861132,6.850213451795632e-13,6.727120074935807e-18,6.672050560535749e-12,3.872058503471236e-06,0.0660092458026685,0.47859805240293135
TCGA-IK-7675-01A,bayesian_hierarchical,0.14202504565946591,1.5189477896162567e-06,3.339196920353069e-08,4.7200182272108914e-05,9.636304065629541e-08,0.38995913826639406,0.16042990313081973,0.30753706405824865
TCGA-IK-8125-01A,bayesian_hierarchical,0.12869715823907707,5.311060152736763e-10,1.2175568239486923e-06,0.00015516170303785093,1.0086399184318382e-25,0.30853552125428313,0.11417871130716108,0.4484322294085108
TCGA-KT-A74X-01A,bayesian_hierarchical,0.16977301851794072,6.32029230606213e-11,6.077359500654559e-06,1.66560363992861e-23,3.8651512480691642e-28,0.39891411919915765,0.1977847958887871,0.23352198897141097
TCGA-KT-A7W1-01A,bayesian_hierarchical,0.1361240619728642,4.2778551477392605e-11,2.6255867314930035e-12,1.5958650178292315e-25,2.4224231722290785e-12,0.6264823137044736,0.006621661403664372,0.2307719628711712
TCGA-P5-A5ET-01A,bayesian_hierarchical,0.05805406033666038,5.413706781355278e-07,3.706466759563772e-05,2.9768776236092333e-07,1.0670493954554248e-08,0.3954992291848065,0.27010316840492954,0.2763056276770735
TCGA-P5-A5EU-01A,bayesian_hierarchical,0.10539625877090346,0.13527341447860441,6.657541890018853e-11,1.1780172922256317e-11,5.116554881129936e-07,0.48916678912489464,0.025904506147754084,0.2442585197439997
TCGA-P5-A5EV-01A,bayesian_hierarchical,0.09951185253381815,4.199586072817209e-06,5.039745501107658e-06,7.598625758806669e-08,3.803211853689836e-05,0.4369196941171532,0.08110395801355193,0.3824171478991082
TCGA-P5-A5EW-01A,bayesian_hierarchical,0.06110829504394834,0.01622585672119861,1.6735747113028014e-08,4.755440517387707e-16,2.392560695539622e-07,0.3654072372935071,0.07817804333554802,0.47908031161398074
TCGA-P5-A5EX-01A,bayesian_hierarchical,2.261700452111822e-10,0.026102209187901664,2.8953799200412958e-09,2.2340210123250862e-08,0.5615503234847224,0.16964274921509365,3.328665524579177e-14,0.24270469265048888
TCGA-P5-A5EY-01A,bayesian_hierarchical,0.024665289321297752,1.8474224126320286e-08,6.0110265709861684e-06,7.085762497231576e-15,8.682189502754917e-09,0.16735609012026204,0.09624964113087858,0.7117229412445699
TCGA-P5-A5EZ-01A,bayesian_hierarchical,0.07543669653448266,2.113494293842366e-10,3.337030665426541e-05,1.313048938877014e-13,4.030842794111208e-15,0.263768589539088,0.43731589270664795,0.2234454507016424
TCGA-P5-A5F0-01A,bayesian_hierarchical,0.2524434471494553,1.5464274326677796e-10,3.242819978525258e-05,4.8514481841477234e-24,5.338931226656434e-08,0.15957417328913528,0.22443634602715398,0.3635135517905151
TCGA-P5-A5F1-01A,bayesian_hierarchical,7.37425372779431e-16,5.49668853200928e-13,1.560886399174536e-06,2.0702544188379392e-09,3.812347010747622e-12,0.32847468769311855,0.04628203872556771,0.6252417106202975
TCGA-P5-A5F2-01A,bayesian_hierarchical,0.03244844461130076,2.1944954511868996e-11,9.98740928502424e-07,4.830269343293975e-05,5.16512362054111e-05,0.29863075791549504,0.17720597724035364,0.49161386754033876
TCGA-P5-A5F4-01A,bayesian_hierarchical,0.12430116706146135,1.9815841984134113e-10,6.964069119016513e-14,1.2207667700243918e-05,2.8210440350823825e-10,0.25508222778954676,0.2736894469799454,0.34691495002101386
TCGA-P5-A5F6-01A,bayesian_hierarchical,1.1812613187859565e-17,0.16074787965112677,4.058511481863107e-09,0.06619323203467939,3.1322804211204376e-06,0.6197672948721846,0.04939620616456435,0.10389225093851213
TCGA-P5-A72U-01A,bayesian_hierarchical,8.985631046358648e-13,0.02560527522395067,2.0763460779453362e-11,0.00021396241294799779,2.591981868962067e-07,0.5566525993634109,3.0341949467384364e-08,0.41752787343789216
TCGA-P5-A72W-01A,bayesian_hierarchical,0.14542825300897577,2.163116831822648e-08,1.0379232835160174e-05,4.951314354315392e-13,5.379804905407299e-06,0.06630508092881453,0.16389337256656272,0.6243575128262431
TCGA-P5-A72X-01A,bayesian_hierarchical,0.03551979141117579,1.0052650632348281e-11,5.957560865823046e-06,1.0661524764991695e-24,5.952303864565235e-22,0.5328256320909641,0.055647864801426514,0.3760007541255151
TCGA-P5-A72Z-01A,bayesian_hierarchical,0.309472236188173,8.517670985155027e-19,2.3449976978705776e-20,7.300272372770352e-16,2.4538736618328467e-08,0.3611965575426266,0.22183746490875306,0.10749371682171001
TCGA-P5-A730-01A,bayesian_hierarchical,0.045934664197506046,5.69382808736975e-07,1.6968453364313696e-35,2.0805700710587906e-05,2.043323738334656e-11,0.33636109717756935,0.359920443603931,0.257762419917041
TCGA-P5-A731-01A,bayesian_hierarchical,0.04813397966373008,1.1347608157338012e-10,1.0158839221275268e-09,3.251848609427967e-19,1.7565354217050798e-13,0.5256705629236236,0.05787487509039413,0.36832058119271655
TCGA-P5-A733-01A,bayesian_hierarchical,0.03958677079706703,7.843672272744776e-10,2.936309843581372e-06,4.985612106627558e-14,0.00035528607176874753,0.3973731336283969,0.047253882092344046,0.5154279903161627
TCGA-P5-A735-01A,bayesian_hierarchical,0.19149640646237753,9.498330342508633e-09,4.3038644583843604e-36,5.9552459824286746e-15,2.299543618257868e-06,2.8288691812019218e-14,0.28118533601875845,0.5273159484768813
TCGA-P5-A736-01A,bayesian_hierarchical,5.476315252040294e-18,0.0407623111056562,3.9335884210915805e-09,2.3972752151661714e-07,3.6809195470833964e-06,0.1704578448701964,0.018780147259947047,0.7699957721835434
TCGA-P5-A737-01A,bayesian_hierarchical,0.23676889330319797,1.081906474908143e-20,3.208599930047373e-37,2.851469896917266e-18,0.00019397603507831975,0.23237855426574494,0.1306195031656266,0.40003907323035215
TCGA-P5-A77W-01A,bayesian_hierarchical,0.2464008804148181,9.974778198966648e-09,8.467014943521622e-10,2.8288552800454033e-09,2.4366977428605899e-29,0.4253204822817925,0.18095899986476846,0.14731962378828595
TCGA-P5-A77X-01A,bayesian_hierarchical,0.07910613284207942,1.0133757610311305e-06,1.3184424337744014e-08,1.1982795595303971e-08,2.505387531867651e-09,0.4425888293972558,0.13995878230150363,0.3383452144107926
TCGA-P5-A780-01A,bayesian_hierarchical,0.0890064225100653,0.0181330144171651,1.05697543641351e-36,5.128393287930626e-12,5.991095584271692e-43,0.33640514113284425,0.34123381696371596,0.21522160497108106
TCGA-P5-A781-01A,bayesian_hierarchical,0.03826043581407822,1.424958504145506e-09,1.731351986812283e-29,1.7365182053280464e-10,1.2733652984685935e-06,0.24953301374585846,0.2724584694174256,0.4397468060587289
TCGA-QH-A65R-01A,bayesian_hierarchical,0.16912935339359536,5.3800275847961976e-09,3.3058301181468743e-16,1.3052670106211616e-16,4.78854818835798e-21,0.5199161084497294,0.11217137835304769,0.1987831544235996
TCGA-QH-A65S-01A,bayesian_hierarchical,0.018447264861926025,7.978480167888021e-19,7.30227555164529e-05,1.4708473356958842e-17,4.720194660076728e-11,0.20727674961246254,0.34685167736241257,0.42735128536048045
TCGA-QH-A65V-01A,bayesian_hierarchical,2.3849003444993243e-12,1.0725702698208994e-06,1.3197273033641246e-10,1.1602640340473182e-16,1.4389477311275184e-05,0.16815140317207306,0.38577819918511885,0.44605493546086944
TCGA-QH-A65X-01A,bayesian_hierarchical,0.15373661381621498,0.00015557041462732372,6.221565244570238e-13,1.1493167057922083e-19,7.019337608910573e-06,0.6466731977406092,0.07026606694280618,0.1291615317475113
TCGA-QH-A65Z-01A,bayesian_hierarchical,0.09049491741684287,1.9151612263945767e-08,5.208297275294005e-05,7.615724920875376e-07,4.7286529091515085e-08,0.38343189094520214,0.18580758827275443,0.34021269238181423
TCGA-QH-A6CS-01A,bayesian_hierarchical,9.639349305544524e-29,6.3581480207641765e-06,3.8605827140218015e-12,7.391721425261447e-13,8.041515699880071e-05,9.589796078658558e-05,0.4177009980132183,0.5821163307163757
TCGA-QH-A6CU-01A,bayesian_hierarchical,7.325831367929349e-10,1.409915054106309e-10,3.5116282054860827e-14,1.1206462784116729e-05,1.855693482329163e-13,0.20940673903110804,0.272807050925062,0.5177750027072504
TCGA-QH-A6CV-01A,bayesian_hierarchical,0.12788830086857347,0.09471157709521207,3.255784125849581e-07,3.9538081639503557e-22,7.3092649478746e-06,0.461220377091278,0.10485875587611539,0.2113133542254605
TCGA-QH-A6CW-01A,bayesian_hierarchical,0.1608972497724999,0.03089475245793071,1.463571519747008e-21,8.367177022812993e-09,2.5932696709863147e-17,0.17731616933594604,0.07200090870713784,0.5588909113593085
TCGA-QH-A6CX-01A,bayesian_hierarchical,1.6421683805900255e-17,3.1694943150708633e-12,8.567761799928852e-10,1.2344524728053898e-08,0.0001346281930178379,4.49164101248338e-12,0.43965095488284806,0.560214403715172
TCGA-QH-A6CY-01A,bayesian_hierarchical,0.08231534536790863,2.523063099617569e-18,4.085862131111748e-17,6.711331336172804e-05,1.0828162637332754e-10,0.07958553038003646,0.4558849838036895,0.38214702702672193
TCGA-QH-A6CZ-01A,bayesian_hierarchical,0.24761790692637717,1.750503880596089e-08,5.003745221983964e-17,2.4874244205821663e-13,4.3753865721762946e-05,0.1426837326476354,0.2561425704271099,0.3535120186278682
TCGA-QH-A6X3-01A,bayesian_hierarchical,0.0873379844692071,0.008668839157806642,9.341819179315573e-14,8.918692153667772e-21,3.9797564357558115e-20,0.443753706148013,0.12752252221905447,0.33271694800582535
TCGA-QH-A6X4-01A,bayesian_hierarchical,0.16986924902925557,2.259514657381754e-25,1.289092340482084e-07,3.5821687980870613e-19,4.064270918106992e-06,0.15076224448356632,0.452046035904105,0.22731827740292093
TCGA-QH-A6X5-01A,bayesian_hierarchical,0.0020547847272640676,1.0811061268463351e-16,0.00010634281805298595,7.3582254072006225e-19,1.1199001663720892e-09,0.31164053353235194,0.3810907220944477,0.305107615707983
TCGA-QH-A6X8-01A,bayesian_hierarchical,0.14417023157179537,1.3204238131944057e-14,1.0494339864562575e-08,1.9035187937334926e-08,5.988061386655744e-11,0.20392656927977773,0.40679061840488845,0.2451125511541167
TCGA-QH-A6X9-01A,bayesian_hierarchical,0.20229408731059376,4.892535787433839e-14,6.931791527079738e-34,0.00031824261706821255,5.1114008892872275e-09,0.23586305696301357,0.18847534233901095,0.3730492656588637
TCGA-QH-A6XA-01A,bayesian_hierarchical,0.08076157954473584,1.5261195267693827e-13,2.2693295947271198e-11,7.035799927110369e-08,1.0027818338721818e-18,1.4171478442964006e-09,0.3183530033506689,0.6008853453066022
TCGA-QH-A6XC-01A,bayesian_hierarchical,0.1049590517187357,2.481820271298848e-06,2.359345560712982e-09,4.525078593425752e-16,2.1069597629157187e-09,0.19009756855616927,0.22976924893632533,0.4751716445021927
TCGA-QH-A86X-01A,bayesian_hierarchical,0.10615088894139096,2.3008736881521903e-06,7.974539255893452e-14,1.118971328087678e-25,1.8397642304065242e-07,0.4758157923180261,0.08706727739372282,0.3309635564966692
TCGA-QH-A870-01A,bayesian_hierarchical,0.01875076393483405,1.1173509914340115e-25,1.2160761573107527e-05,1.88570457051677e-09,2.8879892392829284e-07,0.3503491042352536,0.07360509389589787,0.5572825864878128
TCGA-R8-A6MK-01A,bayesian_hierarchical,0.006083737325219703,1.360879822470602e-16,2.0692578981681375e-06,3.526203295037213e-08,1.1408939665628069e-12,0.6102178499251381,0.05088332255500711,0.3328129856735631
TCGA-R8-A6ML-01A,bayesian_hierarchical,0.11525601581685581,4.008076332804291e-09,3.4255873807101974e-07,4.6527649475942884e-39,0.00038694100516027105,0.36373476673607785,0.1431705686784529,0.37745136119663864
TCGA-R8-A6MO-01A,bayesian_hierarchical,0.08924810658033783,2.5383043871477863e-09,9.862550687192079e-07,1.1076363024318913e-09,4.2773414917641516e-08,0.36126277503741044,0.37473179553492436,0.17475629017290306
TCGA-R8-A6YH-01A,bayesian_hierarchical,0.2864259110486436,0.007572082393516974,3.66559479907179e-06,2.633182991757823e-11,6.945572309179717e-08,0.29756740910292007,0.06520167618831006,0.3432291861897554
TCGA-RY-A83X-01A,bayesian_hierarchical,0.05556099419102251,6.504379158360513e-15,5.027832500976742e-09,0.0001680122190351169,4.724931630521927e-19,0.4770709024406808,0.23510733163668476,0.23209275448473796
TCGA-RY-A83Y-01A,bayesian_hierarchical,0.13556095284036557,1.0583509369896955e-13,1.26471507233175e-13,3.7418401658556564e-10,2.3518202180948177e-27,0.4733631941332988,0.12719924092175322,0.2638766117301659
TCGA-RY-A83Z-01A,bayesian_hierarchical,0.198588615657188,1.7882135640413054e-16,3.888036778184042e-06,3.128509628098783e-21,7.89581626555539e-05,0.1360062049499592,0.14917998072268973,0.5161423524707291
TCGA-RY-A840-01A,bayesian_hierarchical,0.20383669018249845,1.4700724810844916e-07,1.0009458965498947e-07,0.00012930539735894745,5.044235907407969e-05,0.3015296532840441,0.13131094425899298,0.3631427174161937
TCGA-RY-A843-01A,bayesian_hierarchical,0.06529801551247749,7.889632736473917e-09,8.659345467691543e-07,5.106023680795883e-13,1.2358357371827707e-09,0.38115838813276404,0.09201656389477765,0.46152615739945496
TCGA-RY-A845-01A,bayesian_hierarchical,0.2299503167016389,2.2944032673191853e-08,3.3743700540748166e-06,3.047175120138059e-14,1.1104665654217184e-07,0.06456553533078618,0.15692652025782372,0.5485541193489776
TCGA-RY-A847-01A,bayesian_hierarchical,0.09590615762259548,9.424136069508188e-12,2.1800022337558196e-06,2.7858865287174662e-09,1.9436001973542362e-10,0.423847812896155,0.149701761148569,0.33054208534077634
TCGA-S9-A6TS-01A,bayesian_hierarchical,0.09103435133782904,0.04094652359862276,8.045503681123444e-05,2.478188672378256e-07,5.640247976995751e-09,0.30156622281520074,0.0993648452685389,0.46700734848388203
TCGA-S9-A6TU-01A,bayesian_hierarchical,0.09247101767776414,0.06224170166261044,3.03537741198878e-12,1.4939359899637536e-05,0.000966258509839067,0.31834317096557524,0.27711926822741195,0.24884364359386407
TCGA-S9-A6TV-01A,bayesian_hierarchical,0.03893660857136333,0.21036572466806258,8.520536369950869e-15,5.286072022144593e-07,4.8095189558814274e-21,0.40793636472295786,0.01424799949156096,0.3285127739388446
TCGA-S9-A6TW-01A,bayesian_hierarchical,0.09108386671615835,1.747995638877871e-16,2.7716135328412805e-18,2.8220069010819837e-06,0.00038439944045270513,0.6695651201352978,0.09709766293192577,0.14186612876926422
TCGA-S9-A6TX-01A,bayesian_hierarchical,0.082652759680541,1.1614030090304684e-08,2.417750940469369e-09,8.624771997539184e-11,2.855840549658629e-07,0.3185937607085839,0.3305358002743358,0.2682173796344557
TCGA-S9-A6TY-01A,bayesian_hierarchical,0.2170394366048898,8.413461969630599e-06,2.915496781655191e-12,0.00014778275031065763,1.3851215700405303e-06,0.16804110969553576,0.34594288558110503,0.2688189867817035
TCGA-S9-A6TZ-01A,bayesian_hierarchical,0.10316398937136302,1.135722670637426e-06,1.5629080251860005e-06,2.330591042173935e-09,0.0001261399471359316,0.2688602417184131,0.06651903228156598,0.561327895720235
TCGA-S9-A6U0-01A,bayesian_hierarchical,0.023470412261431966,0.018000306573191228,9.697147119967883e-07,2.393190839401901e-09,1.584682623190347e-08,0.8421702159545253,4.478983141270411e-07,0.11635762935780829
TCGA-S9-A6U1-01A,bayesian_hierarchical,0.1005774604593177,0.02931931122676943,3.418164771833772e-06,6.522554885963349e-13,1.3746252296332074e-10,0.32633487223598107,0.29587618394076215,0.2478887538342831
TCGA-S9-A6U2-01A,bayesian_hierarchical,0.05951562756773124,2.0476612349743915e-10,2.372800267854193e-07,2.427777559544569e-10,1.0386712088300923e-05,0.4484461246949924,0.05737489034148058,0.43465273295613677
TCGA-S9-A6U5-01A,bayesian_hierarchical,0.07353306059665345,8.079394161275372e-10,4.9147981754421846e-15,1.6422489965030046e-14,1.9665545558975602e-11,0.43657914762546884,0.06891728426957115,0.42097050668068015
TCGA-S9-A6U6-01A,bayesian_hierarchical,0.20159402731485743,0.011414250258557176,7.002800008869949e-05,5.027347481695413e-10,4.975645040828328e-05,0.2143080243152548,0.11641625097969711,0.4561476621784018
TCGA-S9-A6U8-01A,bayesian_hierarchical,0.03792930967428176,0.04238299216517552,3.452799927255552e-13,2.5884519809833834e-13,8.256902998299048e-05,0.2326972271330805,0.27930531568671224,0.40760258631016294
TCGA-S9-A6U9-01A,bayesian_hierarchical,0.00029875027930592173,0.06985577329610676,1.9285631169725627e-07,1.6071264081862816e-23,0.00018084861598377403,0.3229325328876015,0.15147753813505266,0.45525436392963775
TCGA-S9-A6UA-01A,bayesian_hierarchical,0.0975041957751426,0.19577383147186775,1.4479933915719683e-11,7.819371425895804e-10,0.00037408453384733125,0.44469990380854035,0.07393011956776183,0.18771786404642302
TCGA-S9-A6UB-01A,bayesian_hierarchical,0.18313622701389637,6.69714361582313e-12,3.648863482955074e-05,8.015483996897056e-11,6.636646904377961e-05,0.23354203504123613,0.35001603903054157,0.23320284372360067
TCGA-S9-A6WD-01A,bayesian_hierarchical,0.17439891262019172,5.0100680324186156e-11,1.3900235527427193e-12,5.560626521874904e-23,1.7244420448584924e-05,5.716129348429216e-42,0.3339761391250082,0.4916077037828608
TCGA-S9-A6WE-01A,bayesian_hierarchical,0.1157522657630499,7.825414806580757e-09,1.5491175580253342e-08,7.697971752194819e-10,7.265809175904184e-11,0.5425964814061726,0.13019238582336556,0.21145884284836633
TCGA-S9-A6WG-01A,bayesian_hierarchical,0.027760087495415836,0.019330372980992987,1.4344301481080314e-11,9.476447419852034e-12,2.3349880080118137e-17,0.7218570815132341,4.753500975700149e-05,0.23100492297677935
TCGA-S9-A6WH-01A,bayesian_hierarchical,0.3403717288375072,1.0155783239163623e-07,4.100367510164808e-05,5.4124324235898015e-17,3.217676338848307e-07,0.2649388055044181,0.19532660972596405,0.1993214289315427
TCGA-S9-A6WI-01A,bayesian_hierarchical,0.0858964612944503,0.003526929186956555,1.885487669912738e-19,1.377510781728241e-20,5.353209977522481e-05,0.14145301523791845,0.5523992621166937,0.21667080006420572
TCGA-S9-A6WL-01A,bayesian_hierarchical,0.12945593487776488,2.5832579263092555e-06,7.468730563632738e-10,4.242301346260001e-10,2.5054793472868994e-05,0.5039662643366672,0.08493310969889355,0.2816170518641719
TCGA-S9-A6WM-01A,bayesian_hierarchical,0.20251501713291048,3.5316607703303134e-06,2.606217286463112e-18,6.996686345287741e-16,1.5226125452760838e-09,0.5101792529718896,1.4851851339232512e-11,0.28730219669696444
TCGA-S9-A6WN-01A,bayesian_hierarchical,1.4881190357181806e-10,0.040408238257538205,4.237741728196376e-09,6.413949007432916e-19,1.1623827792577007e-08,0.3963766538977404,0.028127222023513608,0.5350878698108263
TCGA-S9-A6WO-01A,bayesian_hierarchical,0.13423998936869547,0.0002469971218817641,1.9284209967478395e-05,1.5472473157196014e-13,9.303901371905733e-10,0.2378301403479278,0.07519687617344442,0.5524667118475384
TCGA-S9-A6WP-01A,bayesian_hierarchical,0.15220675944866036,2.4287006798516953e-36,9.506228963444187e-09,9.032276470820721e-07,2.0359067173311175e-42,0.328385254632884,0.2645272299531996,0.2548798432313801
TCGA-S9-A6WQ-01A,bayesian_hierarchical,0.04800360341856384,5.866121529788213e-11,6.2217733804859935e-12,2.036974255383061e-15,1.4257059715859336e-10,1.0481154641814085e-09,0.5346116541427027,0.4173847411831624
TCGA-S9-A7IQ-01A,bayesian_hierarchical,0.1596964181869721,1.3740074786513867e-06,7.832310419884182e-13,1.6915085337869122e-05,2.3560246978384366e-09,0.17330941848036532,0.3253854843958032,0.34159038748723486
TCGA-S9-A7IS-01A,bayesian_hierarchical,0.2252718512090519,2.8245191419285294e-19,2.1301860863581692e-09,1.2537612502022239e-28,3.283055992940327e-05,0.5203234003541444,0.22075047936906397,0.033621436377624346
TCGA-S9-A7IX-01A,bayesian_hierarchical,0.07307368387877966,0.04856881248531585,1.8975427044296822e-13,3.831614777909575e-14,3.102030805390643e-13,0.3661742734684554,0.09251811223768136,0.41966511792922956
TCGA-S9-A7IY-01A,bayesian_hierarchical,0.012251011555364,3.02501476013926e-06,3.178410086598347e-20,4.078604703427213e-09,3.283083703095844e-05,0.5208709462855712,0.06563166104963716,0.4012105211790318
TCGA-S9-A7IZ-01A,bayesian_hierarchical,0.09369464548386541,0.035113427530381366,4.8611652424273136e-14,6.698637373937239e-10,2.1135980111458447e-06,0.2154295164853443,0.10651579543163955,0.5492445008008459
TCGA-S9-A7J0-01A,bayesian_hierarchical,0.24774469101175603,1.8902337806044557e-08,1.4390895104645156e-06,3.3552891462231057e-23,3.352913752109103e-07,0.38639167895021703,0.19456414728020474,0.17129768947459878
TCGA-S9-A7J1-01A,bayesian_hierarchical,0.043860775303281176,3.260767381982166e-08,1.04900184834756e-06,2.9093718117371753e-23,8.197878097540123e-08,0.3157922441170558,0.25720600592821263,0.3831398110631472
TCGA-S9-A7J2-01A,bayesian_hierarchical,0.12640739304019852,2.787101328695195e-08,3.9599425606984094e-14,4.3633235009153566e-15,2.173045545463126e-09,0.5416524956378295,0.07551902271620747,0.2564210585616618
TCGA-S9-A7J3-01A,bayesian_hierarchical,0.10922310619285583,1.7212126882624492e-24,1.4321432444012127e-29,9.583560197540885e-13,4.517907058173809e-24,0.36882477027721633,0.22233275240543535,0.29961937112353415
TCGA-S9-A7QW-01A,bayesian_hierarchical,0.24225685251456763,1.5097163468832772e-05,0.0001498863892364038,1.009609016665321e-24,1.0480145378601786e-10,8.668547224946232e-06,0.2811761951040791,0.4763933001766215
TCGA-S9-A7QX-01A,bayesian_hierarchical,0.18026943734646886,7.798664336108036e-05,5.216518031371908e-22,3.683072723588057e-08,1.6419903031183794e-12,0.23228751491767938,0.12476305091324501,0.46260197334687647
TCGA-S9-A7QY-01A,bayesian_hierarchical,0.07998015097949532,8.581056602854233e-15,7.261377865223417e-06,2.86660081060551e-17,3.309494080002274e-15,0.15334057328168874,0.46242789667475603,0.3042441176861827
TCGA-S9-A7QZ-01A,bayesian_hierarchical,0.17040668061831246,9.769419429223372e-12,1.971136578794605e-24,3.6707818681883495e-05,7.057690560938106e-05,0.4094416838421273,0.1925905385463365,0.227453812259163
TCGA-S9-A7R1-01A,bayesian_hierarchical,0.1746379223386198,6.214431972780778e-17,1.6141903820325704e-05,2.494718753777739e-15,1.805408595644768e-05,0.4047721607068092,0.07519543030814274,0.345360290656649
TCGA-S9-A7R2-01A,bayesian_hierarchical,1.0465434373372898e-16,0.08219561817145139,6.281894880501897e-09,0.00019660470477453153,5.204395165978278e-10,0.07159039069800897,0.44561982842271886,0.40039755120071174
TCGA-S9-A7R3-01A,bayesian_hierarchical,0.0035783350956067536,0.00868743107417544,8.823608842848314e-10,7.194222522446361e-06,2.2179492200609108e-16,0.3263516351464612,0.13174056025526767,0.5296348433236054
TCGA-S9-A7R4-01A,bayesian_hierarchical,0.07857708717011624,0.03292780133713042,6.852877678717517e-23,7.166434770870985e-08,4.834150784888875e-05,0.686876040368804,0.044503282628666645,0.15706737532308618
TCGA-S9-A7R7-01A,bayesian_hierarchical,0.031675381215321916,0.1810440831541529,1.4795684587647257e-05,2.0417820560827105e-07,5.9568176054685206e-09,0.3278672311537332,0.04850681474674445,0.4108914839104366
TCGA-S9-A7R8-01A,bayesian_hierarchical,0.2098217913785597,7.552533548352817e-07,3.5191548703045345e-11,2.9214862127255515e-12,7.122737471404618e-11,0.20017555455023067,0.3171057337600521,0.2728961649484623
TCGA-S9-A89V-01A,bayesian_hierarchical,0.2387606003140741,6.235209946459174e-06,3.344548866540082e-16,1.9248938938324057e-06,3.857220702397276e-21,0.2704890254576355,0.18429120103227617,0.30645101309217365
TCGA-S9-A89Z-01A,bayesian_hierarchical,0.0822759066534728,0.12564398809963567,2.869905718598398e-10,1.3462496305245373e-09,6.12334161025488e-05,0.4707909978538015,0.09580981410068944,0.22541805824305783
TCGA-TM-A7C3-01A,bayesian_hierarchical,0.12573120592641737,5.5823374162645e-15,8.429479016292179e-09,1.9704484891985983e-08,4.5591643629563326e-10,0.5472098131579276,0.04308823015687873,0.2839707221688903
TCGA-TM-A7C4-01A,bayesian_hierarchical,0.15497959519789087,3.6118801438077944e-07,2.5555534100932435e-09,9.596982591495882e-05,6.403585563812077e-16,0.21614037263381092,0.1504380755991168,0.4783456229996981
TCGA-TM-A7C5-01A,bayesian_hierarchical,0.2768786518062036,0.0031670709153477044,2.007734811912876e-09,2.4949314179559767e-13,1.1911740157354561e-12,0.4315379238808621,0.11841499263082016,0.170001358757591
TCGA-TM-A7CA-01A,bayesian_hierarchical,0.28681324930199104,2.6127561805762524e-15,2.7639062684818054e-18,3.211478948862965e-19,8.870426526255361e-06,9.618297652195337e-05,0.33303708874409144,0.3800446085508666
TCGA-TM-A7CF-01A,bayesian_hierarchical,0.18427961811011645,1.1658759376970852e-20,8.636864050830319e-13,4.99393656829493e-08,1.000222472060847e-15,0.0005648980052342696,0.22248469341983107,0.5926707405245879
TCGA-TM-A7CF-02A,bayesian_hierarchical,0.002560941908273907,9.39615368639286e-21,1.0968327383985394e-14,4.455693612871522e-15,3.734455555360698e-08,0.00014743850687959654,0.7808200914424733,0.21647149079780215
TCGA-TM-A84B-01A,bayesian_hierarchical,0.09927924903912085,6.878333683571031e-17,6.274110745708793e-08,1.0808092825403072e-10,8.523347834488011e-18,0.24946256795419242,0.034343283312745866,0.6169148368447525
TCGA-TM-A84C-01A,bayesian_hierarchical,0.027409433466115934,0.04618692563390822,4.0726061439341115e-20,9.799612698044826e-14,9.477538224434287e-06,0.3008932282845226,4.2038397693303414e-07,0.6255005146931539
TCGA-TM-A84F-01A,bayesian_hierarchical,0.011058092763099409,0.08061462727817939,4.359535179640893e-11,2.9940755361591337e-43,2.1660682313322103e-10,0.26611331733148597,0.06100097047145948,0.5812129918955736
TCGA-TM-A84G-01A,bayesian_hierarchical,0.2234224045717512,2.214482300817873e-25,6.899514525848887e-05,1.8278064337321508e-06,1.5280309628234416e-12,0.3827155607320592,0.1671151271566875,0.22667608458628197
TCGA-TM-A84H-01A,bayesian_hierarchical,0.14358181763618194,6.554149491761493e-13,3.197707554249406e-07,2.78383294875818e-19,2.158407773463693e-08,0.2881629745466355,0.06818997040826115,0.5000648960534329
TCGA-TM-A84I-01A,bayesian_hierarchical,0.3440877880947824,6.8719145131246145e-06,5.27053522942462e-16,1.804167609585286e-07,7.277337411061445e-29,0.2259647884633787,0.04875706024228748,0.38118331086827684
TCGA-TM-A84J-01A,bayesian_hierarchical,0.20971224949376993,5.170809763122548e-06,2.588999873690738e-07,0.0004048577065826854,2.787950969106437e-20,0.6014276770263551,0.12646609911810666,0.061983686945435205
TCGA-TM-A84L-01A,bayesian_hierarchical,0.025085350544677327,0.04030663145404655,7.501960080613195e-11,8.072451520968841e-08,0.00014603024910676187,0.16887138778081884,0.1842723968687802,0.5813181223030356
TCGA-TM-A84M-01A,bayesian_hierarchical,0.35882657687882336,4.35651407503986e-07,3.63484090028008e-05,8.280468288079002e-11,0.0005145692426215232,0.16358264585380078,0.16220587462234562,0.31483354925919393
TCGA-TM-A84O-01A,bayesian_hierarchical,0.0557055749325858,5.512693764334329e-06,1.1713452326047926e-11,7.502934314004254e-18,9.261587249948429e-05,0.48209127925619294,0.12309101188134186,0.339014005351902
TCGA-TM-A84Q-01A,bayesian_hierarchical,0.17818184011593832,0.07284079592688045,3.3649817270748095e-07,6.673294440885762e-06,1.0293891675454474e-05,1.2946676566374522e-05,0.2194245907280438,0.5295225228682819
TCGA-TM-A84R-01A,bayesian_hierarchical,0.12055025831949127,1.3626507717942303e-12,3.200786629679569e-17,3.906036521882982e-07,6.84923757980445e-09,0.16411109122899054,0.394567914837006,0.32077033816025985
TCGA-TM-A84S-01A,bayesian_hierarchical,0.04184878991747579,1.5190980280063852e-12,5.419667145478264e-17,1.8002530981548356e-16,1.0200014439334002e-25,0.39260396788872914,0.11147729384259525,0.4540699483496805
TCGA-TM-A84T-01A,bayesian_hierarchical,0.1595883037954408,2.9615145059048547e-08,6.597548917400178e-12,6.998676763616104e-13,6.532242861055396e-09,0.375567373847197,0.16051909357908184,0.3043251926235949
TCGA-TQ-A7RF-01A,bayesian_hierarchical,0.05250161827514154,1.838986643955201e-05,1.5060149537806606e-05,1.2317806108992283e-23,1.3498307405748571e-08,0.3069435841585305,0.07300668854311669,0.5675146455089265
TCGA-TQ-A7RG-01A,bayesian_hierarchical,0.09643285467947199,2.5802437109167885e-15,5.2981082032919163e-11,4.704609583916198e-18,0.00022225718962141415,0.4026189396252701,0.14922464289347828,0.3515013055591747
TCGA-TQ-A7RH-01A,bayesian_hierarchical,0.13285553115353765,0.05652588838573738,2.0254081286147155e-06,8.210926433042212e-08,3.813633189936761e-17,0.31074402232515946,0.15765514662496258,0.3422173039932098
TCGA-TQ-A7RI-01A,bayesian_hierarchical,0.09290804265462942,3.238882085107516e-09,1.2848635674160855e-06,6.064501976889237e-05,0.0001506369631459332,0.38026850126921413,0.21040080021070034,0.31621008578009185
TCGA-TQ-A7RJ-01A,bayesian_hierarchical,0.06038249032564604,0.02698806395763311,3.3809742496115073e-22,1.995569775076321e-14,8.022319782006302e-11,0.45333260148233406,0.04214919640027297,0.41714764775387064
TCGA-TQ-A7RK-01A,bayesian_hierarchical,0.15322644419360829,1.5832565142824885e-11,1.4269169060819176e-06,8.480950217769564e-18,7.453498465391282e-11,0.2161138725756911,0.20065270535845328,0.4300055508649737
TCGA-TQ-A7RM-01A,bayesian_hierarchical,0.24858638978191194,6.789108638985931e-29,9.69758397812926e-28,4.5834542374177675e-21,1.3253013417612033e-09,0.39767794370932585,0.13439337344716065,0.21934229173630032
TCGA-TQ-A7RN-01A,bayesian_hierarchical,0.12227045956503464,6.6499272245104335e-09,4.155024867874286e-07,5.205002340710768e-13,0.00011632050610309826,0.39126949771038294,0.14397787000793563,0.3423654300576091
TCGA-TQ-A7RO-01A,bayesian_hierarchical,0.09239032478730291,9.035449549387324e-20,1.2917733773989314e-15,2.2825667591519425e-08,5.898979556985799e-25,0.5554002418381323,0.05685877169673664,0.29535063885215923
TCGA-TQ-A7RP-01A,bayesian_hierarchical,4.19965898660356e-14,2.5083330468581235e-09,4.7383956019107073e-07,3.61384002687023e-05,1.5105592717581147e-14,0.2050183859990142,0.2787836996950361,0.5161612995577307
TCGA-TQ-A7RQ-01A,bayesian_hierarchical,0.26688455014309853,0.003419518855305981,4.145440244404022e-08,1.5087540989901652e-16,0.00014196980761649498,0.3263379680354651,0.12430497982039866,0.27891097188371267
TCGA-TQ-A7RR-01A,bayesian_hierarchical,0.0243457557123086,1.59986822227607e-07,4.022744150249283e-06,0.0004377304510093221,9.275756405109261e-08,6.95431039042574e-12,0.548783205228137,0.42642903311305436
TCGA-TQ-A7RS-01A,bayesian_hierarchical,0.09706906445904206,9.794922536984063e-17,1.7866969156567317e-08,9.104377341489682e-19,9.571762961741981e-20,0.4526485898770502,0.2172800386007951,0.23300228919614333
TCGA-TQ-A7RU-01A,bayesian_hierarchical,0.21085246251684847,3.8308690975602825e-19,1.0347679354866379e-15,2.1040851096117595e-05,5.5962458168390135e-18,0.4065627607629751,0.1608753151108938,0.22168842075818557
TCGA-TQ-A7RV-01A,bayesian_hierarchical,0.14400071146289264,0.00012315935098172585,7.727850858486741e-06,1.5232501235671074e-18,1.2407508426885517e-09,0.1972355605060935,0.2744420594864313,0.3841907801019914
TCGA-TQ-A7RV-02A,bayesian_hierarchical,0.01810292674052364,0.016180996292634472,6.3497560428597736e-24,1.169748350574564e-05,9.656860869750466e-07,0.06979117861947644,0.16763632972789644,0.7282759054498762
TCGA-TQ-A7RW-01A,bayesian_hierarchical,0.08147648740850598,0.07644929128268069,4.586004724355773e-06,2.4104008065559475e-06,1.2044296934384296e-09,0.37091931293865654,0.13641123920217604,0.3347366715580201
TCGA-TQ-A8XE-01A,bayesian_hierarchical,0.20735148893502625,0.00010613057501781695,1.0954686411219302e-06,3.533030421049367e-13,1.67262752602078e-08,0.21736883394007905,0.20773565358645765,0.36743678076814956
TCGA-TQ-A8XE-02A,bayesian_hierarchical,0.09784078008675758,5.3954726323293945e-09,1.9267434932465698e-77,2.1083873747204887e-26,1.09647900167618e-09,0.274179188944273,0.29752263078869046,0.33045739368832727
TCGA-VM-A8C8-01A,bayesian_hierarchical,0.06993808264939619,8.719804868293455e-08,9.227750231047116e-14,9.976201266902784e-08,3.5155199063835184e-06,1.1069296439954068e-08,0.16336972631507526,0.7666884774861721
TCGA-VM-A8C9-01A,bayesian_hierarchical,0.04696133226753148,0.11592672884966182,1.39463855545149e-11,2.5242693153685615e-12,0.003699324438575145,0.2116945484512457,0.15926710198031058,0.4624509639962046
TCGA-VM-A8CA-01A,bayesian_hierarchical,0.009352872818884014,1.2360118620131168e-18,1.9567836804181542e-22,1.2339108802431823e-05,9.781637037454713e-24,0.6345905334757526,0.017278100145630297,0.33876615445093083
TCGA-VM-A8CB-01A,bayesian_hierarchical,0.289232186685288,8.344005873321747e-07,1.3732211067988267e-09,6.984930318431863e-06,9.869973430172255e-08,0.32258080908106535,0.13640938852011736,0.25176969630966806
TCGA-VM-A8CD-01A,bayesian_hierarchical,2.291073336975097e-27,0.12320787586950235,1.563048781119307e-09,8.988965032278225e-21,0.0005251390731646096,0.30833435644878426,0.05141881600464111,0.5165138110408588
TCGA-VM-A8CE-01A,bayesian_hierarchical,0.03764473645807951,1.47797842294398e-09,1.0762576085319606e-05,3.747308517789477e-08,8.648319623681266e-11,0.4304222200689803,0.27959805843028307,0.2523241834290249
TCGA-VM-A8CF-01A,bayesian_hierarchical,3.7144841048368665e-14,0.1349952607393112,1.4787050275696862e-09,2.8847828972634735e-13,7.900108319670642e-25,0.021354593061937988,0.13935231957373662,0.7042978251459835
TCGA-VM-A8CH-01A,bayesian_hierarchical,0.09482808948027378,0.00015742199255685106,1.3306227820154693e-12,3.4708212356792848e-50,0.0006286430672909149,0.27733628912434943,0.16041984790842875,0.4666297084257696
TCGA-VV-A829-01A,bayesian_hierarchical,0.16421290133943342,2.379221639354628e-09,1.0123900610653053e-07,0.00041836952283944245,4.9955906509081115e-12,0.4883625506150863,0.08056488746596183,0.2664411874334557
TCGA-VV-A86M-01A,bayesian_hierarchical,0.30047123740902365,0.08003301617632193,1.3477239693863383e-31,2.703314399031631e-05,1.4189572495707485e-14,0.32082327904138574,0.07664477910291445,0.22200065512634956
TCGA-VW-A7QS-01A,bayesian_hierarchical,0.14812797015487028,7.651788829115921e-06,9.023409610220856e-17,5.3178688924991884e-24,3.0579572239214686e-05,0.5358243783477085,0.09534974469503536,0.22065967544131754
TCGA-VW-A8FI-01A,bayesian_hierarchical,0.13583808124481264,2.6621541469681446e-20,8.468948822013198e-05,1.0106162010546281e-05,0.00010181220672689517,0.12314081131497086,0.13187924678040902,0.60894525280285
TCGA-W9-A837-01A,bayesian_hierarchical,0.09350515015021557,1.0014622927379307e-06,5.838406638838257e-17,1.2830104311943067e-07,1.7459043253604146e-05,0.37973496002897733,0.16606098383104165,0.36068031718317595
TCGA-WH-A86K-01A,bayesian_hierarchical,0.06712748717746747,2.7240389933588375e-09,5.985431604310035e-11,9.688902072543803e-14,5.546876586016914e-19,0.42958162557227986,0.07692126270121966,0.42636962176504273
TCGA-WY-A858-01A,bayesian_hierarchical,1.5907838555254668e-08,0.08496161881487256,9.317047332050272e-06,1.3266879774856038e-09,6.44509495611138e-08,0.49059535819827205,0.13276896542248115,0.29166465883156606
TCGA-WY-A859-01A,bayesian_hierarchical,0.1671233132185659,5.818091336356939e-07,2.6052626219508884e-16,4.277907152338275e-19,1.906581149413658e-09,0.14487024950875405,0.34799288212303175,0.34001297143393333
TCGA-WY-A85A-01A,bayesian_hierarchical,0.142125865507866,4.034459101226807e-19,2.1170952928444237e-07,5.243786263361074e-07,7.949694183484858e-33,0.2771106153534943,0.11905428330418955,0.46170849974629463
TCGA-WY-A85B-01A,bayesian_hierarchical,0.22047483759018147,0.12233022160726918,9.909793976317941e-10,2.4279713941561854e-16,0.0005843488409587392,0.2476484768356116,0.14090775582395665,0.2680543583110427
TCGA-WY-A85C-01A,bayesian_hierarchical,0.2164003561132859,0.007962763427431938,1.0024904333953214e-13,4.576972543257758e-07,8.917947455233473e-05,0.39622541394629,0.07717527052560842,0.3021465588154768
TCGA-WY-A85D-01A,bayesian_hierarchical,0.040155049154029496,0.01026745376393726,3.2063606745450366e-07,5.0274535568433755e-12,2.725543695434013e-21,5.887125610962548e-06,0.16648600364308194,0.7830852856722454
TCGA-WY-A85E-01A,bayesian_hierarchical,0.32525412749601046,1.897676194939495e-07,1.253102710357117e-27,5.616958071509844e-06,2.4693495186548395e-10,0.13267906008560834,0.13522204884900935,0.40683895659674585
TCGA-CS-4938-01B,music,0.31810856913670743,0.0005215700785363923,0.0,0.0,0.0,0.17192759128265303,0.12439888642896568,0.3850433830731375
TCGA-CS-4941-01A,music,0.3942542811697463,0.070896701389779,0.0,0.0,0.0,0.35111201135876724,0.06565591276287391,0.11808109331883358
TCGA-CS-4942-01A,music,0.3453249285320519,0.16938674541998078,0.0,0.0,0.0,0.11686563500589132,0.14830439883947813,0.2201182922025979
TCGA-CS-4943-01A,music,0.7197002401976278,0.0,0.0,0.0,0.0,0.1894583702163851,0.05933685403307667,0.031504535552910336
TCGA-CS-4944-01A,music,0.2269217220619493,0.0,0.0,0.0,0.0,0.1940516611507696,0.06153124267075676,0.5174953741165244
TCGA-CS-5390-01A,music,0.4143775133040896,0.0,0.0,0.0,0.0,0.33131637387163443,0.17048511221808996,0.08382100060618607
TCGA-CS-5393-01A,music,0.3760984920428391,0.010156971701727779,0.0,0.0,0.0,0.2848684136254193,0.15682104030495098,0.17205508232506286
TCGA-CS-5394-01A,music,0.32964008795432853,0.0,0.0,0.0,0.0,0.5128815400201266,0.014702388021185257,0.14277598400435954
TCGA-CS-5395-01A,music,0.23688604417019263,0.0,0.0,0.0,0.0,0.3235172297820007,0.11171065574851392,0.3278860702992927
TCGA-CS-5396-01A,music,0.39101053004841846,0.0,0.0,0.0,0.0,0.338778918457843,0.20728652999800604,0.06292402149573241
TCGA-CS-5397-01A,music,0.3245982232339885,0.04371542784840236,0.0,0.0,0.0,0.28982185984947684,0.1263218017518933,0.21554268731623902
TCGA-CS-6186-01A,music,0.15896633247583142,0.01996310333811117,0.0,0.0,0.0,0.35540302178577404,0.017639458789807504,0.44802808361047575
TCGA-CS-6188-01A,music,0.37976287207186005,0.026651658971324363,0.0,0.0,0.0,0.4160012904366213,0.07297675303147615,0.10460742548871797
TCGA-CS-6290-01A,music,0.21662308106331127,0.14967005623427848,0.0,0.0,0.0,0.1733689720147618,0.20430327932327946,0.256034611364369
TCGA-CS-6665-01A,music,0.20725523271937474,0.15601158382129687,0.0,0.0,0.0,0.354200216708884,0.25515185729038314,0.027381109460061167
TCGA-CS-6666-01A,music,0.3334958104991678,0.0,0.0,0.0,0.0,0.6214916023986132,0.008261620781044645,0.03675096632117429
TCGA-CS-6667-01A,music,0.26288978666350843,0.0,0.0,0.0,0.0,0.5873936713026067,0.023893247040694413,0.12582329499319053
TCGA-CS-6668-01A,music,0.6268790087021638,0.0,0.0,0.0,0.0,0.2304627920575043,0.06982064851581687,0.07283755072451505
TCGA-CS-6669-01A,music,0.0655658030847393,0.0,0.0,0.0,0.0,0.33916486881068497,0.2506943398742935,0.3445749882302822
TCGA-CS-6670-01A,music,0.40601203415257636,0.0,0.0,0.0,0.0,0.3111779163240599,0.06999718503439765,0.21281286448896605
TCGA-DB-5270-01A,music,0.40252095673616556,0.0017269731622561709,0.0,0.0,0.0,0.22588133242948435,0.156648473162961,0.2132222645091328
TCGA-DB-5273-01A,music,0.6711544174093546,0.0,0.0,0.0,0.0,0.16388432007534567,0.05032648168454594,0.11463478083075385
TCGA-DB-5274-01A,music,0.35443216460298727,0.0017389081213503399,0.0,0.0,0.0,0.4965559719891921,0.12132338489635681,0.025949570390113565
TCGA-DB-5275-01A,music,0.702913803693068,0.0,0.0,0.0,0.0,0.1416078334296424,0.012869764103514317,0.1426085987737752
TCGA-DB-5276-01A,music,0.19235782837416476,0.02011261912941454,0.0,0.0,0.0,0.23534516241716044,0.41504329841583787,0.13714109166342245
TCGA-DB-5277-01A,music,0.40608600109626936,0.0,0.0,0.0,0.0,0.3198658367938303,0.173090651023491,0.10095751108640935
TCGA-DB-5278-01A,music,0.34674454722179554,0.0,0.0,0.0,0.0,0.24154733384146096,0.16747875136097387,0.24422936757576966
TCGA-DB-5280-01A,music,0.42781745225496626,0.0,0.0,0.0,0.0,0.2671270725742567,0.06780410784708424,0.23725136732369276
TCGA-DB-5281-01A,music,0.4360767839823312,0.0,0.0,0.0,0.0,0.4241425089974205,0.02250688074622443,0.117273826274024
TCGA-DB-A4X9-01A,music,0.5171189098966948,0.0,0.0,0.0,0.0,0.13114163896393324,0.0527517962503464,0.29898765488902546
TCGA-DB-A4XA-01A,music,0.28607054509634255,0.0,0.0,0.0,0.0,0.37262878898984475,0.14782853138159088,0.19347213453222192
TCGA-DB-A4XB-01A,music,0.6497516403626805,0.0,0.0,0.0,0.0,0.12982548429375962,0.07677867043555728,0.14364420490800256
TCGA-DB-A4XC-01A,music,0.5726812441548205,0.004158705684522816,0.0,0.0,0.0,0.19938539338289177,0.03506117351169916,0.18871348326606582
TCGA-DB-A4XD-01A,music,0.4228956595858627,0.0,0.0,0.0,0.0,0.19997218638345124,0.16568534839782256,0.2114468056328635
TCGA-DB-A4XE-01A,music,0.6343808458849415,0.0,0.0,0.0,0.0,0.10536551960768088,0.11326517500246043,0.14698845950491712
TCGA-DB-A4XF-01A,music,0.6357822892368817,0.0,0.0,0.0,0.0,0.2537155722473973,0.02248409732435128,0.08801804119136962
TCGA-DB-A4XG-01A,music,0.5705799407489726,0.0,0.0,0.0,0.0,0.2684562403379719,0.020049676529609733,0.14091414238344582
TCGA-DB-A4XH-01A,music,0.1574835123538522,0.0,0.0,0.0,0.0,0.3750712736766197,0.19883313356848098,0.26861208040104717
TCGA-DB-A64L-01A,music,0.3942442016661973,0.0,0.0,0.0,0.0,0.3192538923068257,0.03995061669171804,0.24655128933525894
TCGA-DB-A64O-01A,music,0.18741101783779754,0.0,0.0,0.0,0.0,0.2354711277916197,0.1830104498878863,0.39410740448269654
TCGA-DB-A64P-01A,music,0.31887367881575934,0.0,0.0,0.0,0.0,0.47055613210489333,0.09729017206148678,0.1132800170178605
TCGA-DB-A64Q-01A,music,0.42406831709694953,0.0,0.0,0.0,0.0,0.18330193636899225,0.11866635727056783,0.2739633892634904
TCGA-DB-A64R-01A,music,0.5947112156969947,0.0,0.0,0.0,0.0,0.219886034717072,0.04432679818320459,0.14107595140272874
TCGA-DB-A64S-01A,music,0.19386165007110162,0.16150956301795305,0.0,0.0,0.0,0.3559924706738046,0.14167085757419903,0.14696545866294183
TCGA-DB-A64U-01A,music,0.1957245755569143,0.0,0.0,0.0,0.0,0.2501223427054614,0.41511684126151055,0.13903624047611374
TCGA-DB-A64V-01A,music,0.15863777926704056,0.03462004720976016,0.0,0.0,0.0,0.23945686593072707,0.40802396479422076,0.1592613427982515
TCGA-DB-A64W-01A,music,0.5170756948511913,0.0,0.0,0.0,0.0,0.3031522341892058,0.09680094126272552,0.08297112969687727
TCGA-DB-A64X-01A,music,0.3609187971740111,0.0,0.0,0.0,0.0,0.3791926796338112,0.02503520494304707,0.2348533182491306
TCGA-DB-A75K-01A,music,0.41754973608099727,0.0,0.0,0.0,0.0,0.4132708795802356,0.10033693891776965,0.06884244542099756
TCGA-DB-A75L-01A,music,0.5193048910228057,0.0,0.0,0.0,0.0,0.2881198776371269,0.07294808682100179,0.11962714451906555
TCGA-DB-A75M-01A,music,0.5940443686567461,0.0,0.0,0.0,0.0,0.12959298111454862,0.06945099081715872,0.2069116594115466
TCGA-DB-A75O-01A,music,0.4128505364577918,0.0,0.0,0.0,0.0,0.267002400011143,0.06826048571469767,0.2518865778163676
TCGA-DB-A75P-01A,music,0.32980073752175504,0.0,0.0,0.0,0.0,0.3416659545767109,0.07834066373000646,0.2501926441715276
TCGA-DH-5140-01A,music,0.7331778940367296,0.0,0.0,0.0,0.0,0.21490874731379617,0.006072493386308999,0.045840865263165186
TCGA-DH-5142-01A,music,0.7560440223625599,0.06523726571301443,0.0,0.0,0.0,0.13400903023973096,0.0005311470559581247,0.044178534628736665
TCGA-DH-5143-01A,music,0.4465000114149072,0.0004359644998516292,0.0,0.0,0.0,0.15611730343556604,0.08146454309123558,0.31548217755843966
TCGA-DH-5144-01A,music,0.6044535309792808,0.0,0.0,0.0,0.0,0.24267507169835134,0.031928327979855196,0.12094306934251273
TCGA-DH-A669-01A,music,0.6645752986482565,0.0,0.0,0.0,0.0,0.28355169435921207,0.040102161841759604,0.011770845150771881
TCGA-DH-A669-02A,music,0.5210177376911499,0.0,0.0,0.0,0.0,0.45781888552277145,0.01730647647468066,0.0038569003113980834
TCGA-DH-A66B-01A,music,0.8205910348957052,0.04834507077735881,0.0,0.0,0.0,0.08575989467144544,0.0,0.04530399965549049
TCGA-DH-A66D-01A,music,0.5829503311829033,0.013511216485440198,0.0,0.0,0.0,0.2340974409022132,0.035843132469722754,0.13359787895972053
TCGA-DH-A66F-01A,music,0.2692940182308756,0.0,0.0,0.0,0.0,0.24166165196087472,0.09124288318200346,0.39780144662624617
TCGA-DH-A66G-01A,music,0.7069311142560788,0.0005227954821862383,0.0,0.0,0.0,0.13905483842112715,0.005275079214322374,0.14821617262628553
TCGA-DH-A7UR-01A,music,0.20154646212602934,0.0,0.0,0.0,0.0,0.71424449383647,0.02626328666034521,0.05794575737715533
TCGA-DH-A7US-01A,music,0.23486813393169206,0.0,0.0,0.0,0.0,0.2149920773167131,0.33274477820690057,0.2173950105446943
TCGA-DH-A7UT-01A,music,0.24981114590173503,0.0004619803010399337,0.0,0.0,0.0,0.27091747077455386,0.32231743348589914,0.15649196953677208
TCGA-DH-A7UU-01A,music,0.5712529156801099,0.0,0.0,0.0,0.0,0.3229719417462368,0.07872905661211785,0.027046085961535488
TCGA-DH-A7UV-01A,music,0.35862382219124594,0.018189922493441237,0.0,0.0,0.0,0.3139187516154018,0.13199382325744538,0.1772736804424656
TCGA-DU-5847-01A,music,0.27348242496553116,0.18279266513740786,0.0,0.0,0.0,0.2428146745693701,0.06142062217975087,0.23948961314794015
TCGA-DU-5849-01A,music,0.27984546480431444,0.0,0.0,0.0,0.0,0.2932083721776741,0.2226810301109946,0.20426513290701684
TCGA-DU-5851-01A,music,0.1685261511079323,0.0,0.0,0.0,0.0,0.22009491858140506,0.36040773384527025,0.25097119646539234
TCGA-DU-5852-01A,music,0.3568143254925964,0.018450442257183636,0.0,0.0,0.0,0.5034657345952168,0.020773140839448184,0.10049635681555504
TCGA-DU-5853-01A,music,0.44663139775837607,0.016785335429892054,0.0,0.0,0.0,0.19951429123462414,0.10951715367673832,0.2275518219003694
TCGA-DU-5854-01A,music,0.10781629128451344,0.016060642669242123,0.0,0.0,0.0,0.41460036057750277,0.355348110853936,0.10617459461480576
TCGA-DU-5855-01A,music,0.5292374023463395,0.0399619681804436,0.0,0.0,0.0,0.3014384628822948,0.019458342581608657,0.10990382400931335
TCGA-DU-5870-02A,music,0.5803836942793433,0.0,0.0,0.0,0.0,0.28426497576749,0.058435092381031215,0.07691623757213542
TCGA-DU-5871-01A,music,0.5363697788095856,0.006386873472192953,0.0,0.0,0.0,0.20184563266797892,0.01682889942948776,0.23856881562075488
TCGA-DU-5872-01A,music,0.521461299908437,0.0,0.0,0.0,0.0,0.34906374902579995,0.04683466641639971,0.08264028464936343
TCGA-DU-5872-02A,music,0.059375636628250766,0.13970997915125316,0.010121971486847115,0.0,0.34461823412706394,0.2131972842755645,0.18914473304096896,0.0438321612900514
TCGA-DU-6392-01A,music,0.4748977828368326,0.03854461554315391,0.0,0.0,0.0,0.39112339848497485,0.0802022686928353,0.015231934442203323
TCGA-DU-6393-01A,music,0.5242400090831852,0.0,0.0,0.0,0.0,0.37380778773787293,0.038099902720002535,0.06385230045893922
TCGA-DU-6394-01A,music,0.6409814135590408,0.0,0.0,0.0,0.0,0.2951001013073651,0.0,0.06391848513359412
TCGA-DU-6395-01A,music,0.6404121762165161,0.0,0.0,0.0,0.0,0.139700550398132,0.09779085572229047,0.12209641766306135
TCGA-DU-6396-01A,music,0.32206743515535174,0.26565036230392985,0.0,0.0,0.0,0.28911510832741505,0.0835285278232475,0.03963856639005577
TCGA-DU-6397-01A,music,0.3584299918061831,0.0,0.0,0.0,0.0,0.3766566644839834,0.07784505047131107,0.18706829323852248
TCGA-DU-6397-02A,music,0.3542950279601195,0.0,0.0,0.0,0.0,0.6257386089662836,0.01856242311929625,0.0014039399543005196
TCGA-DU-6399-01A,music,0.600747444865868,0.0,0.0,0.0,0.0,0.25494368560707836,0.043522189569063674,0.10078667995798997
TCGA-DU-6400-01A,music,0.6102966596034687,0.0,0.0,0.0,0.0,0.27519481381179006,0.02613488051290921,0.08837364607183212
TCGA-DU-6401-01A,music,0.36926278062706314,0.0,0.0,0.0,0.0,0.5367090338135643,0.0009239239430051422,0.09310426161636746
TCGA-DU-6402-01A,music,0.23969179904888632,0.12492625078253508,0.0,0.0,0.0,0.5349732064312241,0.003354546747678654,0.09705419698967588
TCGA-DU-6403-01A,music,0.5265578970976088,0.04541055327514478,0.0,0.0,0.0,0.16077416259567961,0.23827152961925857,0.028985857412308264
TCGA-DU-6404-01A,music,0.2772582079889154,0.0,0.0,0.0,0.0,0.6179669859797732,0.0,0.10477480603131135
TCGA-DU-6405-01A,music,0.749693445628894,0.0,0.0,0.0,0.0,0.09267140422663682,0.004744892322039992,0.15289025782242915
TCGA-DU-6406-01A,music,0.5110962748991598,0.0,0.0,0.0,0.0,0.45530432051583386,0.0,0.033599404585006244
TCGA-DU-6407-01A,music,0.6584884481201996,0.0,0.0,0.0,0.0,0.16821246228027678,0.06484388246493333,0.10845520713459025
TCGA-DU-6408-01A,music,0.695151201210317,0.004182200676599143,0.0,0.0,0.0,0.15463672010627047,0.010447490978552002,0.13558238702826125
TCGA-DU-6410-01A,music,0.6677466505590964,0.0,0.0,0.0,0.0,0.2982151573052547,0.017973037133736894,0.016065155001912038
TCGA-DU-6542-01A,music,0.5665601577738799,0.01728686798408933,0.0,0.0,0.0,0.16577187228881396,0.16647035359035905,0.08391074836285763
TCGA-DU-7006-01A,music,0.3706577516348412,0.14921648015807173,0.0,0.0,0.0,0.3168341909006197,0.05280868721547883,0.11048289009098862
TCGA-DU-7007-01A,music,0.32317681622694844,0.10458099459728702,0.0,0.0,0.1377917826998834,0.343643090134022,0.02436127298215824,0.0664460433597009
TCGA-DU-7008-01A,music,0.7480487862698213,0.0,0.0,0.0,0.0,0.13396052789266008,0.011067518850358811,0.10692316698715976
TCGA-DU-7009-01A,music,0.33949264785119165,0.0,0.0,0.0,0.0,0.24967379305332968,0.2550422707861715,0.15579128830930725
TCGA-DU-7010-01A,music,0.45133440458852114,0.0,0.0,0.0,0.0,0.3001372986997414,0.19586512557585808,0.05266317113587942
TCGA-DU-7011-01A,music,0.29315763772592435,0.06270284104083446,0.0,0.0,0.0,0.4434731846380943,0.0683002183544023,0.13236611824074468
TCGA-DU-7012-01A,music,0.5878436219946451,0.0770319130770771,0.0,0.0,0.0714292967334776,0.06720472916737474,0.008955911824276033,0.18753452720314928
TCGA-DU-7013-01A,music,0.8262894187179358,0.0,0.0,0.0,0.0,0.12939546884253375,0.007922983281139202,0.03639212915839126
TCGA-DU-7014-01A,music,0.4783233773755374,0.0,0.0,0.0,0.0,0.45406971381018346,0.024409750197765177,0.043197158616514054
TCGA-DU-7015-01A,music,0.4304335696184541,0.10324724863559709,0.0,0.0,0.003027654701420015,0.18689434425332235,0.050835845436040694,0.22556133735516581
TCGA-DU-7018-01A,music,0.44464121818948354,0.0,0.0,0.0,0.0,0.49378758105750686,0.014776708308532801,0.046794492444476754
TCGA-DU-7019-01A,music,0.24368819438045464,0.012896969694019997,0.0,0.0,0.0,0.42937992286865057,0.05116856343388508,0.2628663496229896
TCGA-DU-7292-01A,music,0.43799311414402387,0.0,0.0,0.0,0.0,0.3230402255204135,0.055853534562217054,0.1831131257733456
TCGA-DU-7294-01A,music,0.4768067709130872,0.0,0.0,0.0,0.0,0.2124096513853086,0.17973817944590825,0.13104539825569597
TCGA-DU-7298-01A,music,0.4394467275657498,0.0014416134322957027,0.0,0.0,0.0,0.21416111280130554,0.23863996714645186,0.1063105790541971
TCGA-DU-7299-01A,music,0.4167294063470458,0.0007200548300558518,0.0,0.0,0.0,0.22240014648853046,0.20414210455770201,0.1560082877766658
TCGA-DU-7300-01A,music,0.31646942770662906,0.0,0.0,0.0,0.0,0.28547623585237086,0.16576080096979698,0.2322935354712031
TCGA-DU-7301-01A,music,0.3626136920142681,0.05112881945417323,0.0,0.0,0.0,0.3096733780505145,0.20469726993460488,0.07188684054643929
TCGA-DU-7302-01A,music,0.4171642502700003,0.0,0.0,0.0,0.0,0.3275431383449438,0.05969087785303405,0.19560173353202182
TCGA-DU-7304-01A,music,0.3303485581030792,0.003860172761794886,0.0,0.0,0.0,0.40181504017733316,0.08299129963582894,0.18098492932196372
TCGA-DU-7304-02A,music,0.8202230908690168,0.0,0.0,0.0,0.0,0.1436410774761997,0.027211676627278965,0.008924155027504604
TCGA-DU-7306-01A,music,0.34770582053296545,0.0,0.0,0.0,0.0,0.38808813467251946,0.07840452516418711,0.18580151963032804
TCGA-DU-7309-01A,music,0.38080395260613803,0.0,0.0,0.0,0.0,0.38682294492679337,0.041281898385245236,0.19109120408182342
TCGA-DU-8158-01A,music,0.42239657993245616,0.04426177871242811,0.0,0.0,0.0,0.1755401547545171,0.2017905756434321,0.15601091095716652
TCGA-DU-8161-01A,music,0.2250893471161722,0.12413563517905497,0.0,0.0,0.0,0.28838819281184963,0.05198147153294597,0.3104053533599772
TCGA-DU-8162-01A,music,0.1927228750950022,0.0,0.0,0.0,0.0,0.3020337723829801,0.3324690173380933,0.17277433518392438
TCGA-DU-8163-01A,music,0.2970809426306172,0.026585475674369127,0.0,0.0,0.0,0.29974500344951777,0.22489583871938085,0.15169273952611503
TCGA-DU-8164-01A,music,0.47057768085100915,0.0,0.0,0.0,0.0,0.2609576829852871,0.05318620219352238,0.2152784339701814
TCGA-DU-8165-01A,music,0.24061039029256204,0.09301799919450204,0.0,0.0,0.3503456913286922,0.24876408783610124,0.0295079488642593,0.03775388248388325
TCGA-DU-8166-01A,music,0.5153596270485006,0.0,0.0,0.0,0.0,0.20741239104657025,0.03637427005175706,0.24085371185317214
TCGA-DU-8167-01A,music,0.2712301034154322,0.06241179907787188,0.0,0.0,0.0,0.3140850821926714,0.26629608868952426,0.08597692662450028
TCGA-DU-8168-01A,music,0.6770201408452522,0.0,0.0,0.0,0.0,0.24996838011260947,0.013603558982439028,0.05940792005969925
TCGA-DU-A5TP-01A,music,0.5626575698293443,0.23763721011726655,0.0,0.0,0.0,0.15491066991241698,0.040260579662791646,0.004533970478180572
TCGA-DU-A5TR-01A,music,0.307114365082619,0.2750530290426773,0.0,0.0,0.03073569898580418,0.20372316305381383,0.09523226725756553,0.08814147657752011
TCGA-DU-A5TS-01A,music,0.13864258125299236,0.0026614063611508027,0.0,0.0,0.0,0.39697031063030214,0.3323544249128144,0.12937127684274033
TCGA-DU-A5TT-01A,music,0.3575219164235239,0.0,0.0,0.0,0.0,0.357336878999784,0.11650834003113947,0.1686328645455526
TCGA-DU-A5TU-01A,music,0.6549885122475708,0.06269574713705398,0.0,0.0,0.0,0.20033478159620127,0.01050518192276499,0.07147577709640884
TCGA-DU-A5TW-01A,music,0.6504667302863103,0.0,0.0,0.0,0.0,0.22559098114714743,0.05451775779062183,0.0694245307759204
TCGA-DU-A5TY-01A,music,0.28580026032514566,0.2137453413055006,0.0,0.0,0.0014471841963973235,0.34394754941905364,0.07461700960582537,0.08044265514807743
TCGA-DU-A6S2-01A,music,0.32954309681411226,0.0,0.0,0.0,0.0,0.30688093112189957,0.19564011055440106,0.16793586150958714
TCGA-DU-A6S3-01A,music,0.43352154533656695,0.0,0.0,0.0,0.0,0.36884491660103863,0.10533081101489418,0.09230272704750014
TCGA-DU-A6S6-01A,music,0.5140917911065387,0.0,0.0,0.0,0.0,0.24841356311496968,0.04508716708140808,0.19240747869708344
TCGA-DU-A6S7-01A,music,0.44296797600868626,0.021242998075349382,0.0,0.0,0.0,0.2659823415700575,0.15497956784208974,0.11482711650381695
TCGA-DU-A6S8-01A,music,0.5347425853943257,0.0,0.0,0.0,0.0,0.3171630217098312,0.11154022179825543,0.036554171097587726
TCGA-DU-A76K-01A,music,0.34127830408169185,0.0,0.0,0.0,0.0,0.27856447703320486,0.06753221114979792,0.3126250077353055
TCGA-DU-A76L-01A,music,0.2726312566202785,0.07209762036549636,0.0,0.0,0.0,0.5589692701943467,0.08474886078059668,0.011552992039281682
TCGA-DU-A76O-01A,music,0.5250927810093327,0.06786144490640637,0.0,0.0,0.0,0.2078709641707786,0.042419800068548896,0.15675500984493348
TCGA-DU-A76R-01A,music,0.3094423209259627,0.0,0.0,0.0,0.0,0.36357360741286954,0.04876573010527907,0.2782183415558886
TCGA-DU-A7T6-01A,music,0.3557546635118506,0.0,0.0,0.0,0.0,0.4727060735358199,0.13010230504461467,0.04143695790771491
TCGA-DU-A7T8-01A,music,0.7533984824088711,0.0,0.0,0.0,0.0,0.18757223694991138,0.004070059308656235,0.054959221332561245
TCGA-DU-A7TA-01A,music,0.5958281893884622,0.026714782995673945,0.0,0.0,0.0,0.3654694927711165,0.0002384799541371939,0.011749054890610225
TCGA-DU-A7TB-01A,music,0.09281387050907114,0.0,0.0,0.0,0.0,0.16335037035761926,0.7043491166940123,0.03948664243929736
TCGA-DU-A7TC-01A,music,0.5862656378717506,0.0,0.0,0.0,0.0,0.21915680980151495,0.030879554535198306,0.1636979977915362
TCGA-DU-A7TD-01A,music,0.5234419044945153,0.07050801196532552,0.0,0.0,0.0,0.3584083107805534,0.016420875980488338,0.031220896779117442
TCGA-DU-A7TG-01A,music,0.18277861012950647,0.0,0.0,0.0,0.0,0.3750472755629225,0.11965073372198155,0.32252338058558944
TCGA-DU-A7TI-01A,music,0.5651169502791765,0.01687344946300691,0.0,0.0,0.004433689475056794,0.17331055706305867,0.06356975829977322,0.17669559541992777
TCGA-DU-A7TJ-01A,music,0.7185939804111059,0.0,0.0,0.0,0.0,0.2572629736083351,0.002019690048773759,0.022123355931785205
TCGA-E1-5302-01A,music,0.5319170357956579,0.021379452093809582,0.0,0.0,0.0,0.18991132305832722,0.07993914608980884,0.17685304296239657
TCGA-E1-5303-01A,music,0.24093956283339885,0.12423085060914087,0.0,0.0,0.0,0.16287006527028533,0.2574477517689361,0.21451176951823883
TCGA-E1-5304-01A,music,0.7719061945884421,0.0,0.0,0.0,0.0,0.15754454115721234,0.06546021815347285,0.005089046100872699
TCGA-E1-5305-01A,music,0.45608902965581855,0.0,0.0,0.0,0.0,0.2622606860177756,0.08549450471855632,0.19615577960784955
TCGA-E1-5307-01A,music,0.5673072336360688,0.0,0.0,0.0,0.0,0.0,0.0746394545210133,0.358053311842918
TCGA-E1-5311-01A,music,0.40401376591432553,0.0,0.0,0.0,0.0,0.40069948334860495,0.03906079633777115,0.15622595439929846
TCGA-E1-5318-01A,music,0.28397677768214724,0.0,0.0,0.0,0.0,0.7006338377491069,0.0035455812668583847,0.01184380330188746
TCGA-E1-5319-01A,music,0.181316422487089,0.0,0.0,0.0,0.0,0.3984159151834628,0.24832889729764648,0.1719387650318016
TCGA-E1-5322-01A,music,0.6767933991894584,0.0962022766788324,0.0,0.0,0.0,0.13171552774510045,0.023321860890097242,0.07196693549651151
TCGA-E1-A7YD-01A,music,0.6052820593046149,0.0,0.0,0.0,0.0,0.287996672531503,0.0,0.10672126816388224
TCGA-E1-A7YE-01A,music,0.429081288842218,0.11622050323455552,0.0,0.0,0.0,0.38269202493921267,0.02647949717876968,0.04552668580524416
TCGA-E1-A7YH-01A,music,0.2453839284261978,0.0,0.0,0.0,0.0,0.27199519115645127,0.3343216675235131,0.1482992128938377
TCGA-E1-A7YI-01A,music,0.46827594776236775,0.0,0.0,0.0,0.0,0.465338686516886,0.06638536572074633,0.0
TCGA-E1-A7YJ-01A,music,0.49767389419806646,0.029232415519014357,0.0,0.0,0.0,0.3614929976753886,0.06977160394366266,0.041829088663867885
TCGA-E1-A7YK-01A,music,0.11103867555534062,0.1654778629314893,0.0,0.0,0.0,0.19232278305481482,0.44424281737838794,0.08691786107996734
TCGA-E1-A7YL-01A,music,0.5829747727212299,0.11130663763095765,0.0,0.0,0.0010988737998740188,0.2117040046707244,0.015333774437744769,0.07758193673946934
TCGA-E1-A7YM-01A,music,0.14073704319623892,0.0,0.0,0.0,0.0,0.1961201185399814,0.47407083866024324,0.18907199960353654
TCGA-E1-A7YN-01A,music,0.0932654694689413,0.29083791726411473,0.0,0.0,0.0753222814101667,0.3680734277846644,0.09490022684976678,0.07760067722234613
TCGA-E1-A7YO-01A,music,0.3490099500569233,0.0,0.0,0.0,0.0,0.4744578716324903,0.016866549351335764,0.1596656289592508
TCGA-E1-A7YQ-01A,music,0.3526871948423912,0.09648444500619155,0.0,0.0,0.0,0.49443133786886584,0.0,0.05639702228255139
TCGA-E1-A7YS-01A,music,0.6861003773267952,0.0,0.0,0.0,0.0,0.23148880608875863,0.01869013969925112,0.06372067688519494
TCGA-E1-A7YU-01A,music,0.2789548571184603,0.0,0.0,0.0,0.0,0.2950069237439902,0.22598842728842594,0.2000497918491236
TCGA-E1-A7YV-01A,music,0.4330387645087274,0.0,0.0,0.0,0.0,0.47787941346957247,0.01898810684802398,0.07009371517367609
TCGA-E1-A7YW-01A,music,0.6454692892387617,0.0,0.0,0.0,0.0,0.09004011178468509,0.054179012691522574,0.2103115862850306
TCGA-E1-A7YY-01A,music,0.17555143955288394,0.0,0.0,0.0,0.0,0.3252209928228994,0.15152797284525046,0.3476995947789661
TCGA-E1-A7Z2-01A,music,0.17618329673425054,0.0,0.0,0.0,0.0,0.2963630446915363,0.1389757080441142,0.3884779505300989
TCGA-E1-A7Z3-01A,music,0.23368904271667157,0.0,0.0,0.0,0.0,0.42070369164361865,0.07941316782942467,0.2661940978102851
TCGA-E1-A7Z4-01A,music,0.3454864085773264,0.02100020638208689,0.0,0.0,0.0,0.23649728032003287,0.031384783999802685,0.36563132072075116
TCGA-E1-A7Z6-01A,music,0.2664601685662302,0.0,0.0,0.0,0.0,0.28006593359264487,0.031739723114806925,0.4217341747263179
TCGA-EZ-7264-01A,music,0.5365914432117855,0.0,0.0,0.0,0.0,0.20006064917565042,0.11258439707745684,0.15076351053510723
TCGA-F6-A8O3-01A,music,0.6030700963755199,0.0,0.0,0.0,0.0,0.261739834846289,0.013831980348375787,0.12135808842981534
TCGA-F6-A8O4-01A,music,0.47683424100304617,0.0,0.0,0.0,0.0,0.22433730816113773,0.062089466826979675,0.23673898400883653
TCGA-FG-5962-01B,music,0.47499366099062035,0.0,0.0,0.0,0.0,0.2592119025172086,0.05918662819729803,0.2066078082948731
TCGA-FG-5963-01A,music,0.13334365987713062,0.19644672022076978,0.0,0.0,0.0,0.2647750280866712,0.34408861981132755,0.061345972004100816
TCGA-FG-5963-02A,music,0.21344023988517677,0.0,0.0,0.0,0.0,0.7594801396044197,0.0270796205104034,0.0
TCGA-FG-5964-01A,music,0.5234597442138451,0.03221253907832245,0.0,0.0,0.0,0.19373413278977814,0.13330532956278918,0.11728825435526513
TCGA-FG-5965-01B,music,0.5407049484966076,0.0,0.0,0.0,0.0,0.23104552377855833,0.031437231584392766,0.19681229614044138
TCGA-FG-6688-01A,music,0.4784902157275825,0.024913665116912443,0.0,0.0,0.0,0.1359124999644126,0.22616728995832433,0.13451632923276813
TCGA-FG-6689-01A,music,0.31464103256155446,0.0010533773238609176,0.0,0.0,0.0,0.23879661743537609,0.17237261217050534,0.2731363605087032
TCGA-FG-6690-01A,music,0.5146423459689605,0.006043636893039978,0.0,0.0,0.0,0.18716023449903474,0.03970866006281827,0.2524451225761465
TCGA-FG-6691-01A,music,0.3463822688320745,0.12134405730869909,0.0,0.0,0.0,0.3395335636266061,0.043718641831666044,0.14902146840095437
TCGA-FG-6692-01A,music,0.5472025499936599,0.0,0.0,0.0,0.0,0.42319168085866943,0.0019443157814974267,0.027661453366173094
TCGA-FG-7634-01A,music,0.2982923559643998,0.017271622218954497,0.0,0.0,0.0,0.5137909683634176,0.12098564951782403,0.04965940393540414
TCGA-FG-7636-01A,music,0.6286582596031721,0.0,0.0,0.0,0.0,0.10503125887837236,0.09488492043638735,0.17142556108206825
TCGA-FG-7638-01B,music,0.3233381356137034,0.0,0.0,0.0,0.0,0.28515722199336935,0.11770136773617221,0.273803274656755
TCGA-FG-7641-01B,music,0.2609311194937619,0.0,0.0,0.0,0.0,0.15757263041206604,0.27248383346181104,0.3090124166323611
TCGA-FG-7643-01A,music,0.11578892128008947,0.0,0.0,0.0,0.0,0.3495151072330354,0.32736560282483396,0.20733036866204113
TCGA-FG-8181-01A,music,0.14123506479547335,0.0,0.0,0.0,0.0,0.5101898262150143,0.057083643970600464,0.29149146501891204
TCGA-FG-8182-01A,music,0.38488416323384234,0.0030616079795856084,0.0,0.0,0.0,0.20597549224123166,0.2714682897842387,0.13461044676110173
TCGA-FG-8185-01A,music,0.5672851062413743,0.0,0.0,0.0,0.0,0.3015956878518662,0.02147711152782782,0.10964209437893163
TCGA-FG-8186-01A,music,0.4538629313363373,0.028970829108410128,0.0,0.0,0.0,0.22316446880622076,0.07741102039324736,0.2165907503557843
TCGA-FG-8187-01A,music,0.1231022542485649,0.0,0.0,0.0,0.0,0.1859324024907503,0.49559616983437726,0.19536917342630764
TCGA-FG-8188-01A,music,0.17568082594225193,0.0012278832061312624,0.0,0.0,0.0,0.38802563125395334,0.2783171979307702,0.1567484616668933
TCGA-FG-8191-01A,music,0.2804661962008501,9.827165487255181e-05,0.0,0.0,0.0,0.20641618909619283,0.3390606680040049,0.17395867504407947
TCGA-FG-A4MT-01A,music,0.7204336337160013,0.0,0.0,0.0,0.0,0.1846520709612389,0.0025016317453882384,0.0924126635773716
TCGA-FG-A4MT-02A,music,0.501699529279692,0.0,0.0,0.0,0.0,0.17464612031014987,0.12928980681519983,0.19436454359495833
TCGA-FG-A4MW-01A,music,0.528881813022009,0.0,0.0,0.0,0.0,0.24787822698075215,0.15395880575430282,0.06928115424293609
TCGA-FG-A4MX-01A,music,0.5719430822160224,0.0,0.0,0.0,0.0,0.39334733458795285,0.003518288978183604,0.031191294217841063
TCGA-FG-A4MY-01A,music,0.21165578873584703,0.0,0.0,0.0,0.0,0.23890581556352716,0.40607993046037383,0.14335846524025198
TCGA-FG-A60J-01A,music,0.48117625496019956,0.0,0.0,0.0,0.0,0.15376790957684788,0.13084349882364935,0.23421233663930316
TCGA-FG-A60K-01A,music,0.45051568548375753,0.0,0.0,0.0,0.0,0.18988857473459952,0.08472119711242178,0.2748745426692211
TCGA-FG-A60L-01A,music,0.18445414450475445,0.10352182269904893,0.0,0.0,0.0,0.3106689272855754,0.25603530088652143,0.14531980462409969
TCGA-FG-A6IZ-01A,music,0.7529864378363404,0.0,0.0,0.0,0.0,0.1571580183688032,0.021687819774695086,0.06816772402016126
TCGA-FG-A6J1-01A,music,0.546015257394322,0.0,0.0,0.0,0.0,0.3449116959938019,0.008144075929924123,0.10092897068195195
TCGA-FG-A6J3-01A,music,0.3716938493154509,0.15823451197836544,0.0,0.0,0.0,0.3087988218862113,0.14631530615938088,0.01495751066059151
TCGA-FG-A70Y-01A,music,0.2394638599968212,0.027101263330946652,0.0,0.0,0.0,0.26817536798461766,0.22734892140902022,0.23791058727859424
TCGA-FG-A70Z-01A,music,0.3533469383379788,0.037632909645516625,0.0,0.0,0.0,0.49410646201066655,0.01580656772673268,0.09910712227910544
TCGA-FG-A710-01A,music,0.6019874965452057,0.040828608236346285,0.0,0.0,0.0,0.2243904379332335,0.020255631424031972,0.11253782586118266
TCGA-FG-A711-01A,music,0.49844431359166164,0.0,0.0,0.0,0.0,0.20005596728602734,0.05273321052331839,0.24876650859899258
TCGA-FG-A713-01A,music,0.20989028563926293,0.0,0.0,0.0,0.0,0.31013677063225054,0.2881348886689211,0.19183805505956542
TCGA-FG-A87N-01A,music,0.6418653847429094,0.0,0.0,0.0,0.0,0.3152905656042283,0.0395513682962177,0.003292681356644488
TCGA-FG-A87Q-01A,music,0.18053607387541576,0.059169322236389904,0.0,0.0,0.0,0.37372298825489797,0.2546250502459543,0.1319465653873421
TCGA-FN-7833-01A,music,0.37567573759600587,0.15131190673629213,0.0,0.0,0.0,0.2452710157145038,0.04334355939018603,0.18439778056301223
TCGA-HT-7467-01A,music,0.1161745100326892,0.0,0.0,0.0,0.0,0.272757007981615,0.4864285649454311,0.12463991704026477
TCGA-HT-7468-01A,music,0.5239715164955,0.0,0.0,0.0,0.0,0.3071728643397185,0.04165295464808743,0.1272026645166942
TCGA-HT-7469-01A,music,0.6329950358763327,0.0,0.0,0.0,0.0,0.28878494710816766,0.022684285076549793,0.0555357319389499
TCGA-HT-7470-01A,music,0.23090812668411345,0.0,0.0,0.0,0.0,0.22694279998624226,0.30080475612135216,0.24134431720829208
TCGA-HT-7471-01A,music,0.6003784264220061,0.0,0.0,0.0,0.0,0.29370621896397486,0.030108371473624287,0.0758069831403948
TCGA-HT-7472-01A,music,0.3779834390897694,0.025312759329881925,0.0,0.0,0.0,0.18699691801456036,0.17288353179980004,0.23682335176598826
TCGA-HT-7473-01A,music,0.21051517209478435,0.11785583436449293,0.0,0.0,0.3174336586295722,0.16466518700867686,0.052582142726442106,0.13694800517603162
TCGA-HT-7474-01A,music,0.20191837427250536,0.0,0.0,0.0,0.0,0.2365111476456191,0.27104678027616586,0.2905236978057097
TCGA-HT-7475-01A,music,0.3560138286789056,0.0,0.0,0.0,0.0,0.2605789525886325,0.1556349583049851,0.2277722604274769
TCGA-HT-7476-01A,music,0.21698231010190955,0.0,0.0,0.0,0.0,0.5719739257084578,0.06583126983274319,0.14521249435688946
TCGA-HT-7477-01B,music,0.4824949540800829,0.0,0.0,0.0,0.0,0.46969422719819215,0.031187167740932047,0.016623650980792964
TCGA-HT-7478-01A,music,0.3729835984711723,0.1500116504539495,0.0,0.0,0.0,0.2892745754552594,0.03591047076842325,0.1518197048511955
TCGA-HT-7479-01A,music,0.11878567840672237,0.008364208445982733,0.0,0.0,0.0,0.26237228337000673,0.4017517733839604,0.20872605639332784
TCGA-HT-7480-01A,music,0.44398038093819114,0.0,0.0,0.0,0.0,0.2782964459250832,0.1070732697590077,0.170649903377718
TCGA-HT-7481-01A,music,0.14390823356022836,0.0,0.0,0.0,0.0,0.24673683584188089,0.4044695473236699,0.20488538327422084
TCGA-HT-7482-01A,music,0.21587403422640447,0.016674506580888086,0.0,0.0,0.0,0.14715494899546355,0.35223715010441775,0.268059360092826
TCGA-HT-7483-01A,music,0.4125671742365718,0.0,0.0,0.0,0.0,0.4322964356730643,0.01533293706760329,0.13980345302276073
TCGA-HT-7485-01A,music,0.2040305429767848,0.002560955000166182,0.0,0.0,0.0,0.11373845725954389,0.22418988374622562,0.4554801610172795
TCGA-HT-7601-01A,music,0.21430663014390633,0.17827677067267622,0.0,0.0,0.0,0.23384338682193556,0.2608656465571672,0.11270756580431485
TCGA-HT-7602-01A,music,0.019819407380007197,0.0,0.0,0.0,0.0,0.23073717656461049,0.48301147351580564,0.2664319425395767
TCGA-HT-7603-01A,music,0.2236868472561164,0.0,0.0,0.0,0.0,0.20456483533588338,0.25155199564872605,0.3201963217592742
TCGA-HT-7604-01A,music,0.6737891199120606,0.0,0.0,0.0,0.0,0.16631887078836644,0.026859197427012958,0.1330328118725601
TCGA-HT-7605-01A,music,0.2269165156862624,0.0,0.0,0.0,0.0,0.21857553944714256,0.27315368546606894,0.28135425940052616
TCGA-HT-7606-01A,music,0.5729520853415264,0.0,0.0,0.0,0.0,0.3391689789715084,0.05673326039997344,0.031145675286991716
TCGA-HT-7607-01A,music,0.18809422345813678,0.0,0.0,0.0,0.0,0.3076003085028096,0.2032198088707805,0.30108565916827307
TCGA-HT-7609-01A,music,0.4390114222995665,0.018951465642602,0.0,0.0,0.0,0.2813687978765369,0.07696178752431304,0.18370652665698153
TCGA-HT-7610-01A,music,0.3648242798313928,0.0,0.0,0.0,0.0,0.1852048970445457,0.1653950937887516,0.2845757293353099
TCGA-HT-7611-01A,music,0.40136488425063754,0.016398610809355008,0.0,0.0,0.0,0.1977400487944275,0.13316294508467452,0.25133351106090546
TCGA-HT-7616-01A,music,0.30278367725958144,0.0008797680450798544,0.0,0.0,0.11740747417546195,0.4941968938443294,0.019656470442193062,0.06507571623335429
TCGA-HT-7620-01A,music,0.08090329800597076,0.0,0.0,0.0,0.0,0.17022530078824494,0.5958484735478936,0.1530229276578906
TCGA-HT-7676-01A,music,0.4564773250201809,0.0716577356591249,0.0,0.0,0.0,0.20842559089161897,0.08334768836466733,0.18009166006440797
TCGA-HT-7677-01A,music,0.42583141381432793,0.0,0.0,0.0,0.0,0.2826871587062089,0.1385956743765519,0.15288575310291125
TCGA-HT-7680-01A,music,0.07214496694585486,0.04560942301922638,0.0,0.0,0.16983506389167063,0.24809529290944626,0.013212772401465908,0.4511024808323359
TCGA-HT-7681-01A,music,0.30360774648784133,0.0,0.0,0.0,0.0,0.2754521092903505,0.14485217480546023,0.27608796941634783
TCGA-HT-7684-01A,music,0.16648215723568516,0.04793229841269099,0.0,0.0,0.0,0.4488178657698323,0.06595988711039749,0.2708077914713942
TCGA-HT-7686-01A,music,0.5513367879522771,0.08858514378946776,0.0,0.0,0.0,0.18791391918283312,0.0528319484604285,0.1193322006149935
TCGA-HT-7687-01A,music,0.48736111903978696,0.0,0.0,0.0,0.0,0.32508007723370524,0.10294307497942827,0.0846157287470796
TCGA-HT-7688-01A,music,0.3849865172855607,0.0,0.0,0.0,0.0,0.2369712292717367,0.17267745087792563,0.20536480256477696
TCGA-HT-7689-01A,music,0.25083211465013133,0.0,0.0,0.0,0.0,0.13507510123867025,0.3684196380302339,0.24567314608096447
TCGA-HT-7690-01A,music,0.5895869562550696,0.019747937588924083,0.0,0.0,0.0,0.27054597806174907,0.05977360156277305,0.06034552653148419
TCGA-HT-7691-01A,music,0.24065394125810455,0.05893597048101754,0.0,0.0,0.0,0.4110135605242926,0.0005327606034539899,0.2888637671331314
TCGA-HT-7692-01A,music,0.6136188423731644,0.0,0.0,0.0,0.0,0.20735079073974222,0.05365216992444849,0.1253781969626448
TCGA-HT-7693-01A,music,0.36122831422105606,0.08926020674056369,0.0,0.0,0.0,0.46804035020615575,0.0057280264883225645,0.07574310234390197
TCGA-HT-7694-01A,music,0.151508615670691,0.0,0.0,0.0,0.0,0.28289192653050677,0.2934283770829475,0.27217108071585483
TCGA-HT-7695-01A,music,0.2523698275035872,0.0,0.0,0.0,0.0,0.21875193981806262,0.2316537229438428,0.29722450973450737
TCGA-HT-7854-01A,music,0.11736720806671445,0.05729361478661365,0.0,0.0,0.0,0.3271920989929715,0.16095075237757195,0.3371963257761285
TCGA-HT-7855-01A,music,0.4760748475650713,0.0,0.0,0.0,0.0,0.4061416903467846,0.006176941766048674,0.11160652032209542
TCGA-HT-7856-01A,music,0.16392403687028445,0.0,0.0,0.0,0.0,0.304643598214069,0.2837879445151117,0.247644420400535
TCGA-HT-7857-01A,music,0.2254994040779411,0.30834544230861216,0.0,0.0,0.0,0.42418941161125384,0.02726471272136088,0.014701029280831985
TCGA-HT-7858-01A,music,0.534373805532063,0.0,0.0,0.0,0.0,0.1557360600382541,0.2182469038993677,0.0916432305303152
TCGA-HT-7860-01A,music,0.15315913806946924,0.037174811862968206,0.0,0.0,0.0,0.5499076494446234,0.0010355137522751895,0.25872288687066397
TCGA-HT-7873-01B,music,0.37313511922735393,0.0,0.0,0.0,0.0,0.29789053949474803,0.14721676234916042,0.18175757892873767
TCGA-HT-7874-01A,music,0.15733712624988694,0.0,0.0,0.0,0.0,0.2859335902941351,0.2382837464051756,0.3184455370508023
TCGA-HT-7875-01A,music,0.45033577640558853,0.0,0.0,0.0,0.0,0.23225920253486013,0.04219699927199636,0.275208021787555
TCGA-HT-7877-01A,music,0.16321527395453567,0.0,0.0,0.0,0.0,0.37918597186598474,0.20878748734461602,0.2488112668348636
TCGA-HT-7879-01A,music,0.5224377589037369,0.0,0.0,0.0,0.0,0.2938173444369559,0.07916923237074135,0.10457566428856592
TCGA-HT-7880-01A,music,0.13630805583834146,0.0,0.0,0.0,0.0,0.28813820511022753,0.34547430911699045,0.23007942993444067
TCGA-HT-7881-01A,music,0.0970983847415945,0.0,0.0,0.0,0.0,0.18042615775469253,0.5000639138162527,0.22241154368746013
TCGA-HT-7882-01A,music,0.10224893080003414,0.20400593851212037,0.0,0.0,0.014752461987723899,0.6586501823361766,0.00282573591817729,0.017516750445767674
TCGA-HT-7884-01B,music,0.22103025793618433,0.0,0.0,0.0,0.0,0.21200694027140607,0.2884869417917542,0.27847586000065533
TCGA-HT-7902-01A,music,0.04749537687613553,0.0,0.0,0.0,0.0,0.1929521079486515,0.6378614576627369,0.12169105751247594
TCGA-HT-8010-01A,music,0.20793696068164727,0.0,0.0,0.0,0.0,0.32081685181506014,0.09176663518756834,0.37947955231572417
TCGA-HT-8011-01A,music,0.5029775415297802,0.0,0.0,0.0,0.0,0.44589386027606087,0.004569602625079353,0.04655899556907949
TCGA-HT-8012-01A,music,0.5479267175822109,0.0,0.0,0.0,0.0,0.3252620018999615,0.034922655251150896,0.09188862526667668
TCGA-HT-8013-01A,music,0.385811094130213,0.2596480201116461,0.0,0.0,0.0,0.17899958819396916,0.08269418476031573,0.09284711280385607
TCGA-HT-8015-01B,music,0.24436970641180492,0.002992573627611357,0.0,0.0,0.0,0.31544123663466334,0.2273658396833593,0.20983064364256102
TCGA-HT-8018-01A,music,0.2753022739160523,0.05313555788390802,0.0,0.0,0.0,0.5201133830142836,0.017618671026890954,0.13383011415886523
TCGA-HT-8104-01A,music,0.4873560696040057,0.0,0.0,0.0,0.0,0.28522607636100406,0.108641912340252,0.11877594169473828
TCGA-HT-8105-01A,music,0.2722725664717065,0.0,0.0,0.0,0.0,0.5807894526778622,0.038057697666613016,0.10888028318381827
TCGA-HT-8106-01A,music,0.04766094585108472,0.18281344134384278,0.0014517544215484,0.0,0.5922522596987512,0.09664820235414723,0.05968287979572078,0.019490516534904835
TCGA-HT-8107-01A,music,0.04047268860098755,0.0,0.0,0.0,0.0,0.41077325441441165,0.3228253431278107,0.22592871385679023
TCGA-HT-8108-01A,music,0.4365887945133833,0.02978550836273807,0.0,0.0,0.0,0.31077432325700755,0.048872288324414724,0.17397908554245636
TCGA-HT-8109-01A,music,0.2861457490219769,0.0,0.0,0.0,0.0,0.26971766470549247,0.22425721849773933,0.21987936777479125
TCGA-HT-8110-01A,music,0.31851861921168645,0.2488982787174747,0.0,0.0,0.0,0.2524744770548241,0.04523547010513486,0.13487315491087987
TCGA-HT-8111-01A,music,0.17198604451162305,0.0020067423339893563,0.0,0.0,0.0,0.1770694420634242,0.3935654904725648,0.25537228061839856
TCGA-HT-8113-01A,music,0.14933849144369032,0.0,0.0,0.0,0.0,0.32532704899049036,0.22054157797011664,0.30479288159570284
TCGA-HT-8114-01A,music,0.43505007983868277,0.03487750522945829,0.0,0.0,0.0,0.33540248723814364,0.022842664931375937,0.17182726276233934
TCGA-HT-8563-01A,music,0.11302585621591192,0.47862328295834344,0.0,0.0,0.0,0.35585576749668474,0.003913916774068754,0.04858117655499118
TCGA-HT-8564-01A,music,0.3875129727594537,0.0,0.0,0.0,0.0,0.355174488575409,0.10557818011732836,0.1517343585478089
TCGA-HT-A4DS-01A,music,0.5293233328246076,0.13216470514779236,0.0,0.0,0.0,0.22802967157772988,0.013510414702094296,0.09697187574777573
TCGA-HT-A5R5-01A,music,0.2582789724109438,0.08311651988751072,0.0,0.0,0.0,0.27543673384298023,0.04936206579673635,0.33380570806182874
TCGA-HT-A5R7-01A,music,0.3252057756979032,0.0,0.0,0.0,0.0,0.24453688175177862,0.19237348080764657,0.23788386174267157
TCGA-HT-A5R9-01A,music,0.49314023146556535,0.0,0.0,0.0,0.0,0.4469003556196078,0.007625800434806909,0.052333612480019914
TCGA-HT-A5RA-01A,music,0.3229417669223761,0.0,0.0,0.0,0.0,0.543428121519813,0.0,0.13363011155781088
TCGA-HT-A5RB-01A,music,0.41330519676287003,0.0,0.0,0.0,0.0,0.31220860302591646,0.07796855519680654,0.1965176450144069
TCGA-HT-A5RC-01A,music,0.4283805641861588,0.003043565380069979,0.0,0.0,0.0,0.33045327436045996,0.06459950637612145,0.17352308969718983
TCGA-HT-A614-01A,music,0.3021198885441842,0.0,0.0,0.0,0.0,0.16175506325930514,0.3316784997639094,0.20444654843260138
TCGA-HT-A615-01A,music,0.5380101416153192,0.0,0.0,0.0,0.0,0.19449968327146247,0.10355853835598153,0.16393163675723674
TCGA-HT-A616-01A,music,0.3459071258576261,0.0,0.0,0.0,0.0,0.27471453717053984,0.05830284156696585,0.3210754954048683
TCGA-HT-A617-01A,music,0.34408374744916864,0.06948235736528309,0.0,0.0,0.04407470945968239,0.2820677466118532,0.07595041563490276,0.18434102347910988
TCGA-HT-A618-01A,music,0.31755830430615145,0.12366955853439332,0.0,0.0,0.0,0.2864451032943751,0.07138409268161167,0.20094294118346842
TCGA-HT-A61C-01A,music,0.5478818618212368,0.050433384016638605,0.0,0.0,0.0,0.32898455565942675,0.06760454567126861,0.005095652831429156
TCGA-HT-A74H-01A,music,0.20255775438709844,0.021962922590302778,0.0,0.0,0.0,0.2050902530816256,0.3518299484172674,0.2185591215237058
TCGA-HT-A74J-01A,music,0.5241179855816234,0.0,0.0,0.0,0.0,0.1657379718376523,0.06282367633482615,0.2473203662458982
TCGA-HT-A74K-01A,music,0.3698354777887349,0.0,0.0,0.0,0.0,0.43689725913150224,0.1432318500802026,0.05003541299956029
TCGA-HT-A74L-01A,music,0.5010735080752445,0.0,0.0,0.0,0.0,0.2664417221588499,0.07335599230057972,0.15912877746532578
TCGA-HT-A74O-01A,music,0.39307778382038283,0.15693874167267616,0.0,0.0,0.0,0.2661925310679453,0.10997715682684035,0.07381378661215533
TCGA-HW-7486-01A,music,0.1928541884228866,0.0,0.0,0.0,0.0,0.17491067383881106,0.527560937714749,0.10467420002355338
TCGA-HW-7487-01A,music,0.251225167814456,0.0,0.0,0.0,0.0,0.2739974867327018,0.2167403547673241,0.25803699068551816
TCGA-HW-7489-01A,music,0.3031859156125869,0.0,0.0,0.0,0.0,0.23890829221216175,0.13702743547698917,0.32087835669826215
TCGA-HW-7490-01A,music,0.277198223307507,0.0007235616464477139,0.0,0.0,0.0,0.547918241245659,0.025443592433605822,0.14871638136678053
TCGA-HW-7491-01A,music,0.3544651515025,0.0,0.0,0.0,0.0,0.47762622219751916,0.09411788120668278,0.07379074509329805
TCGA-HW-7493-01A,music,0.3806143977384688,0.0,0.0,0.0,0.0,0.26950307957297087,0.03833137535987661,0.3115511473286836
TCGA-HW-7495-01A,music,0.15426026073670324,0.0,0.0,0.0,0.0,0.26695551460087935,0.37181437459433114,0.2069698500680862
TCGA-HW-8319-01A,music,0.4501684458895671,0.0,0.0,0.0,0.0,0.2216802168517175,0.09883085996616452,0.22932047729255073
TCGA-HW-8320-01A,music,0.6241394575498781,0.0,0.0,0.0,0.0,0.23998035122104416,0.008754655054714596,0.1271255361743631
TCGA-HW-8321-01A,music,0.43508786797403604,0.0,0.0,0.0,0.0,0.4068364027762906,0.09483856096012076,0.06323716828955268
TCGA-HW-8322-01A,music,0.5723702413747581,0.0,0.0,0.0,0.0,0.2164104093109545,0.11699465695000863,0.09422469236427883
TCGA-HW-A5KJ-01A,music,0.3539866984714178,0.0,0.0,0.0,0.0,0.5465820188796808,0.02479766494510201,0.0746336177037993
TCGA-HW-A5KK-01A,music,0.24688955733759668,0.10479306431581956,0.0,0.0,0.0,0.15645860145822274,0.3812070553318114,0.11065172155654965
TCGA-HW-A5KL-01A,music,0.3619976055231807,0.0,0.0,0.0,0.0,0.3087506282046279,0.1382540791954321,0.19099768707675932
TCGA-HW-A5KM-01A,music,0.36407258857741276,0.28200232936712477,0.0,0.0,0.0,0.19527897622632368,0.017057353151704948,0.1415887526774338
TCGA-IK-7675-01A,music,0.6120022986956016,0.0,0.0,0.0,0.0,0.30861003800229686,0.06169282580834313,0.01769483749375846
TCGA-IK-8125-01A,music,0.28832393845876736,0.0,0.0,0.0,0.0,0.3431844168612789,0.06178997385468373,0.30670167082527006
TCGA-KT-A74X-01A,music,0.48729996990795854,0.0,0.0,0.0,0.0,0.33260243209938356,0.11440465806612236,0.0656929399265356
TCGA-KT-A7W1-01A,music,0.4911298035754218,0.0,0.0,0.0,0.0,0.4637981169138872,0.0,0.04507207951069109
TCGA-P5-A5ET-01A,music,0.33320839310937633,0.0,0.0,0.0,0.0,0.19457886380268552,0.24524901508904487,0.2269637279988933
TCGA-P5-A5EU-01A,music,0.6391279666575905,0.024362593798645617,0.0,0.0,0.0,0.3168089735053694,0.0,0.0197004660383944
TCGA-P5-A5EV-01A,music,0.49617821168646464,0.0,0.0,0.0,0.0,0.2931109636556316,0.028169065192949025,0.18254175946495468
TCGA-P5-A5EW-01A,music,0.5403154183740186,0.004932976979732816,0.0,0.0,0.0,0.1448409350437223,0.04824026110977319,0.26167040849275314
TCGA-P5-A5EX-01A,music,0.44996782116951944,0.010667348801486532,0.0,0.0,0.028631813798173686,0.38531917033315577,0.0006516669212867444,0.12476217897637774
TCGA-P5-A5EY-01A,music,0.1482180357645053,0.0,0.0,0.0,0.0,0.3172613041540407,0.05731852881598495,0.4772021312654691
TCGA-P5-A5EZ-01A,music,0.283154419712195,0.0004698434287916187,0.0,0.0,0.0,0.33186109289070603,0.33396211380700935,0.05055253016129792
TCGA-P5-A5F0-01A,music,0.47959693642527884,0.0,0.0,0.0,0.0,0.20759829240093086,0.06304618167566146,0.24975858949812887
TCGA-P5-A5F1-01A,music,0.15945802931648217,0.015549210827980586,0.0,0.0,0.0,0.3867530903838761,0.09245004131297581,0.3457896281586852
TCGA-P5-A5F2-01A,music,0.36762096423440643,0.0,0.0,0.0,0.0,0.24133650764784484,0.12932658068355113,0.26171594743419757
TCGA-P5-A5F4-01A,music,0.2792599489923641,0.0,0.0,0.0,0.0,0.3215615082440322,0.13391673946201058,0.26526180330159316
TCGA-P5-A5F6-01A,music,0.0050923847675787524,0.03707616805241128,0.0,0.0,0.12811462723566824,0.7845667601985133,0.00022360302665518962,0.044926456719173294
TCGA-P5-A72U-01A,music,0.13046664819457454,0.016736365578890345,0.0,0.0,0.18848497636647277,0.5324393078187148,0.0,0.1318727020413474
TCGA-P5-A72W-01A,music,0.7388623448989733,0.0,0.0,0.0,0.0,0.08342690142905898,0.044397538600516685,0.13331321507145089
TCGA-P5-A72X-01A,music,0.20748972950634412,0.0,0.0,0.0,0.0,0.5580563033657964,0.026610442846251203,0.20784352428160835
TCGA-P5-A72Z-01A,music,0.6864254980464592,0.0,0.0,0.0,0.0,0.2732740793085855,0.040300422644955244,0.0
TCGA-P5-A730-01A,music,0.20701434987329212,0.0,0.0,0.0,0.0,0.4392322384331133,0.24247565763742207,0.11127775405617259
TCGA-P5-A731-01A,music,0.370502008195764,0.0,0.0,0.0,0.0,0.4082384738071935,0.040935454283485176,0.18032406371355733
TCGA-P5-A733-01A,music,0.2274914659343626,0.0,0.0,0.0,0.0,0.37826477674831044,0.036019940096013565,0.35822381722131336
TCGA-P5-A735-01A,music,0.6879149518301163,0.0,0.0,0.0,0.0,0.05523802512802835,0.11101308388420943,0.14583393915764595
TCGA-P5-A736-01A,music,0.19289433926185864,0.11490580086888817,0.0,0.0,0.0,0.2906338184265085,0.08086157652889969,0.3207044649138449
TCGA-P5-A737-01A,music,0.7454671478039798,0.0,0.0,0.0,0.0,0.14941904075584822,0.03826737269512685,0.06684643874504506
TCGA-P5-A77W-01A,music,0.43431350351456427,0.0,0.0,0.0,0.0,0.46329124152083573,0.0744840867036955,0.027911168260904524
TCGA-P5-A77X-01A,music,0.43056569895988417,0.0,0.0,0.0,0.0,0.21336888131755716,0.08925182220070452,0.2668135975218541
TCGA-P5-A780-01A,music,0.37953322963784836,0.0,0.0,0.0,0.0,0.3437594639059835,0.2106991200018077,0.06600818645436048
TCGA-P5-A781-01A,music,0.24972967155015457,0.0,0.0,0.0,0.0,0.2588845572832039,0.22827496705476602,0.26311080411187554
TCGA-QH-A65R-01A,music,0.4081323999146913,0.0,0.0,0.0,0.0,0.49534678097825946,0.03030283444364029,0.06621798466340904
TCGA-QH-A65S-01A,music,0.2482616597273843,0.0006511995521315274,0.0,0.0,0.0,0.22815797525822254,0.333165980839932,0.1897631846223297
TCGA-QH-A65V-01A,music,0.11302738966080488,0.0,0.0,0.0,0.0,0.20867116178190578,0.4246973710284249,0.25360407752886455
TCGA-QH-A65X-01A,music,0.37368934556465916,0.0,0.0,0.0,0.0,0.596848016912683,0.009728537659512752,0.0197340998631452
TCGA-QH-A65Z-01A,music,0.27580251229185626,0.0,0.0,0.0,0.0,0.2993808557355808,0.14970488073543012,0.2751117512371329
TCGA-QH-A6CS-01A,music,0.07538781230331494,0.0016256451988542304,0.0,0.0,0.0,0.18414113886753572,0.4393379278129935,0.2995074758173017
TCGA-QH-A6CU-01A,music,0.09535307954014123,0.013917921833893251,0.0,0.0,0.0,0.1990098071960789,0.3662843804770691,0.32543481095281757
TCGA-QH-A6CV-01A,music,0.35315455618291086,0.08347571586060945,0.0,0.0,0.0,0.4348049936529922,0.08207498034769882,0.04648975395578875
TCGA-QH-A6CW-01A,music,0.7941039820516661,0.0,0.0,0.0,0.0,0.09657174386360787,0.013439013684966535,0.09588526039975945
TCGA-QH-A6CX-01A,music,0.2891185256368398,0.0,0.0,0.0,0.0,0.19403066111747996,0.3416658830043419,0.1751849302413383
TCGA-QH-A6CY-01A,music,0.18928855569894268,0.0,0.0,0.0,0.0,0.183970433666723,0.3449565646981263,0.28178444593620805
TCGA-QH-A6CZ-01A,music,0.5103596942974886,0.0,0.0,0.0,0.0,0.21212799626751422,0.08523360038351224,0.19227870905148486
TCGA-QH-A6X3-01A,music,0.4990935114461593,0.0,0.0,0.0,0.0,0.27264138586335956,0.07533728544403605,0.15292781724644494
TCGA-QH-A6X4-01A,music,0.475879801494658,0.0,0.0,0.0,0.0,0.16593525954737445,0.2803423236792357,0.07784261527873183
TCGA-QH-A6X5-01A,music,0.11446167019627158,0.0,0.0,0.0,0.0,0.21395965931029337,0.41552117382449105,0.2560574966689441
TCGA-QH-A6X8-01A,music,0.4566633656259544,0.0,0.0,0.0,0.0,0.2556049381399892,0.20465511032311592,0.08307658591094064
TCGA-QH-A6X9-01A,music,0.5406932487807002,0.0,0.0,0.0,0.0,0.21686056836538828,0.045779530915169786,0.19666665193874167
TCGA-QH-A6XA-01A,music,0.3309228094222636,0.00022058273163814252,0.0,0.0,0.0,0.16563315126838274,0.23494282011481257,0.26828063646290307
TCGA-QH-A6XC-01A,music,0.5463876262715616,0.0,0.0,0.0,0.0,0.23879157208685817,0.126996856728281,0.0878239449132993
TCGA-QH-A86X-01A,music,0.5581198097385786,0.0,0.0,0.0,0.0,0.19878999101799877,0.029093510590774477,0.21399668865264818
TCGA-QH-A870-01A,music,0.22745413584547305,0.0,0.0,0.0,0.0,0.24731461751240896,0.09459705692299322,0.4306341897191247
TCGA-R8-A6MK-01A,music,0.22112626899611276,0.0,0.0,0.0,0.0,0.23391604106660788,0.158815162987737,0.3861425269495423
TCGA-R8-A6ML-01A,music,0.5446917448139034,0.0,0.0,0.0,0.0,0.19478016404872686,0.09453978468556833,0.1659883064518015
TCGA-R8-A6MO-01A,music,0.33364512471424657,0.0,0.0,0.0,0.0,0.33556606433850145,0.2663925902883349,0.06439622065891705
TCGA-R8-A6YH-01A,music,0.7706761176016308,0.0,0.0,0.0,0.0,0.16333514422195766,0.0,0.06598873817641161
TCGA-RY-A83X-01A,music,0.2186292260831736,0.0,0.0,0.0,0.0,0.3093008661525642,0.25933208051492584,0.21273782724933646
TCGA-RY-A83Y-01A,music,0.5429221730136062,0.0,0.0,0.0,0.0,0.31937289425199805,0.042641013751589144,0.09506391898280644
TCGA-RY-A83Z-01A,music,0.7895973949883575,0.0016735565114552897,0.0,0.0,0.0,0.12603764172992427,0.024793259003573206,0.057898147766689646
TCGA-RY-A840-01A,music,0.6005086038299027,0.0,0.0,0.0,0.0,0.23121733089162796,0.023810344396596194,0.1444637208818733
TCGA-RY-A843-01A,music,0.31343250349103047,0.0,0.0,0.0,0.0,0.3462234763847701,0.06097220485857602,0.2793718152656235
TCGA-RY-A845-01A,music,0.6213151021952981,0.0,0.0,0.0,0.0,0.15300074716544937,0.0494396563819855,0.17624449425726707
TCGA-RY-A847-01A,music,0.48283977887535096,0.0,0.0,0.0,0.0,0.3016825708204769,0.0613796464120764,0.15409800389209574
TCGA-S9-A6TS-01A,music,0.48227260465889144,0.003083283672780151,0.0,0.0,0.0,0.3328659774141762,0.04245429967591083,0.13932383457824138
TCGA-S9-A6TU-01A,music,0.34828123658130083,0.0403035212272761,0.0,0.0,0.0,0.3711479173609703,0.16476767467830714,0.07549965015214559
TCGA-S9-A6TV-01A,music,0.532568296018281,0.12001983136303186,0.0,0.0,0.0,0.26957154705670516,0.0,0.07784032556198194
TCGA-S9-A6TW-01A,music,0.23379151139927593,0.0,0.0,0.0,0.0,0.691345642275784,0.03147353554148159,0.04338931078345841
TCGA-S9-A6TX-01A,music,0.2634171226937043,0.0,0.0,0.0,0.0,0.37007481692109595,0.24494039372095552,0.12156766666424434
TCGA-S9-A6TY-01A,music,0.4344347659639083,0.0,0.0,0.0,0.0,0.22163555590532452,0.18528656793002907,0.1586431102007382
TCGA-S9-A6TZ-01A,music,0.3794897965888684,0.0,0.0,0.0,0.0,0.3782597102132461,0.03476259373128483,0.20748789946660068
TCGA-S9-A6U0-01A,music,0.1654877853679591,0.004522334583726006,0.0,0.0,0.0,0.8085673479480121,0.0013777800622407509,0.020044752038062115
TCGA-S9-A6U1-01A,music,0.4388694857963797,0.0006050655324358927,0.0,0.0,0.0,0.2776865133851283,0.18865259658430164,0.09418633870175452
TCGA-S9-A6U2-01A,music,0.5174933301418367,0.0,0.0,0.0,0.0,0.2559393968580199,0.00934995108922476,0.2172173219109186
TCGA-S9-A6U5-01A,music,0.3941717368295481,0.0,0.0,0.0,0.0,0.20494231839563662,0.06135744711641448,0.33952849765840076
TCGA-S9-A6U6-01A,music,0.6316592928961643,0.0,0.0,0.0,0.0,0.15652538259569407,0.03721660058883652,0.17459872391930523
TCGA-S9-A6U8-01A,music,0.24491387898880246,0.008550396596860257,0.0,0.0,0.0,0.25052461482423677,0.30936705813493265,0.18664405145516808
TCGA-S9-A6U9-01A,music,0.1727311560000741,0.05544944478943939,0.0,0.0,0.0,0.47176088633993474,0.1608562241358385,0.13920228873471324
TCGA-S9-A6UA-01A,music,0.44216823737550653,0.16054569190709525,0.0,0.0,0.005957976281101497,0.35055471949805356,0.02052568164327602,0.02024769329496718
TCGA-S9-A6UB-01A,music,0.44176904999560473,0.0,0.0,0.0,0.0,0.20938653716156522,0.23533751401679046,0.11350689882603947
TCGA-S9-A6WD-01A,music,0.34023760958281024,0.0,0.0,0.0,0.0,0.2025575710768867,0.2608596950134541,0.196345124326849
TCGA-S9-A6WE-01A,music,0.5433891124808872,0.0,0.0,0.0,0.0,0.2388656532966878,0.08237950801855706,0.1353657262038679
TCGA-S9-A6WG-01A,music,0.20226168297006222,0.011289934889422626,0.0,0.0,0.0,0.7240194260398916,0.009921964733595773,0.05250699136702789
TCGA-S9-A6WH-01A,music,0.5716023992414864,0.0,0.0,0.0,0.0,0.32265365338102775,0.036029575941517324,0.06971437143596848
TCGA-S9-A6WI-01A,music,0.08459756269694962,0.0,0.0,0.0,0.0,0.2799498624707171,0.434130729258178,0.20132184557415517
TCGA-S9-A6WL-01A,music,0.24027727090639467,0.0,0.0,0.0,0.0,0.5894654796993961,0.024572906637956755,0.14568434275625242
TCGA-S9-A6WM-01A,music,0.5328905005536284,0.0,0.0,0.0,0.0,0.3941227771958852,0.0,0.07298672225048639
TCGA-S9-A6WN-01A,music,0.5817002416877443,0.0,0.0,0.0,0.0,0.29472816360838955,0.0,0.12357159470386611
TCGA-S9-A6WO-01A,music,0.5010558301022892,0.0021467294793529185,0.0,0.0,0.0,0.1937657450551197,0.07905414818814051,0.22397754717509766
TCGA-S9-A6WP-01A,music,0.4316486680812708,0.0,0.0,0.0,0.0,0.343681636533821,0.16007277818371102,0.0645969172011973
TCGA-S9-A6WQ-01A,music,0.25552632648699575,0.015271314101090049,0.0,0.0,0.0,0.17757178175283236,0.37969883255711706,0.17193174510196468
TCGA-S9-A7IQ-01A,music,0.26624127929520514,0.0,0.0,0.0,0.0,0.29440834295228746,0.12268854424930879,0.3166618335031986
TCGA-S9-A7IS-01A,music,0.40904729864523004,0.0,0.0,0.0,0.0,0.4564119236948385,0.13432156878057994,0.00021920887935136468
TCGA-S9-A7IX-01A,music,0.3885873468829718,0.015356474478112957,0.0,0.0,0.0,0.4257827398414098,0.048587719630193954,0.12168571916731147
TCGA-S9-A7IY-01A,music,0.22674204836741252,0.0001759794126890484,0.0,0.0,0.0,0.29683025002622043,0.1364510344251487,0.33980068776852934
TCGA-S9-A7IZ-01A,music,0.5674680544404276,0.00043561710762274705,0.0,0.0,0.0,0.2094115280293038,0.0291838613547337,0.19350093906791221
TCGA-S9-A7J0-01A,music,0.7051079200295249,0.0,0.0,0.0,0.0,0.22801204062776215,0.05731459057259093,0.009565448770121967
TCGA-S9-A7J1-01A,music,0.2519851112731537,0.0,0.0,0.0,0.0,0.23632752092349193,0.24247728775478264,0.2692100800485716
TCGA-S9-A7J2-01A,music,0.5680147298943877,0.0,0.0,0.0,0.0,0.26885091056427657,0.019237182185089567,0.1438971773562462
TCGA-S9-A7J3-01A,music,0.26629343211178913,0.0,0.0,0.0,0.0,0.3911134278826165,0.15585239455991945,0.18674074544567482
TCGA-S9-A7QW-01A,music,0.6825566450288821,0.0,0.0,0.0,0.0,0.06256931470529238,0.08967587435538225,0.16519816591044315
TCGA-S9-A7QX-01A,music,0.7470994618574397,0.0,0.0,0.0,0.0,0.15651625727576501,0.04082985528203843,0.055554425584756865
TCGA-S9-A7QY-01A,music,0.25071277037097867,0.0,0.0,0.0,0.0,0.2722776501729608,0.34601914585191446,0.1309904336041461
TCGA-S9-A7QZ-01A,music,0.36983681346846187,0.0,0.0,0.0,0.0,0.4106451316264741,0.0841340021242306,0.13538405278083346
TCGA-S9-A7R1-01A,music,0.5306414082737457,0.0,0.0,0.0,0.0,0.26839289075145617,0.014535146625262231,0.18643055434953582
TCGA-S9-A7R2-01A,music,0.19883493044645253,0.09725739064572204,0.0,0.0,0.0,0.16192166985377013,0.40634616851867267,0.1356398405353825
TCGA-S9-A7R3-01A,music,0.21354117870862296,0.0062185829548584435,0.0,0.0,0.0,0.3749378193718897,0.16101680533202384,0.24428561363260504
TCGA-S9-A7R4-01A,music,0.28250999460551673,0.014770572615585866,0.0,0.0,0.0,0.6301355009012328,0.014453463217650474,0.05813046866001396
TCGA-S9-A7R7-01A,music,0.5783003698257578,0.07900935687033939,0.0,0.0,0.0,0.24763513785840569,0.018690914276139094,0.07636422116935805
TCGA-S9-A7R8-01A,music,0.5647114321736632,0.005586849382502729,0.0,0.0,0.0,0.22847870041544402,0.17834898362639562,0.022874034401994394
TCGA-S9-A89V-01A,music,0.6686771359342343,0.0,0.0,0.0,0.0,0.2442804487976658,0.012814513158395659,0.07422790210970429
TCGA-S9-A89Z-01A,music,0.5150446955036582,0.09611032570480332,0.0,0.0,0.0,0.3204585060910394,0.061980393490229574,0.006406079210269494
TCGA-TM-A7C3-01A,music,0.43762938243919164,0.0,0.0,0.0,0.0,0.4815805465581601,0.0023175638097202955,0.07847250719292781
TCGA-TM-A7C4-01A,music,0.4261291725909779,0.0,0.0,0.0,0.0,0.2543563107583472,0.023361335534305465,0.2961531811163694
TCGA-TM-A7C5-01A,music,0.6082116367022123,0.0,0.0,0.0,0.0,0.33508964058702867,0.017697925245444352,0.0390007974653146
TCGA-TM-A7CA-01A,music,0.6271789257442374,0.0,0.0,0.0,0.0,0.14256250084585972,0.11866886878247206,0.11158970462743088
TCGA-TM-A7CF-01A,music,0.4324061978211956,0.0,0.0,0.0,0.0,0.13633411350588384,0.06840730348716477,0.3628523851857559
TCGA-TM-A7CF-02A,music,0.13231001354309277,0.0,0.0,0.0,0.0,0.05667915769522478,0.6706364768679807,0.14037435189370168
TCGA-TM-A84B-01A,music,0.5209439729578884,0.0,0.0,0.0,0.0,0.2615563355962298,7.862206864724709e-05,0.21742106937723454
TCGA-TM-A84C-01A,music,0.77133463613839,0.0,0.0,0.0,0.0,0.1355815746776703,0.0,0.09308378918393963
TCGA-TM-A84F-01A,music,0.23950583362561514,0.1383334455643035,0.0,0.0,0.0,0.29658441696044063,0.08777933690927228,0.23779696694036828
TCGA-TM-A84G-01A,music,0.588974397214661,0.0,0.0,0.0,0.0,0.29774698315944537,0.01830270081289704,0.09497591881299661
TCGA-TM-A84H-01A,music,0.6621935707840085,0.0,0.0,0.0,0.0,0.14400092161121633,0.01133096864781299,0.1824745389569623
TCGA-TM-A84I-01A,music,0.8270781169048971,0.0,0.0,0.0,0.0,0.15486462746799085,0.0008371554133075369,0.017220100213804455
TCGA-TM-A84J-01A,music,0.6270669348651317,0.0,0.0,0.0,0.0,0.37223594830377194,0.0006971168310964944,0.0
TCGA-TM-A84L-01A,music,0.24932742714262698,0.03098391693429114,0.0,0.0,0.0,0.2869698570889223,0.19279614907086365,0.23992264976329603
TCGA-TM-A84M-01A,music,0.7592812948633443,0.0,0.0,0.0,0.0,0.15124403202559372,0.02446744394881782,0.06500722916224416
TCGA-TM-A84O-01A,music,0.28427222616433506,0.0,0.0,0.0,0.0,0.36177503185870613,0.14024953184437192,0.2137032101325869
TCGA-TM-A84Q-01A,music,0.5974526398159627,0.060717251802223114,0.0,0.0,0.0,0.1543869278659176,0.10919000360768855,0.07825317690820809
TCGA-TM-A84R-01A,music,0.1505053631716686,0.0,0.0,0.0,0.0,0.32295713165188955,0.23213128688182846,0.29440621829461344
TCGA-TM-A84S-01A,music,0.3479757852122458,0.0,0.0,0.0,0.0,0.19109549309027826,0.12182516581101388,0.33910355588646207
TCGA-TM-A84T-01A,music,0.6263783658136002,0.0,0.0,0.0,0.0,0.21570315443277174,0.08326167826165944,0.07465680149196872
TCGA-TQ-A7RF-01A,music,0.3319002046105028,0.0,0.0,0.0,0.0,0.413751401556577,0.0353143427111914,0.21903405112172883
TCGA-TQ-A7RG-01A,music,0.42976261533629706,0.0,0.0,0.0,0.0,0.21469960638943583,0.11661851756808428,0.23891926070618272
TCGA-TQ-A7RH-01A,music,0.5418117297348214,0.014263740211114047,0.0,0.0,0.0,0.28764442107216415,0.0710366720141844,0.08524343696771612
TCGA-TQ-A7RI-01A,music,0.37673763512804864,0.0,0.0,0.0,0.0,0.21874016834597398,0.19253494584916853,0.2119872506768089
TCGA-TQ-A7RJ-01A,music,0.3697912872677261,0.016109448933394825,0.0,0.0,0.0,0.29817191713966185,0.05252316625173439,0.2634041804074829
TCGA-TQ-A7RK-01A,music,0.7027957298454409,0.0,0.0,0.0,0.0,0.15284997121488442,0.0708420340458534,0.07351226489382122
TCGA-TQ-A7RM-01A,music,0.6934645442539094,0.0,0.0,0.0,0.0,0.27381443113317416,0.028602826551899233,0.004118198061017289
TCGA-TQ-A7RN-01A,music,0.46142367106969523,0.0,0.0,0.0,0.0,0.31250506465172057,0.06813642474456903,0.15793483953401524
TCGA-TQ-A7RO-01A,music,0.2853161050221227,0.0,0.0,0.0,0.0,0.440797816889966,0.019457459301874244,0.254428618786037
TCGA-TQ-A7RP-01A,music,0.0716024186010048,0.0,0.0,0.0,0.0,0.38039311091629324,0.26129478645507603,0.2867096840276259
TCGA-TQ-A7RQ-01A,music,0.6465085097228315,0.0,0.0,0.0,0.0,0.2305459592443706,0.006595606575993253,0.11634992445680477
TCGA-TQ-A7RR-01A,music,0.217181271557129,0.0010423209278733066,0.0,0.0,0.0,0.18154562500890892,0.3980079713535018,0.20222281115258697
TCGA-TQ-A7RS-01A,music,0.32065636261004055,0.0,0.0,0.0,0.0,0.30683840389655354,0.20012848311063774,0.17237675038276823
TCGA-TQ-A7RU-01A,music,0.5070864930300154,0.0,0.0,0.0,0.0,0.37778965424109834,0.04640603622300386,0.06871781650588238
TCGA-TQ-A7RV-01A,music,0.4894787264204209,0.0,0.0,0.0,0.0,0.22133556723059228,0.13009164889721983,0.15909405745176688
TCGA-TQ-A7RV-02A,music,0.2131638075078456,0.017204079251543894,0.0,0.0,0.0,0.24976953064293236,0.16980194796286172,0.3500606346348163
TCGA-TQ-A7RW-01A,music,0.3755950831209768,0.0547931086143362,0.0,0.0,0.0,0.3121204948571112,0.10143782632759858,0.15605348707997704
TCGA-TQ-A8XE-01A,music,0.6416450863266432,0.0,0.0,0.0,0.0,0.17996677397705885,0.0709523312773211,0.10743580841897682
TCGA-TQ-A8XE-02A,music,0.3136648223987867,0.020042538223585725,0.0,0.0,0.0,0.34778854878381726,0.21211581658191525,0.10638827401189509
TCGA-VM-A8C8-01A,music,0.4163825177073184,0.0014099170594786359,0.0,0.0,0.0,0.16785341991050295,0.12239993554837518,0.29195420977432485
TCGA-VM-A8C9-01A,music,0.3486197191561472,0.18073807800827463,0.0,0.0,0.0,0.2677017187189791,0.08853062014002125,0.11440986397657794
TCGA-VM-A8CA-01A,music,0.23289423834842607,0.0,0.0,0.0,0.0,0.5173937956864283,0.017523383230791223,0.2321885827343545
TCGA-VM-A8CB-01A,music,0.6497840028973169,0.0,0.0,0.0,0.0,0.2877549048298202,0.01036255553169409,0.05209853674116876
TCGA-VM-A8CD-01A,music,0.319234262236998,0.1074567183810995,0.0,0.0,0.0,0.262647467097586,0.03204412567642566,0.27861742660789085
TCGA-VM-A8CE-01A,music,0.14909659567267472,0.0,0.0,0.0,0.0,0.32175452105105584,0.3241775874560857,0.20497129582018378
TCGA-VM-A8CF-01A,music,0.4129410642163907,0.1648547515419371,0.0,0.0,0.0,0.1534333894951818,0.0969047042556755,0.17186609049081494
TCGA-VM-A8CH-01A,music,0.5948172613523813,0.0,0.0,0.0,0.0,0.24764120268345077,0.06358154051257003,0.09395999545159785
TCGA-VV-A829-01A,music,0.6667159008165271,0.0,0.0,0.0,0.0,0.3109493910622068,0.0009487256960485419,0.02138598242521756
TCGA-VV-A86M-01A,music,0.7078520720932435,0.011630547088862124,0.0,0.0,0.0,0.27632516795873746,0.0,0.004192212859156841
TCGA-VW-A7QS-01A,music,0.5913992252196392,0.0,0.0,0.0,0.0,0.314089349903286,0.012089510219038459,0.08242191465803639
TCGA-VW-A8FI-01A,music,0.7520200485302212,0.0,0.0,0.0,0.0,0.14414852019283927,0.05551661926955507,0.04831481200738461
TCGA-W9-A837-01A,music,0.4015333582172917,0.0,0.0,0.0,0.0,0.23289398555980742,0.07457659611674294,0.2909960601061579
TCGA-WH-A86K-01A,music,0.4514293693858587,0.0,0.0,0.0,0.0,0.35791724458688157,0.027339152388746773,0.1633142336385129
TCGA-WY-A858-01A,music,0.14817090999972524,0.09863211048215902,0.0,0.0,0.0,0.5646591539016952,0.11205655950152822,0.07648126611489242
TCGA-WY-A859-01A,music,0.4391780400050595,0.0,0.0,0.0,0.0,0.2005168697245961,0.12977704027297463,0.23052804999736978
TCGA-WY-A85A-01A,music,0.41788526299923806,0.0,0.0,0.0,0.0,0.24959056068249402,0.05016156837350554,0.28236260794476237
TCGA-WY-A85B-01A,music,0.7393099090838854,0.03659285183603425,0.0,0.0,0.0,0.14726106260084085,0.04725684225205088,0.029579334227188753
TCGA-WY-A85C-01A,music,0.6443225317720256,0.0,0.0,0.0,0.0,0.3054167006720685,0.0,0.05026076755590596
TCGA-WY-A85D-01A,music,0.26415644393111426,0.039527359523139044,0.0,0.0,0.0,0.2151915187418654,0.15204329206038322,0.3290813857434981
TCGA-WY-A85E-01A,music,0.738092267388703,0.0,0.0,0.0,0.0,0.1629258322919365,0.014209826796848207,0.08477207352251225
TCGA-CS-4938-01B,bisque,0.2811492495187464,0.24723780151913538,0.1818243546372663,0.03357128491808806,0.0644171696816007,0.07514159429578791,0.11665854542937518,0.0
TCGA-CS-4941-01A,bisque,0.2621803728383479,0.3925477171609508,0.2609851754105139,0.034364860167157084,0.016041921904710394,0.0,0.03387995251831999,0.0
TCGA-CS-4942-01A,bisque,0.235059652519903,0.458542153272491,0.137883668540253,0.0308349250402939,0.0239555325997363,0.0,0.113724068027323,0.0
TCGA-CS-4943-01A,bisque,0.30006247727261187,0.2875313278452179,0.14597865029528095,0.04918754404588598,0.041906333451833276,0.039136884960886076,0.13619678212828396,0.0
TCGA-CS-4944-01A,bisque,0.31044902422701887,0.2067686976721369,0.05839283263076597,0.0,0.0,0.0,0.01984832389962049,0.40454112157045785
TCGA-CS-5390-01A,bisque,0.2698743550560077,0.22563486650791376,0.16400702188827582,0.021367943980926875,0.03185418361666167,0.044532473278536454,0.24272915567167772,0.0
TCGA-CS-5393-01A,bisque,0.269769541152971,0.31993530901948,0.110082730045632,0.0316946801749174,0.036790195629821,0.0420689266421242,0.185218163024855,0.0044404543101993
TCGA-CS-5394-01A,bisque,0.33036874100478114,0.21745778124870607,0.16461659976310208,0.04022081458164682,0.04904427983184712,0.08653829135717504,0.08393940947135595,0.027814082741385814
TCGA-CS-5395-01A,bisque,0.2924997141114182,0.27430358828038914,0.16048563252948309,0.03230407810497632,0.04456546937192093,0.04059408362246762,0.13461966545400808,0.02062776852533671
TCGA-CS-5396-01A,bisque,0.25894136060532214,0.19152576670455007,0.14645064819705905,0.03280051089674301,0.038995550853832314,0.03576048100743321,0.2955256817350601,0.0
TCGA-CS-5397-01A,bisque,0.2567615298140819,0.4037940130441878,0.11288825394903794,0.017465822314880194,0.008849544053204197,0.013040659226372995,0.11620081895220094,0.07099935864603407
TCGA-CS-6186-01A,bisque,0.32067501453810804,0.30597228110265406,0.16177627846112802,0.03222801938644421,0.033704723219708306,0.0,0.03567475973312121,0.10996892355883603
TCGA-CS-6188-01A,bisque,0.449685724830069,0.499979515991194,0.0,0.0039895427003883,0.0,0.0,0.0343392741398704,0.0120059423384782
TCGA-CS-6290-01A,bisque,0.2594321270854381,0.38151930953823615,0.13687673616854806,0.031983435366390915,0.037081208003073914,0.014882498445232107,0.12332144443831405,0.014903240954766707
TCGA-CS-6665-01A,bisque,0.0408891569387966,0.506689420300046,0.0382847254581074,0.09270922524623,0.0,0.0,0.32142747205682,0.0
TCGA-CS-6666-01A,bisque,0.2969041259419139,0.2779612490317399,0.20497062617932893,0.014169995053842492,0.0,0.08167480325039946,0.08672769610865716,0.037591504434118087
TCGA-CS-6667-01A,bisque,0.2872788906618542,0.24956559516975316,0.14524829644334009,0.042175612937546327,0.037250593251618926,0.14197373750782907,0.08979349678471145,0.0067137772433467045
TCGA-CS-6668-01A,bisque,0.3096186972197173,0.22493999775394818,0.17899065555479315,0.034842328931685825,0.05659348466852735,0.05511812179005305,0.1398967140812751,0.0
TCGA-CS-6669-01A,bisque,0.2726965386704671,0.2225502317354131,0.17918808419281107,0.03382748073011791,0.05626003358396573,0.03341291061715331,0.17028831135545408,0.03177640911461772
TCGA-CS-6670-01A,bisque,0.3071899328867787,0.23576582285930578,0.16309271888432486,0.018233340152864784,0.038820001253043565,0.07877122950428612,0.11815679196921888,0.03997016249017726
TCGA-DB-5270-01A,bisque,0.2626064119868711,0.2561991500571361,0.19138532710731807,0.037373228118124116,0.04604093760861081,0.019704582087127408,0.15500114565517506,0.03168921737963731
TCGA-DB-5273-01A,bisque,0.31160233743688276,0.2706341162419088,0.1492337487341969,0.03278038576909178,0.035166739608795176,0.046717549535745875,0.13396659599787591,0.019898526675502886
TCGA-DB-5274-01A,bisque,0.18450327632581384,0.3102503286222737,0.30031078153103274,0.030894639472989472,0.0,0.040017331315366264,0.1340236427325239,0.0
TCGA-DB-5275-01A,bisque,0.32545412766865084,0.2737539006402469,0.15906774421478392,0.032694038369231786,0.03628544026779278,0.060399714482546975,0.08716516944919726,0.02517986490754949
TCGA-DB-5276-01A,bisque,0.17169275096342287,0.2912688024242677,0.1139847774299019,0.059557812904842945,0.0,0.0,0.36349585627756464,0.0
TCGA-DB-5277-01A,bisque,0.281538865288578,0.253135404929778,0.137971946982543,0.0298518640537572,0.0209402312629162,0.0267485178479476,0.24981316963448,0.0
TCGA-DB-5278-01A,bisque,0.2852107734294231,0.22174688250214405,0.15934181837835504,0.017101362767976105,0.03296462261018101,0.07319398750786212,0.16536359958887303,0.045076953215185504
TCGA-DB-5280-01A,bisque,0.3026086012687049,0.23205129016331993,0.16604703406714097,0.03633366289079469,0.05726872106739499,0.07454340528338219,0.11195791457002398,0.019189370689238396
TCGA-DB-5281-01A,bisque,0.2942265945909699,0.26649663632639387,0.18171122504987391,0.029300664547436187,0.037280087393197485,0.09191922377228236,0.08287986489941276,0.016185703420433593
TCGA-DB-A4X9-01A,bisque,0.3101711833555751,0.2523875635309251,0.16085336190332206,0.03630382119784981,0.06497606812183233,0.05967596711796192,0.09368514565355973,0.02194688911897401
TCGA-DB-A4XA-01A,bisque,0.28085199037975017,0.24663739776755814,0.19957264290302412,0.026858525259592113,0.02123514898782341,0.03512214481380412,0.14361731133236308,0.04610483855608493
TCGA-DB-A4XB-01A,bisque,0.3065008691701041,0.23975852422113508,0.16177491878394007,0.041459503693491814,0.05897499005601412,0.04258223483983501,0.12993389732287605,0.019015061912603808
TCGA-DB-A4XC-01A,bisque,0.28695037484077474,0.2958509628616217,0.15740454454892785,0.04985887733626396,0.05211743343212915,0.042346737138429465,0.07508175393574683,0.040389315906106164
TCGA-DB-A4XD-01A,bisque,0.28176544040581775,0.2532565713154868,0.13539406420470088,0.025415545834464377,0.04280985971857477,0.05158551981623455,0.2097729987047208,0.0
TCGA-DB-A4XE-01A,bisque,0.315926521435044,0.257708592158208,0.149834099166244,0.0267391139978342,0.0469024713265857,0.0415424654376644,0.15085557433578,0.0104911621426396
TCGA-DB-A4XF-01A,bisque,0.32598284836860103,0.22457837210649406,0.18209248201985703,0.021485617310492103,0.04264270849146211,0.05516179746004762,0.10798993578729203,0.04006623845575401
TCGA-DB-A4XG-01A,bisque,0.33912539293171884,0.2238092732892889,0.1746292391928019,0.02461136865356369,0.05509996895208407,0.09809217033932026,0.08463258664122246,0.0
TCGA-DB-A4XH-01A,bisque,0.24042224578959895,0.22059393762699694,0.14391334021785498,0.021054986772549196,0.030465780479338192,0.06068425754671899,0.24365149376351594,0.03921395780342679
TCGA-DB-A64L-01A,bisque,0.2727102129524919,0.24451450893999294,0.17821786555038197,0.11488606487533197,0.022646632550733795,0.011129922979410699,0.06668821661683119,0.08920657553482549
TCGA-DB-A64O-01A,bisque,0.29543588201092574,0.2433500061190728,0.1109296337339329,0.006207862451818495,0.01175420511367819,0.0,0.1120687754852409,0.2202536350853308
TCGA-DB-A64P-01A,bisque,0.2823309233413753,0.27524399307361924,0.12297327145663312,0.025262868184010922,0.014558533262567912,0.07527116014249367,0.17170869591863713,0.032650554620662825
TCGA-DB-A64Q-01A,bisque,0.2937105988520349,0.24012617941709588,0.14460872503532193,0.02325110876370089,0.033558103055691985,0.05420437716066348,0.1598342206684179,0.05070668704707298
TCGA-DB-A64R-01A,bisque,0.33639659949457795,0.23383695186672995,0.15655944473683897,0.029553035876192294,0.04712241477098798,0.09819436642018657,0.09833718683448628,0.0
TCGA-DB-A64S-01A,bisque,0.22003409525106093,0.5382387054584579,0.07183951747947219,0.020195655057822396,0.0,0.005197698577081799,0.14449432817610497,0.0
TCGA-DB-A64U-01A,bisque,0.18844541563283695,0.21711573319766994,0.08737751094626009,0.010589829192841398,0.010475881095222898,0.023255614360936795,0.4627400155742319,0.0
TCGA-DB-A64V-01A,bisque,0.17183818308399493,0.3175644136299428,0.19545970488986092,0.010610275567432895,0.0,0.0,0.2703917426442349,0.03413568018453349
TCGA-DB-A64W-01A,bisque,0.322974259779685,0.217156740614107,0.161687877915513,0.0311157332913856,0.048400257386654,0.0640295951839775,0.154635535828678,0.0
TCGA-DB-A64X-01A,bisque,0.3241167958592568,0.23821493074550285,0.1803947426545379,0.01763750875112319,0.04074925505931587,0.07242399954896336,0.06563432477828296,0.060828442603017056
TCGA-DB-A75K-01A,bisque,0.26307899456045997,0.4584195901037449,0.10383973428571497,0.024767423156237894,0.0,0.026414335472504893,0.12202183290110898,0.0014580895202283997
TCGA-DB-A75L-01A,bisque,0.3001665696855391,0.25192366809351213,0.15310475144265007,0.029868672414984213,0.04201767611041932,0.06298699362171732,0.15685091775148308,0.0030807508796947014
TCGA-DB-A75M-01A,bisque,0.313076506723644,0.23724104677711,0.155370784858809,0.0229966797551193,0.0400736327087519,0.0372705450175315,0.127653952437056,0.0663168517219783
TCGA-DB-A75O-01A,bisque,0.3219310436408,0.293728779506552,0.156117672592557,0.0222145502848429,0.0401669724917207,0.0365859725784184,0.0732799713208445,0.0559750375842644
TCGA-DB-A75P-01A,bisque,0.2902354796175716,0.24792145897753567,0.20462933135651673,0.05064144295506353,0.005863343082843892,0.011799307374808284,0.0760525984512323,0.11285703818442784
TCGA-DH-5140-01A,bisque,0.35064597357495486,0.2850528759627279,0.2016194416810649,0.03542817421368469,0.031473342562841386,0.03379935649890479,0.06198083550582147,0.0
TCGA-DH-5142-01A,bisque,0.252774282542385,0.287736209508674,0.0,0.410069308235057,0.0,0.0,0.049420199713884,0.0
TCGA-DH-5143-01A,bisque,0.298689395682584,0.26282754428676,0.160610749723446,0.0272762070982341,0.0529766764791576,0.0448372179017211,0.0931611429904316,0.0596210658376655
TCGA-DH-5144-01A,bisque,0.33135189124964903,0.24416655837577603,0.20592374517849502,0.021790336042253205,0.03143269189597081,0.07276903435927631,0.09109123265803211,0.0014745102405475002
TCGA-DH-A669-01A,bisque,0.31887378838091784,0.2605288869507179,0.15314790177294593,0.02251606193473779,0.038712729281883684,0.0,0.10330425799630996,0.10291637368248696
TCGA-DH-A669-02A,bisque,0.319097804457643,0.28411570946415,0.181077338732668,0.0645383428135811,0.0,0.0553448206804086,0.0958259838515494,0.0
TCGA-DH-A66B-01A,bisque,0.3100450393846369,0.34075784741454285,0.1947355002378549,0.04507355828573268,0.04272824547294468,5.9250876779159973e-05,0.06660055832750887,0.0
TCGA-DH-A66D-01A,bisque,0.307101157518022,0.383148114913249,0.12220532444497,0.0278048932987023,0.0206902005449679,0.01888436857841,0.0910903327280175,0.0290756079736614
TCGA-DH-A66F-01A,bisque,0.29676524477542493,0.22247329865936893,0.16495455300747996,0.006692203624327998,0.029381733243241594,0.07038344940552159,0.10125418985360897,0.10809532743102597
TCGA-DH-A66G-01A,bisque,0.3040123332892199,0.2833061597627969,0.17454367186165992,0.04674597661297538,0.04892089800889018,0.019420563228662993,0.05011770506076748,0.07293269217502728
TCGA-DH-A7UR-01A,bisque,0.2828274572019663,0.20865585663501923,0.23209123647971622,0.05986423248084016,0.014512239947905814,0.13745242598505514,0.06459655126949716,0.0
TCGA-DH-A7US-01A,bisque,0.2528833093035607,0.2283138075730457,0.12450483160979783,0.013902333129203281,0.019297723038911876,0.043263699048301144,0.29696730077087563,0.020866995526303972
TCGA-DH-A7UT-01A,bisque,0.2601986880932812,0.2765202783438022,0.10242379555179809,0.006206643858031705,0.016698165894640314,0.03457088939370433,0.3014607200618003,0.0019208188029418017
TCGA-DH-A7UU-01A,bisque,0.2755581651570646,0.2748186479771526,0.1521833497788988,0.03190964331769466,0.04584532751737404,0.06681034069709642,0.1528745255547188,0.0
TCGA-DH-A7UV-01A,bisque,0.28725397463283386,0.2949760828029449,0.14541338603293494,0.036837072273779685,0.04825904764504388,0.039312661674578676,0.14794777493788394,0.0
TCGA-DU-5847-01A,bisque,0.13874855068912392,0.6314338392213475,0.1558442775525199,0.008223293947038695,0.0,0.0,0.010284149929024393,0.055465888660945366
TCGA-DU-5849-01A,bisque,0.2457315651111283,0.2416521165317113,0.19586030357941522,0.011263754673297911,0.023200551186435926,0.03741909125855114,0.21537379239222024,0.02949882526724003
TCGA-DU-5851-01A,bisque,0.2316378053106809,0.2571232996729589,0.11276788689573994,0.022117063418854388,0.02637342240067909,0.02379797610517679,0.2798356863675749,0.04634685982833508
TCGA-DU-5852-01A,bisque,0.498079134611167,0.388306672380893,0.11361419300794,0.0,0.0,0.0,0.0,0.0
TCGA-DU-5853-01A,bisque,0.25398026418516084,0.26870366732067885,0.25989638773202584,0.01761686745100519,0.03192590878942378,0.028081825454555884,0.12178123737997591,0.01801384168717369
TCGA-DU-5854-01A,bisque,0.196775556287716,0.411856624118462,0.0648694815052992,0.0137574426152469,0.0,0.0,0.312740895473276,0.0
TCGA-DU-5855-01A,bisque,0.3080579738804588,0.2844585717056548,0.13385121231369893,0.03046306955045858,0.03433396149905578,0.047075589345465366,0.09061153920158664,0.07114808250362106
TCGA-DU-5870-02A,bisque,0.33944342886801604,0.23223310257356705,0.17507779834386303,0.041405387484281304,0.029217531571015108,0.048420777108492914,0.13311059660736801,0.0010913774433965002
TCGA-DU-5871-01A,bisque,0.297669691200587,0.289279884959607,0.127074491401895,0.0270276589782701,0.0368111821541452,0.0351451579591943,0.0707436192706693,0.116248314075632
TCGA-DU-5872-01A,bisque,0.273327875777138,0.220271774945088,0.136712805103224,0.051756400798782,0.106761166082907,0.069289967154296,0.133564831372067,0.0083151787664981
TCGA-DU-5872-02A,bisque,0.0,0.24070832688494495,0.6684125569559319,0.08873812724379988,0.0,0.0,0.0021409889153232997,0.0
TCGA-DU-6392-01A,bisque,0.24109012092816984,0.47681098005120465,0.11418260148499992,0.04884621767432806,0.0,0.008681991121974495,0.11038808873932293,0.0
TCGA-DU-6393-01A,bisque,0.319927981978492,0.228603105007267,0.181476733816399,0.0434429699733965,0.05099103555772,0.0725916476580205,0.102966526008705,0.0
TCGA-DU-6394-01A,bisque,0.362663811974422,0.237877242130005,0.193002055760995,0.0178836553108562,0.0409404026579264,0.0613809441699097,0.0685217783907581,0.0177301096051278
TCGA-DU-6395-01A,bisque,0.2930973173534259,0.3829165369431899,0.12631078666587098,0.015426000694919397,0.013123536645723397,0.003453914768468699,0.14979163963113898,0.015880267297262798
TCGA-DU-6396-01A,bisque,0.114851223309738,0.641114425688877,0.0,0.121435193241308,0.0,0.0,0.122599157760077,0.0
TCGA-DU-6397-01A,bisque,0.2778115585747892,0.23205938304988213,0.15871035644285308,0.02034292987607761,0.04006592529103142,0.08064093092973974,0.11817280543942707,0.07219611039619984
TCGA-DU-6397-02A,bisque,0.24185049822564322,0.2162108032586752,0.14181762009632515,0.14219546426920313,0.01192915690131521,0.1124170111427711,0.13357944610606712,0.0
TCGA-DU-6399-01A,bisque,0.3060037234650929,0.2612031624817109,0.16205679429777392,0.03268213058906028,0.04814194164207288,0.059312059465828675,0.11821308664186395,0.012387101416596396
TCGA-DU-6400-01A,bisque,0.311383032916937,0.247878416204201,0.220904523605376,0.040255283355574,0.036807731252319,0.0586512371525751,0.0841197755130179,0.0
TCGA-DU-6401-01A,bisque,0.3078579186040509,0.2719408778360659,0.15015040534168994,0.04538440623745258,0.038086056645549184,0.11389729514280694,0.06258099638771847,0.010102043804665995
TCGA-DU-6402-01A,bisque,0.03451327372603387,0.8664029069668082,0.05758889088025165,0.0,0.0,0.0,0.0,0.041494928426906365
TCGA-DU-6403-01A,bisque,0.12200276966235286,0.7248772613423162,0.0,0.0,0.0,0.0,0.15311996899533084,0.0
TCGA-DU-6404-01A,bisque,0.32422474161379683,0.3115827973961119,0.2317642933132569,0.02383121662655779,0.02467129618042789,0.05318925928610988,0.009535531205528596,0.02120086437821019
TCGA-DU-6405-01A,bisque,0.32148474824527395,0.33069331630913595,0.17739886753807096,0.006001133621498398,0.029892074304308992,0.004970540298287399,0.033993771975127596,0.09556554770829698
TCGA-DU-6406-01A,bisque,0.3670291085057328,0.35566978592471576,0.20742523281093986,0.006716655090156996,0.01412686021058679,0.04903235745786787,0.0,0.0
TCGA-DU-6407-01A,bisque,0.33337622811861,0.269627092117369,0.117210827868372,0.0186708822194666,0.0326087220510716,0.0331762505525486,0.150591142167926,0.0447388549046362
TCGA-DU-6408-01A,bisque,0.3245845603929553,0.26493891111915624,0.15209300531299114,0.03440523874409933,0.04905243437304864,0.06826614275560845,0.08205727184701526,0.02460243545512572
TCGA-DU-6410-01A,bisque,0.329034913387837,0.225355165653636,0.169434913230314,0.0408688055640951,0.0576632365950938,0.0627980330694941,0.11484493249953,0.0
TCGA-DU-6542-01A,bisque,0.268900867006198,0.303120189380832,0.118474493714508,0.0312432223096198,0.0164240460719698,0.0440845836030935,0.214426434367599,0.0033261635461799
TCGA-DU-7006-01A,bisque,0.18328696220685498,0.6446392992165458,0.08174010564360029,0.0,0.0,0.0,0.015517186330971197,0.07481644660202778
TCGA-DU-7007-01A,bisque,0.20785117705671002,0.34449539318126804,0.22124755811393002,0.0,0.07579128519090401,0.0,0.0,0.15061458645718803
TCGA-DU-7008-01A,bisque,0.2586335955694388,0.16290284196103688,0.0,0.03302564721540508,0.5050737055753897,0.0,0.04036420967872957,0.0
TCGA-DU-7009-01A,bisque,0.25328008738221514,0.20742563395679306,0.13924652111330005,0.015042562091079405,0.02931001292838301,0.036181403026483316,0.3195137795017461,0.0
TCGA-DU-7010-01A,bisque,0.2642120762851203,0.23235964023205222,0.13681236681447115,0.02225886450433712,0.01933370964147682,0.015575167669883115,0.30944817485265935,0.0
TCGA-DU-7011-01A,bisque,0.259720144328936,0.331559690794037,0.169977058171819,0.0488669017983742,0.0338862858745857,0.0418650828986014,0.10701093096668,0.0071139051669668
TCGA-DU-7012-01A,bisque,0.17898563028416303,0.32678793643233206,0.31241471835981705,0.08328482930612861,0.0,0.0,0.0,0.09852688561755932
TCGA-DU-7013-01A,bisque,0.494580376800571,0.41356187846893,0.0918577447304991,0.0,0.0,0.0,0.0,0.0
TCGA-DU-7014-01A,bisque,0.3175725309341938,0.24242402075173983,0.18970086159514185,0.01639057669758289,0.031068036869698078,0.10469155301599394,0.09815242013564954,0.0
TCGA-DU-7015-01A,bisque,0.263313984865061,0.330597132266535,0.110511628667507,0.0247074775232225,0.192786860918647,0.0,0.0615145499638393,0.0165683657951882
TCGA-DU-7018-01A,bisque,0.32391972923006906,0.21929101132923606,0.18217539684090703,0.030235446509575405,0.052017685787359415,0.10585929827511903,0.08650143202773401,0.0
TCGA-DU-7019-01A,bisque,0.2468818630960089,0.2799968076640569,0.14457421437134793,0.04330906352489698,0.018681033621255592,0.04755194090423338,0.08456385605249536,0.13444122076570494
TCGA-DU-7292-01A,bisque,0.4663349989071657,0.23420293299037984,0.17390778683510288,0.015494002963791189,0.03008956184559098,0.009260076938774193,0.05746558427878526,0.013245055240409892
TCGA-DU-7294-01A,bisque,0.2763839607433009,0.2443831684699249,0.13488385666690994,0.02560141108012419,0.030432056910061785,0.06425394850357147,0.2240615976261069,0.0
TCGA-DU-7298-01A,bisque,0.2102861651497509,0.36872594461244285,0.08027734642480966,0.008824373621497296,0.015706640193582592,0.011823168056096895,0.30435636194181986,0.0
TCGA-DU-7299-01A,bisque,0.2550689254380259,0.2695705072348159,0.11363228669915394,0.029669962395149886,0.031754044557078386,0.058206413733560974,0.2420978599422149,0.0
TCGA-DU-7300-01A,bisque,0.266133980628257,0.252763319514695,0.205992637467941,0.0292261911299399,0.0251851125720257,0.0165350491770189,0.157142705598637,0.0470210039114856
TCGA-DU-7301-01A,bisque,0.2189587156119303,0.3036026505564874,0.1464284294835622,0.02301355261557323,0.026205487063606134,0.014794125791542519,0.2669970388772983,0.0
TCGA-DU-7302-01A,bisque,0.30010612881875276,0.23519518238113282,0.1743790862941379,0.015786928626602588,0.039688840853616375,0.07641122440357284,0.11319958532698093,0.045233023295203775
TCGA-DU-7304-01A,bisque,0.28055502804376387,0.2704258555320669,0.1714408065453819,0.026423773049500488,0.05054530871224518,0.04596993174804058,0.11217995099526294,0.04245934537373828
TCGA-DU-7304-02A,bisque,0.4505284228059177,0.26975939207025484,0.19236572808212585,0.006226030090140596,0.0,0.017194980093787688,0.06392544685777336,0.0
TCGA-DU-7306-01A,bisque,0.2972858242660426,0.2387453473324807,0.1370927325589778,0.019640329573438472,0.04087219285588904,0.05895816172136422,0.18193674730857975,0.025468664383227264
TCGA-DU-7309-01A,bisque,0.29964175430998763,0.2519444872466057,0.18894207602723675,0.024709912270515468,0.05353694335099223,0.05899015612780863,0.08061992855568768,0.041614742111165844
TCGA-DU-8158-01A,bisque,0.2339301750795348,0.27405674651746076,0.18861585266461184,0.010166441674618991,0.0,0.0,0.1386271691749739,0.15460361488879987
TCGA-DU-8161-01A,bisque,0.20880187902687908,0.3200722578839441,0.2138351619630061,0.016196870037145008,0.0,0.0,0.009071336318474704,0.2320224947705511
TCGA-DU-8162-01A,bisque,0.23114475719355,0.243475266194438,0.13058944576007,0.0284239908158888,0.0252170065782188,0.0046279043025744,0.33652162915526,0.0
TCGA-DU-8163-01A,bisque,0.21823460968873706,0.29609677749572005,0.18108003281210502,0.011027230750840101,0.024497536250669506,0.022682861983483203,0.24638095101844507,0.0
TCGA-DU-8164-01A,bisque,0.3270368738923549,0.22408840926482995,0.18565555102222997,0.026062911450888994,0.05429306835046219,0.08824008266067329,0.09462310335856067,0.0
TCGA-DU-8165-01A,bisque,0.1715044685867979,0.35935128199066485,0.3954963387338398,0.04202338178742388,0.012723148810044094,0.0,0.0,0.01890138009122949
TCGA-DU-8166-01A,bisque,0.282477089338368,0.398409432378055,0.148959034882626,0.0229312152346622,0.0290503425184449,0.043941254456029,0.068195349305862,0.0060362818859529
TCGA-DU-8167-01A,bisque,0.19520865267622192,0.33936197595035983,0.13337597912484395,0.02226204849649999,0.004124222130385398,0.0,0.3056671216216889,0.0
TCGA-DU-8168-01A,bisque,0.3464846258795318,0.23733850577922788,0.1817289116449259,0.03892514060256299,0.05832619365631357,0.06035900322710747,0.07683761921033037,0.0
TCGA-DU-A5TP-01A,bisque,0.0,1.0,0.0,0.0,0.0,0.0,0.0,0.0
TCGA-DU-A5TR-01A,bisque,0.0,0.3032374313323597,0.0,0.6967625686676403,0.0,0.0,0.0,0.0
TCGA-DU-A5TS-01A,bisque,0.2199793508992759,0.26812221539395387,0.10990790447531594,0.02196243996528659,0.031952219538830186,0.03995189080983058,0.30812397891750687,0.0
TCGA-DU-A5TT-01A,bisque,0.31718409480568704,0.25968410747764503,0.17334099844601403,0.034175145099344204,0.022410751915721703,0.017051778617643502,0.12460278509966502,0.051550338538279505
TCGA-DU-A5TU-01A,bisque,0.28480065114706704,0.4766165218814651,0.14907907570781403,0.009549440280006401,0.0,0.0,0.028588339957736103,0.05136597102591141
TCGA-DU-A5TW-01A,bisque,0.31470062106706626,0.3049729902110983,0.14813627347153213,0.01101529169429471,0.03262599093303173,0.044158743864887745,0.14439008875808915,0.0
TCGA-DU-A5TY-01A,bisque,0.209359012842356,0.790640987157644,0.0,0.0,0.0,0.0,0.0,0.0
TCGA-DU-A6S2-01A,bisque,0.2596418067411259,0.2592925008667139,0.14462432413653295,0.04570420887225488,0.02633379390700919,0.042095501431745376,0.2139923185407389,0.008315545503878896
TCGA-DU-A6S3-01A,bisque,0.308110558480784,0.211685553680164,0.188072078595051,0.0323495108181662,0.039926526131361,0.0618792973558618,0.157976474938612,0.0
TCGA-DU-A6S6-01A,bisque,0.3286814760250192,0.2222393401397171,0.18243225345496109,0.02667801070873501,0.05169992967325362,0.06399694464242382,0.09284714304670914,0.03142490230918101
TCGA-DU-A6S7-01A,bisque,0.267520219466409,0.31316194205364,0.109795120912608,0.0520271247006595,0.0526892706833796,0.014919054526415,0.189887267656889,0.0
TCGA-DU-A6S8-01A,bisque,0.2860323399385849,0.23727837413584688,0.14673904603481294,0.05846429366988947,0.032308213542265485,0.032751956177587485,0.2064257765010129,0.0
TCGA-DU-A76K-01A,bisque,0.33116178376791494,0.22411394585068295,0.17872074488021497,0.04258625911487679,0.043366289834393196,0.03707159603878679,0.08114802070715768,0.06183135980597289
TCGA-DU-A76L-01A,bisque,0.0,1.0,0.0,0.0,0.0,0.0,0.0,0.0
TCGA-DU-A76O-01A,bisque,0.3114456232120566,0.32688527423126457,0.1356839359529658,0.06541749127997472,0.06498666603698902,0.038238982462145854,0.05734202682460352,0.0
TCGA-DU-A76R-01A,bisque,0.29427041704209406,0.22966185635402803,0.16625102051140503,0.019128867664724502,0.03819773183612941,0.06390160521572201,0.08810368317445101,0.10048481820144602
TCGA-DU-A7T6-01A,bisque,0.26423135151828286,0.2371790210775909,0.20636647303162892,0.02541357618263889,0.028076891474571188,0.043503940543711477,0.19522874617157593,0.0
TCGA-DU-A7T8-01A,bisque,0.3072733467064829,0.2978728921578549,0.21137719183287793,0.04918268715433538,0.03882128264201248,0.03977866852145578,0.05569393098498067,0.0
TCGA-DU-A7TA-01A,bisque,0.30952451945545495,0.28710291208958694,0.15499610466824398,0.08306375350729159,0.04623144229057819,0.04323636484040369,0.07584490314844089,0.0
TCGA-DU-A7TB-01A,bisque,0.06830312744996127,0.11986312700716595,0.06528106669413607,0.011649755415634995,0.0010720166622891995,0.0,0.7338309067708126,0.0
TCGA-DU-A7TC-01A,bisque,0.328445307090112,0.272124416633865,0.161542776249261,0.0450460504700376,0.0498950735734252,0.0590476229304301,0.0781262889745642,0.005772464078305
TCGA-DU-A7TD-01A,bisque,0.49333271334181455,0.5066672866581855,0.0,0.0,0.0,0.0,0.0,0.0
TCGA-DU-A7TG-01A,bisque,0.2576214891583449,0.2736316154992779,0.2066737018099359,0.015846079618253992,0.03985362830578818,0.03253445863483709,0.11405851883189494,0.05978050814166707
TCGA-DU-A7TI-01A,bisque,0.2748533254073229,0.35868718558744483,0.12237742918879595,0.04336885109572698,0.05852897991058857,0.03281665212422619,0.08994410039412326,0.019423476291771193
TCGA-DU-A7TJ-01A,bisque,0.760922726884469,0.239077273115531,0.0,0.0,0.0,0.0,0.0,0.0
TCGA-E1-5302-01A,bisque,0.2969185333167489,0.33981550453855885,0.14336931178459894,0.011001946042701095,0.027564376945632588,0.006073930928290698,0.10066516349701396,0.07459123294645507
TCGA-E1-5303-01A,bisque,0.23401666578798602,0.45773490714399806,0.06270597182067021,0.018076955514013403,0.0016284490978718002,0.0,0.20017390443443703,0.025663146201023505
TCGA-E1-5304-01A,bisque,0.32648697398932597,0.24986662290861095,0.15342649241781897,0.025339120754855393,0.045471330593934094,0.035874568280348795,0.16353489105510596,0.0
TCGA-E1-5305-01A,bisque,0.25441564327156413,0.3574991670129842,0.12380899852261705,0.015161586216661607,0.013465428890379804,0.04161257171068802,0.14007593349290207,0.05396067088220322
TCGA-E1-5307-01A,bisque,0.27711814165892307,0.33076619721741407,0.13096245861910502,0.02383992436574831,0.043564928423270706,0.025892172015814806,0.10826004379573002,0.059596133903994014
TCGA-E1-5311-01A,bisque,0.3065916789900229,0.2518510320530839,0.15597916488138594,0.028535573397811386,0.03964342850433458,0.11589811954524294,0.08934369523395966,0.012157307394158694
TCGA-E1-5318-01A,bisque,0.2887475811313281,0.2228986904649981,0.2021722355084581,0.012481011000459705,0.03919609983365222,0.16697716665418708,0.06752721540691682,0.0
TCGA-E1-5319-01A,bisque,0.2284532219669559,0.2671962529382959,0.1624777270614569,0.0,0.0,0.05446677826941278,0.27114950240630187,0.016256517357576494
TCGA-E1-5322-01A,bisque,0.2488861675192009,0.5396645910636148,0.07170336810447357,0.02309232015217839,0.012554654274305296,0.012907500217053895,0.09119139866917336,0.0
TCGA-E1-A7YD-01A,bisque,0.5867901802890735,0.2633412455551328,0.14986857415579385,0.0,0.0,0.0,0.0,0.0
TCGA-E1-A7YE-01A,bisque,0.2385324624312907,0.48619304645976935,0.1521713546615018,0.0,0.0,0.03212297437844926,0.09098016206898878,0.0
TCGA-E1-A7YH-01A,bisque,0.21170718509362765,0.29634531879676856,0.09792293471022905,0.009289567963845386,0.016566426605875977,0.011575424287350982,0.35659314254230245,0.0
TCGA-E1-A7YI-01A,bisque,0.2608463939717781,0.43983498703531415,0.07880251274267613,0.03150724416683422,0.0,0.033368386717757416,0.15564047536564005,0.0
TCGA-E1-A7YJ-01A,bisque,0.9203963286235716,0.07960367137642846,0.0,0.0,0.0,0.0,0.0,0.0
TCGA-E1-A7YK-01A,bisque,0.07525914816790281,0.4774321441152271,0.0,0.12634567445454603,0.0,0.0,0.32096303326232406,0.0
TCGA-E1-A7YL-01A,bisque,0.20141176957587892,0.5272483351055598,0.16315072954163592,0.0,0.014181804736412692,0.0,0.0,0.09400736104051276
TCGA-E1-A7YM-01A,bisque,0.20578011174315478,0.25251779499345073,0.008360920832235191,0.10223981392766089,0.0003833890177858996,0.0,0.4307179694857125,0.0
TCGA-E1-A7YN-01A,bisque,0.0,0.7744822327737113,0.14483167387149387,0.06092668208663914,0.0,0.0,0.0,0.019759411268155783
TCGA-E1-A7YO-01A,bisque,0.30214119087909397,0.22714064274052695,0.19150443751977295,0.027813130060673093,0.04446123082498389,0.11173162151292797,0.07165813609163418,0.023549610370387095
TCGA-E1-A7YQ-01A,bisque,0.14298293762660486,0.6400524981335685,0.2169645642398268,0.0,0.0,0.0,0.0,0.0
TCGA-E1-A7YS-01A,bisque,0.32779943076380186,0.2216568035968369,0.15205385934821594,0.05547612690767487,0.05665117757948367,0.06574928038528087,0.12061332141870594,0.0
TCGA-E1-A7YU-01A,bisque,0.278109443650264,0.256906097961023,0.0856151874055726,0.0619580399081207,0.0279455659246791,0.0532128013222602,0.232596637427945,0.0036562264001356
TCGA-E1-A7YV-01A,bisque,0.2972937088318867,0.26387395842591077,0.17713534691731683,0.06528844157124024,0.02398632084781678,0.08125676718140923,0.09116545622441952,0.0
TCGA-E1-A7YW-01A,bisque,0.3013375126146212,0.28608202823288015,0.1519766419299881,0.020444017248571613,0.047970537386210335,0.04983645348976454,0.10716419492293706,0.03518861417502712
TCGA-E1-A7YY-01A,bisque,0.26992551674003884,0.2931636693333688,0.1643820212291069,0.03244048663706678,0.04609713843117627,0.042555403537220274,0.10052473766269693,0.05091102642932527
TCGA-E1-A7Z2-01A,bisque,0.2978163770740681,0.2467608057435621,0.011023066263995405,0.17425444729722508,0.027839936131133614,0.015137669690536606,0.12480733183494505,0.10236036596453404
TCGA-E1-A7Z3-01A,bisque,0.254751318607925,0.295126162297979,0.156590967350849,0.0248628016329175,0.0287836390860695,0.0464621258031507,0.0922214967201303,0.101201488500979
TCGA-E1-A7Z4-01A,bisque,0.31374122968022083,0.2858888978884449,0.14632728620777294,0.028176960754732885,0.04823301178012158,0.028908774116676587,0.04509415257373828,0.10362968699829196
TCGA-E1-A7Z6-01A,bisque,0.28439251107173286,0.24038578303672584,0.1475295430620679,0.022513689218700887,0.05041527157230947,0.07368111226537824,0.06370966911293896,0.11737242066014592
TCGA-EZ-7264-01A,bisque,0.310285279128422,0.213703802954731,0.149675870919352,0.0279084991118299,0.0443142961117938,0.0666769723949763,0.187435279378895,0.0
TCGA-F6-A8O3-01A,bisque,0.33399771433388303,0.22181261554908505,0.19764447695889006,0.036130975692207704,0.05225478126252641,0.08584794587316312,0.07231149033024462,0.0
TCGA-F6-A8O4-01A,bisque,0.31721510519665386,0.2352579678522899,0.1763689666777399,0.03818856522565139,0.04551616949546958,0.04984625365789438,0.11086307036016894,0.02674390153413209
TCGA-FG-5962-01B,bisque,0.2983410293344053,0.23122485570201526,0.19215932601699723,0.02923343331565223,0.047614625207408355,0.054752520703462364,0.10108797652022211,0.045586233199837047
TCGA-FG-5963-01A,bisque,0.0,0.797154258811251,0.0,0.0,0.0,0.0,0.202845741188749,0.0
TCGA-FG-5963-02A,bisque,0.267826928017166,0.281240836574099,0.209157633365751,0.0567512800449991,0.0080311571621211,0.0974137638059524,0.0795784010299116,0.0
TCGA-FG-5964-01A,bisque,0.1825684724026039,0.6079548763230218,0.04030462185040278,0.04196804212659578,0.0,0.0,0.12227561456942095,0.004928372727954897
TCGA-FG-5965-01B,bisque,0.272781190221883,0.304025614058998,0.176532926489191,0.0366821054908798,0.0179125901006323,0.0225786432947408,0.102077467803028,0.0674094625406472
TCGA-FG-6688-01A,bisque,0.3361793415018429,0.4497409028282549,0.018744255790415196,0.037698236724918996,0.0,0.0,0.15763726315456797,0.0
TCGA-FG-6689-01A,bisque,0.2619133324784829,0.2752282128555629,0.11294896214771698,0.04093129263291089,0.027087613542285394,0.058976897572115286,0.16219120627502898,0.06072248249589659
TCGA-FG-6690-01A,bisque,0.3018194115827178,0.28098724454702784,0.15971379186190088,0.038052413143411075,0.04686369723582287,0.06297363706794205,0.08048254112587344,0.02910726343530408
TCGA-FG-6691-01A,bisque,0.26406976073316707,0.41550902088852004,0.18329021066291604,0.013525687203088202,0.031748668067488106,0.03163799063486811,0.060218661809952605,0.0
TCGA-FG-6692-01A,bisque,0.2827756961394652,0.23622275736924214,0.48093872694404927,0.0,0.0,0.0,0.0,6.281954724357554e-05
TCGA-FG-7634-01A,bisque,0.14970662737745596,0.5333676630438309,0.043172218104319496,0.036819872335353596,0.0,0.0014871993432460995,0.23544641979579395,0.0
TCGA-FG-7636-01A,bisque,0.3194102434540373,0.24552799779593223,0.1334645710134511,0.02935322401158903,0.04327347700352644,0.034570486891724525,0.15727185976522415,0.03712814006451513
TCGA-FG-7638-01B,bisque,0.2743700520617874,0.2325900166410793,0.14257227474560819,0.03017540060409254,0.026606060086743735,0.07357913316090979,0.1424337175072582,0.07767334519252089
TCGA-FG-7641-01B,bisque,0.25842439925310196,0.21619167949761395,0.13919451703528196,0.017883768315942097,0.038039081611047694,0.07996556810580098,0.22465893740276194,0.025642048778449392
TCGA-FG-7643-01A,bisque,0.21049941877054015,0.23626283682951219,0.1334853411654421,0.020312048147780117,0.007838083058407207,0.0023649440173927018,0.34064236270020926,0.04859496531071633
TCGA-FG-8181-01A,bisque,0.27654760272381995,0.23348061019282296,0.2522495790064869,0.025984085249940093,0.051657392702528886,0.03804794792165479,0.06809298140695048,0.05393980079579599
TCGA-FG-8182-01A,bisque,0.21533665666920715,0.28111578837699014,0.11608719234371809,0.03068339489913142,0.03601439014594692,0.037730038228387025,0.28303253933661915,0.0
TCGA-FG-8185-01A,bisque,0.33687004580525,0.236107800396844,0.14889641705553,0.0365070730427206,0.0471165284132576,0.0865666213425557,0.107935513943842,0.0
TCGA-FG-8186-01A,bisque,0.24569485057497206,0.36622557997255706,0.20484504839967305,0.015494735617055303,0.010367673334258502,0.018178222121466102,0.09628512281988713,0.04290876716013091
TCGA-FG-8187-01A,bisque,0.18566183749918488,0.22897855475884987,0.10669934151488393,0.013386179768617891,0.01761104763309309,0.021598163814318685,0.4260648750110517,0.0
TCGA-FG-8188-01A,bisque,0.21436759490369706,0.25457782070150103,0.12593831291330604,0.014518682329963603,0.020744588550755304,0.043526806487244905,0.32632619411353203,0.0
TCGA-FG-8191-01A,bisque,0.21145763643876195,0.28013009307621295,0.11062884007184097,0.013168617088290696,0.007674827546373398,0.008822461217873098,0.36811752456064695,0.0
TCGA-FG-A4MT-01A,bisque,0.32713412502876793,0.28109717830857495,0.15970198111845296,0.03254466530560549,0.05504150989915919,0.06464370794319019,0.07983683239624939,0.0
TCGA-FG-A4MT-02A,bisque,0.2821427629340477,0.2856704946113297,0.16088934250579986,0.03336990522660847,0.04502264300827646,0.030596475120404372,0.15966488905495888,0.002643487538574298
TCGA-FG-A4MW-01A,bisque,0.2885137850933198,0.28525977370833683,0.1800545303036949,0.0,0.0037829022691700975,0.014159284041794592,0.22344788600759685,0.004781838576086896
TCGA-FG-A4MX-01A,bisque,0.2887555662489789,0.2707301700689039,0.15001290946765194,0.04833479480317368,0.04017039808746748,0.10588418177526096,0.09611197954856326,0.0
TCGA-FG-A4MY-01A,bisque,0.22965679229326658,0.2924616754224425,0.15716476541247773,0.002500473814647796,0.010083792918317982,0.012053316949694779,0.2960791831891525,0.0
TCGA-FG-A60J-01A,bisque,0.29485151696517686,0.26888694484895287,0.1709517848422089,0.03526437074657419,0.04834329845731188,0.04606405894174548,0.12263041158370294,0.013007613614326894
TCGA-FG-A60K-01A,bisque,0.2948145309746052,0.2542713928879572,0.13145422934141407,0.03348804833631932,0.03367391107297242,0.07147297069013954,0.12091710159085507,0.059907815105737235
TCGA-FG-A60L-01A,bisque,0.28310499804233574,0.3570532974532007,0.12196933886786289,0.03374145192920117,0.009194953574501692,0.0,0.18184634602088284,0.013089614112014989
TCGA-FG-A6IZ-01A,bisque,0.3813881779025407,0.28591258924375684,0.15506728428159589,0.04145364126312897,0.024375088252300583,0.03505361982160998,0.07674959923506705,0.0
TCGA-FG-A6J1-01A,bisque,0.32246706862716,0.263370128469385,0.257851008757935,0.0263180714039967,0.0,0.045189740610216,0.0430375086274578,0.0417664735038495
TCGA-FG-A6J3-01A,bisque,0.17877509851892892,0.40505759866808483,0.2543761214664669,0.0,0.0,0.0,0.031802831304394284,0.12998835004212494
TCGA-FG-A70Y-01A,bisque,0.23987453245495577,0.32858856451013774,0.08477538899699354,0.025505098958194576,0.026338370135941674,0.032830152070757075,0.2164214125028048,0.04566648037021476
TCGA-FG-A70Z-01A,bisque,0.42500616148909903,0.39886747378072607,0.15075336159594202,0.009517916912401002,0.0,0.0,0.0,0.015855086221831804
TCGA-FG-A710-01A,bisque,0.23112033481122918,0.5881434562520504,0.1250558489261061,0.0,0.0,0.0,0.032048513911402926,0.02363184609921142
TCGA-FG-A711-01A,bisque,0.292665973730179,0.279902033823793,0.137043581792845,0.0258000347996365,0.0401541024980303,0.0638865482881055,0.0992788707550348,0.061268854312376
TCGA-FG-A713-01A,bisque,0.268683532678376,0.218356032881556,0.147323008172444,0.0226952520002282,0.0328322307029769,0.0317614873087506,0.237746152215745,0.0406023040399233
TCGA-FG-A87N-01A,bisque,0.26732254525833804,0.5584550180664251,0.06652234289768422,0.024561370092131808,0.0,0.007714303504827302,0.07542442018059362,0.0
TCGA-FG-A87Q-01A,bisque,0.3572882594201399,0.4294729377760889,0.020435344279222296,0.0,0.0,0.0,0.19280345852454894,0.0
TCGA-FN-7833-01A,bisque,0.270954442454104,0.472965306772103,0.129979669232205,0.0310180934897174,0.0168021791550913,0.0357816847791402,0.0424986241176391,0.0
TCGA-HT-7467-01A,bisque,0.14472183266708907,0.21284137930303113,0.09975225073037687,0.02943593416089132,0.005382204947523904,0.002819301809632502,0.5050470963814553,0.0
TCGA-HT-7468-01A,bisque,0.30514109113832494,0.28265568685288195,0.17378566239475396,0.014713051102806097,0.02753403470088109,0.07914278117052138,0.10257514127114797,0.014452551368682596
TCGA-HT-7469-01A,bisque,0.31114178548699306,0.33730778233300507,0.18710042706344504,0.022184806546789105,0.037842301279499106,0.020504734003539405,0.08391816328672921,0.0
TCGA-HT-7470-01A,bisque,0.24100793953864558,0.23137624378430657,0.13451826518701876,0.01777580157803567,0.03338868391383994,0.033742560128796936,0.2828838710828395,0.025306634786517054
TCGA-HT-7471-01A,bisque,0.25153063835983014,0.4851758446659332,0.16731229132524109,0.018700787971383206,0.0,0.0,0.07728043767761243,0.0
TCGA-HT-7472-01A,bisque,0.2906280343786713,0.24307783049373122,0.16896615951491215,0.029977950181813227,0.04370602437887354,0.06600884303211565,0.15732912274640315,0.0003060352734797003
TCGA-HT-7473-01A,bisque,0.2465752353495519,0.41833468386229883,0.17579672272748392,0.016096361383997292,0.05440873545845218,0.0,0.06046937984825437,0.028318881369961385
TCGA-HT-7474-01A,bisque,0.2342753212099839,0.2345205474830859,0.13782591224044094,0.036855041979351987,0.029260399580598086,0.035497644765352984,0.2465561629323069,0.04520896980887928
TCGA-HT-7475-01A,bisque,0.2832335490273744,0.21861055842852029,0.19697350416086426,0.028971218307522837,0.03724303354338045,0.040796735482869356,0.17805227610254326,0.01611912494692512
TCGA-HT-7476-01A,bisque,0.2363205331180432,0.23572889906299122,0.3121886534153423,0.0,0.01182175933996671,0.07556554414307808,0.11961020529260712,0.008764405627971407
TCGA-HT-7477-01B,bisque,0.28369504954541186,0.2715462715721608,0.20109063514296185,0.03763957888759857,0.019640358307907387,0.10523280172632093,0.08115530481763854,0.0
TCGA-HT-7478-01A,bisque,0.23839126723342716,0.4013264070774773,0.1869820619795951,0.08454521990380386,0.0,0.0,0.08701980778112896,0.001735236024567601
TCGA-HT-7479-01A,bisque,0.22659522189214903,0.24729460713534002,0.11574320440371702,0.026631788049761403,0.018345130502403304,0.008973220702097101,0.33418572770575605,0.022231099608776103
TCGA-HT-7480-01A,bisque,0.3017953501592901,0.2188860572430521,0.15052837781085004,0.028226421551181612,0.04480790460570752,0.10245612385111504,0.14032577275924404,0.012973992019559505
TCGA-HT-7481-01A,bisque,0.18774022631059992,0.2412769067376609,0.08907992776889126,0.019944478776095488,0.007339918604783197,0.015763205597749495,0.4388553362042198,0.0
TCGA-HT-7482-01A,bisque,0.24760671379112517,0.26461644343788415,0.10442797686721607,0.010987903947394207,0.019016539859285014,0.021552477137197615,0.2801105521539692,0.05168139280592853
TCGA-HT-7483-01A,bisque,0.3054562767703356,0.25842516530639265,0.17471359110333978,0.03349845041901666,0.03405031063188405,0.08980108369449698,0.070338785609885,0.03371633646464936
TCGA-HT-7485-01A,bisque,0.2513265578801529,0.2516624216445419,0.12707056681892095,0.02483174031743569,0.03812009449808699,0.034927265575266785,0.18470110195478293,0.08736025131081177
TCGA-HT-7601-01A,bisque,0.17530655413227184,0.40251302606292766,0.1051937296656719,0.05015260523532776,0.0,0.0,0.2668340849038008,0.0
TCGA-HT-7602-01A,bisque,0.21442029745072885,0.20856777843302587,0.12326758002984692,0.01715236185987979,0.027734343339974984,0.060310540737494756,0.3485470981490488,0.0
TCGA-HT-7603-01A,bisque,0.24964150380073188,0.2473641387122019,0.13983961835542993,0.01964238657710619,0.033296721018704685,0.06525100257588827,0.21344940523065192,0.031515223729285384
TCGA-HT-7604-01A,bisque,0.3282040912940597,0.24856383595364379,0.15697047779281786,0.03598901031369926,0.04996305959317856,0.07435475600009203,0.1059547690525089,0.0
TCGA-HT-7605-01A,bisque,0.24347049852626373,0.23022180279076276,0.14219915987836884,0.023408418747460677,0.02957812701662367,0.052830255929105945,0.24868386455211172,0.02960787255930267
TCGA-HT-7606-01A,bisque,0.3276268973901518,0.2960871023161878,0.11032270424551993,0.026625680845105783,0.021646552163189788,0.061893817537771956,0.15579724550207288,0.0
TCGA-HT-7607-01A,bisque,0.240749057196944,0.252008300358917,0.18614962491343,0.0160772472080613,0.0323845102790884,0.0238936296906957,0.177966175900846,0.0707714544520176
TCGA-HT-7609-01A,bisque,0.2827396493059887,0.3074662669822027,0.14553821259501587,0.030562386538018873,0.053503387164551955,0.07959915091114893,0.10059094650307292,0.0
TCGA-HT-7610-01A,bisque,0.27113722212450103,0.24079086367053706,0.16811296276413604,0.036545846297927405,0.053134513048248316,0.06311476575581401,0.16716382633883603,0.0
TCGA-HT-7611-01A,bisque,0.2969428266040201,0.2967434831024381,0.14672100809617106,0.03635871727022751,0.04176486915649311,0.02797107166661371,0.12856373104691404,0.024934293057122407
TCGA-HT-7616-01A,bisque,0.13204538700470295,0.1717620407000159,0.23027001719491588,0.07882985154404056,0.3402746168676408,0.0,0.0,0.04681808668868398
TCGA-HT-7620-01A,bisque,0.14106068387546097,0.21844770949388295,0.12319466208599197,0.002940215021239099,0.013086253518325397,0.0014465612731595998,0.4998239147319399,0.0
TCGA-HT-7676-01A,bisque,0.27183049741522697,0.37164170310282096,0.13460179485917598,0.04812224522465108,0.037481437596540795,0.03327132546665739,0.10305099633492697,0.0
TCGA-HT-7677-01A,bisque,0.28700880936458195,0.23258652602983196,0.16795086174593798,0.029392532770898993,0.027467070208626092,0.06295678454943489,0.17855870348038397,0.014078711850304196
TCGA-HT-7680-01A,bisque,0.3083923212399661,0.2601531617070471,0.15017546333055806,0.02974993276543571,0.05487306289166352,0.034128667114512616,0.03266911888274991,0.12985827206806705
TCGA-HT-7681-01A,bisque,0.24382657527381088,0.23428387645470788,0.20188806764325792,0.04347806424689948,0.02122855411893939,0.050561816867244376,0.13990981819208295,0.06482322720305697
TCGA-HT-7684-01A,bisque,0.29079660406012603,0.37731293774007507,0.08575087607318711,0.0032510472521351005,0.0,0.0006023643118152002,0.08065331391557751,0.16163285664708402
TCGA-HT-7686-01A,bisque,0.2596603996061978,0.4503039681469916,0.13105735709603789,0.012864779233183288,0.005031649372379896,0.028798592621081774,0.08754084957481181,0.02474240434931588
TCGA-HT-7687-01A,bisque,0.24998260853411078,0.2670132040061098,0.23494930378367979,0.03219309964327197,0.02532327558997988,0.040299224171540866,0.15023928427130687,0.0
TCGA-HT-7688-01A,bisque,0.2777517744382561,0.2343881897723031,0.16779106442527209,0.04074806020650682,0.044471532655966824,0.03902993218807351,0.18662137803438109,0.009198068279240504
TCGA-HT-7689-01A,bisque,0.24261011691650167,0.2354133301728677,0.10306383832510486,0.03231948942532216,0.02459753244186527,0.026014245517961367,0.3040809277286066,0.03190051947177026
TCGA-HT-7690-01A,bisque,0.22347612775094913,0.34537276934505623,0.013881094554781209,0.3063001022260162,0.0,0.0,0.11096990612319707,0.0
TCGA-HT-7691-01A,bisque,0.2948408214796969,0.34050295965895494,0.10069131533326398,0.016097882226227597,0.0,0.05695617945459398,0.006043482155086598,0.18486735969217596
TCGA-HT-7692-01A,bisque,0.31289941851862535,0.2546862313510973,0.15129025094623413,0.041105969154369544,0.04362704024146354,0.07060255463455797,0.12578853515365213,0.0
TCGA-HT-7693-01A,bisque,0.19506020931461193,0.7077526266667999,0.06701725008055749,0.0,0.0,0.0052781665041266995,0.02489174743390399,0.0
TCGA-HT-7694-01A,bisque,0.23789021580774788,0.2413121193864509,0.14803445769061194,0.016373249162252794,0.03282946733895019,0.045805276027946776,0.2457559473573929,0.03199926722864668
TCGA-HT-7695-01A,bisque,0.2582079408900489,0.22351391723011788,0.15481554205740694,0.023489848081283588,0.038675840266350084,0.06725625283633317,0.2141523504303889,0.01988830820807049
TCGA-HT-7854-01A,bisque,0.26401897368961497,0.34534683676260797,0.15670871635801897,0.015370777108762897,0.03352192186897939,0.0,0.12138999821443797,0.06364277599757799
TCGA-HT-7855-01A,bisque,0.3304507991011698,0.24360107715707588,0.14140754822773194,0.028096024233829085,0.04760760270968258,0.12349024058412794,0.08443417590299386,0.0009125320833888996
TCGA-HT-7856-01A,bisque,0.23690588258976905,0.24857945113702407,0.15762493411513803,0.018441137477238904,0.03427492579739841,0.03847900651786191,0.24418667616249407,0.021507986203075403
TCGA-HT-7857-01A,bisque,0.014938494975219704,0.7324599296012091,0.17281246784910703,0.07978910757446411,0.0,0.0,0.0,0.0
TCGA-HT-7858-01A,bisque,0.2056497656976342,0.2596466775993983,0.19915540643005022,0.03757237756011974,0.016406270737422218,0.0,0.28156950197537534,0.0
TCGA-HT-7860-01A,bisque,0.24448723023512994,0.33233977765894696,0.22235617525611495,0.012920336862341796,0.029191075659802692,0.04328191593967879,0.011962566687416897,0.10346092170056798
TCGA-HT-7873-01B,bisque,0.246382374067983,0.296088968229836,0.143261241463364,0.016640166125985,0.034834406908671,0.0648944238770181,0.197898419327143,0.0
TCGA-HT-7874-01A,bisque,0.23151855599322516,0.2425073777433732,0.17046095801868014,0.012053909256278509,0.03414263734600633,0.05103583192243624,0.20461981904426516,0.05366091067573534
TCGA-HT-7875-01A,bisque,0.302463397184653,0.216319128220392,0.164640132825906,0.0209942990028612,0.0437906232934972,0.121755570396342,0.0836893835220709,0.0463474655542779
TCGA-HT-7877-01A,bisque,0.2464225390408619,0.21204754585914093,0.15860621792908491,0.020148005756186388,0.03352117677531859,0.08056391309780886,0.2319641180456839,0.016726483495914494
TCGA-HT-7879-01A,bisque,0.2982156042865299,0.2619529418955739,0.14183396599198095,0.02675656601339179,0.04285491398239758,0.04812460050763788,0.14993555675076295,0.030325850571725085
TCGA-HT-7880-01A,bisque,0.23577806453601816,0.21377364679437313,0.1513563112304011,0.03786059526342413,0.03410890651326072,0.03386492378884002,0.27955512820474315,0.013702423668939609
TCGA-HT-7881-01A,bisque,0.195984947130536,0.209078656305661,0.117818820335007,0.0170507345801206,0.0160464411586656,0.0175356708149639,0.426484729675046,0.0
TCGA-HT-7882-01A,bisque,0.0,0.6844813687589423,0.31551863124105767,0.0,0.0,0.0,0.0,0.0
TCGA-HT-7884-01B,bisque,0.24997749903686622,0.2238898453271672,0.12758873922575512,0.02416056426561922,0.037241194773109935,0.053588736714017246,0.2631587775378562,0.020394643119608917
TCGA-HT-7902-01A,bisque,0.0754004410049787,0.187542865011729,0.0523908765839614,0.035873228638687,0.0,0.0,0.648792588760644,0.0
TCGA-HT-8010-01A,bisque,0.27337418914548506,0.22569756992055806,0.16219153021532104,0.025011460238855907,0.04725254291672441,0.07496327984465621,0.09697575563801372,0.09453367208038563
TCGA-HT-8011-01A,bisque,0.40604620510694006,0.3242083680012541,0.17351432808850603,0.005963475949227601,0.005769685656570701,0.010102997743034702,0.006521953039355501,0.06787298641511141
TCGA-HT-8012-01A,bisque,0.3064858313272441,0.2569472325871621,0.17437837164229905,0.021568879492936607,0.04374866483509091,0.11086183864952705,0.08600918146574013,0.0
TCGA-HT-8013-01A,bisque,0.1458530107277109,0.7939233923859125,0.0,0.01547157597691019,0.0,0.0,0.044752020909466374,0.0
TCGA-HT-8015-01B,bisque,0.250068732404534,0.316785302297836,0.176889459216991,0.0292411356964745,0.0318460884703637,0.0146029029723673,0.171922600670509,0.0086437782709244
TCGA-HT-8018-01A,bisque,0.22599308922516104,0.33121019889045206,0.25277212559104006,0.051566771392650604,0.013589976787192001,0.03348784947103651,0.014908328753454502,0.07647165988901321
TCGA-HT-8104-01A,bisque,0.2807809201132043,0.3572568456742164,0.14273734764912416,0.005872268796711207,0.0,0.008286175825422808,0.16353894332923818,0.04152749861208305
TCGA-HT-8105-01A,bisque,0.2898102626596391,0.2736749863951401,0.20327331047060107,0.02186460644785781,0.02143834997258351,0.09448744519461615,0.08492282687100454,0.010528211988557506
TCGA-HT-8106-01A,bisque,0.0,0.8972953638116652,0.1027046361883349,0.0,0.0,0.0,0.0,0.0
TCGA-HT-8107-01A,bisque,0.2098513085303468,0.23663965424962077,0.15682717240847285,0.025966684109947177,0.03341398862248237,0.027140943032842774,0.29565998095658075,0.014500268089706388
TCGA-HT-8108-01A,bisque,0.29573325015309787,0.2777859154264699,0.15950803872953692,0.04718456582371628,0.06110811955618997,0.07314341683892878,0.08553669347206036,0.0
TCGA-HT-8109-01A,bisque,0.250267244363161,0.225174317674611,0.148038400751378,0.0231613188324626,0.0353610474059526,0.0468942432063516,0.236754781601102,0.0343486461649813
TCGA-HT-8110-01A,bisque,0.2831227929907598,0.6384796251703425,0.07839758183889775,0.0,0.0,0.0,0.0,0.0
TCGA-HT-8111-01A,bisque,0.24026020551106395,0.25042697543462894,0.12644633809228498,0.021944408580511998,0.031565971868443794,0.027308989316902194,0.27935228359544995,0.022694827600714295
TCGA-HT-8113-01A,bisque,0.23826834874214717,0.22647327382347915,0.19349613266480115,0.03964378023148403,0.03423087766325162,0.03366583913812622,0.1785891146515921,0.055632633085118635
TCGA-HT-8114-01A,bisque,0.27780426502982103,0.27654026664732806,0.13236731324074202,0.09910729737768713,0.027856269719819107,0.06103341844664231,0.07504269328344422,0.05024847625451612
TCGA-HT-8563-01A,bisque,0.06599929561176236,0.6491190663790085,0.21763042422723186,0.04625306866857637,0.0,0.0,0.0,0.020998145113420887
TCGA-HT-8564-01A,bisque,0.24861463490259605,0.25851749813416103,0.18127611245919703,0.10866471414252403,0.040169101683164406,0.03881868927652741,0.12393924940183003,0.0
TCGA-HT-A4DS-01A,bisque,0.22307525622264987,0.49007959054188965,0.22140883330787686,0.04721525011127257,0.0,0.0,0.0,0.01822106981631089
TCGA-HT-A5R5-01A,bisque,0.2798605994287491,0.32415090619312403,0.18809586700942704,0.018420817412742502,0.03814192720844411,0.049672846095817416,0.05241293550841242,0.04924410114328341
TCGA-HT-A5R7-01A,bisque,0.2734759773716551,0.24987686722915403,0.15763081393019102,0.025233241366039102,0.04043365254944221,0.033994606748624805,0.17102132959336103,0.04833351121153281
TCGA-HT-A5R9-01A,bisque,0.3067672121495239,0.2069690111420139,0.30159823065867186,0.05736615896610807,0.028652451336966887,0.06043744526143927,0.03820949048527609,0.0
TCGA-HT-A5RA-01A,bisque,0.317843865521496,0.319168552676245,0.238678234427028,0.0,0.0,0.0,0.0,0.124309347375231
TCGA-HT-A5RB-01A,bisque,0.3037977045969027,0.2272589504813828,0.16685390776291187,0.030423457528832472,0.06295252841566094,0.07161417152730123,0.1302209319181669,0.006878347768840894
TCGA-HT-A5RC-01A,bisque,0.5508566159666818,0.39154911498497685,0.0,0.02464311275820249,0.0,0.0,0.010724266495900294,0.02222688979423859
TCGA-HT-A614-01A,bisque,0.25503374090506503,0.2640353653279461,0.09618685424955112,0.017650774871499603,0.021122047939508504,0.008995930921582301,0.31361309778691304,0.023362187997934405
TCGA-HT-A615-01A,bisque,0.25874718496755095,0.2926100736548529,0.15637842749700498,0.045947818617854894,0.023951972858899693,0.05061347021787509,0.14466801329867096,0.02708303888729049
TCGA-HT-A616-01A,bisque,0.2859156307325619,0.2533065605442519,0.18175627882360693,0.02494906710807539,0.04367692242503208,0.06546520977027107,0.08594524463489706,0.058985085961303675
TCGA-HT-A617-01A,bisque,0.16201888247179996,0.5469669424590649,0.16386289044782099,0.0,0.0,0.0,0.04062420786060109,0.08652707676071318
TCGA-HT-A618-01A,bisque,0.26744214294401014,0.34701793587624924,0.16506623543372512,0.06243894424778034,0.03239955151818212,0.023439936082832617,0.07072867305617644,0.03146658084104392
TCGA-HT-A61C-01A,bisque,0.14612456994115997,0.8517480746656728,0.0,0.0,0.0,0.0,0.0021273553931671994,0.0
TCGA-HT-A74H-01A,bisque,0.2480150679551409,0.2946796829691299,0.14581018617001995,0.0028767556469824988,0.0,0.0,0.23455218955682788,0.07406611770189897
TCGA-HT-A74J-01A,bisque,0.3014154743645469,0.2685301813378489,0.1753762609126139,0.018411438146412093,0.03795560941852419,0.018604059813979393,0.08566855379807346,0.09403842220800115
TCGA-HT-A74K-01A,bisque,0.30722509195229897,0.36906707076658496,0.09732310838074097,0.0,0.0,0.0,0.17279103424005698,0.053593694660318186
TCGA-HT-A74L-01A,bisque,0.28623120782883205,0.2557586973297011,0.14628222043965802,0.026184944076563306,0.04872084010256952,0.08811022099875862,0.14151445884367703,0.0071974103802403015
TCGA-HT-A74O-01A,bisque,0.17693186537529504,0.46096043005212306,0.26568071228576107,0.0,0.0,0.0,0.09642699228682092,0.0
TCGA-HW-7486-01A,bisque,0.09515227514786612,0.22862466992543004,0.05823474312470581,0.0,0.0,0.0,0.6179883118019981,0.0
TCGA-HW-7487-01A,bisque,0.25036959255511215,0.25254996950748315,0.1337367742738081,0.022654262661908914,0.03151415121055542,0.04123160407914993,0.22036829904650715,0.04757534666547514
TCGA-HW-7489-01A,bisque,0.2828811502016561,0.2534508592894891,0.15901701866205706,0.022218772730668405,0.042825605909255014,0.04412977087261631,0.12702487958191805,0.06845194275234003
TCGA-HW-7490-01A,bisque,0.27756985997580796,0.29957604624120693,0.16591411857095398,0.04729343510410208,0.021316721773850196,0.09902086722417137,0.08390097429886718,0.0054079768110401995
TCGA-HW-7491-01A,bisque,0.28304503984681395,0.24938554035317795,0.16298925421801197,0.029671503043490394,0.04832287515263839,0.06652751922414929,0.16005826816171798,0.0
TCGA-HW-7493-01A,bisque,0.27475853976495107,0.24308168216401602,0.21851736961080204,0.026249320180213802,0.05993414187854361,0.046612716085151606,0.06681392831905951,0.06403230199726231
TCGA-HW-7495-01A,bisque,0.2219274906672119,0.2178845381546669,0.11007873413959095,0.013092201399860995,0.02214504105070239,0.04515151819362588,0.36304701392052785,0.006673462473813097
TCGA-HW-8319-01A,bisque,0.3048133609965501,0.2447441955280801,0.16124543715143708,0.03413233433505961,0.05498065163789153,0.05191304306037942,0.12955869740633005,0.018612279884272106
TCGA-HW-8320-01A,bisque,0.31537141400903485,0.2601758645867389,0.15312696018350994,0.029592504730799087,0.04773668461135328,0.07901456517191385,0.08469074677594396,0.030291259930705985
TCGA-HW-8321-01A,bisque,0.2443106578319891,0.3234245230244452,0.15620369307037305,0.017639036926909706,0.013105469290247205,0.06679678521584373,0.17851983464019208,0.0
TCGA-HW-8322-01A,bisque,0.29371569034307105,0.24521814632996802,0.17267383486497404,0.03315393500460001,0.044977969226463604,0.05272570878272231,0.15753471544820102,0.0
TCGA-HW-A5KJ-01A,bisque,0.24603825100937188,0.17918235184031092,0.2649659064151499,0.2023616307140669,0.0,0.06806447011571608,0.039387389905384276,0.0
TCGA-HW-A5KK-01A,bisque,0.21926147416855485,0.44825440433624975,0.06590422297722776,0.013042972839939892,0.0,0.0,0.2535369256780278,0.0
TCGA-HW-A5KL-01A,bisque,0.29781020668624386,0.2404168456917209,0.1588732298632979,0.03342778452796898,0.05857010306904367,0.05696488969910267,0.15393694046262194,0.0
TCGA-HW-A5KM-01A,bisque,0.25986967488522994,0.4926805072259689,0.13580832829287198,0.037108524323274494,0.024293708453632292,0.0,0.028842847917749295,0.021396408901273097
TCGA-IK-7675-01A,bisque,0.3102497516055556,0.32254160360114753,0.1403121468546318,0.011783161675286384,0.030916514785930157,0.03929862102688384,0.1448982004505648,0.0
TCGA-IK-8125-01A,bisque,0.2941467532828289,0.23944447212671788,0.1747139175062059,0.02419210995871729,0.04522004382149278,0.07487392699367468,0.08860774953305606,0.058801026777306475
TCGA-KT-A74X-01A,bisque,0.28537446764176794,0.24335522987101793,0.15837024548129097,0.07016588674347089,0.015804396439667797,0.050302368573042586,0.17662740524974196,0.0
TCGA-KT-A7W1-01A,bisque,0.38719283226380186,0.2838323715164429,0.2672357203403169,0.019461079159736994,0.0,0.04227799671970138,0.0,0.0
TCGA-P5-A5ET-01A,bisque,0.25866552365087,0.205507545998749,0.138489265300245,0.0209667238126011,0.0247069838463903,0.0699190278354425,0.27382248843676,0.0079224411189421
TCGA-P5-A5EU-01A,bisque,0.129421401046347,0.748697065319564,0.0,0.121881533634089,0.0,0.0,0.0,0.0
TCGA-P5-A5EV-01A,bisque,0.285984297454057,0.242856757906715,0.135373025156124,0.0853909184431136,0.0263374839971284,0.0659006865470138,0.0796417029295359,0.0785151275663123
TCGA-P5-A5EW-01A,bisque,0.2916292730048343,0.27462881623407126,0.14412419329021017,0.029153055458490833,0.04220688574609105,0.06152010415003297,0.10402753218049311,0.052710139935776355
TCGA-P5-A5EX-01A,bisque,0.19617333846413706,0.19077953481100507,0.19424925247022307,0.022237866197035803,0.3209335357456701,0.0,0.0,0.07562647231192901
TCGA-P5-A5EY-01A,bisque,0.262770132065455,0.228290160207426,0.225598286716391,0.0510864890680719,0.0386228097872633,0.0278311322786998,0.0689924722710613,0.0968085176056317
TCGA-P5-A5EZ-01A,bisque,0.09787792128311233,0.19710075986484707,0.26605812814232904,0.08920989456081542,0.0,0.0,0.34975329614889605,0.0
TCGA-P5-A5F0-01A,bisque,0.3303927906348852,0.21955068250129012,0.1839364343989661,0.048885332414972824,0.04854432894060612,0.044627221979436624,0.09282382224238814,0.031239386887454913
TCGA-P5-A5F1-01A,bisque,0.2928484489703879,0.24960946967139694,0.18389697977801797,0.026348572523055693,0.027793656658957794,0.04531860505472849,0.08736176439168729,0.08682250295176798
TCGA-P5-A5F2-01A,bisque,0.2713596559482596,0.2316552768087837,0.14392523185210881,0.029281097377865262,0.04092504798362875,0.057096267374046925,0.1436206295292478,0.08213679312605919
TCGA-P5-A5F4-01A,bisque,0.26917858693428276,0.2241303487219848,0.18258270561081882,0.05404834674082705,0.032207103771160275,0.05122264416687425,0.15596713964974887,0.030663124404303074
TCGA-P5-A5F6-01A,bisque,0.13966190256356506,0.2771561315143121,0.2290867506026791,0.0,0.0,0.29123568092048413,0.0,0.06285953439895962
TCGA-P5-A72U-01A,bisque,0.21634251050273093,0.22062758864724288,0.2819095568786319,0.0038009892154373982,0.0,0.0,0.0,0.27731935475595687
TCGA-P5-A72W-01A,bisque,0.35369679174366697,0.2556901499324579,0.13121677082456998,0.026331883498929193,0.02574822302010449,0.026492800575448793,0.11818584864386897,0.06263753176095359
TCGA-P5-A72X-01A,bisque,0.29480696694332087,0.2291115586719009,0.1976946541107539,0.031166595504024085,0.032805817106710385,0.08119164397199756,0.05964270004102797,0.07358006365026427
TCGA-P5-A72Z-01A,bisque,0.2787242908415268,0.2121444885791428,0.18141188239866282,0.043925959394367456,0.05314683896140155,0.04927035109450076,0.18137618873039785,0.0
TCGA-P5-A730-01A,bisque,0.2874516523193049,0.19762669521436194,0.11227647178736497,0.013163678076387297,0.008828209311197899,0.043469093517505095,0.3371841997738779,0.0
TCGA-P5-A731-01A,bisque,0.29560046434016596,0.36064208384340196,0.15755802979755698,0.009938030502641198,0.022910124093418496,0.06332280795040499,0.061045959690796486,0.028982499781613793
TCGA-P5-A733-01A,bisque,0.286905757503557,0.229425365011809,0.190966879587207,0.0186236590476641,0.0498637002698821,0.0995313022709498,0.0796899761035538,0.0449933602053773
TCGA-P5-A735-01A,bisque,0.3306639314175282,0.2503106667730752,0.07614145134277535,0.08645101972754325,0.039350628841029626,0.023187719305260413,0.1716110751403001,0.022283507452487913
TCGA-P5-A736-01A,bisque,0.2947386122685819,0.29584061305555986,0.1865079652621529,0.02660930465152509,0.04273802229563198,0.01983474043903409,0.05225912180422678,0.08147162022328736
TCGA-P5-A737-01A,bisque,0.32259940263180076,0.24011541443530685,0.21754725100720787,0.018852416552695386,0.04776032682940397,0.050181554218169167,0.10294363432541594,0.0
TCGA-P5-A77W-01A,bisque,0.3051632620618397,0.22143351818785076,0.1851964571120758,0.02433625553786257,0.04169608147276485,0.07296647465290852,0.14920795097469783,0.0
TCGA-P5-A77X-01A,bisque,0.3035053518180429,0.21678909854194692,0.14121993034418595,0.028999104153011285,0.04026012979948538,0.07828832819044096,0.11903845776383794,0.07189959938904857
TCGA-P5-A780-01A,bisque,0.2316367671931131,0.2983860833808961,0.11411470304471305,0.038215134536373215,0.007187970794781403,0.027608852428516014,0.2828504886216071,0.0
TCGA-P5-A781-01A,bisque,0.26578750807547763,0.22682419272913965,0.1272638454042298,0.022501311576829764,0.03265166627370355,0.04380896562489023,0.22608218291853463,0.05508032739719472
TCGA-QH-A65R-01A,bisque,0.3028397849881699,0.2288922396123059,0.1727900478602429,0.029767132284419587,0.03503437989392279,0.12139834598213994,0.10927806937879896,0.0
TCGA-QH-A65S-01A,bisque,0.24477379387343995,0.30284505303252696,0.13790211041409897,0.003636224684404599,0.011420846415936199,0.021336774885899298,0.27808519669369397,0.0
TCGA-QH-A65V-01A,bisque,0.235406833872759,0.274465170487992,0.125555592067144,0.0027735413703633,0.0119239015271753,0.0162473217543034,0.311007164289899,0.022620474630364
TCGA-QH-A65X-01A,bisque,0.13206864696543494,0.12173308293277894,0.6870508402429367,0.0,0.0,0.059147429858849375,0.0,0.0
TCGA-QH-A65Z-01A,bisque,0.3039159148246119,0.23006214927586688,0.14843884465539595,0.01986563379020819,0.03679250751361848,0.06607779730709787,0.14505529057463096,0.04979186205856988
TCGA-QH-A6CS-01A,bisque,0.22943779216173202,0.24298653416561503,0.007023422594100801,0.0,0.0,0.0,0.2560842113578621,0.26446803972069005
TCGA-QH-A6CU-01A,bisque,0.252044771723094,0.294878303449219,0.129261237234926,0.0075826743100311,0.015049549156013,0.019398210413678,0.218585512155503,0.0631997415575359
TCGA-QH-A6CV-01A,bisque,0.27564220103698994,0.5162895535211849,0.12176727123430897,0.012369504792355396,0.0,0.004115434759142199,0.06981603465601859,0.0
TCGA-QH-A6CW-01A,bisque,0.3283675434149281,0.31932834792406006,0.14349325778685804,0.02896978089297471,0.04108867352158871,0.019070628515732702,0.07723685837624342,0.04244490956761421
TCGA-QH-A6CX-01A,bisque,0.274429008545959,0.339930532125048,0.106950375086143,0.0,0.0,0.0,0.178053995667987,0.100636088574863
TCGA-QH-A6CY-01A,bisque,0.2367382126040499,0.2261318023654309,0.13275839947879695,0.02365400046355289,0.02546896372851899,0.04211759130163628,0.2878084180474339,0.02532261201058019
TCGA-QH-A6CZ-01A,bisque,0.3224795897584577,0.24484358123849578,0.16650269352626487,0.02489153711082838,0.04297508105415516,0.04651113597237096,0.1309013453056199,0.020895036033807383
TCGA-QH-A6X3-01A,bisque,0.3038631799355761,0.24693603064596012,0.14406516753624504,0.031721920813774916,0.05210345528014302,0.07297512602846873,0.14833511975983205,0.0
TCGA-QH-A6X4-01A,bisque,0.23458605379075995,0.25987299999562397,0.14379394574466597,0.015116334829505397,0.030803717017572493,0.023264278335528396,0.2925626702863439,0.0
TCGA-QH-A6X5-01A,bisque,0.23421626664126918,0.23687792347318923,0.09318850334302409,0.009587248453534508,0.009358173337195809,0.031016637278065327,0.3375950733054783,0.04816017416824364
TCGA-QH-A6X8-01A,bisque,0.23974542803730822,0.4174385848207324,0.09575927433544139,0.015492167120066614,0.0037569630764317033,0.006069922003764605,0.2217376606062552,0.0
TCGA-QH-A6X9-01A,bisque,0.338834731267402,0.253470754045089,0.154141669214645,0.0296723787006522,0.0433428052064713,0.0455560840230364,0.101668266904504,0.0333133106382001
TCGA-QH-A6XA-01A,bisque,0.274858947538081,0.281897851298967,0.12176578918859,0.0226195812034111,0.0335476875558054,0.0396503583688292,0.205735024772682,0.0199247600736344
TCGA-QH-A6XC-01A,bisque,0.6328497347874404,0.2571145828310268,0.028752188605207077,0.025423555209645177,0.0,0.0,0.05585993856668045,0.0
TCGA-QH-A86X-01A,bisque,0.31229046340855987,0.2312655914598519,0.18927109377632093,0.02486797042369519,0.03648935456597679,0.07520363804093977,0.08028902980331006,0.05032285852134548
TCGA-QH-A870-01A,bisque,0.2823089015328419,0.2271224376111129,0.14247765881916893,0.02732074815208719,0.04532313761547288,0.07252351927478608,0.10519464258823896,0.09772895440629106
TCGA-R8-A6MK-01A,bisque,0.2825647986249029,0.25479787594478187,0.14273027631832294,0.016658109207955393,0.04065465361617438,0.11159540069960094,0.12031902291564595,0.030679862672615587
TCGA-R8-A6ML-01A,bisque,0.31496849466845755,0.21604696817591673,0.18738181878420376,0.009831049104069386,0.031157393981501757,0.05468093822408423,0.15334270525295982,0.03259063180880686
TCGA-R8-A6MO-01A,bisque,0.19179086718682709,0.3000453008135291,0.1567398018990181,0.02219351482437501,0.0,0.02004356247422851,0.30918695280202213,0.0
TCGA-R8-A6YH-01A,bisque,0.34626619425297483,0.2513683027574279,0.15685791471428592,0.03729935159596318,0.056469886284164175,0.07636227584626827,0.07537607454891578,0.0
TCGA-RY-A83X-01A,bisque,0.26340667592745076,0.22993625304368281,0.1093248245045389,0.02091431050710438,0.028249600329286077,0.08128824535515533,0.26688009033278176,0.0
TCGA-RY-A83Y-01A,bisque,0.3130259497070718,0.2571697739944529,0.20068492831250592,0.03960028546266118,0.014317365628675393,0.06698775378846167,0.09415746200718296,0.014056481098988194
TCGA-RY-A83Z-01A,bisque,0.35717924784320776,0.3174308621369218,0.13264842662726392,0.09728984865036353,0.0,0.0,0.08365074791570254,0.01180086682654049
TCGA-RY-A840-01A,bisque,0.36166905114272885,0.2183482275498729,0.18291629982400592,0.02218789424914489,0.03980247845984058,0.05823969917707467,0.09882066072095046,0.018015688876381594
TCGA-RY-A843-01A,bisque,0.2807018189160469,0.2512725696191669,0.17946988581042192,0.02510831065915959,0.05337632227898598,0.08594227627783146,0.08650959073179355,0.037619225706593686
TCGA-RY-A845-01A,bisque,0.3292237733663232,0.2553588387496661,0.16484211749459207,0.029031251371785815,0.05021320576175352,0.04864714982733892,0.10021385186598004,0.02246981156256031
TCGA-RY-A847-01A,bisque,0.2889847619564817,0.26052683428531975,0.17690777620338682,0.02322983120878408,0.04417595941657526,0.08513348377182563,0.10120095708296692,0.01984039607465978
TCGA-S9-A6TS-01A,bisque,0.27837997324884295,0.2987321598130259,0.13789621139777997,0.03570625077523899,0.036363326377312495,0.062399180582605684,0.09680348280011818,0.053719415005075884
TCGA-S9-A6TU-01A,bisque,0.26993229872882746,0.2945853271778524,0.12276310376774276,0.04403283143090421,0.037567441474044026,0.039761176827743425,0.1913578205928856,0.0
TCGA-S9-A6TV-01A,bisque,0.20961033201677104,0.5825949253289271,0.016278334248851802,0.14986643478553902,0.0,0.0,0.0,0.04164997361991111
TCGA-S9-A6TW-01A,bisque,0.25686002447251777,0.2116065085546658,0.2164241583002078,0.06259118406861114,0.017385224616363885,0.1378882190863559,0.09724468090127772,0.0
TCGA-S9-A6TX-01A,bisque,0.2712615777299339,0.23297762111401593,0.11963402433162697,0.017842370153241097,0.022058356857547298,0.04558040816017509,0.2852410544342299,0.005404587219229699
TCGA-S9-A6TY-01A,bisque,0.30796909796435806,0.22538558152072105,0.15092004809615903,0.023658887375184207,0.039125935192279006,0.03235801027020171,0.22058243958109705,0.0
TCGA-S9-A6TZ-01A,bisque,0.28997233469920625,0.27704691632941625,0.16472640793005214,0.018846935075418715,0.04378434897546234,0.043423537054935735,0.061691139364667545,0.10050838057084108
TCGA-S9-A6U0-01A,bisque,0.5124638698184915,0.1705388934326778,0.3169972367488307,0.0,0.0,0.0,0.0,0.0
TCGA-S9-A6U1-01A,bisque,0.23161999705578,0.246820245252082,0.134172737620525,0.0225007782281993,0.0360369861192766,0.0451779112982223,0.283671344425915,0.0
TCGA-S9-A6U2-01A,bisque,0.3080309760291969,0.2601151674667989,0.1666571779819459,0.02622574745444949,0.04942227661606378,0.07622630895923237,0.059555539283593875,0.053766806208718876
TCGA-S9-A6U5-01A,bisque,0.2591890363063289,0.2497326402636399,0.3053606275314469,0.02084165572224869,0.0,0.0029573534124685986,0.04873193284008818,0.11318675392377894
TCGA-S9-A6U6-01A,bisque,0.304553039161865,0.318267965535035,0.159725119801677,0.0302408760622888,0.0481542105004673,0.0541665377492304,0.0848922511894364,0.0
TCGA-S9-A6U8-01A,bisque,0.24444066536113015,0.30406669997937025,0.12349746428725908,0.016282508119242912,0.03552443158014142,0.03201688429557512,0.24417134637728116,0.0
TCGA-S9-A6U9-01A,bisque,0.25071439301161697,0.37331198797337195,0.12452725220068497,0.028344553413838392,0.031055299393341094,0.031108455739074392,0.15406683298453797,0.006871225283534298
TCGA-S9-A6UA-01A,bisque,0.10677076978285698,0.4984126114073129,0.23031122632716794,0.09069816168364958,0.07022284290999849,0.003584387889014199,0.0,0.0
TCGA-S9-A6UB-01A,bisque,0.27128546900606004,0.22949698304696306,0.14464685717276402,0.028047305040678306,0.031241525235284808,0.049666110065958814,0.24561575043229106,0.0
TCGA-S9-A6WD-01A,bisque,0.29392383454566506,0.23879823177271903,0.14397817934854903,0.027501829576505505,0.038822915705746704,0.03666747222039761,0.22030753683041704,0.0
TCGA-S9-A6WE-01A,bisque,0.30984377401388097,0.2538191398888309,0.18791196435735993,0.005288979635136799,0.021084241673371498,0.08644819932651329,0.12781634540301998,0.0077873557018865985
TCGA-S9-A6WG-01A,bisque,0.16395391598731493,0.2697134982245229,0.4821799549811428,0.0,0.007178820575131297,0.07408229507355578,0.0028915151583323987,0.0
TCGA-S9-A6WH-01A,bisque,0.31305730271724086,0.2569116279180899,0.17591336332511592,0.03783907148777518,0.05157314025491918,0.07241175555391788,0.09229373874294115,0.0
TCGA-S9-A6WI-01A,bisque,0.21468449606124776,0.23221945223323576,0.1627894296459478,0.01771637887681268,0.02756464899579127,0.01819398377903408,0.32683161040793063,0.0
TCGA-S9-A6WL-01A,bisque,0.2965927380481127,0.24289381868118878,0.2082610379770638,0.016915455906031787,0.039924294119623165,0.1137010904387979,0.062322668180107746,0.019388896649074082
TCGA-S9-A6WM-01A,bisque,1.0,0.0,0.0,0.0,0.0,0.0,0.0,0.0
TCGA-S9-A6WN-01A,bisque,0.30169411511718414,0.2967835990392441,0.12217518040035005,0.013262194846656005,0.02517231111080351,0.0,0.0016661397400390006,0.23924645974572312
TCGA-S9-A6WO-01A,bisque,0.31874619073973254,0.2746144028374246,0.15871675445818179,0.03386559333556785,0.05282464540241853,0.05858382106210072,0.09407830639737448,0.008570285767199488
TCGA-S9-A6WP-01A,bisque,0.24660812464665577,0.3411524449646937,0.12895513690625188,0.04805103995095076,0.017266709106750187,0.027226218446108074,0.19074032597858984,0.0
TCGA-S9-A6WQ-01A,bisque,0.23967764200793884,0.29534812005030076,0.10141986248820394,0.027286952104942884,0.018535215580402786,0.006132845294887095,0.31159936247332376,0.0
TCGA-S9-A7IQ-01A,bisque,0.2948667819773,0.234750403881431,0.185124052057335,0.0248790589077515,0.0518880531031315,0.0490534272571823,0.108748008422924,0.0506902143929447
TCGA-S9-A7IS-01A,bisque,0.214087011920068,0.355906260428335,0.14535546589346,0.042811038531144,0.0173059528974489,0.0344368256984121,0.190097444631132,0.0
TCGA-S9-A7IX-01A,bisque,0.4568298866248836,0.3042576254931107,0.05580195418929075,0.14820465648248787,0.007774232387463093,0.0,0.027131644822763975,0.0
TCGA-S9-A7IY-01A,bisque,0.2786249943103179,0.26865647164288387,0.1571431481958409,0.013164114740000295,0.03256806515075339,0.06373993691369227,0.10013619706741596,0.08596707197909556
TCGA-S9-A7IZ-01A,bisque,0.29409621004177805,0.27156748523000107,0.16700503826231802,0.029069465695133606,0.052581710560235716,0.04896561152355041,0.07442855925633991,0.062285919430643114
TCGA-S9-A7J0-01A,bisque,0.36372915951875306,0.28830186619051806,0.14372931017196902,0.032112904950203205,0.025963751241704604,0.027146146736768205,0.11901686119008402,0.0
TCGA-S9-A7J1-01A,bisque,0.2507488421679348,0.23520694649455978,0.1292702563337339,0.017961500818938284,0.032082726987354974,0.04929536189114526,0.2228124206974628,0.06262194460887024
TCGA-S9-A7J2-01A,bisque,0.332210893861835,0.234660465934827,0.155708728504806,0.0248286721823394,0.0464676146060755,0.100602074763617,0.0795029269524437,0.0260186231940563
TCGA-S9-A7J3-01A,bisque,0.25697488111933076,0.33774299189881574,0.13758347919219188,0.013967224087868888,0.021156920579517284,0.05766631977688325,0.17382856377683284,0.0010796195685593992
TCGA-S9-A7QW-01A,bisque,0.35792784599368,0.251914890898001,0.140523489504286,0.0273342170082167,0.0409425912810405,0.0397728067222033,0.140122042515783,0.0014621160767895
TCGA-S9-A7QX-01A,bisque,0.3048882129847167,0.33246063602667963,0.13411908855006285,0.02960040315733377,0.04435608961165255,0.05078964942194574,0.1037859202476089,0.0
TCGA-S9-A7QY-01A,bisque,0.23864066466878006,0.23803764130973007,0.13983922584259004,0.024078682911817206,0.027359514817472706,0.03188612941502691,0.30015814103458305,0.0
TCGA-S9-A7QZ-01A,bisque,0.29823068491627763,0.21626422618388372,0.19069767656163975,0.027658376976152463,0.04338809848390034,0.08348866118029429,0.1402722756978518,0.0
TCGA-S9-A7R1-01A,bisque,0.3378280633379454,0.23658868481227058,0.15097799245773172,0.025331271108136755,0.04204193573693112,0.07982519343044957,0.07148384850475417,0.0559230106117806
TCGA-S9-A7R2-01A,bisque,0.14259856928589004,0.3194295826449552,0.2559486369768091,0.02330558134934051,0.0,0.0,0.2587176297430051,0.0
TCGA-S9-A7R3-01A,bisque,0.2670890322578071,0.24261965291321008,0.14012158477767106,0.019965674594056206,0.03634566218219861,0.04425989587056062,0.16219787658833906,0.08740062081615733
TCGA-S9-A7R4-01A,bisque,0.2723037565706771,0.3020396092805651,0.1615949469397561,0.018681079874225907,0.04319575388032342,0.14698078804442805,0.05520406541002433,0.0
TCGA-S9-A7R7-01A,bisque,0.2781403648832241,0.3821889364663481,0.15129332284908903,0.03042805354654241,0.023391738053374304,0.023196998562020805,0.028867827315833906,0.08249275832356731
TCGA-S9-A7R8-01A,bisque,0.23136035527702112,0.35902677583408515,0.10299051750748504,0.037035851135024216,0.03497213438574701,0.014010671080625406,0.2206036947800121,0.0
TCGA-S9-A89V-01A,bisque,0.3063855359487978,0.29807293856757877,0.1747349874944289,0.03588496131367558,0.03722079160129217,0.058230221303251256,0.07304609600951864,0.016424467761456788
TCGA-S9-A89Z-01A,bisque,0.2583282361460928,0.43712946135402964,0.11690761193310491,0.09715418182416882,0.0,0.0,0.09048050874260391,0.0
TCGA-TM-A7C3-01A,bisque,0.8196922296329152,0.15171569334069887,0.028592077026385776,0.0,0.0,0.0,0.0,0.0
TCGA-TM-A7C4-01A,bisque,0.3287434519935956,0.24338235044736772,0.18905772210566377,0.02587776534598117,0.05382665854973784,0.058001363797396135,0.06079134972245303,0.04031933803780466
TCGA-TM-A7C5-01A,bisque,0.3108891908225359,0.2476803850165339,0.17430068369778492,0.05847270004248617,0.04163858992529948,0.07840829745589986,0.08861015303945965,0.0
TCGA-TM-A7CA-01A,bisque,0.2983901399980618,0.23706883646610882,0.15309434299388788,0.030247234091982378,0.048865246638184964,0.04957190329814517,0.18276229651362888,0.0
TCGA-TM-A7CF-01A,bisque,0.31194269242998596,0.23482789037251495,0.16517120617180797,0.02828200873642389,0.05296317988727889,0.03222983210500329,0.08764084552017688,0.08694234477680829
TCGA-TM-A7CF-02A,bisque,0.149458601316398,0.224909605195369,0.074819446430156,0.0140801241071925,0.0058169051409837,0.0,0.530915317809901,0.0
TCGA-TM-A84B-01A,bisque,0.34986917007944207,0.29329120035184103,0.24909826178113406,0.018421173404527504,0.011082488273595802,0.013458404888048104,0.016717864569441503,0.048061436651969915
TCGA-TM-A84C-01A,bisque,0.306186016744546,0.536585532784013,0.0763788396658302,0.0077080924610541,0.0,0.0,0.0102136324558956,0.062927885888661
TCGA-TM-A84F-01A,bisque,0.2081586205828178,0.31679665642106475,0.3191526050775597,0.08847668218185041,0.0,0.0,0.05269445716757025,0.014720978569137086
TCGA-TM-A84G-01A,bisque,0.34560797015168315,0.21558824922189007,0.18427836397780709,0.028499648149565515,0.05185753968497202,0.08537940429105974,0.08878882452302245,0.0
TCGA-TM-A84H-01A,bisque,0.3410941548553018,0.23368476575018488,0.14715125610840696,0.028202166401836485,0.04889872547574428,0.042426760712572176,0.06048538829923177,0.09805678239672166
TCGA-TM-A84I-01A,bisque,0.39652745603514344,0.2817188709763506,0.17736883491876776,0.025859760484834467,0.035895952019904455,0.02952057585536126,0.05310854970963783,0.0
TCGA-TM-A84J-01A,bisque,0.3219368918382542,0.4209238961199072,0.13731001023788508,0.023750231051055812,0.024041929532321513,0.03987358593514542,0.03216345528543072,0.0
TCGA-TM-A84L-01A,bisque,0.2796829977345171,0.2758116772406981,0.1672732758478491,0.030389610903102913,0.04491571608396422,0.04261465116388922,0.15576210226609005,0.003549968759889302
TCGA-TM-A84M-01A,bisque,0.3443587359392071,0.20895061600741904,0.17637556662863801,0.026954518930184808,0.052254919639975715,0.05897989126652931,0.13212575158804601,0.0
TCGA-TM-A84O-01A,bisque,0.28515384531097515,0.22537003726062513,0.16836578739425312,0.029111632602387822,0.043909427773131525,0.07656948983522556,0.13718366734057308,0.03433611248282862
TCGA-TM-A84Q-01A,bisque,0.27949233921822514,0.3311721453255751,0.13491073049435806,0.042976005963456215,0.025103123620692506,0.03021069712281881,0.15613495825487406,0.0
TCGA-TM-A84R-01A,bisque,0.24834520322263695,0.21557989248879894,0.19970787648826094,0.019462726481111296,0.04124326145388539,0.03438261030030279,0.19978679187632695,0.04149163768867669
TCGA-TM-A84S-01A,bisque,0.291120634616596,0.260176122622547,0.136315632531124,0.0206041024620829,0.0265000988949213,0.0450434652232128,0.119619247875776,0.10062069577374
TCGA-TM-A84T-01A,bisque,0.278015637113823,0.274042558586295,0.146978572403636,0.0398153090819562,0.0430973184597986,0.0644374091571421,0.153613195197349,0.0
TCGA-TQ-A7RF-01A,bisque,0.2754539367316752,0.23201929128120713,0.17100905594106408,0.022152647035197415,0.05450151622882663,0.07810517643809714,0.09188726778134866,0.07487110856258385
TCGA-TQ-A7RG-01A,bisque,0.295135066543575,0.262751075295024,0.162004818311692,0.0187417890472393,0.0319609028603095,0.0580788135288148,0.133550058801514,0.0377774756118315
TCGA-TQ-A7RH-01A,bisque,0.3077914116328802,0.30028866546956023,0.14244364955736108,0.06550375110509604,0.040037630716338125,0.03340013918491632,0.11053475233384807,0.0
TCGA-TQ-A7RI-01A,bisque,0.2680832644532827,0.26298613781775665,0.19064490849369276,0.0042090886665585945,0.027536558882023263,0.061537169611647013,0.18473521994387976,0.0002676521311591996
TCGA-TQ-A7RJ-01A,bisque,0.29493552291188074,0.2764894126827328,0.14704503093902987,0.031037536192726572,0.05616833926256605,0.07418678268994704,0.07450992067434783,0.045627454646768956
TCGA-TQ-A7RK-01A,bisque,0.3294431693004148,0.24447921246666182,0.1493026763988819,0.026944943910256883,0.045794769542026575,0.05288604448490816,0.1511491838968499,0.0
TCGA-TQ-A7RM-01A,bisque,0.3299432885909838,0.22941752371437688,0.1659655220009159,0.04316731181377418,0.04311810387528938,0.05542480305704687,0.13296344694761295,0.0
TCGA-TQ-A7RN-01A,bisque,0.3062088703562557,0.2214284293095918,0.19327659065537584,0.01236311874236899,0.03917452443546236,0.08450262066692234,0.1336640545803769,0.00938179125364609
TCGA-TQ-A7RO-01A,bisque,0.2915941394660929,0.2504249190993919,0.18158334703763793,0.03818744271075899,0.04408185594233128,0.10056229980669396,0.05301771450805418,0.040548281429038976
TCGA-TQ-A7RP-01A,bisque,0.2604563312348621,0.24445295901189912,0.14389039853334906,0.02058635085994711,0.015420199646439106,0.014007149065708907,0.2277560461490401,0.07343056549875453
TCGA-TQ-A7RQ-01A,bisque,0.35132174455492665,0.23585751183986378,0.17298517277201184,0.03371159579312747,0.05000841304955486,0.06411133115671815,0.06544549568735684,0.026558735146440277
TCGA-TQ-A7RR-01A,bisque,0.229114953009314,0.286364688787513,0.0983770976976215,0.0261419402087053,0.0189078121609213,0.0092343785347873,0.322441707436054,0.0094174221650836
TCGA-TQ-A7RS-01A,bisque,0.29836240379288986,0.22913633331337588,0.11816545286657594,0.019331300662381194,0.030133696433381086,0.08591774410300586,0.21432540648054893,0.004627662347841198
TCGA-TQ-A7RU-01A,bisque,0.29674431754345687,0.2168886629950199,0.1921478466184589,0.037561429133130486,0.04456898706016448,0.09079801145262946,0.12129074519713995,0.0
TCGA-TQ-A7RV-01A,bisque,0.2896155600118431,0.23983202687892205,0.15009110193624703,0.029826664367657907,0.040798322097766807,0.050231315909550614,0.18900544648293904,0.010599562315073502
TCGA-TQ-A7RV-02A,bisque,0.2750032715124601,0.2519805127081381,0.18958532817640905,0.03194049481654211,0.04834479102901061,0.03776298338520991,0.12326631552456103,0.04211630284766912
TCGA-TQ-A7RW-01A,bisque,0.2769415540742171,0.3093901999942261,0.14588416841011406,0.030251203866220114,0.035414330750759115,0.02438890662292971,0.13098191192484407,0.04674772435668962
TCGA-TQ-A8XE-01A,bisque,0.3079426785934759,0.2736835781886869,0.15268500795938594,0.027698299451585986,0.04236652745579908,0.04123844392453528,0.15438546442653095,0.0
TCGA-TQ-A8XE-02A,bisque,0.25266971146526807,0.33752160201837406,0.11499485425752803,0.013660218067600103,0.015776604137675804,0.007988854772113802,0.25738815528144005,0.0
TCGA-VM-A8C8-01A,bisque,0.30009374706591146,0.2693113156626995,0.15165632386322672,0.03148581963583064,0.05146567164277351,0.0591130511528451,0.10892851172643081,0.027945559250282352
TCGA-VM-A8C9-01A,bisque,0.2405595404655529,0.2783455454715979,0.24505959428458288,0.07602162086928317,0.04977312266459228,0.0,0.009090822558421896,0.10114975368596896
TCGA-VM-A8CA-01A,bisque,0.29694096837569406,0.23709748283161605,0.15656423836096403,0.03346796320436251,0.014120803243326003,0.08046654272918971,0.031706049811166606,0.14963595144368103
TCGA-VM-A8CB-01A,bisque,0.3421995239415939,0.28733448616148993,0.16257351609773799,0.04646545367676749,0.03341279669999559,0.06392963502706449,0.06408458839535068,0.0
TCGA-VM-A8CD-01A,bisque,0.02116265994528541,0.8381817346528665,0.0,0.0,0.0,0.0,0.0,0.14065560540184807
TCGA-VM-A8CE-01A,bisque,0.255127298565609,0.227039326650472,0.123462713404636,0.0111043698065482,0.020508250104137,0.0569032832620977,0.294701240256406,0.0111535179500942
TCGA-VM-A8CF-01A,bisque,0.2340327793066691,0.4204514116855432,0.14292990674945205,0.005787985799376703,0.0,0.0,0.04622512135208892,0.15057279510687005
TCGA-VM-A8CH-01A,bisque,0.28434514518962306,0.33747287558516104,0.13115219678037002,0.031013010738766906,0.032124974067381504,0.03276838700023361,0.13415228576080201,0.016971124877661902
TCGA-VV-A829-01A,bisque,0.33104696572861253,0.2360240175224127,0.12699704500980283,0.0687280483725272,0.06529244407691032,0.07976618280647658,0.06721400856842892,0.024931287914828765
TCGA-VV-A86M-01A,bisque,0.28051466399509983,0.4016715552311577,0.08617855570517854,0.1462561161959729,0.01734158684432159,0.021215180274459386,0.04682234175381007,0.0
TCGA-VW-A7QS-01A,bisque,0.34716950407942876,0.23134481091148285,0.1814139269425999,0.02984337121540978,0.04324278225853887,0.10020805515330992,0.06677754943922996,0.0
TCGA-VW-A8FI-01A,bisque,0.640467921288312,0.359532078711688,0.0,0.0,0.0,0.0,0.0,0.0
TCGA-W9-A837-01A,bisque,0.2989605101481542,0.22916450114179715,0.17064501097160112,0.021873698307468614,0.047684037294551535,0.09045913753111656,0.10458167080662106,0.03663143379868983
TCGA-WH-A86K-01A,bisque,0.30790207171987594,0.24445397377494393,0.16445074466998896,0.04051219024705139,0.03664064627068779,0.07761197676614058,0.08378406933952999,0.04464432721178159
TCGA-WY-A858-01A,bisque,0.2313249065870887,0.3859811347937285,0.1521135385579558,0.026924797522993364,0.017861949860061677,0.057011265138199124,0.12878240753997283,0.0
TCGA-WY-A859-01A,bisque,0.3069471814900291,0.24949746909047407,0.17027350148618306,0.022867485923583605,0.048658052298497415,0.04470935716595011,0.14072743257729506,0.016319519967987608
TCGA-WY-A85A-01A,bisque,0.31732510942928177,0.2510030399708658,0.1470294509496889,0.051558894463673066,0.04618069851702767,0.05213026885898057,0.08790705171692655,0.04686548609355557
TCGA-WY-A85B-01A,bisque,0.26001170523141787,0.41950365391414685,0.13997812707089094,0.04128004992715578,0.02577772123018319,0.013980209960909293,0.09946853266529616,0.0
TCGA-WY-A85C-01A,bisque,0.3129199954957048,0.3036077703323159,0.1797646861456549,0.03551819541689589,0.04299815847701028,0.07487251541024158,0.05031867872217658,0.0
TCGA-WY-A85D-01A,bisque,0.3041957296330499,0.31143164285457087,0.12207705464277395,0.018320135327168294,0.030967854730687486,0.0014324767120320993,0.11947853175991695,0.09209657433980056
TCGA-WY-A85E-01A,bisque,0.381081841271041,0.244969028529807,0.1864686859994,0.0277455724932184,0.0457908834134027,0.0486248602339623,0.0653191280591686,0.0
TCGA-CS-4938-01B,scdc,0.384706204503009,0.0,0.0,0.0,0.0,0.05242941045742416,0.13614085899827413,0.4267235260412927
TCGA-CS-4941-01A,scdc,0.4641713201731756,0.06317068276109838,0.0,0.0,0.0,0.3023744222436402,0.08162368254769113,0.08865989227439469
TCGA-CS-4942-01A,scdc,0.47486326407497387,0.13543122876738584,0.0,0.0,0.0,0.04929445884521509,0.18192039387958817,0.15849065443283705
TCGA-CS-4943-01A,scdc,0.6610358348900229,0.004319087507700368,0.0,0.0,0.0,0.20891194072353567,0.11944814781524732,0.0062849890634937
TCGA-CS-4944-01A,scdc,0.30489733798984925,0.0,0.0,0.0,0.0,0.16422759161957237,0.09126585666822261,0.4396092137223558
TCGA-CS-5390-01A,scdc,0.43048580543687226,0.0,0.0,0.0,0.0,0.3021850415604333,0.23603486908954996,0.031294283913144386
TCGA-CS-5393-01A,scdc,0.4711872562867943,0.00022888312499715768,0.0,0.0,0.0,0.20830199284537812,0.209964728472617,0.11031713927021346
TCGA-CS-5394-01A,scdc,0.45899192894206353,0.0,0.0,0.0,0.0,0.5029403608759033,0.021113564981637127,0.016954145200395992
TCGA-CS-5395-01A,scdc,0.2660915460525308,0.0,0.0,0.0,0.0,0.20725019843086584,0.0869996820981941,0.4396585734184093
TCGA-CS-5396-01A,scdc,0.37738508538341997,0.0,0.0,0.0,0.0,0.3699683633115177,0.22408597258317942,0.028560578721882824
TCGA-CS-5397-01A,scdc,0.4041018535025371,0.024462918119063266,0.0,0.0,0.0,0.19966668013128505,0.1450101768222834,0.22675837142483124
TCGA-CS-6186-01A,scdc,0.4083850674302643,0.0,0.0,0.0,0.0,0.18834656298288308,0.021644233675194684,0.38162413591165795
TCGA-CS-6188-01A,scdc,0.34591466053900755,0.025367295705911057,0.0,0.0,0.0,0.4895926713395007,0.09664915653237532,0.04247621588320548
TCGA-CS-6290-01A,scdc,0.26234352050920445,0.10922614933476509,0.0,0.0,0.0,0.10996593741170956,0.2183915449984247,0.3000728477458962
TCGA-CS-6665-01A,scdc,0.2077562917068151,0.14732084457535238,0.0,0.0,0.0,0.3041575214217423,0.325408826346921,0.015356515949169224
TCGA-CS-6666-01A,scdc,0.28387842703519456,0.0,0.0,0.0,0.0,0.689914610862706,0.01655769708669722,0.009649265015402178
TCGA-CS-6667-01A,scdc,0.2661177985704128,0.0,0.0,0.0,0.0,0.6216503494188864,0.033779301384861085,0.07845255062583971
TCGA-CS-6668-01A,scdc,0.6152066420166837,0.0,0.0,0.0,0.0,0.2308664672990392,0.13401882782551622,0.019908062858760758
TCGA-CS-6669-01A,scdc,0.16181381104637685,0.0,0.0,0.0,0.0,0.19611436599036722,0.20240307405301772,0.43966874891023816
TCGA-CS-6670-01A,scdc,0.5489571808243278,0.0,0.0,0.0,0.0,0.1623640089506469,0.11959340904816249,0.1690854011768628
TCGA-DB-5270-01A,scdc,0.5275748003421754,0.0,0.0,0.0,0.0,0.11274817867105304,0.20671854691822017,0.15295847406855137
TCGA-DB-5273-01A,scdc,0.4134591178355266,0.016106662432518317,0.0,0.0,0.0,0.26564244949156784,0.13278360021133812,0.17200817002904914
TCGA-DB-5274-01A,scdc,0.31058150904352344,0.008576054441086086,0.0,0.0,0.0,0.5354849664588395,0.14100469238637042,0.0043527776701805555
TCGA-DB-5275-01A,scdc,0.740140812650588,0.0,0.0,0.0,0.0,0.10143634637052598,0.04756102797065744,0.11086181300822853
TCGA-DB-5276-01A,scdc,0.234690214249134,0.015495230506843637,0.0,0.0,0.0,0.17038333338164394,0.43917054506342657,0.1402606767989519
TCGA-DB-5277-01A,scdc,0.441056632629464,0.0,0.0,0.0,0.0,0.28417270476247203,0.23017562065257252,0.04459504195549142
TCGA-DB-5278-01A,scdc,0.5462496015784053,0.0,0.0,0.0,0.0,0.12329514117754277,0.2212355039920546,0.10921975325199725
TCGA-DB-5280-01A,scdc,0.5667736874900975,0.0,0.0,0.0,0.0,0.1747214904576973,0.10872231177896761,0.14978251027323763
TCGA-DB-5281-01A,scdc,0.4865013773069402,0.0,0.0,0.0,0.0,0.3912940782977109,0.049025182226427134,0.07317936216892186
TCGA-DB-A4X9-01A,scdc,0.606428042386874,0.0,0.0,0.0,0.0,0.05413063064904363,0.08489134020371467,0.2545499867603677
TCGA-DB-A4XA-01A,scdc,0.3988586657107782,0.0,0.0,0.0,0.0,0.27795435153165166,0.16458898257070806,0.158598000186862
TCGA-DB-A4XB-01A,scdc,0.7801516850588854,0.0,0.0,0.0,0.0,0.018013832858922694,0.15308962569043422,0.04874485639175762
TCGA-DB-A4XC-01A,scdc,0.6564250076529765,0.0,0.0,0.0,0.0,0.12678415749708388,0.05930186790911401,0.15748896694082554
TCGA-DB-A4XD-01A,scdc,0.5115223240696195,0.0,0.0,0.0,0.0,0.11751389767777008,0.24472557204909412,0.12623820620351628
TCGA-DB-A4XE-01A,scdc,0.6259547213129113,0.0,0.0,0.0,0.0,0.06955443080309331,0.1832882249573016,0.12120262292669379
TCGA-DB-A4XF-01A,scdc,0.591030402711239,0.0,0.0,0.0,0.0,0.2891494716262887,0.04759575019625015,0.07222437546622225
TCGA-DB-A4XG-01A,scdc,0.682569318022997,0.0,0.0,0.0,0.0,0.23394272728746918,0.03981975029821296,0.04366820439132078
TCGA-DB-A4XH-01A,scdc,0.2039346471977686,0.0,0.0,0.0,0.0,0.3580002900502766,0.19273991403134874,0.24532514872060596
TCGA-DB-A64L-01A,scdc,0.5560248344753983,0.0,0.0,0.0,0.0,0.222759355401857,0.06369365225844924,0.15752215786429544
TCGA-DB-A64O-01A,scdc,0.2895102133295933,0.0,0.0,0.0,0.0,0.1256716647945953,0.1795284739867905,0.4052896478890208
TCGA-DB-A64P-01A,scdc,0.39249898721771875,0.0,0.0,0.0,0.0,0.42977843676839483,0.12995131352614497,0.047771262487741446
TCGA-DB-A64Q-01A,scdc,0.5995622364787041,0.0,0.0,0.0,0.0,0.09667408243071444,0.18922683754848152,0.1145368435420999
TCGA-DB-A64R-01A,scdc,0.6865633604019078,0.0,0.0,0.0,0.0,0.18559125570044538,0.0737671950716819,0.054078188825964914
TCGA-DB-A64S-01A,scdc,0.32614202558219746,0.1265723302952735,0.0,0.0,0.0,0.26531060733046585,0.16730933325932676,0.11466570353273642
TCGA-DB-A64U-01A,scdc,0.1946697146343546,0.0,0.0,0.0,0.0,0.15315816336322055,0.5038537762223149,0.14831834578010994
TCGA-DB-A64V-01A,scdc,0.19394451455802425,0.02989417778971883,0.0,0.0,0.0,0.18579137509734198,0.42911428390753653,0.1612556486473785
TCGA-DB-A64W-01A,scdc,0.5486238235763345,0.0,0.0,0.0,0.0,0.2941917065272775,0.12156770838196321,0.035616761514424784
TCGA-DB-A64X-01A,scdc,0.5246278536492854,0.0,0.0,0.0,0.0,0.34645243082927796,0.03833469307780886,0.09058502244362768
TCGA-DB-A75K-01A,scdc,0.43719102868895166,0.0,0.0,0.0,0.0,0.4209094470591841,0.12444009947384412,0.0174594247780201
TCGA-DB-A75L-01A,scdc,0.5261304762567125,0.0,0.0,0.0,0.0,0.2982971079950748,0.12240697849650933,0.053165437251703404
TCGA-DB-A75M-01A,scdc,0.37085463686643105,0.0,0.0,0.0,0.0,0.1093583823406582,0.1766499190104401,0.3431370617824706
TCGA-DB-A75O-01A,scdc,0.4465253109051675,0.01063141402839105,0.0,0.0,0.0,0.1630263888590263,0.08892690413423535,0.2908899820731798
TCGA-DB-A75P-01A,scdc,0.4790198641573374,0.0,0.0,0.0,0.0,0.19821205375072676,0.10332386746125204,0.21944421463068384
TCGA-DH-5140-01A,scdc,0.7129834455849581,0.0,0.0,0.0,0.0,0.2441128334779509,0.0374716214331348,0.005432099503956192
TCGA-DH-5142-01A,scdc,0.6291880403568119,0.15692170619648782,0.0,0.0,0.0,0.11804386676069165,0.019370309442854516,0.07647607724315415
TCGA-DH-5143-01A,scdc,0.5752532256656167,0.0,0.0,0.0,0.0,0.06382607790133578,0.10851328470276855,0.2524074117302791
TCGA-DH-5144-01A,scdc,0.6644712223107073,0.0,0.0,0.0,0.0,0.22548447117939488,0.06611485780486577,0.043929448705032036
TCGA-DH-A669-01A,scdc,0.6054259307277773,0.0,0.0,0.0,0.0,0.3092304598338808,0.08534360943834189,0.0
TCGA-DH-A669-02A,scdc,0.40666388457475133,0.0,0.0,0.0,0.0,0.5551640594082443,0.03817205601700434,0.0
TCGA-DH-A66B-01A,scdc,0.6992010531226109,0.16250773039101987,0.0,0.0,0.0,0.13159047973901453,0.004290526547506417,0.002410210199848209
TCGA-DH-A66D-01A,scdc,0.6501223865606272,0.027429286991482418,0.0,0.0,0.0,0.18462857465975438,0.061656023103672415,0.07616372868446353
TCGA-DH-A66F-01A,scdc,0.33529604314273814,0.0,0.0,0.0,0.0,0.13023295753846775,0.12266783973236584,0.41180315958642827
TCGA-DH-A66G-01A,scdc,0.7583474789550112,0.0,0.0,0.0,0.0,0.11273727450389838,0.012623005229610358,0.11629224131148003
TCGA-DH-A7UR-01A,scdc,0.2017948137358731,0.0,0.0,0.0,0.0,0.7299377907867426,0.030268026171905903,0.037999369305478474
TCGA-DH-A7US-01A,scdc,0.3109889816535607,0.0,0.0,0.0,0.0,0.0993998487180604,0.36870737288578465,0.2209037967425943
TCGA-DH-A7UT-01A,scdc,0.28448934572334256,0.0,0.0,0.0,0.0,0.19100236146274643,0.36400323948195373,0.16050505333195725
TCGA-DH-A7UU-01A,scdc,0.4935933863155831,0.0,0.0,0.0,0.0,0.37615503383646975,0.1279796045577402,0.002271975290206991
TCGA-DH-A7UV-01A,scdc,0.47568283389388094,0.01007046880586506,0.0,0.0,0.0,0.23192704559956145,0.1447220491431962,0.1375976025574963
TCGA-DU-5847-01A,scdc,0.4101425461404785,0.12126053240662181,0.0,0.0,0.0,0.23905652275929526,0.08227393604724816,0.14726646264635626
TCGA-DU-5849-01A,scdc,0.39282762603945737,0.0,0.0,0.0,0.0,0.18396681713280627,0.2685493785637313,0.15465617826400505
TCGA-DU-5851-01A,scdc,0.31254921601598706,0.0,0.0,0.0,0.0,0.12523777244387607,0.35502490476999166,0.2071881067701453
TCGA-DU-5852-01A,scdc,0.4320235009499417,0.013221562691342299,0.0,0.0,0.0,0.4912188677796337,0.03729746884041359,0.026238599738668697
TCGA-DU-5853-01A,scdc,0.5514676519929855,0.008921604395683961,0.0,0.0,0.0,0.1212825359602173,0.1458285845227268,0.1724996231283864
TCGA-DU-5854-01A,scdc,0.13812531151512258,0.015615471085718537,0.0,0.0,0.0,0.4271640658344826,0.34284739651941126,0.07624775504526492
TCGA-DU-5855-01A,scdc,0.6022952545531097,0.0566934165276312,0.0,0.0,0.0,0.24594149962691575,0.03741964437199984,0.057650184920343475
TCGA-DU-5870-02A,scdc,0.5549693118282729,0.0,0.0,0.0,0.0,0.3648357487759807,0.0777718664042949,0.0024230729914514813
TCGA-DU-5871-01A,scdc,0.6562802258877195,9.493369550593744e-05,0.0,0.0,0.0,0.17731370062183632,0.037317219675448605,0.1289939201194896
TCGA-DU-5872-01A,scdc,0.33119533636956255,0.00210025959817588,0.0,0.0,0.0,0.48828941194397635,0.0885017605293228,0.08991323155896246
TCGA-DU-5872-02A,scdc,0.09966762452817936,0.17026419430578832,0.004940924948092123,0.0,0.0,0.3899828975080461,0.2971643108457011,0.03798004786419295
TCGA-DU-6392-01A,scdc,0.38236275858935836,0.03617657923060517,0.0,0.0,0.0,0.47568286516197755,0.105777797018059,0.0
TCGA-DU-6393-01A,scdc,0.536204795534765,0.0,0.0,0.0,0.0,0.3712865133539153,0.08499524275792551,0.0075134483533940985
TCGA-DU-6394-01A,scdc,0.6290749306784568,0.0,0.0,0.0,0.0,0.3615977194441846,0.009327349877358759,0.0
TCGA-DU-6395-01A,scdc,0.5813859968116338,0.01106240092631014,0.0,0.0,0.0,0.06915073891266896,0.20612386606516866,0.13227699728421843
TCGA-DU-6396-01A,scdc,0.3816880486193446,0.2604755639470094,0.0,0.0,0.0,0.23692579667594357,0.12091059075770254,0.0
TCGA-DU-6397-01A,scdc,0.37666810961946046,0.0,0.0,0.0,0.0,0.3658171417906958,0.11651285358106832,0.1410018950087755
TCGA-DU-6397-02A,scdc,0.18914147280616636,0.0,0.0,0.0,0.0,0.770685719860344,0.04017280733348977,0.0
TCGA-DU-6399-01A,scdc,0.5572146448576502,0.0019813136900078106,0.0,0.0,0.0,0.2694823311583909,0.10805717213206766,0.06326453816188359
TCGA-DU-6400-01A,scdc,0.6316831393507805,0.0,0.0,0.0,0.0,0.2679571058673294,0.0512301364423912,0.049129618339498915
TCGA-DU-6401-01A,scdc,0.3192100263145392,0.0,0.0,0.0,0.0,0.6382128508244842,0.006470971470097219,0.03610615139087949
TCGA-DU-6402-01A,scdc,0.28661236916025656,0.10767036253836802,0.0,0.0,0.0,0.5673078081370773,0.012223507377117913,0.026185952787180306
TCGA-DU-6403-01A,scdc,0.4202107229666971,0.06526601006260653,0.0,0.0,0.0,0.16709287573397533,0.34465330766611907,0.002777083570602005
TCGA-DU-6404-01A,scdc,0.32093606548932185,0.0,0.0,0.0,0.0,0.5374000040090939,0.0009060997647864636,0.1407578307367978
TCGA-DU-6405-01A,scdc,0.681620598696879,0.0,0.0,0.0,0.0,0.19674773792563416,0.038727888661187634,0.08290377471629921
TCGA-DU-6406-01A,scdc,0.4926812215423767,0.0,0.0,0.0,0.0,0.5073187784576234,0.0,0.0
TCGA-DU-6407-01A,scdc,0.5745629150237164,0.0,0.0,0.0,0.0,0.19462370560846984,0.1450527516052746,0.08576062776253926
TCGA-DU-6408-01A,scdc,0.6677317700729403,0.0,0.0,0.0,0.0,0.09138585502783599,0.050260953946214805,0.19062142095300894
TCGA-DU-6410-01A,scdc,0.5505064063404027,0.0,0.0,0.0,0.0,0.3894805035239365,0.05988847977026355,0.00012461036539727246
TCGA-DU-6542-01A,scdc,0.5663831054740234,0.026908937587376468,0.0,0.0,0.0,0.15881926079205805,0.22023230128176233,0.02765639486477983
TCGA-DU-7006-01A,scdc,0.4290852056345455,0.15098027239213946,0.0,0.0,0.0,0.3286385863062917,0.0806156962714198,0.010680239395603393
TCGA-DU-7007-01A,scdc,0.39896814428682426,0.11945681945080926,0.0,0.0,0.0,0.4089386081230734,0.04309576216034259,0.029540665978950525
TCGA-DU-7008-01A,scdc,0.8198008955777614,0.0,0.0,0.0,0.0,0.07453348774236088,0.04884002159194342,0.056825595087934354
TCGA-DU-7009-01A,scdc,0.41440854649186915,0.0,0.0,0.0,0.0,0.16074016147451875,0.3517823783367859,0.07306891369682625
TCGA-DU-7010-01A,scdc,0.39575116379384234,0.0,0.0,0.0,0.0,0.3010289509281474,0.25761848510823177,0.04560140016977847
TCGA-DU-7011-01A,scdc,0.3617579498454972,0.05359674600301642,0.0,0.0,0.0,0.41699490062421596,0.08763635900328862,0.08001404452398175
TCGA-DU-7012-01A,scdc,0.4860612838494926,0.1367917569452427,0.0,0.0,0.0,0.15216865674741706,0.039973550605948836,0.1850047518518989
TCGA-DU-7013-01A,scdc,0.6375302244965518,0.0,0.0,0.0,0.0,0.3277130847152797,0.03475669078816851,0.0
TCGA-DU-7014-01A,scdc,0.38374016143987516,0.0,0.0,0.0,0.0,0.5411914523227948,0.04345911508877382,0.03160927114855609
TCGA-DU-7015-01A,scdc,0.6416223651921229,0.09262113767925685,0.0,0.0,0.0,0.10907720693397661,0.049200061758540234,0.10747922843610352
TCGA-DU-7018-01A,scdc,0.4366845802277786,0.0,0.0,0.0,0.0,0.5266823717999704,0.023508536983301458,0.013124510988949473
TCGA-DU-7019-01A,scdc,0.4387290736291109,0.00016345018163979139,0.0,0.0,0.0,0.4274841929240786,0.05641604521677795,0.07720723804839293
TCGA-DU-7292-01A,scdc,0.5181522677366565,0.0,0.0,0.0,0.0,0.22897737061791681,0.08167440079538077,0.17119596085004607
TCGA-DU-7294-01A,scdc,0.5216668419800063,0.0,0.0,0.0,0.0,0.15364794179877642,0.2784735578793464,0.04621165834187077
TCGA-DU-7298-01A,scdc,0.48270704975047074,0.0,0.0,0.0,0.0,0.15030016320009693,0.3440377326052402,0.02295505444419218
TCGA-DU-7299-01A,scdc,0.540066757331025,0.0,0.0,0.0,0.0,0.0956098798659265,0.30429628251278734,0.06002708029026112
TCGA-DU-7300-01A,scdc,0.440350860680219,0.0,0.0,0.0,0.0,0.21583578894481317,0.17741166076361553,0.16640168961135238
TCGA-DU-7301-01A,scdc,0.4140783648405784,0.036247624988162905,0.0,0.0,0.0,0.2573604304100085,0.2494463574139945,0.04286722234725556
TCGA-DU-7302-01A,scdc,0.6030270901628547,0.0,0.0,0.0,0.0,0.1333958744752341,0.10159940272877344,0.16197763263313775
TCGA-DU-7304-01A,scdc,0.41649347232510603,0.0,0.0,0.0,0.0,0.3112196032891173,0.09582631963405314,0.17646060475172357
TCGA-DU-7304-02A,scdc,0.6008726546662793,0.0,0.0,0.0,0.0,0.3461047429625925,0.05302260237112831,0.0
TCGA-DU-7306-01A,scdc,0.4636782378401924,0.0,0.0,0.0,0.0,0.35077795176957904,0.1022214309585687,0.08332237943165981
TCGA-DU-7309-01A,scdc,0.5071314815097263,0.0,0.0,0.0,0.0,0.3012669068579754,0.04909566315324017,0.14250594847905812
TCGA-DU-8158-01A,scdc,0.4400196661360552,0.03116849177999846,0.0,0.0,0.0,0.1322305464880854,0.27649720977245795,0.12008408582340294
TCGA-DU-8161-01A,scdc,0.38725542343555985,0.08592305240955768,0.0,0.0,0.0,0.1449518457152563,0.07365654516733117,0.308213133272295
TCGA-DU-8162-01A,scdc,0.24390550093347213,0.0,0.0,0.0,0.0,0.1719479598069303,0.35222694942100513,0.23191958983859243
TCGA-DU-8163-01A,scdc,0.44752972948809966,0.010310298757586503,0.0,0.0,0.0,0.18956298621602288,0.25577418042027567,0.09682280511801522
TCGA-DU-8164-01A,scdc,0.6562440866662946,0.0,0.0,0.0,0.0,0.18673254217525517,0.07237199947597024,0.08465137168247991
TCGA-DU-8165-01A,scdc,0.42445079233019234,0.12733586704008598,0.0,0.0,0.0,0.32960149626351526,0.05590092613245628,0.06271091823375011
TCGA-DU-8166-01A,scdc,0.728608151661882,0.0,0.0,0.0,0.0,0.12237421154807947,0.05526902579235775,0.09374861099768075
TCGA-DU-8167-01A,scdc,0.3058006073305196,0.057825490759711794,0.0,0.0,0.0,0.23521688229466628,0.33200782573925813,0.06914919387584414
TCGA-DU-8168-01A,scdc,0.7066071661746272,0.0,0.0,0.0,0.0,0.2642130001485853,0.029179833676787486,0.0
TCGA-DU-A5TP-01A,scdc,0.46234809376915975,0.3055480076006602,0.0,0.0,0.0,0.15708695366067066,0.07501694496950949,0.0
TCGA-DU-A5TR-01A,scdc,0.3206251718985648,0.2570345540638934,0.0,0.0,0.0,0.24290440235586214,0.12810518731220635,0.051330684369473335
TCGA-DU-A5TS-01A,scdc,0.24398421812914414,0.0,0.0,0.0,0.0,0.32973843266262715,0.31380239428815215,0.11247495492007657
TCGA-DU-A5TT-01A,scdc,0.35350754729490225,0.0,0.0,0.0,0.0,0.27950773553893926,0.12515038546478713,0.2418343317013713
TCGA-DU-A5TU-01A,scdc,0.6273959630533429,0.11179643271554886,0.0,0.0,0.0,0.2071594059831298,0.028370525441440923,0.025277672806537522
TCGA-DU-A5TW-01A,scdc,0.5468842788482943,0.0,0.0,0.0,0.0,0.2766373076924341,0.1108740461820924,0.06560436727717914
TCGA-DU-A5TY-01A,scdc,0.28374259879505015,0.20144832774827662,0.0,0.0,0.0,0.3735003310143744,0.09754943263551985,0.04375930980677887
TCGA-DU-A6S2-01A,scdc,0.45283606876917093,0.0,0.0,0.0,0.0,0.1544971478397588,0.2628965332842698,0.1297702501068005
TCGA-DU-A6S3-01A,scdc,0.4864915893789155,0.0,0.0,0.0,0.0,0.2681249365253366,0.1584581910391163,0.08692528305663155
TCGA-DU-A6S6-01A,scdc,0.6989106918198931,0.0,0.0,0.0,0.0,0.10990042057604603,0.09263366169619591,0.09855522590786497
TCGA-DU-A6S7-01A,scdc,0.5261869972081344,0.03029140700115266,0.0,0.0,0.0,0.18220417794281896,0.20055850453667703,0.06075891331121688
TCGA-DU-A6S8-01A,scdc,0.4747299752286644,0.0,0.0,0.0,0.0,0.32240679660452554,0.18370788532983875,0.019155342836971352
TCGA-DU-A76K-01A,scdc,0.3019639021649318,0.0,0.0,0.0,0.0,0.2055131590613863,0.05724488715635562,0.43527805161732636
TCGA-DU-A76L-01A,scdc,0.20746666132717217,0.07177103517141137,0.0,0.0,0.0,0.6121376671477641,0.10859096634530309,3.367000834937047e-05
TCGA-DU-A76O-01A,scdc,0.5773052665071324,0.0740082659673578,0.0,0.0,0.0,0.1610493735019521,0.05551325397146163,0.13212384005209613
TCGA-DU-A76R-01A,scdc,0.45089133509553814,0.0,0.0,0.0,0.0,0.24926732054995573,0.0645146929409727,0.23532665141353343
TCGA-DU-A7T6-01A,scdc,0.3424028506901438,0.0,0.0,0.0,0.0,0.47773000869985766,0.1607568890511626,0.0191102515588359
TCGA-DU-A7T8-01A,scdc,0.7086071419183002,0.004469516560059924,0.0,0.0,0.0,0.2172134826231647,0.023675496711464048,0.04603436218701118
TCGA-DU-A7TA-01A,scdc,0.5154207963361941,0.06680167078871248,0.0,0.0,0.0,0.40349511060234855,0.013323272615652483,0.0009591496570923227
TCGA-DU-A7TB-01A,scdc,0.10006772272606927,0.0,0.0,0.0,0.0,0.17163501131013398,0.6796899833243747,0.048607282639421885
TCGA-DU-A7TC-01A,scdc,0.6051180023972759,0.0,0.0,0.0,0.0,0.1599400981258105,0.0671251666724161,0.16781673280449755
TCGA-DU-A7TD-01A,scdc,0.4976532502892893,0.08839187712253936,0.0,0.0,0.0,0.37945412175197046,0.03450075083620077,0.0
TCGA-DU-A7TG-01A,scdc,0.3004778417704169,0.0,0.0,0.0,0.0,0.2257915049918457,0.10119429788834029,0.37253635534939705
TCGA-DU-A7TI-01A,scdc,0.665549011691237,0.02015754484737532,0.0,0.0,0.0,0.09677792958469793,0.10359384826237711,0.11392166561431248
TCGA-DU-A7TJ-01A,scdc,0.5936824412776216,0.0,0.0,0.0,0.0,0.39495523447828496,0.011329130559879564,3.319368421392038e-05
TCGA-E1-5302-01A,scdc,0.6137636804038625,0.013815890306182355,0.0,0.0,0.0,0.11948470474565676,0.11244346290080615,0.14049226164349218
TCGA-E1-5303-01A,scdc,0.2738431395044386,0.12584728939256165,0.0,0.0,0.0,0.13036260793289722,0.3004376590060109,0.16950930416409166
TCGA-E1-5304-01A,scdc,0.6989336798106253,0.0,0.0,0.0,0.0,0.16076385715208608,0.14030246303728866,0.0
TCGA-E1-5305-01A,scdc,0.5488695934574724,0.0,0.0,0.0,0.0,0.21109728870217356,0.14424767282731457,0.09578544501303948
TCGA-E1-5307-01A,scdc,0.7553343571032143,0.0,0.0,0.0,0.0,0.02135154358801213,0.13266436187973554,0.09064973742903795
TCGA-E1-5311-01A,scdc,0.5058423976945556,0.0,0.0,0.0,0.0,0.3818913324007003,0.05780269780097703,0.05446357210376711
TCGA-E1-5318-01A,scdc,0.2024177505197569,0.0,0.0,0.0,0.0,0.7828589411152881,0.01472330836495512,0.0
TCGA-E1-5319-01A,scdc,0.2382603769276243,0.0,0.0,0.0,0.0,0.3222695914337453,0.2871235827843672,0.15234644885426324
TCGA-E1-5322-01A,scdc,0.6688797641618841,0.14104647745877663,0.0,0.0,0.0,0.10462378608101233,0.05547013319659355,0.02997983910173339
TCGA-E1-A7YD-01A,scdc,0.5607924041316573,0.0,0.0,0.0,0.0,0.36115221493758337,0.006438007223828157,0.07161737370693116
TCGA-E1-A7YE-01A,scdc,0.4211774076478608,0.1313810832626216,0.0,0.0,0.0,0.3984311587315804,0.04901035035793717,0.0
TCGA-E1-A7YH-01A,scdc,0.28078386120812016,0.0,0.0,0.0,0.0,0.1676598248911731,0.3796747182677071,0.17188159563299957
TCGA-E1-A7YI-01A,scdc,0.34378751830010923,0.0,0.0,0.0,0.0,0.562763011170007,0.09344947052988375,0.0
TCGA-E1-A7YJ-01A,scdc,0.36118609957218517,0.0685233207516661,0.0,0.0,0.0,0.42277886040221624,0.12242195953414906,0.02508975973978329
TCGA-E1-A7YK-01A,scdc,0.1169818644372436,0.13850221829581622,0.0,0.0,0.0,0.1701598235753947,0.4886427743412661,0.08571331935027933
TCGA-E1-A7YL-01A,scdc,0.6181553191444558,0.14214308331816,0.0,0.0,0.0,0.16077602562309085,0.03489028539214756,0.04403528652214588
TCGA-E1-A7YM-01A,scdc,0.15033541667664815,0.0,0.0,0.0,0.0,0.14387902694341403,0.4237734963933265,0.28201205998661133
TCGA-E1-A7YN-01A,scdc,0.1262594608808189,0.26065489825152094,0.0,0.0,0.0,0.3550286397983962,0.12560349198391121,0.13245350908535278
TCGA-E1-A7YO-01A,scdc,0.481209162139027,0.0,0.0,0.0,0.0,0.4264062068182704,0.03127251414645102,0.06111211689625158
TCGA-E1-A7YQ-01A,scdc,0.2602503903990415,0.11525566971889674,0.0,0.0,0.0,0.5910025934219382,8.349010209316831e-05,0.033407856358030404
TCGA-E1-A7YS-01A,scdc,0.6843901654353578,0.0,0.0,0.0,0.0,0.24996145744332318,0.06564837712131898,0.0
TCGA-E1-A7YU-01A,scdc,0.33962466538510855,0.0,0.0,0.0,0.0,0.2237875954566272,0.23766724285162294,0.19892049630664133
TCGA-E1-A7YV-01A,scdc,0.42281977044729047,0.0,0.0,0.0,0.0,0.5057376238580283,0.031560742579778686,0.03988186311490252
TCGA-E1-A7YW-01A,scdc,0.5854405881572684,0.0,0.0,0.0,0.0,0.04958025126247589,0.1088995526147524,0.25607960796550316
TCGA-E1-A7YY-01A,scdc,0.29052464567259484,0.0,0.0,0.0,0.0,0.19136485429648306,0.1205880533127058,0.3975224467182163
TCGA-E1-A7Z2-01A,scdc,0.2251844587475315,0.0,0.0,0.0,0.0,0.2092358298714403,0.12381317524201065,0.44176653613901745
TCGA-E1-A7Z3-01A,scdc,0.4182062488786656,0.0,0.0,0.0,0.0,0.27531930507410046,0.08127883194595295,0.22519561410128106
TCGA-E1-A7Z4-01A,scdc,0.4634845917362482,0.01678200356607713,0.0,0.0,0.0,0.17463972955981322,0.03973042703422695,0.3053632481036346
TCGA-E1-A7Z6-01A,scdc,0.3088318281913847,0.0,0.0,0.0,0.0,0.1101671548513168,0.05338619862241071,0.5276148183348877
TCGA-EZ-7264-01A,scdc,0.6725899376972372,0.0,0.0,0.0,0.0,0.08792047301286154,0.15771314289629793,0.0817764463936034
TCGA-F6-A8O3-01A,scdc,0.7075518593179477,0.0,0.0,0.0,0.0,0.23848138389666057,0.03134907715501969,0.022617679630372034
TCGA-F6-A8O4-01A,scdc,0.5332577186119377,0.0,0.0,0.0,0.0,0.1704630001770419,0.10459177111594477,0.19168751009507562
TCGA-FG-5962-01B,scdc,0.5510593403068793,0.0,0.0,0.0,0.0,0.14263392402315922,0.09531844952298993,0.21098828614697154
TCGA-FG-5963-01A,scdc,0.1574130279243383,0.15811045597258216,0.0,0.0,0.0,0.24042650826667447,0.3912999155340324,0.05275009230237255
TCGA-FG-5963-02A,scdc,0.20885094912320967,0.0,0.0,0.0,0.0,0.7504759676948795,0.04067308318191081,0.0
TCGA-FG-5964-01A,scdc,0.4098714513001533,0.04465592982640369,0.0,0.0,0.0,0.27505452452660634,0.1820569548236616,0.08836113952317497
TCGA-FG-5965-01B,scdc,0.5574305126227166,0.0,0.0,0.0,0.0,0.2849747742168371,0.06606680688654593,0.09152790627390037
TCGA-FG-6688-01A,scdc,0.21502893535735693,0.08193925003528135,0.0,0.0,0.0,0.1849189867121982,0.30437245902255067,0.21374036887261294
TCGA-FG-6689-01A,scdc,0.4094905280483522,0.0,0.0,0.0,0.0,0.09706148196140181,0.21182946243281836,0.2816185275574276
TCGA-FG-6690-01A,scdc,0.663770261091145,0.004145540587019915,0.0,0.0,0.0,0.0735927477562347,0.06317190508305431,0.19531954548254613
TCGA-FG-6691-01A,scdc,0.4686641505171232,0.11809896281792266,0.0,0.0,0.0,0.2413263002116031,0.058046636594663296,0.11386394985868778
TCGA-FG-6692-01A,scdc,0.48378448420186254,0.0,0.0,0.0,0.0,0.5027961639897045,0.010248475588540307,0.003170876219892565
TCGA-FG-7634-01A,scdc,0.2851100075894785,0.021614443598263623,0.0,0.0,0.0,0.5123992589816148,0.16559638767481716,0.015279902155825914
TCGA-FG-7636-01A,scdc,0.6216807379787154,0.0,0.0,0.0,0.0,0.06949953759418895,0.17913896043865882,0.12968076398843686
TCGA-FG-7638-01B,scdc,0.33628304048897073,0.0,0.0,0.0,0.0,0.20960628438866485,0.17953746811639065,0.2745732070059739
TCGA-FG-7641-01B,scdc,0.4800260785616342,0.0,0.0,0.0,0.0,0.07024318496356785,0.30323276766947665,0.14649796880532123
TCGA-FG-7643-01A,scdc,0.1549540816344753,0.0,0.0,0.0,0.0,0.2913266362307035,0.30497424726411626,0.24874503487070487
TCGA-FG-8181-01A,scdc,0.25457866201622004,0.0,0.0,0.0,0.0,0.3348063685455305,0.04925629887357153,0.361358670564678
TCGA-FG-8182-01A,scdc,0.4372662273305693,0.00661774987287711,0.0,0.0,0.0,0.12355537654820556,0.347449498743058,0.08511114750529004
TCGA-FG-8185-01A,scdc,0.6101883226032865,0.0,0.0,0.0,0.0,0.2918288170693417,0.0418501792323562,0.056132681095015714
TCGA-FG-8186-01A,scdc,0.6132896542645455,0.014556264794432394,0.0,0.0,0.0,0.14504913578523665,0.12318034983527615,0.1039245953205093
TCGA-FG-8187-01A,scdc,0.1488614575504891,0.0,0.0,0.0,0.0,0.10438346597381365,0.4240911921507765,0.3226638843249206
TCGA-FG-8188-01A,scdc,0.2554403947443848,0.0,0.0,0.0,0.0,0.29271540259736284,0.2882131175193455,0.163631085138907
TCGA-FG-8191-01A,scdc,0.3358517280019416,0.00019188256320986223,0.0,0.0,0.0,0.09335835172083547,0.38324091440948016,0.1873571233045329
TCGA-FG-A4MT-01A,scdc,0.6267201613492279,0.0,0.0,0.0,0.0,0.3127888862478636,0.05004480522035193,0.010446147182556577
TCGA-FG-A4MT-02A,scdc,0.5479086842992648,0.0,0.0,0.0,0.0,0.14788711316703426,0.1645401162778109,0.13966408625588994
TCGA-FG-A4MW-01A,scdc,0.3781352765095783,0.0,0.0,0.0,0.0,0.36542118522840755,0.21696296304118742,0.03948057522082675
TCGA-FG-A4MX-01A,scdc,0.4797439391602603,0.0,0.0,0.0,0.0,0.4713293666901894,0.010815336648240902,0.038111357501309416
TCGA-FG-A4MY-01A,scdc,0.26100862491582993,0.0,0.0,0.0,0.0,0.18017976942357142,0.4063628789432611,0.15244872671733756
TCGA-FG-A60J-01A,scdc,0.5272838752800428,0.0,0.0,0.0,0.0,0.03976024179913927,0.15059931256669956,0.2823565703541183
TCGA-FG-A60K-01A,scdc,0.5689533645692291,0.0,0.0,0.0,0.0,0.10931265583534037,0.1236780044432717,0.19805597515215884
TCGA-FG-A60L-01A,scdc,0.32522125588729084,0.06690439560225214,0.0,0.0,0.0,0.21787666543132422,0.2755462969557014,0.1144513861234315
TCGA-FG-A6IZ-01A,scdc,0.6725544131694864,0.0,0.0,0.0,0.0,0.20029069836426858,0.05751409046582744,0.06964079800041754
TCGA-FG-A6J1-01A,scdc,0.5295043722326704,0.0,0.0,0.0,0.0,0.3538013769027447,0.030664208759699062,0.08603004210488581
TCGA-FG-A6J3-01A,scdc,0.2739726420864627,0.13575651313778245,0.0,0.0,0.0,0.40377929796413853,0.18649154681161637,0.0
TCGA-FG-A70Y-01A,scdc,0.35328599056521187,0.015748088921082988,0.0,0.0,0.0,0.20308095721817096,0.2674283517064283,0.1604566115891059
TCGA-FG-A70Z-01A,scdc,0.4228449717294021,0.01670029979882697,0.0,0.0,0.0,0.4842604642337951,0.025826676996571707,0.05036758724140395
TCGA-FG-A710-01A,scdc,0.6367871612132738,0.058645972169938915,0.0,0.0,0.0,0.21412859939555196,0.05059929578629811,0.03983897143493723
TCGA-FG-A711-01A,scdc,0.45061355170204503,0.0,0.0,0.0,0.0,0.1621092703158745,0.10181779886813273,0.28545937911394775
TCGA-FG-A713-01A,scdc,0.32784572177753163,0.0,0.0,0.0,0.0,0.2091523179555432,0.29587414844131976,0.16712781182560535
TCGA-FG-A87N-01A,scdc,0.5796603153896085,0.0005645708776675825,0.0,0.0,0.0,0.3494719904976474,0.07030312323507658,0.0
TCGA-FG-A87Q-01A,scdc,0.1755849495841701,0.05075812255821667,0.0,0.0,0.0,0.30527189747076144,0.2747255194435336,0.19365951094331824
TCGA-FN-7833-01A,scdc,0.41591108368922325,0.1361304567339438,0.0,0.0,0.0,0.15479004252531514,0.05812803715405759,0.23504037989746007
TCGA-HT-7467-01A,scdc,0.12529790217457942,0.0,0.0,0.0,0.0,0.18455906233752245,0.539343042309691,0.150799993178207
TCGA-HT-7468-01A,scdc,0.5938577824707941,0.0,0.0,0.0,0.0,0.2152058868841718,0.10294775114745687,0.08798857949757728
TCGA-HT-7469-01A,scdc,0.6210967482418284,0.0,0.0,0.0,0.0,0.23675377378412793,0.05307852330981007,0.08907095466423358
TCGA-HT-7470-01A,scdc,0.38482241510984844,0.0,0.0,0.0,0.0,0.1625819951594543,0.3357046425069528,0.11689094722374448
TCGA-HT-7471-01A,scdc,0.580115528167946,0.01160544260438491,0.0,0.0,0.0,0.3213667793414241,0.061176076082354786,0.025736173803890334
TCGA-HT-7472-01A,scdc,0.5225715291495359,0.009480947867749785,0.0,0.0,0.0,0.1167261157944842,0.20731888400754803,0.14390252318068214
TCGA-HT-7473-01A,scdc,0.3960088905502289,0.16196170646429406,0.0,0.0,0.0,0.14751842409505492,0.09466864995015212,0.19984232894027007
TCGA-HT-7474-01A,scdc,0.28992888960977325,0.0,0.0,0.0,0.0,0.1317895193723227,0.28359090200628295,0.29469068901162104
TCGA-HT-7475-01A,scdc,0.49630458935887783,0.0,0.0,0.0,0.0,0.19123553953854355,0.18086627457513063,0.131593596527448
TCGA-HT-7476-01A,scdc,0.2811291335574651,0.0,0.0,0.0,0.0,0.5355770607682246,0.06260182410383942,0.12069198157047073
TCGA-HT-7477-01B,scdc,0.42126901959580687,0.0,0.0,0.0,0.0,0.5204811004964357,0.058051212127387675,0.00019866778036968193
TCGA-HT-7478-01A,scdc,0.49223046119277775,0.12813835970907622,0.0,0.0,0.0,0.21627025160226457,0.055387704948265275,0.10797322254761628
TCGA-HT-7479-01A,scdc,0.1779179426054902,0.0019046399496888118,0.0,0.0,0.0,0.14932043695926803,0.4235336663000659,0.24732331418548706
TCGA-HT-7480-01A,scdc,0.5599275694757909,0.0,0.0,0.0,0.0,0.17291849089782,0.15790128611324744,0.1092526535131417
TCGA-HT-7481-01A,scdc,0.1991100471460221,0.0,0.0,0.0,0.0,0.14545251889561994,0.42873647370611817,0.22670096025223987
TCGA-HT-7482-01A,scdc,0.2936348216038751,0.0027386013241239423,0.0,0.0,0.0,0.05472604815626141,0.3943479210259402,0.25455260788979933
TCGA-HT-7483-01A,scdc,0.46819875790783827,0.0,0.0,0.0,0.0,0.46489521731193123,0.024356344182697887,0.04254968059753266
TCGA-HT-7485-01A,scdc,0.2717917479454462,0.0,0.0,0.0,0.0,0.01903441227199929,0.26737586214968656,0.44179797763286793
TCGA-HT-7601-01A,scdc,0.2746539623036455,0.14271964111177488,0.0,0.0,0.0,0.17941710749711062,0.30554342905614096,0.09766586003132813
TCGA-HT-7602-01A,scdc,0.07003926094252139,0.0,0.0,0.0,0.0,0.10252583053740771,0.41897609457601287,0.40845881394405803
TCGA-HT-7603-01A,scdc,0.35186606391066555,0.0,0.0,0.0,0.0,0.09558534167229445,0.2479383394386497,0.3046102549783902
TCGA-HT-7604-01A,scdc,0.7604783778356828,0.0,0.0,0.0,0.0,0.11738932916715739,0.06719425982877332,0.054938033168386365
TCGA-HT-7605-01A,scdc,0.32871389944647844,0.0,0.0,0.0,0.0,0.07036533935564614,0.3139970939084862,0.28692366728938923
TCGA-HT-7606-01A,scdc,0.5280473560126387,0.0,0.0,0.0,0.0,0.3732720112559472,0.09868063273141402,0.0
TCGA-HT-7607-01A,scdc,0.27871814759042673,0.0,0.0,0.0,0.0,0.21838135644589876,0.19290963365209038,0.3099908623115842
TCGA-HT-7609-01A,scdc,0.6018815398883071,0.014944253375142436,0.0,0.0,0.0,0.1738730296955776,0.10909076926843483,0.10021040777253803
TCGA-HT-7610-01A,scdc,0.5733124416535559,0.0,0.0,0.0,0.0,0.08390250081172304,0.18413058858194412,0.15865446895277682
TCGA-HT-7611-01A,scdc,0.5225683990054462,0.013465656632010176,0.0,0.0,0.0,0.11339671246416427,0.16828816948745035,0.18228106241092895
TCGA-HT-7616-01A,scdc,0.33517129189019595,0.002226324763417116,0.0,0.0,0.0004924106491971244,0.5922935514960054,0.029957214889746918,0.03985920631143752
TCGA-HT-7620-01A,scdc,0.11962111864193319,0.0,0.0,0.0,0.0,0.08552334533759395,0.5918581361378435,0.20299739988262933
TCGA-HT-7676-01A,scdc,0.5714965676621476,0.07822741923964899,0.0,0.0,0.0,0.11889971377939224,0.12490839545347837,0.10646790386533278
TCGA-HT-7677-01A,scdc,0.48349516047803875,0.0,0.0,0.0,0.0,0.23858508031694928,0.20894823608369772,0.06897152312131423
TCGA-HT-7680-01A,scdc,0.25428706807114354,0.02993305285796346,0.0,0.0,0.0,0.13882716857202643,0.021800110284233853,0.5551526002146325
TCGA-HT-7681-01A,scdc,0.46331050548305325,0.0,0.0,0.0,0.0,0.20026495042649423,0.1715614298411926,0.16486311424925995
TCGA-HT-7684-01A,scdc,0.29831305129352564,0.031960173710600594,0.0,0.0,0.0,0.34147544339645575,0.09494744452819161,0.23330388707122626
TCGA-HT-7686-01A,scdc,0.40218211423890526,0.16033974440375498,0.0,0.0,0.0,0.1905298916410906,0.11132185980108074,0.1356263899151685
TCGA-HT-7687-01A,scdc,0.4586129163501131,0.0,0.0,0.0,0.0,0.3605977265115029,0.14330091656160826,0.03748844057677562
TCGA-HT-7688-01A,scdc,0.4749984243289973,0.0,0.0,0.0,0.0,0.1359653385452828,0.1991073073357428,0.18992892978997708
TCGA-HT-7689-01A,scdc,0.3412807613062815,0.0,0.0,0.0,0.0,0.04842476918649285,0.42312118343192207,0.18717328607530365
TCGA-HT-7690-01A,scdc,0.43673588741729696,0.06078886427079373,0.0,0.0,0.0,0.341865238207677,0.11311775797224953,0.047492252131982736
TCGA-HT-7691-01A,scdc,0.2643316513456153,0.04197813488133011,0.0,0.0,0.0,0.3707848021389093,0.008352886841159285,0.31455252479298584
TCGA-HT-7692-01A,scdc,0.66806376127314,0.0,0.0,0.0,0.0,0.1554837482752767,0.11123468481534546,0.06521780563623786
TCGA-HT-7693-01A,scdc,0.4291762826017436,0.10718641023665243,0.0,0.0,0.0,0.4197271091387767,0.012541559912993206,0.03136863810983411
TCGA-HT-7694-01A,scdc,0.24402339938168863,0.0,0.0,0.0,0.0,0.18997917316394833,0.28285590502608243,0.2831415224282806
TCGA-HT-7695-01A,scdc,0.47312201283646255,0.0,0.0,0.0,0.0,0.09900189479655563,0.26485459917856224,0.16302149318841955
TCGA-HT-7854-01A,scdc,0.16413108426494372,0.037990104473547406,0.0,0.0,0.0,0.21463962597120373,0.13911325199609453,0.44412593329421074
TCGA-HT-7855-01A,scdc,0.5224598192229089,0.0,0.0,0.0,0.0,0.4282913683431931,0.016139938314265526,0.03310887411963247
TCGA-HT-7856-01A,scdc,0.2781258709544135,0.0,0.0,0.0,0.0,0.22896233597282015,0.2517804682623631,0.2411313248104032
TCGA-HT-7857-01A,scdc,0.16047692741380648,0.26982219460815415,0.0,0.0,0.0,0.5324750996645039,0.03417748961591433,0.0030482886976211498
TCGA-HT-7858-01A,scdc,0.38521449867526325,0.03831210044144564,0.0,0.0,0.0,0.13655612084757135,0.36665351684368214,0.07326376319203765
TCGA-HT-7860-01A,scdc,0.28111689343915736,0.024143719243394233,0.0,0.0,0.0,0.44579233952433,0.00541673246581366,0.24353031532730476
TCGA-HT-7873-01B,scdc,0.4701669951275778,0.0,0.0,0.0,0.0,0.23517906393984328,0.21249620269779296,0.08215773823478596
TCGA-HT-7874-01A,scdc,0.2539399593225133,0.0,0.0,0.0,0.0,0.1962822786776027,0.22399767124019931,0.32578009075968467
TCGA-HT-7875-01A,scdc,0.6046951956271425,0.0,0.0,0.0,0.0,0.16219561637745483,0.0725183023408865,0.16059088565451618
TCGA-HT-7877-01A,scdc,0.34699392211924485,0.0,0.0,0.0,0.0,0.2482230170811085,0.21993045439132983,0.18485260640831674
TCGA-HT-7879-01A,scdc,0.3994237928721955,0.0,0.0,0.0,0.0,0.34311711673924356,0.13659704798048874,0.12086204240807212
TCGA-HT-7880-01A,scdc,0.18016813795585776,0.0,0.0,0.0,0.0,0.18569558600002764,0.2782427521992592,0.35589352384485545
TCGA-HT-7881-01A,scdc,0.14414282019563476,0.0,0.0,0.0,0.0,0.07499322645697337,0.47108829239938355,0.3097756609480084
TCGA-HT-7882-01A,scdc,0.08392683139374728,0.18659391670613285,0.0,0.0,0.0,0.7027361603879618,0.006183640027310159,0.020559451484847925
TCGA-HT-7884-01B,scdc,0.3421851413590737,0.0,0.0,0.0,0.0,0.10700610876612383,0.32747508074301995,0.22333366913178246
TCGA-HT-7902-01A,scdc,0.07922624257239724,0.0,0.0,0.0,0.0,0.1457193688172232,0.6297749459710466,0.14527944263933296
TCGA-HT-8010-01A,scdc,0.19487387787407898,0.0,0.0,0.0,0.0,0.16923846714121688,0.09078723909766219,0.545100415887042
TCGA-HT-8011-01A,scdc,0.4796399927970384,0.0,0.0,0.0,0.0,0.49722735460973433,0.016042854018066488,0.007089798575160869
TCGA-HT-8012-01A,scdc,0.556948401607573,0.0,0.0,0.0,0.0,0.3587844508999994,0.06497050606511384,0.01929664142731378
TCGA-HT-8013-01A,scdc,0.4319004327316724,0.24056472320103686,0.0,0.0,0.0,0.1624113808727242,0.10742812045054165,0.05769534274402499
TCGA-HT-8015-01B,scdc,0.3272109604362302,0.0,0.0,0.0,0.0,0.14207038556901547,0.24220717247347134,0.2885114815212829
TCGA-HT-8018-01A,scdc,0.31042040357675044,0.02896519906195464,0.0,0.0,0.0,0.46548349969548625,0.031828478061482104,0.16330241960432657
TCGA-HT-8104-01A,scdc,0.28229841218332824,0.0,0.0,0.0,0.0,0.4430630033773964,0.13783093359349882,0.1368076508457766
TCGA-HT-8105-01A,scdc,0.3592695638829079,0.0,0.0,0.0,0.0,0.5186939641564493,0.04804429068333948,0.07399218127730325
TCGA-HT-8106-01A,scdc,0.059524671150095874,0.15914819527910973,1.3880493942105234e-05,0.0,0.6193123881164172,0.08336091321512928,0.06854340393704267,0.010096547808263122
TCGA-HT-8107-01A,scdc,0.09961023930973688,0.0,0.0,0.0,0.0,0.27164370342712135,0.2817741997671505,0.3469718574959913
TCGA-HT-8108-01A,scdc,0.5929281838932314,0.03499242289401987,0.0,0.0,0.0,0.23476190928971724,0.08379699098834746,0.05352049293468405
TCGA-HT-8109-01A,scdc,0.3669378316209325,0.0,0.0,0.0,0.0,0.1433928708739733,0.292779011942697,0.19689028556239732
TCGA-HT-8110-01A,scdc,0.3591027500952522,0.21737869488591233,0.0,0.0,0.0,0.15969629181957917,0.05835626791560211,0.20546599528365414
TCGA-HT-8111-01A,scdc,0.24852063223888723,8.694158897683538e-05,0.0,0.0,0.0,0.07064972248373573,0.3876669683161743,0.29307573537222587
TCGA-HT-8113-01A,scdc,0.2767346647762101,0.0,0.0,0.0,0.0,0.22165647121964258,0.1927660700865275,0.3088427939176198
TCGA-HT-8114-01A,scdc,0.5557252516949761,0.038325720827605554,0.0,0.0,0.0,0.28038069012602324,0.03635779292586427,0.08921054442553089
TCGA-HT-8563-01A,scdc,0.1672940270879636,0.42007410058081474,0.0,0.0,0.0,0.38797357817746764,0.007007197249265279,0.01765109690448869
TCGA-HT-8564-01A,scdc,0.48927627651725536,0.0,0.0,0.0,0.0,0.23087595407238196,0.13613043650190318,0.14371733290845956
TCGA-HT-A4DS-01A,scdc,0.6017439408999491,0.12150402294688752,0.0,0.0,0.0,0.1752983214207349,0.025083750701730682,0.07636996403069779
TCGA-HT-A5R5-01A,scdc,0.402625347545687,0.03522531547198917,0.0,0.0,0.0,0.14416818357130212,0.05450815119642864,0.36347300221459306
TCGA-HT-A5R7-01A,scdc,0.38935825451369915,0.0,0.0,0.0,0.0,0.14422347276914738,0.20559798925066466,0.2608202834664888
TCGA-HT-A5R9-01A,scdc,0.4593225616586358,0.0,0.0,0.0,0.0,0.4866345622484976,0.015562032266734865,0.038480843826131844
TCGA-HT-A5RA-01A,scdc,0.38179160429091435,0.0,0.0,0.0,0.0,0.5605497861678674,0.0,0.057658609541218216
TCGA-HT-A5RB-01A,scdc,0.5159734946075958,0.0,0.0,0.0,0.0,0.25178286124762017,0.10519080970561763,0.1270528344391663
TCGA-HT-A5RC-01A,scdc,0.4398951071466698,0.006071087799596062,0.0,0.0,0.0,0.41241829895745946,0.09312583443624536,0.04848967166002942
TCGA-HT-A614-01A,scdc,0.3377819743910601,0.0,0.0,0.0,0.0,0.10433350267800134,0.375140754399667,0.18274376853127156
TCGA-HT-A615-01A,scdc,0.5692268544347948,0.013554401906876326,0.0,0.0,0.0,0.10725815035753332,0.1929275956521044,0.11703299764869107
TCGA-HT-A616-01A,scdc,0.5232049465220528,0.0,0.0,0.0,0.0,0.21254218619421075,0.06619354492459771,0.19805932235913876
TCGA-HT-A617-01A,scdc,0.33315329584324155,0.07056243677213023,0.0,0.0,0.0,0.18851167013735046,0.09170046631704686,0.3160721309302309
TCGA-HT-A618-01A,scdc,0.41501898603348436,0.11214895563271304,0.0,0.0,0.0,0.22475737011645586,0.09286403165671898,0.15521065656062769
TCGA-HT-A61C-01A,scdc,0.503522832673763,0.06942212512424654,0.0,0.0,0.0,0.3264721294951125,0.10058291270687804,0.0
TCGA-HT-A74H-01A,scdc,0.18117768438535384,0.0223792537646234,0.0,0.0,0.0,0.18360515357695312,0.31569893642371316,0.2971389718493566
TCGA-HT-A74J-01A,scdc,0.6377633443216616,0.0,0.0,0.0,0.0,0.1606087240993519,0.09284181620661512,0.10878611537237141
TCGA-HT-A74K-01A,scdc,0.3391817633692638,0.0,0.0,0.0,0.0,0.48269458640374646,0.17153745330619213,0.0065861969207975015
TCGA-HT-A74L-01A,scdc,0.6015726965107735,0.0,0.0,0.0,0.0,0.2034149593238851,0.13978535450412485,0.05522698966121658
TCGA-HT-A74O-01A,scdc,0.4260581261600993,0.1403975069581496,0.0,0.0,0.0,0.293133189886021,0.13576777611294802,0.004643400882781997
TCGA-HW-7486-01A,scdc,0.15861346699843473,0.0,0.0,0.0,0.0,0.12190401352241476,0.6145906523353599,0.10489186714379074
TCGA-HW-7487-01A,scdc,0.41528848409162633,0.0,0.0,0.0,0.0,0.1840201754085227,0.23721034808324162,0.1634809924166094
TCGA-HW-7489-01A,scdc,0.4894213419151568,0.0,0.0,0.0,0.0,0.10455792039010547,0.13418595328254418,0.2718347844121935
TCGA-HW-7490-01A,scdc,0.41087151515264514,0.0,0.0,0.0,0.0,0.4869092967755509,0.03129248466191651,0.07092670340988744
TCGA-HW-7491-01A,scdc,0.41482414156751846,0.0,0.0,0.0,0.0,0.45708997040107263,0.1280858880314089,0.0
TCGA-HW-7493-01A,scdc,0.48284220855816445,0.0,0.0,0.0,0.0,0.19697929799811212,0.05098862839737928,0.26918986504634407
TCGA-HW-7495-01A,scdc,0.26346314772048196,0.0,0.0,0.0,0.0,0.17561718561953057,0.37629413534113976,0.18462553131884757
TCGA-HW-8319-01A,scdc,0.6573508006562272,0.0,0.0,0.0,0.0,0.09887115105886948,0.12358519146768311,0.12019285681722008
TCGA-HW-8320-01A,scdc,0.6525421380807533,0.0003330986188581337,0.0,0.0,0.0,0.1990945412914565,0.04046303177868802,0.10756719023024407
TCGA-HW-8321-01A,scdc,0.4330458970956246,0.0,0.0,0.0,0.0,0.37832175019043907,0.143928765594933,0.0447035871190033
TCGA-HW-8322-01A,scdc,0.6072204500677478,0.0,0.0,0.0,0.0,0.17179704661419512,0.1804882031307591,0.04049430018729789
TCGA-HW-A5KJ-01A,scdc,0.30471624333699604,0.0,0.0,0.0,0.0,0.6332448052512133,0.027128451729871703,0.03491049968191897
TCGA-HW-A5KK-01A,scdc,0.2404861798573226,0.0914185049538265,0.0,0.0,0.0,0.11090739235637774,0.4346234459963843,0.12256447683608883
TCGA-HW-A5KL-01A,scdc,0.45624530150543735,0.0,0.0,0.0,0.0,0.21600299324418193,0.1606094890823909,0.16714221616798983
TCGA-HW-A5KM-01A,scdc,0.5249312201375139,0.257747463964156,0.0,0.0,0.0,0.14943386820440613,0.028275695577143368,0.03961175211678071
TCGA-IK-7675-01A,scdc,0.5102297063647548,0.0,0.0,0.0,0.0,0.37138797445991517,0.11480777345787464,0.0035745457174553184
TCGA-IK-8125-01A,scdc,0.5671753291450682,0.0,0.0,0.0,0.0,0.2308313730752821,0.07066706330870176,0.13132623447094804
TCGA-KT-A74X-01A,scdc,0.4556024144734344,0.0,0.0,0.0,0.0,0.3354627174323103,0.16893492905838733,0.039999939035868015
TCGA-KT-A7W1-01A,scdc,0.5152119705342533,0.0,0.0,0.0,0.0,0.47958285602982764,0.0,0.005205173435919212
TCGA-P5-A5ET-01A,scdc,0.3690234156111691,0.0,0.0,0.0,0.0,0.09795765398370086,0.3127160645251263,0.22030286588000375
TCGA-P5-A5EU-01A,scdc,0.48665415764078784,0.0939186947907993,0.0,0.0,0.0,0.406429194476342,0.01299795309207083,0.0
TCGA-P5-A5EV-01A,scdc,0.5507133223021081,0.0,0.0,0.0,0.0,0.3040849273482715,0.06718631443781986,0.07801543591180055
TCGA-P5-A5EW-01A,scdc,0.47895903570951925,0.0,0.0,0.0,0.0,0.04727303580203251,0.11348635260290804,0.3602815758855403
TCGA-P5-A5EX-01A,scdc,0.2005515122173202,0.057929360873993974,0.0,0.0,0.038986412347162804,0.47750028503008574,0.011153444052269331,0.21387898547916803
TCGA-P5-A5EY-01A,scdc,0.23903259905880356,0.0,0.0,0.0,0.0,0.15482236161977894,0.05156380008458067,0.5545812392368368
TCGA-P5-A5EZ-01A,scdc,0.2885671563478956,6.811881946412214e-05,0.0,0.0,0.0,0.30171858545950847,0.350268522607055,0.05937761676607686
TCGA-P5-A5F0-01A,scdc,0.689879809813527,0.0,0.0,0.0,0.0,0.110166010313903,0.07581121664103624,0.12414296323153365
TCGA-P5-A5F1-01A,scdc,0.24321975468965806,0.0,0.0,0.0,0.0,0.23938806537395035,0.09732899947215369,0.4200631804642379
TCGA-P5-A5F2-01A,scdc,0.3674962672821874,0.0,0.0,0.0,0.0,0.11070074835171148,0.1632970163608534,0.35850596800524764
TCGA-P5-A5F4-01A,scdc,0.4207024227662964,0.0,0.0,0.0,0.0,0.23486806261339208,0.13770514758425098,0.20672436703606054
TCGA-P5-A5F6-01A,scdc,0.023844005543448028,0.04777315835825699,0.0,0.0,0.00010144227024509541,0.8774373511169435,0.006723957762284891,0.0441200849488215
TCGA-P5-A72U-01A,scdc,0.23771719895436363,0.016809753283432642,0.0,0.0,0.0,0.6521593741125248,0.00010655479061300303,0.09320711885906591
TCGA-P5-A72W-01A,scdc,0.6862033914964241,0.0,0.0,0.0,0.0,0.14145903974827267,0.12388297278068772,0.04845459597461563
TCGA-P5-A72X-01A,scdc,0.2656041360944237,0.0,0.0,0.0,0.0,0.47310860514227354,0.0314016110438769,0.22988564771942588
TCGA-P5-A72Z-01A,scdc,0.3588853297719568,0.0,0.0,0.0,0.0,0.513093577114324,0.12802109311371923,0.0
TCGA-P5-A730-01A,scdc,0.2668651533131979,0.0,0.0,0.0,0.0,0.4300007167596636,0.2719600344346325,0.031174095492506063
TCGA-P5-A731-01A,scdc,0.4617970983092524,0.0,0.0,0.0,0.0,0.3559865220102488,0.06688565691639,0.11533072276410884
TCGA-P5-A733-01A,scdc,0.3189107219320607,0.0,0.0,0.0,0.0,0.26880190701282136,0.044772541769264707,0.3675148292858533
TCGA-P5-A735-01A,scdc,0.6357496552035865,0.0,0.0,0.0,0.0,0.009001313734911203,0.21391470338678795,0.14133432767471424
TCGA-P5-A736-01A,scdc,0.29621880828506447,0.06024256602727983,0.0,0.0,0.0,0.17930804338280396,0.07965733998304461,0.3845732423218072
TCGA-P5-A737-01A,scdc,0.7317134529071938,0.0,0.0,0.0,0.0,0.13133561933468302,0.10389626033180606,0.03305466742631715
TCGA-P5-A77W-01A,scdc,0.34807825805419657,0.0,0.0,0.0,0.0,0.5240392265535203,0.1116824891575764,0.016200026234706736
TCGA-P5-A77X-01A,scdc,0.5677375644947923,0.0,0.0,0.0,0.0,0.08471083091743592,0.12136339629958914,0.22618820828818262
TCGA-P5-A780-01A,scdc,0.3722053641828744,0.004462787206209251,0.0,0.0,0.0,0.3168293074685781,0.2781193045159767,0.028383236626361594
TCGA-P5-A781-01A,scdc,0.33125523980302496,0.0,0.0,0.0,0.0,0.16799391922099616,0.2447270148724173,0.25602382610356156
TCGA-QH-A65R-01A,scdc,0.341160321282507,0.0,0.0,0.0,0.0,0.5870725830785708,0.045766236782518406,0.026000858856403887
TCGA-QH-A65S-01A,scdc,0.31130966900105767,0.0,0.0,0.0,0.0,0.15551344206642465,0.34409515831944104,0.18908173061307665
TCGA-QH-A65V-01A,scdc,0.22322445918345102,0.0,0.0,0.0,0.0,0.1171421371545858,0.41528525993377285,0.24434814372819036
TCGA-QH-A65X-01A,scdc,0.2666112786733061,0.0,0.0,0.0,0.0,0.7140853274878844,0.019303393838809375,0.0
TCGA-QH-A65Z-01A,scdc,0.4694100482244796,0.0,0.0,0.0,0.0,0.2053865000810709,0.17721489670715657,0.14798855498729283
TCGA-QH-A6CS-01A,scdc,0.10772413099695753,0.0,0.0,0.0,0.0,0.13750712984767974,0.44491665279472187,0.3098520863606408
TCGA-QH-A6CU-01A,scdc,0.16676142511066513,0.0,0.0,0.0,0.0,0.12289457810045283,0.3382250466594255,0.37211895012945645
TCGA-QH-A6CV-01A,scdc,0.3583082881019431,0.07352976621017968,0.0,0.0,0.0,0.4409335145516505,0.09699946215675605,0.030228968979470573
TCGA-QH-A6CW-01A,scdc,0.641203877413072,0.015460497533264679,0.0,0.0,0.0,0.15687474202740836,0.06435159033340031,0.12210929269285466
TCGA-QH-A6CX-01A,scdc,0.2287832043415515,0.01255820941514903,0.0,0.0,0.0,0.20875139879751564,0.32708623687113964,0.22282095057464418
TCGA-QH-A6CY-01A,scdc,0.3821831594366966,0.0,0.0,0.0,0.0,0.09176964647349108,0.36724022972387244,0.15880696436593972
TCGA-QH-A6CZ-01A,scdc,0.6927869236955789,0.0,0.0,0.0,0.0,0.12656715884209122,0.13456294011157324,0.046082977350756685
TCGA-QH-A6X3-01A,scdc,0.5390415763413234,0.0,0.0,0.0,0.0,0.1997500227669397,0.13718155657561754,0.12402684431611918
TCGA-QH-A6X4-01A,scdc,0.46425402950146283,0.0,0.0,0.0,0.0,0.15470746778994784,0.3809737398452946,6.476286329471759e-05
TCGA-QH-A6X5-01A,scdc,0.16806255022722955,0.0,0.0,0.0,0.0,0.14196098035821572,0.4134841795900697,0.2764922898244849
TCGA-QH-A6X8-01A,scdc,0.4655552217619647,0.0,0.0,0.0,0.0,0.2107466620905305,0.2959742025120552,0.02772391363544968
TCGA-QH-A6X9-01A,scdc,0.7116974235128843,0.0,0.0,0.0,0.0,0.14033076351831664,0.074183981423887,0.07378783154491199
TCGA-QH-A6XA-01A,scdc,0.4271869707808237,0.0,0.0,0.0,0.0,0.07939260938049457,0.25181138457310953,0.2416090352655723
TCGA-QH-A6XC-01A,scdc,0.5367200153653604,0.0,0.0,0.0,0.0,0.25248346790325304,0.16278609194888427,0.04801042478250225
TCGA-QH-A86X-01A,scdc,0.6849181589717834,0.0,0.0,0.0,0.0,0.12571704849580123,0.05598571768876871,0.13337907484364672
TCGA-QH-A870-01A,scdc,0.2531923205476562,0.0,0.0,0.0,0.0,0.15013789442353154,0.09982634284255347,0.49684344218625864
TCGA-R8-A6MK-01A,scdc,0.2939591063205552,0.0,0.0,0.0,0.0,0.09904876283094438,0.17225714213649834,0.4347349887120021
TCGA-R8-A6ML-01A,scdc,0.5016788217591323,0.0,0.0,0.0,0.0,0.19562690229692759,0.18434407729429622,0.11835019864964398
TCGA-R8-A6MO-01A,scdc,0.26796205207155127,0.0,0.0,0.0,0.0,0.3456530118079974,0.3522073385697507,0.03417759755070071
TCGA-R8-A6YH-01A,scdc,0.7731369669047063,0.0,0.0,0.0,0.0,0.1746559972546855,0.018954467939282942,0.033252567901325275
TCGA-RY-A83X-01A,scdc,0.33692755368540345,0.0,0.0,0.0,0.0,0.23193786643177836,0.2937868155540392,0.1373477643287789
TCGA-RY-A83Y-01A,scdc,0.5204467483298618,0.0,0.0,0.0,0.0,0.364883924460753,0.076456354172928,0.038212973036457154
TCGA-RY-A83Z-01A,scdc,0.7135055515761975,0.014316550841781019,0.0,0.0,0.0,0.17791143749316057,0.07185222052255985,0.022414239566301068
TCGA-RY-A840-01A,scdc,0.6763950145369939,0.0,0.0,0.0,0.0,0.24943338885195476,0.05809523387437371,0.016076362736677608
TCGA-RY-A843-01A,scdc,0.48794777725834165,0.0,0.0,0.0,0.0,0.2480042981487787,0.08865205903116039,0.17539586556171927
TCGA-RY-A845-01A,scdc,0.6410922215827619,0.0,0.0,0.0,0.0,0.142531627116549,0.09849007580432133,0.11788607549636777
TCGA-RY-A847-01A,scdc,0.5001089824810528,0.0,0.0,0.0,0.0,0.3008696277465658,0.10420952063141065,0.0948118691409708
TCGA-S9-A6TS-01A,scdc,0.47185293607383,0.00401706803718655,0.0,0.0,0.0,0.34287645345936923,0.0771127695661532,0.10414077286346109
TCGA-S9-A6TU-01A,scdc,0.35853003115960086,0.040399301969528796,0.0,0.0,0.0,0.36709295154141725,0.19562206268231236,0.03835565264714087
TCGA-S9-A6TV-01A,scdc,0.4544915660109244,0.17511018708291898,0.0,0.0,0.0,0.3638128652967774,0.0001739805213211493,0.006411401088057983
TCGA-S9-A6TW-01A,scdc,0.2108563481741023,0.0,0.0,0.0,0.0,0.7452848195652814,0.03363550596909102,0.010223326291525333
TCGA-S9-A6TX-01A,scdc,0.3358327854051897,0.0,0.0,0.0,0.0,0.3481865678602773,0.27791501319015627,0.038065633544376816
TCGA-S9-A6TY-01A,scdc,0.5589297436684,0.0,0.0,0.0,0.0,0.11937876370641537,0.2548474784023226,0.06684401422286201
TCGA-S9-A6TZ-01A,scdc,0.49479735960509397,0.0,0.0,0.0,0.0,0.270557168769341,0.05448710532578137,0.18015836629978368
TCGA-S9-A6U0-01A,scdc,0.1019897629488,0.01227615387972877,0.0,0.0,0.0,0.8684947895225401,0.005330316806172084,0.01190897684275902
TCGA-S9-A6U1-01A,scdc,0.399407385705721,0.0,0.0,0.0,0.0,0.28157195401498775,0.26810548145667584,0.05091517882261544
TCGA-S9-A6U2-01A,scdc,0.40237572387634296,0.0,0.0,0.0,0.0,0.17362160287708442,0.03839137128105873,0.38561130196551385
TCGA-S9-A6U5-01A,scdc,0.4763819104576076,0.0,0.0,0.0,0.0,0.14089800495886043,0.07232829741727165,0.31039178716626037
TCGA-S9-A6U6-01A,scdc,0.6137715617659874,0.0,0.0,0.0,0.0,0.1721898739718062,0.06933414674329252,0.14470441751891394
TCGA-S9-A6U8-01A,scdc,0.3225505358045315,0.003154487386544037,0.0,0.0,0.0,0.16000947623950026,0.31713989660039954,0.1971456039690246
TCGA-S9-A6U9-01A,scdc,0.18343448777759558,0.04949155267748725,0.0,0.0,0.0,0.4204896815641647,0.16521918285138204,0.18136509512937038
TCGA-S9-A6UA-01A,scdc,0.4506824309367415,0.18618028470021653,0.0,0.0,0.0,0.3188955627184091,0.04424172164463294,0.0
TCGA-S9-A6UB-01A,scdc,0.4712137555174001,0.0,0.0,0.0,0.0,0.17852345075054868,0.31605823980607506,0.034204553925976065
TCGA-S9-A6WD-01A,scdc,0.41906169512377256,0.0,0.0,0.0,0.0,0.14377165513194232,0.26912987619186474,0.16803677355242033
TCGA-S9-A6WE-01A,scdc,0.5670619824201345,0.0,0.0,0.0,0.0,0.22804001264637366,0.1470666123725909,0.057831392560900925
TCGA-S9-A6WG-01A,scdc,0.18831062135134005,0.013745694075871378,0.0,0.0,0.0,0.708105102910879,0.01393172769331152,0.07590685396859799
TCGA-S9-A6WH-01A,scdc,0.5287666078278187,0.0,0.0,0.0,0.0,0.39174808563872743,0.06290017481771852,0.016585131715735356
TCGA-S9-A6WI-01A,scdc,0.13129299659566887,0.0,0.0,0.0,0.0,0.25492868378158207,0.3599968207540843,0.25378149886866475
TCGA-S9-A6WL-01A,scdc,0.30485448977048696,0.0,0.0,0.0,0.0,0.5670294356852335,0.021831308588978072,0.10628476595530155
TCGA-S9-A6WM-01A,scdc,0.4960683199143694,0.0,0.0,0.0,0.0,0.44147366357699724,0.006335495255321233,0.056122521253312074
TCGA-S9-A6WN-01A,scdc,0.27478175263491705,0.05453421147230309,0.0,0.0,0.0,0.6094479078021062,0.015501763005885918,0.04573436508478775
TCGA-S9-A6WO-01A,scdc,0.5938923907334137,0.0006676986314076154,0.0,0.0,0.0,0.1006982888257931,0.10056944775550829,0.20417217405387733
TCGA-S9-A6WP-01A,scdc,0.4059050720960786,0.0,0.0,0.0,0.0,0.36839785399354996,0.1913503679570787,0.03434670595329282
TCGA-S9-A6WQ-01A,scdc,0.30379864560431735,0.006328381560828025,0.0,0.0,0.0,0.16277337781385645,0.38603143787030697,0.1410681571506912
TCGA-S9-A7IQ-01A,scdc,0.43673925582496254,0.0,0.0,0.0,0.0,0.13098624990140234,0.12471933569967698,0.30755515857395804
TCGA-S9-A7IS-01A,scdc,0.3293246827598333,0.0,0.0,0.0,0.0,0.5018839916217483,0.1687913256184183,0.0
TCGA-S9-A7IX-01A,scdc,0.4665313077360793,0.009219084918326194,0.0,0.0,0.0,0.3916877235171935,0.06327479060360813,0.06928709322479276
TCGA-S9-A7IY-01A,scdc,0.32203734457403255,0.0,0.0,0.0,0.0,0.18484229240758587,0.1354889957198783,0.35763136729850326
TCGA-S9-A7IZ-01A,scdc,0.5553712301881273,0.0,0.0,0.0,0.0,0.27513683816044193,0.04820480838959343,0.12128712326183737
TCGA-S9-A7J0-01A,scdc,0.6959325482077727,0.0,0.0,0.0,0.0,0.1966793821705932,0.10738806962163408,0.0
TCGA-S9-A7J1-01A,scdc,0.3584104790773379,0.0,0.0,0.0,0.0,0.1273839885268285,0.30035752410297895,0.21384800829285472
TCGA-S9-A7J2-01A,scdc,0.6556698825963874,0.0,0.0,0.0,0.0,0.27876875487531205,0.03400780992158474,0.03155355260671585
TCGA-S9-A7J3-01A,scdc,0.4122559417688228,0.0,0.0,0.0,0.0,0.2859099674599297,0.18993775050297895,0.11189634026826847
TCGA-S9-A7QW-01A,scdc,0.7153683195605829,0.0,0.0,0.0,0.0,0.07464234846807731,0.15494982586429654,0.05503950610704328
TCGA-S9-A7QX-01A,scdc,0.5612836071420841,0.019570171093004393,0.0,0.0,0.0,0.25274693642761636,0.10363512134716257,0.06276416399013254
TCGA-S9-A7QY-01A,scdc,0.23620555742066415,0.0,0.0,0.0,0.0,0.20919468862693352,0.3629987427784824,0.19160101117391992
TCGA-S9-A7QZ-01A,scdc,0.4115612289508973,0.0,0.0,0.0,0.0,0.4124499259551621,0.10650356155512929,0.0694852835388112
TCGA-S9-A7R1-01A,scdc,0.6386440985024446,0.0,0.0,0.0,0.0,0.22114474968594197,0.03639779067256518,0.1038133611390482
TCGA-S9-A7R2-01A,scdc,0.1933177045929572,0.06846115629990293,0.0,0.0,0.0,0.13260092257666733,0.42946757052838086,0.17615264600209166
TCGA-S9-A7R3-01A,scdc,0.23743898387936135,0.008882351998941643,0.0,0.0,0.0,0.27776233342790485,0.18392808463725824,0.29198824605653384
TCGA-S9-A7R4-01A,scdc,0.2952322910704129,0.016922811068265094,0.0,0.0,0.0,0.6382335716412203,0.021081099994144224,0.02853022622595756
TCGA-S9-A7R7-01A,scdc,0.42157536249841143,0.16304507400608217,0.0,0.0,0.0,0.29527436674484026,0.06038968097831637,0.05971551577234983
TCGA-S9-A7R8-01A,scdc,0.5045778231139145,0.02340501716334158,0.0,0.0,0.0,0.21533035479059084,0.25668680493215307,0.0
TCGA-S9-A89V-01A,scdc,0.658280650196424,0.0,0.0,0.0,0.0,0.23836270607390922,0.06211664274617443,0.04124000098349236
TCGA-S9-A89Z-01A,scdc,0.38221074524458176,0.11215064729554969,0.0,0.0,0.0,0.41077848118961185,0.09486012627025675,0.0
TCGA-TM-A7C3-01A,scdc,0.4491129122635595,0.0,0.0,0.0,0.0,0.5094097837339499,0.009120185805008478,0.03235711819748214
TCGA-TM-A7C4-01A,scdc,0.6150702254725303,0.0,0.0,0.0,0.0,0.13485247050319793,0.0309782548716597,0.21909904915261208
TCGA-TM-A7C5-01A,scdc,0.5242030002802575,0.0,0.0,0.0,0.0,0.4348377435815751,0.03996450352264747,0.000994752615519916
TCGA-TM-A7CA-01A,scdc,0.607204054232952,0.0,0.0,0.0,0.0,0.12319372100663667,0.1777146349336703,0.09188758982674104
TCGA-TM-A7CF-01A,scdc,0.6544640782962472,0.0,0.0,0.0,0.0,0.054681249911602496,0.09800681159158688,0.1928478602005635
TCGA-TM-A7CF-02A,scdc,0.07326422709954203,0.0,0.0,0.0,0.0,0.05899619108669397,0.6861975338108368,0.1815420480029272
TCGA-TM-A84B-01A,scdc,0.5220249307675452,0.0,0.0,0.0,0.0,0.297363704319701,0.0033671216503857273,0.17724424326236804
TCGA-TM-A84C-01A,scdc,0.5064621123612085,0.04158947775324554,0.0,0.0,0.0,0.32988776920499013,0.011422220688741836,0.110638419991814
TCGA-TM-A84F-01A,scdc,0.29252676316345844,0.09687734497497487,0.0,0.0,0.0,0.20945262980652884,0.10563510530994029,0.2955081567450975
TCGA-TM-A84G-01A,scdc,0.6238061673939587,0.0,0.0,0.0,0.0,0.2985577533632427,0.05576439151914528,0.02187168772365337
TCGA-TM-A84H-01A,scdc,0.7889998324529527,0.0,0.0,0.0,0.0,0.0698759735200581,0.024004583770051467,0.11711961025693778
TCGA-TM-A84I-01A,scdc,0.8278064439573314,0.0,0.0,0.0,0.0,0.15930164340923283,0.012891912633435781,0.0
TCGA-TM-A84J-01A,scdc,0.5410692472838282,0.0,0.0,0.0,0.0,0.4445942716475307,0.014336481068641115,0.0
TCGA-TM-A84L-01A,scdc,0.3745252215828609,0.01820346388544486,0.0,0.0,0.0,0.17771298610175873,0.19789589536427643,0.23166243306565903
TCGA-TM-A84M-01A,scdc,0.7916399031532912,0.0,0.0,0.0,0.0,0.14799381163382733,0.060366285212881364,0.0
TCGA-TM-A84O-01A,scdc,0.4539133241496922,0.0,0.0,0.0,0.0,0.23843071780437622,0.14405162503619598,0.16360433300973565
TCGA-TM-A84Q-01A,scdc,0.6214408619174746,0.06396647605575685,0.0,0.0,0.0,0.13765618488578102,0.15864109449583744,0.01829538264515011
TCGA-TM-A84R-01A,scdc,0.3325591688267008,0.0,0.0,0.0,0.0,0.19656406864239873,0.19223999480727277,0.2786367677236278
TCGA-TM-A84S-01A,scdc,0.3665165405511258,0.0,0.0,0.0,0.0,0.09929476912946464,0.14135271945591554,0.392835970863494
TCGA-TM-A84T-01A,scdc,0.5130202542402348,9.420292567591048e-05,0.0,0.0,0.0,0.2662594502458497,0.15629216206797492,0.06433393052026472
TCGA-TQ-A7RF-01A,scdc,0.46897894406123103,0.0,0.0,0.0,0.0,0.39477663631871696,0.04425931451906196,0.09198510510099003
TCGA-TQ-A7RG-01A,scdc,0.5224087061919528,0.0,0.0,0.0,0.0,0.1415581838513561,0.15817371266622735,0.1778593972904638
TCGA-TQ-A7RH-01A,scdc,0.5261799532333813,0.02707727967076796,0.0,0.0,0.0,0.2788700241084623,0.10172406719593402,0.06614867579145452
TCGA-TQ-A7RI-01A,scdc,0.5095461157140355,0.0,0.0,0.0,0.0,0.13511546573444816,0.2258011774937178,0.1295372410577986
TCGA-TQ-A7RJ-01A,scdc,0.497062568707578,0.008946274631577314,0.0,0.0,0.0,0.21268568618991746,0.06492401554338594,0.2163814549275413
TCGA-TQ-A7RK-01A,scdc,0.5559112547116346,0.0,0.0,0.0,0.0,0.19410826787627672,0.13680090460919703,0.11317957280289172
TCGA-TQ-A7RM-01A,scdc,0.5915510377490585,0.0,0.0,0.0,0.0,0.3635351102293423,0.04491385202159915,0.0
TCGA-TQ-A7RN-01A,scdc,0.47743765838830776,0.0,0.0,0.0,0.0,0.27913250549141666,0.11546240041779357,0.12796743570248192
TCGA-TQ-A7RO-01A,scdc,0.5600249775701184,0.0,0.0,0.0,0.0,0.3453952956772272,0.02273347971422797,0.07184624703842639
TCGA-TQ-A7RP-01A,scdc,0.09561798501169029,0.0,0.0,0.0,0.0,0.24367037933131022,0.1826313876253918,0.47808024803160765
TCGA-TQ-A7RQ-01A,scdc,0.6786908876402208,0.0,0.0,0.0,0.0,0.2761678913931272,0.02896344316080783,0.016177777805844198
TCGA-TQ-A7RR-01A,scdc,0.2863106387504678,4.113667996397054e-05,0.0,0.0,0.0,0.09696824792609876,0.409384246194404,0.2072957304490654
TCGA-TQ-A7RS-01A,scdc,0.36730812358999454,0.0,0.0,0.0,0.0,0.26637892699261734,0.2569658965647336,0.10934705285265454
TCGA-TQ-A7RU-01A,scdc,0.4603808348531899,0.0,0.0,0.0,0.0,0.42245892257519,0.08852256413842895,0.028637678433191118
TCGA-TQ-A7RV-01A,scdc,0.47194206845756825,0.0,0.0,0.0,0.0,0.24794901841685793,0.1830385348925215,0.0970703782330523
TCGA-TQ-A7RV-02A,scdc,0.3099884424282064,0.001962354380333978,0.0,0.0,0.0,0.12172158732519625,0.15451946358932905,0.4118081522769342
TCGA-TQ-A7RW-01A,scdc,0.47292024099178576,0.06190433851534325,0.0,0.0,0.0,0.25327519552842553,0.14066189416882904,0.0712383307956164
TCGA-TQ-A8XE-01A,scdc,0.6182106047976247,0.0,0.0,0.0,0.0,0.2245749099820055,0.13415091535008986,0.02306356987027991
TCGA-TQ-A8XE-02A,scdc,0.4108118431574126,0.011454059275010278,0.0,0.0,0.0,0.31355730673556603,0.24612080478534135,0.0180559860466697
TCGA-VM-A8C8-01A,scdc,0.42882600702601237,0.00015595029039654695,0.0,0.0,0.0,0.0970818623122466,0.13656644989589298,0.3373697304754515
TCGA-VM-A8C9-01A,scdc,0.2989214434388536,0.15067202176987635,0.0,0.0,0.0,0.369579327636514,0.09685400099209018,0.08397320616266589
TCGA-VM-A8CA-01A,scdc,0.3097116111450683,0.0,0.0,0.0,0.0,0.4674499494600006,0.02810985664326283,0.19472858275166832
TCGA-VM-A8CB-01A,scdc,0.5862863468709713,0.0,0.0,0.0,0.0,0.37629573907916436,0.03738837477517411,2.9539274690216302e-05
TCGA-VM-A8CD-01A,scdc,0.46575172828698597,0.0776326807209162,0.0,0.0,0.0,0.2134596868700199,0.06004487778335374,0.18311102633872414
TCGA-VM-A8CE-01A,scdc,0.22975188595651228,0.0,0.0,0.0,0.0,0.22213602979563604,0.3451293674044469,0.20298271684340474
TCGA-VM-A8CF-01A,scdc,0.18552724255488398,0.1659928900638597,0.0,0.0,0.0,0.29798589101825274,0.14056910813254597,0.20992486823045764
TCGA-VM-A8CH-01A,scdc,0.47154367033360467,0.0311602652845264,0.0,0.0,0.0,0.3056689705644093,0.13673344313713387,0.054893650680325846
TCGA-VV-A829-01A,scdc,0.6369107107850831,0.0,0.0,0.0,0.0,0.3432515692619486,0.019837719952968316,0.0
TCGA-VV-A86M-01A,scdc,0.5148834245160288,0.06758278851609856,0.0,0.0,0.0,0.4118152394850633,0.0057185474828091686,0.0
TCGA-VW-A7QS-01A,scdc,0.6118643046271437,0.0,0.0,0.0,0.0,0.3631751385762281,0.02496055679662808,0.0
TCGA-VW-A8FI-01A,scdc,0.6440663247533338,0.011297033391879863,0.0,0.0,0.0,0.18986481108917677,0.11570944393457573,0.03906238683103387
TCGA-W9-A837-01A,scdc,0.5882754809343284,0.0,0.0,0.0,0.0,0.11104694337364696,0.10985094824407701,0.1908266274479478
TCGA-WH-A86K-01A,scdc,0.4087908982635746,0.0,0.0,0.0,0.0,0.32189415805332816,0.06288852555162394,0.20642641813147317
TCGA-WY-A858-01A,scdc,0.15362886040621923,0.07871176715262872,0.0,0.0,0.0,0.5893986915599543,0.11316271179602706,0.06509796908517063
TCGA-WY-A859-01A,scdc,0.49765484232919066,0.0,0.0,0.0,0.0,0.1821513784455293,0.14225696774245206,0.17793681148282794
TCGA-WY-A85A-01A,scdc,0.5593599012035987,0.0,0.0,0.0,0.0,0.14301328349224798,0.08822563836857403,0.2094011769355793
TCGA-WY-A85B-01A,scdc,0.5908670931671429,0.12750253096796216,0.0,0.0,0.0,0.1559370505686203,0.11789822141675904,0.0077951038795155605
TCGA-WY-A85C-01A,scdc,0.5409547212868278,0.0,0.0,0.0,0.0,0.4182941940984479,0.01430429864842681,0.026446785966297463
TCGA-WY-A85D-01A,scdc,0.3507915653776614,0.02401996210264631,0.0,0.0,0.0,0.11197487190430622,0.16771796584723356,0.3454956347681525
TCGA-WY-A85E-01A,scdc,0.7566650180560126,0.0,0.0,0.0,0.0,0.16370268801692064,0.04414364908024521,0.035488644846821446
TCGA-CS-4938-01B,scdc_ensemble,0.384706204503009,0.0,0.0,0.0,0.0,0.05242941045742416,0.13614085899827413,0.4267235260412927
TCGA-CS-4941-01A,scdc_ensemble,0.4641713201731756,0.06317068276109838,0.0,0.0,0.0,0.3023744222436402,0.08162368254769113,0.08865989227439469
TCGA-CS-4942-01A,scdc_ensemble,0.47486326407497387,0.13543122876738584,0.0,0.0,0.0,0.04929445884521509,0.18192039387958817,0.15849065443283705
TCGA-CS-4943-01A,scdc_ensemble,0.6610358348900229,0.004319087507700368,0.0,0.0,0.0,0.20891194072353567,0.11944814781524732,0.0062849890634937
TCGA-CS-4944-01A,scdc_ensemble,0.30489733798984925,0.0,0.0,0.0,0.0,0.16422759161957237,0.09126585666822261,0.4396092137223558
TCGA-CS-5390-01A,scdc_ensemble,0.43048580543687226,0.0,0.0,0.0,0.0,0.3021850415604333,0.23603486908954996,0.031294283913144386
TCGA-CS-5393-01A,scdc_ensemble,0.4711872562867943,0.00022888312499715768,0.0,0.0,0.0,0.20830199284537812,0.209964728472617,0.11031713927021346
TCGA-CS-5394-01A,scdc_ensemble,0.45899192894206353,0.0,0.0,0.0,0.0,0.5029403608759033,0.021113564981637127,0.016954145200395992
TCGA-CS-5395-01A,scdc_ensemble,0.2660915460525308,0.0,0.0,0.0,0.0,0.20725019843086584,0.0869996820981941,0.4396585734184093
TCGA-CS-5396-01A,scdc_ensemble,0.37738508538341997,0.0,0.0,0.0,0.0,0.3699683633115177,0.22408597258317942,0.028560578721882824
TCGA-CS-5397-01A,scdc_ensemble,0.4041018535025371,0.024462918119063266,0.0,0.0,0.0,0.19966668013128505,0.1450101768222834,0.22675837142483124
TCGA-CS-6186-01A,scdc_ensemble,0.4083850674302643,0.0,0.0,0.0,0.0,0.18834656298288308,0.021644233675194684,0.38162413591165795
TCGA-CS-6188-01A,scdc_ensemble,0.34591466053900755,0.025367295705911057,0.0,0.0,0.0,0.4895926713395007,0.09664915653237532,0.04247621588320548
TCGA-CS-6290-01A,scdc_ensemble,0.26234352050920445,0.10922614933476509,0.0,0.0,0.0,0.10996593741170956,0.2183915449984247,0.3000728477458962
TCGA-CS-6665-01A,scdc_ensemble,0.2077562917068151,0.14732084457535238,0.0,0.0,0.0,0.3041575214217423,0.325408826346921,0.015356515949169224
TCGA-CS-6666-01A,scdc_ensemble,0.28387842703519456,0.0,0.0,0.0,0.0,0.689914610862706,0.01655769708669722,0.009649265015402178
TCGA-CS-6667-01A,scdc_ensemble,0.2661177985704128,0.0,0.0,0.0,0.0,0.6216503494188864,0.033779301384861085,0.07845255062583971
TCGA-CS-6668-01A,scdc_ensemble,0.6152066420166837,0.0,0.0,0.0,0.0,0.2308664672990392,0.13401882782551622,0.019908062858760758
TCGA-CS-6669-01A,scdc_ensemble,0.16181381104637685,0.0,0.0,0.0,0.0,0.19611436599036722,0.20240307405301772,0.43966874891023816
TCGA-CS-6670-01A,scdc_ensemble,0.5489571808243278,0.0,0.0,0.0,0.0,0.1623640089506469,0.11959340904816249,0.1690854011768628
TCGA-DB-5270-01A,scdc_ensemble,0.5275748003421754,0.0,0.0,0.0,0.0,0.11274817867105304,0.20671854691822017,0.15295847406855137
TCGA-DB-5273-01A,scdc_ensemble,0.4134591178355266,0.016106662432518317,0.0,0.0,0.0,0.26564244949156784,0.13278360021133812,0.17200817002904914
TCGA-DB-5274-01A,scdc_ensemble,0.31058150904352344,0.008576054441086086,0.0,0.0,0.0,0.5354849664588395,0.14100469238637042,0.0043527776701805555
TCGA-DB-5275-01A,scdc_ensemble,0.740140812650588,0.0,0.0,0.0,0.0,0.10143634637052598,0.04756102797065744,0.11086181300822853
TCGA-DB-5276-01A,scdc_ensemble,0.234690214249134,0.015495230506843637,0.0,0.0,0.0,0.17038333338164394,0.43917054506342657,0.1402606767989519
TCGA-DB-5277-01A,scdc_ensemble,0.441056632629464,0.0,0.0,0.0,0.0,0.28417270476247203,0.23017562065257252,0.04459504195549142
TCGA-DB-5278-01A,scdc_ensemble,0.5462496015784053,0.0,0.0,0.0,0.0,0.12329514117754277,0.2212355039920546,0.10921975325199725
TCGA-DB-5280-01A,scdc_ensemble,0.5667736874900975,0.0,0.0,0.0,0.0,0.1747214904576973,0.10872231177896761,0.14978251027323763
TCGA-DB-5281-01A,scdc_ensemble,0.4865013773069402,0.0,0.0,0.0,0.0,0.3912940782977109,0.049025182226427134,0.07317936216892186
TCGA-DB-A4X9-01A,scdc_ensemble,0.606428042386874,0.0,0.0,0.0,0.0,0.05413063064904363,0.08489134020371467,0.2545499867603677
TCGA-DB-A4XA-01A,scdc_ensemble,0.3988586657107782,0.0,0.0,0.0,0.0,0.27795435153165166,0.16458898257070806,0.158598000186862
TCGA-DB-A4XB-01A,scdc_ensemble,0.7801516850588854,0.0,0.0,0.0,0.0,0.018013832858922694,0.15308962569043422,0.04874485639175762
TCGA-DB-A4XC-01A,scdc_ensemble,0.6564250076529765,0.0,0.0,0.0,0.0,0.12678415749708388,0.05930186790911401,0.15748896694082554
TCGA-DB-A4XD-01A,scdc_ensemble,0.5115223240696195,0.0,0.0,0.0,0.0,0.11751389767777008,0.24472557204909412,0.12623820620351628
TCGA-DB-A4XE-01A,scdc_ensemble,0.6259547213129113,0.0,0.0,0.0,0.0,0.06955443080309331,0.1832882249573016,0.12120262292669379
TCGA-DB-A4XF-01A,scdc_ensemble,0.591030402711239,0.0,0.0,0.0,0.0,0.2891494716262887,0.04759575019625015,0.07222437546622225
TCGA-DB-A4XG-01A,scdc_ensemble,0.682569318022997,0.0,0.0,0.0,0.0,0.23394272728746918,0.03981975029821296,0.04366820439132078
TCGA-DB-A4XH-01A,scdc_ensemble,0.2039346471977686,0.0,0.0,0.0,0.0,0.3580002900502766,0.19273991403134874,0.24532514872060596
TCGA-DB-A64L-01A,scdc_ensemble,0.5560248344753983,0.0,0.0,0.0,0.0,0.222759355401857,0.06369365225844924,0.15752215786429544
TCGA-DB-A64O-01A,scdc_ensemble,0.2895102133295933,0.0,0.0,0.0,0.0,0.1256716647945953,0.1795284739867905,0.4052896478890208
TCGA-DB-A64P-01A,scdc_ensemble,0.39249898721771875,0.0,0.0,0.0,0.0,0.42977843676839483,0.12995131352614497,0.047771262487741446
TCGA-DB-A64Q-01A,scdc_ensemble,0.5995622364787041,0.0,0.0,0.0,0.0,0.09667408243071444,0.18922683754848152,0.1145368435420999
TCGA-DB-A64R-01A,scdc_ensemble,0.6865633604019078,0.0,0.0,0.0,0.0,0.18559125570044538,0.0737671950716819,0.054078188825964914
TCGA-DB-A64S-01A,scdc_ensemble,0.32614202558219746,0.1265723302952735,0.0,0.0,0.0,0.26531060733046585,0.16730933325932676,0.11466570353273642
TCGA-DB-A64U-01A,scdc_ensemble,0.1946697146343546,0.0,0.0,0.0,0.0,0.15315816336322055,0.5038537762223149,0.14831834578010994
TCGA-DB-A64V-01A,scdc_ensemble,0.19394451455802425,0.02989417778971883,0.0,0.0,0.0,0.18579137509734198,0.42911428390753653,0.1612556486473785
TCGA-DB-A64W-01A,scdc_ensemble,0.5486238235763345,0.0,0.0,0.0,0.0,0.2941917065272775,0.12156770838196321,0.035616761514424784
TCGA-DB-A64X-01A,scdc_ensemble,0.5246278536492854,0.0,0.0,0.0,0.0,0.34645243082927796,0.03833469307780886,0.09058502244362768
TCGA-DB-A75K-01A,scdc_ensemble,0.43719102868895166,0.0,0.0,0.0,0.0,0.4209094470591841,0.12444009947384412,0.0174594247780201
TCGA-DB-A75L-01A,scdc_ensemble,0.5261304762567125,0.0,0.0,0.0,0.0,0.2982971079950748,0.12240697849650933,0.053165437251703404
TCGA-DB-A75M-01A,scdc_ensemble,0.37085463686643105,0.0,0.0,0.0,0.0,0.1093583823406582,0.1766499190104401,0.3431370617824706
TCGA-DB-A75O-01A,scdc_ensemble,0.4465253109051675,0.01063141402839105,0.0,0.0,0.0,0.1630263888590263,0.08892690413423535,0.2908899820731798
TCGA-DB-A75P-01A,scdc_ensemble,0.4790198641573374,0.0,0.0,0.0,0.0,0.19821205375072676,0.10332386746125204,0.21944421463068384
TCGA-DH-5140-01A,scdc_ensemble,0.7129834455849581,0.0,0.0,0.0,0.0,0.2441128334779509,0.0374716214331348,0.005432099503956192
TCGA-DH-5142-01A,scdc_ensemble,0.6291880403568119,0.15692170619648782,0.0,0.0,0.0,0.11804386676069165,0.019370309442854516,0.07647607724315415
TCGA-DH-5143-01A,scdc_ensemble,0.5752532256656167,0.0,0.0,0.0,0.0,0.06382607790133578,0.10851328470276855,0.2524074117302791
TCGA-DH-5144-01A,scdc_ensemble,0.6644712223107073,0.0,0.0,0.0,0.0,0.22548447117939488,0.06611485780486577,0.043929448705032036
TCGA-DH-A669-01A,scdc_ensemble,0.6054259307277773,0.0,0.0,0.0,0.0,0.3092304598338808,0.08534360943834189,0.0
TCGA-DH-A669-02A,scdc_ensemble,0.40666388457475133,0.0,0.0,0.0,0.0,0.5551640594082443,0.03817205601700434,0.0
TCGA-DH-A66B-01A,scdc_ensemble,0.6992010531226109,0.16250773039101987,0.0,0.0,0.0,0.13159047973901453,0.004290526547506417,0.002410210199848209
TCGA-DH-A66D-01A,scdc_ensemble,0.6501223865606272,0.027429286991482418,0.0,0.0,0.0,0.18462857465975438,0.061656023103672415,0.07616372868446353
TCGA-DH-A66F-01A,scdc_ensemble,0.33529604314273814,0.0,0.0,0.0,0.0,0.13023295753846775,0.12266783973236584,0.41180315958642827
TCGA-DH-A66G-01A,scdc_ensemble,0.7583474789550112,0.0,0.0,0.0,0.0,0.11273727450389838,0.012623005229610358,0.11629224131148003
TCGA-DH-A7UR-01A,scdc_ensemble,0.2017948137358731,0.0,0.0,0.0,0.0,0.7299377907867426,0.030268026171905903,0.037999369305478474
TCGA-DH-A7US-01A,scdc_ensemble,0.3109889816535607,0.0,0.0,0.0,0.0,0.0993998487180604,0.36870737288578465,0.2209037967425943
TCGA-DH-A7UT-01A,scdc_ensemble,0.28448934572334256,0.0,0.0,0.0,0.0,0.19100236146274643,0.36400323948195373,0.16050505333195725
TCGA-DH-A7UU-01A,scdc_ensemble,0.4935933863155831,0.0,0.0,0.0,0.0,0.37615503383646975,0.1279796045577402,0.002271975290206991
TCGA-DH-A7UV-01A,scdc_ensemble,0.47568283389388094,0.01007046880586506,0.0,0.0,0.0,0.23192704559956145,0.1447220491431962,0.1375976025574963
TCGA-DU-5847-01A,scdc_ensemble,0.4101425461404785,0.12126053240662181,0.0,0.0,0.0,0.23905652275929526,0.08227393604724816,0.14726646264635626
TCGA-DU-5849-01A,scdc_ensemble,0.39282762603945737,0.0,0.0,0.0,0.0,0.18396681713280627,0.2685493785637313,0.15465617826400505
TCGA-DU-5851-01A,scdc_ensemble,0.31254921601598706,0.0,0.0,0.0,0.0,0.12523777244387607,0.35502490476999166,0.2071881067701453
TCGA-DU-5852-01A,scdc_ensemble,0.4320235009499417,0.013221562691342299,0.0,0.0,0.0,0.4912188677796337,0.03729746884041359,0.026238599738668697
TCGA-DU-5853-01A,scdc_ensemble,0.5514676519929855,0.008921604395683961,0.0,0.0,0.0,0.1212825359602173,0.1458285845227268,0.1724996231283864
TCGA-DU-5854-01A,scdc_ensemble,0.13812531151512258,0.015615471085718537,0.0,0.0,0.0,0.4271640658344826,0.34284739651941126,0.07624775504526492
TCGA-DU-5855-01A,scdc_ensemble,0.6022952545531097,0.0566934165276312,0.0,0.0,0.0,0.24594149962691575,0.03741964437199984,0.057650184920343475
TCGA-DU-5870-02A,scdc_ensemble,0.5549693118282729,0.0,0.0,0.0,0.0,0.3648357487759807,0.0777718664042949,0.0024230729914514813
TCGA-DU-5871-01A,scdc_ensemble,0.6562802258877195,9.493369550593744e-05,0.0,0.0,0.0,0.17731370062183632,0.037317219675448605,0.1289939201194896
TCGA-DU-5872-01A,scdc_ensemble,0.33119533636956255,0.00210025959817588,0.0,0.0,0.0,0.48828941194397635,0.0885017605293228,0.08991323155896246
TCGA-DU-5872-02A,scdc_ensemble,0.09966762452817936,0.17026419430578832,0.004940924948092123,0.0,0.0,0.3899828975080461,0.2971643108457011,0.03798004786419295
TCGA-DU-6392-01A,scdc_ensemble,0.38236275858935836,0.03617657923060517,0.0,0.0,0.0,0.47568286516197755,0.105777797018059,0.0
TCGA-DU-6393-01A,scdc_ensemble,0.536204795534765,0.0,0.0,0.0,0.0,0.3712865133539153,0.08499524275792551,0.0075134483533940985
TCGA-DU-6394-01A,scdc_ensemble,0.6290749306784568,0.0,0.0,0.0,0.0,0.3615977194441846,0.009327349877358759,0.0
TCGA-DU-6395-01A,scdc_ensemble,0.5813859968116338,0.01106240092631014,0.0,0.0,0.0,0.06915073891266896,0.20612386606516866,0.13227699728421843
TCGA-DU-6396-01A,scdc_ensemble,0.3816880486193446,0.2604755639470094,0.0,0.0,0.0,0.23692579667594357,0.12091059075770254,0.0
TCGA-DU-6397-01A,scdc_ensemble,0.37666810961946046,0.0,0.0,0.0,0.0,0.3658171417906958,0.11651285358106832,0.1410018950087755
TCGA-DU-6397-02A,scdc_ensemble,0.18914147280616636,0.0,0.0,0.0,0.0,0.770685719860344,0.04017280733348977,0.0
TCGA-DU-6399-01A,scdc_ensemble,0.5572146448576502,0.0019813136900078106,0.0,0.0,0.0,0.2694823311583909,0.10805717213206766,0.06326453816188359
TCGA-DU-6400-01A,scdc_ensemble,0.6316831393507805,0.0,0.0,0.0,0.0,0.2679571058673294,0.0512301364423912,0.049129618339498915
TCGA-DU-6401-01A,scdc_ensemble,0.3192100263145392,0.0,0.0,0.0,0.0,0.6382128508244842,0.006470971470097219,0.03610615139087949
TCGA-DU-6402-01A,scdc_ensemble,0.28661236916025656,0.10767036253836802,0.0,0.0,0.0,0.5673078081370773,0.012223507377117913,0.026185952787180306
TCGA-DU-6403-01A,scdc_ensemble,0.4202107229666971,0.06526601006260653,0.0,0.0,0.0,0.16709287573397533,0.34465330766611907,0.002777083570602005
TCGA-DU-6404-01A,scdc_ensemble,0.32093606548932185,0.0,0.0,0.0,0.0,0.5374000040090939,0.0009060997647864636,0.1407578307367978
TCGA-DU-6405-01A,scdc_ensemble,0.681620598696879,0.0,0.0,0.0,0.0,0.19674773792563416,0.038727888661187634,0.08290377471629921
TCGA-DU-6406-01A,scdc_ensemble,0.4926812215423767,0.0,0.0,0.0,0.0,0.5073187784576234,0.0,0.0
TCGA-DU-6407-01A,scdc_ensemble,0.5745629150237164,0.0,0.0,0.0,0.0,0.19462370560846984,0.1450527516052746,0.08576062776253926
TCGA-DU-6408-01A,scdc_ensemble,0.6677317700729403,0.0,0.0,0.0,0.0,0.09138585502783599,0.050260953946214805,0.19062142095300894
TCGA-DU-6410-01A,scdc_ensemble,0.5505064063404027,0.0,0.0,0.0,0.0,0.3894805035239365,0.05988847977026355,0.00012461036539727246
TCGA-DU-6542-01A,scdc_ensemble,0.5663831054740234,0.026908937587376468,0.0,0.0,0.0,0.15881926079205805,0.22023230128176233,0.02765639486477983
TCGA-DU-7006-01A,scdc_ensemble,0.4290852056345455,0.15098027239213946,0.0,0.0,0.0,0.3286385863062917,0.0806156962714198,0.010680239395603393
TCGA-DU-7007-01A,scdc_ensemble,0.39896814428682426,0.11945681945080926,0.0,0.0,0.0,0.4089386081230734,0.04309576216034259,0.029540665978950525
TCGA-DU-7008-01A,scdc_ensemble,0.8198008955777614,0.0,0.0,0.0,0.0,0.07453348774236088,0.04884002159194342,0.056825595087934354
TCGA-DU-7009-01A,scdc_ensemble,0.41440854649186915,0.0,0.0,0.0,0.0,0.16074016147451875,0.3517823783367859,0.07306891369682625
TCGA-DU-7010-01A,scdc_ensemble,0.39575116379384234,0.0,0.0,0.0,0.0,0.3010289509281474,0.25761848510823177,0.04560140016977847
TCGA-DU-7011-01A,scdc_ensemble,0.3617579498454972,0.05359674600301642,0.0,0.0,0.0,0.41699490062421596,0.08763635900328862,0.08001404452398175
TCGA-DU-7012-01A,scdc_ensemble,0.4860612838494926,0.1367917569452427,0.0,0.0,0.0,0.15216865674741706,0.039973550605948836,0.1850047518518989
TCGA-DU-7013-01A,scdc_ensemble,0.6375302244965518,0.0,0.0,0.0,0.0,0.3277130847152797,0.03475669078816851,0.0
TCGA-DU-7014-01A,scdc_ensemble,0.38374016143987516,0.0,0.0,0.0,0.0,0.5411914523227948,0.04345911508877382,0.03160927114855609
TCGA-DU-7015-01A,scdc_ensemble,0.6416223651921229,0.09262113767925685,0.0,0.0,0.0,0.10907720693397661,0.049200061758540234,0.10747922843610352
TCGA-DU-7018-01A,scdc_ensemble,0.4366845802277786,0.0,0.0,0.0,0.0,0.5266823717999704,0.023508536983301458,0.013124510988949473
TCGA-DU-7019-01A,scdc_ensemble,0.4387290736291109,0.00016345018163979139,0.0,0.0,0.0,0.4274841929240786,0.05641604521677795,0.07720723804839293
TCGA-DU-7292-01A,scdc_ensemble,0.5181522677366565,0.0,0.0,0.0,0.0,0.22897737061791681,0.08167440079538077,0.17119596085004607
TCGA-DU-7294-01A,scdc_ensemble,0.5216668419800063,0.0,0.0,0.0,0.0,0.15364794179877642,0.2784735578793464,0.04621165834187077
TCGA-DU-7298-01A,scdc_ensemble,0.48270704975047074,0.0,0.0,0.0,0.0,0.15030016320009693,0.3440377326052402,0.02295505444419218
TCGA-DU-7299-01A,scdc_ensemble,0.540066757331025,0.0,0.0,0.0,0.0,0.0956098798659265,0.30429628251278734,0.06002708029026112
TCGA-DU-7300-01A,scdc_ensemble,0.440350860680219,0.0,0.0,0.0,0.0,0.21583578894481317,0.17741166076361553,0.16640168961135238
TCGA-DU-7301-01A,scdc_ensemble,0.4140783648405784,0.036247624988162905,0.0,0.0,0.0,0.2573604304100085,0.2494463574139945,0.04286722234725556
TCGA-DU-7302-01A,scdc_ensemble,0.6030270901628547,0.0,0.0,0.0,0.0,0.1333958744752341,0.10159940272877344,0.16197763263313775
TCGA-DU-7304-01A,scdc_ensemble,0.41649347232510603,0.0,0.0,0.0,0.0,0.3112196032891173,0.09582631963405314,0.17646060475172357
TCGA-DU-7304-02A,scdc_ensemble,0.6008726546662793,0.0,0.0,0.0,0.0,0.3461047429625925,0.05302260237112831,0.0
TCGA-DU-7306-01A,scdc_ensemble,0.4636782378401924,0.0,0.0,0.0,0.0,0.35077795176957904,0.1022214309585687,0.08332237943165981
TCGA-DU-7309-01A,scdc_ensemble,0.5071314815097263,0.0,0.0,0.0,0.0,0.3012669068579754,0.04909566315324017,0.14250594847905812
TCGA-DU-8158-01A,scdc_ensemble,0.4400196661360552,0.03116849177999846,0.0,0.0,0.0,0.1322305464880854,0.27649720977245795,0.12008408582340294
TCGA-DU-8161-01A,scdc_ensemble,0.38725542343555985,0.08592305240955768,0.0,0.0,0.0,0.1449518457152563,0.07365654516733117,0.308213133272295
TCGA-DU-8162-01A,scdc_ensemble,0.24390550093347213,0.0,0.0,0.0,0.0,0.1719479598069303,0.35222694942100513,0.23191958983859243
TCGA-DU-8163-01A,scdc_ensemble,0.44752972948809966,0.010310298757586503,0.0,0.0,0.0,0.18956298621602288,0.25577418042027567,0.09682280511801522
TCGA-DU-8164-01A,scdc_ensemble,0.6562440866662946,0.0,0.0,0.0,0.0,0.18673254217525517,0.07237199947597024,0.08465137168247991
TCGA-DU-8165-01A,scdc_ensemble,0.42445079233019234,0.12733586704008598,0.0,0.0,0.0,0.32960149626351526,0.05590092613245628,0.06271091823375011
TCGA-DU-8166-01A,scdc_ensemble,0.728608151661882,0.0,0.0,0.0,0.0,0.12237421154807947,0.05526902579235775,0.09374861099768075
TCGA-DU-8167-01A,scdc_ensemble,0.3058006073305196,0.057825490759711794,0.0,0.0,0.0,0.23521688229466628,0.33200782573925813,0.06914919387584414
TCGA-DU-8168-01A,scdc_ensemble,0.7066071661746272,0.0,0.0,0.0,0.0,0.2642130001485853,0.029179833676787486,0.0
TCGA-DU-A5TP-01A,scdc_ensemble,0.46234809376915975,0.3055480076006602,0.0,0.0,0.0,0.15708695366067066,0.07501694496950949,0.0
TCGA-DU-A5TR-01A,scdc_ensemble,0.3206251718985648,0.2570345540638934,0.0,0.0,0.0,0.24290440235586214,0.12810518731220635,0.051330684369473335
TCGA-DU-A5TS-01A,scdc_ensemble,0.24398421812914414,0.0,0.0,0.0,0.0,0.32973843266262715,0.31380239428815215,0.11247495492007657
TCGA-DU-A5TT-01A,scdc_ensemble,0.35350754729490225,0.0,0.0,0.0,0.0,0.27950773553893926,0.12515038546478713,0.2418343317013713
TCGA-DU-A5TU-01A,scdc_ensemble,0.6273959630533429,0.11179643271554886,0.0,0.0,0.0,0.2071594059831298,0.028370525441440923,0.025277672806537522
TCGA-DU-A5TW-01A,scdc_ensemble,0.5468842788482943,0.0,0.0,0.0,0.0,0.2766373076924341,0.1108740461820924,0.06560436727717914
TCGA-DU-A5TY-01A,scdc_ensemble,0.28374259879505015,0.20144832774827662,0.0,0.0,0.0,0.3735003310143744,0.09754943263551985,0.04375930980677887
TCGA-DU-A6S2-01A,scdc_ensemble,0.45283606876917093,0.0,0.0,0.0,0.0,0.1544971478397588,0.2628965332842698,0.1297702501068005
TCGA-DU-A6S3-01A,scdc_ensemble,0.4864915893789155,0.0,0.0,0.0,0.0,0.2681249365253366,0.1584581910391163,0.08692528305663155
TCGA-DU-A6S6-01A,scdc_ensemble,0.6989106918198931,0.0,0.0,0.0,0.0,0.10990042057604603,0.09263366169619591,0.09855522590786497
TCGA-DU-A6S7-01A,scdc_ensemble,0.5261869972081344,0.03029140700115266,0.0,0.0,0.0,0.18220417794281896,0.20055850453667703,0.06075891331121688
TCGA-DU-A6S8-01A,scdc_ensemble,0.4747299752286644,0.0,0.0,0.0,0.0,0.32240679660452554,0.18370788532983875,0.019155342836971352
TCGA-DU-A76K-01A,scdc_ensemble,0.3019639021649318,0.0,0.0,0.0,0.0,0.2055131590613863,0.05724488715635562,0.43527805161732636
TCGA-DU-A76L-01A,scdc_ensemble,0.20746666132717217,0.07177103517141137,0.0,0.0,0.0,0.6121376671477641,0.10859096634530309,3.367000834937047e-05
TCGA-DU-A76O-01A,scdc_ensemble,0.5773052665071324,0.0740082659673578,0.0,0.0,0.0,0.1610493735019521,0.05551325397146163,0.13212384005209613
TCGA-DU-A76R-01A,scdc_ensemble,0.45089133509553814,0.0,0.0,0.0,0.0,0.24926732054995573,0.0645146929409727,0.23532665141353343
TCGA-DU-A7T6-01A,scdc_ensemble,0.3424028506901438,0.0,0.0,0.0,0.0,0.47773000869985766,0.1607568890511626,0.0191102515588359
TCGA-DU-A7T8-01A,scdc_ensemble,0.7086071419183002,0.004469516560059924,0.0,0.0,0.0,0.2172134826231647,0.023675496711464048,0.04603436218701118
TCGA-DU-A7TA-01A,scdc_ensemble,0.5154207963361941,0.06680167078871248,0.0,0.0,0.0,0.40349511060234855,0.013323272615652483,0.0009591496570923227
TCGA-DU-A7TB-01A,scdc_ensemble,0.10006772272606927,0.0,0.0,0.0,0.0,0.17163501131013398,0.6796899833243747,0.048607282639421885
TCGA-DU-A7TC-01A,scdc_ensemble,0.6051180023972759,0.0,0.0,0.0,0.0,0.1599400981258105,0.0671251666724161,0.16781673280449755
TCGA-DU-A7TD-01A,scdc_ensemble,0.4976532502892893,0.08839187712253936,0.0,0.0,0.0,0.37945412175197046,0.03450075083620077,0.0
TCGA-DU-A7TG-01A,scdc_ensemble,0.3004778417704169,0.0,0.0,0.0,0.0,0.2257915049918457,0.10119429788834029,0.37253635534939705
TCGA-DU-A7TI-01A,scdc_ensemble,0.665549011691237,0.02015754484737532,0.0,0.0,0.0,0.09677792958469793,0.10359384826237711,0.11392166561431248
TCGA-DU-A7TJ-01A,scdc_ensemble,0.5936824412776216,0.0,0.0,0.0,0.0,0.39495523447828496,0.011329130559879564,3.319368421392038e-05
TCGA-E1-5302-01A,scdc_ensemble,0.6137636804038625,0.013815890306182355,0.0,0.0,0.0,0.11948470474565676,0.11244346290080615,0.14049226164349218
TCGA-E1-5303-01A,scdc_ensemble,0.2738431395044386,0.12584728939256165,0.0,0.0,0.0,0.13036260793289722,0.3004376590060109,0.16950930416409166
TCGA-E1-5304-01A,scdc_ensemble,0.6989336798106253,0.0,0.0,0.0,0.0,0.16076385715208608,0.14030246303728866,0.0
TCGA-E1-5305-01A,scdc_ensemble,0.5488695934574724,0.0,0.0,0.0,0.0,0.21109728870217356,0.14424767282731457,0.09578544501303948
TCGA-E1-5307-01A,scdc_ensemble,0.7553343571032143,0.0,0.0,0.0,0.0,0.02135154358801213,0.13266436187973554,0.09064973742903795
TCGA-E1-5311-01A,scdc_ensemble,0.5058423976945556,0.0,0.0,0.0,0.0,0.3818913324007003,0.05780269780097703,0.05446357210376711
TCGA-E1-5318-01A,scdc_ensemble,0.2024177505197569,0.0,0.0,0.0,0.0,0.7828589411152881,0.01472330836495512,0.0
TCGA-E1-5319-01A,scdc_ensemble,0.2382603769276243,0.0,0.0,0.0,0.0,0.3222695914337453,0.2871235827843672,0.15234644885426324
TCGA-E1-5322-01A,scdc_ensemble,0.6688797641618841,0.14104647745877663,0.0,0.0,0.0,0.10462378608101233,0.05547013319659355,0.02997983910173339
TCGA-E1-A7YD-01A,scdc_ensemble,0.5607924041316573,0.0,0.0,0.0,0.0,0.36115221493758337,0.006438007223828157,0.07161737370693116
TCGA-E1-A7YE-01A,scdc_ensemble,0.4211774076478608,0.1313810832626216,0.0,0.0,0.0,0.3984311587315804,0.04901035035793717,0.0
TCGA-E1-A7YH-01A,scdc_ensemble,0.28078386120812016,0.0,0.0,0.0,0.0,0.1676598248911731,0.3796747182677071,0.17188159563299957
TCGA-E1-A7YI-01A,scdc_ensemble,0.34378751830010923,0.0,0.0,0.0,0.0,0.562763011170007,0.09344947052988375,0.0
TCGA-E1-A7YJ-01A,scdc_ensemble,0.36118609957218517,0.0685233207516661,0.0,0.0,0.0,0.42277886040221624,0.12242195953414906,0.02508975973978329
TCGA-E1-A7YK-01A,scdc_ensemble,0.1169818644372436,0.13850221829581622,0.0,0.0,0.0,0.1701598235753947,0.4886427743412661,0.08571331935027933
TCGA-E1-A7YL-01A,scdc_ensemble,0.6181553191444558,0.14214308331816,0.0,0.0,0.0,0.16077602562309085,0.03489028539214756,0.04403528652214588
TCGA-E1-A7YM-01A,scdc_ensemble,0.15033541667664815,0.0,0.0,0.0,0.0,0.14387902694341403,0.4237734963933265,0.28201205998661133
TCGA-E1-A7YN-01A,scdc_ensemble,0.1262594608808189,0.26065489825152094,0.0,0.0,0.0,0.3550286397983962,0.12560349198391121,0.13245350908535278
TCGA-E1-A7YO-01A,scdc_ensemble,0.481209162139027,0.0,0.0,0.0,0.0,0.4264062068182704,0.03127251414645102,0.06111211689625158
TCGA-E1-A7YQ-01A,scdc_ensemble,0.2602503903990415,0.11525566971889674,0.0,0.0,0.0,0.5910025934219382,8.349010209316831e-05,0.033407856358030404
TCGA-E1-A7YS-01A,scdc_ensemble,0.6843901654353578,0.0,0.0,0.0,0.0,0.24996145744332318,0.06564837712131898,0.0
TCGA-E1-A7YU-01A,scdc_ensemble,0.33962466538510855,0.0,0.0,0.0,0.0,0.2237875954566272,0.23766724285162294,0.19892049630664133
TCGA-E1-A7YV-01A,scdc_ensemble,0.42281977044729047,0.0,0.0,0.0,0.0,0.5057376238580283,0.031560742579778686,0.03988186311490252
TCGA-E1-A7YW-01A,scdc_ensemble,0.5854405881572684,0.0,0.0,0.0,0.0,0.04958025126247589,0.1088995526147524,0.25607960796550316
TCGA-E1-A7YY-01A,scdc_ensemble,0.29052464567259484,0.0,0.0,0.0,0.0,0.19136485429648306,0.1205880533127058,0.3975224467182163
TCGA-E1-A7Z2-01A,scdc_ensemble,0.2251844587475315,0.0,0.0,0.0,0.0,0.2092358298714403,0.12381317524201065,0.44176653613901745
TCGA-E1-A7Z3-01A,scdc_ensemble,0.4182062488786656,0.0,0.0,0.0,0.0,0.27531930507410046,0.08127883194595295,0.22519561410128106
TCGA-E1-A7Z4-01A,scdc_ensemble,0.4634845917362482,0.01678200356607713,0.0,0.0,0.0,0.17463972955981322,0.03973042703422695,0.3053632481036346
TCGA-E1-A7Z6-01A,scdc_ensemble,0.3088318281913847,0.0,0.0,0.0,0.0,0.1101671548513168,0.05338619862241071,0.5276148183348877
TCGA-EZ-7264-01A,scdc_ensemble,0.6725899376972372,0.0,0.0,0.0,0.0,0.08792047301286154,0.15771314289629793,0.0817764463936034
TCGA-F6-A8O3-01A,scdc_ensemble,0.7075518593179477,0.0,0.0,0.0,0.0,0.23848138389666057,0.03134907715501969,0.022617679630372034
TCGA-F6-A8O4-01A,scdc_ensemble,0.5332577186119377,0.0,0.0,0.0,0.0,0.1704630001770419,0.10459177111594477,0.19168751009507562
TCGA-FG-5962-01B,scdc_ensemble,0.5510593403068793,0.0,0.0,0.0,0.0,0.14263392402315922,0.09531844952298993,0.21098828614697154
TCGA-FG-5963-01A,scdc_ensemble,0.1574130279243383,0.15811045597258216,0.0,0.0,0.0,0.24042650826667447,0.3912999155340324,0.05275009230237255
TCGA-FG-5963-02A,scdc_ensemble,0.20885094912320967,0.0,0.0,0.0,0.0,0.7504759676948795,0.04067308318191081,0.0
TCGA-FG-5964-01A,scdc_ensemble,0.4098714513001533,0.04465592982640369,0.0,0.0,0.0,0.27505452452660634,0.1820569548236616,0.08836113952317497
TCGA-FG-5965-01B,scdc_ensemble,0.5574305126227166,0.0,0.0,0.0,0.0,0.2849747742168371,0.06606680688654593,0.09152790627390037
TCGA-FG-6688-01A,scdc_ensemble,0.21502893535735693,0.08193925003528135,0.0,0.0,0.0,0.1849189867121982,0.30437245902255067,0.21374036887261294
TCGA-FG-6689-01A,scdc_ensemble,0.4094905280483522,0.0,0.0,0.0,0.0,0.09706148196140181,0.21182946243281836,0.2816185275574276
TCGA-FG-6690-01A,scdc_ensemble,0.663770261091145,0.004145540587019915,0.0,0.0,0.0,0.0735927477562347,0.06317190508305431,0.19531954548254613
TCGA-FG-6691-01A,scdc_ensemble,0.4686641505171232,0.11809896281792266,0.0,0.0,0.0,0.2413263002116031,0.058046636594663296,0.11386394985868778
TCGA-FG-6692-01A,scdc_ensemble,0.48378448420186254,0.0,0.0,0.0,0.0,0.5027961639897045,0.010248475588540307,0.003170876219892565
TCGA-FG-7634-01A,scdc_ensemble,0.2851100075894785,0.021614443598263623,0.0,0.0,0.0,0.5123992589816148,0.16559638767481716,0.015279902155825914
TCGA-FG-7636-01A,scdc_ensemble,0.6216807379787154,0.0,0.0,0.0,0.0,0.06949953759418895,0.17913896043865882,0.12968076398843686
TCGA-FG-7638-01B,scdc_ensemble,0.33628304048897073,0.0,0.0,0.0,0.0,0.20960628438866485,0.17953746811639065,0.2745732070059739
TCGA-FG-7641-01B,scdc_ensemble,0.4800260785616342,0.0,0.0,0.0,0.0,0.07024318496356785,0.30323276766947665,0.14649796880532123
TCGA-FG-7643-01A,scdc_ensemble,0.1549540816344753,0.0,0.0,0.0,0.0,0.2913266362307035,0.30497424726411626,0.24874503487070487
TCGA-FG-8181-01A,scdc_ensemble,0.25457866201622004,0.0,0.0,0.0,0.0,0.3348063685455305,0.04925629887357153,0.361358670564678
TCGA-FG-8182-01A,scdc_ensemble,0.4372662273305693,0.00661774987287711,0.0,0.0,0.0,0.12355537654820556,0.347449498743058,0.08511114750529004
TCGA-FG-8185-01A,scdc_ensemble,0.6101883226032865,0.0,0.0,0.0,0.0,0.2918288170693417,0.0418501792323562,0.056132681095015714
TCGA-FG-8186-01A,scdc_ensemble,0.6132896542645455,0.014556264794432394,0.0,0.0,0.0,0.14504913578523665,0.12318034983527615,0.1039245953205093
TCGA-FG-8187-01A,scdc_ensemble,0.1488614575504891,0.0,0.0,0.0,0.0,0.10438346597381365,0.4240911921507765,0.3226638843249206
TCGA-FG-8188-01A,scdc_ensemble,0.2554403947443848,0.0,0.0,0.0,0.0,0.29271540259736284,0.2882131175193455,0.163631085138907
TCGA-FG-8191-01A,scdc_ensemble,0.3358517280019416,0.00019188256320986223,0.0,0.0,0.0,0.09335835172083547,0.38324091440948016,0.1873571233045329
TCGA-FG-A4MT-01A,scdc_ensemble,0.6267201613492279,0.0,0.0,0.0,0.0,0.3127888862478636,0.05004480522035193,0.010446147182556577
TCGA-FG-A4MT-02A,scdc_ensemble,0.5479086842992648,0.0,0.0,0.0,0.0,0.14788711316703426,0.1645401162778109,0.13966408625588994
TCGA-FG-A4MW-01A,scdc_ensemble,0.3781352765095783,0.0,0.0,0.0,0.0,0.36542118522840755,0.21696296304118742,0.03948057522082675
TCGA-FG-A4MX-01A,scdc_ensemble,0.4797439391602603,0.0,0.0,0.0,0.0,0.4713293666901894,0.010815336648240902,0.038111357501309416
TCGA-FG-A4MY-01A,scdc_ensemble,0.26100862491582993,0.0,0.0,0.0,0.0,0.18017976942357142,0.4063628789432611,0.15244872671733756
TCGA-FG-A60J-01A,scdc_ensemble,0.5272838752800428,0.0,0.0,0.0,0.0,0.03976024179913927,0.15059931256669956,0.2823565703541183
TCGA-FG-A60K-01A,scdc_ensemble,0.5689533645692291,0.0,0.0,0.0,0.0,0.10931265583534037,0.1236780044432717,0.19805597515215884
TCGA-FG-A60L-01A,scdc_ensemble,0.32522125588729084,0.06690439560225214,0.0,0.0,0.0,0.21787666543132422,0.2755462969557014,0.1144513861234315
TCGA-FG-A6IZ-01A,scdc_ensemble,0.6725544131694864,0.0,0.0,0.0,0.0,0.20029069836426858,0.05751409046582744,0.06964079800041754
TCGA-FG-A6J1-01A,scdc_ensemble,0.5295043722326704,0.0,0.0,0.0,0.0,0.3538013769027447,0.030664208759699062,0.08603004210488581
TCGA-FG-A6J3-01A,scdc_ensemble,0.2739726420864627,0.13575651313778245,0.0,0.0,0.0,0.40377929796413853,0.18649154681161637,0.0
TCGA-FG-A70Y-01A,scdc_ensemble,0.35328599056521187,0.015748088921082988,0.0,0.0,0.0,0.20308095721817096,0.2674283517064283,0.1604566115891059
TCGA-FG-A70Z-01A,scdc_ensemble,0.4228449717294021,0.01670029979882697,0.0,0.0,0.0,0.4842604642337951,0.025826676996571707,0.05036758724140395
TCGA-FG-A710-01A,scdc_ensemble,0.6367871612132738,0.058645972169938915,0.0,0.0,0.0,0.21412859939555196,0.05059929578629811,0.03983897143493723
TCGA-FG-A711-01A,scdc_ensemble,0.45061355170204503,0.0,0.0,0.0,0.0,0.1621092703158745,0.10181779886813273,0.28545937911394775
TCGA-FG-A713-01A,scdc_ensemble,0.32784572177753163,0.0,0.0,0.0,0.0,0.2091523179555432,0.29587414844131976,0.16712781182560535
TCGA-FG-A87N-01A,scdc_ensemble,0.5796603153896085,0.0005645708776675825,0.0,0.0,0.0,0.3494719904976474,0.07030312323507658,0.0
TCGA-FG-A87Q-01A,scdc_ensemble,0.1755849495841701,0.05075812255821667,0.0,0.0,0.0,0.30527189747076144,0.2747255194435336,0.19365951094331824
TCGA-FN-7833-01A,scdc_ensemble,0.41591108368922325,0.1361304567339438,0.0,0.0,0.0,0.15479004252531514,0.05812803715405759,0.23504037989746007
TCGA-HT-7467-01A,scdc_ensemble,0.12529790217457942,0.0,0.0,0.0,0.0,0.18455906233752245,0.539343042309691,0.150799993178207
TCGA-HT-7468-01A,scdc_ensemble,0.5938577824707941,0.0,0.0,0.0,0.0,0.2152058868841718,0.10294775114745687,0.08798857949757728
TCGA-HT-7469-01A,scdc_ensemble,0.6210967482418284,0.0,0.0,0.0,0.0,0.23675377378412793,0.05307852330981007,0.08907095466423358
TCGA-HT-7470-01A,scdc_ensemble,0.38482241510984844,0.0,0.0,0.0,0.0,0.1625819951594543,0.3357046425069528,0.11689094722374448
TCGA-HT-7471-01A,scdc_ensemble,0.580115528167946,0.01160544260438491,0.0,0.0,0.0,0.3213667793414241,0.061176076082354786,0.025736173803890334
TCGA-HT-7472-01A,scdc_ensemble,0.5225715291495359,0.009480947867749785,0.0,0.0,0.0,0.1167261157944842,0.20731888400754803,0.14390252318068214
TCGA-HT-7473-01A,scdc_ensemble,0.3960088905502289,0.16196170646429406,0.0,0.0,0.0,0.14751842409505492,0.09466864995015212,0.19984232894027007
TCGA-HT-7474-01A,scdc_ensemble,0.28992888960977325,0.0,0.0,0.0,0.0,0.1317895193723227,0.28359090200628295,0.29469068901162104
TCGA-HT-7475-01A,scdc_ensemble,0.49630458935887783,0.0,0.0,0.0,0.0,0.19123553953854355,0.18086627457513063,0.131593596527448
TCGA-HT-7476-01A,scdc_ensemble,0.2811291335574651,0.0,0.0,0.0,0.0,0.5355770607682246,0.06260182410383942,0.12069198157047073
TCGA-HT-7477-01B,scdc_ensemble,0.42126901959580687,0.0,0.0,0.0,0.0,0.5204811004964357,0.058051212127387675,0.00019866778036968193
TCGA-HT-7478-01A,scdc_ensemble,0.49223046119277775,0.12813835970907622,0.0,0.0,0.0,0.21627025160226457,0.055387704948265275,0.10797322254761628
TCGA-HT-7479-01A,scdc_ensemble,0.1779179426054902,0.0019046399496888118,0.0,0.0,0.0,0.14932043695926803,0.4235336663000659,0.24732331418548706
TCGA-HT-7480-01A,scdc_ensemble,0.5599275694757909,0.0,0.0,0.0,0.0,0.17291849089782,0.15790128611324744,0.1092526535131417
TCGA-HT-7481-01A,scdc_ensemble,0.1991100471460221,0.0,0.0,0.0,0.0,0.14545251889561994,0.42873647370611817,0.22670096025223987
TCGA-HT-7482-01A,scdc_ensemble,0.2936348216038751,0.0027386013241239423,0.0,0.0,0.0,0.05472604815626141,0.3943479210259402,0.25455260788979933
TCGA-HT-7483-01A,scdc_ensemble,0.46819875790783827,0.0,0.0,0.0,0.0,0.46489521731193123,0.024356344182697887,0.04254968059753266
TCGA-HT-7485-01A,scdc_ensemble,0.2717917479454462,0.0,0.0,0.0,0.0,0.01903441227199929,0.26737586214968656,0.44179797763286793
TCGA-HT-7601-01A,scdc_ensemble,0.2746539623036455,0.14271964111177488,0.0,0.0,0.0,0.17941710749711062,0.30554342905614096,0.09766586003132813
TCGA-HT-7602-01A,scdc_ensemble,0.07003926094252139,0.0,0.0,0.0,0.0,0.10252583053740771,0.41897609457601287,0.40845881394405803
TCGA-HT-7603-01A,scdc_ensemble,0.35186606391066555,0.0,0.0,0.0,0.0,0.09558534167229445,0.2479383394386497,0.3046102549783902
TCGA-HT-7604-01A,scdc_ensemble,0.7604783778356828,0.0,0.0,0.0,0.0,0.11738932916715739,0.06719425982877332,0.054938033168386365
TCGA-HT-7605-01A,scdc_ensemble,0.32871389944647844,0.0,0.0,0.0,0.0,0.07036533935564614,0.3139970939084862,0.28692366728938923
TCGA-HT-7606-01A,scdc_ensemble,0.5280473560126387,0.0,0.0,0.0,0.0,0.3732720112559472,0.09868063273141402,0.0
TCGA-HT-7607-01A,scdc_ensemble,0.27871814759042673,0.0,0.0,0.0,0.0,0.21838135644589876,0.19290963365209038,0.3099908623115842
TCGA-HT-7609-01A,scdc_ensemble,0.6018815398883071,0.014944253375142436,0.0,0.0,0.0,0.1738730296955776,0.10909076926843483,0.10021040777253803
TCGA-HT-7610-01A,scdc_ensemble,0.5733124416535559,0.0,0.0,0.0,0.0,0.08390250081172304,0.18413058858194412,0.15865446895277682
TCGA-HT-7611-01A,scdc_ensemble,0.5225683990054462,0.013465656632010176,0.0,0.0,0.0,0.11339671246416427,0.16828816948745035,0.18228106241092895
TCGA-HT-7616-01A,scdc_ensemble,0.33517129189019595,0.002226324763417116,0.0,0.0,0.0004924106491971244,0.5922935514960054,0.029957214889746918,0.03985920631143752
TCGA-HT-7620-01A,scdc_ensemble,0.11962111864193319,0.0,0.0,0.0,0.0,0.08552334533759395,0.5918581361378435,0.20299739988262933
TCGA-HT-7676-01A,scdc_ensemble,0.5714965676621476,0.07822741923964899,0.0,0.0,0.0,0.11889971377939224,0.12490839545347837,0.10646790386533278
TCGA-HT-7677-01A,scdc_ensemble,0.48349516047803875,0.0,0.0,0.0,0.0,0.23858508031694928,0.20894823608369772,0.06897152312131423
TCGA-HT-7680-01A,scdc_ensemble,0.25428706807114354,0.02993305285796346,0.0,0.0,0.0,0.13882716857202643,0.021800110284233853,0.5551526002146325
TCGA-HT-7681-01A,scdc_ensemble,0.46331050548305325,0.0,0.0,0.0,0.0,0.20026495042649423,0.1715614298411926,0.16486311424925995
TCGA-HT-7684-01A,scdc_ensemble,0.29831305129352564,0.031960173710600594,0.0,0.0,0.0,0.34147544339645575,0.09494744452819161,0.23330388707122626
TCGA-HT-7686-01A,scdc_ensemble,0.40218211423890526,0.16033974440375498,0.0,0.0,0.0,0.1905298916410906,0.11132185980108074,0.1356263899151685
TCGA-HT-7687-01A,scdc_ensemble,0.4586129163501131,0.0,0.0,0.0,0.0,0.3605977265115029,0.14330091656160826,0.03748844057677562
TCGA-HT-7688-01A,scdc_ensemble,0.4749984243289973,0.0,0.0,0.0,0.0,0.1359653385452828,0.1991073073357428,0.18992892978997708
TCGA-HT-7689-01A,scdc_ensemble,0.3412807613062815,0.0,0.0,0.0,0.0,0.04842476918649285,0.42312118343192207,0.18717328607530365
TCGA-HT-7690-01A,scdc_ensemble,0.43673588741729696,0.06078886427079373,0.0,0.0,0.0,0.341865238207677,0.11311775797224953,0.047492252131982736
TCGA-HT-7691-01A,scdc_ensemble,0.2643316513456153,0.04197813488133011,0.0,0.0,0.0,0.3707848021389093,0.008352886841159285,0.31455252479298584
TCGA-HT-7692-01A,scdc_ensemble,0.66806376127314,0.0,0.0,0.0,0.0,0.1554837482752767,0.11123468481534546,0.06521780563623786
TCGA-HT-7693-01A,scdc_ensemble,0.4291762826017436,0.10718641023665243,0.0,0.0,0.0,0.4197271091387767,0.012541559912993206,0.03136863810983411
TCGA-HT-7694-01A,scdc_ensemble,0.24402339938168863,0.0,0.0,0.0,0.0,0.18997917316394833,0.28285590502608243,0.2831415224282806
TCGA-HT-7695-01A,scdc_ensemble,0.47312201283646255,0.0,0.0,0.0,0.0,0.09900189479655563,0.26485459917856224,0.16302149318841955
TCGA-HT-7854-01A,scdc_ensemble,0.16413108426494372,0.037990104473547406,0.0,0.0,0.0,0.21463962597120373,0.13911325199609453,0.44412593329421074
TCGA-HT-7855-01A,scdc_ensemble,0.5224598192229089,0.0,0.0,0.0,0.0,0.4282913683431931,0.016139938314265526,0.03310887411963247
TCGA-HT-7856-01A,scdc_ensemble,0.2781258709544135,0.0,0.0,0.0,0.0,0.22896233597282015,0.2517804682623631,0.2411313248104032
TCGA-HT-7857-01A,scdc_ensemble,0.16047692741380648,0.26982219460815415,0.0,0.0,0.0,0.5324750996645039,0.03417748961591433,0.0030482886976211498
TCGA-HT-7858-01A,scdc_ensemble,0.38521449867526325,0.03831210044144564,0.0,0.0,0.0,0.13655612084757135,0.36665351684368214,0.07326376319203765
TCGA-HT-7860-01A,scdc_ensemble,0.28111689343915736,0.024143719243394233,0.0,0.0,0.0,0.44579233952433,0.00541673246581366,0.24353031532730476
TCGA-HT-7873-01B,scdc_ensemble,0.4701669951275778,0.0,0.0,0.0,0.0,0.23517906393984328,0.21249620269779296,0.08215773823478596
TCGA-HT-7874-01A,scdc_ensemble,0.2539399593225133,0.0,0.0,0.0,0.0,0.1962822786776027,0.22399767124019931,0.32578009075968467
TCGA-HT-7875-01A,scdc_ensemble,0.6046951956271425,0.0,0.0,0.0,0.0,0.16219561637745483,0.0725183023408865,0.16059088565451618
TCGA-HT-7877-01A,scdc_ensemble,0.34699392211924485,0.0,0.0,0.0,0.0,0.2482230170811085,0.21993045439132983,0.18485260640831674
TCGA-HT-7879-01A,scdc_ensemble,0.3994237928721955,0.0,0.0,0.0,0.0,0.34311711673924356,0.13659704798048874,0.12086204240807212
TCGA-HT-7880-01A,scdc_ensemble,0.18016813795585776,0.0,0.0,0.0,0.0,0.18569558600002764,0.2782427521992592,0.35589352384485545
TCGA-HT-7881-01A,scdc_ensemble,0.14414282019563476,0.0,0.0,0.0,0.0,0.07499322645697337,0.47108829239938355,0.3097756609480084
TCGA-HT-7882-01A,scdc_ensemble,0.08392683139374728,0.18659391670613285,0.0,0.0,0.0,0.7027361603879618,0.006183640027310159,0.020559451484847925
TCGA-HT-7884-01B,scdc_ensemble,0.3421851413590737,0.0,0.0,0.0,0.0,0.10700610876612383,0.32747508074301995,0.22333366913178246
TCGA-HT-7902-01A,scdc_ensemble,0.07922624257239724,0.0,0.0,0.0,0.0,0.1457193688172232,0.6297749459710466,0.14527944263933296
TCGA-HT-8010-01A,scdc_ensemble,0.19487387787407898,0.0,0.0,0.0,0.0,0.16923846714121688,0.09078723909766219,0.545100415887042
TCGA-HT-8011-01A,scdc_ensemble,0.4796399927970384,0.0,0.0,0.0,0.0,0.49722735460973433,0.016042854018066488,0.007089798575160869
TCGA-HT-8012-01A,scdc_ensemble,0.556948401607573,0.0,0.0,0.0,0.0,0.3587844508999994,0.06497050606511384,0.01929664142731378
TCGA-HT-8013-01A,scdc_ensemble,0.4319004327316724,0.24056472320103686,0.0,0.0,0.0,0.1624113808727242,0.10742812045054165,0.05769534274402499
TCGA-HT-8015-01B,scdc_ensemble,0.3272109604362302,0.0,0.0,0.0,0.0,0.14207038556901547,0.24220717247347134,0.2885114815212829
TCGA-HT-8018-01A,scdc_ensemble,0.31042040357675044,0.02896519906195464,0.0,0.0,0.0,0.46548349969548625,0.031828478061482104,0.16330241960432657
TCGA-HT-8104-01A,scdc_ensemble,0.28229841218332824,0.0,0.0,0.0,0.0,0.4430630033773964,0.13783093359349882,0.1368076508457766
TCGA-HT-8105-01A,scdc_ensemble,0.3592695638829079,0.0,0.0,0.0,0.0,0.5186939641564493,0.04804429068333948,0.07399218127730325
TCGA-HT-8106-01A,scdc_ensemble,0.059524671150095874,0.15914819527910973,1.3880493942105234e-05,0.0,0.6193123881164172,0.08336091321512928,0.06854340393704267,0.010096547808263122
TCGA-HT-8107-01A,scdc_ensemble,0.09961023930973688,0.0,0.0,0.0,0.0,0.27164370342712135,0.2817741997671505,0.3469718574959913
TCGA-HT-8108-01A,scdc_ensemble,0.5929281838932314,0.03499242289401987,0.0,0.0,0.0,0.23476190928971724,0.08379699098834746,0.05352049293468405
TCGA-HT-8109-01A,scdc_ensemble,0.3669378316209325,0.0,0.0,0.0,0.0,0.1433928708739733,0.292779011942697,0.19689028556239732
TCGA-HT-8110-01A,scdc_ensemble,0.3591027500952522,0.21737869488591233,0.0,0.0,0.0,0.15969629181957917,0.05835626791560211,0.20546599528365414
TCGA-HT-8111-01A,scdc_ensemble,0.24852063223888723,8.694158897683538e-05,0.0,0.0,0.0,0.07064972248373573,0.3876669683161743,0.29307573537222587
TCGA-HT-8113-01A,scdc_ensemble,0.2767346647762101,0.0,0.0,0.0,0.0,0.22165647121964258,0.1927660700865275,0.3088427939176198
TCGA-HT-8114-01A,scdc_ensemble,0.5557252516949761,0.038325720827605554,0.0,0.0,0.0,0.28038069012602324,0.03635779292586427,0.08921054442553089
TCGA-HT-8563-01A,scdc_ensemble,0.1672940270879636,0.42007410058081474,0.0,0.0,0.0,0.38797357817746764,0.007007197249265279,0.01765109690448869
TCGA-HT-8564-01A,scdc_ensemble,0.48927627651725536,0.0,0.0,0.0,0.0,0.23087595407238196,0.13613043650190318,0.14371733290845956
TCGA-HT-A4DS-01A,scdc_ensemble,0.6017439408999491,0.12150402294688752,0.0,0.0,0.0,0.1752983214207349,0.025083750701730682,0.07636996403069779
TCGA-HT-A5R5-01A,scdc_ensemble,0.402625347545687,0.03522531547198917,0.0,0.0,0.0,0.14416818357130212,0.05450815119642864,0.36347300221459306
TCGA-HT-A5R7-01A,scdc_ensemble,0.38935825451369915,0.0,0.0,0.0,0.0,0.14422347276914738,0.20559798925066466,0.2608202834664888
TCGA-HT-A5R9-01A,scdc_ensemble,0.4593225616586358,0.0,0.0,0.0,0.0,0.4866345622484976,0.015562032266734865,0.038480843826131844
TCGA-HT-A5RA-01A,scdc_ensemble,0.38179160429091435,0.0,0.0,0.0,0.0,0.5605497861678674,0.0,0.057658609541218216
TCGA-HT-A5RB-01A,scdc_ensemble,0.5159734946075958,0.0,0.0,0.0,0.0,0.25178286124762017,0.10519080970561763,0.1270528344391663
TCGA-HT-A5RC-01A,scdc_ensemble,0.4398951071466698,0.006071087799596062,0.0,0.0,0.0,0.41241829895745946,0.09312583443624536,0.04848967166002942
TCGA-HT-A614-01A,scdc_ensemble,0.3377819743910601,0.0,0.0,0.0,0.0,0.10433350267800134,0.375140754399667,0.18274376853127156
TCGA-HT-A615-01A,scdc_ensemble,0.5692268544347948,0.013554401906876326,0.0,0.0,0.0,0.10725815035753332,0.1929275956521044,0.11703299764869107
TCGA-HT-A616-01A,scdc_ensemble,0.5232049465220528,0.0,0.0,0.0,0.0,0.21254218619421075,0.06619354492459771,0.19805932235913876
TCGA-HT-A617-01A,scdc_ensemble,0.33315329584324155,0.07056243677213023,0.0,0.0,0.0,0.18851167013735046,0.09170046631704686,0.3160721309302309
TCGA-HT-A618-01A,scdc_ensemble,0.41501898603348436,0.11214895563271304,0.0,0.0,0.0,0.22475737011645586,0.09286403165671898,0.15521065656062769
TCGA-HT-A61C-01A,scdc_ensemble,0.503522832673763,0.06942212512424654,0.0,0.0,0.0,0.3264721294951125,0.10058291270687804,0.0
TCGA-HT-A74H-01A,scdc_ensemble,0.18117768438535384,0.0223792537646234,0.0,0.0,0.0,0.18360515357695312,0.31569893642371316,0.2971389718493566
TCGA-HT-A74J-01A,scdc_ensemble,0.6377633443216616,0.0,0.0,0.0,0.0,0.1606087240993519,0.09284181620661512,0.10878611537237141
TCGA-HT-A74K-01A,scdc_ensemble,0.3391817633692638,0.0,0.0,0.0,0.0,0.48269458640374646,0.17153745330619213,0.0065861969207975015
TCGA-HT-A74L-01A,scdc_ensemble,0.6015726965107735,0.0,0.0,0.0,0.0,0.2034149593238851,0.13978535450412485,0.05522698966121658
TCGA-HT-A74O-01A,scdc_ensemble,0.4260581261600993,0.1403975069581496,0.0,0.0,0.0,0.293133189886021,0.13576777611294802,0.004643400882781997
TCGA-HW-7486-01A,scdc_ensemble,0.15861346699843473,0.0,0.0,0.0,0.0,0.12190401352241476,0.6145906523353599,0.10489186714379074
TCGA-HW-7487-01A,scdc_ensemble,0.41528848409162633,0.0,0.0,0.0,0.0,0.1840201754085227,0.23721034808324162,0.1634809924166094
TCGA-HW-7489-01A,scdc_ensemble,0.4894213419151568,0.0,0.0,0.0,0.0,0.10455792039010547,0.13418595328254418,0.2718347844121935
TCGA-HW-7490-01A,scdc_ensemble,0.41087151515264514,0.0,0.0,0.0,0.0,0.4869092967755509,0.03129248466191651,0.07092670340988744
TCGA-HW-7491-01A,scdc_ensemble,0.41482414156751846,0.0,0.0,0.0,0.0,0.45708997040107263,0.1280858880314089,0.0
TCGA-HW-7493-01A,scdc_ensemble,0.48284220855816445,0.0,0.0,0.0,0.0,0.19697929799811212,0.05098862839737928,0.26918986504634407
TCGA-HW-7495-01A,scdc_ensemble,0.26346314772048196,0.0,0.0,0.0,0.0,0.17561718561953057,0.37629413534113976,0.18462553131884757
TCGA-HW-8319-01A,scdc_ensemble,0.6573508006562272,0.0,0.0,0.0,0.0,0.09887115105886948,0.12358519146768311,0.12019285681722008
TCGA-HW-8320-01A,scdc_ensemble,0.6525421380807533,0.0003330986188581337,0.0,0.0,0.0,0.1990945412914565,0.04046303177868802,0.10756719023024407
TCGA-HW-8321-01A,scdc_ensemble,0.4330458970956246,0.0,0.0,0.0,0.0,0.37832175019043907,0.143928765594933,0.0447035871190033
TCGA-HW-8322-01A,scdc_ensemble,0.6072204500677478,0.0,0.0,0.0,0.0,0.17179704661419512,0.1804882031307591,0.04049430018729789
TCGA-HW-A5KJ-01A,scdc_ensemble,0.30471624333699604,0.0,0.0,0.0,0.0,0.6332448052512133,0.027128451729871703,0.03491049968191897
TCGA-HW-A5KK-01A,scdc_ensemble,0.2404861798573226,0.0914185049538265,0.0,0.0,0.0,0.11090739235637774,0.4346234459963843,0.12256447683608883
TCGA-HW-A5KL-01A,scdc_ensemble,0.45624530150543735,0.0,0.0,0.0,0.0,0.21600299324418193,0.1606094890823909,0.16714221616798983
TCGA-HW-A5KM-01A,scdc_ensemble,0.5249312201375139,0.257747463964156,0.0,0.0,0.0,0.14943386820440613,0.028275695577143368,0.03961175211678071
TCGA-IK-7675-01A,scdc_ensemble,0.5102297063647548,0.0,0.0,0.0,0.0,0.37138797445991517,0.11480777345787464,0.0035745457174553184
TCGA-IK-8125-01A,scdc_ensemble,0.5671753291450682,0.0,0.0,0.0,0.0,0.2308313730752821,0.07066706330870176,0.13132623447094804
TCGA-KT-A74X-01A,scdc_ensemble,0.4556024144734344,0.0,0.0,0.0,0.0,0.3354627174323103,0.16893492905838733,0.039999939035868015
TCGA-KT-A7W1-01A,scdc_ensemble,0.5152119705342533,0.0,0.0,0.0,0.0,0.47958285602982764,0.0,0.005205173435919212
TCGA-P5-A5ET-01A,scdc_ensemble,0.3690234156111691,0.0,0.0,0.0,0.0,0.09795765398370086,0.3127160645251263,0.22030286588000375
TCGA-P5-A5EU-01A,scdc_ensemble,0.48665415764078784,0.0939186947907993,0.0,0.0,0.0,0.406429194476342,0.01299795309207083,0.0
TCGA-P5-A5EV-01A,scdc_ensemble,0.5507133223021081,0.0,0.0,0.0,0.0,0.3040849273482715,0.06718631443781986,0.07801543591180055
TCGA-P5-A5EW-01A,scdc_ensemble,0.47895903570951925,0.0,0.0,0.0,0.0,0.04727303580203251,0.11348635260290804,0.3602815758855403
TCGA-P5-A5EX-01A,scdc_ensemble,0.2005515122173202,0.057929360873993974,0.0,0.0,0.038986412347162804,0.47750028503008574,0.011153444052269331,0.21387898547916803
TCGA-P5-A5EY-01A,scdc_ensemble,0.23903259905880356,0.0,0.0,0.0,0.0,0.15482236161977894,0.05156380008458067,0.5545812392368368
TCGA-P5-A5EZ-01A,scdc_ensemble,0.2885671563478956,6.811881946412214e-05,0.0,0.0,0.0,0.30171858545950847,0.350268522607055,0.05937761676607686
TCGA-P5-A5F0-01A,scdc_ensemble,0.689879809813527,0.0,0.0,0.0,0.0,0.110166010313903,0.07581121664103624,0.12414296323153365
TCGA-P5-A5F1-01A,scdc_ensemble,0.24321975468965806,0.0,0.0,0.0,0.0,0.23938806537395035,0.09732899947215369,0.4200631804642379
TCGA-P5-A5F2-01A,scdc_ensemble,0.3674962672821874,0.0,0.0,0.0,0.0,0.11070074835171148,0.1632970163608534,0.35850596800524764
TCGA-P5-A5F4-01A,scdc_ensemble,0.4207024227662964,0.0,0.0,0.0,0.0,0.23486806261339208,0.13770514758425098,0.20672436703606054
TCGA-P5-A5F6-01A,scdc_ensemble,0.023844005543448028,0.04777315835825699,0.0,0.0,0.00010144227024509541,0.8774373511169435,0.006723957762284891,0.0441200849488215
TCGA-P5-A72U-01A,scdc_ensemble,0.23771719895436363,0.016809753283432642,0.0,0.0,0.0,0.6521593741125248,0.00010655479061300303,0.09320711885906591
TCGA-P5-A72W-01A,scdc_ensemble,0.6862033914964241,0.0,0.0,0.0,0.0,0.14145903974827267,0.12388297278068772,0.04845459597461563
TCGA-P5-A72X-01A,scdc_ensemble,0.2656041360944237,0.0,0.0,0.0,0.0,0.47310860514227354,0.0314016110438769,0.22988564771942588
TCGA-P5-A72Z-01A,scdc_ensemble,0.3588853297719568,0.0,0.0,0.0,0.0,0.513093577114324,0.12802109311371923,0.0
TCGA-P5-A730-01A,scdc_ensemble,0.2668651533131979,0.0,0.0,0.0,0.0,0.4300007167596636,0.2719600344346325,0.031174095492506063
TCGA-P5-A731-01A,scdc_ensemble,0.4617970983092524,0.0,0.0,0.0,0.0,0.3559865220102488,0.06688565691639,0.11533072276410884
TCGA-P5-A733-01A,scdc_ensemble,0.3189107219320607,0.0,0.0,0.0,0.0,0.26880190701282136,0.044772541769264707,0.3675148292858533
TCGA-P5-A735-01A,scdc_ensemble,0.6357496552035865,0.0,0.0,0.0,0.0,0.009001313734911203,0.21391470338678795,0.14133432767471424
TCGA-P5-A736-01A,scdc_ensemble,0.29621880828506447,0.06024256602727983,0.0,0.0,0.0,0.17930804338280396,0.07965733998304461,0.3845732423218072
TCGA-P5-A737-01A,scdc_ensemble,0.7317134529071938,0.0,0.0,0.0,0.0,0.13133561933468302,0.10389626033180606,0.03305466742631715
TCGA-P5-A77W-01A,scdc_ensemble,0.34807825805419657,0.0,0.0,0.0,0.0,0.5240392265535203,0.1116824891575764,0.016200026234706736
TCGA-P5-A77X-01A,scdc_ensemble,0.5677375644947923,0.0,0.0,0.0,0.0,0.08471083091743592,0.12136339629958914,0.22618820828818262
TCGA-P5-A780-01A,scdc_ensemble,0.3722053641828744,0.004462787206209251,0.0,0.0,0.0,0.3168293074685781,0.2781193045159767,0.028383236626361594
TCGA-P5-A781-01A,scdc_ensemble,0.33125523980302496,0.0,0.0,0.0,0.0,0.16799391922099616,0.2447270148724173,0.25602382610356156
TCGA-QH-A65R-01A,scdc_ensemble,0.341160321282507,0.0,0.0,0.0,0.0,0.5870725830785708,0.045766236782518406,0.026000858856403887
TCGA-QH-A65S-01A,scdc_ensemble,0.31130966900105767,0.0,0.0,0.0,0.0,0.15551344206642465,0.34409515831944104,0.18908173061307665
TCGA-QH-A65V-01A,scdc_ensemble,0.22322445918345102,0.0,0.0,0.0,0.0,0.1171421371545858,0.41528525993377285,0.24434814372819036
TCGA-QH-A65X-01A,scdc_ensemble,0.2666112786733061,0.0,0.0,0.0,0.0,0.7140853274878844,0.019303393838809375,0.0
TCGA-QH-A65Z-01A,scdc_ensemble,0.4694100482244796,0.0,0.0,0.0,0.0,0.2053865000810709,0.17721489670715657,0.14798855498729283
TCGA-QH-A6CS-01A,scdc_ensemble,0.10772413099695753,0.0,0.0,0.0,0.0,0.13750712984767974,0.44491665279472187,0.3098520863606408
TCGA-QH-A6CU-01A,scdc_ensemble,0.16676142511066513,0.0,0.0,0.0,0.0,0.12289457810045283,0.3382250466594255,0.37211895012945645
TCGA-QH-A6CV-01A,scdc_ensemble,0.3583082881019431,0.07352976621017968,0.0,0.0,0.0,0.4409335145516505,0.09699946215675605,0.030228968979470573
TCGA-QH-A6CW-01A,scdc_ensemble,0.641203877413072,0.015460497533264679,0.0,0.0,0.0,0.15687474202740836,0.06435159033340031,0.12210929269285466
TCGA-QH-A6CX-01A,scdc_ensemble,0.2287832043415515,0.01255820941514903,0.0,0.0,0.0,0.20875139879751564,0.32708623687113964,0.22282095057464418
TCGA-QH-A6CY-01A,scdc_ensemble,0.3821831594366966,0.0,0.0,0.0,0.0,0.09176964647349108,0.36724022972387244,0.15880696436593972
TCGA-QH-A6CZ-01A,scdc_ensemble,0.6927869236955789,0.0,0.0,0.0,0.0,0.12656715884209122,0.13456294011157324,0.046082977350756685
TCGA-QH-A6X3-01A,scdc_ensemble,0.5390415763413234,0.0,0.0,0.0,0.0,0.1997500227669397,0.13718155657561754,0.12402684431611918
TCGA-QH-A6X4-01A,scdc_ensemble,0.46425402950146283,0.0,0.0,0.0,0.0,0.15470746778994784,0.3809737398452946,6.476286329471759e-05
TCGA-QH-A6X5-01A,scdc_ensemble,0.16806255022722955,0.0,0.0,0.0,0.0,0.14196098035821572,0.4134841795900697,0.2764922898244849
TCGA-QH-A6X8-01A,scdc_ensemble,0.4655552217619647,0.0,0.0,0.0,0.0,0.2107466620905305,0.2959742025120552,0.02772391363544968
TCGA-QH-A6X9-01A,scdc_ensemble,0.7116974235128843,0.0,0.0,0.0,0.0,0.14033076351831664,0.074183981423887,0.07378783154491199
TCGA-QH-A6XA-01A,scdc_ensemble,0.4271869707808237,0.0,0.0,0.0,0.0,0.07939260938049457,0.25181138457310953,0.2416090352655723
TCGA-QH-A6XC-01A,scdc_ensemble,0.5367200153653604,0.0,0.0,0.0,0.0,0.25248346790325304,0.16278609194888427,0.04801042478250225
TCGA-QH-A86X-01A,scdc_ensemble,0.6849181589717834,0.0,0.0,0.0,0.0,0.12571704849580123,0.05598571768876871,0.13337907484364672
TCGA-QH-A870-01A,scdc_ensemble,0.2531923205476562,0.0,0.0,0.0,0.0,0.15013789442353154,0.09982634284255347,0.49684344218625864
TCGA-R8-A6MK-01A,scdc_ensemble,0.2939591063205552,0.0,0.0,0.0,0.0,0.09904876283094438,0.17225714213649834,0.4347349887120021
TCGA-R8-A6ML-01A,scdc_ensemble,0.5016788217591323,0.0,0.0,0.0,0.0,0.19562690229692759,0.18434407729429622,0.11835019864964398
TCGA-R8-A6MO-01A,scdc_ensemble,0.26796205207155127,0.0,0.0,0.0,0.0,0.3456530118079974,0.3522073385697507,0.03417759755070071
TCGA-R8-A6YH-01A,scdc_ensemble,0.7731369669047063,0.0,0.0,0.0,0.0,0.1746559972546855,0.018954467939282942,0.033252567901325275
TCGA-RY-A83X-01A,scdc_ensemble,0.33692755368540345,0.0,0.0,0.0,0.0,0.23193786643177836,0.2937868155540392,0.1373477643287789
TCGA-RY-A83Y-01A,scdc_ensemble,0.5204467483298618,0.0,0.0,0.0,0.0,0.364883924460753,0.076456354172928,0.038212973036457154
TCGA-RY-A83Z-01A,scdc_ensemble,0.7135055515761975,0.014316550841781019,0.0,0.0,0.0,0.17791143749316057,0.07185222052255985,0.022414239566301068
TCGA-RY-A840-01A,scdc_ensemble,0.6763950145369939,0.0,0.0,0.0,0.0,0.24943338885195476,0.05809523387437371,0.016076362736677608
TCGA-RY-A843-01A,scdc_ensemble,0.48794777725834165,0.0,0.0,0.0,0.0,0.2480042981487787,0.08865205903116039,0.17539586556171927
TCGA-RY-A845-01A,scdc_ensemble,0.6410922215827619,0.0,0.0,0.0,0.0,0.142531627116549,0.09849007580432133,0.11788607549636777
TCGA-RY-A847-01A,scdc_ensemble,0.5001089824810528,0.0,0.0,0.0,0.0,0.3008696277465658,0.10420952063141065,0.0948118691409708
TCGA-S9-A6TS-01A,scdc_ensemble,0.47185293607383,0.00401706803718655,0.0,0.0,0.0,0.34287645345936923,0.0771127695661532,0.10414077286346109
TCGA-S9-A6TU-01A,scdc_ensemble,0.35853003115960086,0.040399301969528796,0.0,0.0,0.0,0.36709295154141725,0.19562206268231236,0.03835565264714087
TCGA-S9-A6TV-01A,scdc_ensemble,0.4544915660109244,0.17511018708291898,0.0,0.0,0.0,0.3638128652967774,0.0001739805213211493,0.006411401088057983
TCGA-S9-A6TW-01A,scdc_ensemble,0.2108563481741023,0.0,0.0,0.0,0.0,0.7452848195652814,0.03363550596909102,0.010223326291525333
TCGA-S9-A6TX-01A,scdc_ensemble,0.3358327854051897,0.0,0.0,0.0,0.0,0.3481865678602773,0.27791501319015627,0.038065633544376816
TCGA-S9-A6TY-01A,scdc_ensemble,0.5589297436684,0.0,0.0,0.0,0.0,0.11937876370641537,0.2548474784023226,0.06684401422286201
TCGA-S9-A6TZ-01A,scdc_ensemble,0.49479735960509397,0.0,0.0,0.0,0.0,0.270557168769341,0.05448710532578137,0.18015836629978368
TCGA-S9-A6U0-01A,scdc_ensemble,0.1019897629488,0.01227615387972877,0.0,0.0,0.0,0.8684947895225401,0.005330316806172084,0.01190897684275902
TCGA-S9-A6U1-01A,scdc_ensemble,0.399407385705721,0.0,0.0,0.0,0.0,0.28157195401498775,0.26810548145667584,0.05091517882261544
TCGA-S9-A6U2-01A,scdc_ensemble,0.40237572387634296,0.0,0.0,0.0,0.0,0.17362160287708442,0.03839137128105873,0.38561130196551385
TCGA-S9-A6U5-01A,scdc_ensemble,0.4763819104576076,0.0,0.0,0.0,0.0,0.14089800495886043,0.07232829741727165,0.31039178716626037
TCGA-S9-A6U6-01A,scdc_ensemble,0.6137715617659874,0.0,0.0,0.0,0.0,0.1721898739718062,0.06933414674329252,0.14470441751891394
TCGA-S9-A6U8-01A,scdc_ensemble,0.3225505358045315,0.003154487386544037,0.0,0.0,0.0,0.16000947623950026,0.31713989660039954,0.1971456039690246
TCGA-S9-A6U9-01A,scdc_ensemble,0.18343448777759558,0.04949155267748725,0.0,0.0,0.0,0.4204896815641647,0.16521918285138204,0.18136509512937038
TCGA-S9-A6UA-01A,scdc_ensemble,0.4506824309367415,0.18618028470021653,0.0,0.0,0.0,0.3188955627184091,0.04424172164463294,0.0
TCGA-S9-A6UB-01A,scdc_ensemble,0.4712137555174001,0.0,0.0,0.0,0.0,0.17852345075054868,0.31605823980607506,0.034204553925976065
TCGA-S9-A6WD-01A,scdc_ensemble,0.41906169512377256,0.0,0.0,0.0,0.0,0.14377165513194232,0.26912987619186474,0.16803677355242033
TCGA-S9-A6WE-01A,scdc_ensemble,0.5670619824201345,0.0,0.0,0.0,0.0,0.22804001264637366,0.1470666123725909,0.057831392560900925
TCGA-S9-A6WG-01A,scdc_ensemble,0.18831062135134005,0.013745694075871378,0.0,0.0,0.0,0.708105102910879,0.01393172769331152,0.07590685396859799
TCGA-S9-A6WH-01A,scdc_ensemble,0.5287666078278187,0.0,0.0,0.0,0.0,0.39174808563872743,0.06290017481771852,0.016585131715735356
TCGA-S9-A6WI-01A,scdc_ensemble,0.13129299659566887,0.0,0.0,0.0,0.0,0.25492868378158207,0.3599968207540843,0.25378149886866475
TCGA-S9-A6WL-01A,scdc_ensemble,0.30485448977048696,0.0,0.0,0.0,0.0,0.5670294356852335,0.021831308588978072,0.10628476595530155
TCGA-S9-A6WM-01A,scdc_ensemble,0.4960683199143694,0.0,0.0,0.0,0.0,0.44147366357699724,0.006335495255321233,0.056122521253312074
TCGA-S9-A6WN-01A,scdc_ensemble,0.27478175263491705,0.05453421147230309,0.0,0.0,0.0,0.6094479078021062,0.015501763005885918,0.04573436508478775
TCGA-S9-A6WO-01A,scdc_ensemble,0.5938923907334137,0.0006676986314076154,0.0,0.0,0.0,0.1006982888257931,0.10056944775550829,0.20417217405387733
TCGA-S9-A6WP-01A,scdc_ensemble,0.4059050720960786,0.0,0.0,0.0,0.0,0.36839785399354996,0.1913503679570787,0.03434670595329282
TCGA-S9-A6WQ-01A,scdc_ensemble,0.30379864560431735,0.006328381560828025,0.0,0.0,0.0,0.16277337781385645,0.38603143787030697,0.1410681571506912
TCGA-S9-A7IQ-01A,scdc_ensemble,0.43673925582496254,0.0,0.0,0.0,0.0,0.13098624990140234,0.12471933569967698,0.30755515857395804
TCGA-S9-A7IS-01A,scdc_ensemble,0.3293246827598333,0.0,0.0,0.0,0.0,0.5018839916217483,0.1687913256184183,0.0
TCGA-S9-A7IX-01A,scdc_ensemble,0.4665313077360793,0.009219084918326194,0.0,0.0,0.0,0.3916877235171935,0.06327479060360813,0.06928709322479276
TCGA-S9-A7IY-01A,scdc_ensemble,0.32203734457403255,0.0,0.0,0.0,0.0,0.18484229240758587,0.1354889957198783,0.35763136729850326
TCGA-S9-A7IZ-01A,scdc_ensemble,0.5553712301881273,0.0,0.0,0.0,0.0,0.27513683816044193,0.04820480838959343,0.12128712326183737
TCGA-S9-A7J0-01A,scdc_ensemble,0.6959325482077727,0.0,0.0,0.0,0.0,0.1966793821705932,0.10738806962163408,0.0
TCGA-S9-A7J1-01A,scdc_ensemble,0.3584104790773379,0.0,0.0,0.0,0.0,0.1273839885268285,0.30035752410297895,0.21384800829285472
TCGA-S9-A7J2-01A,scdc_ensemble,0.6556698825963874,0.0,0.0,0.0,0.0,0.27876875487531205,0.03400780992158474,0.03155355260671585
TCGA-S9-A7J3-01A,scdc_ensemble,0.4122559417688228,0.0,0.0,0.0,0.0,0.2859099674599297,0.18993775050297895,0.11189634026826847
TCGA-S9-A7QW-01A,scdc_ensemble,0.7153683195605829,0.0,0.0,0.0,0.0,0.07464234846807731,0.15494982586429654,0.05503950610704328
TCGA-S9-A7QX-01A,scdc_ensemble,0.5612836071420841,0.019570171093004393,0.0,0.0,0.0,0.25274693642761636,0.10363512134716257,0.06276416399013254
TCGA-S9-A7QY-01A,scdc_ensemble,0.23620555742066415,0.0,0.0,0.0,0.0,0.20919468862693352,0.3629987427784824,0.19160101117391992
TCGA-S9-A7QZ-01A,scdc_ensemble,0.4115612289508973,0.0,0.0,0.0,0.0,0.4124499259551621,0.10650356155512929,0.0694852835388112
TCGA-S9-A7R1-01A,scdc_ensemble,0.6386440985024446,0.0,0.0,0.0,0.0,0.22114474968594197,0.03639779067256518,0.1038133611390482
TCGA-S9-A7R2-01A,scdc_ensemble,0.1933177045929572,0.06846115629990293,0.0,0.0,0.0,0.13260092257666733,0.42946757052838086,0.17615264600209166
TCGA-S9-A7R3-01A,scdc_ensemble,0.23743898387936135,0.008882351998941643,0.0,0.0,0.0,0.27776233342790485,0.18392808463725824,0.29198824605653384
TCGA-S9-A7R4-01A,scdc_ensemble,0.2952322910704129,0.016922811068265094,0.0,0.0,0.0,0.6382335716412203,0.021081099994144224,0.02853022622595756
TCGA-S9-A7R7-01A,scdc_ensemble,0.42157536249841143,0.16304507400608217,0.0,0.0,0.0,0.29527436674484026,0.06038968097831637,0.05971551577234983
TCGA-S9-A7R8-01A,scdc_ensemble,0.5045778231139145,0.02340501716334158,0.0,0.0,0.0,0.21533035479059084,0.25668680493215307,0.0
TCGA-S9-A89V-01A,scdc_ensemble,0.658280650196424,0.0,0.0,0.0,0.0,0.23836270607390922,0.06211664274617443,0.04124000098349236
TCGA-S9-A89Z-01A,scdc_ensemble,0.38221074524458176,0.11215064729554969,0.0,0.0,0.0,0.41077848118961185,0.09486012627025675,0.0
TCGA-TM-A7C3-01A,scdc_ensemble,0.4491129122635595,0.0,0.0,0.0,0.0,0.5094097837339499,0.009120185805008478,0.03235711819748214
TCGA-TM-A7C4-01A,scdc_ensemble,0.6150702254725303,0.0,0.0,0.0,0.0,0.13485247050319793,0.0309782548716597,0.21909904915261208
TCGA-TM-A7C5-01A,scdc_ensemble,0.5242030002802575,0.0,0.0,0.0,0.0,0.4348377435815751,0.03996450352264747,0.000994752615519916
TCGA-TM-A7CA-01A,scdc_ensemble,0.607204054232952,0.0,0.0,0.0,0.0,0.12319372100663667,0.1777146349336703,0.09188758982674104
TCGA-TM-A7CF-01A,scdc_ensemble,0.6544640782962472,0.0,0.0,0.0,0.0,0.054681249911602496,0.09800681159158688,0.1928478602005635
TCGA-TM-A7CF-02A,scdc_ensemble,0.07326422709954203,0.0,0.0,0.0,0.0,0.05899619108669397,0.6861975338108368,0.1815420480029272
TCGA-TM-A84B-01A,scdc_ensemble,0.5220249307675452,0.0,0.0,0.0,0.0,0.297363704319701,0.0033671216503857273,0.17724424326236804
TCGA-TM-A84C-01A,scdc_ensemble,0.5064621123612085,0.04158947775324554,0.0,0.0,0.0,0.32988776920499013,0.011422220688741836,0.110638419991814
TCGA-TM-A84F-01A,scdc_ensemble,0.29252676316345844,0.09687734497497487,0.0,0.0,0.0,0.20945262980652884,0.10563510530994029,0.2955081567450975
TCGA-TM-A84G-01A,scdc_ensemble,0.6238061673939587,0.0,0.0,0.0,0.0,0.2985577533632427,0.05576439151914528,0.02187168772365337
TCGA-TM-A84H-01A,scdc_ensemble,0.7889998324529527,0.0,0.0,0.0,0.0,0.0698759735200581,0.024004583770051467,0.11711961025693778
TCGA-TM-A84I-01A,scdc_ensemble,0.8278064439573314,0.0,0.0,0.0,0.0,0.15930164340923283,0.012891912633435781,0.0
TCGA-TM-A84J-01A,scdc_ensemble,0.5410692472838282,0.0,0.0,0.0,0.0,0.4445942716475307,0.014336481068641115,0.0
TCGA-TM-A84L-01A,scdc_ensemble,0.3745252215828609,0.01820346388544486,0.0,0.0,0.0,0.17771298610175873,0.19789589536427643,0.23166243306565903
TCGA-TM-A84M-01A,scdc_ensemble,0.7916399031532912,0.0,0.0,0.0,0.0,0.14799381163382733,0.060366285212881364,0.0
TCGA-TM-A84O-01A,scdc_ensemble,0.4539133241496922,0.0,0.0,0.0,0.0,0.23843071780437622,0.14405162503619598,0.16360433300973565
TCGA-TM-A84Q-01A,scdc_ensemble,0.6214408619174746,0.06396647605575685,0.0,0.0,0.0,0.13765618488578102,0.15864109449583744,0.01829538264515011
TCGA-TM-A84R-01A,scdc_ensemble,0.3325591688267008,0.0,0.0,0.0,0.0,0.19656406864239873,0.19223999480727277,0.2786367677236278
TCGA-TM-A84S-01A,scdc_ensemble,0.3665165405511258,0.0,0.0,0.0,0.0,0.09929476912946464,0.14135271945591554,0.392835970863494
TCGA-TM-A84T-01A,scdc_ensemble,0.5130202542402348,9.420292567591048e-05,0.0,0.0,0.0,0.2662594502458497,0.15629216206797492,0.06433393052026472
TCGA-TQ-A7RF-01A,scdc_ensemble,0.46897894406123103,0.0,0.0,0.0,0.0,0.39477663631871696,0.04425931451906196,0.09198510510099003
TCGA-TQ-A7RG-01A,scdc_ensemble,0.5224087061919528,0.0,0.0,0.0,0.0,0.1415581838513561,0.15817371266622735,0.1778593972904638
TCGA-TQ-A7RH-01A,scdc_ensemble,0.5261799532333813,0.02707727967076796,0.0,0.0,0.0,0.2788700241084623,0.10172406719593402,0.06614867579145452
TCGA-TQ-A7RI-01A,scdc_ensemble,0.5095461157140355,0.0,0.0,0.0,0.0,0.13511546573444816,0.2258011774937178,0.1295372410577986
TCGA-TQ-A7RJ-01A,scdc_ensemble,0.497062568707578,0.008946274631577314,0.0,0.0,0.0,0.21268568618991746,0.06492401554338594,0.2163814549275413
TCGA-TQ-A7RK-01A,scdc_ensemble,0.5559112547116346,0.0,0.0,0.0,0.0,0.19410826787627672,0.13680090460919703,0.11317957280289172
TCGA-TQ-A7RM-01A,scdc_ensemble,0.5915510377490585,0.0,0.0,0.0,0.0,0.3635351102293423,0.04491385202159915,0.0
TCGA-TQ-A7RN-01A,scdc_ensemble,0.47743765838830776,0.0,0.0,0.0,0.0,0.27913250549141666,0.11546240041779357,0.12796743570248192
TCGA-TQ-A7RO-01A,scdc_ensemble,0.5600249775701184,0.0,0.0,0.0,0.0,0.3453952956772272,0.02273347971422797,0.07184624703842639
TCGA-TQ-A7RP-01A,scdc_ensemble,0.09561798501169029,0.0,0.0,0.0,0.0,0.24367037933131022,0.1826313876253918,0.47808024803160765
TCGA-TQ-A7RQ-01A,scdc_ensemble,0.6786908876402208,0.0,0.0,0.0,0.0,0.2761678913931272,0.02896344316080783,0.016177777805844198
TCGA-TQ-A7RR-01A,scdc_ensemble,0.2863106387504678,4.113667996397054e-05,0.0,0.0,0.0,0.09696824792609876,0.409384246194404,0.2072957304490654
TCGA-TQ-A7RS-01A,scdc_ensemble,0.36730812358999454,0.0,0.0,0.0,0.0,0.26637892699261734,0.2569658965647336,0.10934705285265454
TCGA-TQ-A7RU-01A,scdc_ensemble,0.4603808348531899,0.0,0.0,0.0,0.0,0.42245892257519,0.08852256413842895,0.028637678433191118
TCGA-TQ-A7RV-01A,scdc_ensemble,0.47194206845756825,0.0,0.0,0.0,0.0,0.24794901841685793,0.1830385348925215,0.0970703782330523
TCGA-TQ-A7RV-02A,scdc_ensemble,0.3099884424282064,0.001962354380333978,0.0,0.0,0.0,0.12172158732519625,0.15451946358932905,0.4118081522769342
TCGA-TQ-A7RW-01A,scdc_ensemble,0.47292024099178576,0.06190433851534325,0.0,0.0,0.0,0.25327519552842553,0.14066189416882904,0.0712383307956164
TCGA-TQ-A8XE-01A,scdc_ensemble,0.6182106047976247,0.0,0.0,0.0,0.0,0.2245749099820055,0.13415091535008986,0.02306356987027991
TCGA-TQ-A8XE-02A,scdc_ensemble,0.4108118431574126,0.011454059275010278,0.0,0.0,0.0,0.31355730673556603,0.24612080478534135,0.0180559860466697
TCGA-VM-A8C8-01A,scdc_ensemble,0.42882600702601237,0.00015595029039654695,0.0,0.0,0.0,0.0970818623122466,0.13656644989589298,0.3373697304754515
TCGA-VM-A8C9-01A,scdc_ensemble,0.2989214434388536,0.15067202176987635,0.0,0.0,0.0,0.369579327636514,0.09685400099209018,0.08397320616266589
TCGA-VM-A8CA-01A,scdc_ensemble,0.3097116111450683,0.0,0.0,0.0,0.0,0.4674499494600006,0.02810985664326283,0.19472858275166832
TCGA-VM-A8CB-01A,scdc_ensemble,0.5862863468709713,0.0,0.0,0.0,0.0,0.37629573907916436,0.03738837477517411,2.9539274690216302e-05
TCGA-VM-A8CD-01A,scdc_ensemble,0.46575172828698597,0.0776326807209162,0.0,0.0,0.0,0.2134596868700199,0.06004487778335374,0.18311102633872414
TCGA-VM-A8CE-01A,scdc_ensemble,0.22975188595651228,0.0,0.0,0.0,0.0,0.22213602979563604,0.3451293674044469,0.20298271684340474
TCGA-VM-A8CF-01A,scdc_ensemble,0.18552724255488398,0.1659928900638597,0.0,0.0,0.0,0.29798589101825274,0.14056910813254597,0.20992486823045764
TCGA-VM-A8CH-01A,scdc_ensemble,0.47154367033360467,0.0311602652845264,0.0,0.0,0.0,0.3056689705644093,0.13673344313713387,0.054893650680325846
TCGA-VV-A829-01A,scdc_ensemble,0.6369107107850831,0.0,0.0,0.0,0.0,0.3432515692619486,0.019837719952968316,0.0
TCGA-VV-A86M-01A,scdc_ensemble,0.5148834245160288,0.06758278851609856,0.0,0.0,0.0,0.4118152394850633,0.0057185474828091686,0.0
TCGA-VW-A7QS-01A,scdc_ensemble,0.6118643046271437,0.0,0.0,0.0,0.0,0.3631751385762281,0.02496055679662808,0.0
TCGA-VW-A8FI-01A,scdc_ensemble,0.6440663247533338,0.011297033391879863,0.0,0.0,0.0,0.18986481108917677,0.11570944393457573,0.03906238683103387
TCGA-W9-A837-01A,scdc_ensemble,0.5882754809343284,0.0,0.0,0.0,0.0,0.11104694337364696,0.10985094824407701,0.1908266274479478
TCGA-WH-A86K-01A,scdc_ensemble,0.4087908982635746,0.0,0.0,0.0,0.0,0.32189415805332816,0.06288852555162394,0.20642641813147317
TCGA-WY-A858-01A,scdc_ensemble,0.15362886040621923,0.07871176715262872,0.0,0.0,0.0,0.5893986915599543,0.11316271179602706,0.06509796908517063
TCGA-WY-A859-01A,scdc_ensemble,0.49765484232919066,0.0,0.0,0.0,0.0,0.1821513784455293,0.14225696774245206,0.17793681148282794
TCGA-WY-A85A-01A,scdc_ensemble,0.5593599012035987,0.0,0.0,0.0,0.0,0.14301328349224798,0.08822563836857403,0.2094011769355793
TCGA-WY-A85B-01A,scdc_ensemble,0.5908670931671429,0.12750253096796216,0.0,0.0,0.0,0.1559370505686203,0.11789822141675904,0.0077951038795155605
TCGA-WY-A85C-01A,scdc_ensemble,0.5409547212868278,0.0,0.0,0.0,0.0,0.4182941940984479,0.01430429864842681,0.026446785966297463
TCGA-WY-A85D-01A,scdc_ensemble,0.3507915653776614,0.02401996210264631,0.0,0.0,0.0,0.11197487190430622,0.16771796584723356,0.3454956347681525
TCGA-WY-A85E-01A,scdc_ensemble,0.7566650180560126,0.0,0.0,0.0,0.0,0.16370268801692064,0.04414364908024521,0.035488644846821446
TCGA-CS-4938-01B,epic,0.21421273667313276,2.458714450972754e-07,5.637038905168901e-06,0.00011633668692212916,2.307358671570938e-05,0.6774713586760951,0.018571010784683595,0.08959960068210042
TCGA-CS-4941-01A,epic,0.43263371351237967,4.0794844114146456e-05,3.698892492691091e-05,0.009735048367262208,0.0024292482763873724,0.19832655237991892,0.036149002266203024,0.3206486514288078
TCGA-CS-4942-01A,epic,0.20413948800776324,7.178209494656162e-06,6.632050226865362e-08,3.5873389155349417e-06,2.0002769256105537e-05,0.5474334740499285,0.10000286756031714,0.14839333574382263
TCGA-CS-4943-01A,epic,0.15171280877736582,3.0013256203154686e-08,2.849696273627856e-09,0.0003643066269768883,1.1035553727627297e-05,0.6270307939445092,0.12070759648087954,0.10017342575358835
TCGA-CS-4944-01A,epic,0.013010675098776993,0.0011281097680775234,2.1562687987205588e-05,0.003431718002662481,0.010149138810063674,5.751284346878862e-05,0.0010318580923605264,0.9711694246966028
TCGA-CS-5390-01A,epic,0.08024358083885982,8.207867215623421e-08,1.8028178817201454e-05,7.88319455545383e-06,0.0014302717873707182,0.5760140688938931,0.209193103765134,0.13309298126269753
TCGA-CS-5393-01A,epic,0.0394689609187811,4.846789466382046e-08,5.664248394412714e-07,0.00017800801812770957,9.275131906495655e-06,0.6756537980070205,0.1298327318815217,0.1548566111499085
TCGA-CS-5394-01A,epic,0.02333259540444622,2.2696886232589087e-06,2.8168267452153346e-07,0.001052312796474395,3.716173737172826e-06,0.6368947976509515,0.0633914057345023,0.2753226208685906
TCGA-CS-5395-01A,epic,0.18927499557933208,1.776553198172805e-07,9.566018955790116e-06,9.011275832747057e-05,2.8554807709538954e-06,0.17474661120190288,0.15325404515686628,0.4826216361485247
TCGA-CS-5396-01A,epic,0.11495519718935222,2.1869139909468907e-08,9.495720049797904e-08,0.00203187785649469,8.889044216689674e-06,0.5769819577189257,0.20900806419209192,0.0970138971725784
TCGA-CS-5397-01A,epic,0.14871448646636282,2.505051533784612e-08,2.2298253348541137e-06,0.00015129382317240062,4.352160664144168e-05,0.4949102124988294,0.06846465973969994,0.287713570989444
TCGA-CS-6186-01A,epic,0.16209403565361413,0.00023029550221456243,2.8627099630531853e-07,0.008883086402877884,0.0001260231759746082,4.218725361474214e-07,7.419482808512641e-07,0.8286651091735057
TCGA-CS-6188-01A,epic,0.29149824848525097,0.04479664655389803,3.3838113156509048e-06,1.0731627380349384e-05,3.3486254298107755e-06,0.14283240529084723,0.04858717757160319,0.4722680580342749
TCGA-CS-6290-01A,epic,0.32383590752870617,8.847424148213694e-08,1.436378939634355e-06,3.6334691543518564e-05,7.654404880490732e-06,0.40518403007689185,0.0804944856828513,0.19044006276194558
TCGA-CS-6665-01A,epic,0.08882517038684914,0.017395059629084,6.261144144974297e-06,2.068543799033585e-05,0.21117706868226055,0.26968238519160426,0.32871081811818537,0.08418255140988136
TCGA-CS-6666-01A,epic,0.08733970969581951,2.2196038405147692e-08,2.5320599777667556e-05,1.713674483291314e-08,0.00019095807618131318,0.7271618775976545,0.051766190723929156,0.13351590397385463
TCGA-CS-6667-01A,epic,0.025991365363850556,1.4847611594888952e-08,8.949697714272692e-07,9.020203329766387e-08,5.167757601841628e-05,0.8378788595299075,0.02843832089522455,0.10763877661558269
TCGA-CS-6668-01A,epic,0.13538606094902828,3.121797143082534e-06,1.2364355414340068e-06,8.195679620998864e-06,2.6112369880216347e-05,0.6013070889972384,0.13167844710057,0.1315897366709776
TCGA-CS-6669-01A,epic,1.831840809803913e-08,2.2666393792354193e-08,0.0006559339790371753,6.444601661172624e-05,0.32004716170138214,0.007019811236436603,0.25469698916907646,0.41751561691265404
TCGA-CS-6670-01A,epic,0.04287894437511398,9.412110609716304e-08,1.150805612296691e-05,1.0362947839801897e-06,0.00017559478880529647,0.796855395201856,0.039668692605492,0.12040873455671983
TCGA-DB-5270-01A,epic,0.11138245090707392,3.7708304539223e-05,2.2562083949696582e-05,1.0768116923013934e-05,0.0027805769220981534,0.40029630168244235,0.17059744826401346,0.31487218371896025
TCGA-DB-5273-01A,epic,0.24559308540949087,3.041212451375536e-06,5.576295957972262e-07,2.013186198104182e-06,0.00015773608190901482,0.5219664052662992,0.07991802481776648,0.1523591363962891
TCGA-DB-5274-01A,epic,0.23076856859806394,1.1487798930740195e-07,2.879137500819463e-07,7.817233855763802e-07,6.398770689759052e-07,0.4547943821976755,0.19451259333254886,0.11992263147951775
TCGA-DB-5275-01A,epic,0.10227244249037816,1.7700320587374004e-08,4.1030977516546454e-08,3.533226473230466e-06,1.721886131802845e-05,0.7422120786337058,0.0308784805583323,0.12461618749849435
TCGA-DB-5276-01A,epic,0.12884137919358246,1.798233701024873e-07,0.0006760939150962691,0.0015898457696389668,1.9235760091473928e-05,0.2821590507538688,0.38628368522595147,0.20043052955840046
TCGA-DB-5277-01A,epic,0.06675766325691132,1.556200742773341e-06,0.0003248083425473821,1.612126079210959e-06,0.0001289690858727427,0.5359046270634943,0.2264001899815756,0.17048057394277688
TCGA-DB-5278-01A,epic,0.03673270442926943,2.9295831279076557e-07,7.614536866699942e-06,6.450493426975827e-06,4.0255012463116045e-07,0.7895434237927097,0.056672144619000046,0.11703696662028984
TCGA-DB-5280-01A,epic,0.09563049370527733,9.956875967046624e-06,5.161627162302431e-08,0.0006589065082918768,3.639457452728949e-06,0.7170191989161898,0.03528167562369048,0.15139607729685925
TCGA-DB-5281-01A,epic,0.08007268453426356,1.0254646495413446e-06,6.9914862719188755e-06,1.426112072270182e-06,5.928434114604145e-07,0.7057096041012801,0.04215489314232488,0.17205278231572618
TCGA-DB-A4X9-01A,epic,0.10289103624353214,1.4791853333726026e-05,2.8324092065745235e-07,3.400740183651591e-07,3.607917205773971e-06,0.6189955858225182,0.0387063728869197,0.2393879819615515
TCGA-DB-A4XA-01A,epic,0.16917029740000478,3.855022581230261e-08,4.7618031714499435e-06,0.00032917155834435134,1.2088837099156603e-06,0.5037295852763479,0.09840879991083878,0.22835613661735707
TCGA-DB-A4XB-01A,epic,0.06690832830248196,3.0410708818480525e-09,4.790978717005401e-07,0.0005029756653921808,2.5289165006750062e-06,0.7249561453928978,0.05484377904798435,0.1527857605358006
TCGA-DB-A4XC-01A,epic,0.11635496300956598,3.6361844550402413e-06,0.0004049383230744358,1.2179887003424858e-06,5.606295030149608e-06,0.6416502329719743,0.026770255550160185,0.21480914967703948
TCGA-DB-A4XD-01A,epic,0.0926453882644633,2.1043460023302855e-05,7.108052450162691e-06,3.536806819005927e-06,0.0001325033363766012,0.6478849350788731,0.12450647140501708,0.13479901359597746
TCGA-DB-A4XE-01A,epic,0.14195100354554943,2.0893423030127334e-05,3.905546796102706e-06,1.1662025561840102e-06,3.4662628160329445e-06,0.5215205186943186,0.10609717110625336,0.23040187521868016
TCGA-DB-A4XF-01A,epic,0.19585369447911272,4.381310789424136e-07,8.812929696139519e-06,3.4520970610229463e-06,0.0006645230671111645,0.4827756432077728,0.0868779593197138,0.23381547676845338
TCGA-DB-A4XG-01A,epic,0.04218592699399374,1.088916200431017e-05,0.00028188545675842053,4.257304626222831e-06,7.216856423894961e-06,0.8508532114385454,0.022603901651007025,0.08405271113664095
TCGA-DB-A4XH-01A,epic,3.0724787115426764e-05,6.45392078689015e-08,4.447951237943195e-07,0.003911568411277493,4.54844550869607e-05,0.5147940619459754,0.2198071782016538,0.2614104728645592
TCGA-DB-A64L-01A,epic,0.07738732180057534,5.16829641281951e-07,1.8240575151449493e-06,1.3312637505055214e-06,1.1797960855993744e-05,0.4265498807573699,0.05464446552704143,0.4414028618032505
TCGA-DB-A64O-01A,epic,0.1803871022871665,1.0533069504975005e-06,1.865481297903048e-07,2.466001007780429e-06,9.379606196423932e-05,1.0115761134658578e-06,3.867847602083647e-06,0.8195105163710656
TCGA-DB-A64P-01A,epic,0.045015549980647176,2.7802143647473557e-07,5.211946952173984e-06,3.1268841354860748e-06,1.471389256510276e-06,0.6974406693956778,0.09653655789131226,0.1609971344905821
TCGA-DB-A64Q-01A,epic,0.050815785841498644,1.6659903524147924e-09,1.487466315705728e-06,1.1397131647421628e-05,5.937051477649876e-05,0.7062175692266409,0.06717589603344618,0.17571849211968435
TCGA-DB-A64R-01A,epic,0.037533233606857105,1.916515359062837e-05,3.91901471842447e-06,1.3612158512981432e-07,1.4694213426342884e-08,0.8545272131722131,0.029649899602135397,0.07826641863468663
TCGA-DB-A64S-01A,epic,0.1232368105413045,0.0070989305318612545,1.1863655927541866e-06,2.6521042991575633e-07,0.002892570254687155,0.6782546859746951,0.09335022829104953,0.0951653228303799
TCGA-DB-A64U-01A,epic,0.018413334919615863,2.9068472400152738e-08,5.396402646414535e-07,2.229461422700265e-06,1.4290602636269971e-05,0.6489310075349185,0.2440655566617088,0.08857301211096097
TCGA-DB-A64V-01A,epic,0.260556669436965,3.2103858462075235e-07,0.0002977242729636216,6.711728721356971e-06,2.9635529100193075e-05,0.08398779605212474,0.3171125111802775,0.338008630761263
TCGA-DB-A64W-01A,epic,0.09191294172908777,5.928482569771371e-08,2.8537936642570093e-06,3.456190060656064e-06,3.410617948207472e-05,0.5148214585802994,0.19030213077287841,0.20292299346970186
TCGA-DB-A64X-01A,epic,0.0994380256242571,2.140187111097048e-07,2.9844788719516167e-07,0.0010036645083231909,1.6279422269454488e-05,0.7013811544041793,0.00641070098313557,0.1917496625912372
TCGA-DB-A75K-01A,epic,0.1817124923074122,8.001294629022594e-06,1.3615873704358962e-05,2.3224609404056784e-06,9.568828389229885e-06,0.5586199563269093,0.1084316138774934,0.15120242903052206
TCGA-DB-A75L-01A,epic,0.11441367995296144,3.016528674820681e-05,0.00037640484119537464,0.000510606958707765,4.628999185944828e-05,0.5083569739576006,0.15863754092048554,0.21762833809044158
TCGA-DB-A75M-01A,epic,0.19047018381157838,1.6074933551420319e-07,8.105030701572367e-08,1.0465382149419802e-06,0.004708275240865591,0.5657276941495684,0.04478191977418482,0.19431063868594528
TCGA-DB-A75O-01A,epic,0.34182577011955756,2.249034239454388e-05,1.681019047101815e-05,0.012337576116839081,0.004540099891355254,0.4442568973301228,0.00031982202691887055,0.19668053398234095
TCGA-DB-A75P-01A,epic,0.09437178232079045,9.47999241722907e-07,9.192866564122913e-07,3.1751305044923185e-07,9.278373628234881e-06,0.6667566248053955,0.022419885905599214,0.21644024379563798
TCGA-DH-5140-01A,epic,0.1777902700189307,1.8236301501772665e-06,0.0008959098044906579,3.6471039431510376e-07,2.879632864497468e-06,0.6451939094248457,0.03586617048838781,0.14024867228993604
TCGA-DH-5142-01A,epic,0.2004979750378556,7.559678273231725e-09,0.0002975235091108915,0.0014037855900999553,0.00030458365658131713,0.590659690686989,0.09244701941190754,0.11438941454777742
TCGA-DH-5143-01A,epic,0.17250980164345853,1.214440605930509e-07,4.49915864432822e-05,0.00012070702558177447,0.0007717914182993058,0.5768411853146753,0.017534285722909104,0.23217711584457199
TCGA-DH-5144-01A,epic,0.07451529518644748,1.7579573213394748e-05,1.0468706815371393e-07,1.7395158372133938e-06,0.00495874885547413,0.782455369719011,0.0370369390671357,0.10101422339581295
TCGA-DH-A669-01A,epic,0.2987709360613563,1.7890682697234273e-06,6.463641054521701e-07,3.614340147974531e-06,1.1807648764285775e-05,0.00010486991328410535,0.13086517698730632,0.5702411596167658
TCGA-DH-A669-02A,epic,0.18804765742335108,8.58011187968032e-09,2.0603376718793475e-07,2.8247866935340555e-06,3.077356325496708e-06,0.5006285307601136,0.14417562454971355,0.16714207050992366
TCGA-DH-A66B-01A,epic,0.5096039958464711,2.443734905125515e-07,7.599243057087532e-06,2.4984257160822876e-05,0.00017475178095303185,0.11197422106175865,0.15185432488996647,0.22635987854714226
TCGA-DH-A66D-01A,epic,0.19966095050894733,6.777701414321289e-08,1.784558740548759e-05,0.00027366589395908057,5.513613971325088e-07,0.5150231358417845,0.08243317410358136,0.20259060892591102
TCGA-DH-A66F-01A,epic,0.08208611278422459,5.891055968729919e-07,5.711134182194079e-05,3.0073483852817115e-07,0.00036976349368572213,0.7408884630130144,0.007414228926830412,0.16918343059998764
TCGA-DH-A66G-01A,epic,0.40990673662383936,0.00026902570046533173,0.0004446218211922874,4.927601288438098e-05,2.8513852125399596e-05,4.321161527908544e-07,0.016223243627518587,0.573078150245822
TCGA-DH-A7UR-01A,epic,0.06515732295406533,2.389631692349411e-05,2.5885834727387824e-06,0.005578526452458787,0.00015560185806126088,0.6787695708475124,0.06459101054252321,0.18572148244498277
TCGA-DH-A7US-01A,epic,0.044567611730180944,5.2207821038717994e-08,5.990085420371039e-08,8.701578821312488e-09,4.2837012656127335e-06,0.6978422920851892,0.14050175474997206,0.11708393692313836
TCGA-DH-A7UT-01A,epic,0.07233859158644583,5.804059273948345e-08,3.06252625566319e-07,6.733127137118744e-05,1.6333401720069738e-06,0.6628717123972423,0.15805516252308097,0.10666520458846938
TCGA-DH-A7UU-01A,epic,0.17039285590365108,5.1900924521944476e-05,8.007589078117152e-06,6.020904792541929e-05,0.004147628708683972,0.6092301616208028,0.13328396761711847,0.08282526858821837
TCGA-DH-A7UV-01A,epic,0.24346186345112966,6.718429635367056e-08,1.841426494479058e-06,0.003635291137675536,2.4865916298389757e-05,0.3490856892234072,0.16897264087817598,0.23481774078252235
TCGA-DU-5847-01A,epic,0.2504967333728494,0.2062408517382925,1.8159025717986814e-07,0.008980593256076096,6.219880986380415e-06,0.0002990566105027296,0.043313534982153845,0.49066282856888194
TCGA-DU-5849-01A,epic,0.04504688360694174,8.047240296399631e-08,7.837011662799703e-07,7.505677184839609e-05,1.2903345051097038e-05,0.6536913021407038,0.12796416195239071,0.17320882800949491
TCGA-DU-5851-01A,epic,0.038202262172714274,6.439426075539295e-10,1.2434548114922787e-06,0.0009204544930930911,8.575681623224797e-07,0.5540226179507297,0.19591801926702562,0.2109345444495208
TCGA-DU-5852-01A,epic,0.1743781352480843,2.3998115122372435e-06,1.291712129644772e-08,4.5368653487991753e-07,1.4953499695282332e-05,0.6192864797966271,0.0023389139789936073,0.20397865106143137
TCGA-DU-5853-01A,epic,0.07804139929378869,2.1654964585774688e-07,6.247808553670749e-06,2.690677198105682e-05,5.289174604082555e-06,0.69195748760983,0.0728080130837444,0.1571544397078522
TCGA-DU-5854-01A,epic,0.14963423881180518,1.4034667865000555e-05,4.964065385915431e-06,5.305434667826477e-06,1.1943553348416644e-05,0.3394674984462675,0.30281095066388547,0.2080510643567748
TCGA-DU-5855-01A,epic,0.1269068900488063,2.0946565239116918e-05,1.1425956657801436e-07,0.00045232845977329864,3.123074127632908e-07,0.6226004723256527,0.05605875818261101,0.19396017785093825
TCGA-DU-5870-02A,epic,0.2671952961152327,1.358103381637603e-05,3.344868264543971e-05,1.0620672373861503e-06,0.0042179771868275,7.90957216943461e-05,0.24909597775388123,0.47936356143866504
TCGA-DU-5871-01A,epic,0.10832260926728127,6.108955904840081e-08,4.5479258692702286e-05,2.366421821257101e-07,4.9896188704234425e-06,0.577114360884738,0.013381144304441964,0.30113111893423455
TCGA-DU-5872-01A,epic,0.1375816210486666,3.2192055144315647e-07,8.792803921017121e-06,2.4423932035718177e-06,4.48730394569615e-06,0.6220466677194181,0.0961435297977924,0.14421213701250107
TCGA-DU-5872-02A,epic,0.16379641355391913,1.1785767055918748e-07,4.615277303038201e-06,7.03346066729921e-05,0.40134192118852036,0.02493006346676735,0.21223867746450578,0.197617856584641
TCGA-DU-6392-01A,epic,0.1273994955533579,0.05605058967533075,1.828544796693239e-07,0.010654173355542439,1.9198855948233716e-06,0.5166961265811693,0.15615012414005003,0.133047387954475
TCGA-DU-6393-01A,epic,0.13767066719139084,1.0020257144051173e-07,7.704572832535906e-06,1.298684404965895e-05,2.747866281358418e-05,0.6861023081999277,0.062271120870002146,0.11390763345641212
TCGA-DU-6394-01A,epic,0.2808446485945288,4.258763611279499e-08,6.793893333036724e-05,1.1901273801054571e-05,3.744408224707126e-05,0.4529666775106777,0.023669385783433368,0.24240196123434554
TCGA-DU-6395-01A,epic,0.14798046918502747,1.478744476741641e-07,8.835218499899148e-08,5.23397632564067e-07,0.010924228158156964,0.5478983930460859,0.11404250198200681,0.1791536480044578
TCGA-DU-6396-01A,epic,0.06722331699732666,0.015089368915357422,1.8227341203338506e-07,1.5107572171956152e-06,1.763854108799852e-05,0.7834839667708476,0.09968593966216195,0.03449807608258895
TCGA-DU-6397-01A,epic,0.05628951174902231,3.90154046703062e-06,0.0005996698328533661,6.595223737515306e-08,1.3767466405018063e-06,0.7668417242405811,0.03069818580758658,0.1455655641306118
TCGA-DU-6397-02A,epic,0.12271213420124098,4.626049297474038e-07,1.6941805626957384e-05,2.5859563912334793e-06,1.4620086578720464e-05,0.7412145203647352,0.08244026525072666,0.053598469729770455
TCGA-DU-6399-01A,epic,0.11902765506547615,8.627357951883901e-08,1.7991984258505044e-07,7.386332141631037e-07,0.00024555907205592434,0.7002957081503154,0.050038556181450616,0.13039151670406565
TCGA-DU-6400-01A,epic,0.11639526486749083,1.9606357305101517e-08,1.787156576376788e-07,3.4189642769915548e-06,4.659303023702396e-05,0.7079386299596606,0.0450132388694163,0.13060265598690327
TCGA-DU-6401-01A,epic,0.05990425404017894,1.3893164533091849e-08,3.088025497855707e-09,3.795249641441571e-06,7.822539766202626e-05,0.7551112971099551,0.035298107754579096,0.14960430346679338
TCGA-DU-6402-01A,epic,0.11375535650193341,0.22662971139423052,1.766913441050504e-05,0.0001936242548236028,0.002650481432756443,0.31152076456386935,2.4456094752211144e-05,0.3452079366232241
TCGA-DU-6403-01A,epic,0.15677762827214245,0.19741042280766205,1.1561974151756466e-06,4.376407021558696e-06,6.318769688982425e-05,0.18406847057707237,0.3503257795565523,0.11134897848524422
TCGA-DU-6404-01A,epic,0.17653572495984607,0.002785371029344252,7.786897444277241e-05,1.1307623804728339e-05,0.0012625411751605294,0.3811745332101197,1.933206973656703e-08,0.43815263369521223
TCGA-DU-6405-01A,epic,0.4029239327116756,3.111576973604627e-08,6.722023894287194e-07,0.01002767021974328,1.4757162260810222e-06,0.07606588951877843,0.00029115145160404134,0.5106891770638134
TCGA-DU-6406-01A,epic,0.1604293486611946,1.6128981144424247e-09,5.894681417486784e-08,0.005061290593430202,1.3543531603447977e-05,0.6975650129044279,0.0004104719192427922,0.1365202718303889
TCGA-DU-6407-01A,epic,0.18075206491453286,2.083723277344648e-07,1.2786396214880642e-06,7.072084934420186e-07,0.0007538442069534057,0.5202722217951956,0.09414566063815469,0.20407401422472082
TCGA-DU-6408-01A,epic,0.09888722778563237,2.4121038780252154e-06,1.7931787856824867e-07,6.323890963605816e-07,3.796205819567787e-05,0.773714127927962,0.01982620744874483,0.10753125096861227
TCGA-DU-6410-01A,epic,0.1915505578945758,4.0123050715930975e-05,6.260805497899316e-07,9.87210156400156e-07,9.938245433925483e-06,0.6356285096801729,0.10531797646454283,0.06745128137385237
TCGA-DU-6542-01A,epic,0.09579691471773168,6.1201076291916024e-09,1.8766018660165057e-05,5.528521905102202e-06,5.842812020396729e-07,0.6739084003072596,0.12215914541888062,0.1081106546142532
TCGA-DU-7006-01A,epic,0.13062997055973377,0.06830188308633361,8.295014450307499e-05,0.000655585947280996,0.0028805941706833383,0.4747143461226623,0.024139938553554816,0.29859473141524806
TCGA-DU-7007-01A,epic,0.006999635576461695,0.00015790235116883538,0.00016410737965284457,0.00027312507703357503,0.9376717408254878,1.5370922029052467e-05,6.740359123735662e-06,0.054711377509042584
TCGA-DU-7008-01A,epic,0.11795385940373278,2.0606570299708636e-07,3.1883380082507906e-06,0.006865727631048126,6.351824000783659e-05,0.6908735421755315,0.056288254335576514,0.12795170381039203
TCGA-DU-7009-01A,epic,0.01908898307807353,1.611862565694061e-08,3.961823297728383e-06,0.011017005485009926,2.8181322013777708e-06,0.5694006229345016,0.24589522588019241,0.15459136654809788
TCGA-DU-7010-01A,epic,0.1302479584951161,2.8107552164019743e-08,3.453125000292123e-07,3.238565184085316e-06,0.0007083336262935965,0.4346499987802093,0.2947501090211752,0.13963998809196945
TCGA-DU-7011-01A,epic,0.11361072807421305,3.249397850247726e-05,3.422212008146058e-06,1.272620544230001e-07,8.701320795545539e-06,0.5671271664530345,0.10958298410219842,0.20963437659719344
TCGA-DU-7012-01A,epic,0.4040258381120597,0.0001321747878658045,5.199505022887994e-06,0.0001889986033748212,0.0043073115451459235,9.644712567600251e-06,1.5641602970440998e-07,0.5913306763179336
TCGA-DU-7013-01A,epic,0.5529300869717112,0.00016801995141386552,9.40221983403238e-05,5.484475318265873e-06,1.3007831230958646e-06,0.02248063979386569,4.113213945491554e-06,0.424316332612282
TCGA-DU-7014-01A,epic,0.10376694140981871,8.349280890968698e-09,0.00010287202617519053,0.0005262590642683866,6.948914330057921e-08,0.7353357352072518,0.051846220025977614,0.10842189442808414
TCGA-DU-7015-01A,epic,0.1559595636081482,5.154055244383137e-05,7.832271315524597e-05,2.8753371079892526e-05,0.01234893838779398,0.6499169332446378,0.031330018110480674,0.1502859300122603
TCGA-DU-7018-01A,epic,0.07973804671965451,3.266872322180861e-08,1.2645387808279687e-07,0.0007157503759690409,0.0011003897303645917,0.7952343343048164,0.042127339285571885,0.08108398046102225
TCGA-DU-7019-01A,epic,3.222897717008621e-07,1.1471232727060827e-05,3.800896885771976e-07,1.8169978519072162e-06,0.00638402743747767,0.5541457646330692,0.05290785286184161,0.3865483644575724
TCGA-DU-7292-01A,epic,0.37392614885287906,1.5498232299470873e-06,0.00011317551351461271,1.4732657339655336e-05,1.1299088679184108e-05,0.0004922316005232694,0.025885105292094073,0.5995557571717403
TCGA-DU-7294-01A,epic,0.04308837336564862,1.667100813232723e-08,1.4206646945540956e-05,2.657921274267836e-05,8.111337504862524e-07,0.7675333909692307,0.1065649259991353,0.08277169600153857
TCGA-DU-7298-01A,epic,0.04508973573175657,8.910396464209254e-09,2.384729342851241e-07,0.0049889252373916965,7.9468919198305e-05,0.6397208817053432,0.1949941661310739,0.11512657489190553
TCGA-DU-7299-01A,epic,0.03448263182013616,4.103625567879651e-06,1.2394400037412943e-06,1.2900053406921147e-06,9.166225047576772e-06,0.7872067817784405,0.09967812954335743,0.07861665756210592
TCGA-DU-7300-01A,epic,0.2252896539556449,2.8694265486251596e-06,9.082726687344363e-08,0.002216369323593598,0.007037067021636209,8.879807512575474e-06,0.22211825077443045,0.5433268188633669
TCGA-DU-7301-01A,epic,0.15688496491746695,3.85385515055036e-06,4.844114421163149e-06,5.206595308651558e-07,7.001391929243141e-06,0.5146283908815785,0.240294055329305,0.0881763688506178
TCGA-DU-7302-01A,epic,0.02772369010620647,1.4417043034571165e-07,2.7681143176993456e-05,3.818770846315551e-05,0.0016022349285937005,0.7860184173534217,0.04087522099508856,0.14371442359461908
TCGA-DU-7304-01A,epic,0.20501304363619158,0.00022468480176282804,1.129070656942834e-05,5.0464622703252226e-05,0.0031834095645774866,0.4584477891044325,0.050403022679613954,0.28266629488414907
TCGA-DU-7304-02A,epic,0.5270057991485803,1.1626754576798557e-08,5.966176254567263e-06,1.8228253945440943e-06,0.00016233333248006146,0.0002315327264486186,0.12378857300765028,0.34880396115643697
TCGA-DU-7306-01A,epic,0.09262453637580428,0.00011656965669700232,1.1552777441660048e-06,1.7444654020044245e-06,0.0006088075258676511,0.597870074942118,0.14820117738577118,0.1605759343705958
TCGA-DU-7309-01A,epic,0.02833781258242374,2.766986370005561e-07,0.007000387512573086,0.005221904602774833,3.2978263220218234e-05,0.6175640870159116,0.05346187992616535,0.28838067339829426
TCGA-DU-8158-01A,epic,0.318836358542647,4.6823025658498454e-08,1.706040377625273e-05,0.005192909236658011,3.750553984502418e-06,3.7691874441258987e-07,0.008067273224225485,0.6678822242969387
TCGA-DU-8161-01A,epic,0.07759305162013717,7.492197987220515e-06,0.0001964694437704776,3.4767108612740066e-05,0.004290653148564659,3.3133277220316795e-06,9.8450914290962e-07,0.9178732686440629
TCGA-DU-8162-01A,epic,0.028268410256780365,5.998935003316377e-08,2.734634259833379e-07,0.003575486546999655,0.0007403355806973898,0.20632820374845032,0.4531759423058284,0.3079112881084679
TCGA-DU-8163-01A,epic,0.11923148908823983,3.2381467106199004e-07,7.382018435764687e-07,1.47607011341595e-05,1.432241085831132e-06,0.6174067740642077,0.15903872198222305,0.10430575990659481
TCGA-DU-8164-01A,epic,0.02846858350101816,2.3538409536920575e-09,1.5847057472640263e-06,1.4132623051148266e-07,0.00027634213449387145,0.8359772391970771,0.03518680916687686,0.10008929761471534
TCGA-DU-8165-01A,epic,0.33923862658000187,0.024937559439188604,3.7787732597731186e-05,0.00039044603639055075,0.00020858918263927094,0.014738918464511874,0.06938287555607107,0.5510651970085991
TCGA-DU-8166-01A,epic,0.027612974376744495,0.030498122523879564,6.303646142312168e-06,1.3435790308531973e-05,1.441464167320068e-06,0.7589801278658542,0.028476562282496586,0.1544110320504069
TCGA-DU-8167-01A,epic,0.10862988481249668,3.643074064474764e-08,5.124359005182121e-07,0.00011299351877778926,1.596826010118908e-06,0.5179546546507636,0.27863996039741484,0.09466036092789584
TCGA-DU-8168-01A,epic,0.11625407580305819,8.847030341028302e-09,3.463625660044282e-06,1.1221057427726433e-05,0.0004608568765125404,0.6491937641083048,0.05815416096019821,0.1759224487218081
TCGA-DU-A5TP-01A,epic,0.10703274183776297,0.3729452043840702,4.6888852023476036e-07,8.566828876692472e-06,2.575604236763374e-07,0.3658141816824918,0.11278615621199407,0.04141242260586028
TCGA-DU-A5TR-01A,epic,0.3474094353815825,4.946888179744571e-05,5.091874828846897e-06,0.00014486246177203196,0.0009185081743752472,1.1980191829387877e-07,0.3042942315505597,0.3471782818731661
TCGA-DU-A5TS-01A,epic,0.09582560411196976,1.4506620410868526e-05,1.9149104866103995e-08,3.5684397474942597e-06,2.312526547531382e-06,0.47679190992945003,0.3011466204346719,0.12621545878809753
TCGA-DU-A5TT-01A,epic,0.42216386506099396,9.390225476288122e-05,1.0304923288304091e-06,3.228731207453293e-06,0.00016600096529902325,5.397367359009791e-06,0.10233479956746222,0.4752317755605866
TCGA-DU-A5TU-01A,epic,0.22598215555027124,9.072708023955136e-09,9.546553122990773e-05,2.9585171970412956e-05,1.4317777951050565e-06,0.4151223204657761,0.07782218625976131,0.2809468461704878
TCGA-DU-A5TW-01A,epic,0.17149898304760622,2.4886729654598113e-05,2.22034223983059e-07,3.719428276422279e-06,1.5309956419670077e-05,0.5661474646691667,0.13423060463464692,0.12807880950000547
TCGA-DU-A5TY-01A,epic,0.22615629162749878,0.240423878266028,2.3331141477296714e-06,2.4132859031272565e-07,2.3386311847978717e-05,8.081875108419036e-07,0.020120175796286683,0.5132728853680898
TCGA-DU-A6S2-01A,epic,0.03270220663054925,7.565176872250816e-09,1.3318926402841067e-07,6.461818348918795e-05,1.0502785709811345e-06,0.6917117732035523,0.13467144221220914,0.14084876873718824
TCGA-DU-A6S3-01A,epic,0.06574086747576266,8.071955268294081e-08,9.960101798842226e-07,3.855384807240183e-06,0.006545121263853142,0.657399299220263,0.12632073939965222,0.14398904052592915
TCGA-DU-A6S6-01A,epic,0.06954070027446255,2.370567154240498e-09,2.29743282770685e-06,3.286415366690051e-05,0.002425840638360531,0.6938528494546028,0.03891359589402678,0.1952318497814856
TCGA-DU-A6S7-01A,epic,0.18141625724850502,1.2781914574370015e-07,2.2004911795276414e-07,2.2451540817923573e-06,0.0004703340973631727,0.43521495234733004,0.22025110253890753,0.1626447607455487
TCGA-DU-A6S8-01A,epic,0.19055407688518952,1.1348147637570307e-07,9.007350374517007e-07,0.0004943708634940679,0.00027192253521188416,0.43141656850345206,0.22223427372758742,0.15502777326855116
TCGA-DU-A76K-01A,epic,0.31268375559398803,1.7177055745284448e-06,4.5071402147856956e-05,3.7795767761961582e-06,0.004424697011789525,1.3612886605260928e-05,0.03386612052568861,0.6489612452974298
TCGA-DU-A76L-01A,epic,0.03900714923871092,0.2156849564397044,2.5450241723047273e-07,3.695599975139543e-06,0.0001647519812794823,0.5588045299287894,0.10157750744411875,0.08475715486500467
TCGA-DU-A76O-01A,epic,0.20164038646330545,6.093354758797874e-08,1.0745717721886829e-06,3.145171033636136e-05,0.0009103086840938744,0.6081976166564487,0.04222191653812046,0.14699718444237544
TCGA-DU-A76R-01A,epic,0.05018796505077395,1.1480994440439365e-08,2.5921828309486354e-07,0.0007422737593150816,7.069316315692335e-07,0.7243060228629375,0.018675287889325095,0.2060874728067391
TCGA-DU-A7T6-01A,epic,0.1552476349956252,5.3211798782768595e-06,5.111437135357682e-06,1.5993251463048878e-05,0.002498538239396513,0.48249178586931185,0.20131200802745486,0.15842360699973482
TCGA-DU-A7T8-01A,epic,0.218128837436575,3.4964012397374285e-07,3.38837692190787e-06,0.0012920293618964788,4.5828192948248046e-06,0.6197125654824872,0.023827223773567642,0.13703102310913298
TCGA-DU-A7TA-01A,epic,0.1430417859805116,9.525060845159443e-06,7.772071278668681e-09,3.5880585064864473e-06,1.9467695991443882e-05,0.6636412690925569,0.09255903177288198,0.10072532456663526
TCGA-DU-A7TB-01A,epic,0.00011704492882057952,1.6752183851296415e-05,2.5440211427695144e-07,1.250069617975306e-06,2.8680356301739105e-06,0.05223115119886644,0.8945782806391263,0.05305239854197307
TCGA-DU-A7TC-01A,epic,0.11259905291793013,2.8906567498462974e-08,8.803100910865019e-06,5.14503819575621e-06,9.988060023738444e-08,0.6550581954348033,0.04071063645714399,0.1916180382638482
TCGA-DU-A7TD-01A,epic,0.5012097063160539,0.22977817378737522,4.629225463965054e-06,2.1950304252526746e-05,6.770501487113647e-06,0.0006949937472850267,0.0011692343300295637,0.26711454178805266
TCGA-DU-A7TG-01A,epic,0.045019449992912054,1.26049022205362e-07,0.014954256951121148,9.259802008925214e-07,0.0026248129986074643,0.3478697314155216,0.12543168100330526,0.46409901560930933
TCGA-DU-A7TI-01A,epic,0.11487704081436434,8.556865415174769e-08,7.854725260703168e-08,4.422549154830771e-06,0.0002397614382427237,0.6530124623983529,0.05404964586898261,0.1778165028149959
TCGA-DU-A7TJ-01A,epic,0.3899310598781569,4.081171885289873e-06,1.6334796323311665e-06,8.017657407856603e-08,7.440859484707826e-06,0.4871987149197494,2.689691960757117e-05,0.12283009259490964
TCGA-E1-5302-01A,epic,0.2845741062428741,1.9169729301147594e-08,1.3500453539365763e-06,2.7166006563422363e-06,0.00045258272148120365,0.24816628664390467,0.09191448385617433,0.3748884547198261
TCGA-E1-5303-01A,epic,0.27356803483412917,1.2072424650357205e-05,2.230168417154076e-07,3.981210922766983e-06,4.5997929891910875e-06,0.36200453701265617,0.15602178861628,0.20838476309153064
TCGA-E1-5304-01A,epic,0.1901513265405055,1.1666224411922231e-07,3.601270763873364e-05,9.755790738859047e-06,7.180471778354482e-06,0.5791231127664542,0.17014048055782374,0.060532014502816305
TCGA-E1-5305-01A,epic,0.05687052354896773,8.068452278393819e-08,3.478570121813073e-07,1.5481166876994967e-06,1.8796839170142728e-05,0.7021580769617244,0.06272612897436693,0.17822449701754817
TCGA-E1-5307-01A,epic,0.060407017858872425,0.011819139096930486,4.9196876504973075e-05,2.2169468351021997e-06,7.265726118568421e-05,0.4000796024054536,0.08081903697144352,0.4467511325827741
TCGA-E1-5311-01A,epic,0.019830548406830597,1.517226586841138e-08,2.3480518368279462e-05,7.059820416858765e-07,5.561148170139232e-06,0.8546887200813621,0.025497720154718254,0.09995324853624304
TCGA-E1-5318-01A,epic,0.05134332921737881,6.292871877089396e-09,1.6614677118951457e-07,0.0005865064750974463,4.537129961034295e-07,0.8976511894233945,0.020217548987489793,0.03020079974400025
TCGA-E1-5319-01A,epic,0.05033760443445532,4.204169402101683e-07,2.5987155158286475e-06,4.94956587194748e-08,5.261853544658908e-07,0.7511842489846607,0.10300934730248128,0.09546520446493359
TCGA-E1-5322-01A,epic,0.1142250325936567,0.030175275524282983,5.477935243092415e-07,0.00023802360395428835,6.562277998309752e-07,0.6386236958781277,0.09676765803149634,0.11996911034715793
TCGA-E1-A7YD-01A,epic,0.39766712325758063,2.4924077548545253e-08,1.9402360455885522e-05,0.012272084107303266,6.962245085004006e-05,0.03605504431354672,0.0013668218015648586,0.552549876784621
TCGA-E1-A7YE-01A,epic,0.10716671250038956,1.246409499246161e-06,8.327767715642544e-07,9.267408029493054e-06,3.923673868976896e-07,0.6957503096920822,0.09540307540294281,0.1016681634428981
TCGA-E1-A7YH-01A,epic,0.06737710533640985,1.936485671199785e-06,2.4686143676697423e-06,0.0001649855943665097,0.0001228432478359457,0.4667274300398328,0.3268124022785832,0.1387908284029329
TCGA-E1-A7YI-01A,epic,0.11125334278455574,0.020435362290409813,6.996549009762276e-07,1.752062010794329e-05,1.7162057719107324e-06,0.6629964220704763,0.15765301780820898,0.04764191856556835
TCGA-E1-A7YJ-01A,epic,0.24655361160634853,2.804988172182722e-05,2.494513561709479e-07,8.096608039997105e-08,0.003085659678321381,0.5776302358376088,0.07605231383263594,0.09664979874592705
TCGA-E1-A7YK-01A,epic,0.11675142091525745,6.831987302499934e-06,4.977313213046748e-08,4.3256006816094105e-06,0.42671617385010335,0.08154269346822876,0.2741323537838617,0.10084615062143253
TCGA-E1-A7YL-01A,epic,0.329734598106676,0.004820302246313891,3.0561437325147945e-07,3.593270779740714e-06,0.0001317294117627416,3.4060075143319995e-05,1.9747045400786278e-07,0.6652752138044972
TCGA-E1-A7YM-01A,epic,0.046140031104491955,3.519577446746394e-08,1.3888874078618626e-05,1.0122845059566212e-05,2.2859836048702337e-05,0.22537746737233139,0.4866726765200094,0.24176291825220572
TCGA-E1-A7YN-01A,epic,0.29722525796057975,0.2223713461346534,5.107195018207007e-07,4.011651111037276e-05,4.2971597757831295e-08,1.213160946856029e-06,0.020131986614087632,0.46022952592752253
TCGA-E1-A7YO-01A,epic,0.04401239814332896,1.5708990447777614e-08,7.629963649040517e-07,0.000502594398057822,2.635309421955021e-06,0.825696967872887,0.011650406766436501,0.11813421880451237
TCGA-E1-A7YQ-01A,epic,0.1937877430356294,0.11646402065445742,0.0005340069400891315,0.0250672665086314,1.292675588602977e-06,0.5006381820912587,6.246274648796949e-08,0.16350742563159892
TCGA-E1-A7YS-01A,epic,0.060715891521071624,1.4015782688439116e-05,7.006444317468814e-07,8.205526834346573e-07,5.70680591939435e-07,0.711954333853475,0.054741544541312546,0.17257212242374526
TCGA-E1-A7YU-01A,epic,0.06233971084905642,5.765239513232248e-07,5.746268577813416e-06,0.0020809992834438045,7.936152219545579e-06,0.6732390843365418,0.13496052702890568,0.12736541955730366
TCGA-E1-A7YV-01A,epic,0.0672992251192843,1.0980270776837145e-08,5.109677226427074e-07,0.0001062161740349531,6.720931195464023e-05,0.7585759904022354,0.0577009418092679,0.11624989523522944
TCGA-E1-A7YW-01A,epic,0.1135568378276294,5.297741799329789e-05,4.173603029819631e-07,5.406118904875527e-05,8.766543458292488e-05,0.6863499783761876,0.041542633676587795,0.15835542871766725
TCGA-E1-A7YY-01A,epic,0.017607255875276652,0.0028291138736258694,0.03719119967067854,3.521527979363784e-06,0.24088281151318944,0.26750186148453775,0.07995145318444433,0.3540327828702681
TCGA-E1-A7Z2-01A,epic,0.13231714278972315,1.9076911558457548e-08,2.7557817492899697e-07,0.0005202331956229135,5.382054005881472e-07,0.24523211145289986,0.09265550329865567,0.5292741764026114
TCGA-E1-A7Z3-01A,epic,0.07038999322575464,1.621771604032057e-07,1.1696391104798925e-05,0.032682610461575654,0.00025361195920332516,0.4701856405072948,0.04859908855333758,0.37787719672456876
TCGA-E1-A7Z4-01A,epic,0.3639529919713629,3.8017350213433285e-05,2.0911444053276107e-05,7.589888807960159e-06,0.00037408206026427526,0.21735669735378454,5.8278920245623075e-06,0.4182438820394891
TCGA-E1-A7Z6-01A,epic,0.07437644057670857,5.252878777745182e-08,1.7410708848853066e-07,0.00015400317089946954,0.00012885524640448052,0.7450870355232463,1.4639623341658606e-07,0.1802532924506315
TCGA-EZ-7264-01A,epic,0.048996954566890676,5.325598114097099e-07,8.089984148642672e-08,4.809005536979335e-05,3.770666521137095e-06,0.7715008557250282,0.076725459758868,0.10272425576766922
TCGA-F6-A8O3-01A,epic,0.054638282050259016,8.175069181743266e-09,0.0017523135738203078,0.0018067301041711514,5.578027938482769e-06,0.8086456611984073,0.03261910732503363,0.10053231954530088
TCGA-F6-A8O4-01A,epic,0.10421338297693536,2.1911097630133473e-08,0.00020916878421029268,0.0012116877026191561,8.859434984647857e-06,0.5613618750345729,0.05618991630941601,0.276805087846164
TCGA-FG-5962-01B,epic,0.10837283930563306,7.890471156529054e-09,2.440959157957144e-07,0.00543576040470265,3.2481017364722423e-06,0.6245802052415089,0.040411521788138206,0.22119617317189383
TCGA-FG-5963-01A,epic,0.13980848030120546,0.1901500757552502,5.396818847820047e-06,6.127954807538603e-06,0.0003456658083082659,0.13954133490431267,0.35364330348446077,0.17649961497280736
TCGA-FG-5963-02A,epic,0.040114554466877304,2.0186493631494807e-05,1.0151993736863576e-06,1.3423026376531024e-06,6.870899372253329e-08,0.9129387614230999,0.04647448346232493,0.0004495879430612503
TCGA-FG-5964-01A,epic,0.24701487428629568,0.12555363732727554,0.00037111950443946475,2.2615834984837555e-06,6.569883243159263e-05,0.02389060045787172,0.22914624596838956,0.37395556203979785
TCGA-FG-5965-01B,epic,0.128230006996076,9.32838095799066e-05,7.246831992362994e-07,0.00020651781582175466,6.845443781847023e-05,0.5320870336899898,0.07702986686073869,0.26228411170677624
TCGA-FG-6688-01A,epic,0.38369235425741705,0.0001009488604625239,3.4854124625648765e-07,0.025337348267462187,0.0011109221898258307,4.213927569318817e-06,0.2695029227107704,0.3202509412452465
TCGA-FG-6689-01A,epic,0.04715061460329886,6.356747377371198e-09,3.189270858290232e-05,9.740537797706753e-08,0.0008061197853745584,0.7582790777153323,0.06755561284878478,0.12617657857650116
TCGA-FG-6690-01A,epic,0.0800152018358097,5.8645165270039965e-09,3.947293637519969e-07,3.0387257811788403e-05,6.829170289468083e-07,0.7814031702737062,0.019683906775457897,0.11886625034630516
TCGA-FG-6691-01A,epic,0.12108709748703317,0.007594916183620837,2.527342926064719e-07,0.0022013081958856995,4.262004185670823e-06,0.6760817548126674,0.0395949293386701,0.1534354792436446
TCGA-FG-6692-01A,epic,0.455853132725709,3.8679463178917456e-08,1.4381991687895226e-07,3.298708579851801e-05,0.002989721010849331,0.03932829231762857,0.05148688037559312,0.4503088039850414
TCGA-FG-7634-01A,epic,0.046036423080651055,0.02663728083405546,7.72799176904471e-06,1.7404118016025295e-05,0.00020607863739939442,0.7237473934936197,0.1334402642812518,0.0699074275632376
TCGA-FG-7636-01A,epic,0.14776362675372975,1.9656781849406048e-05,7.772027785749658e-06,4.527548944158331e-06,0.00010193706650853216,0.5135603182483338,0.1099459759121594,0.22859618566068923
TCGA-FG-7638-01B,epic,0.04239079676076104,1.070287934902561e-07,1.0240623407795137e-06,3.05831565464387e-07,0.00022299743670391018,0.7743262387917964,0.04389804781100079,0.13916048227703817
TCGA-FG-7641-01B,epic,0.0016236100150259906,9.150363868006578e-06,2.682263741355683e-06,2.959117541869679e-08,7.775810699684308e-07,0.8245734135967682,0.07743287273696563,0.09635746385138529
TCGA-FG-7643-01A,epic,0.022638323163507824,1.5372460877470921e-09,9.679863049531271e-09,0.0035739069042195937,4.971416668486879e-06,0.3472414885363591,0.3231618166167731,0.3033794821453628
TCGA-FG-8181-01A,epic,0.04108099348921282,1.2401399538309934e-07,0.0015939239302883675,0.0001838398980658603,1.405479325242592e-05,0.4603351880844423,0.04761756545363453,0.44917431033710825
TCGA-FG-8182-01A,epic,0.06248341742653407,3.210720508965497e-10,2.588355437258167e-06,6.101246811139515e-07,0.00013135245267814166,0.7233408302135094,0.15096962589188137,0.06307157521420668
TCGA-FG-8185-01A,epic,0.08195246916530623,9.477956310920842e-09,4.657212366298312e-07,2.444471351234587e-05,2.1679988820995686e-05,0.7257619110372835,0.07314967411687316,0.11908934577901074
TCGA-FG-8186-01A,epic,0.10753472160523288,5.266804808238901e-07,3.8055305575641654e-07,6.474590642537672e-06,2.1074768859759356e-05,0.5782122150598822,0.0769550341177462,0.2372695726241
TCGA-FG-8187-01A,epic,0.03910469862577182,0.011293946891930915,8.074666689341863e-06,0.17127164605730738,0.28070129427473256,0.3294456972495711,0.122232001131089,0.045942641102907855
TCGA-FG-8188-01A,epic,0.08330901847523874,8.005049296833481e-07,9.182834031431863e-07,2.22001169376888e-06,1.4326513848999946e-06,0.6338516597539172,0.1848526955681394,0.09798125475129311
TCGA-FG-8191-01A,epic,0.09326437049145236,4.4381185406658156e-07,8.65706511042355e-08,2.261667741216273e-05,2.9169655593589996e-05,0.5716092012038302,0.21693495533145837,0.1181391562577482
TCGA-FG-A4MT-01A,epic,0.2056887195712269,1.864375751158314e-07,0.00011818089945184627,6.578647701795761e-06,1.5398143379618738e-06,0.550458295873282,0.033133253616412305,0.21059324514001215
TCGA-FG-A4MT-02A,epic,0.0861251876451011,6.300683994026355e-08,2.6988443501482905e-06,4.1229097727490374e-05,3.3338532605203726e-05,0.47510036116510707,0.15878416802266107,0.279912953685608
TCGA-FG-A4MW-01A,epic,0.26052161648028016,1.528281482521766e-07,6.617905303378413e-06,1.1357595508555011e-05,1.6665177602065586e-05,0.1547785807005785,0.2808098557695227,0.3038551535430563
TCGA-FG-A4MX-01A,epic,0.12004895654117967,1.3072015421095846e-08,0.0006434750007934677,1.1217280804917365e-06,2.319919991844137e-06,0.7173912656089889,0.10160204267543542,0.06031080545351478
TCGA-FG-A4MY-01A,epic,0.1365515674426233,1.6462461058248856e-07,2.759861060915235e-06,7.828132214338193e-05,2.607342439395289e-05,0.4407884972167701,0.25937135171241366,0.16318130439598408
TCGA-FG-A60J-01A,epic,0.17076622046725082,9.760216033046507e-08,5.679478669139338e-07,0.00012155992282436009,1.5741799269657634e-05,0.6460691338025578,0.04126864844960001,0.1417580300084701
TCGA-FG-A60K-01A,epic,0.039972348535880345,6.614054288119512e-09,1.7857110306824382e-07,1.7347258570959527e-05,7.64697110580828e-06,0.8002956441084138,0.034754300821973054,0.12495252711889872
TCGA-FG-A60L-01A,epic,0.42894105682660627,4.548962709160097e-06,1.5518239305976497e-05,0.012643642152921393,0.00021322085432397245,0.0134066103229272,0.23484118556350767,0.30993421707769847
TCGA-FG-A6IZ-01A,epic,0.3411813087516224,1.7538268121128462e-07,7.737986413305916e-06,4.264386155370541e-06,1.4243051682121943e-05,0.2746777174034693,0.08806381171461396,0.29605074132336234
TCGA-FG-A6J1-01A,epic,0.16497617856629793,5.5997690689922264e-06,3.280674091217753e-06,0.0013269295451738762,3.805389356180157e-06,0.5621250985547546,0.037919782062121335,0.23363932543913593
TCGA-FG-A6J3-01A,epic,0.25141157947289455,0.0021511158559247997,0.00015881435912981385,0.000835163373835536,0.07966205811130585,0.06359772234027705,0.0013218739016598242,0.6008616725849726
TCGA-FG-A70Y-01A,epic,0.05593690376454754,1.0289503711477097e-06,6.901771519419758e-07,7.449744711525385e-05,1.1369396213281991e-06,0.656948593531593,0.11717456783034687,0.16986258135925283
TCGA-FG-A70Z-01A,epic,0.2941213937430015,1.710791125205073e-07,9.025223694062786e-07,0.0015489392616900464,3.7609401896341933e-06,0.3114432937678057,4.605723666548102e-05,0.39283548144916564
TCGA-FG-A710-01A,epic,0.10159134300537002,0.04818785443597873,0.00013998604893385107,8.45266364497311e-07,3.6072518242686063e-06,0.6456119790193307,0.04108783930657041,0.16337654566562754
TCGA-FG-A711-01A,epic,0.09057331483311702,1.2727781540933251e-05,1.2682932149452512e-05,1.428012391281576e-06,2.0701835352821885e-05,0.7046965573101578,0.027193709161736863,0.1774888781335539
TCGA-FG-A713-01A,epic,0.07114928920258541,3.579895709018551e-07,7.517994286611105e-05,0.004086537211143936,1.7687568754922992e-06,0.41826776056032594,0.22342819325862406,0.28299091307800806
TCGA-FG-A87N-01A,epic,0.09127689156225265,0.07855734795245463,3.105118868866696e-06,2.1497175423759876e-06,1.0776075745937005e-05,0.698488951534879,0.07526524396961941,0.056395534068637225
TCGA-FG-A87Q-01A,epic,0.09550745889171049,0.0003401350371720856,1.066891196383309e-06,1.1169421214383856e-06,0.4221375966079512,0.08892810567876229,0.20692058158904983,0.18616393836203626
TCGA-FN-7833-01A,epic,0.22207683514802448,1.6053464597260908e-06,7.678724694759924e-06,0.0003659898475513939,2.0679706085913604e-05,0.6720193095274523,3.992921105005292e-06,0.10550390877862638
TCGA-HT-7467-01A,epic,0.0003640961339734868,1.050808982827993e-09,5.220042473669403e-07,0.0006579580441290058,9.249439776183586e-06,0.38598436800557245,0.46579710479848535,0.14718670052300714
TCGA-HT-7468-01A,epic,0.0555591164733792,3.795043555289759e-08,2.9497835398049624e-07,1.1207170625138563e-06,7.5693625346015464e-06,0.8285108035560225,0.024650591830098618,0.09127046513211313
TCGA-HT-7469-01A,epic,0.17609492571558158,0.003108679532921591,3.8138855312768677e-06,3.2245085049999657e-05,4.97951576644988e-07,0.5135505115010603,0.09487165292089518,0.21233767340738338
TCGA-HT-7470-01A,epic,0.028132953416322663,2.6874545579654187e-08,5.101913506755379e-07,0.002625010472107534,4.99019953803737e-06,0.5584656796469457,0.2046646172504566,0.20610621194873333
TCGA-HT-7471-01A,epic,0.1733226681734772,0.023001041952812575,5.008932037560616e-06,2.1806757950310206e-06,8.779195791193226e-07,0.5239077574664258,0.08971151494827329,0.19004894993159932
TCGA-HT-7472-01A,epic,0.13705257228909562,4.704493227895178e-08,4.0316840286483266e-07,3.2474676720432195e-05,2.3554365262115114e-06,0.7118912958657942,0.057146148971498924,0.09387470254702934
TCGA-HT-7473-01A,epic,0.2783599929470665,1.2127849955683032e-07,1.9187464438716775e-05,0.0005965344294305224,2.497284337937701e-05,0.4484438987044007,0.021133586160301258,0.25142170617248344
TCGA-HT-7474-01A,epic,0.052591826294567365,1.6356152321907357e-08,1.4408200191573511e-06,1.6398983019772158e-05,0.0006915662046350436,0.5640185357467244,0.16382119477275192,0.21885902082212996
TCGA-HT-7475-01A,epic,0.02483810228055313,1.5615954886538094e-07,2.82190630297106e-06,2.555717491618786e-05,3.1067957802857395e-07,0.4569363954678224,0.19865917265965333,0.31953748367162493
TCGA-HT-7476-01A,epic,0.020771544385316424,4.7163179598352023e-07,0.000450000196133359,0.0023704794722523874,2.894005767200064e-07,0.6869006662971266,0.09576762865915107,0.19373891995764736
TCGA-HT-7477-01B,epic,0.11933894050459119,2.1056739677153863e-08,9.087704366235151e-07,0.0002676092324244163,1.5534870065632575e-06,0.7397928111919471,0.06105170604278879,0.07954644971406556
TCGA-HT-7478-01A,epic,0.0889373898856485,2.2248524518008415e-08,9.592885932404658e-07,2.5559848788612903e-07,0.00393870555578588,0.7268958138225963,0.08063067745592288,0.09959617614444082
TCGA-HT-7479-01A,epic,0.1649260754834002,1.9759094695923856e-09,0.00014082980839663585,0.004362285177613103,3.723469741264854e-06,0.4057766598303945,0.23838101419201346,0.18640941006253134
TCGA-HT-7480-01A,epic,0.03010994612891988,2.90018995683235e-05,6.217998597585278e-07,1.3651461309156887e-07,9.65923962344966e-07,0.862391492808199,0.03467964460207419,0.07278819032280338
TCGA-HT-7481-01A,epic,1.5078541387410204e-05,3.2966931163826397e-10,8.841453460120075e-07,2.553122483641811e-05,0.022077169759198226,0.44679262085112115,0.35310649870048044,0.17798221644796097
TCGA-HT-7482-01A,epic,0.09138250701856322,6.020560122641385e-09,1.4686417936899047e-05,2.3544770461255884e-05,2.2539378907465496e-06,0.5904840581649426,0.1430687699097553,0.17502417375989002
TCGA-HT-7483-01A,epic,0.043983485895842604,1.0205438720599763e-07,6.73483058167111e-07,4.861335597609096e-06,9.451237022400295e-05,0.7279924683198739,0.03787831720491322,0.19004557933610333
TCGA-HT-7485-01A,epic,0.0778607924148928,2.4049243214693024e-07,7.056315766624072e-08,2.219204287398033e-07,0.0009276789293148891,0.6036054976881059,0.079398327708092,0.23820717028357583
TCGA-HT-7601-01A,epic,0.1366448407118671,4.147863447409725e-07,0.001878010267344045,0.001044313995232993,7.006287759991149e-06,0.5497484971145553,0.20753862633051998,0.10313829050637585
TCGA-HT-7602-01A,epic,0.06279023548416457,1.95864094229919e-05,2.0457929403533213e-05,9.910075601254304e-05,0.00030247905736860425,0.7346889638218743,0.13486663578390565,0.06721254075784773
TCGA-HT-7603-01A,epic,1.9971764956769288e-08,2.3110562177237063e-06,9.074129686948942e-07,0.0011843936600812858,2.025876222853964e-05,0.7905611152969009,0.08119937382928258,0.12703162001055532
TCGA-HT-7604-01A,epic,0.09447466253450706,2.9092282274870702e-05,1.812008744440352e-05,5.185289868170316e-06,2.0286773715413428e-07,0.7512110371287781,0.048023465691482234,0.10623823411790803
TCGA-HT-7605-01A,epic,0.047921692706376764,4.040120022458087e-08,1.0316251077638588e-05,0.00012306488645950596,7.420547070047663e-05,0.7166240422995482,0.10699049441182093,0.12825614357281614
TCGA-HT-7606-01A,epic,0.06472539881570245,1.8086042154170023e-05,6.709482598713432e-07,6.488060608411879e-07,2.900908966549053e-06,0.7365062715870883,0.07723452707747283,0.12151149581429503
TCGA-HT-7607-01A,epic,0.07312619058364084,2.4447696914304713e-07,5.5706209243098164e-06,0.0003289416829110791,2.3785147357238018e-05,0.43734912585337665,0.1428708761231886,0.3462952655116321
TCGA-HT-7609-01A,epic,0.11143508423971611,1.7130951707878758e-05,4.1327726881015525e-07,3.441639346443316e-05,1.3827864485238804e-05,0.7980549503550083,0.02619559493711364,0.06424858198123576
TCGA-HT-7610-01A,epic,3.632516350391303e-09,1.7556771737948012e-09,0.0001592172987879209,0.0019687318468456045,0.0015952944026714742,0.7269009537270874,0.11202782217219036,0.15734797516422377
TCGA-HT-7611-01A,epic,0.34311780140824977,6.765442666469529e-05,0.0012774799486787133,4.051948565900899e-05,0.00029675178525758155,0.2482843720602718,0.09672260535709423,0.3101928155281243
TCGA-HT-7616-01A,epic,0.10181294117742835,1.7512707456460455e-06,0.0004306713887318351,9.032656244846164e-05,2.017887464468859e-05,0.5769274834337943,0.058123343167171444,0.2625933041250352
TCGA-HT-7620-01A,epic,0.09153812282354847,3.9117229091100683e-07,0.0002823273741482059,0.005081626411150758,0.00011330953560612138,0.43973334255751395,0.3649994322337904,0.09825144789195116
TCGA-HT-7676-01A,epic,0.12074276912248859,5.512281459551282e-07,3.41336833328792e-06,3.829402993247852e-06,0.00011408883530343541,0.7099293070152356,0.0689145907134412,0.1002914503140586
TCGA-HT-7677-01A,epic,0.05444468699344582,3.599310541124606e-09,0.0001994023056465789,0.0006525898857117884,2.9635865857416232e-05,0.7677941343619316,0.06815194516528286,0.10872760182281356
TCGA-HT-7680-01A,epic,0.2110095811936048,3.2337114384210226e-05,3.0251392933417546e-05,0.00830233217935702,1.4608268205293056e-05,0.4355483254392092,4.5999557122470706e-07,0.3450621044167347
TCGA-HT-7681-01A,epic,0.017118621771937945,1.1110710336656849e-05,1.0002918614303758e-07,5.0307596679426874e-05,0.0018467056831853118,0.7554180761575546,0.06056274823718534,0.16499232981393472
TCGA-HT-7684-01A,epic,0.12958856040672947,8.182706768868698e-06,2.451961986906306e-05,0.00015126937049199967,0.00025519214097718615,0.291544874613699,0.009567870855832605,0.5688595302856319
TCGA-HT-7686-01A,epic,0.12011037924566535,2.1657460136151684e-07,2.4228577040444965e-07,0.00020380713842600983,1.2982850888461404e-05,0.7164280880354397,0.05007774881272601,0.11316653505648278
TCGA-HT-7687-01A,epic,0.11757453165954213,2.2279609859758346e-08,1.3319757409913752e-06,0.0014178167101429864,1.911587144774021e-06,0.6033252655269981,0.1409159409574352,0.1367631793033859
TCGA-HT-7688-01A,epic,0.01010192547770992,1.6579821736438624e-06,0.013805525846823131,1.7673901971230168e-06,5.630758706780315e-06,0.4979343178717398,0.1913222672612486,0.286826907411401
TCGA-HT-7689-01A,epic,0.10469631193195109,8.797427931324233e-09,1.1334026553524689e-06,7.906146151244785e-08,0.0017136199143887726,0.5489382846329868,0.169643206323081,0.17500735593604763
TCGA-HT-7690-01A,epic,0.17139959844862337,1.4678337024757e-06,5.00698402126945e-07,1.3725672241288973e-06,0.00010648365659496564,0.5267393465295529,0.14196652775673543,0.15978470250916454
TCGA-HT-7691-01A,epic,0.07869310187710887,2.1895301644865315e-05,8.444648447238731e-07,0.00013579953485302198,5.53013296812204e-06,0.5521288484550682,8.228229797509455e-06,0.3690057520037148
TCGA-HT-7692-01A,epic,0.09178896753116367,7.627506796480185e-08,4.1249743083029755e-07,1.7455076121296675e-06,6.591407327233952e-05,0.7195901574510806,0.0683177416698337,0.12023498499453884
TCGA-HT-7693-01A,epic,0.03060937055886162,0.04804587351877062,5.051252461575922e-08,2.20903230524548e-08,0.00039324083510589025,0.8300504096689887,0.03241889225822152,0.058482140557203896
TCGA-HT-7694-01A,epic,0.007328089662871256,6.106073644247017e-08,0.0002602392794147281,1.934784094289767e-06,3.7195059894035693e-05,0.5828067353489478,0.1873011839456282,0.22226456085841323
TCGA-HT-7695-01A,epic,0.007468838099121781,2.426537279637751e-07,9.577517438085301e-07,2.055900033755549e-05,0.00014846121346097832,0.7714459089587178,0.09450057277861304,0.12641445954427707
TCGA-HT-7854-01A,epic,0.4220417533489549,0.00018815840704908366,6.854837487649056e-07,6.455271761744224e-05,0.00040148256152738616,2.446636466576045e-05,0.08998670476598707,0.4872921963504496
TCGA-HT-7855-01A,epic,0.043003457948490593,2.8222892034452335e-06,6.352898745565354e-08,4.752563159754153e-06,2.3520808814215487e-06,0.8583373684659041,0.02230677384289519,0.07634240928047814
TCGA-HT-7856-01A,epic,1.970343059679397e-07,2.942697118097912e-07,0.010355864697130119,3.560942165144147e-06,0.011066962200819428,0.37043730704330124,0.2980394733988319,0.31009634041373446
TCGA-HT-7857-01A,epic,0.09814902283280007,0.09317062410833268,5.062247400252725e-07,1.0792286654459585e-06,0.002123066009725601,0.7333825453795758,0.024304241652827147,0.048868914563333254
TCGA-HT-7858-01A,epic,0.11696782620729586,3.5352372057440094e-07,1.352023924470443e-07,0.0002120797283463552,4.5574798715720205e-05,0.5855140918832389,0.17816829601400505,0.11909164264228503
TCGA-HT-7860-01A,epic,0.11960939806035563,0.00014466337038161522,0.0009227739384259624,4.566435753849744e-07,7.976559109898468e-06,0.5337806464933998,1.7493914491421733e-05,0.34551659102026033
TCGA-HT-7873-01B,epic,0.03378844791513526,2.486214886653634e-08,3.4848717063802064e-08,4.6777634664228415e-05,0.0005410609035874293,0.7797069856201191,0.09249910509528377,0.09341756312034445
TCGA-HT-7874-01A,epic,8.486602910649181e-08,8.216359757539176e-09,9.34613690223372e-07,0.00012624087295774102,8.345580187573222e-05,0.6512668115882462,0.1283728328597313,0.22014963118111006
TCGA-HT-7875-01A,epic,0.01988247919576295,4.767788159090322e-08,8.256743714249545e-08,0.0006411776132480588,0.0011393720953811327,0.8948979290074931,0.009403890754951367,0.07403502108784464
TCGA-HT-7877-01A,epic,2.673994358821548e-07,8.92632986813499e-09,2.09539070189673e-07,0.005122718144041257,1.062354058962e-06,0.7918365001412995,0.09642720903527634,0.10661202446048802
TCGA-HT-7879-01A,epic,0.19583223406364694,1.7171453547933624e-06,6.047220960464264e-07,0.00030853605376506124,0.00011127757850069594,0.45748058733503166,0.1142237385554896,0.23204130454611518
TCGA-HT-7880-01A,epic,0.12581034295680693,2.7200182680483097e-05,4.4446232443050404e-05,0.0005793288381595379,0.0006152124705820647,0.42956040166815934,0.23746696007656642,0.20589610757460217
TCGA-HT-7881-01A,epic,0.01233819464277756,9.880899972277483e-06,1.1485182704488503e-07,2.6242049903082704e-05,0.001070923875525069,0.5746867777909995,0.27479413546356785,0.13707373042542767
TCGA-HT-7882-01A,epic,0.040656918432385725,0.12722432302218453,4.3035714450264236e-08,3.374149736969991e-06,0.00030039725826267583,0.7657838531282684,0.0021300965615141014,0.06390099441193337
TCGA-HT-7884-01B,epic,0.014687103709999812,3.979360863128018e-09,8.180554190727806e-06,5.427478517572813e-06,0.0014851908755182815,0.69689964421168,0.14629789106320268,0.14061655812753004
TCGA-HT-7902-01A,epic,0.00013416813492701102,2.100434735324985e-08,6.595841337878735e-07,0.00017690533878729402,3.5894781724531644e-06,0.1910887649421215,0.6601038530775722,0.1484920384399385
TCGA-HT-8010-01A,epic,0.08304450836494263,3.1140943490540304e-08,1.2638202381300617e-05,8.961770260296808e-06,1.8062902085423196e-06,0.732537560971346,0.007071761317967411,0.17732273194195022
TCGA-HT-8011-01A,epic,0.21648313613786704,0.00011058151874451112,5.150946799828296e-08,0.00010573256444503736,1.3157333155193695e-06,0.4096917120817776,1.7634426726304438e-07,0.3736072941101151
TCGA-HT-8012-01A,epic,0.05274746935528215,9.742709413694229e-06,2.3472821337964577e-07,1.4548278762802996e-06,6.52931365375421e-06,0.8577793586116026,0.017938104632437352,0.0715171058215208
TCGA-HT-8013-01A,epic,0.2845303012933397,0.18454003212746048,0.0002963805030151535,6.331104860122319e-06,5.7056469214376716e-06,0.29563066163371243,0.07241834106182492,0.16257224662886563
TCGA-HT-8015-01B,epic,0.17372216263866125,1.992897488862441e-07,5.674782679485872e-07,6.720614643544905e-05,1.2181101728876868e-05,0.40145312866744093,0.1683495078236695,0.2563950468540471
TCGA-HT-8018-01A,epic,0.14613729885039223,5.362942098457147e-06,1.5531477847987871e-06,0.0005617376424588314,1.6448432214576662e-05,0.45893597845457323,0.0020959086701802685,0.3922457118602977
TCGA-HT-8104-01A,epic,0.3288398999527175,4.693263681873996e-05,2.882666067885049e-07,0.0002353936683682791,1.1510236022455308e-05,0.045842943124050274,0.18127172413292478,0.4437513079824912
TCGA-HT-8105-01A,epic,0.03642922010752305,0.00010877939353410242,9.519143284205451e-07,0.004969671257411528,6.476045559489205e-07,0.7131829479978258,0.054525694694253904,0.1907820870305672
TCGA-HT-8106-01A,epic,0.044531359026744176,0.17452180052742522,4.2051426894993283e-08,0.0002940942205420093,0.4599884960955138,0.16768420656825808,0.08751162731507205,0.06546837419501779
TCGA-HT-8107-01A,epic,2.7455538630440455e-09,2.657809442024598e-06,0.0012388276825920073,0.022742150019865286,1.6282187077390957e-06,0.23783490675897495,0.40560206651414676,0.33257776025071717
TCGA-HT-8108-01A,epic,0.06511981399204506,1.532764118221068e-08,8.980702774012129e-08,9.105403620357964e-05,6.8114268344871365e-06,0.8051972628602586,0.03486193493571865,0.09472301761427063
TCGA-HT-8109-01A,epic,0.04512823912747459,2.576078146254285e-09,3.063946343213117e-07,0.0002822072527471785,8.827615914616609e-05,0.6728391729193214,0.11908571235693476,0.16257608321366349
TCGA-HT-8110-01A,epic,0.35645248401984997,0.13931063556965886,9.917481094762677e-07,0.0004975430125049309,1.2468682253243746e-05,0.32234381994577327,0.006866339049671718,0.17451571797217855
TCGA-HT-8111-01A,epic,0.12851976114013589,4.1281734451120536e-07,4.931521161906324e-07,6.213936852637529e-05,1.0830670132043989e-07,0.6284671780485559,0.11858560590340661,0.12436430126321316
TCGA-HT-8113-01A,epic,4.709928053644102e-06,9.060120789523295e-08,0.0003952883459672215,2.886825299956146e-06,0.00012275636058812692,0.5807799985417674,0.1361459144245485,0.28254835497256714
TCGA-HT-8114-01A,epic,0.0809840509707239,1.4446905663066953e-05,3.3780495815763003e-07,3.367717070120141e-05,0.000924512983084938,0.7373012489168289,0.030793510588985832,0.14994821465905406
TCGA-HT-8563-01A,epic,0.09975060821447725,0.07904646669402197,3.1872545411239595e-07,1.1930492089198814e-06,7.363988157098993e-05,0.6574446886006792,0.0015737014253092596,0.1621093834092782
TCGA-HT-8564-01A,epic,0.036659646648014514,7.758490722733839e-08,5.551166878053874e-05,0.00041965287160866855,5.557845983037661e-07,0.7862295070834832,0.07091071843050868,0.10572432992809874
TCGA-HT-A4DS-01A,epic,0.5098332582317554,3.9204918969058975e-08,4.0092283726081016e-06,0.0006060886173172096,0.000505503157770317,1.3111625362692866e-05,0.00019913506618464215,0.48883885486831824
TCGA-HT-A5R5-01A,epic,0.1640340487698548,8.413830026043398e-08,6.788690543820953e-08,0.0002377084262382694,0.0001958840324152189,0.6821724835900288,6.588780120611237e-08,0.153359657268456
TCGA-HT-A5R7-01A,epic,0.14409174006842412,8.015731696451297e-08,2.8590957809719587e-06,0.0027967991204296606,4.07889712185712e-05,0.44005243184955894,0.12370687375456045,0.28930842698271036
TCGA-HT-A5R9-01A,epic,0.1478382394743655,2.046769020186989e-08,2.729582012362612e-06,0.0007908270618152461,5.1202757143887895e-06,0.6143226452602301,0.04999258250687842,0.18704783537129385
TCGA-HT-A5RA-01A,epic,0.16794287068358899,9.380482849134253e-06,1.0973721639700443e-05,2.012096175440513e-07,4.588167731269094e-05,0.39752800101648395,1.4571595729537633e-05,0.4344481196127785
TCGA-HT-A5RB-01A,epic,0.03550465810272271,1.905029546266705e-05,1.0347311611363872e-06,2.308695844280881e-06,4.966980691973921e-06,0.6677023251618547,0.08703956768261514,0.20972608834964745
TCGA-HT-A5RC-01A,epic,0.3577243004873955,1.1569474397508058e-07,0.0011330577497503987,1.1423182635377657e-05,0.02156937296199381,0.009592901488249674,0.0045630711385481705,0.6054057572966832
TCGA-HT-A614-01A,epic,0.08293082208378064,7.81842654848006e-07,3.1997191915750255e-07,1.3506270172042598e-05,3.7857894291418453e-06,0.4584776141219666,0.23821947108098848,0.22035369883908906
TCGA-HT-A615-01A,epic,0.04878266312238772,9.576232621546022e-07,2.7928671208033637e-08,0.0005550133670983971,1.3564329555496277e-06,0.810805823387286,0.045295915486186646,0.09455824265215212
TCGA-HT-A616-01A,epic,0.01568628249649754,1.3754698486434032e-06,1.0831795177156605e-05,1.2921326449394905e-06,7.747100023304187e-07,0.7147768079717723,0.036192772317640204,0.23332986310641685
TCGA-HT-A617-01A,epic,0.1568942927091349,0.0782233380892989,5.725504489839561e-07,0.0003442352937134252,7.985413653730652e-06,0.3045792648925298,0.07400421642501881,0.38594609462620144
TCGA-HT-A618-01A,epic,0.19985796734296207,2.7443230172241347e-08,8.030574112489577e-06,1.06304133001193e-05,3.980410567272424e-06,0.5519444262061403,0.04533379596397677,0.2028411416457108
TCGA-HT-A61C-01A,epic,0.1590708106189809,0.21339261819394548,1.143965631586755e-07,4.4566894464768705e-07,2.1741833969418786e-05,0.3937518769861787,0.08519868012862268,0.14856371217279493
TCGA-HT-A74H-01A,epic,0.351563136700552,1.4584168831105217e-09,0.0001290832492680865,1.3600054890708007e-05,0.0004926821077948298,0.0002487054659113125,0.22074808769186044,0.4268047032713058
TCGA-HT-A74J-01A,epic,0.26823532810128786,4.740555508244822e-08,0.0005247564936384434,4.986363552234643e-06,2.0361339662892864e-05,0.07494569570767479,0.05618004822644934,0.6000887763621795
TCGA-HT-A74K-01A,epic,0.2927342795978998,9.381196043011607e-07,7.625931740956793e-08,2.1395882975464883e-06,0.00041320202072172473,0.10598988243417319,0.21402606710582978,0.3868334148741562
TCGA-HT-A74L-01A,epic,0.024363284547737323,2.9022970014118095e-08,0.0006944301216607855,4.819179080700458e-07,9.074710425802545e-06,0.8245347169478825,0.0496630181014727,0.10073496462994293
TCGA-HT-A74O-01A,epic,0.2708975588028971,3.168249828057361e-05,1.270375013581024e-05,0.00753521687483055,2.701528272414592e-05,0.38935011413275833,0.1854437596128121,0.14670194904556141
TCGA-HW-7486-01A,epic,0.006793434041225701,6.042627861199584e-09,1.9219647371978808e-05,0.001779749696000973,1.6402169464750514e-05,0.5132196189448152,0.37911546883948544,0.09905610061900806
TCGA-HW-7487-01A,epic,1.3063727249891134e-07,6.031766923053923e-06,4.4600564277299827e-07,2.9159679513796546e-05,0.0008491628201154827,0.5696540320819794,0.16883269753707508,0.2606283394714779
TCGA-HW-7489-01A,epic,0.0652638403901142,0.00015250888367080722,7.592493463053708e-07,3.1845385473594155e-06,0.001495020243197089,0.580386221170864,0.0752514701148007,0.27744699540945955
TCGA-HW-7490-01A,epic,0.11966001181633447,1.1656183816864063e-06,6.9352621120339085e-06,0.0004126837515462388,8.71539174159353e-05,0.7370876430463488,0.03432439135757171,0.10842001523028914
TCGA-HW-7491-01A,epic,0.043428522149963386,2.4829235401320404e-08,8.195568600315219e-07,4.985333223644636e-05,1.0390689989447733e-06,0.7072363506812335,0.1384956075737939,0.11078778280767845
TCGA-HW-7493-01A,epic,0.12839659405575235,2.4869168314381484e-05,0.00017277487105371692,9.526930619677833e-05,3.3010944928640087e-06,0.5839581545661852,0.0008720445482470745,0.28647699238975755
TCGA-HW-7495-01A,epic,0.011245586146405459,2.804635091351599e-07,1.5330312251694763e-06,1.2648916491683641e-05,0.0016668071233202322,0.687603398960457,0.18204464600584158,0.11742509935274983
TCGA-HW-8319-01A,epic,0.07671725388210514,4.187756437895924e-06,0.00032534324702974217,0.00011827172705445602,0.015627289738715706,0.5589114905288316,0.09429508231030342,0.25400108080952205
TCGA-HW-8320-01A,epic,0.07810286698984656,1.0694104560320501e-06,3.664786142565847e-07,3.8392711069103994e-08,8.576926448299805e-05,0.7993557195250245,0.014722123972499269,0.1077320459663653
TCGA-HW-8321-01A,epic,0.05977899500301826,3.675535218395781e-07,8.875051555023154e-07,6.455600402886989e-05,7.5024156607812905e-06,0.7624108872382411,0.10330060829233136,0.07443619598804234
TCGA-HW-8322-01A,epic,0.0612831137580015,4.880926784572366e-07,0.00031779845248636304,6.468349259893131e-06,0.0015230071242563225,0.744805408215417,0.09515867913195455,0.09690503687594587
TCGA-HW-A5KJ-01A,epic,0.13926709048359964,8.225429745935971e-07,4.310561273815783e-06,0.00872638290409309,0.0015278084544697384,0.5947641268902742,0.059647173449057574,0.19606228471425735
TCGA-HW-A5KK-01A,epic,0.29030612780679876,5.035709990317123e-07,4.48868589802405e-06,0.030276238989337362,0.0001225012605147705,0.002261170048290194,0.3506716608715754,0.32635730876658653
TCGA-HW-A5KL-01A,epic,0.1881436961670366,1.8584541801354542e-07,1.7987054625012354e-05,4.389351814300524e-06,1.321613652561484e-06,0.5552588025236974,0.10857281770214446,0.14800079974161173
TCGA-HW-A5KM-01A,epic,0.454408217702737,2.7004153872981544e-05,0.0004622883922425646,5.0241167041390135e-05,5.5779423405393166e-05,0.00011393615348161838,0.1587619513599373,0.38612058164728175
TCGA-IK-7675-01A,epic,0.24664834440110214,6.308047989909119e-06,5.462865265804961e-08,8.02917101355465e-06,1.1952120986735726e-05,0.48913392635305525,0.13189312989872815,0.13229825537847156
TCGA-IK-8125-01A,epic,0.051833279852567686,6.13377131042114e-07,0.00010635688385076707,9.334755603898995e-06,6.635140840529422e-05,0.7400777830707445,0.02018980837334758,0.18771647227834926
TCGA-KT-A74X-01A,epic,0.09465624205729316,4.493867951705277e-09,0.00011994952732449345,6.560002295789043e-07,1.0198632106890638e-05,0.6864171260943887,0.1075533098853035,0.1112425133094857
TCGA-KT-A7W1-01A,epic,0.16128557921327266,9.433848470913656e-06,0.00011590430969848568,4.65015192902679e-07,7.879317899032667e-06,0.6548781433785278,4.3268147670886905e-09,0.18370259059012356
TCGA-P5-A5ET-01A,epic,0.013132785022047113,5.385114350889381e-08,2.328262072444307e-05,1.8186172002257148e-07,0.0003908735451603778,0.7897409578763573,0.10458662752604161,0.09212523769680557
TCGA-P5-A5EU-01A,epic,0.16770718729160727,0.1181794362246477,1.416627975232408e-07,3.583709233741264e-05,0.0001062885005915516,0.631628894965173,0.003559130745520977,0.0787830835173244
TCGA-P5-A5EV-01A,epic,0.04782440742091212,1.1785870869317337e-08,6.787407563124602e-07,0.0002828481098624592,9.122735254116685e-06,0.7649015734261837,0.015191073955115804,0.17179028382604467
TCGA-P5-A5EW-01A,epic,0.07425041821065219,5.297479817873471e-07,1.0147199893178294e-07,3.652047466356614e-06,8.345257616692293e-05,0.7661699155807542,0.021448659328090158,0.13804327103688935
TCGA-P5-A5EX-01A,epic,0.29461232169624285,7.845853986877432e-09,0.0014749672609702172,0.00017244082560326324,7.803357351910363e-05,0.3920194828709861,3.970682176061172e-08,0.31164270622000273
TCGA-P5-A5EY-01A,epic,0.12858627234456613,2.302039883519653e-07,2.893571144157912e-07,9.044972627360291e-06,4.408540290004145e-05,0.3118854109012432,0.014701180755025222,0.5447734860625354
TCGA-P5-A5EZ-01A,epic,0.13175288063870735,1.014983131962417e-07,1.646713733919518e-05,5.4932555620697145e-05,1.7083749020134221e-06,0.36575270981455843,0.3887512310905256,0.11366996889003349
TCGA-P5-A5F0-01A,epic,0.0746227533246529,1.0916102684785086e-07,1.4023577900880439e-05,0.007791812201725669,3.5163561016198877e-06,0.3133897238379416,0.11619331136795728,0.48798475017269316
TCGA-P5-A5F1-01A,epic,0.23662601747460174,2.4947027214517143e-08,0.00010517434378695476,3.531338331766635e-07,3.0387862805697255e-05,0.5043671479103674,0.004555911040664468,0.25431498328691327
TCGA-P5-A5F2-01A,epic,0.044205617942241406,6.20664975838987e-08,3.960505223024281e-07,1.8805363639310592e-05,2.2074988063469203e-07,0.7208034190906364,0.04838004194796068,0.18659143678862158
TCGA-P5-A5F4-01A,epic,6.255098186931674e-08,4.2652739662428606e-08,1.5282611620498902e-06,0.000774328224323228,1.599563824799802e-05,0.64221541649341,0.11405015682611365,0.24294246935302158
TCGA-P5-A5F6-01A,epic,0.03262288174222519,0.003224624434874387,3.465711872086814e-05,5.17909448891615e-06,1.042199647322482e-05,0.7704441804694029,6.4126921291704965e-09,0.19365804873112225
TCGA-P5-A72U-01A,epic,0.038345346939752126,2.149462637455021e-07,0.004082652618931299,5.174556255259758e-05,0.012272924754108473,0.00013814745802517392,0.0008193087347487489,0.9442896589856179
TCGA-P5-A72W-01A,epic,0.24866298813005455,4.5429670869559674e-08,1.0246314422435781e-06,8.130481779244464e-06,3.1325883183971776e-06,0.38821206111124584,0.08654378842040161,0.2765688292070872
TCGA-P5-A72X-01A,epic,0.13225931009963274,3.016319657082692e-08,1.2527288170286159e-06,0.0004477097266844188,3.511390596241427e-05,0.6568285365230926,6.784352504368891e-06,0.21042126250010998
TCGA-P5-A72Z-01A,epic,0.41316869835167314,0.00012385728066662203,3.315889416519795e-06,1.4499469608414536e-05,0.00010400023748124389,0.12928157933243453,0.34606032824670324,0.11124372119201632
TCGA-P5-A730-01A,epic,0.1136368027174256,5.726000315096065e-08,4.068917412259107e-07,2.7042754353682343e-08,5.9298847801005106e-05,0.45767589041118145,0.2725435512257136,0.1560839656033796
TCGA-P5-A731-01A,epic,0.10001313379798772,1.086923613759371e-07,1.423290931412454e-06,0.00012210887090126173,2.448007671472508e-06,0.7766719608184843,0.004886449745478357,0.11830236677618415
TCGA-P5-A733-01A,epic,0.0328885583719409,2.957052731966998e-08,3.459583282496348e-06,1.6833938269276793e-06,9.382313516741458e-07,0.8221352701061518,0.008908906036362225,0.13606115470655655
TCGA-P5-A735-01A,epic,0.18311835732861914,1.1139662116885194e-07,0.0005564831101181576,9.85299536023477e-07,2.6915935917583705e-06,0.403166369889013,0.15705922523093965,0.25609577615156115
TCGA-P5-A736-01A,epic,0.44186606264115486,2.4180794420349035e-05,5.109504891246754e-06,3.0033401114096497e-06,2.108612975354844e-06,0.22287879086495876,4.5576189074478826e-07,0.3352202884795972
TCGA-P5-A737-01A,epic,0.16891394828378775,2.742176794084467e-06,1.7399267350039683e-07,6.601506961338237e-07,1.9117272111109795e-06,0.6597376532765268,0.04703389247384538,0.12430901791846519
TCGA-P5-A77W-01A,epic,0.14201114849436577,8.391709336416157e-09,1.9313068248394857e-06,8.466847763495495e-06,0.001611164133797537,0.6317783703950848,0.1450036581691782,0.07958525226127613
TCGA-P5-A77X-01A,epic,0.03381650705783019,5.021562866956172e-07,1.022045952733375e-06,1.2037920791733188e-05,9.781086838783065e-06,0.8053757060946676,0.029718018675821137,0.13106642496181106
TCGA-P5-A780-01A,epic,0.07021205479719139,4.975182417696939e-05,3.1751316943825144e-06,1.0082557446932369e-05,3.374392244434204e-05,0.5801537231903383,0.22177562239907528,0.12776184617763242
TCGA-P5-A781-01A,epic,0.06338631605766723,4.2550562267587536e-08,5.245969914101023e-07,1.5719177936315406e-06,1.0299901190274705e-05,0.6376672298805114,0.1155960290182024,0.18333798607708143
TCGA-QH-A65R-01A,epic,0.10490087349046855,3.640981809974329e-08,1.4537129603902663e-08,2.029643750447877e-07,1.0254265144784449e-06,0.6584686472173927,0.08857406517369026,0.1480551347806112
TCGA-QH-A65S-01A,epic,0.12072348296616107,5.15144227811491e-08,1.6996506463340573e-05,4.779460320206791e-05,0.004639918036109181,0.5863516149638627,0.1742125211169567,0.11400762029282223
TCGA-QH-A65V-01A,epic,0.1077552451430563,5.163998446087965e-08,1.3378424836917386e-07,3.1770517039779257e-06,0.0002986846288129567,0.5356593893385582,0.19028122507237846,0.16600209334125732
TCGA-QH-A65X-01A,epic,0.12933368765739883,6.859964167395386e-06,1.0534853334961352e-06,3.9950694326756673e-07,6.038952130625258e-07,0.6442310594668792,0.062167210979497234,0.16425912504456755
TCGA-QH-A65Z-01A,epic,0.06211165144903847,3.8319988562540876e-08,6.683131513311893e-08,0.0007877643660588065,9.398886392899328e-07,0.7422926052600044,0.05563970134373813,0.13916723254121732
TCGA-QH-A6CS-01A,epic,0.15250808437389549,8.61654262758221e-05,0.00015434859418061878,0.0015326624700841662,0.2996396115417454,0.001371617286497926,0.05796429708151242,0.4867432132258081
TCGA-QH-A6CU-01A,epic,0.14469450204333778,7.856937866632163e-08,3.1101946191879695e-05,1.105620288644622e-05,2.0388625046508927e-05,0.515766655597692,0.1328698006057977,0.20660641640966895
TCGA-QH-A6CV-01A,epic,0.1857981516824802,0.008833540548767563,3.082883873016389e-05,4.440482236335259e-06,0.00019919423535456662,0.6037510529872174,0.0681157370172056,0.1332670542080081
TCGA-QH-A6CW-01A,epic,0.45878382533050666,0.00011141693061235122,1.04122737837153e-05,0.00014980533278978863,0.002724358734480843,0.11712798096667462,0.03990701214286979,0.38118518828828224
TCGA-QH-A6CX-01A,epic,0.32182791151234286,3.3461047556572557e-06,9.473433235251678e-06,4.065809986793823e-06,6.362032798529042e-05,1.2699725597395908e-05,0.1796544713882764,0.4984244116978204
TCGA-QH-A6CY-01A,epic,0.007027077362309234,3.450134027231236e-08,1.2308871405015318e-07,0.0003801366265117492,1.6700917382615178e-06,0.6811380051264231,0.15922217128244248,0.15223078192052097
TCGA-QH-A6CZ-01A,epic,0.046550114958502,3.435034873715974e-05,6.021796759617132e-07,0.00014714127923444963,5.1088919704546606e-05,0.5602520450011672,0.11013245210270987,0.2828322052102688
TCGA-QH-A6X3-01A,epic,0.05853952499615582,1.9846095183296085e-08,7.260309796762426e-05,1.40528082891325e-06,8.631730187944066e-07,0.7730241835673861,0.0627353179564763,0.10562608208207117
TCGA-QH-A6X4-01A,epic,0.08150828014772973,5.371468988045301e-06,9.100120921983419e-06,1.0276038445232034e-06,3.030361157612629e-06,0.522973931176281,0.29614203142711987,0.0993572276939573
TCGA-QH-A6X5-01A,epic,0.03985148592280477,1.4772741368573087e-05,5.133748428403644e-06,2.800319955243864e-05,0.0006396063557625436,0.626432628903449,0.17685091462755392,0.15617745450108028
TCGA-QH-A6X8-01A,epic,0.058107998043529605,1.5199419595171444e-06,0.001946022977976467,1.0469434285506151e-06,0.15238573450191198,0.4887693714674994,0.17938474571671992,0.11940356040697464
TCGA-QH-A6X9-01A,epic,0.0886127760216689,4.904970053502755e-06,3.0420092362715976e-05,1.5620091151151685e-06,4.132317575479298e-05,0.5816474387088044,0.08274332023364028,0.24691825478860022
TCGA-QH-A6XA-01A,epic,0.10021243909833834,5.822837605660713e-08,6.288650395645685e-06,0.0001469503254196732,0.0001374226195228355,0.6381346092196057,0.11370825899524024,0.14765397286310153
TCGA-QH-A6XC-01A,epic,0.36563875467486506,3.203187364080553e-07,2.6615464593907252e-05,0.0017520969103762265,0.002466784784823797,9.259410145649459e-07,0.10666034265814475,0.5234541592474452
TCGA-QH-A86X-01A,epic,0.052581285709440914,2.95235787992191e-07,7.375647580540246e-07,2.6363550393329726e-05,6.932893199248248e-05,0.8082386181538964,0.01923075554102087,0.11985261531271006
TCGA-QH-A870-01A,epic,0.06841714493332271,1.897035912911488e-07,1.6899343447333e-07,1.6075667748170326e-06,0.004257682966174635,0.7387026379662127,0.01092987828716294,0.17769068958332634
TCGA-R8-A6MK-01A,epic,0.05418663386583628,4.2022872914907965e-06,3.9942912896786266e-07,0.00046575329597842266,0.00012000014323085,0.870499697705373,0.00736252588164518,0.06736078739151578
TCGA-R8-A6ML-01A,epic,0.10637768137872271,3.2501993506300256e-08,1.6378792224365763e-06,8.479435551808328e-07,2.227491387590441e-06,0.6906302384358365,0.06143273993728929,0.14155459443199297
TCGA-R8-A6MO-01A,epic,0.06333154935067663,7.216449476401393e-09,9.228077769120601e-07,3.743182648630846e-05,3.416207084480507e-07,0.5925195895721982,0.2418855803882292,0.10222457721747487
TCGA-R8-A6YH-01A,epic,0.13250122227887393,1.1481941529696895e-08,4.657692095262123e-06,3.852881560865666e-06,2.723638938536654e-06,0.7583472707841395,0.019153907739838254,0.08998635350261215
TCGA-RY-A83X-01A,epic,0.020054964532431527,5.259132923008461e-10,1.1874783843313718e-06,7.771428710329088e-06,0.011856505962689334,0.7903363521509249,0.09650501931516843,0.08123819860577793
TCGA-RY-A83Y-01A,epic,0.08644970753783178,6.269252738630011e-07,3.460373333019034e-07,0.00021850099990666978,2.435930262690252e-08,0.7361751033668681,0.052665093642411974,0.12449059713107187
TCGA-RY-A83Z-01A,epic,0.3487342615937284,2.4431353260512367e-07,5.035064882012834e-06,1.1182507441372935e-05,2.398667698326068e-05,0.17745352936526831,0.14151214919614402,0.33225961128202003
TCGA-RY-A840-01A,epic,0.07355863200801656,1.306056135172684e-10,8.026160346428393e-07,0.0002526800468670529,3.0353515252434084e-07,0.6640614258776434,0.059738741674068764,0.20238741411161146
TCGA-RY-A843-01A,epic,0.06822803426828179,9.468378142262799e-09,7.323391308570744e-06,1.4244330580991768e-05,6.795098036419472e-07,0.7808565676627306,0.011787054687177181,0.1391060866817391
TCGA-RY-A845-01A,epic,0.10526428408591106,6.607704058675282e-07,8.250147082474317e-07,0.0021577717984533062,0.00347964118719575,0.6034086558455047,0.05813387635333287,0.22755428494448823
TCGA-RY-A847-01A,epic,0.07016389031170647,6.733085258176684e-06,1.671515091024541e-06,1.1855264305581826e-05,1.386071378087315e-06,0.7681364390710405,0.0400043509072663,0.12167367377395383
TCGA-S9-A6TS-01A,epic,0.08921476718346827,1.165263625597185e-07,9.247884515622926e-06,2.3838835479390494e-06,0.000228338820553425,0.6261028513419188,0.04949671350255842,0.23494558085707512
TCGA-S9-A6TU-01A,epic,0.1608535265916519,1.935997040536957e-06,1.8812795451364482e-07,1.934110286855127e-06,1.1268795063202393e-05,0.49050019913810805,0.19660125545854254,0.1520296917813525
TCGA-S9-A6TV-01A,epic,0.23330834194034356,0.052797734148624986,4.527029525506158e-06,0.0004955837909444261,3.616855652109368e-05,0.43995758102662536,2.3422604207275385e-07,0.273399829281373
TCGA-S9-A6TW-01A,epic,0.06822298090134164,9.040662522725e-09,4.5001008236272184e-05,1.8957380788725345e-07,4.535874849834065e-06,0.6937141031648076,0.11117455905469806,0.12683862138159613
TCGA-S9-A6TX-01A,epic,0.08272488379027489,2.5402006438919146e-08,6.233558451621659e-07,7.323934053704078e-06,2.1077021344696743e-06,0.5155265202121407,0.2261067186732507,0.17563179693029402
TCGA-S9-A6TY-01A,epic,0.050688075948629355,2.1955421307380212e-08,3.0642918638688403e-07,0.0031054875093227967,3.46504099953513e-05,0.4401335389907761,0.2690781791733058,0.23695973958336303
TCGA-S9-A6TZ-01A,epic,0.1517931612416828,9.884977755885276e-07,2.1434950695437847e-06,4.6029582232415156e-05,0.00038526440405267176,0.5335034928576956,1.195283478778913e-07,0.3142688003931436
TCGA-S9-A6U0-01A,epic,0.12722709327681464,9.34697170530256e-09,7.399573531721723e-08,4.431451671931871e-05,1.946992831277773e-06,0.7473870170392766,4.335631303467383e-06,0.12533520920034769
TCGA-S9-A6U1-01A,epic,0.049410386469421724,1.330726471496323e-08,7.115908445773422e-07,9.508326716411036e-08,3.7520435405050165e-06,0.6741608988211718,0.18548641717996445,0.09093772550452515
TCGA-S9-A6U2-01A,epic,0.09511494558144595,1.996938278488984e-05,3.594274036281862e-07,1.5809172359901363e-05,1.3308342408321591e-05,0.7657888238285876,0.0004678099284907077,0.13857897433651895
TCGA-S9-A6U5-01A,epic,0.13320473065565028,1.4034325510130492e-06,2.1597101283303328e-07,9.03466155787147e-05,2.0556315514571085e-07,0.6169956808889673,0.0032033649149551292,0.24650405195812963
TCGA-S9-A6U6-01A,epic,0.1169382862551223,7.152793282523325e-07,0.00019771673425392525,0.00904085832123699,0.0001535670572832356,0.6680288921041457,0.04683307141906545,0.15880689282956412
TCGA-S9-A6U8-01A,epic,0.1396001992537209,1.267356743829612e-05,7.5517116565907945e-06,1.8180328239832415e-05,6.006522391816029e-06,0.6005575828449159,0.13928061657668003,0.12051718919495653
TCGA-S9-A6U9-01A,epic,0.3282412972618282,3.162823212608294e-07,7.046322241953389e-09,6.71548546967712e-06,0.00010101598244325379,0.31594397539783026,0.1372250677044438,0.21848160483934137
TCGA-S9-A6UA-01A,epic,0.14177030688985778,0.026851464837283266,6.634926385523761e-08,1.1181582329220289e-06,0.0001246043574898236,0.728160859474126,0.017143334624919473,0.08594824530882689
TCGA-S9-A6UB-01A,epic,0.050153404208249756,2.1285341096738006e-08,1.7098182137844508e-07,6.017252352142094e-07,5.099624398472077e-05,0.6912142217441398,0.1650760060312865,0.09350457777994141
TCGA-S9-A6WD-01A,epic,0.20884091024449764,7.642908686671078e-06,0.00022452559009826292,0.0022478877935249854,6.019211760710946e-06,0.4217657107696873,0.1851814989762732,0.18172580450547132
TCGA-S9-A6WE-01A,epic,0.04655247465590811,9.436110793255836e-08,1.4553203268558045e-09,0.005326114760156897,1.332656301381705e-06,0.8260964071884417,0.041817849073335335,0.08020572584942841
TCGA-S9-A6WG-01A,epic,0.22305812065470615,1.430420570167603e-07,9.483080562585818e-07,4.8375160536756865e-05,2.195398511496572e-06,0.6596512229501922,3.0284619980767547e-05,0.11720870986595945
TCGA-S9-A6WH-01A,epic,0.11714896477684683,2.3091140407787594e-08,0.00038745765143094837,0.0050661539344982395,1.2742257121477038e-06,0.6550786831334466,0.08254383043470818,0.13977361275221648
TCGA-S9-A6WI-01A,epic,7.994509461788877e-08,1.5181737223957288e-09,0.017316848792065777,1.151696074347241e-05,0.35176649977245905,0.012674413251153519,0.39430826175002315,0.22392237801028672
TCGA-S9-A6WL-01A,epic,0.09462066921886018,1.6122655103495872e-07,0.0001005747238598667,4.700096043813036e-06,1.1225497660333919e-05,0.6484156260618569,0.017361824038773357,0.23948521913639448
TCGA-S9-A6WM-01A,epic,0.34159943818124794,1.9023442349328378e-08,6.038262524685328e-08,0.002685822399888277,6.312721802262164e-06,0.42710166518559445,1.1938602970434089e-05,0.22859474350242906
TCGA-S9-A6WN-01A,epic,0.11156119497977134,5.9955271453881133e-05,0.0012728175274732963,1.6974000467756105e-06,0.0013894927325786522,2.142636524465604e-06,2.7528785174446316e-05,0.8856851706669773
TCGA-S9-A6WO-01A,epic,0.19438260498335766,3.2515812139559105e-08,2.0939601098878943e-08,0.00023270265340375016,0.0016028132178328104,0.6570767440086087,0.021461071968779524,0.1252440097126043
TCGA-S9-A6WP-01A,epic,0.1588764433065674,1.3646416755667337e-08,3.133699927980731e-06,2.949215592157248e-07,0.0005288210176714843,0.48439196821730723,0.20119133965016373,0.15500798554038625
TCGA-S9-A6WQ-01A,epic,0.13382764151358967,4.32834718618831e-05,3.3318397663831177e-06,7.297522737019091e-07,1.922405625010059e-05,0.38851378418223953,0.3028101709179034,0.17478183426611524
TCGA-S9-A7IQ-01A,epic,0.02455249314311833,6.366033127630204e-06,1.0683910479702393e-05,8.39001286709449e-05,1.2568755152818182e-05,0.5905936025756613,0.07663748352104152,0.30810290193274786
TCGA-S9-A7IS-01A,epic,0.07178574022452726,2.502228146769182e-07,1.1328873979869057e-06,1.7532007453050774e-05,0.24728922479885168,0.48814652818475157,0.16838164582244614,0.024377945851757628
TCGA-S9-A7IX-01A,epic,0.4315368016939365,3.0069212549304583e-06,4.009691729883451e-06,4.024508820970073e-06,0.0002394714036311345,0.1070000096007192,0.025923742705522456,0.43528893347438485
TCGA-S9-A7IY-01A,epic,0.10426826686266728,4.183428369975765e-08,5.023130259587092e-09,4.645939166916677e-06,9.249495381632497e-06,0.7438267074053085,0.0030219434459441683,0.14886913999411755
TCGA-S9-A7IZ-01A,epic,0.2329095993166059,3.540344206392338e-07,1.1432623900898963e-05,0.00010112386840706466,0.00022486635731967656,0.1911841026293086,0.07773531011064018,0.49783321105939704
TCGA-S9-A7J0-01A,epic,0.14586687268467274,1.9922637417816253e-05,1.9606165985638504e-07,7.223092257962848e-06,1.2472066041442399e-05,0.6023499614378006,0.10301147748237448,0.14873187453777512
TCGA-S9-A7J1-01A,epic,0.039780875435967644,3.5311775070576886e-08,7.592567154238267e-07,5.88992378366062e-06,0.0008775012318104677,0.7232156405707093,0.08889718188663642,0.14722211638260196
TCGA-S9-A7J2-01A,epic,0.047572642240518076,1.6296126906661416e-07,2.253341513996778e-06,0.00018616881869568526,0.0002770852317880817,0.8227125859718075,0.01960450910445458,0.109644592329953
TCGA-S9-A7J3-01A,epic,0.06063243916953026,4.7237512078431014e-07,2.357359658974432e-06,0.0004804026729377322,2.402178554218148e-05,0.7333961142144229,0.09135016836792473,0.11411402405486265
TCGA-S9-A7QW-01A,epic,0.1056908180676912,5.420842172143709e-09,3.9047334580199577e-07,0.013356026233942707,0.00010567208548571566,0.5362776626060834,0.12331286915668555,0.22125655595592328
TCGA-S9-A7QX-01A,epic,0.2180246211721208,0.00018819634428756378,0.0014565915777860101,8.587468406601904e-07,1.9116612277105543e-05,0.5832874482612632,0.067418573896986,0.12960459338843866
TCGA-S9-A7QY-01A,epic,0.10647150658028644,5.768709579168571e-07,8.320453188190225e-08,0.0009306445735932341,0.0005528555103063962,0.4297078428243073,0.30908060963521305,0.15325588080080382
TCGA-S9-A7QZ-01A,epic,0.056229674453694964,1.479871459712344e-06,1.39846816602439e-07,3.6621307314894074e-06,6.93247343345036e-06,0.6570713159950186,0.10967496831690483,0.17701182691194037
TCGA-S9-A7R1-01A,epic,0.04663270818502703,1.7258058821484946e-06,3.477187450363179e-07,7.35925760675924e-05,2.8591309453777473e-06,0.7981489232827021,0.011198124401411425,0.14394171889921928
TCGA-S9-A7R2-01A,epic,0.2925484309711686,4.4884381973785895e-07,0.0003023061588799515,0.00023528828650908742,0.00016207144550469375,0.0007480630620558813,0.3856402567463227,0.3203631344857395
TCGA-S9-A7R3-01A,epic,0.1489037357976446,2.3606715782189294e-06,6.051521946892215e-06,0.0060109688802106095,6.495966032268112e-05,0.5541419931156328,0.06476132912989704,0.22610860122276705
TCGA-S9-A7R4-01A,epic,0.0690838923776136,1.5272499738308477e-06,2.1398451642494908e-07,1.3123246934232306e-06,4.1993415607678276e-07,0.8363123796941297,0.020770305053649567,0.07382994938126736
TCGA-S9-A7R7-01A,epic,0.3192402615260819,9.588758948664372e-08,1.2422289059594986e-05,0.0003418786485417472,5.634513073430349e-06,0.35372170138277176,1.4851783441464475e-06,0.32667652057453794
TCGA-S9-A7R8-01A,epic,0.2260865382905903,2.9022575667957635e-06,1.330511525042111e-07,0.00010972107786471599,0.0005695428515249962,0.4487768816518648,0.24831210312507057,0.07614217769436529
TCGA-S9-A89V-01A,epic,0.1814696552700079,7.346331666644105e-08,2.169129761229066e-05,4.536610268781469e-05,6.130919795197973e-06,0.5831520164247025,0.025905713813907504,0.2093993527079701
TCGA-S9-A89Z-01A,epic,0.2823643773160779,4.277212382729626e-08,4.738762157406099e-07,0.0006007065108629716,1.96261081810057e-05,0.3465176911950747,0.1409209993431714,0.2295760828782925
TCGA-TM-A7C3-01A,epic,0.20504110319557797,1.2187314634154206e-08,1.0716405262798942e-07,0.00391377133120366,2.910457873027894e-06,0.5084599318761368,0.00016126127243190223,0.2824209025154092
TCGA-TM-A7C4-01A,epic,0.11247643694323019,1.1790724426527147e-05,2.8834872741445362e-06,0.00027676129272439744,2.871314254792767e-05,0.5846211793856808,0.00668812462850044,0.29589411039561553
TCGA-TM-A7C5-01A,epic,0.12937278137272074,8.217372202828965e-10,9.026585677102381e-05,0.001750407785932295,3.7820446750808687e-06,0.6961380176580498,0.07380806436040907,0.09883668009970469
TCGA-TM-A7CA-01A,epic,0.11775136949330318,1.1855606646515862e-08,0.0001234506609262773,1.709248100422358e-06,5.816452240299963e-06,0.5385927462230692,0.19725974775962812,0.14626514830712603
TCGA-TM-A7CF-01A,epic,0.09273823911119117,0.00016811266492660297,1.735630127232163e-05,7.257916859398334e-06,8.242623877822934e-05,0.25804652894146124,0.06448078334705092,0.5844592954784602
TCGA-TM-A7CF-02A,epic,0.010205284190175185,1.5870636628215254e-10,0.009456104232995076,2.169917790800557e-05,0.13796302599083424,0.028534431971528846,0.6258412497319319,0.18797820454592032
TCGA-TM-A84B-01A,epic,0.37100751259386144,6.666703375557703e-07,0.002707719090008524,0.012560776017444045,1.6189002525862156e-05,1.5294465440838958e-06,1.3921083662833051e-08,0.6137055932581947
TCGA-TM-A84C-01A,epic,0.5723048307505296,0.006564551144506367,0.0005906697958515591,0.0031792507501809124,0.00012820338230758044,2.3988524130809817e-05,0.0007581438153592648,0.41645036183713363
TCGA-TM-A84F-01A,epic,0.22435676097799068,3.5947524934815935e-07,6.51698072373113e-07,2.2528725449136827e-05,0.000194958422107994,0.5558175139130491,0.039751083376158944,0.1798561434119225
TCGA-TM-A84G-01A,epic,0.10318877624962887,1.6194025990429466e-06,1.0653748777677033e-06,1.7055733240516688e-06,9.327437573272167e-07,0.7473443499953047,0.03741654449804698,0.11204500616246126
TCGA-TM-A84H-01A,epic,0.17174440570189733,6.509416379899181e-07,7.309821848993179e-08,0.0009269834420889901,9.444289950179182e-06,0.5302725321814591,0.00014634247856247588,0.29689956786618543
TCGA-TM-A84I-01A,epic,0.2146916104734285,9.980397483709225e-07,5.938041634846443e-07,1.0304986435241569e-06,0.0009752307570363981,0.5795061746876236,0.01580844510961755,0.18901591662973863
TCGA-TM-A84J-01A,epic,0.15652084038770026,0.02583011622587096,3.570413991639989e-06,5.727375574702589e-07,2.845696573406266e-05,0.7225180609235984,0.04731091149773094,0.04778747084781632
TCGA-TM-A84L-01A,epic,0.27464040938861867,6.9737354513892665e-06,2.403034399162075e-06,3.385718260492815e-05,7.11912374772555e-05,0.43780077621626357,0.10593825014951257,0.18150613905567256
TCGA-TM-A84M-01A,epic,0.12407523035844974,1.0257939246569795e-06,5.9115933047593524e-08,1.8868409789607917e-08,0.0003370167750472455,0.6698657459856491,0.09639794835293662,0.10932295474964979
TCGA-TM-A84O-01A,epic,0.0973270212250779,6.3019474369744516e-06,2.693945690001887e-08,6.8054923424928e-06,0.0001610686397921248,0.7677161255577699,0.027416285338910964,0.10736636485921262
TCGA-TM-A84Q-01A,epic,0.21410574607141492,2.3663504184231972e-05,1.4063670605180807e-07,4.295676928010156e-06,4.55019656524623e-05,0.5255195564704508,0.14527115867965532,0.11502993699500817
TCGA-TM-A84R-01A,epic,1.0498229918937867e-07,1.877436222732999e-05,0.0003143172251673869,1.2190195499738163e-05,2.950981800669834e-05,0.5105666922636762,0.18823352396902834,0.3008248871840952
TCGA-TM-A84S-01A,epic,0.08345335083534895,8.770125529021149e-09,1.6028502808566897e-05,1.8990230275863108e-06,4.42528666776059e-06,0.6802404036695414,0.04034106123216802,0.19594282268031202
TCGA-TM-A84T-01A,epic,0.09831379153865455,1.129898062142675e-07,2.5798960219655302e-06,8.232782071800934e-06,2.257384222515248e-07,0.7471919833215281,0.08039050543353783,0.07409256829995725
TCGA-TQ-A7RF-01A,epic,0.10332358372933059,3.407265593827359e-08,1.2256674848631037e-05,4.111102032262459e-06,0.00857402068556726,0.6148231765049997,0.03020805316455139,0.24305476406601412
TCGA-TQ-A7RG-01A,epic,0.07909973938513114,2.9430347872860422e-05,7.096951645210385e-09,8.65914078020903e-06,5.017984775471043e-07,0.7367243170615014,0.051827467795535764,0.13230987737374944
TCGA-TQ-A7RH-01A,epic,0.2396546352162549,4.6522002415051396e-06,1.3354138179606373e-05,0.000790986513993677,0.00077798815445972,0.3940435678945788,0.13536483799637858,0.2293499778859133
TCGA-TQ-A7RI-01A,epic,0.05569606725229332,7.5324151572241045e-06,3.1699366337475605e-07,1.699659608339503e-07,6.787149635441514e-07,0.7675743931217368,0.07894942988154248,0.0977714116546825
TCGA-TQ-A7RJ-01A,epic,0.07559604474966934,5.525319122721302e-08,2.2435362234558647e-06,6.1836565348006484e-06,0.001133609469501469,0.7939205309159129,0.005637264451033181,0.12370406796793366
TCGA-TQ-A7RK-01A,epic,0.19819894586031525,9.69434475336659e-08,1.0184129619606012e-07,1.588372656256867e-05,4.7547172913802516e-05,0.547910448201045,0.11789260987018815,0.13593436638423154
TCGA-TQ-A7RM-01A,epic,0.2857739103586888,1.0269748986934674e-05,8.027554453201844e-06,0.0001345347839362922,0.00015916956684589059,0.4591818636981814,0.1337966993659441,0.12093552492296333
TCGA-TQ-A7RN-01A,epic,0.0649710465898134,3.9286985567986636e-08,1.6182557538013267e-07,0.0004534399383880705,4.8798220856489214e-05,0.7567985555441851,0.05685592941179364,0.12087202918240224
TCGA-TQ-A7RO-01A,epic,0.015542805389703112,1.4475925231075504e-08,9.140641841249465e-06,1.6158095142077905e-07,5.692202942399807e-06,0.8563976737063064,0.004881535636053869,0.12316297636627636
TCGA-TQ-A7RP-01A,epic,0.15494778341332335,6.219439023447968e-08,2.3206016534929705e-06,0.0007573714472639679,1.1944920827364408e-06,0.07202395394079811,0.28949982540005637,0.48276748851043166
TCGA-TQ-A7RQ-01A,epic,0.10552086136048838,5.417001636002661e-05,4.287252254751251e-07,1.3912784238576826e-06,0.0017219265934050386,0.592497971763681,0.01619860230397968,0.28400464795843655
TCGA-TQ-A7RR-01A,epic,0.08560216971128955,4.192010951484274e-08,1.5152008758239036e-05,8.414581651307154e-06,0.004994708107770653,0.4514328034061899,0.27050460589698766,0.1874421043672432
TCGA-TQ-A7RS-01A,epic,0.04722047432462826,8.555764483039908e-08,1.718087197687938e-08,6.3945374233962855e-06,0.0015639151449444552,0.7779205483373621,0.08595238574991226,0.08733617916721273
TCGA-TQ-A7RU-01A,epic,0.09461769257096406,2.8814101566955988e-06,8.045793795819479e-07,0.00018078671268950195,1.5147605648989586e-06,0.7653782342075831,0.0670211678924617,0.0727969178662005
TCGA-TQ-A7RV-01A,epic,0.11575085966433607,4.708250873611531e-08,2.172262614355974e-06,0.0005003647480899936,0.018181758330143252,0.3740056600553583,0.2048215580829612,0.2867375797739882
TCGA-TQ-A7RV-02A,epic,0.3910359611183416,0.000168334189953426,2.3699858401639132e-06,7.03981565224015e-07,0.002015086168494074,0.11204581277414027,0.07931543084422138,0.4154163009374438
TCGA-TQ-A7RW-01A,epic,0.12371001889937153,1.1016727334744507e-07,1.0594545777191046e-06,6.434025485127209e-06,4.084451146727708e-06,0.6116125525103884,0.07651688648024833,0.18814885401150874
TCGA-TQ-A8XE-01A,epic,0.19067097919770137,5.270538986682376e-09,2.1118451862130554e-07,0.0009436939725615908,0.0022385070532515514,0.4220908217125952,0.15466211035435165,0.22939367125448099
TCGA-TQ-A8XE-02A,epic,0.2458949356763685,9.301737821168973e-05,2.517890070106998e-07,1.7017522258616368e-05,1.0605094838871327e-05,0.08476301698387993,0.3608857524772354,0.30833540307819995
TCGA-VM-A8C8-01A,epic,0.2102344033603831,3.2445620682783673e-07,3.0380466748141546e-07,0.00011056008481401247,5.274890765166559e-06,0.5797806152188488,0.029378835758055156,0.18048968242625954
TCGA-VM-A8C9-01A,epic,0.4146479797285228,1.4294890689339296e-06,5.2578963873068895e-05,0.001142459770651405,6.487670810560154e-07,3.74087644319959e-07,3.998858599607926e-05,0.5841145406071624
TCGA-VM-A8CA-01A,epic,0.10051183916458738,7.431542124958302e-05,0.00033836526174805685,1.536642667102858e-05,0.0004417708430903139,0.5635834791270086,0.0008164559770770869,0.3342184077785679
TCGA-VM-A8CB-01A,epic,0.15196249803662054,1.1315061356253816e-08,3.95939375207581e-06,5.729794937414889e-08,5.1117303126956796e-06,0.6271126426058463,0.030467463618630453,0.1904482560018272
TCGA-VM-A8CD-01A,epic,0.07590695609075851,0.23182063850793538,0.010065954560807331,0.0002944342808743525,0.0006092899435229655,0.006513511527449179,0.0004955334656538885,0.6742936816229985
TCGA-VM-A8CE-01A,epic,0.048415771653747074,1.0112639893439714e-08,2.767127548584902e-06,0.0001890964244883412,9.615216325958534e-06,0.7221611309918318,0.12784558123259684,0.10137602724082147
TCGA-VM-A8CF-01A,epic,0.3412051678199921,1.174600258795116e-05,0.002379174468371273,0.0007287812884706826,6.562099292079343e-06,1.3205342805694316e-06,0.0031940672206468754,0.6524731805663584
TCGA-VM-A8CH-01A,epic,0.20112765043574965,3.2062809917943976e-05,4.781511330966696e-05,2.842493468477355e-06,0.0003200638673065851,0.47605019825134326,0.10993251375607246,0.21248685327283193
TCGA-VV-A829-01A,epic,0.054524023316405844,8.093460756840166e-08,7.552265364908706e-06,4.940549877850924e-07,0.001971518569123204,0.8128806531145965,0.016345345732480844,0.11427033201243325
TCGA-VV-A86M-01A,epic,0.3106369265118306,0.00012591934833123958,0.00019607702048205842,8.38847452474493e-06,2.613474627877335e-05,0.5279607899454324,0.10984290010194762,0.051202863851172585
TCGA-VW-A7QS-01A,epic,0.02774797438410748,3.120001048809007e-08,1.8459305431063697e-07,5.128946180678669e-07,4.368242948389886e-07,0.8952328673902543,0.020529996971631086,0.05648799574202934
TCGA-VW-A8FI-01A,epic,0.6271039712653488,1.1868327422808662e-07,0.0021739086048666754,0.00010771432552354674,0.00039270098952538384,0.000506436567213181,0.13509557152541737,0.23461957803883077
TCGA-W9-A837-01A,epic,0.020722048630838496,8.699339920746282e-09,1.4433154875375014e-07,1.1049277029588325e-06,0.00013246186353432424,0.829962606848373,0.030332391385316584,0.1188492333133459
TCGA-WH-A86K-01A,epic,0.10601836704887921,2.424192228284478e-07,3.0497702727437736e-05,8.185410628587542e-05,7.292714899411394e-07,0.7062948394204358,0.02227885218675523,0.16529461784420366
TCGA-WY-A858-01A,epic,0.20906879508608164,2.154726203499542e-08,6.465998048665883e-05,7.358829849065415e-07,2.301541444789963e-05,0.548615791508407,0.09929125592150466,0.14293572465882529
TCGA-WY-A859-01A,epic,0.051664537276094734,6.618475014817597e-08,4.7031567452149973e-07,0.014135401129697953,0.00477732149657031,0.3089538724055213,0.20708962969379585,0.41337870149789524
TCGA-WY-A85A-01A,epic,0.056850274791101454,0.00010692374178054822,1.9284018427950105e-05,1.3556102268747094e-06,1.353244868008411e-06,0.652582652158436,0.044065783326409175,0.2463723731087501
TCGA-WY-A85B-01A,epic,0.17846833056036207,2.8748066321184833e-08,2.7889100844652725e-06,5.562394456896576e-06,0.015402761904992191,0.653268082882699,0.09297303042734502,0.05987941417199412
TCGA-WY-A85C-01A,epic,0.27000906096987215,3.0486101789871744e-08,3.4878252028209e-08,0.0059990039406359105,1.0985607257845856e-05,0.5401888286209034,0.042479179959687814,0.141312875537289
TCGA-WY-A85D-01A,epic,0.34282986819390193,1.3144446208832069e-07,1.7361798185287074e-06,0.0006469756076841612,0.0006526956862809542,0.13722396156888889,0.0844518302928512,0.4341928010261124
TCGA-WY-A85E-01A,epic,0.21182903791715832,1.0785375750308322e-08,8.532216307424483e-05,4.665964493174629e-05,1.799166774615465e-07,0.47191514634146825,0.05393752795405922,0.2621861152772549
TCGA-CS-4938-01B,bayesprism,0.9799108701462491,0.0,0.0,0.0,0.0,0.0,0.0,0.020089129853750904
TCGA-CS-4941-01A,bayesprism,0.4761446826939747,0.0,0.0,0.0,0.0,0.49871561935377673,0.0,0.02513969795224872
TCGA-CS-4942-01A,bayesprism,0.9685533317952824,0.0,0.0,0.0,0.0,0.0,0.0,0.031446668204717636
TCGA-CS-4943-01A,bayesprism,0.6031416448491038,0.0,0.0,0.0,0.0,0.34224627788456463,0.03145312312417475,0.0231589541421567
TCGA-CS-4944-01A,bayesprism,0.8806244114900711,0.0,0.0,0.0,0.0,0.0,0.0,0.11937558850992887
TCGA-CS-5390-01A,bayesprism,0.3644667549933589,0.0,0.0,0.20839633781801153,0.028396611334705318,0.2951604072715101,0.07355380602654273,0.030026082555871417
TCGA-CS-5393-01A,bayesprism,0.2691306242033514,0.0,0.0,0.15905088147735608,0.0015142169413826616,0.45897057785484646,0.05338494393854726,0.05794875558451619
TCGA-CS-5394-01A,bayesprism,0.1936662856371222,0.0,0.0,0.41070766585009144,0.12350507170304051,0.19076588335053815,0.016414133103495078,0.06494096035571253
TCGA-CS-5395-01A,bayesprism,0.7658148132595434,0.0,0.0,0.0,0.0,0.0005047948518618678,0.022960644982869947,0.2107197469057247
TCGA-CS-5396-01A,bayesprism,0.06207819844875287,0.0,0.0,0.2156862006636286,0.6761845231277401,0.03690428672268361,0.009146791037194768,0.0
TCGA-CS-5397-01A,bayesprism,0.7279595262270434,0.0,0.0,0.0,0.0,0.18233077116506824,0.011308072533635034,0.07840163007425338
TCGA-CS-6186-01A,bayesprism,0.5629608462440021,0.0,0.0011814213968716018,0.0,0.0,0.007499947808734142,0.0,0.42835778455039225
TCGA-CS-6188-01A,bayesprism,0.7515179398434656,0.0,0.0,0.0,0.0,0.15462461503044378,0.0,0.09385744512609065
TCGA-CS-6290-01A,bayesprism,0.994866542113219,0.0,0.0,0.0,0.0,0.0,0.0,0.005133457886780919
TCGA-CS-6665-01A,bayesprism,0.7149624171260861,0.0,0.0,0.0,0.0,0.08188060106224383,0.18897730345393668,0.014179678357733372
TCGA-CS-6666-01A,bayesprism,0.2474676251443882,0.0,0.0,0.0,0.0,0.6851253968949069,0.029688276462844995,0.03771870149785987
TCGA-CS-6667-01A,bayesprism,0.1872448177967011,0.0,0.0,0.0,0.0,0.7481488316297804,0.009212170821369579,0.055394179752148935
TCGA-CS-6668-01A,bayesprism,0.3001649890185985,0.0,0.0,0.43826780079039485,0.14352082407103367,0.0864080070434941,0.021056844666766585,0.010581534409712203
TCGA-CS-6669-01A,bayesprism,0.014841478543650453,0.0,0.0001795807885526398,0.5673370608303916,0.39493401148546264,0.0010374015196547696,0.00960362927098211,0.01206683756130581
TCGA-CS-6670-01A,bayesprism,0.19858480499916764,0.0,0.0,0.07292583839433052,0.0,0.6737333592374167,0.016627980373956013,0.038128016995129126
TCGA-DB-5270-01A,bayesprism,0.46521912969160006,0.0,0.0,0.40676964530958715,0.0,0.015572821953354745,0.045476195395340736,0.0669622076501172
TCGA-DB-5273-01A,bayesprism,0.9994612526002054,0.0,0.0,0.0,0.0,0.0,0.0,0.0005387473997945861
TCGA-DB-5274-01A,bayesprism,0.7813463412092282,0.0,0.0,0.0,0.0,0.16760835268159677,0.04818526627006263,0.002860039839112378
TCGA-DB-5275-01A,bayesprism,0.46334521541664,0.0,0.0,0.0,0.0,0.5032095067070983,0.0,0.03344527787626172
TCGA-DB-5276-01A,bayesprism,0.816548144399359,0.0,0.0,0.0,0.0,0.000173177623427128,0.13613668988103364,0.04714198809618029
TCGA-DB-5277-01A,bayesprism,0.38759812401760446,0.0,0.0,0.0005502964980504842,0.0,0.43767007321684887,0.10451966279010574,0.06966184347739035
TCGA-DB-5278-01A,bayesprism,0.185913538726641,0.0,0.0,0.03167136778352802,0.0,0.7177365835229512,0.027201580112050556,0.03747692985482905
TCGA-DB-5280-01A,bayesprism,0.6248311871602036,0.0,0.0,0.0,0.0,0.3083624258190118,0.0,0.06680638702078462
TCGA-DB-5281-01A,bayesprism,0.49700260331570556,0.0,0.0,0.0,0.0,0.427946726408213,0.000978814144226857,0.07407185613185452
TCGA-DB-A4X9-01A,bayesprism,0.8183917819469567,0.0,0.0,0.0,0.0,0.05590655528703659,0.005189110167909143,0.12051255259809748
TCGA-DB-A4XA-01A,bayesprism,0.7465479769016548,0.0,0.0,0.0,0.0,0.18952120026960473,0.01769272500304325,0.04623809782569733
TCGA-DB-A4XB-01A,bayesprism,0.3436678291478035,0.0,0.0,0.006001951033578164,0.0,0.5770144713177022,0.019334759125235898,0.053980989375680126
TCGA-DB-A4XC-01A,bayesprism,0.7002727561395008,0.0,0.0,0.0,0.0,0.22436696043639767,0.0,0.07536028342410152
TCGA-DB-A4XD-01A,bayesprism,0.6446140789269468,0.0,0.0,0.0,0.0,0.2611170885302878,0.03929658793338822,0.05497224460937728
TCGA-DB-A4XE-01A,bayesprism,0.8554636997091144,0.0,0.0,0.0,0.0,0.02307674013971345,0.03401815067880342,0.08744140947236874
TCGA-DB-A4XF-01A,bayesprism,0.7958052682138239,0.0,0.0,0.0,0.0,0.14997353955502463,0.0023045456329472943,0.05191664659820405
TCGA-DB-A4XG-01A,bayesprism,0.18612635566802957,0.0,0.0,0.2059142961342828,0.061649480419191126,0.5182972065091521,0.003081036703532439,0.024931624565812043
TCGA-DB-A4XH-01A,bayesprism,0.1334063863712279,0.0,0.01970088514306071,0.3267055433581941,0.0,0.3181225700253151,0.10107397107259404,0.10099064402960815
TCGA-DB-A64L-01A,bayesprism,0.2510961616897314,0.0,0.0,0.3871264802385491,0.0,0.2292809248731686,0.018238958338389476,0.11425747486016147
TCGA-DB-A64O-01A,bayesprism,0.8982844116864298,0.0,0.0,0.0,0.0,0.0,0.0,0.10171558831357021
TCGA-DB-A64P-01A,bayesprism,0.21262641741656488,0.0,0.0,0.0,0.0,0.6761779922170352,0.047162185000155406,0.06403340536624445
TCGA-DB-A64Q-01A,bayesprism,0.31662541966200786,0.0,0.0,0.0,0.0,0.5935481597519621,0.022356248748496326,0.0674701718375338
TCGA-DB-A64R-01A,bayesprism,0.171398482176563,0.0,0.0,0.06086980477549474,0.0,0.7380466770951363,0.01182169212166801,0.017863343831137857
TCGA-DB-A64S-01A,bayesprism,0.6246391095837186,0.0,0.0,0.0,0.0,0.3415783924115392,0.01308301456802663,0.020699483436715464
TCGA-DB-A64U-01A,bayesprism,0.1679633913752539,0.0,0.0,0.024948900761611017,0.08568986627984233,0.5816275469594457,0.11088257958039847,0.028887715043448666
TCGA-DB-A64V-01A,bayesprism,0.909533552245907,0.0,0.0,0.0,0.0,0.0,0.05806233846915733,0.03240410928493558
TCGA-DB-A64W-01A,bayesprism,0.24004563702414491,0.0,0.0014541624954592968,0.5313552056552463,0.003894831313302993,0.1362249975251379,0.05622467605717368,0.03080048992953504
TCGA-DB-A64X-01A,bayesprism,0.48430171664779365,0.0,0.0,0.0,0.0,0.4573455136330022,0.0,0.05835276971920428
TCGA-DB-A75K-01A,bayesprism,0.899392581716195,0.0,0.0,0.0,0.0,0.0776844477140084,0.0,0.022922970569796745
TCGA-DB-A75L-01A,bayesprism,0.75908538891369,0.0,0.001096656494661175,0.0,0.0,0.10803000314167768,0.04294722831877927,0.08884072313119179
TCGA-DB-A75M-01A,bayesprism,0.9491051443611577,0.0,0.0,0.0,0.0,0.0289899762071293,0.0,0.021904879431713146
TCGA-DB-A75O-01A,bayesprism,1.0,0.0,0.0,0.0,0.0,0.0,0.0,0.0
TCGA-DB-A75P-01A,bayesprism,0.32819515681869343,0.0,0.0,0.0,0.0,0.6185407926911409,0.0,0.053264050490165686
TCGA-DH-5140-01A,bayesprism,0.8634210882863441,0.0,0.0,0.0,0.0,0.10184844694815802,0.0,0.03473046476549784
TCGA-DH-5142-01A,bayesprism,0.874165687100761,0.0,0.0,0.0,0.0,0.10328762886613932,0.0056305950115385014,0.01691608902156102
TCGA-DH-5143-01A,bayesprism,0.9593532419798706,0.0,0.0,0.0,0.0,0.0,0.0,0.04064675802012944
TCGA-DH-5144-01A,bayesprism,0.24879697520563937,0.0,0.0,0.08851321029319031,0.0,0.6113879099505837,0.02950650686795274,0.02179539768263383
TCGA-DH-A669-01A,bayesprism,0.7771164348258388,0.0,0.0,0.0,0.0,0.0049098702243648654,0.04090301307720877,0.17707068187258757
TCGA-DH-A669-02A,bayesprism,0.5771097072347817,0.0,0.0,0.0,0.0,0.32661916301877997,0.0667621671508471,0.029508962595591243
TCGA-DH-A66B-01A,bayesprism,0.9956909468118242,0.0,0.0,0.0,0.0,0.0,0.0,0.00430905318817586
TCGA-DH-A66D-01A,bayesprism,0.8134563593334743,0.0,0.0,0.0,0.0,0.1486946273121661,0.0,0.03784901335435955
TCGA-DH-A66F-01A,bayesprism,0.42401042580960596,0.0,0.0,0.0,0.0,0.5442373798709175,0.0,0.03175219431947646
TCGA-DH-A66G-01A,bayesprism,0.9506487534676237,0.0,0.0,0.0,0.0,0.0,0.0,0.04935124653237636
TCGA-DH-A7UR-01A,bayesprism,0.3131308583954737,0.0,0.011502494886764152,0.02352771371280436,0.0,0.5288910655032895,0.05877088043816189,0.06417698706350651
TCGA-DH-A7US-01A,bayesprism,0.24415535969506005,0.0,0.0,0.02142491828242933,0.008931910916570527,0.6312997820195266,0.060304129285354925,0.03388389980105863
TCGA-DH-A7UT-01A,bayesprism,0.31423210888101355,0.0,0.0,0.019711268730474803,0.17759890013968505,0.42688811705292184,0.04502639328742844,0.016543211908476404
TCGA-DH-A7UU-01A,bayesprism,0.7815534952121146,0.0,0.0029168590793690195,0.0,0.0,0.15387568429547874,0.03344350038342282,0.02821046102961484
TCGA-DH-A7UV-01A,bayesprism,0.931875498752039,0.0,0.0,0.0,0.0,0.00037427619139787915,0.015508659832806701,0.05224156522375644
TCGA-DU-5847-01A,bayesprism,0.9075560259133049,0.0,0.0,0.0,0.0,0.0,0.0,0.0924439740866951
TCGA-DU-5849-01A,bayesprism,0.33733869947603157,0.0,0.0,0.1363525237043771,0.0,0.42150412024883205,0.04616103317909604,0.058643623391663305
TCGA-DU-5851-01A,bayesprism,0.23178751299390846,0.0,0.0,0.40700594674323426,0.0,0.2575100244056482,0.05487109039246048,0.04882542546474864
TCGA-DU-5852-01A,bayesprism,0.5796285117474506,0.0,0.0,0.0,0.0,0.3750174467133255,0.0,0.04535404153922398
TCGA-DU-5853-01A,bayesprism,0.48049100332749606,0.0,0.0,0.0,0.0,0.4322786995394139,0.02999962773105137,0.05723066940203861
TCGA-DU-5854-01A,bayesprism,0.6350510926465772,0.0,0.0,0.0,0.0,0.23496600026277045,0.09426993001311167,0.03571297707754066
TCGA-DU-5855-01A,bayesprism,0.5795834279704449,0.0,0.0,0.0,0.0,0.361523046901775,0.00403409669523589,0.05485942843254412
TCGA-DU-5870-02A,bayesprism,0.5525852979499613,0.0,0.0,0.20236606104679014,0.06636337981529274,0.05558150113793683,0.051059781998556306,0.07204397805146276
TCGA-DU-5871-01A,bayesprism,0.49006259354791415,0.0,0.0,0.0,0.0,0.4089639761230657,0.0,0.10097343032902006
TCGA-DU-5872-01A,bayesprism,0.8191960735054266,0.0,0.0,0.0,0.0,0.13703222421579034,0.0012165639069314617,0.04255513837185164
TCGA-DU-5872-02A,bayesprism,0.9119023191350962,0.0,0.0,0.0,0.0,0.0010621196733339698,0.06766104028043662,0.019374520911133286
TCGA-DU-6392-01A,bayesprism,0.37092048243289105,0.0,0.0,0.09962124237950026,0.0,0.4532587818617881,0.05279698724298184,0.023402506082838767
TCGA-DU-6393-01A,bayesprism,0.5140556724805676,0.0,0.0,0.2127845013284366,0.0,0.22698682533322412,0.014680548174387414,0.031492452683384166
TCGA-DU-6394-01A,bayesprism,0.974881289060819,0.0,0.0,0.0,0.0,0.003320447165220837,0.0,0.02179826377396021
TCGA-DU-6395-01A,bayesprism,0.6154397073867758,0.0,0.0,0.0,0.0,0.3145153708207757,0.026441323469643598,0.04360359832280492
TCGA-DU-6396-01A,bayesprism,0.29002136589518523,0.0,0.0,0.0,0.0,0.6357932124975464,0.06406448522915005,0.01012093637811829
TCGA-DU-6397-01A,bayesprism,0.3005621648959771,0.0,0.0,0.0,0.0,0.6452834808228552,0.010014963020013463,0.04413939126115415
TCGA-DU-6397-02A,bayesprism,0.45743246218626216,0.0,0.0,0.0,0.0,0.5174742283815018,0.02509330943223597,0.0
TCGA-DU-6399-01A,bayesprism,0.6189193307828275,0.0,0.0,0.0,0.0,0.34868089381851003,0.0002958254769343107,0.03210394992172815
TCGA-DU-6400-01A,bayesprism,0.4617069791063216,0.0,0.0,0.09201294449065632,0.0,0.413927757262996,0.008571869168093873,0.02378044997193222
TCGA-DU-6401-01A,bayesprism,0.339486784282479,0.0,0.0,0.0,0.0,0.5806447371632084,0.011378505260591185,0.06848997329372146
TCGA-DU-6402-01A,bayesprism,0.26671010557078406,0.06021502458548931,0.0,0.0,0.0,0.5946124251344403,0.0,0.07846244470928639
TCGA-DU-6403-01A,bayesprism,0.3250233355956977,0.004873796697111686,0.0,0.06261755702254973,0.4724214011442909,0.040485852174273154,0.07569282264988401,0.018885234716192807
TCGA-DU-6404-01A,bayesprism,0.18978407032472358,0.0,0.13114622564965217,0.0,0.0,0.4952509673993253,0.05828076667105981,0.12553796995523914
TCGA-DU-6405-01A,bayesprism,0.9595600323328082,0.0,0.0,0.0,0.0,0.0,0.0,0.040439967667191865
TCGA-DU-6406-01A,bayesprism,0.5162937329786818,0.0,0.0,0.0,0.0,0.4490931696599276,0.0,0.03461309736139062
TCGA-DU-6407-01A,bayesprism,0.6381293670061267,0.0,0.0,0.0,0.0,0.30550669776219624,0.01378898230618128,0.04257495292549582
TCGA-DU-6408-01A,bayesprism,0.45297514522719845,0.0,0.0,0.0,0.0,0.5218084774969932,0.0,0.02521637727580829
TCGA-DU-6410-01A,bayesprism,0.580160977826755,0.0,0.0,0.12008820054356825,0.00013963468054279692,0.2764462590165411,0.02062840415408677,0.0025365237785061343
TCGA-DU-6542-01A,bayesprism,0.40592159421054763,0.0,0.0,0.0,0.0,0.5299070467364156,0.03798032696850455,0.02619103208453226
TCGA-DU-7006-01A,bayesprism,0.4780418219650295,0.0,0.0,0.0,0.0,0.45252770333099945,0.0009596122898228935,0.06847086241414807
TCGA-DU-7007-01A,bayesprism,0.568858947350761,0.0,0.0,0.0,0.0,0.36682546650844994,0.0,0.06431558614078899
TCGA-DU-7008-01A,bayesprism,0.16157724974155915,0.0,0.0,0.0,0.7754132181648737,0.0489767412007363,0.0,0.014032790892830842
TCGA-DU-7009-01A,bayesprism,0.1658652377152896,0.0,0.0,0.3305346531305541,0.12465384464955598,0.26307263252776053,0.07596727220618145,0.03990635977065832
TCGA-DU-7010-01A,bayesprism,0.669149911865266,0.0,0.0,0.0,0.0,0.143817163840939,0.12327623423374137,0.06375669006005365
TCGA-DU-7011-01A,bayesprism,0.6482363414461568,0.0,0.0,0.0,0.0,0.23151090598036358,0.04646544987008002,0.0737873027033996
TCGA-DU-7012-01A,bayesprism,0.9201218012521257,0.0,0.0,0.0,0.0,0.0,0.0,0.07987819874787429
TCGA-DU-7013-01A,bayesprism,0.9745969206287023,0.0,0.0,0.0,0.0,0.0,0.0,0.02540307937129769
TCGA-DU-7014-01A,bayesprism,0.4815587065091351,0.0,0.0,0.0,0.0,0.489808018863834,0.0022400864521531522,0.02639318817487765
TCGA-DU-7015-01A,bayesprism,0.7605274504473347,0.0,0.0,0.0,0.0,0.20970540664229337,0.0,0.029767142910371885
TCGA-DU-7018-01A,bayesprism,0.22475770098241213,0.0,0.0,0.3411748841687532,0.026941075980535016,0.38517431383187634,0.009026961033034091,0.012925064003389192
TCGA-DU-7019-01A,bayesprism,0.16656259128848466,0.0002374669101454983,0.007481417390393763,0.0,0.0,0.5605653721581572,0.040497900388772726,0.22465525186404636
TCGA-DU-7292-01A,bayesprism,0.564608987212443,0.0,0.0,0.37470814525129914,0.0,0.00038864198647939763,0.0,0.06029422554977858
TCGA-DU-7294-01A,bayesprism,0.2003193609995966,0.0,0.0,0.1286919602956535,0.03346460304357683,0.577672367236372,0.0398756286791671,0.019976079745633892
TCGA-DU-7298-01A,bayesprism,0.3333276592382382,0.0,0.0,0.0,0.0,0.5159268741731696,0.09474644475891075,0.05599902182968141
TCGA-DU-7299-01A,bayesprism,0.2003014654253902,0.0,0.0,0.0,0.0,0.73152926580226,0.041098905429850764,0.027070363342499047
TCGA-DU-7300-01A,bayesprism,0.7611807999491306,0.0,0.0,0.10565695819499869,0.0,0.006438328929669627,0.034994183106893284,0.0917297298193078
TCGA-DU-7301-01A,bayesprism,0.8959341986629921,0.0,0.0,0.0,0.0,0.015323425636231599,0.0637867809036656,0.024955594797110743
TCGA-DU-7302-01A,bayesprism,0.10816766695601895,0.0,0.0,0.23584783356230735,0.07931217623409355,0.5271170724685552,0.014638071347795269,0.034917179431229566
TCGA-DU-7304-01A,bayesprism,0.949632531830992,0.0,0.0,0.0,0.0,0.004590088730622383,0.0,0.04577737943838548
TCGA-DU-7304-02A,bayesprism,0.9808938341358115,0.0,0.0,0.0,0.0,0.0010596327914133446,0.0,0.018046533072775144
TCGA-DU-7306-01A,bayesprism,0.5310341947894007,0.0,0.0,0.0,0.0,0.3026138043643273,0.10656594329735014,0.05978605754892193
TCGA-DU-7309-01A,bayesprism,0.059727327389414414,0.0,0.0,0.6468920902097502,0.14535610367899568,0.10963083009284634,0.009452244491091515,0.028941404137901725
TCGA-DU-8158-01A,bayesprism,0.9124610643483877,0.0,0.0,0.0,0.0,0.0,0.010085317774961355,0.07745361787665102
TCGA-DU-8161-01A,bayesprism,0.45250404659669957,0.0,0.0,0.0,0.0,0.18232259893599115,0.002462129505670309,0.3627112249616388
TCGA-DU-8162-01A,bayesprism,0.2170830260649157,0.0,0.0,0.5229750085062019,0.06802504979390699,0.0301965616787396,0.10011196793995562,0.061608386016280166
TCGA-DU-8163-01A,bayesprism,0.8305123995552983,0.0,0.0,0.0,0.0,0.09742331614109723,0.046893168766219025,0.025171115537385446
TCGA-DU-8164-01A,bayesprism,0.16697499497205454,0.0,0.0,0.17096524577273398,0.0,0.6018118417290446,0.021831708958004202,0.038416208568162726
TCGA-DU-8165-01A,bayesprism,0.7140879580455077,0.0007945379466180885,0.0,0.0,0.0,0.17459698575084465,0.002680837111693252,0.10783968114533625
TCGA-DU-8166-01A,bayesprism,0.24792300451126556,0.0,0.0,0.11275936468368707,0.0,0.541405317995304,0.014248639071431054,0.08366367373831224
TCGA-DU-8167-01A,bayesprism,0.5773879845715253,0.0,0.0,0.0,0.04213124713423742,0.24368536559408505,0.10971442361850793,0.02708097908164424
TCGA-DU-8168-01A,bayesprism,0.26101679003738465,0.0,0.0,0.48570708247273064,0.08938074273081413,0.12887086184961324,0.011054837979725202,0.023969684929732154
TCGA-DU-A5TP-01A,bayesprism,0.5402664245412636,0.17318321214114615,0.0,0.0,0.0,0.22312658313251138,0.06212258600867865,0.0013011941764002632
TCGA-DU-A5TR-01A,bayesprism,0.8965553552353724,0.0,0.0,0.0,0.0,0.0,0.07294203942493149,0.03050260533969615
TCGA-DU-A5TS-01A,bayesprism,0.4498776062972214,0.0,5.3295329397725856e-05,0.011170205379837664,0.2858346382458176,0.12381608504345837,0.1019588622216139,0.02728930748265338
TCGA-DU-A5TT-01A,bayesprism,0.9725353654935756,0.0,0.0,0.0,0.0,0.0,0.0,0.027464634506424352
TCGA-DU-A5TU-01A,bayesprism,0.8537217518041446,0.0,0.0,0.0,0.0,0.08258826982159109,0.0,0.06368997837426442
TCGA-DU-A5TW-01A,bayesprism,0.7859749388494383,0.0,0.0,0.0,0.0,0.1556464543727807,0.029322654439413745,0.029055952338367275
TCGA-DU-A5TY-01A,bayesprism,0.8416390017756148,0.003775074475529095,0.0,0.0,0.0,0.006283709863541003,0.016621822935888982,0.13168039094942616
TCGA-DU-A6S2-01A,bayesprism,0.14553092505320936,0.002704604970652525,0.0,0.3010945477577552,0.0678716753157673,0.4094782720684251,0.041282945808607974,0.032037029025582475
TCGA-DU-A6S3-01A,bayesprism,0.19215106008258404,0.0,0.0,0.382667387796335,0.005105371074456672,0.35418132417497544,0.039288609034159656,0.02660624783748902
TCGA-DU-A6S6-01A,bayesprism,0.16922677703157038,0.0,0.0,0.5206567751078002,0.0,0.2697455255693318,0.009151880103495628,0.03121904218780203
TCGA-DU-A6S7-01A,bayesprism,0.8946897339767946,0.0,0.0,0.0,0.0,0.0005911845149781936,0.06795041109488878,0.03676867041333849
TCGA-DU-A6S8-01A,bayesprism,0.5490186918925897,0.0,0.0,0.21666398921260085,0.0,0.1646019927895392,0.05533695868990531,0.014378367415365011
TCGA-DU-A76K-01A,bayesprism,0.8098058079918806,0.0,0.0,0.0311586821366035,0.0,0.001131163147601421,0.0,0.1579043467239145
TCGA-DU-A76L-01A,bayesprism,0.09024372018018499,0.08394889269078672,0.00634492228667457,0.002960072720226624,0.17583523845901422,0.5851905654459291,0.03526064853875405,0.020215939678429648
TCGA-DU-A76O-01A,bayesprism,0.9681580371299907,0.0,0.0,0.0,0.0,0.0,0.0,0.031841962870009295
TCGA-DU-A76R-01A,bayesprism,0.3061543820108519,0.0,0.0,0.0,0.0,0.6169062094273747,0.0009246677920303424,0.07601474076974313
TCGA-DU-A7T6-01A,bayesprism,0.6158011500417772,0.0,0.0,0.0,0.0,0.29276156595811703,0.059733544321097023,0.03170373967900877
TCGA-DU-A7T8-01A,bayesprism,0.8687288162632866,0.0,0.0,0.0,0.0,0.110186685809558,0.0,0.021084497927155374
TCGA-DU-A7TA-01A,bayesprism,0.43440948047667044,0.0,0.0,0.0,0.0,0.49116017401195283,0.0633954185698894,0.011034926941487352
TCGA-DU-A7TB-01A,bayesprism,0.03135503114986883,0.0,0.0,0.03948137536757071,0.8547568536240446,0.02629503268364676,0.04789651069697218,0.0002151964778967927
TCGA-DU-A7TC-01A,bayesprism,0.35513355434163063,0.0,0.0,0.4167761990688917,0.0,0.18441878707581277,0.0041760163980900265,0.03949544311557489
TCGA-DU-A7TD-01A,bayesprism,0.9461696676325412,0.0,0.01968665777905925,0.0,0.0,0.03414367458839941,0.0,0.0
TCGA-DU-A7TG-01A,bayesprism,0.07816907370124189,0.0,0.0,0.7183472383970942,0.14625409137693288,0.019404397914122712,0.009287106113474676,0.028538092497133603
TCGA-DU-A7TI-01A,bayesprism,0.6656876599142308,0.0,0.0,0.0,0.0,0.2761823184684128,0.0002689733761995833,0.05786104824115675
TCGA-DU-A7TJ-01A,bayesprism,0.8474426505927578,0.0,0.0,0.0,0.0,0.13822038486312438,0.0,0.014336964544117817
TCGA-E1-5302-01A,bayesprism,0.9446101407140268,0.0,0.0,0.0,0.0,0.0,0.0,0.05538985928597325
TCGA-E1-5303-01A,bayesprism,0.9875973639160176,0.0,0.0,0.0,0.0,0.0,0.004436341001872004,0.007966295082110384
TCGA-E1-5304-01A,bayesprism,0.946712249074691,0.0,0.0,0.0,0.0,0.012839175286805447,0.04044857563850359,0.0
TCGA-E1-5305-01A,bayesprism,0.3689048205414365,0.0,0.0,0.0,0.0,0.5391397217190863,0.019008281114062463,0.07294717662541468
TCGA-E1-5307-01A,bayesprism,0.5387552993908264,0.0,0.0,0.20781721080333906,0.0,0.03322369816112117,0.021765045425585317,0.19843874621912796
TCGA-E1-5311-01A,bayesprism,0.12762826794093535,0.0,0.0,0.16103197885839687,0.08017537981336313,0.5993825168890069,0.005678674683639398,0.026103181814658327
TCGA-E1-5318-01A,bayesprism,0.32069860203260125,0.0,0.0,0.0,0.0,0.6778343036434842,0.0,0.0014670943239146444
TCGA-E1-5319-01A,bayesprism,0.24970754373969656,0.0,0.0,0.0,0.0,0.687190744167989,0.036390728985948695,0.02671098310636585
TCGA-E1-5322-01A,bayesprism,0.6095260352426487,0.0,0.0,0.0,0.0,0.31548700612753217,0.025688862086685315,0.04929809654313376
TCGA-E1-A7YD-01A,bayesprism,0.7171888724270392,0.0,0.0,0.0,0.0,0.1438818278950083,0.0,0.1389292996779524
TCGA-E1-A7YE-01A,bayesprism,0.5287901568378112,0.0,0.0,0.0,0.0,0.39826881991578483,0.03961583097495298,0.03332519227145112
TCGA-E1-A7YH-01A,bayesprism,0.13550076275094808,0.0,0.0,0.025902219607504304,0.7012260309902001,0.07342493207672136,0.04745014088020768,0.016495913694418628
TCGA-E1-A7YI-01A,bayesprism,0.3627075724294818,0.0,0.0,0.11433357993307788,0.0,0.4646407427929947,0.05831810484444565,0.0
TCGA-E1-A7YJ-01A,bayesprism,0.6398234190908538,0.0,0.0,0.0,0.0,0.33007710157030457,0.01525525919014779,0.014844220148693837
TCGA-E1-A7YK-01A,bayesprism,0.7486949305296092,0.0,0.0,0.0,0.11823574995196638,0.0,0.10905363550163609,0.024015684016788316
TCGA-E1-A7YL-01A,bayesprism,0.88964073838013,0.0,0.0,0.0,0.0,0.0,0.0,0.11035926161986993
TCGA-E1-A7YM-01A,bayesprism,0.04816203576690222,0.0,0.004362553384186595,0.006964580170860558,0.8771492317311601,0.021343505812293512,0.029805064338845694,0.012213028795751289
TCGA-E1-A7YN-01A,bayesprism,0.9127496951623854,0.0,0.0,0.0,0.0,4.11076108431303e-06,0.004542110867744919,0.08270408320878533
TCGA-E1-A7YO-01A,bayesprism,0.2657943781224935,0.0,0.0,0.004722824409599883,0.0,0.6844304020224191,0.0,0.04505239544548759
TCGA-E1-A7YQ-01A,bayesprism,0.7839533604018645,0.0,0.0,0.0,0.0,0.19005371293105483,0.0,0.02599292666708062
TCGA-E1-A7YS-01A,bayesprism,0.2791734695533849,0.0,0.0,0.1723151611969458,0.24298313470473,0.2587181584162632,0.009256072313185244,0.037554003815490816
TCGA-E1-A7YU-01A,bayesprism,0.3948983790750242,0.0,0.0,0.0,0.0,0.5105070511409386,0.05025276326987334,0.044341806514163855
TCGA-E1-A7YV-01A,bayesprism,0.40149802300458276,0.0,0.0,0.0,0.0,0.525010760355159,0.01690609363080598,0.05658512300945206
TCGA-E1-A7YW-01A,bayesprism,0.6712961498958498,0.0,0.0,0.0,0.0,0.28054038863008735,0.0,0.048163461474062794
TCGA-E1-A7YY-01A,bayesprism,0.0543469797574988,0.0,0.0,0.5587974121728464,0.31758632264756803,0.03476743336386541,0.0104745761984561,0.024027275859765194
TCGA-E1-A7Z2-01A,bayesprism,0.7403507674352952,0.0,0.0,0.008114596506716096,0.0,0.008922999567475467,0.023442575951577654,0.21916906053893553
TCGA-E1-A7Z3-01A,bayesprism,0.6336210309881856,0.0,0.0,0.0,0.0,0.19256474435146947,0.009015840927603005,0.16479838373274197
TCGA-E1-A7Z4-01A,bayesprism,0.9752143934519782,0.0,0.0,0.0,0.0,0.0,0.0,0.02478560654802165
TCGA-E1-A7Z6-01A,bayesprism,0.519776327426621,0.0,0.0,0.0,0.0,0.43024162868340954,0.0,0.049982043889969394
TCGA-EZ-7264-01A,bayesprism,0.13264754040028856,0.0,0.0,0.25969908219354,0.1981547571162482,0.37111076002961385,0.0245401516770439,0.013847708583265528
TCGA-F6-A8O3-01A,bayesprism,0.28241871447418,0.0,0.0,0.1936189403213344,0.016057778490478642,0.4592561111838219,0.0065728042572450115,0.042075651272940065
TCGA-F6-A8O4-01A,bayesprism,0.4930427026121971,0.0,0.00012492132962024292,0.13015848268776217,0.0,0.2529075275412418,0.02203554894675429,0.10173081688242437
TCGA-FG-5962-01B,bayesprism,0.5462384263561252,0.0,0.0,0.15538811986689874,0.0,0.2400900819030922,0.006285747134423755,0.05199762473946001
TCGA-FG-5963-01A,bayesprism,0.8149539777871219,0.0,0.0,0.0,0.0,0.0004160014971166411,0.14835176754541923,0.036278253170342334
TCGA-FG-5963-02A,bayesprism,0.08247263712809633,0.0,0.08121841122192124,0.0,0.08027781967530331,0.738801311447165,0.017229820527514064,0.0
TCGA-FG-5964-01A,bayesprism,0.8634103890391477,0.0,0.0,0.0,0.0,0.0040388810852564905,0.0512078049291335,0.08134292494646225
TCGA-FG-5965-01B,bayesprism,0.7265161951106202,0.0,0.0,0.0,0.0,0.1725267685863798,0.0036795370107439718,0.097277499292256
TCGA-FG-6688-01A,bayesprism,0.9423705325860701,0.0,0.0,0.0,0.0,0.0,0.030113864909969566,0.027515602503960332
TCGA-FG-6689-01A,bayesprism,0.31930135331474524,0.0,0.0,0.01680246682808536,0.0,0.6136678476130314,0.014033847734151474,0.036194484509986496
TCGA-FG-6690-01A,bayesprism,0.39929464564377815,0.0,0.0,0.0,0.0,0.5612184444073917,0.0,0.03948690994883015
TCGA-FG-6691-01A,bayesprism,0.621469089080186,0.0,0.0,0.0,0.0,0.311651328623398,0.007304622139122661,0.059574960157293244
TCGA-FG-6692-01A,bayesprism,0.8809581162958902,0.0,0.0,0.0,0.0,0.05124835456566139,0.0,0.06779352913844848
TCGA-FG-7634-01A,bayesprism,0.2244715234953602,0.0,0.0,0.0,0.0,0.6949915875271063,0.058961608252242885,0.021575280725290646
TCGA-FG-7636-01A,bayesprism,0.6407126410658139,0.0,0.0,0.0,0.0,0.26728498866158673,0.027998736298465332,0.06400363397413403
TCGA-FG-7638-01B,bayesprism,0.20590370037431743,0.0,0.0,0.0,0.0,0.7296113131361038,0.01746730678926202,0.047017679700316714
TCGA-FG-7641-01B,bayesprism,0.06890568536292456,0.0,0.0,0.20052745902509242,0.02888637577904935,0.6433246197838288,0.02889653821578879,0.02945932183331606
TCGA-FG-7643-01A,bayesprism,0.08615315464172978,0.0,0.0,0.5115709297518839,0.06992270597974902,0.20848258129291097,0.06781654550674396,0.05605408282698246
TCGA-FG-8181-01A,bayesprism,0.04266071019238902,0.0,0.0,0.6651461244696166,0.24336207749015085,0.026062239594506424,0.005545171963147031,0.0172236762901901
TCGA-FG-8182-01A,bayesprism,0.3988916609188511,0.0,0.0,0.0,0.0,0.5174100303175599,0.06327337427554142,0.020424934488047542
TCGA-FG-8185-01A,bayesprism,0.42893858400915874,0.0,0.0,0.0,0.0,0.4980901772939962,0.031116314157025645,0.041854924539819344
TCGA-FG-8186-01A,bayesprism,0.7402270168449194,0.0,0.0,0.0,0.0,0.16220832205270289,0.007223827842124296,0.0903408332602535
TCGA-FG-8187-01A,bayesprism,0.516775080877432,0.0,0.0,0.0,0.32933333806283777,0.06698807130511983,0.07277751548711733,0.0141259942674932
TCGA-FG-8188-01A,bayesprism,0.5892542255592085,0.0,0.0,0.0,0.0,0.31212903103259854,0.06803981874529447,0.030576924662898554
TCGA-FG-8191-01A,bayesprism,0.6703041539381972,0.0,0.0,0.0,0.0,0.2268111067849009,0.07740116374880066,0.025483575528101286
TCGA-FG-A4MT-01A,bayesprism,0.8902008534369102,0.0,0.0,0.0,0.0,0.05410270947048228,0.0,0.05569643709260758
TCGA-FG-A4MT-02A,bayesprism,0.4762534074874422,0.0,0.0,0.328772060900201,0.0,0.056457614256583556,0.04739061663541934,0.09112630072035391
TCGA-FG-A4MW-01A,bayesprism,0.8682887126726356,0.0,0.0,0.0,0.0,0.010293919711144442,0.06639423625738591,0.055023131358833965
TCGA-FG-A4MX-01A,bayesprism,0.34782676743276836,0.0,0.19607335306179605,0.0,0.0,0.38435157797500435,0.06497068167035545,0.006777619860075785
TCGA-FG-A4MY-01A,bayesprism,0.8657367348211901,0.0,0.0,0.0,0.0,0.00437776056687475,0.08326935630733816,0.0466161483045971
TCGA-FG-A60J-01A,bayesprism,0.9812388026817408,0.0,0.0,0.0,0.0,0.0,0.0,0.018761197318259173
TCGA-FG-A60K-01A,bayesprism,0.18558344745435884,0.0,0.0,0.0,0.0,0.7590300491585568,0.012095269947674228,0.04329123343941017
TCGA-FG-A60L-01A,bayesprism,0.9832923456002766,0.0,0.0,0.0,0.0,0.0,0.007892937475479636,0.008814716924243907
TCGA-FG-A6IZ-01A,bayesprism,0.9625145432086752,0.0,0.0,0.0,0.0,0.0,0.0,0.037485456791324784
TCGA-FG-A6J1-01A,bayesprism,0.5555654587567846,0.0,0.0,0.0,0.0,0.3901310224505575,0.0009706674689065135,0.05333285132375136
TCGA-FG-A6J3-01A,bayesprism,0.9322847021244374,0.0,0.0,0.0,0.0,0.0007626430795087812,0.0,0.06695265479605389
TCGA-FG-A70Y-01A,bayesprism,0.35362989788991367,0.0,0.0,0.0,0.0,0.532173524567083,0.05019013564082832,0.06400644190217508
TCGA-FG-A70Z-01A,bayesprism,0.8041106496497151,0.0,0.0,0.0,0.0,0.12209172206037558,0.0,0.07379762828990931
TCGA-FG-A710-01A,bayesprism,0.3579976975532805,0.0,0.0,0.0,0.0,0.5881814222285561,0.0059413886002618,0.047879491617901594
TCGA-FG-A711-01A,bayesprism,0.5732443706580412,0.0,0.0,0.0,0.0,0.3713263115915719,0.0,0.05542931775038678
TCGA-FG-A713-01A,bayesprism,0.17209355332093615,0.0,0.0,0.47550298258140744,0.13404522320571052,0.13815244905467172,0.042294322800179536,0.03791146903709472
TCGA-FG-A87N-01A,bayesprism,0.2504093779845257,0.00486064238951227,0.0012099280133111045,0.27653324328505213,0.0,0.43937131865992757,0.02437659020482727,0.0032388994628440608
TCGA-FG-A87Q-01A,bayesprism,0.5264582297283912,0.0,0.038390433533270964,0.0,0.009427480484926434,0.16503748988791525,0.14753866235607288,0.11314770400942335
TCGA-FN-7833-01A,bayesprism,0.9972810471919207,0.0,0.0,0.0,0.0,0.0,0.0,0.0027189528080793723
TCGA-HT-7467-01A,bayesprism,0.04129457675063182,0.0,0.0,0.10799221695562732,0.7318407467782138,0.060527172373697945,0.04623499719043755,0.012110289951391401
TCGA-HT-7468-01A,bayesprism,0.255388105200704,0.0,0.0,0.0,0.0,0.7132387287776336,0.0029826795422751478,0.02839048647938725
TCGA-HT-7469-01A,bayesprism,0.6821397448890313,0.0,0.0,0.0,0.0,0.2444712935736464,0.010286363180780722,0.06310259835654168
TCGA-HT-7470-01A,bayesprism,0.31115718257877145,0.0,0.0,0.24350994793426342,0.0,0.286603277233264,0.08201518031376408,0.07671441193993707
TCGA-HT-7471-01A,bayesprism,0.7397336768729827,0.0,0.0,0.0,0.0,0.20678427413023756,0.007085192353475438,0.046396856643304334
TCGA-HT-7472-01A,bayesprism,0.8556347382679488,0.0,0.0,0.0,0.0,0.13511526768908833,0.0,0.00924999404296298
TCGA-HT-7473-01A,bayesprism,0.9757673669008015,0.0,0.0,0.0,0.0,0.0,0.0,0.02423263309919853
TCGA-HT-7474-01A,bayesprism,0.5490764530823847,0.0,0.0,0.15860204807436595,0.0,0.15287083148336347,0.060375726331376695,0.07907494102850922
TCGA-HT-7475-01A,bayesprism,0.20390562977867052,0.0,0.0,0.5515304333661758,0.0,0.10689232378135473,0.055361864215878735,0.08230974885792038
TCGA-HT-7476-01A,bayesprism,0.13384407775085153,0.0,0.0,0.37093446170536065,0.0,0.40210705908897126,0.031030903700188343,0.06208349775462829
TCGA-HT-7477-01B,bayesprism,0.5441183300432888,0.0,0.0,0.021215783923599046,0.0,0.428259619355766,0.006406266677346222,0.0
TCGA-HT-7478-01A,bayesprism,0.4117591185725514,0.0,0.0,0.0,0.0,0.5232927635885476,0.03944562054714319,0.025502497291757898
TCGA-HT-7479-01A,bayesprism,0.9257235307625439,0.0,0.0,0.0,0.0,0.0,0.05871139631704934,0.015565072920406871
TCGA-HT-7480-01A,bayesprism,0.12559590394243003,0.0,0.0,0.06556938281480112,0.0034279258854632306,0.7708602398521723,0.01365096953460454,0.020895577970528715
TCGA-HT-7481-01A,bayesprism,0.08842035839917657,0.0,0.0,0.22784358139006375,0.37873041782804096,0.1610113464422622,0.09530702418588717,0.04868727175456938
TCGA-HT-7482-01A,bayesprism,0.5958882999566322,0.0,0.0,0.0,0.03292866520268877,0.31086419103295426,0.03799197118089286,0.022326872626832008
TCGA-HT-7483-01A,bayesprism,0.2576091477816955,0.0,0.0038342585938192382,0.0,0.0,0.6228586977322338,0.02635528054079896,0.08934261535145255
TCGA-HT-7485-01A,bayesprism,0.7233001371480072,0.0,0.0,0.0,0.0,0.171084146972919,0.02800704843176225,0.07760866744731162
TCGA-HT-7601-01A,bayesprism,0.8385399716952114,0.0,0.0,0.0,0.0,0.09412515439930942,0.05740982041106173,0.009925053494417439
TCGA-HT-7602-01A,bayesprism,0.33349360116006566,0.0,0.0,0.0,0.41267828453491345,0.21957972330083192,0.027882216622107565,0.006366174382081323
TCGA-HT-7603-01A,bayesprism,0.06748018521725332,0.0,0.0,0.39380771714970647,0.0,0.47242164188643226,0.02567515562810511,0.04061530011850282
TCGA-HT-7604-01A,bayesprism,0.511219822502481,0.0,0.0,0.0,0.0,0.43967870018017474,0.0,0.049101477317344114
TCGA-HT-7605-01A,bayesprism,0.46690340910106504,0.0,0.0,0.0011187331476200748,0.0,0.4483450727780214,0.04402576752853715,0.03960701744475639
TCGA-HT-7606-01A,bayesprism,0.3921375478588326,0.0,0.0,0.0,0.0,0.5277701611099644,0.02355141119030053,0.05654087984090236
TCGA-HT-7607-01A,bayesprism,0.3318965252744143,0.0,0.0,0.5468298300782045,0.0,0.03591508480762403,0.02564617366431117,0.059712386175445935
TCGA-HT-7609-01A,bayesprism,0.6398553289186913,0.0,0.0,0.0,0.0,0.3401924504188829,0.0,0.01995222066242583
TCGA-HT-7610-01A,bayesprism,0.05176637057709688,0.0,0.0,0.5224151314143515,0.22069779616310464,0.15584562048082556,0.02003560379697707,0.029239477567644268
TCGA-HT-7611-01A,bayesprism,0.9733779389669621,0.0,0.0,0.0,0.0,0.0,0.0,0.026622061033037783
TCGA-HT-7616-01A,bayesprism,0.06671772055790741,0.0,0.0,0.0,0.8228684228128836,0.09087825339324396,0.003939090902484349,0.015596512333480668
TCGA-HT-7620-01A,bayesprism,0.8367806386164228,0.0,0.0,0.0,0.010217610129459334,0.0,0.1284904621202146,0.02451128913390319
TCGA-HT-7676-01A,bayesprism,0.7748283491162805,0.0,0.0,0.0,0.0,0.1837867493210681,0.003341301039189633,0.038043600523461764
TCGA-HT-7677-01A,bayesprism,0.2789520833489361,0.0,0.0,0.028792218803648694,0.0,0.6396441188757012,0.023861927747015416,0.028749651224698632
TCGA-HT-7680-01A,bayesprism,0.9859655842187379,0.0,0.0,0.0,0.0,0.0,0.0,0.014034415781262088
TCGA-HT-7681-01A,bayesprism,0.12811300072175305,0.0,0.0,0.18074185714971575,0.0,0.6147488568104414,0.02252289880436027,0.05387338651372954
TCGA-HT-7684-01A,bayesprism,0.45633343348760735,0.0,0.0,0.0,0.0,0.4766394286497458,0.0,0.06702713786264683
TCGA-HT-7686-01A,bayesprism,0.6308069993068183,0.0,0.0,0.0,0.0,0.3519563101446385,0.0,0.01723669054854322
TCGA-HT-7687-01A,bayesprism,0.5164209540431174,0.0,0.0,0.1935561727132575,0.0,0.2139412750003867,0.041257159106670556,0.03482443913656769
TCGA-HT-7688-01A,bayesprism,0.06292875352045613,0.0,0.0,0.6864538125476777,0.1355390279866593,0.06378125203967362,0.022344759455910353,0.02895239444962287
TCGA-HT-7689-01A,bayesprism,0.7904903081862109,0.0,0.0,0.0,0.0,0.11037699169753479,0.05695423078007013,0.04217846933618415
TCGA-HT-7690-01A,bayesprism,0.8858109651503565,0.0,0.0,0.0,0.0,0.05825023013196867,0.014954195013053229,0.04098460970462147
TCGA-HT-7691-01A,bayesprism,0.20244062543368732,0.0,0.0,0.0,0.0,0.7536578725945393,0.0,0.04390150197177338
TCGA-HT-7692-01A,bayesprism,0.5182946154085198,0.0,0.01324923090207975,0.0,0.0,0.42023493251195104,0.005661501207513661,0.04255971996993579
TCGA-HT-7693-01A,bayesprism,0.1312231304387899,0.0035370726792253713,0.0,0.0025744523386071125,0.0,0.8160761003580798,0.023930353916564267,0.022658890268733547
TCGA-HT-7694-01A,bayesprism,0.13926621305337006,0.0,0.0,0.615920439900232,0.0,0.16257395629448218,0.038304707645714836,0.043934683106200884
TCGA-HT-7695-01A,bayesprism,0.09800115243241153,0.0,0.0,0.451904031590057,0.0,0.3906143594526989,0.027105134580790415,0.03237532194404214
TCGA-HT-7854-01A,bayesprism,0.9561339961302959,0.0,0.0,0.0,0.0,0.0,0.0,0.04386600386970413
TCGA-HT-7855-01A,bayesprism,0.19737819229534173,0.0,0.0,0.0,0.0,0.772085867256897,0.00535760428519261,0.025178336162568555
TCGA-HT-7856-01A,bayesprism,0.0272304234705433,0.0,0.0,0.6675298219423675,0.2030590826326395,0.04944140502959945,0.027719791262187574,0.025019475662662636
TCGA-HT-7857-01A,bayesprism,0.5028828892785236,0.024633497981026934,0.0,0.0,0.0,0.4720077421053758,0.00047587063507345626,0.0
TCGA-HT-7858-01A,bayesprism,0.748821340057333,0.0,0.0,0.0,0.0,0.17844805725818458,0.05393828255805337,0.018792320126428966
TCGA-HT-7860-01A,bayesprism,0.8939294623634547,0.0,0.0,0.0,0.0,0.003223751375959249,0.0,0.102846786260586
TCGA-HT-7873-01B,bayesprism,0.31188506847763986,0.0,0.0,0.0,0.0,0.592131205749101,0.03315763439561521,0.06282609137764382
TCGA-HT-7874-01A,bayesprism,0.11325975981959108,0.0,0.0,0.5714398348208038,0.0,0.23079029551902808,0.032958828679245086,0.051551281161331786
TCGA-HT-7875-01A,bayesprism,0.09698308056777878,0.0,0.0,0.007007290800428137,0.0,0.8635462481955131,0.007063270175330285,0.02540011026094976
TCGA-HT-7877-01A,bayesprism,0.06352827742424987,0.0,0.0,0.30325987112532105,0.0,0.5629647989910043,0.036500863155979855,0.033746189303444904
TCGA-HT-7879-01A,bayesprism,0.8949191722293313,0.0,0.0,0.0,0.0,0.03680869598528543,0.021156412456148417,0.047115719329234834
TCGA-HT-7880-01A,bayesprism,0.722929834256063,0.0,0.0,0.18182671753442886,0.0035182467276337953,0.0,0.057396841647979785,0.03432835983389464
TCGA-HT-7881-01A,bayesprism,0.14417206085351797,0.0,0.0,0.38700111625814315,0.1239392104149661,0.24744224784169724,0.07049658111467785,0.026948783516997716
TCGA-HT-7882-01A,bayesprism,0.06829381596835297,0.047737202152421776,0.0,0.02311145560339112,0.20376002978801847,0.6429214866062967,0.0047278402066972805,0.00944816967482171
TCGA-HT-7884-01B,bayesprism,0.19271359835919138,0.0,0.0,0.06506902880279493,0.18247820792817837,0.45038584663340697,0.05594910748591562,0.05340421079051272
TCGA-HT-7902-01A,bayesprism,0.06044280494573194,0.0,0.0,0.023452619737329705,0.8605913706491519,0.0,0.04659084766426881,0.008922357003517697
TCGA-HT-8010-01A,bayesprism,0.6410453641205242,0.0,0.0,0.0,0.0,0.31605536958084307,0.0,0.04289926629863291
TCGA-HT-8011-01A,bayesprism,0.5073670955108496,0.0,0.0,0.0,0.0,0.40507258938333157,0.0,0.0875603151058188
TCGA-HT-8012-01A,bayesprism,0.2550513921911995,0.0,0.0,0.0009043662873964831,3.074706161519328e-05,0.7268043488702832,0.0006089705040297854,0.01660017508547588
TCGA-HT-8013-01A,bayesprism,0.9952309533466057,0.0,0.0,0.0,0.0,0.0,0.0,0.0047690466533942535
TCGA-HT-8015-01B,bayesprism,0.9048215221025196,0.0,0.0,0.0,0.0,7.750518531981224e-05,0.03700456368794748,0.05809640902421295
TCGA-HT-8018-01A,bayesprism,0.6226482704836261,0.0,0.0,0.1367082402008688,0.0,0.14812686478556816,0.0,0.09251662452993682
TCGA-HT-8104-01A,bayesprism,0.8891437820080276,0.0,0.0,0.0,0.0,0.008960213364921279,0.03243929911520399,0.06945670551184718
TCGA-HT-8105-01A,bayesprism,0.19760975093793964,0.0,0.0,0.22400910826166592,0.00035208309715448904,0.4929099505044711,0.020832359471211908,0.06428674772755694
TCGA-HT-8106-01A,bayesprism,0.1357253733859124,0.04572052156342509,0.0,0.0,0.7557931161927963,0.038048741759907155,0.01755218069208821,0.007160066405870919
TCGA-HT-8107-01A,bayesprism,0.019084461834008814,0.0,0.005167604117863232,0.5516347887733669,0.3630030766272189,0.018370760758839588,0.024764650604509778,0.01797465728419278
TCGA-HT-8108-01A,bayesprism,0.3741857355548243,0.0,0.0,0.0,0.0,0.5887135417895057,0.0061730770712924345,0.03092764558437751
TCGA-HT-8109-01A,bayesprism,0.39194801854154937,0.0,0.0,0.05861635479105015,0.0,0.4407996124817163,0.05398394809718791,0.0546520660884962
TCGA-HT-8110-01A,bayesprism,0.98574406432998,0.0,0.0,0.0,0.0,0.0,0.0,0.014255935670020042
TCGA-HT-8111-01A,bayesprism,0.8837745481256246,0.0,0.0,0.0,0.0,0.08434674543682381,0.02469080318035017,0.007187903257201465
TCGA-HT-8113-01A,bayesprism,0.024624460824716816,0.0,0.0,0.6202544610354523,0.20675514940127726,0.10228449356608717,0.018739730895578562,0.027341704276887785
TCGA-HT-8114-01A,bayesprism,0.5563898354365138,0.0,0.0,0.0,0.0,0.38616927853920047,0.0,0.05744088602428569
TCGA-HT-8563-01A,bayesprism,0.24405359648449337,0.008560086675887152,0.0,0.0,0.0,0.7357506399932078,0.0,0.011635676846411733
TCGA-HT-8564-01A,bayesprism,0.20132934074190575,0.0,0.0,0.10862532362387131,0.0,0.618151678714417,0.02927061957312962,0.04262303734667624
TCGA-HT-A4DS-01A,bayesprism,0.9622780852350651,0.0,0.0,0.0,0.0,0.0,0.0,0.03772191476493504
TCGA-HT-A5R5-01A,bayesprism,0.9859998629225278,0.0,0.0,0.0,0.0,0.0,0.0,0.014000137077472257
TCGA-HT-A5R7-01A,bayesprism,0.7479260576779805,0.0,0.0,0.17272199874645378,0.0,0.0,0.023213176940333535,0.05613876663523226
TCGA-HT-A5R9-01A,bayesprism,0.47489653490314043,0.0,0.0369082532940018,0.18543333202027745,0.0,0.19965969134223274,0.05658422048157923,0.046517967958768225
TCGA-HT-A5RA-01A,bayesprism,0.37745508486993395,0.0,0.0,0.0,0.0,0.49968431417427533,0.0,0.12286060095579075
TCGA-HT-A5RB-01A,bayesprism,0.29604197539826066,0.0,0.0,0.28507104728370125,0.0,0.30564696526800283,0.0317604430417343,0.0814795690083009
TCGA-HT-A5RC-01A,bayesprism,0.9217040309114646,0.0,0.0,0.0,0.0,0.002962874277439029,0.0,0.07533309481109639
TCGA-HT-A614-01A,bayesprism,0.48630601484071456,0.0,0.0,0.0,0.0,0.32503877782661084,0.1086231250711404,0.08003208226153419
TCGA-HT-A615-01A,bayesprism,0.2799589907504115,0.0,0.0,0.0,0.0,0.6811600994820093,0.012491269171857873,0.02638964059572138
TCGA-HT-A616-01A,bayesprism,0.09717074850023785,0.0,0.0,0.562272744430383,0.0,0.26778839587470293,0.023541854104728588,0.04922625708994758
TCGA-HT-A617-01A,bayesprism,0.33183562489654705,0.0,0.0,0.0,0.0,0.5211162756021804,0.018504399327797034,0.12854370017347544
TCGA-HT-A618-01A,bayesprism,0.9725437490073798,0.0,0.0,0.0,0.0,0.0,0.0,0.027456250992620227
TCGA-HT-A61C-01A,bayesprism,0.4897766494701853,0.055965943493750045,0.0002129263647371071,0.0,0.0,0.3934649734801864,0.025208007558128364,0.035371499633012886
TCGA-HT-A74H-01A,bayesprism,0.9568936910057043,0.0,0.0,0.0,0.0,0.0,0.023957829827539565,0.01914847916675606
TCGA-HT-A74J-01A,bayesprism,0.8864236124027219,0.0,0.0,0.0,0.0,0.0006756179604824339,0.0,0.11290076963679559
TCGA-HT-A74K-01A,bayesprism,0.7157171089918929,0.0,0.0,0.0,0.0,0.16208590980924872,0.046006409166567945,0.07619057203229036
TCGA-HT-A74L-01A,bayesprism,0.26520709263517755,0.0,0.0105134784363957,0.0,0.0,0.6540078875740997,0.017038198808188135,0.05323334254613887
TCGA-HT-A74O-01A,bayesprism,0.9762995960732225,0.0,0.0,0.0,0.0,0.0,0.015633049795599003,0.008067354131178494
TCGA-HW-7486-01A,bayesprism,0.07988074194984307,0.0,0.0,0.025072437089410538,0.7004551576571508,0.12237756938770296,0.06024456759497004,0.011969526320922503
TCGA-HW-7487-01A,bayesprism,0.08595097695638658,0.0,0.0,0.5508899438800328,0.02580193055303975,0.23655889435814922,0.04409990930097938,0.05669834495141238
TCGA-HW-7489-01A,bayesprism,0.21363369451248565,0.0,0.0,0.5505077372337147,0.0,0.1731794675642569,0.011151133545815478,0.05152796714372727
TCGA-HW-7490-01A,bayesprism,0.7135758482739953,0.0,0.0,0.0,0.0,0.2625440788245573,0.0,0.02388007290144736
TCGA-HW-7491-01A,bayesprism,0.09455421111571044,0.0,0.0,0.3991456636492,0.35525457839730035,0.11411658834112905,0.024324074217709588,0.012604884278950406
TCGA-HW-7493-01A,bayesprism,0.8836805628204423,0.0,0.0,0.0,0.0,0.027037223634357996,0.0,0.08928221354519966
TCGA-HW-7495-01A,bayesprism,0.15803249000234348,0.0,0.0,0.1544071280596252,0.026369990341644767,0.5458121889478554,0.07600024542197066,0.03937795722656059
TCGA-HW-8319-01A,bayesprism,0.4222740007169564,0.0,0.0,0.30348671247516007,0.0,0.0975494144510597,0.042978250679812195,0.13371162167701156
TCGA-HW-8320-01A,bayesprism,0.36032382220360104,0.0,0.0,0.0,0.0,0.6098244844711336,0.0,0.02985169332526533
TCGA-HW-8321-01A,bayesprism,0.2864537509851647,0.0,0.0,0.0,0.0,0.644873481013026,0.04373564331788773,0.024937124683921508
TCGA-HW-8322-01A,bayesprism,0.3027852227914845,0.0,0.0,0.06438612865674861,0.0,0.5622141501718272,0.043228321420775345,0.02738617695916443
TCGA-HW-A5KJ-01A,bayesprism,0.6247351062540306,0.0,0.0,0.0,0.0,0.335447094999659,0.00608871105054397,0.03372908769576627
TCGA-HW-A5KK-01A,bayesprism,0.9176655902930501,0.0,0.0,0.0,0.0,0.0,0.061395576379199304,0.020938833327750737
TCGA-HW-A5KL-01A,bayesprism,0.957256347323027,0.0,0.0,0.0,0.0,0.0,0.009608038111119111,0.033135614565853885
TCGA-HW-A5KM-01A,bayesprism,0.9723428181751662,0.0,0.0,0.0,0.0,0.0,0.0,0.027657181824833867
TCGA-IK-7675-01A,bayesprism,0.8202062870641249,0.0,0.0,0.0,0.0,0.12988544949497025,0.015007133381524502,0.034901130059380274
TCGA-IK-8125-01A,bayesprism,0.3622297086545522,0.0,0.0,0.0003635800004775493,0.0,0.558820115692994,0.004894156406510598,0.07369243924546569
TCGA-KT-A74X-01A,bayesprism,0.3304573599543205,0.0,0.0,0.051036662448627965,0.0,0.5540347917202387,0.035251127748370484,0.02922005812844231
TCGA-KT-A7W1-01A,bayesprism,0.4946504728775828,0.0,0.0,0.0,0.0,0.46275779578892395,0.0,0.0425917313334932
TCGA-P5-A5ET-01A,bayesprism,0.1293607928586955,0.0,0.0,0.013830902149449558,0.0,0.7724323795351559,0.049357737268528615,0.035018188188170436
TCGA-P5-A5EU-01A,bayesprism,0.9099268742257656,0.0,0.0,0.0,0.0,0.07835096268438439,0.0,0.011722163089850086
TCGA-P5-A5EV-01A,bayesprism,0.28304872835383277,0.0,0.0,0.0,0.0,0.6491558522573294,0.004680405013750174,0.06311501437508767
TCGA-P5-A5EW-01A,bayesprism,0.4340258920122688,0.0,0.0,0.0,0.0,0.5222555219581243,0.0,0.04371858602960697
TCGA-P5-A5EX-01A,bayesprism,0.9921132455809518,0.0,0.0,0.0,0.0,0.0,0.0,0.00788675441904813
TCGA-P5-A5EY-01A,bayesprism,0.7890528279751482,0.0,0.0,0.03174397481444881,0.0,0.0,0.0,0.17920319721040306
TCGA-P5-A5EZ-01A,bayesprism,0.771098396191014,0.0,0.0,0.0,0.0,0.04865419668353948,0.14868565166412515,0.031561755461321395
TCGA-P5-A5F0-01A,bayesprism,0.18747797221505533,0.0,0.0,0.5653321260209568,0.10417598390706896,0.056328086330775184,0.021034782888841128,0.06565104863730248
TCGA-P5-A5F1-01A,bayesprism,0.9826847948439223,0.0,0.0,0.0,0.0,0.0,0.0,0.017315205156077547
TCGA-P5-A5F2-01A,bayesprism,0.32778735601126985,0.0,0.0,0.044722988444931513,0.0,0.5387681643294041,0.012723276344218985,0.07599821487017562
TCGA-P5-A5F4-01A,bayesprism,0.06064512188370928,0.0,0.0,0.6608252371505068,0.0,0.21021986302029763,0.02534071516850894,0.0429690627769773
TCGA-P5-A5F6-01A,bayesprism,0.05117288774594504,0.12573577670366612,0.40562821073183963,0.04309448592233779,0.0,0.33193063661750816,0.003845102017554112,0.03859290026114898
TCGA-P5-A72U-01A,bayesprism,0.5981218003604797,0.0,0.0,0.0,0.0,0.0682160960529356,0.0,0.3336621035865846
TCGA-P5-A72W-01A,bayesprism,0.9393405281973657,0.0,0.0,0.0,0.0,0.012839773139056081,0.0,0.04781969866357821
TCGA-P5-A72X-01A,bayesprism,0.6391893448984279,0.0,0.0,0.0,0.0,0.31448632062595855,0.0,0.046324334475613564
TCGA-P5-A72Z-01A,bayesprism,0.2275006399875792,0.0,0.0,0.33732018486418536,0.3478802463498441,0.06978040344800168,0.017518525350389825,0.0
TCGA-P5-A730-01A,bayesprism,0.5643419908809646,0.0,0.0,0.0,0.0,0.24084570685897938,0.1514739259194198,0.04333837634063617
TCGA-P5-A731-01A,bayesprism,0.6420980650336054,0.0,0.0,0.0,0.0,0.3333467525825263,0.0,0.024555182383868324
TCGA-P5-A733-01A,bayesprism,0.3577713801891466,0.0,0.0,0.0,0.0,0.5741510803670331,0.0,0.06807753944382026
TCGA-P5-A735-01A,bayesprism,0.8088220612029056,0.0,0.0009685711753755926,0.0,0.0,0.08504122115661145,0.038914193308108594,0.06625395315699872
TCGA-P5-A736-01A,bayesprism,1.0,0.0,0.0,0.0,0.0,0.0,0.0,0.0
TCGA-P5-A737-01A,bayesprism,0.7513540168949276,0.0,0.00401024412426166,0.0,0.0,0.21303016613704953,0.0,0.03160557284376103
TCGA-P5-A77W-01A,bayesprism,0.6088359877137549,0.0,0.0,0.0697139679199307,0.004284267019430912,0.2724535882687478,0.04007488561362355,0.004637303464511998
TCGA-P5-A77X-01A,bayesprism,0.18893571214848898,0.0,0.0,0.00645607189081652,0.0,0.7530694521860479,0.008957951694906159,0.042580812079740384
TCGA-P5-A780-01A,bayesprism,0.37569887693611315,0.0,0.0,0.0,0.0,0.47021823530452705,0.10855399316097929,0.045528894598380575
TCGA-P5-A781-01A,bayesprism,0.49430308068543893,0.0,0.0,0.0,0.0,0.4051063468972273,0.04459979816082882,0.05599077425650499
TCGA-QH-A65R-01A,bayesprism,0.5233595806032603,0.0,0.0,0.0,0.0,0.4042425524564462,0.029714873402980096,0.0426829935373134
TCGA-QH-A65S-01A,bayesprism,0.7094346950619854,0.0,0.0,0.007734603461574195,0.08481439908801693,0.13481939996960424,0.04558437284632927,0.01761252957248994
TCGA-QH-A65V-01A,bayesprism,0.7814919334365903,0.0,0.0,0.0,0.0,0.12158782887786052,0.06069360151147755,0.036226636174071555
TCGA-QH-A65X-01A,bayesprism,0.5871694303136152,0.0,0.0,0.0,0.0,0.3964767436352231,0.0039727095904618925,0.012381116460699684
TCGA-QH-A65Z-01A,bayesprism,0.2913464795101036,0.0,0.0,0.0,0.0,0.6457217403781698,0.024842418018749382,0.03808936209297736
TCGA-QH-A6CS-01A,bayesprism,0.4271558353874121,0.0,0.0,0.0,0.0,0.08476719001107158,0.13036115937538237,0.35771581522613394
TCGA-QH-A6CU-01A,bayesprism,0.6064406717286388,0.0,0.0,0.0,0.2890930358335705,0.06230711844751569,0.021603750774530247,0.020555423215744845
TCGA-QH-A6CV-01A,bayesprism,0.6984908090167429,0.0,0.0,0.0,0.0,0.2878919979018317,0.008687879533393474,0.004929313548031916
TCGA-QH-A6CW-01A,bayesprism,0.9773890082588043,0.0,0.0,0.0,0.0,0.0,0.0,0.022610991741195675
TCGA-QH-A6CX-01A,bayesprism,0.5024018321289586,0.0,0.0,0.4527245780392475,0.0,0.0,0.024628384618633793,0.02024520521316015
TCGA-QH-A6CY-01A,bayesprism,0.15743970016325207,0.0,0.0,0.2249892889168212,0.001777887851721625,0.49993849980063654,0.06287716620126625,0.05297745706630219
TCGA-QH-A6CZ-01A,bayesprism,0.20552628203952134,0.0,0.0,0.48719581526924316,0.0,0.20806520592355612,0.0362807247459905,0.06293197202168879
TCGA-QH-A6X3-01A,bayesprism,0.3525314364462269,0.0,0.0,0.0,0.0,0.5817006214380316,0.020342457173482542,0.04542548494225907
TCGA-QH-A6X4-01A,bayesprism,0.29113298347777317,0.0,0.0031355510858476713,0.0564435147865966,0.3128851506990678,0.22622951106117195,0.08753396746558037,0.022639321423962508
TCGA-QH-A6X5-01A,bayesprism,0.12076190206047425,0.0,0.0,0.022398931191317473,0.5295808188981392,0.27180709178907225,0.03460229836667067,0.02084895769432617
TCGA-QH-A6X8-01A,bayesprism,0.33477235208474987,0.0,0.006869791960784539,0.022034680379426623,0.0,0.48018846332185244,0.10790231693392356,0.04823239531926294
TCGA-QH-A6X9-01A,bayesprism,0.33798654531026634,0.0,0.0,0.0952734018132475,0.0,0.436575451390288,0.04899592254778178,0.08116867893841641
TCGA-QH-A6XA-01A,bayesprism,0.6828976581010765,0.0,0.0,0.0,0.0,0.2374581952534854,0.037121438251301854,0.04252270839413629
TCGA-QH-A6XC-01A,bayesprism,0.8856110974311654,0.0,0.0,0.0,0.0,0.0,0.018871859563220628,0.09551704300561391
TCGA-QH-A86X-01A,bayesprism,0.20981449620999362,0.0,0.0,0.0,0.0,0.7482105914618614,0.0059612900446510825,0.03601362228349395
TCGA-QH-A870-01A,bayesprism,0.538265829294,0.0,0.0,0.0,0.0,0.408603159247214,0.0,0.053131011458785994
TCGA-R8-A6MK-01A,bayesprism,0.4100935257149275,0.0,0.0,0.0,0.0,0.5794819079962132,0.0,0.010424566288859124
TCGA-R8-A6ML-01A,bayesprism,0.5066926797954036,0.0,0.0,0.0,0.0,0.4535590428276822,0.007668978589409865,0.0320792987875045
TCGA-R8-A6MO-01A,bayesprism,0.18470388846934946,0.0,0.0,0.039537855889614865,0.40847388747059515,0.2877205342959798,0.0619942496471662,0.017569584227294616
TCGA-R8-A6YH-01A,bayesprism,0.5817556112777665,0.0,0.0,0.0,0.0,0.39991022908967955,0.0,0.018334159632553824
TCGA-RY-A83X-01A,bayesprism,0.14517976403765473,0.0,0.0,0.006874730650887553,0.0035115799500305372,0.7730541041699172,0.04284522547115599,0.028534595720354012
TCGA-RY-A83Y-01A,bayesprism,0.29712114961107916,0.0,0.0,0.0,0.0,0.6565942974250304,0.01854460330867007,0.027739949655220347
TCGA-RY-A83Z-01A,bayesprism,0.9521314467190769,0.0,0.0,0.0,0.0,0.0,0.007119971856719965,0.040748581424203234
TCGA-RY-A840-01A,bayesprism,0.3463587027441426,0.0,0.0,0.09881646988530332,0.0,0.4625620121031573,0.01791199091426127,0.07435082435313554
TCGA-RY-A843-01A,bayesprism,0.5909484839347551,0.0,0.0,0.0,0.0,0.3550405022434308,0.0,0.054011013821814224
TCGA-RY-A845-01A,bayesprism,0.5872958480906413,0.0,0.0,0.0,0.0,0.3183871851639259,0.011207945826235844,0.08310902091919695
TCGA-RY-A847-01A,bayesprism,0.4217661761596013,0.0,0.0,0.0,0.0,0.5300023744869636,0.013457304808307438,0.03477414454512767
TCGA-S9-A6TS-01A,bayesprism,0.6335746632393702,0.0,0.0,0.0,0.0,0.26817050299773826,0.0030204942525466102,0.095234339510345
TCGA-S9-A6TU-01A,bayesprism,0.7292347566763024,0.0,0.00043822520568137887,0.0,0.0,0.17818419406473096,0.06048710949062809,0.03165571456265708
TCGA-S9-A6TV-01A,bayesprism,0.9395827248247506,0.0,0.0,0.0,0.0,0.024612145463626903,0.0,0.03580512971162249
TCGA-S9-A6TW-01A,bayesprism,0.3685742405945722,0.0,0.0,0.006889786411728922,0.0,0.5309371670498242,0.04152957938777429,0.052069226556100384
TCGA-S9-A6TX-01A,bayesprism,0.2861047695699486,0.0,0.0,0.07434671298543515,0.294918789489029,0.24692035877827798,0.06320265628095498,0.03450671289635437
TCGA-S9-A6TY-01A,bayesprism,0.2947748409059314,0.0,0.0,0.4211771149637503,0.0,0.14923528642858594,0.08158591019262748,0.053226847509104995
TCGA-S9-A6TZ-01A,bayesprism,0.8759931231522028,0.0,0.0,0.0,0.0,0.04359965472843571,0.0,0.08040722211936147
TCGA-S9-A6U0-01A,bayesprism,0.40974944863661583,0.0,0.0,0.0,0.0,0.5708659021840843,0.0,0.01938464917929989
TCGA-S9-A6U1-01A,bayesprism,0.3581126693867399,0.0,0.0,0.0,0.0,0.512938790668557,0.08802899525160947,0.04091954469309362
TCGA-S9-A6U2-01A,bayesprism,0.5007962226483922,0.0,0.0,0.0,0.0,0.4636609081965025,0.0010284289023941762,0.03451444025271115
TCGA-S9-A6U5-01A,bayesprism,0.46660822693899495,0.0,0.0,0.0,0.0,0.48397551072380235,0.0,0.04941626233720271
TCGA-S9-A6U6-01A,bayesprism,0.6995157973511358,0.0,0.0,0.0,0.0,0.2285303864157854,0.0,0.07195381623307888
TCGA-S9-A6U8-01A,bayesprism,0.9447304809191793,0.0,0.0,0.0,0.0,0.011498818524733083,0.03254085486220629,0.01122984569388124
TCGA-S9-A6U9-01A,bayesprism,0.994010213500143,0.0,0.0,0.0,0.0,0.0,0.000102320596083542,0.00588746590377343
TCGA-S9-A6UA-01A,bayesprism,0.7613829872633042,0.0,0.0,0.0,0.0,0.2386170127366958,0.0,0.0
TCGA-S9-A6UB-01A,bayesprism,0.25899948664613,0.0,0.0014067247488405445,0.047105475047163434,0.0,0.5869429852547094,0.0759052386437695,0.029640089659387102
TCGA-S9-A6WD-01A,bayesprism,0.946372733513059,0.0,0.0,0.0,0.0,0.0,0.026460957193667055,0.02716630929327407
TCGA-S9-A6WE-01A,bayesprism,0.1993132372806404,0.0,0.0,0.0,0.0,0.7643277149203292,0.01617141825578133,0.020187629543248875
TCGA-S9-A6WG-01A,bayesprism,0.8981713313786649,0.0,0.0,0.0,0.0,0.09844636308778605,0.0,0.00338230553354908
TCGA-S9-A6WH-01A,bayesprism,0.6305327396243237,0.0,0.0,0.13088773096630035,0.0,0.1857466343519439,0.02929973128930184,0.02353316376813028
TCGA-S9-A6WI-01A,bayesprism,0.015446569776158395,0.0,0.012344370015845443,0.4719209638976982,0.4551899007462376,0.006781852378452072,0.026720979316104173,0.011595363869504145
TCGA-S9-A6WL-01A,bayesprism,0.583774739616883,0.0,0.0,0.0,0.021552932428129036,0.3047526788815351,0.0,0.08991964907345273
TCGA-S9-A6WM-01A,bayesprism,0.6743432415560543,0.0,0.06675229637225523,0.0,0.0,0.2361620810053876,0.0,0.02274238106630282
TCGA-S9-A6WN-01A,bayesprism,0.9294707080717092,0.0,0.0,0.0,0.0,0.0,0.0,0.07052929192829087
TCGA-S9-A6WO-01A,bayesprism,0.9883857191089919,0.0,0.0,0.0,0.0,0.0,0.0,0.011614280891008251
TCGA-S9-A6WP-01A,bayesprism,0.6725297550920215,0.0,0.0,0.007006839111520801,0.0016308582001724385,0.21197266492701486,0.0689927026273426,0.03786718004192785
TCGA-S9-A6WQ-01A,bayesprism,0.47763896880595547,0.0,0.0,0.025746030740753878,0.3986233646983695,0.006035769707041753,0.06613318164873518,0.025822684399144338
TCGA-S9-A7IQ-01A,bayesprism,0.047024127632685674,0.0,0.0,0.605791573105694,0.23016392502592528,0.0852052720177288,0.010850392996677716,0.020964709221288486
TCGA-S9-A7IS-01A,bayesprism,0.05354907784577967,0.0,0.0,0.06665022938662919,0.8414453312362314,0.03173230618132149,0.006623055350038209,0.0
TCGA-S9-A7IX-01A,bayesprism,0.9697417453936064,0.0,0.0,0.0,0.0,0.0,0.0,0.030258254606393763
TCGA-S9-A7IY-01A,bayesprism,0.5305921961766894,0.0,0.0,0.0,0.0,0.4546414585385421,0.0,0.014766345284768476
TCGA-S9-A7IZ-01A,bayesprism,0.8692140624899708,0.0,0.0,0.0,0.0,0.009941331641165282,0.0,0.12084460586886399
TCGA-S9-A7J0-01A,bayesprism,0.5040218965816003,0.0,0.0,0.0,0.0,0.44484375334182397,0.02207686724585924,0.029057482830716467
TCGA-S9-A7J1-01A,bayesprism,0.27401040259354814,0.0,0.0,0.0009884142243469928,0.0,0.6445105672596804,0.033723616935577884,0.046766998986846615
TCGA-S9-A7J2-01A,bayesprism,0.17810016409902932,0.0,0.0,0.0009112117952886173,0.0,0.7768776219671418,0.010593423742713637,0.03351757839582652
TCGA-S9-A7J3-01A,bayesprism,0.3537806948467876,0.0,0.0,0.009453302621581713,0.0,0.5643079199189655,0.033636224664263685,0.03882185794840153
TCGA-S9-A7QW-01A,bayesprism,0.5836574183513212,0.0,0.0,0.0,0.0,0.26999925581665324,0.0645162062858268,0.08182711954619871
TCGA-S9-A7QX-01A,bayesprism,0.9793087452242065,0.0,0.0,0.0,0.0,0.0,0.0,0.02069125477579352
TCGA-S9-A7QY-01A,bayesprism,0.5716235413010686,0.0,0.014176908196692048,0.06013558207703973,0.11704445398756992,0.09067744571313939,0.10572756896323722,0.04061449976125305
TCGA-S9-A7QZ-01A,bayesprism,0.28852476847260866,0.0,0.0,0.3179286418555244,0.0,0.3126821736137349,0.03948859696222998,0.041375819095901996
TCGA-S9-A7R1-01A,bayesprism,0.24350420432058795,0.0,3.383366404077385e-05,0.0,0.0,0.7111155691439721,0.0009551226069986832,0.0443912702644004
TCGA-S9-A7R2-01A,bayesprism,0.9119741421997886,0.0,0.0,0.0,0.0,0.0,0.06470831029198475,0.02331754750822675
TCGA-S9-A7R3-01A,bayesprism,0.9445767200953494,0.0,0.0,0.0,0.0,0.01697333241580283,0.004840041484586044,0.03360990600426172
TCGA-S9-A7R4-01A,bayesprism,0.3391252140351882,0.0,0.0,0.0,0.0,0.6394456873766087,0.0,0.021429098588203303
TCGA-S9-A7R7-01A,bayesprism,0.98703271582516,0.0,0.0,0.0,0.0,0.0,0.0,0.012967284174840088
TCGA-S9-A7R8-01A,bayesprism,0.9274641825469989,0.0,0.0,0.0,0.0,0.0,0.04598702430430243,0.026548793148698593
TCGA-S9-A89V-01A,bayesprism,0.8195865115297424,0.0,0.0,0.00689749775885891,0.0,0.1349141549888314,0.009947312567007944,0.028654523155559494
TCGA-S9-A89Z-01A,bayesprism,0.7608249392485495,0.0,0.0,0.0,0.0,0.21236814313515567,0.005778246892148137,0.02102867072414665
TCGA-TM-A7C3-01A,bayesprism,0.3575891339874526,0.0,0.0,0.11712204022235737,0.0,0.4502886516846152,0.00365172514168701,0.0713484489638878
TCGA-TM-A7C4-01A,bayesprism,0.44281338154672933,0.0,0.0,0.3431580215894456,0.0,0.14037618717295142,0.000964530020165977,0.07268787967070771
TCGA-TM-A7C5-01A,bayesprism,0.4694734813682653,0.0,0.0,0.2343554015238287,0.00010030625585623149,0.26803433287472705,0.01220034443913149,0.015836133538191292
TCGA-TM-A7CA-01A,bayesprism,0.5807013833886512,0.0,0.0,0.10388064512021371,0.0,0.2026761416583187,0.0635757012944283,0.04916612853838814
TCGA-TM-A7CF-01A,bayesprism,0.16598404958236054,0.0,0.0,0.7493112782093878,0.0,0.010208433134274386,0.013584579421918657,0.06091165965205872
TCGA-TM-A7CF-02A,bayesprism,0.02400769372361183,0.0,0.0023559340862785894,0.017071477023307666,0.9256467475313802,0.0,0.025121175788915637,0.005796971846506087
TCGA-TM-A84B-01A,bayesprism,0.8416817144662798,0.0,0.0,0.0,0.0,0.002794134080280565,0.0,0.15552415145343954
TCGA-TM-A84C-01A,bayesprism,1.0,0.0,0.0,0.0,0.0,0.0,0.0,0.0
TCGA-TM-A84F-01A,bayesprism,0.9883787765600701,0.0,0.0,0.0,0.0,0.0,0.0,0.011621223439929832
TCGA-TM-A84G-01A,bayesprism,0.3888285116470467,0.0,0.0,0.1321994587676373,0.0,0.44149099814238796,0.023191233224183913,0.014289798218744184
TCGA-TM-A84H-01A,bayesprism,0.7537017682816273,0.0,0.0,0.0,0.0,0.17815578313960942,0.0,0.06814244857876317
TCGA-TM-A84I-01A,bayesprism,0.8504168691774153,0.0,0.0,0.0,0.0,0.10703455051963949,0.0,0.04254858030294512
TCGA-TM-A84J-01A,bayesprism,0.27071537035015075,0.0,0.0,0.0,0.23124055557926487,0.4112748374228281,0.08676923664775632,0.0
TCGA-TM-A84L-01A,bayesprism,0.9899949806180759,0.0,0.0,0.0,0.0,0.0,0.0,0.01000501938192409
TCGA-TM-A84M-01A,bayesprism,0.4832437781882781,0.0,0.0,0.10825341031309073,0.0,0.3550514681522056,0.02427751207672776,0.029173831269697904
TCGA-TM-A84O-01A,bayesprism,0.5678822588800058,0.0,0.0,0.0,0.0,0.4184376251758953,0.0,0.013680115944098896
TCGA-TM-A84Q-01A,bayesprism,0.9807040856931574,0.0,0.0,0.0,0.0,0.0,1.567070819512499e-05,0.019280243598647412
TCGA-TM-A84R-01A,bayesprism,0.021522639524883803,0.0,0.0047244392273831015,0.5029370969538584,0.37178983444746944,0.05861775082094421,0.017698282666166177,0.02270995635929485
TCGA-TM-A84S-01A,bayesprism,0.45157736159203454,0.0,0.0,0.0,0.0,0.49512401627901226,0.005281319095092436,0.04801730303386068
TCGA-TM-A84T-01A,bayesprism,0.4952507827997744,0.0,0.0,0.0,0.0,0.4583723532260435,0.023550189524059892,0.02282667445012209
TCGA-TQ-A7RF-01A,bayesprism,0.746338876290852,0.0,0.0,0.0,0.0,0.15684584085360223,0.0,0.09681528285554568
TCGA-TQ-A7RG-01A,bayesprism,0.38523101595258374,0.0,0.0,0.0,0.0,0.5682928257798949,0.010874442488554216,0.035601715778967175
TCGA-TQ-A7RH-01A,bayesprism,0.9097115913343448,0.0,0.0,0.0,0.0,0.0339248994259727,0.013316211365787766,0.04304729787389479
TCGA-TQ-A7RI-01A,bayesprism,0.332615423772067,0.0,0.0,0.0,0.0,0.6094035421613473,0.026485717593559333,0.0314953164730265
TCGA-TQ-A7RJ-01A,bayesprism,0.4406483261811441,0.0,0.0,0.0,0.0,0.5243788648003562,0.0,0.03497280901849984
TCGA-TQ-A7RK-01A,bayesprism,0.8724443673766433,0.0,0.0,0.0,0.0,0.09820650503585628,0.007479919864734691,0.02186920772276571
TCGA-TQ-A7RM-01A,bayesprism,0.7855089375952353,0.0,0.0,0.0,0.0,0.15546422744605629,0.01826218252523698,0.0407646524334713
TCGA-TQ-A7RN-01A,bayesprism,0.3516976220409129,0.0,4.31674225168987e-05,0.0,0.0,0.5892599233541072,0.018693787420027128,0.040305499762435915
TCGA-TQ-A7RO-01A,bayesprism,0.10673011054638165,0.0,0.0,0.09546510396380975,0.0004437759090410545,0.7419849066825633,0.005784379139387621,0.049591723758816715
TCGA-TQ-A7RP-01A,bayesprism,0.4724847024112212,0.0,0.0011263580331921925,0.04727899563150321,0.09075145739902478,0.16631116607984484,0.07777067137607649,0.14427664906913737
TCGA-TQ-A7RQ-01A,bayesprism,0.4588325190218731,0.0,0.0,0.08428898655075945,0.0016042966631030179,0.3755147240629224,0.006570474167717213,0.07318899953362484
TCGA-TQ-A7RR-01A,bayesprism,0.4789219006988201,0.0,0.0,0.030570377395678784,0.1583510484248365,0.17985339969437988,0.09926073062272356,0.053042543163561176
TCGA-TQ-A7RS-01A,bayesprism,0.20899807495006906,0.0,0.0,0.01636457354598453,0.04415391984857877,0.6800324854955834,0.030309246896386373,0.02014169926339791
TCGA-TQ-A7RU-01A,bayesprism,0.43400084387838245,0.0,0.0,0.05820272716994598,0.0,0.4765086056813186,0.017257283473200918,0.014030539797151994
TCGA-TQ-A7RV-01A,bayesprism,0.6627609154754259,0.0,0.07246137527727899,0.0,0.0,0.09475242503650046,0.0775488903252256,0.09247639388556922
TCGA-TQ-A7RV-02A,bayesprism,0.9786130683191829,0.0,0.0,0.0,0.0,0.0,0.0,0.021386931680817
TCGA-TQ-A7RW-01A,bayesprism,0.5059510086578125,0.0,0.0,0.0,0.0,0.42993600879145666,0.016323469508248093,0.04778951304248271
TCGA-TQ-A8XE-01A,bayesprism,0.86280291834909,0.0,0.0010483976482686056,0.0,0.0,0.03435549413034098,0.0328838431629763,0.06890934670932432
TCGA-TQ-A8XE-02A,bayesprism,0.865158704554369,0.0,0.0,0.0,0.0,0.004952834633670571,0.08210990102249507,0.04777855978946528
TCGA-VM-A8C8-01A,bayesprism,0.9796873662888624,0.0,0.0,0.0,0.0,0.0,0.0,0.020312633711137593
TCGA-VM-A8C9-01A,bayesprism,0.9721913856815723,0.0,0.0,0.0,0.0,0.0,0.0,0.027808614318427804
TCGA-VM-A8CA-01A,bayesprism,0.4474497493441464,0.0,0.0,0.0,0.0,0.5291442053053158,0.0,0.023406045350537735
TCGA-VM-A8CB-01A,bayesprism,0.6199187112356268,0.0,0.0,0.0067663422503687195,0.0,0.3209928354456955,0.0009578826587429408,0.051364228409566115
TCGA-VM-A8CD-01A,bayesprism,0.5469571474736951,0.08680498278545543,0.0,0.0,0.0,0.1427883972655432,0.0,0.22344947247530617
TCGA-VM-A8CE-01A,bayesprism,0.2347973642687252,0.0,0.0,0.021332558851939964,0.03509145359837682,0.633152508708282,0.04879056842945029,0.02683554614322583
TCGA-VM-A8CF-01A,bayesprism,0.9584492263237009,0.0,0.0,0.0,0.0,0.0,0.0,0.041550773676299085
TCGA-VM-A8CH-01A,bayesprism,0.949829942113879,0.0,0.0,0.0,0.0,0.0008759428046498911,0.003976375307330261,0.04531773977414084
TCGA-VV-A829-01A,bayesprism,0.2739163685938245,0.0,0.0,0.026903909383597137,0.0,0.6496932412961465,0.0,0.049486480726431685
TCGA-VV-A86M-01A,bayesprism,0.9553552151752317,0.0,0.0,0.0,0.0,0.025552775787001002,0.0,0.01909200903776729
TCGA-VW-A7QS-01A,bayesprism,0.19752789831558132,0.0,0.0035076784012276862,0.0,0.0,0.7669607265793825,0.004275965116817555,0.02772773158699101
TCGA-VW-A8FI-01A,bayesprism,0.9973330147749696,0.0,0.0,0.0,0.0,0.0,0.0014138616560361787,0.001253123568994307
TCGA-W9-A837-01A,bayesprism,0.13992785347041145,0.0,0.0,0.1262690276129861,0.0,0.6657534595503736,0.025690823968477067,0.04235883539775188
TCGA-WH-A86K-01A,bayesprism,0.5059041334040931,0.0,0.0,0.0,0.0,0.4511771067180052,0.0,0.042918759877901766
TCGA-WY-A858-01A,bayesprism,0.9663004606409568,0.0,0.0,0.0,0.0,0.029148225780480246,4.756041539959155e-06,0.004546557537023124
TCGA-WY-A859-01A,bayesprism,0.10355580040076212,0.0,0.0,0.6115537251129056,0.1844269625164714,0.03091440192543357,0.03129670064678465,0.03825240939764261
TCGA-WY-A85A-01A,bayesprism,0.3215285226138634,0.0,0.010726560926601205,0.0,0.0,0.5547898731062294,0.016117037176362824,0.09683800617694312
TCGA-WY-A85B-01A,bayesprism,0.8052706123241821,0.0,0.0,0.0,0.0,0.17437050235287438,0.005154145062417681,0.015204740260525896
TCGA-WY-A85C-01A,bayesprism,0.9305366489299098,0.0,0.0,0.0,0.0,0.03881717560245299,0.0,0.030646175467637246
TCGA-WY-A85D-01A,bayesprism,0.9664585462092115,0.0,0.0,0.0,0.0,0.0,0.0,0.03354145379078852
TCGA-WY-A85E-01A,bayesprism,0.7436623593636184,0.0,0.0,0.0,0.0,0.188177676738558,0.0,0.06815996389782361
