sample_id,method,Tumor,Macrophage_Microglia,T_cell,NK_cell,B_cell,Endothelial,Oligodendrocyte,Astrocyte
TCGA-02-0047-01A,nnls,0.9778686473295326,0.007846559226097994,0.0,0.0,0.0,0.0,0.0,0.014284793444369361
TCGA-02-0055-01A,nnls,0.7151892550118127,0.14411736397193997,0.0,0.0,0.012132961157063039,0.1153893740732232,0.0,0.013171045785961115
TCGA-02-2483-01A,nnls,0.6615077479885281,0.10213752370374056,0.0,0.0,0.11553814067206752,0.12043362790442505,0.0,0.00038295973123885223
TCGA-02-2485-01A,nnls,0.9897077621197423,0.0,0.0,0.0,0.0,0.0,0.0,0.010292237880257753
TCGA-02-2486-01A,nnls,0.8697023203756077,0.11653198242917055,0.0,0.0,0.0,0.002016843249258704,0.0,0.011748853945963025
TCGA-06-0125-01A,nnls,0.9645473957130701,0.015317135178399222,0.0,0.0,0.0,0.006566973957175602,0.0,0.013568495151355041
TCGA-06-0125-02A,nnls,0.9536645429300415,0.022282334018711002,0.0,0.0,0.0,0.0,0.0,0.024053123051247426
TCGA-06-0129-01A,nnls,0.8787941219084564,0.11214453250219836,0.0,0.0,0.0,0.0,0.00906134558934526,0.0
TCGA-06-0130-01A,nnls,0.5858558735267507,0.32615193434600237,0.0,0.0,0.0,0.07880891263281317,0.0,0.009183279494433694
TCGA-06-0132-01A,nnls,0.8392241089413992,0.10737618771863852,0.0,0.0,0.0,0.0,0.02364743495362656,0.0297522683863358
TCGA-06-0141-01A,nnls,0.8718739249603079,0.08867534869895205,0.0,0.0,0.0,0.0068582708071420004,0.0,0.03259245553359801
TCGA-06-0152-02A,nnls,0.9151698003598373,0.052487726905553804,0.0,0.0,0.0,0.018689887973645992,0.0,0.01365258476096285
TCGA-06-0157-01A,nnls,0.9815621780495938,0.0034639430753147554,0.0,0.0,0.0,0.0,0.0,0.014973878875091402
TCGA-06-0158-01A,nnls,0.9628538339381271,0.019196521786560734,0.0,0.0,0.0,0.0,0.0,0.017949644275312267
TCGA-06-0168-01A,nnls,0.8904036512493996,0.08253373946751788,0.0,0.0,0.0,0.0,0.0,0.027062609283082562
TCGA-06-0171-02A,nnls,0.6775655084943136,0.29178518532079817,0.0,0.0,0.0,0.006262547979361635,0.0,0.024386758205526608
TCGA-06-0174-01A,nnls,0.9855133645155059,0.005542133238203439,0.0,0.0,0.0,0.008944502246290603,0.0,0.0
TCGA-06-0184-01A,nnls,0.8033163936503535,0.10795153187709267,0.0,0.0,0.0,0.04416759292633031,0.007343685393057469,0.037220796153166084
TCGA-06-0187-01A,nnls,0.9688582055147682,0.02189768838507061,0.0,0.0,0.0,0.0,0.0,0.009244106100161182
TCGA-06-0190-01A,nnls,0.811753636238288,0.10199138063782273,0.0,0.0,0.0,0.06738354285242586,0.0,0.018871440271463587
TCGA-06-0190-02A,nnls,0.6389670267348568,0.20488703772492423,0.0,0.0,0.0,0.14450071257399424,0.0,0.011645222966224571
TCGA-06-0210-02A,nnls,0.9143632454508238,0.06707362143669167,0.0,0.0,0.0,0.0,0.0,0.018563133112484656
TCGA-06-0211-01B,nnls,0.9061599586638358,0.04797738948327061,0.0,0.0,0.0,0.02897131475548985,0.0,0.01689133709740385
TCGA-06-0211-02A,nnls,0.8772732062005387,0.09744162599036323,0.0,0.0,0.0,0.013783838889590708,0.0,0.011501328919507215
TCGA-06-0219-01A,nnls,0.899497186752243,0.0286840462212847,0.0,0.0,0.0,0.005654484792026703,0.03959662674645353,0.026567655487992083
TCGA-06-0221-02A,nnls,0.8179809356192399,0.031811696473384325,0.0,0.0,0.0,0.02909981239425114,0.08227543599199467,0.038832119521129936
TCGA-06-0238-01A,nnls,0.8011752011297866,0.11141166183484909,0.0,0.0,0.0,0.026388554053518594,0.05261902090870223,0.00840556207314359
TCGA-06-0644-01A,nnls,0.8700279658884429,0.07011700200518282,0.0,0.0,0.0,0.04099261472505313,0.0,0.018862417381321217
TCGA-06-0645-01A,nnls,0.8095741509897683,0.1611042108966758,0.0,0.0,0.0,0.012688488223525,0.0,0.016633149890031017
TCGA-06-0646-01A,nnls,0.9259063040317635,0.05374636076416003,0.0,0.0,0.0,0.0,0.0,0.020347335204076365
TCGA-06-0649-01B,nnls,0.9729217231487827,0.0,0.0,0.0,0.0,0.0,0.0,0.02707827685121732
TCGA-06-0686-01A,nnls,0.8981262471850683,0.035194526799299256,0.0,0.0,0.0,0.03171088441695787,0.028641158191291084,0.006327183407383469
TCGA-06-0743-01A,nnls,0.9670645242766596,0.01086303550466409,0.0,0.0,0.0,0.0,0.0,0.022072440218676454
TCGA-06-0744-01A,nnls,0.9255575162086451,0.03737237798253556,0.0,0.0,0.0,0.03707010580881947,0.0,0.0
TCGA-06-0745-01A,nnls,0.9038437979789015,0.04721959877549902,0.0,0.0,0.0,0.03219874258365231,0.0,0.016737860661947105
TCGA-06-0747-01A,nnls,0.9779957864928223,0.0,0.0,0.0,0.0,0.0,0.0,0.022004213507177805
TCGA-06-0749-01A,nnls,0.9712477872579768,0.007169853273925088,0.0,0.0,0.0,0.0,0.0,0.021582359468098136
TCGA-06-0750-01A,nnls,0.963188633674395,0.016660915021167216,0.0,0.0,0.0,0.0,0.0,0.020150451304437662
TCGA-06-0878-01A,nnls,0.9384664805178901,0.037405768527907494,0.0,0.0,0.0,0.0,0.0,0.024127750954202446
TCGA-06-0882-01A,nnls,0.9162314669524203,0.047459526087752064,0.0,0.0,0.0,0.0,0.0,0.03630900695982774
TCGA-06-1804-01A,nnls,0.8983649976785012,0.04498590800046878,0.0,0.0,0.0,0.013490524088975784,0.0,0.04315857023205418
TCGA-06-2557-01A,nnls,0.853950534872037,0.11410485762879308,0.0,0.0,0.0,0.0,0.01223193152565089,0.01971267597351915
TCGA-06-2558-01A,nnls,0.8795910452122174,0.039577750646404154,0.0,0.0,0.0,0.04466745250476338,0.019811333560196678,0.016352418076418313
TCGA-06-2559-01A,nnls,0.9759667761881113,0.00406834363607232,0.0,0.0,0.0,0.009836983948747385,0.0,0.010127896227068958
TCGA-06-2561-01A,nnls,0.9561932902327633,0.01673151665330689,0.0,0.0,0.0,0.0,0.0,0.027075193113929724
TCGA-06-2562-01A,nnls,0.87135573638621,0.055514443530623694,0.0,0.0,0.0,0.049245712648480024,0.0,0.023884107434686296
TCGA-06-2563-01A,nnls,0.9154897731260284,0.02844236317156609,0.0,0.0,0.0,0.04251770134898272,0.0,0.01355016235342273
TCGA-06-2564-01A,nnls,0.9478301820665632,0.023117051016559243,0.0,0.0,0.0,0.0038225788469941967,0.0,0.025230188069883416
TCGA-06-2565-01A,nnls,0.9385277810936562,0.026215136369500052,0.0,0.0,0.0,0.02652054660939779,0.0,0.008736535927446104
TCGA-06-2567-01A,nnls,0.9140175925985426,0.06382011328151821,0.0,0.0,0.0,0.0,0.0,0.022162294119939092
TCGA-06-2569-01A,nnls,0.491920332302855,0.007786699569673603,0.09364516868349264,0.0,0.2958387703628921,0.11080199014605942,7.038935027433055e-06,0.0
TCGA-06-2570-01A,nnls,0.8526225798141804,0.09098426586048532,0.0,0.0,0.0,0.032435944119834116,0.02307649462546131,0.0008807155800389001
TCGA-06-5408-01A,nnls,0.9238888717872058,0.050296421632279834,0.0,0.0,0.0,0.014123224639752482,0.0,0.011691481940761991
TCGA-06-5411-01A,nnls,0.7393654412934216,0.08111565143553347,0.0,0.0,0.0,0.03869122520356341,0.09972549725742129,0.041102184810060116
TCGA-06-5412-01A,nnls,0.822307452801936,0.11040396672527139,0.0,0.0,0.0,0.03938113626636035,0.0,0.027907444206432326
TCGA-06-5413-01A,nnls,0.9125855150578543,0.06379191226378583,0.0,0.0,0.0,0.01473866601320525,0.0,0.008883906665154458
TCGA-06-5414-01A,nnls,0.9232947634397349,0.05179031405751036,0.0,0.0,0.0,0.0035911728734920635,0.0,0.02132374962926255
TCGA-06-5415-01A,nnls,0.9851744036304991,0.0,0.0,0.0,0.0,0.0,0.0,0.014825596369500838
TCGA-06-5418-01A,nnls,0.950110101710416,0.029326215362378148,0.0,0.0,0.0,0.0,0.0,0.02056368292720603
TCGA-06-5856-01A,nnls,0.9795223391568881,0.007940309940846215,0.0,0.0,0.0,0.0,0.0,0.012537350902265675
TCGA-06-5858-01A,nnls,0.8753285539360116,0.05291654580489267,0.0,0.0,0.0,0.023972352837800213,0.024709313552951695,0.023073233868343763
TCGA-06-5859-01A,nnls,0.9683629255929354,0.0,0.0,0.0,0.0,0.0,0.0,0.03163707440706457
TCGA-06-6698-01A,nnls,0.8641469777257704,0.09881575211975199,0.0,0.0,0.0,0.014240700336892545,0.0,0.02279656981758505
TCGA-08-0386-01A,nnls,0.93048676065312,0.015890734275664033,0.0,0.0,0.0,0.0352288053858883,0.0,0.018393699685327662
TCGA-12-0616-01A,nnls,1.0,0.0,0.0,0.0,0.0,0.0,0.0,0.0
TCGA-12-0618-01A,nnls,0.9914567618281152,0.0,0.0,0.0,0.0,0.0063871021373132246,0.0,0.002156136034571527
TCGA-12-0619-01A,nnls,0.9406991981599806,0.04419106748680948,0.0,0.0,0.0,0.0,0.0,0.015109734353209944
TCGA-12-0821-01A,nnls,0.9759051287795338,0.0,0.0,0.0,0.0,0.0,0.0,0.024094871220466264
TCGA-12-3650-01A,nnls,0.8987087381652034,0.051091290107713724,0.0,0.0,0.0,0.04126081430064005,0.00193283719331591,0.007006320233126953
TCGA-12-3652-01A,nnls,0.9653538616285416,0.001977096781311841,0.0,0.0,0.0,0.011895561238466329,0.0,0.020773480351680258
TCGA-12-3653-01A,nnls,0.9508179834598066,0.026177924571666383,0.0,0.0,0.0,0.01037676349130613,0.0,0.012627328477220765
TCGA-12-5295-01A,nnls,0.8526659962148603,0.09250537866857171,0.0,0.0,0.0,0.03758796151174323,0.0,0.017240663604824766
TCGA-12-5299-01A,nnls,0.9538193157640373,0.04384557563467113,0.0,0.0,0.0,0.0,0.0,0.0023351086012914296
TCGA-14-0736-02A,nnls,0.9486461013239762,0.024299134480695754,0.0,0.0,0.0,0.0,0.0,0.02705476419532802
TCGA-14-0781-01B,nnls,0.9531474676132132,0.012840346485267209,0.0,0.0,0.0,0.013873558139550197,0.0,0.020138627761969417
TCGA-14-0787-01A,nnls,0.9580734742627572,0.025877738198157658,0.0,0.0,0.0,0.0,0.0,0.016048787539085178
TCGA-14-0789-01A,nnls,0.8307779210472007,0.14337122247959402,0.0,0.0,0.0,0.008882512804511591,0.0,0.016968343668693667
TCGA-14-0790-01B,nnls,0.9712606252458862,0.0,0.0,0.0,0.0,0.0,0.0,0.028739374754113818
TCGA-14-0817-01A,nnls,0.828390305415278,0.1088922258329611,0.0,0.0,0.006470823858904535,0.04016957683620173,0.003359359897383643,0.012717708159271021
TCGA-14-0871-01A,nnls,0.6639954446862845,0.02786335917015134,0.0,0.0,0.2180596450200159,0.08966981508336018,0.0004117360401881493,0.0
TCGA-14-1034-01A,nnls,0.924872293504739,0.0442562621642658,0.0,0.0,0.0,0.005614134467935295,0.0,0.025257309863059987
TCGA-14-1034-02B,nnls,0.9267972083717027,0.02620888366283243,0.0,0.0,0.0,0.032599769475319285,0.0,0.014394138490145519
TCGA-14-1823-01A,nnls,0.9255074427522879,0.055564715186743906,0.0,0.0,0.0,0.0,0.0,0.018927842060968175
TCGA-14-1825-01A,nnls,0.9268731946720681,0.021622320837556403,0.0,0.0,0.0,0.01607123290555343,0.029072773197790107,0.006360478387031961
TCGA-14-1829-01A,nnls,0.8209929766201076,0.08757001080621311,0.0,0.0,0.0,0.06144517070771688,0.019254918932920115,0.010736922933042254
TCGA-14-2554-01A,nnls,0.9469900703280648,0.03816850657018905,0.0,0.0,0.0,0.0,0.0,0.014841423101746038
TCGA-15-0742-01A,nnls,0.9796098312068608,0.009551403543319745,0.0,0.0,0.0,0.0018754317545898059,0.0,0.008963333495229634
TCGA-15-1444-01A,nnls,0.8946139537084784,0.032673678553352105,0.0,0.0,0.0,0.0,0.04791712119631557,0.024795246541853912
TCGA-16-0846-01A,nnls,0.976386721148786,0.006481556830739317,0.0,0.0,0.0,0.0,0.0,0.017131722020474634
TCGA-16-1045-01B,nnls,0.8969379120853868,0.08563774268017685,0.0,0.0,0.0,0.0,0.0,0.017424345234436332
TCGA-19-1390-01A,nnls,0.7935335229078914,0.044510340828811966,0.0,0.0,0.0,0.04920880169710654,0.10474944461407018,0.007997889952120021
TCGA-19-1787-01B,nnls,0.8503069337390947,0.08139391508358468,0.0,0.0,0.0,0.04171532901188067,0.005026553378235707,0.02155726878720428
TCGA-19-2619-01A,nnls,0.9433142480922827,0.0,0.0,0.0,0.0,0.023767934104480786,0.0,0.03291781780323649
TCGA-19-2620-01A,nnls,0.9555439025995139,0.0,0.0,0.0,0.0,0.0,0.013682656855534357,0.030773440544951784
TCGA-19-2624-01A,nnls,0.9986368740571517,0.0,0.0,0.0,0.0,0.0013631259428481897,0.0,0.0
TCGA-19-2625-01A,nnls,0.9767980877800416,0.0,0.0,0.0,0.0,0.0,0.0,0.023201912219958324
TCGA-19-2629-01A,nnls,0.9572372792260516,0.026557892481140235,0.0,0.0,0.0,0.0,0.0,0.016204828292808157
TCGA-19-4065-01A,nnls,0.8662278072049007,0.09646576916445843,0.0,0.0,0.0,0.019318632903904398,0.0,0.017987790726736595
TCGA-19-4065-02A,nnls,0.9163199952466441,0.03893341012961575,0.0,0.0,0.0,0.017848267357146043,0.0,0.026898327266594187
TCGA-19-5960-01A,nnls,0.9944463441167507,0.0,0.0,0.0,0.0,0.0,0.0,0.005553655883249334
TCGA-26-1442-01A,nnls,0.9533252589923623,0.015842688778996795,0.0,0.0,0.0,0.004871307350527129,0.0,0.025960744878113888
TCGA-26-5132-01A,nnls,0.9359321063730263,0.02433261855605218,0.0,0.0,0.0,0.026427556713889137,0.0,0.013307718357032396
TCGA-26-5133-01A,nnls,0.9806248638131153,0.0,0.0,0.0,0.0,0.0,0.0,0.01937513618688475
TCGA-26-5134-01A,nnls,0.9514082631481879,0.027877162849130468,0.0,0.0,0.0,0.0,0.007308851279444737,0.01340572272323688
TCGA-26-5135-01A,nnls,0.9391583635290861,0.014108145317739058,0.0,0.0,0.0,0.03679458320287445,0.0,0.00993890795030039
TCGA-26-5136-01B,nnls,0.9378512264470819,0.04388056713425791,0.0,0.0,0.0,0.0,0.0,0.018268206418660095
TCGA-26-5139-01A,nnls,0.9662353343451768,0.014349049654161046,0.0,0.0,0.0,0.0,0.0,0.019415616000662172
TCGA-27-1830-01A,nnls,0.9627200811047103,0.019468789168026687,0.0,0.0,0.0,0.0,0.0,0.017811129727263
TCGA-27-1831-01A,nnls,0.8216803209643482,0.07273116325322715,0.0,0.0,0.013700696466802317,0.07445488447018325,0.0,0.01743293484543917
TCGA-27-1832-01A,nnls,0.936591284315482,0.03957020139166861,0.0,0.0,0.0,0.0,0.0,0.023838514292849486
TCGA-27-1834-01A,nnls,0.9790842826794329,0.006249565763853116,0.0,0.0,0.0,0.0,0.0,0.014666151556713988
TCGA-27-1835-01A,nnls,0.910951366553824,0.0,0.0,0.0,0.0,0.04890710682743315,0.0,0.04014152661874279
TCGA-27-1837-01A,nnls,0.9543519991702352,0.026456675585034096,0.0,0.0,0.0,0.0,0.0,0.01919132524473067
TCGA-27-2519-01A,nnls,0.9277710042371675,0.05054255884597032,0.0,0.0,0.0,0.0,0.0,0.021686436916862045
TCGA-27-2521-01A,nnls,0.9756162669001147,0.008917436744895684,0.0,0.0,0.0,0.006047598192457282,0.0009858615209778962,0.008432836641554378
TCGA-27-2523-01A,nnls,0.9477319521767382,0.0242535695306002,0.0,0.0,0.0,0.017155473285269646,0.0,0.010859005007391901
TCGA-27-2524-01A,nnls,0.7808352795393589,0.09272424233905255,0.0,0.0,0.026743065515400306,0.08901499547251088,0.0,0.010682417133677336
TCGA-27-2526-01A,nnls,0.9848435453621104,0.0,0.0,0.0,0.0,0.0,0.0,0.015156454637889562
TCGA-27-2528-01A,nnls,0.9591054084124592,0.0,0.0,0.0,0.0,0.026557261463220152,0.0,0.01433733012432057
TCGA-28-1747-01C,nnls,0.9657471859450594,0.020705207230319257,0.0,0.0,0.0,0.0,0.0,0.013547606824621337
TCGA-28-1753-01A,nnls,0.8592241614883482,0.07542191367406023,0.0,0.0,0.0,0.05513598553771407,0.0,0.010217939299877465
TCGA-28-2509-01A,nnls,0.9100840856476352,0.04637597362126223,0.0,0.0,0.0,0.030871489898291405,0.0,0.012668450832811089
TCGA-28-2510-01A,nnls,0.7879330054792786,0.022418682322121297,0.0,0.0,0.0,0.024962902659060728,0.11030912433931883,0.054376285200220524
TCGA-28-2513-01A,nnls,0.8127023447784393,0.13658998697259866,0.0,0.0,0.0,0.034022466131178986,0.0,0.016685202117783012
TCGA-28-2514-01A,nnls,0.9551217022872668,0.01366948705006309,0.0,0.0,0.0,0.023646081193462808,0.0,0.00756272946920739
TCGA-28-5204-01A,nnls,0.881767880798405,0.05651522698944845,0.0,0.0,0.0,0.05594104846217527,0.0,0.005775843749971277
TCGA-28-5207-01A,nnls,0.9423811561048314,0.013665561658856795,0.0,0.0,0.0,0.0334002717697275,0.0,0.010553010466584314
TCGA-28-5208-01A,nnls,0.9025172741210009,0.05370240577459691,0.0,0.0,0.0,0.02320956763263061,0.0,0.020570752471771505
TCGA-28-5209-01A,nnls,0.9631852081431441,0.012840988354537196,0.0,0.0,0.0,0.01052896005555647,0.0,0.0134448434467622
TCGA-28-5213-01A,nnls,0.9329674276046764,0.04463145566846743,0.0,0.0,0.0,0.0,0.0,0.022401116726856216
TCGA-28-5215-01A,nnls,0.9467903324980516,0.03114264712640188,0.0,0.0,0.0,0.0,0.0019389414774369288,0.020128078898109757
TCGA-28-5216-01A,nnls,0.9648418850288305,0.017287472275102248,0.0,0.0,0.0,0.006725661354490611,0.0013863490857921627,0.009758632255784489
TCGA-28-5218-01A,nnls,0.6177821909465862,0.1551085090726523,0.0,0.00011899290769617601,0.04873521962831203,0.1674231179780472,0.010831969466706195,0.0
TCGA-28-5220-01A,nnls,0.9779317713861307,0.0002630524253520261,0.0,0.0,0.0,0.0,0.0,0.021805176188517322
TCGA-32-1970-01A,nnls,0.9753122913068468,0.00871109711389711,0.0,0.0,0.0,0.0,0.0,0.015976611579255985
TCGA-32-1980-01A,nnls,0.8501721345921721,0.07255654686634457,0.0,0.0,0.0,0.01892815361570537,0.02607188404864761,0.03227128087713034
TCGA-32-1982-01A,nnls,0.845414285478914,0.06360600746514179,0.0,0.0,0.0,0.07877112631837996,0.0,0.012208580737564369
TCGA-32-2615-01A,nnls,0.9779970541464981,0.006946656111871031,0.0,0.0,0.0,0.0,0.0,0.015056289741630898
TCGA-32-2616-01A,nnls,0.9450429966545106,0.023855124749510744,0.0,0.0,0.0,0.004847639249293001,0.0,0.026254239346685606
TCGA-32-2632-01A,nnls,0.9069929353419515,0.07344233222061858,0.0,0.0,0.0,0.0,0.0,0.01956473243742989
TCGA-32-2634-01A,nnls,0.9179772970722558,0.02573995511996624,0.0,0.0,0.0,0.02276995523466032,0.011704589984354533,0.02180820258876287
TCGA-32-2638-01A,nnls,0.9335439952850472,0.04811859542928751,0.0,0.0,0.0,0.0013026781575439035,0.0,0.01703473112812146
TCGA-32-4213-01A,nnls,0.9372634959425546,0.04077800983173253,0.0,0.0,0.0,0.0,0.0,0.021958494225712836
TCGA-32-5222-01A,nnls,0.8690341826506796,0.06158230722363128,0.0,0.0,0.0,0.0437794416936281,0.011431419873691733,0.014172648558369277
TCGA-41-2571-01A,nnls,0.9361783022676264,0.010974802581530923,0.0,0.0,0.0,0.0014037443818480826,0.04909698689647131,0.0023461638725231493
TCGA-41-2572-01A,nnls,0.9654496249802269,0.015546409022539408,0.0,0.0,0.0,0.0026338249526767043,0.0,0.01637014104455694
TCGA-41-3915-01A,nnls,0.8986632558588465,0.07116415627382008,0.0,0.0,0.0,0.020067911601642143,0.0,0.010104676265691297
TCGA-41-4097-01A,nnls,0.9527766445401212,0.014963025280155464,0.0,0.0,0.0,0.002314194782783114,0.0,0.029946135396940226
TCGA-41-5651-01A,nnls,0.970489308013995,0.003937222805045953,0.0,0.0,0.0,0.01584719525042664,0.006491015955744944,0.0032352579747875476
TCGA-76-4925-01A,nnls,0.9397546381385643,0.022107683631742456,0.0,0.0,0.0,0.012934332405722662,0.0,0.025203345823970547
TCGA-76-4926-01B,nnls,0.9794657993741823,0.0,0.0,0.0,0.0,0.0,0.0,0.020534200625817692
TCGA-76-4928-01B,nnls,0.8818769529290778,0.049254541907949964,0.0,0.0,0.0,0.05201273555834099,0.0,0.01685576960463146
TCGA-76-4929-01A,nnls,0.9698666945630493,0.0,0.0,0.0,0.0,0.0,0.0,0.030133305436950683
TCGA-76-4931-01A,nnls,0.9792965255047117,0.006390648953923869,0.0,0.0,0.0,0.0,0.0,0.01431282554136457
TCGA-02-0047-01A,svr,0.7662137736438213,0.10867692754696713,0.0,0.0,0.0,0.0712506253584931,0.023310434286768072,0.030548239163950462
TCGA-02-0055-01A,svr,0.4575652675008622,0.3417302959237211,0.0039035026080775936,0.0,0.10157653365450493,0.08920029575262461,0.0,0.006024104560209581
TCGA-02-2483-01A,svr,0.6952893252142364,0.09893238491721959,0.0,0.0,0.09071854918253341,0.1150597406860105,0.0,0.0
TCGA-02-2485-01A,svr,0.9083031501568847,0.027470903909130717,0.0,0.0,0.0,0.049707613942658616,0.0,0.014518331991326029
TCGA-02-2486-01A,svr,0.4794542610357732,0.3399905202389565,0.0,0.0,0.08161470954797481,0.045933813937514695,0.03339824692229579,0.019608448317485077
TCGA-06-0125-01A,svr,0.8768299906479645,0.03340714424637118,0.0,0.0,0.001835842010085224,0.07287014068552974,0.0,0.015056882410049465
TCGA-06-0125-02A,svr,0.8043847114694562,0.0864551206199356,0.0,0.001444012198640057,0.00144896701593871,0.06291394630273725,0.010277434046618504,0.0330758083466738
TCGA-06-0129-01A,svr,0.7753632101296787,0.16641805050602138,0.0,0.0,0.012496498269565736,0.015923753009348365,0.026499965964704077,0.0032985221206818793
TCGA-06-0130-01A,svr,0.22841363083922475,0.5138572224568029,0.017966113588042145,0.006311277325130009,0.1172389794624568,0.10559893061949134,0.00718483471904874,0.0034290109898034967
TCGA-06-0132-01A,svr,0.4131797543271981,0.31065998861253113,0.0,0.0,0.0316212358218931,0.04964382520224369,0.14674177248687784,0.04815342354925615
TCGA-06-0141-01A,svr,0.4949796175060027,0.31766873990320493,0.0,0.0,0.05115121493024714,0.057720507292697044,0.031021637872787586,0.04745828249506047
TCGA-06-0152-02A,svr,0.7719644141311006,0.12365709839731742,0.0,0.002326766427811503,0.0,0.08700821203493327,0.0,0.015043509008837223
TCGA-06-0157-01A,svr,0.8856983976788316,0.0564705073117208,0.0,0.0,0.0,0.03851187756776288,0.0,0.019319217441684782
TCGA-06-0158-01A,svr,0.6581764103953538,0.1205992654069067,0.0,0.003666378893608277,0.0,0.11571071051981999,0.053979675297904574,0.04786755948640668
TCGA-06-0168-01A,svr,0.6013529149824982,0.20893864093528478,0.0,0.0,0.03470552573375531,0.09429244860548708,0.011631998938186696,0.04907847080478807
TCGA-06-0171-02A,svr,0.12578937775731105,0.7137270361824126,0.0,0.001024618753989576,0.0,0.08643128409278102,0.05213831041184544,0.020889372801660245
TCGA-06-0174-01A,svr,0.9260380605786934,0.028844801707283485,0.0,0.0,0.0,0.03131710964976349,0.009945840905862256,0.0038541871583973705
TCGA-06-0184-01A,svr,0.3440416448533382,0.351107677606585,0.0002373686152586981,0.0,0.03937780492812105,0.12269657173646167,0.07805185427471042,0.06448707798552485
TCGA-06-0187-01A,svr,0.6443596280950866,0.15377965646428005,0.0,0.001837050615129479,0.012161945148783366,0.12619747636317682,0.0,0.06166424331354362
TCGA-06-0190-01A,svr,0.5718094837387209,0.2467849582194671,0.0,0.0,0.013630298902070789,0.14487342159846556,0.0020394072774485915,0.02086243026382695
TCGA-06-0190-02A,svr,0.4672110234093483,0.271095777394998,0.013402854815131452,0.0,0.038920512128263286,0.20658535128617486,0.0,0.0027844809660841604
TCGA-06-0210-02A,svr,0.5464224873706803,0.26444677903060876,0.0,0.0018189504411844078,5.0319467401546805e-05,0.080751107161863,0.07568824430496356,0.030822112223298385
TCGA-06-0211-01B,svr,0.8094615665419169,0.07031905508689676,0.0,0.0,0.019772271403587463,0.0776296508281092,0.0,0.02281745613948968
TCGA-06-0211-02A,svr,0.6749856279996302,0.20317677363581138,0.0,0.0,0.02600708524390293,0.08441972647700281,0.0,0.011410786643652582
TCGA-06-0219-01A,svr,0.6224196762552326,0.08647281033606603,0.0,0.0004427338083178069,0.08284562643807276,0.03739028154893041,0.13717851143685314,0.0332503601765271
TCGA-06-0221-02A,svr,0.7068148980147716,0.017510432360064814,0.0,0.0,0.056448254898500014,0.013778683909972151,0.14524066506804648,0.06020706574864506
TCGA-06-0238-01A,svr,0.7131901555345065,0.11750156859742727,0.0,0.0,0.05346072794346746,0.02742843623377581,0.07999997076597422,0.008419140924848703
TCGA-06-0644-01A,svr,0.6053106398967028,0.245249343629829,0.007224596612227124,0.0,0.012505332607906787,0.10423905389174892,0.009162196291227958,0.01630883707035739
TCGA-06-0645-01A,svr,0.4924380179104205,0.35950262300624874,0.0,0.0,0.000856940273064622,0.11136110823260757,0.01643804543563455,0.019403265142024045
TCGA-06-0646-01A,svr,0.7937102224790447,0.12802134850282762,0.0,0.00044318950496440837,0.0,0.06106027220946072,0.0021283218169304862,0.014636645486772026
TCGA-06-0649-01B,svr,0.7063581666472493,0.1851251334920128,0.0,0.0,0.0400449559983997,0.03483926740501037,0.0,0.03363247645732778
TCGA-06-0686-01A,svr,0.7971832925097644,0.06815678199136051,0.0,0.0,0.0,0.06215179256219792,0.06434800792389939,0.008160125012777807
TCGA-06-0743-01A,svr,0.7654947554687372,0.08476203604040085,0.0,0.0,0.03656580236936466,0.06938389920999626,0.0,0.043793506911501044
TCGA-06-0744-01A,svr,0.6915471123510609,0.06322688975555997,0.0,0.002353402905200027,0.11777140103632065,0.10493122521288326,0.007888037369188609,0.012281931369786517
TCGA-06-0745-01A,svr,0.775861076758366,0.12378948171421446,0.0,0.0,0.0029398523529758137,0.08351190730774169,0.0,0.013897681866702023
TCGA-06-0747-01A,svr,0.8703887057977914,0.04934738526857147,0.0,0.0,0.003983185405014547,0.06420920661252962,0.0,0.012071516916092945
TCGA-06-0749-01A,svr,0.5763749459522153,0.20434922114905,0.0,0.0,0.022314855784142867,0.06169279242571241,0.07337899907870535,0.06188918561017404
TCGA-06-0750-01A,svr,0.6977772436801061,0.15306423507452369,0.0,0.0016154399695996883,0.036012512331466726,0.0951098275672525,0.0016369449897780382,0.014783796387273201
TCGA-06-0878-01A,svr,0.7246116411388277,0.1542720747513496,0.0,0.00019751284993251565,0.0003319057350250088,0.08240306174528722,0.0021002536181825623,0.03608355016139551
TCGA-06-0882-01A,svr,0.4524337731467721,0.2618902628704239,0.0,0.0,0.020683165672677334,0.10110750771275344,0.07597777498264666,0.08790751561472657
TCGA-06-1804-01A,svr,0.7747682496795725,0.07048344890898055,0.0,0.003624150668021396,0.0,0.06036310590389901,0.007795403620593774,0.08296564121893292
TCGA-06-2557-01A,svr,0.5251464254106997,0.2589093277578187,0.0016788293475693266,0.0006307335051129698,0.01951295393296158,0.051293715371900715,0.08086945275735997,0.06195856191657703
TCGA-06-2558-01A,svr,0.7946453343452601,0.061211203884667845,0.0,0.0,0.002438438394881082,0.07140741185662895,0.048347333615786615,0.02195027790277549
TCGA-06-2559-01A,svr,0.9074166032073149,0.04207979670570779,0.0,0.0,0.0,0.03934578927238204,0.0023551948737497545,0.008802615940845521
TCGA-06-2561-01A,svr,0.6711686565548277,0.1752709053811503,0.0,0.0,0.0,0.06542703206545114,0.01964482656323072,0.06848857943533995
TCGA-06-2562-01A,svr,0.6977745005639999,0.1182296523480855,0.0,0.00034946681952484983,0.00016446691878262772,0.15538323506540233,0.0,0.0280986782842047
TCGA-06-2563-01A,svr,0.72674559288186,0.05743033159573188,0.0,0.0022575383014008786,0.05327142540014514,0.13240194587720594,0.0034592455332361095,0.024433920410419998
TCGA-06-2564-01A,svr,0.6804043071719565,0.12121618681322027,0.0,0.0011717259705435418,0.0,0.12068697400926229,0.03623735000908173,0.04028345602593567
TCGA-06-2565-01A,svr,0.7809222232562252,0.06589814721007416,0.0,0.0006541909202505995,0.003885735627611815,0.13114558755778233,0.0,0.01749411542805604
TCGA-06-2567-01A,svr,0.6900877700793425,0.1512186887471139,0.0,0.0024052896520802896,0.007535408538446037,0.07867435258489362,0.03895460916251689,0.031123881235606544
TCGA-06-2569-01A,svr,0.5330275248625903,0.009273858737462526,0.0,0.0,0.37190161720440457,0.08240715763826477,0.0033898415572778894,0.0
TCGA-06-2570-01A,svr,0.7004570857462002,0.12566057007682768,0.0,0.0,0.05208811482971142,0.08080206090905623,0.0320717957998417,0.008920372638362734
TCGA-06-5408-01A,svr,0.8815376540330395,0.06200019545151414,0.0,0.0003327442008824255,0.0008116656441931554,0.03811077711977305,0.0,0.01720696355059786
TCGA-06-5411-01A,svr,0.6010566866634965,0.11614561418089239,0.0,0.0,0.029302868468156492,0.06219828334641251,0.15219695646418166,0.039099590876860546
TCGA-06-5412-01A,svr,0.4529682148371727,0.26850570642753635,0.0011990725089523284,0.0,0.04102531363269562,0.20228298708878226,0.0,0.03401870550486071
TCGA-06-5413-01A,svr,0.7628830216791788,0.1355426150780327,0.0,0.0,0.009117586679670404,0.07318064307702284,0.0007688259402957599,0.018507307545799583
TCGA-06-5414-01A,svr,0.6930877679346957,0.17504891321507512,0.0,0.0,0.01525784957198021,0.07767367765738391,0.0,0.038931791620865
TCGA-06-5415-01A,svr,0.8344125496093193,0.03121502511329475,0.0,0.0,0.018698131229135797,0.059058185695474295,0.01139818583441014,0.04521792251836563
TCGA-06-5418-01A,svr,0.6980801629271656,0.1357169331445122,0.0,0.0008072790711180271,0.07375117128198755,0.06786134761733356,0.0,0.023783105957883154
TCGA-06-5856-01A,svr,0.8574992638250237,0.07165082162042653,0.0,0.0,0.0,0.05178721624959826,0.0,0.019062698304951442
TCGA-06-5858-01A,svr,0.5776644521936921,0.14981403718366015,0.0,0.0,0.014949333385539509,0.11325678723213409,0.11570401848334269,0.028611371521631592
TCGA-06-5859-01A,svr,0.749385499642002,0.15729147247758984,0.0,0.0,0.0,0.044932772787700984,0.0,0.048390255092707175
TCGA-06-6698-01A,svr,0.7918345035885765,0.13580648283635682,0.0,0.0048178638259866405,0.0,0.04263192220488987,0.0,0.024909227544190022
TCGA-08-0386-01A,svr,0.7452482269377796,0.05715369833735505,0.0,0.003273086114991856,0.0,0.1413900006358571,0.0009861101134516826,0.051948877860564784
TCGA-12-0616-01A,svr,0.8496403586229562,0.06535952340741738,0.0,0.0,0.04585345706126796,0.03552484370263133,0.0011516450294286552,0.0024701721762985613
TCGA-12-0618-01A,svr,0.9390932152118942,0.022237411546091223,0.0,0.0,0.0,0.024333010815959816,0.0066728509252862375,0.007663511500768589
TCGA-12-0619-01A,svr,0.5784809129225381,0.27530767347357327,0.0,0.0,0.0,0.12727932423952884,0.0,0.018932089364359722
TCGA-12-0821-01A,svr,0.7813439818807768,0.05065436274620909,0.0,0.0,0.026578592164839137,0.09480129566642972,0.018062721415552048,0.028559046126193224
TCGA-12-3650-01A,svr,0.8067419110721512,0.06540641853121602,0.0,0.0,0.02600984519463251,0.0723410040770126,0.014468266280321907,0.015032554844665749
TCGA-12-3652-01A,svr,0.8580746761251828,0.030640387559246047,0.0,6.84169589616206e-05,0.03164753793738932,0.05532772089196117,0.0,0.024241260527259063
TCGA-12-3653-01A,svr,0.7913722579884271,0.09356132108383589,0.0,0.00010555978549872834,0.009851032941301347,0.08888540139827107,0.001043648510910421,0.015180778291755445
TCGA-12-5295-01A,svr,0.6447805502441967,0.18146379406502822,0.0,0.0,0.04646836503876474,0.0960664240456952,0.0,0.031220866606315328
TCGA-12-5299-01A,svr,0.7937788269663483,0.10678348496874057,0.0,0.0,0.045193173312428364,0.048938168162912264,0.0,0.005306346589570631
TCGA-14-0736-02A,svr,0.5639178821142852,0.23456122831436643,0.0,0.0,0.05803792633611135,0.05185698427574624,0.04678815535728231,0.04483782360220849
TCGA-14-0781-01B,svr,0.5652267973042269,0.16112458412511854,0.0,0.002480562674570607,0.02874790356932668,0.200622491581781,0.0,0.04179766074497616
TCGA-14-0787-01A,svr,0.8155401184136426,0.09021517002149447,0.0,0.002612105326288717,0.014798385835308903,0.05857118931764829,0.0,0.018263031085616954
TCGA-14-0789-01A,svr,0.6163958042578533,0.2426417141903363,0.0,0.0,0.03350441251666132,0.07910617949193581,0.0,0.02835188954321323
TCGA-14-0790-01B,svr,0.7841231029524617,0.022767302237125895,0.0,0.0016088294684563707,0.014776052210665103,0.09701061872158823,0.0,0.07971409440970265
TCGA-14-0817-01A,svr,0.5127202715252182,0.2337624503364222,0.0,0.0021325750479735707,0.12258869221085453,0.07534946134997723,0.03871398434116272,0.014732565188391748
TCGA-14-0871-01A,svr,0.6358235379059508,0.023673939040482872,0.0,0.0,0.2797815359644457,0.05472800180368992,0.0027578589455520743,0.0032351263398784865
TCGA-14-1034-01A,svr,0.6607494448327885,0.1809525576002211,0.0,0.001080914336808417,0.001107693529522198,0.08562143131574135,0.0,0.07048795838491835
TCGA-14-1034-02B,svr,0.8652896235011645,0.027408969688081646,0.0,0.0,0.05301418583310561,0.01721864455168023,0.0,0.037068576425968086
TCGA-14-1823-01A,svr,0.6679291193912918,0.18862152572313026,0.0003097256453737715,0.0,0.0975925743063775,0.030853762678768257,0.0,0.014693292255058442
TCGA-14-1825-01A,svr,0.8241807397274775,0.04109555831303487,0.0,0.0,0.013416459019466509,0.0381042363506743,0.06676973074517448,0.01643327584417236
TCGA-14-1829-01A,svr,0.6379851509158382,0.15158549156473222,0.0,0.0,0.08550475120534573,0.043188773727547404,0.07090330021768285,0.010832532368853582
TCGA-14-2554-01A,svr,0.7035263995109923,0.14673334408749175,0.0,0.0,0.0683830131408454,0.055672661690515456,0.004643527045649148,0.02104105452450608
TCGA-15-0742-01A,svr,0.885040064915022,0.0389404386864332,0.0,0.0006993635254517382,0.00270325908890637,0.06366527321278752,0.0,0.008951600571399283
TCGA-15-1444-01A,svr,0.578479114119824,0.10127101173835155,0.0,0.0,0.0,0.08534100080776513,0.1665968882475753,0.06831198508648405
TCGA-16-0846-01A,svr,0.8006157922457507,0.0888160428481961,0.0,0.0,0.0,0.03836465861667535,0.038852131927143777,0.03335137436223416
TCGA-16-1045-01B,svr,0.5472315281266827,0.28699639499867385,0.0,0.0,0.007158233315820107,0.10299644790678371,0.027034779361668326,0.028582616290371215
TCGA-19-1390-01A,svr,0.6906080850098784,0.04805629305409488,0.0,0.0,0.04529871015582895,0.027761878850814648,0.17865426842373916,0.009620764505644036
TCGA-19-1787-01B,svr,0.6351062846301545,0.15924106715085595,0.0,0.0015742791769340345,0.017422288726978444,0.11018629710386971,0.03865908652985675,0.03781069668135062
TCGA-19-2619-01A,svr,0.7826808564255238,0.026089169851103988,0.0,0.0,0.0,0.12571982801950754,0.0,0.06551014570386464
TCGA-19-2620-01A,svr,0.5430580519521108,0.05726475051292992,0.0,0.0,0.05346889690684709,0.1177378333741581,0.17061129839533762,0.057859168858616514
TCGA-19-2624-01A,svr,0.9522796453680819,0.00910737797067914,0.0,0.0,0.0,0.034427819391995206,0.0,0.004185157269243885
TCGA-19-2625-01A,svr,0.8018179960920948,0.08623252230945941,0.0,0.004010806744738612,0.014854175732047049,0.05141595982658465,0.0,0.04166853929507555
TCGA-19-2629-01A,svr,0.7237043175147879,0.12302344281560738,0.0,0.0001677318234096984,0.009624918157314312,0.0808321242989014,0.04856875284275228,0.014078712547226936
TCGA-19-4065-01A,svr,0.5906781310787478,0.22149065229693832,0.0,0.0005411771782124674,0.09124526130199756,0.06937690411778019,0.007076959999928471,0.01959091402639528
TCGA-19-4065-02A,svr,0.6463785428640982,0.1414229759081387,0.0,0.0015446591515422738,0.022361069045898522,0.12951623296190687,0.02649577093348964,0.032280749134925756
TCGA-19-5960-01A,svr,0.954116679189555,0.015231251481005332,0.0,0.0,0.0,0.005851660509668876,0.012169201763940011,0.012631207055830759
TCGA-26-1442-01A,svr,0.7693782893990303,0.03437238787480595,0.0,0.0,0.03934149779413482,0.08792587047573627,0.029525815173742316,0.039456139282550304
TCGA-26-5132-01A,svr,0.7384098732055862,0.10026822753801586,0.0,0.003524830441687017,0.010222414603140646,0.11344797709057527,0.004024539260871778,0.030102137860123244
TCGA-26-5133-01A,svr,0.7969880284924438,0.045715340960299396,0.0,0.0031403704445776715,0.06231688888880436,0.07543238790903206,0.0,0.01640698330484274
TCGA-26-5134-01A,svr,0.8168995076623264,0.07484713176996867,0.0,0.0011313214326167415,0.01754310843478714,0.030063000569519403,0.03950478254979223,0.020011147580989194
TCGA-26-5135-01A,svr,0.8246194790920359,0.06759407743432097,0.0,0.0,0.003094527810854017,0.07911262774731262,0.016503146181506296,0.00907614173397023
TCGA-26-5136-01B,svr,0.6497179054031681,0.1513025872893549,0.0,0.003014439098246292,0.05902610757985007,0.08493872179262464,0.02258084536487834,0.029419393471877643
TCGA-26-5139-01A,svr,0.7564420664039262,0.12060076048489095,0.0,0.0015366649579057735,0.0032014620299156593,0.08074474470891704,0.0035878975817151106,0.03388640383272933
TCGA-27-1830-01A,svr,0.7187742909697094,0.12572085363029797,0.0,0.0027649868844524116,0.00033311790386964673,0.10403412448936908,0.024967836540646986,0.023404789581654463
TCGA-27-1831-01A,svr,0.6414327400185516,0.11645536189745416,0.0,0.0,0.15425092882648642,0.06001375329575345,0.0021042137650977163,0.025743002196656782
TCGA-27-1832-01A,svr,0.6723794165953283,0.21325357751096174,0.0,0.005966473979766147,0.02649988946074984,0.06553239057911336,0.0,0.016368251874080513
TCGA-27-1834-01A,svr,0.7896005656975823,0.12177125792037437,0.0,0.0,0.023656367912244475,0.02639685066620909,0.009990662922697232,0.02858429488089256
TCGA-27-1835-01A,svr,0.7732935448405004,0.012086129078666187,0.0,0.002132777897339671,0.018181923898229188,0.12745500951115055,0.0,0.06685061477411407
TCGA-27-1837-01A,svr,0.833443977832488,0.06915456848865435,0.0,0.0,0.008234099671210613,0.05841585352131584,0.009508502209861828,0.021242998276469378
TCGA-27-2519-01A,svr,0.7200688440948191,0.20648117412513253,0.0,0.0,0.005242128828607358,0.03686874168261279,0.0,0.03133911126882825
TCGA-27-2521-01A,svr,0.8214810393156022,0.028100357825066726,0.0,0.0,0.0816882626090072,0.04444078491122821,0.008846498366972384,0.015443056972123193
TCGA-27-2523-01A,svr,0.889766961888137,0.04810696761548603,0.0,0.0,0.0151088545111079,0.03286703308186764,0.0018591162352455178,0.012291066668155859
TCGA-27-2524-01A,svr,0.6202469709801302,0.13643195827303256,0.0,0.0,0.13355492582281728,0.09167606505841779,0.0,0.018090079865602272
TCGA-27-2526-01A,svr,0.7986707674378172,0.06215582116401051,0.0,0.0,0.06083048222838048,0.05023517511394599,0.0,0.028107754055845847
TCGA-27-2528-01A,svr,0.8022867570072284,0.021266580953652855,0.0,0.0,0.04249489352722412,0.1200708443451137,0.0,0.013880924166781045
TCGA-28-1747-01C,svr,0.6942326852363674,0.13740236096032138,0.0,0.0,0.009869317919429887,0.05908703373312124,0.05013546004611739,0.04927314210464273
TCGA-28-1753-01A,svr,0.7185211973246223,0.14034161878575255,0.0,0.0,0.0,0.12090580542009328,0.008556187173266278,0.011675191296265623
TCGA-28-2509-01A,svr,0.7208532310672892,0.17630908510210613,0.0,0.0,0.027281108207447228,0.0613584230357537,0.0,0.014198152587403694
TCGA-28-2510-01A,svr,0.5938819426781612,0.045149762131110015,0.0,0.0,0.003005315484582222,0.08164593928264381,0.21144639863835943,0.06487064178514329
TCGA-28-2513-01A,svr,0.5026477806219374,0.315802798945032,0.0,0.0,0.02134660752750749,0.1283770351968356,0.0,0.0318257777086876
TCGA-28-2514-01A,svr,0.8436856879327493,0.03483992387425971,0.0,0.0,0.0,0.0870901399499788,0.005253978248344957,0.029130269994667213
TCGA-28-5204-01A,svr,0.7754531025244829,0.07327431912492399,0.0,0.0008545759967354332,0.0064379320074789,0.1279275172525234,0.0,0.016052553093855438
TCGA-28-5207-01A,svr,0.7820197528295094,0.04991243290008278,0.0,0.0,0.008435035804840101,0.13609930744983284,0.003608131317027476,0.019925339698707387
TCGA-28-5208-01A,svr,0.7530326106676716,0.10173242168426397,0.0,4.6628620506837815e-05,0.024736063826399018,0.10061298860498848,0.00023897872481214866,0.019600307871357903
TCGA-28-5209-01A,svr,0.8318477451631275,0.036984790467023895,0.0,0.0,0.012655350266001073,0.09885702203027769,0.0,0.019655092073569934
TCGA-28-5213-01A,svr,0.4629657389203634,0.3732512310722087,0.008982964936140604,0.0,0.055994734339651006,0.05207123507834328,0.011718809158162008,0.03501528649513095
TCGA-28-5215-01A,svr,0.7241643766474652,0.1269448045724578,0.0,0.0,0.0,0.05759341037684663,0.06914737805592995,0.02215003034730037
TCGA-28-5216-01A,svr,0.7732680284529689,0.0744444934064733,0.0,0.0,0.027854318389162913,0.06893020096024706,0.035237305340259484,0.020265653450888304
TCGA-28-5218-01A,svr,0.33257958759389544,0.22657128435669824,0.06489402099729596,0.0014258845746219309,0.2022508989710091,0.171219940936925,0.0007622398196888488,0.0002961427498654915
TCGA-28-5220-01A,svr,0.7577919689093043,0.10593755447416285,0.0,0.0,0.03047376458544196,0.03903732273012356,0.013628701310899556,0.05313068799006782
TCGA-32-1970-01A,svr,0.8164743504794876,0.06527798562840348,0.0,0.0016213451620685126,0.0,0.06379784876464221,0.0,0.05282846996539811
TCGA-32-1980-01A,svr,0.4813846192427972,0.18335682435993828,0.0,0.0,0.050993674028547244,0.11077259957081671,0.119022195039743,0.05447008775815765
TCGA-32-1982-01A,svr,0.5700272897609984,0.1400511618321545,0.0,0.0016245854792941198,0.0525592181202379,0.2167501071840405,0.0074816277004558515,0.011506009922818774
TCGA-32-2615-01A,svr,0.6435769814119705,0.13391880667766579,0.0,0.0020956981606533144,0.06533411416681614,0.07819335145435419,0.02176097501426291,0.05512007311427716
TCGA-32-2616-01A,svr,0.7905228007324498,0.10527007899925853,0.0,0.0023895028939329415,0.006691611244735416,0.04849020782651898,0.015249508782870673,0.031386289520233576
TCGA-32-2632-01A,svr,0.6500571120977117,0.20560994479147307,0.0,0.0,0.01423726039756508,0.08374757593701627,0.0,0.04634810677623405
TCGA-32-2634-01A,svr,0.7929782325874745,0.03949361942015998,0.0,0.0,0.019664670978002737,0.07492166012081655,0.04347044196989829,0.02947137492364809
TCGA-32-2638-01A,svr,0.6752446279859508,0.1567125152111697,0.0,0.001239715128004985,0.0046096395665874935,0.1292580312615847,0.0,0.032935470846702355
TCGA-32-4213-01A,svr,0.6613606614359576,0.18601545321309806,0.0,0.0,0.03265951356201343,0.10571036389772011,0.0,0.014254007891210799
TCGA-32-5222-01A,svr,0.6207125145648795,0.11904168607460403,0.0,0.0,0.09326415129610922,0.09190710815717883,0.04642592092495179,0.028648618982276507
TCGA-41-2571-01A,svr,0.7991511186959829,0.0442809456536642,0.0,0.0,0.027281517866733246,0.01658953599129394,0.10834674043907658,0.004350141353249087
TCGA-41-2572-01A,svr,0.7029008999288586,0.09932359441469818,0.0,0.0005562620063084972,0.01582296399811095,0.14285603975586494,0.004062065091081113,0.0344781748050776
TCGA-41-3915-01A,svr,0.6624274057809598,0.19929292970419235,0.0,3.4128934992401675e-06,0.005426163196952804,0.09862826433041201,0.020787146080421058,0.013434678013562882
TCGA-41-4097-01A,svr,0.7086618949035669,0.15638358180259734,0.0,0.00022866595995663742,0.0,0.07130586323589594,0.006834795976090447,0.05658519812189283
TCGA-41-5651-01A,svr,0.9019969026851072,0.013958648691084555,0.0,0.0,0.013722284139590417,0.0409125938661466,0.019919162796578366,0.009490407821492854
TCGA-76-4925-01A,svr,0.8134911213783524,0.050123485028585144,0.0,0.0009382516884205107,0.05086764341002746,0.06324503797205541,0.0,0.021334460522559096
TCGA-76-4926-01B,svr,0.7259993396989843,0.08100651012870502,0.0,0.011335078231726447,0.005111995226348326,0.07786905114635682,0.017187548314543617,0.08149047725333541
TCGA-76-4928-01B,svr,0.7067229095954216,0.1209313444238512,0.0,0.0,0.0617490882620239,0.09407928882771377,0.002238088402442833,0.014279280488546722
TCGA-76-4929-01A,svr,0.8428025967951669,0.07016209029140784,0.0,0.00029964763469132136,0.0,0.034883381135452536,0.01962083868901782,0.03223144545426369
TCGA-76-4931-01A,svr,0.8606181198161794,0.035398211154193976,0.0,0.0017088559300631665,9.639551372977998e-05,0.06229274675392376,0.0,0.03988567083190995
TCGA-02-0047-01A,cibersortx,0.8125189807518852,0.07880849765820973,0.0,0.0,0.0,0.05939162123045872,0.022469169550194606,0.026811730809251644
TCGA-02-0055-01A,cibersortx,0.3763017086207366,0.4149222014412629,0.01349573061961921,0.0,0.12526425383028736,0.06253028625112608,0.0,0.0074858192369677825
TCGA-02-2483-01A,cibersortx,0.5083626760993405,0.12533669557408308,0.011864998548520325,0.0018545558044298434,0.22020696549676538,0.13237410847686076,0.0,0.0
TCGA-02-2485-01A,cibersortx,0.902699269001286,0.016430244032363147,0.0,0.0,0.001270228386182432,0.061305259991551224,0.0,0.01829499858861713
TCGA-02-2486-01A,cibersortx,0.4642701541068771,0.3900965808521232,0.013329547703400278,0.004828041055722,0.05352317815089739,0.025531911656550384,0.03615043387330354,0.012270152601126107
TCGA-06-0125-01A,cibersortx,0.8829075706717182,0.034227936615704176,0.0,0.0,0.005585328215771594,0.06234979291858327,0.0,0.014929371578222704
TCGA-06-0125-02A,cibersortx,0.8175376386383553,0.08238448348713483,0.0,0.0,0.0,0.052704928416451545,0.01678251343051525,0.030590436027543008
TCGA-06-0129-01A,cibersortx,0.6998677417674992,0.21891180203877686,0.0,0.0,0.03412028161972394,0.0070632765865854714,0.03789569814875761,0.002141199838656972
TCGA-06-0130-01A,cibersortx,0.15910111055989928,0.6178533376146851,0.025216564402132047,0.006807851324158988,0.1105932108113955,0.07542787793422956,0.003642845919216872,0.0013572014342826378
TCGA-06-0132-01A,cibersortx,0.3521007005542822,0.3705244131457182,0.0,0.0,0.04505750732134548,0.03483013542914166,0.15461752168229076,0.0428697218672217
TCGA-06-0141-01A,cibersortx,0.3560452745801775,0.4419449452547119,0.01019555597990027,0.0,0.024492808106954936,0.07400705779477403,0.03617239675575184,0.05714196152772954
TCGA-06-0152-02A,cibersortx,0.7572497010406942,0.1206194109617423,0.0,0.0023206260736466115,0.0,0.10140231355635784,0.0,0.018407948367558984
TCGA-06-0157-01A,cibersortx,0.8507328713407061,0.06483480982265742,0.0,0.0,0.0,0.05784925852136004,0.0,0.02658306031527649
TCGA-06-0158-01A,cibersortx,0.6673712221968164,0.11607454715278083,0.0,0.0023865308148227826,0.0,0.0985731741401033,0.06124346130850436,0.05435106438697222
TCGA-06-0168-01A,cibersortx,0.5416561386952194,0.24053590795357518,0.0,0.0,0.028403246550112202,0.11367517497313748,0.014276294685934781,0.061453237142020875
TCGA-06-0171-02A,cibersortx,0.08505972489499432,0.7791127730216766,0.0038775268517601195,0.0,0.0,0.0720392488430594,0.04622773374008934,0.013682992648420295
TCGA-06-0174-01A,cibersortx,0.8596836644449509,0.03679200505989434,0.0,0.0,0.014474851876986898,0.06440782172892211,0.019040468905336477,0.005601187983909313
TCGA-06-0184-01A,cibersortx,0.28463379632035385,0.40868107749204785,0.0021810881810667908,0.0,0.03303038526623505,0.14348396232416397,0.08247176585443203,0.04551792456170028
TCGA-06-0187-01A,cibersortx,0.6686735375792104,0.14731522063180408,0.000972423742693704,0.0,0.0,0.11553413419565049,0.0,0.06750468385064115
TCGA-06-0190-01A,cibersortx,0.5435275642660251,0.2866868005770058,0.0,0.0,0.017157233823218536,0.13664111333326648,0.0038441850920741313,0.012143102908410025
TCGA-06-0190-02A,cibersortx,0.2704701654842411,0.387429067351093,0.014817769330790527,0.007472733036517342,0.0667722958254331,0.2514920819011617,0.0,0.001545887070763122
TCGA-06-0210-02A,cibersortx,0.5153885269543979,0.30233776617463787,0.0,0.0,0.0,0.061532749239158455,0.09082831961994339,0.029912638011862367
TCGA-06-0211-01B,cibersortx,0.7713589128283227,0.0697782766924836,0.0003542159622365846,0.0,0.02514368756792235,0.10433867829503445,0.0,0.029026228654000303
TCGA-06-0211-02A,cibersortx,0.6204879790901573,0.24878779526571304,0.0,0.0,0.04228390661859557,0.0763255320255344,0.0,0.012114786999999705
TCGA-06-0219-01A,cibersortx,0.5727987973466167,0.08231968090189797,0.0,0.002844350034180467,0.12073120712847418,0.03937397628788338,0.14048514491008054,0.041446843390866836
TCGA-06-0221-02A,cibersortx,0.6060557468374349,0.0030059810092241583,0.0,0.0,0.06123831874647895,0.024619205022952492,0.2479105173410739,0.05717023104283557
TCGA-06-0238-01A,cibersortx,0.5874596296930386,0.1425932397197594,0.0,0.0,0.12965515563007987,0.027722916417535867,0.10619218663151023,0.006376871908076042
TCGA-06-0644-01A,cibersortx,0.5987191234834232,0.23472382345681767,0.016123555085354648,0.0,0.020355405474590724,0.1029819717949302,0.01249256517712807,0.014603555527755524
TCGA-06-0645-01A,cibersortx,0.40639411787531554,0.4400849693121478,0.0025623720640962255,0.0,0.001389387306675021,0.11770255233806702,0.019963501465275636,0.01190309963842284
TCGA-06-0646-01A,cibersortx,0.7518892792067623,0.17377681456971603,0.0,0.0011779939976922966,0.0,0.04963462720175609,0.00592309429526293,0.01759819072881025
TCGA-06-0649-01B,cibersortx,0.6554082938921041,0.20967875992113072,0.012576524898945696,0.0,0.013419197036823661,0.07224883773681424,0.0,0.03666838651418165
TCGA-06-0686-01A,cibersortx,0.7079084214105726,0.07560770929174022,0.0,0.0,0.03312600405692598,0.0863869755297682,0.08982237304322105,0.007148516667771963
TCGA-06-0743-01A,cibersortx,0.6845619988137351,0.10006468492637842,0.0,0.002098292337725463,0.03248293167221406,0.11179680150743988,0.0,0.06899529074250711
TCGA-06-0744-01A,cibersortx,0.6202053772264975,0.0683343569114442,0.0,0.00248034754046013,0.13453523171235268,0.15359250361587767,0.013203636892901625,0.007648546100466298
TCGA-06-0745-01A,cibersortx,0.7270124350572871,0.1358065263030187,0.0,0.0,0.02271744404278432,0.10201669638249397,0.0,0.012446898214415992
TCGA-06-0747-01A,cibersortx,0.8745239251991649,0.03947843436821569,0.0,0.0047143652278723415,0.011087954445055899,0.05910063276399799,0.0,0.011094687995693188
TCGA-06-0749-01A,cibersortx,0.5834817843398903,0.17775507131558171,0.0,0.0,0.043370228632384204,0.03139806666881086,0.08679752358347004,0.07719732545986296
TCGA-06-0750-01A,cibersortx,0.669550719172586,0.16760597127659038,0.0,0.0,0.038422659602342,0.10740213307584569,0.0044823544393756765,0.012536162433260266
TCGA-06-0878-01A,cibersortx,0.7081775700332759,0.1764438683649978,0.0,0.0,0.0,0.07300947034373355,0.003805164314002929,0.0385639269439898
TCGA-06-0882-01A,cibersortx,0.46459235479486344,0.2714320777151457,0.0,0.0,0.0032163826484906807,0.08682822615373714,0.07613542876961216,0.09779552991815095
TCGA-06-1804-01A,cibersortx,0.7384959373467538,0.0751531622371961,0.0,0.003886043939368264,0.0,0.08141362706253172,0.021339888663343354,0.07971134075080671
TCGA-06-2557-01A,cibersortx,0.5176730638625023,0.30796777287184046,0.004822896340400467,9.68105691630461e-06,0.013665394806180101,0.035423327833027575,0.08333104355020339,0.0371068196789294
TCGA-06-2558-01A,cibersortx,0.7085740219555471,0.07408415838257677,0.0,0.0,0.03045195194964043,0.11002593073922329,0.05689784544579382,0.019966091527218646
TCGA-06-2559-01A,cibersortx,0.8484492270553745,0.05179396282558974,0.0,0.0,0.0,0.07858927169788463,0.007771002226107349,0.013396536195043746
TCGA-06-2561-01A,cibersortx,0.6936308558551676,0.15647616382217966,0.0,0.0,0.0,0.04528909247149543,0.02120547754517781,0.08339841030597965
TCGA-06-2562-01A,cibersortx,0.6552230930695935,0.13005593297441762,0.0,0.0,0.003263687041334545,0.18214985642195464,0.00040221910434786145,0.028905211388351868
TCGA-06-2563-01A,cibersortx,0.676021266243627,0.05119121166076485,0.0,0.0026678131994491185,0.0720442814702241,0.1593059420392906,0.00590965318887814,0.032859832197766184
TCGA-06-2564-01A,cibersortx,0.6708385092036333,0.11856101259396253,0.0,0.00048437555622181833,0.0,0.1182931554963135,0.0408171723266719,0.05100577482319689
TCGA-06-2565-01A,cibersortx,0.7262108697562147,0.05707783216539899,0.0,0.0008652991923925533,0.03579178026867993,0.15564094303094408,0.00017599363877988933,0.024237281947589763
TCGA-06-2567-01A,cibersortx,0.6905320818591761,0.1592899339415898,0.0,0.0025987832162562264,0.00796481543543681,0.06353190179152984,0.02654122266620717,0.04954126108980395
TCGA-06-2569-01A,cibersortx,0.3839432849087914,0.0,0.008687611193088161,0.0,0.5317441887523012,0.0699657280183605,0.0056591871274586135,0.0
TCGA-06-2570-01A,cibersortx,0.655500191998972,0.15862910749830053,0.0,0.0,0.07679013238403862,0.0725408494067498,0.02825072440973797,0.008288994302201117
TCGA-06-5408-01A,cibersortx,0.8097262775412353,0.08073562329384282,0.0,0.00025095219066525537,0.018385973933618908,0.06621135066839084,0.0,0.024689822372246824
TCGA-06-5411-01A,cibersortx,0.4856849449530232,0.1191111062851588,0.0,0.0,0.05473651534310256,0.06455854542944013,0.23039128613762272,0.045517601851652524
TCGA-06-5412-01A,cibersortx,0.3749858832698611,0.3254530635887243,0.0075285868626979,0.0,0.05043046941241513,0.21789122385786147,0.00030367071407826876,0.02340710229436181
TCGA-06-5413-01A,cibersortx,0.6871557694767987,0.16374812578621725,0.0,0.0,0.03422890729664638,0.09765092812436955,0.0037852001345521137,0.013431069181415943
TCGA-06-5414-01A,cibersortx,0.645515094089131,0.20181333678544155,0.006028472904493263,0.0,0.0,0.09584789012171736,0.0008050923078994329,0.0499901137913174
TCGA-06-5415-01A,cibersortx,0.796996876318968,0.025411880639870193,0.0,0.0,0.02990826451340272,0.07922302925225855,0.015321048068603328,0.0531389012068972
TCGA-06-5418-01A,cibersortx,0.7081317158706691,0.15159070270495978,0.0006641141022358752,0.00035126546629784145,0.06821757377036608,0.04787940549863907,0.0003049417199258373,0.022860280866906404
TCGA-06-5856-01A,cibersortx,0.8322191138257575,0.07662916460772708,0.0,0.0,0.0,0.06685421461378815,0.0,0.024297506952727362
TCGA-06-5858-01A,cibersortx,0.5888022327578701,0.15145374008457993,0.0,0.0,0.003578043901303455,0.11611640597444335,0.1172668922628957,0.022782685018907387
TCGA-06-5859-01A,cibersortx,0.7364025694549222,0.13768710322956385,0.0,0.0,0.0,0.07415192611980584,0.0,0.05175840119570795
TCGA-06-6698-01A,cibersortx,0.6808112074258361,0.20803316477811848,0.0,0.0056485715390747855,0.0,0.0403139856399213,0.0,0.0651930706170493
TCGA-08-0386-01A,cibersortx,0.7299953307710227,0.05014471728211879,0.0,0.0,0.0,0.17358411486961003,0.00591823707039034,0.04035760000685807
TCGA-12-0616-01A,cibersortx,0.8372152632185713,0.06812195833407894,0.0,0.0,0.04390284891144193,0.04269650923370329,0.005016393080460615,0.003047027221743839
TCGA-12-0618-01A,cibersortx,0.9194306858510927,0.006706829427737081,0.0,0.0,0.013645753512299276,0.030685413395202057,0.018349059370225844,0.01118225844344301
TCGA-12-0619-01A,cibersortx,0.6159383882614461,0.2918376862994374,0.0,0.0006882124773249334,0.0,0.0800341815236807,0.0,0.011501531438110736
TCGA-12-0821-01A,cibersortx,0.8302497596753651,0.036724599902872815,0.0,0.0,0.010485963329715907,0.07375226498563145,0.017003151432805945,0.03178426067360882
TCGA-12-3650-01A,cibersortx,0.7430138633940809,0.06346790408587398,0.0,0.0,0.0803319444064119,0.07876425545431591,0.02369502450607998,0.010727008153237254
TCGA-12-3652-01A,cibersortx,0.8156978955670574,0.023187828202508913,0.0,0.0,0.08507992258599195,0.054436495280896856,0.0,0.021597858363544834
TCGA-12-3653-01A,cibersortx,0.7722210911993013,0.08018866093581177,0.0,0.0,0.03265016092194328,0.09248588453527384,0.002159205148299599,0.020294997259370246
TCGA-12-5295-01A,cibersortx,0.6122879280882201,0.21422841035391116,0.0,0.0,0.0403908341339449,0.10632223756489188,0.0,0.02677058985903179
TCGA-12-5299-01A,cibersortx,0.7740866619993038,0.1049668433043206,0.0,0.0,0.06553225026164969,0.04620177803545908,0.0,0.00921246639926694
TCGA-14-0736-02A,cibersortx,0.49046034351204093,0.2667042348135437,0.0,0.0008439285947725939,0.09364441001239517,0.04419213656700063,0.05403535472323596,0.05011959177701107
TCGA-14-0781-01B,cibersortx,0.5183589653336075,0.178968768476835,0.000622262308987726,0.0,0.014593444172809902,0.24294311847693306,0.0,0.0445134412308268
TCGA-14-0787-01A,cibersortx,0.8077959188301709,0.10252258905692443,0.0,0.0019168539068152072,0.012021489804206038,0.052206039771494704,0.0,0.02353710863038873
TCGA-14-0789-01A,cibersortx,0.6123657384772481,0.2743971664588608,0.0,0.0,0.0229556669512562,0.06901368895707978,0.0,0.021267739155555097
TCGA-14-0790-01B,cibersortx,0.7761689149232871,0.008972220390724392,0.0,0.001682786365044262,0.02272638986652185,0.07236583210571018,0.0,0.11808385634871231
TCGA-14-0817-01A,cibersortx,0.4485093311782677,0.2713792921258475,0.002317224217547868,0.003682371453450754,0.14930171917381982,0.07854717998520687,0.037299413530429565,0.008963468335429867
TCGA-14-0871-01A,cibersortx,0.40197551831151607,0.0,0.031467639036580904,0.0,0.5258568687732824,0.03319506364442558,0.007054897293904597,0.0004500129402903948
TCGA-14-1034-01A,cibersortx,0.5769147513584743,0.21320109444916285,0.0,0.0051604361434734475,0.020122828482495015,0.09492555072117928,0.0,0.0896753388452151
TCGA-14-1034-02B,cibersortx,0.8051481427953717,0.015637294886744913,0.0,0.0015387226937173357,0.15030474634671948,0.011386355162000778,0.0,0.01598473811544568
TCGA-14-1823-01A,cibersortx,0.5899140887003073,0.21005789134141595,0.0398405882924809,0.0,0.11607961212512324,0.026854011928850847,0.0,0.01725380761182189
TCGA-14-1825-01A,cibersortx,0.7331496591476818,0.03813370951582136,0.0,0.0,0.05061786898333226,0.05825752806665055,0.10257616576973823,0.017265068516775714
TCGA-14-1829-01A,cibersortx,0.5977519977253878,0.1721160876724633,0.0,0.0,0.10437673500026452,0.04569466189996825,0.06494537680741662,0.015115140894499642
TCGA-14-2554-01A,cibersortx,0.6602587108821371,0.15307559025292838,0.011525845653473275,0.0,0.08414173515863425,0.06251589392119096,0.007450054618219379,0.02103216951341668
TCGA-15-0742-01A,cibersortx,0.8676963468076764,0.03328858101354738,0.0,0.0011415012480239027,0.015614930168107825,0.06932286950101321,0.0,0.012935771261631304
TCGA-15-1444-01A,cibersortx,0.5149666931685644,0.13924617106078555,0.0,0.0,0.0,0.07898708158429274,0.19534950562416295,0.07145054856219446
TCGA-16-0846-01A,cibersortx,0.761203741105641,0.1006085261948455,0.0,0.0,0.0,0.04234867314296162,0.05113533429200483,0.04470372526454697
TCGA-16-1045-01B,cibersortx,0.5183902330703676,0.33287105276134155,0.0,0.0,0.0,0.08022766676955231,0.029879512148047217,0.03863153525069131
TCGA-19-1390-01A,cibersortx,0.7240094345339249,0.046395300702589626,0.0,0.0007728219072990483,0.00781450589769521,0.036983016687720464,0.17925512777252905,0.004769792498241677
TCGA-19-1787-01B,cibersortx,0.6025309927071885,0.20126177715695776,0.0,0.0013285738037795657,0.02317691645105821,0.08631654542622484,0.04532125517080335,0.040063939283987736
TCGA-19-2619-01A,cibersortx,0.7665842640640123,0.015208002834858503,0.0,0.0,0.0,0.13891874176057073,0.0,0.07928899134055836
TCGA-19-2620-01A,cibersortx,0.5766177024331969,0.04184405205430882,0.0,0.0,0.03113108616718621,0.08370845994739616,0.20013891534091294,0.06655978405699897
TCGA-19-2624-01A,cibersortx,0.9185130876729107,0.008349892821001367,0.0,0.00027063198507929474,0.0,0.06578750530411784,0.0,0.007078882216890678
TCGA-19-2625-01A,cibersortx,0.7818390988421083,0.07146398586760237,0.0,0.0043022337233160485,0.062355635906630465,0.04284643550969696,0.0,0.03719261015064584
TCGA-19-2629-01A,cibersortx,0.705760112238307,0.15569646517881525,0.0,0.0,0.004033258790750211,0.06202147843282168,0.056978391172732096,0.015510294186573759
TCGA-19-4065-01A,cibersortx,0.5131799707778774,0.2725694439831689,0.00857570880007425,4.313504944067567e-05,0.12251334595983956,0.05424857805645273,0.007812581513977021,0.02105723585916951
TCGA-19-4065-02A,cibersortx,0.6093046453948321,0.16354365193970088,0.0,0.0014176673620869163,0.022474747021222406,0.13772020073931757,0.03429848587305079,0.031240601669789272
TCGA-19-5960-01A,cibersortx,0.9152703427417971,0.009923366164483827,0.0,0.0,0.030015389194147965,0.007288973793973946,0.015810583838875507,0.021691344266721663
TCGA-26-1442-01A,cibersortx,0.7592058585264845,0.0276327753234083,0.0,0.0,0.07114435811174787,0.056193867341064636,0.035623202568869035,0.05019993812842567
TCGA-26-5132-01A,cibersortx,0.7193462924425464,0.09069881762898246,0.0,0.002692004304691314,0.018436687317494416,0.1323339311858142,0.005593836131439023,0.030898430989032107
TCGA-26-5133-01A,cibersortx,0.8133501354783921,0.02472557884423586,0.0,0.0,0.06939494828436787,0.07460713609508751,0.0,0.0179222012979168
TCGA-26-5134-01A,cibersortx,0.8227741088875945,0.07142706904471562,0.0,0.0,0.021599180388135755,0.018319579924256015,0.04655777674892704,0.019322285006371082
TCGA-26-5135-01A,cibersortx,0.7575360465997919,0.07482158287163125,0.0,0.0,0.006656070678392279,0.12949789872349876,0.023031929000982002,0.00845647212570386
TCGA-26-5136-01B,cibersortx,0.6770982296113067,0.17377326408614407,0.0,0.002971610736791132,0.03003747596973759,0.055646900748080465,0.025589756511551764,0.03488276233638815
TCGA-26-5139-01A,cibersortx,0.7562295735671272,0.10887807229028111,0.0,0.0,0.005858644092831116,0.07433823761629108,0.005492533917942943,0.04920293851552653
TCGA-27-1830-01A,cibersortx,0.7314847164128553,0.13379255520341052,0.0,0.0018954122651037766,0.0,0.08650924228816653,0.025275044390534778,0.021043029439929035
TCGA-27-1831-01A,cibersortx,0.5220551370943216,0.1148006546022187,0.027651477423117563,0.008198302306194226,0.23675916412782372,0.06085845756164634,0.0046719567923914655,0.025004850092286316
TCGA-27-1832-01A,cibersortx,0.6104068343534804,0.2603190166426646,0.0,0.006542319802898351,0.056486595292396254,0.044596007919877924,0.0,0.02164922598868248
TCGA-27-1834-01A,cibersortx,0.5834248512592985,0.0924334669703571,0.0,0.048480726556093236,0.04605666750080411,0.17439441379085627,0.01983110211126656,0.035378771811324254
TCGA-27-1835-01A,cibersortx,0.7414079933383574,0.0,0.0,0.0,0.04571694413213459,0.1433549545700576,0.0,0.06952010795945038
TCGA-27-1837-01A,cibersortx,0.8204764669205469,0.07583503900068357,0.0,0.0017783665616065503,0.0,0.062211486713930474,0.011482532251224278,0.02821610855200829
TCGA-27-2519-01A,cibersortx,0.6753505745669756,0.2451577329189006,0.0,0.0,0.0,0.04922646069048962,0.0,0.030265231823634157
TCGA-27-2521-01A,cibersortx,0.7794755108103059,0.014248966296267814,0.0005125462004195792,0.0,0.140168995328346,0.041495174533891135,0.007014379072272865,0.01708442775849666
TCGA-27-2523-01A,cibersortx,0.8644148639039702,0.04724322811617271,0.0,0.001906011578932075,0.028666100372957647,0.04329819031099924,0.00468226964506402,0.009789336071904188
TCGA-27-2524-01A,cibersortx,0.5421579830779616,0.1615784165109257,0.0021331992746171577,0.0,0.19765048863551704,0.08149427586320551,0.0023361772080377763,0.012649459429735084
TCGA-27-2526-01A,cibersortx,0.7446376251361799,0.05323991115738888,0.021288379824065576,0.0,0.09125131470539889,0.04946558595147089,0.0,0.04011718322549593
TCGA-27-2528-01A,cibersortx,0.8128308045224774,0.00746915248721385,0.0,0.0,0.054847561846751706,0.10294588159313965,0.0,0.02190659955041754
TCGA-28-1747-01C,cibersortx,0.7036084801548745,0.13712324202344917,0.0,0.0,0.00705291316849722,0.02914071735908844,0.06613966287227481,0.05693498442181582
TCGA-28-1753-01A,cibersortx,0.6587013848219114,0.16809652776888626,0.0,0.001657958308458331,0.0,0.14307444475570838,0.01619655554941366,0.012273128795621887
TCGA-28-2509-01A,cibersortx,0.7090494025826496,0.15014260217210446,0.008660082243711087,0.00017499898509024624,0.06401995073403072,0.049216013509497114,0.0,0.01873694977291674
TCGA-28-2510-01A,cibersortx,0.5029726863350138,0.04056175170944924,0.0,0.0,0.0,0.08436485255292796,0.3035812926018064,0.06851941680080259
TCGA-28-2513-01A,cibersortx,0.4809719181734901,0.36569098651660337,0.005362487547005836,0.0,0.004479835985565027,0.1251142740913658,0.0,0.018380497685969985
TCGA-28-2514-01A,cibersortx,0.8069769545669516,0.03529847830541569,0.0,0.0,0.0,0.12001044676645965,0.013820205753977698,0.023893914607195237
TCGA-28-5204-01A,cibersortx,0.6944638768166382,0.08603218150059791,0.0,0.0002560696878529805,0.03931297748247741,0.1668998283912166,0.0,0.013035066121217022
TCGA-28-5207-01A,cibersortx,0.6712530594756786,0.05881000414656081,0.0,0.0,0.01936260207943647,0.21318501776434148,0.01035122082206652,0.0270380957119162
TCGA-28-5208-01A,cibersortx,0.7287009249965224,0.11204180244121618,0.0,0.0,0.04326620958030686,0.09386942101223845,0.001842741676295091,0.02027890029342085
TCGA-28-5209-01A,cibersortx,0.8624822898140677,0.026415332307013487,0.0,0.0,0.026012662229769747,0.06692058934505216,0.0,0.018169126304096894
TCGA-28-5213-01A,cibersortx,0.39642105218592866,0.4687360253655386,0.0,0.001334218684739797,0.027432451947147978,0.060011113274297936,0.012154283892437615,0.03391085464990951
TCGA-28-5215-01A,cibersortx,0.689841669438063,0.1385229434811889,0.0,0.0,0.0,0.07669856537597838,0.07575301330484518,0.019183808399924514
TCGA-28-5216-01A,cibersortx,0.7843369314130084,0.06829581256738729,0.0,0.0,0.028805228052003768,0.06535173748558659,0.03161636736865589,0.021593923113358154
TCGA-28-5218-01A,cibersortx,0.2170602167307528,0.21781092486913242,0.06870953190706013,0.008895779197383593,0.30217958373590886,0.18244725962066205,0.0028967039391002082,0.0
TCGA-28-5220-01A,cibersortx,0.7683854396580105,0.10230291977782863,0.0,0.001625808215890792,0.015713388870309947,0.033629322511433135,0.01923865636957911,0.05910446459694792
TCGA-32-1970-01A,cibersortx,0.7990229917712609,0.05371353482114175,0.0,0.0009465949326689956,0.0,0.06776001121074804,0.0,0.07855686726418021
TCGA-32-1980-01A,cibersortx,0.4421076826190643,0.22045347641551274,0.0,0.0,0.013810207550251195,0.12001274789116832,0.14446853800994613,0.05914734751405742
TCGA-32-1982-01A,cibersortx,0.45587828801745267,0.16077495747958345,0.0,0.003148212226792641,0.056958219404920234,0.29629014935689596,0.010617027294148967,0.01633314622020611
TCGA-32-2615-01A,cibersortx,0.7014165882404728,0.12377441857414952,0.0,0.0035624462566755653,0.04285362839720738,0.05144206306471472,0.029735066744231504,0.0472157887225486
TCGA-32-2616-01A,cibersortx,0.75551976607639,0.11685448490916987,0.0,0.0009998765505862517,0.03213311884431914,0.043415146260570435,0.021464858367650864,0.02961274899131329
TCGA-32-2632-01A,cibersortx,0.5905809971325645,0.24825354937305238,0.0,0.0,0.027504601967004588,0.09005335250055618,0.0,0.0436074990268223
TCGA-32-2634-01A,cibersortx,0.749304271956839,0.03226320162051191,0.0,0.0,0.06202795362724901,0.06908470259453742,0.05389828871459314,0.033421581486269406
TCGA-32-2638-01A,cibersortx,0.65779866346035,0.1555686557467989,0.0,0.0005724344997398991,0.02229047743380426,0.13154080339223287,0.0,0.03222896546707397
TCGA-32-4213-01A,cibersortx,0.6540834936922433,0.1878832384695564,0.0,0.0,0.029773547366511607,0.11430853774995672,0.0,0.013951182721732023
TCGA-32-5222-01A,cibersortx,0.5482961300703767,0.12627713590815873,0.009994734529667024,0.0,0.14081351972142875,0.09800160542061698,0.05437822082177375,0.02223865352797812
TCGA-41-2571-01A,cibersortx,0.6984540261484343,0.04906105330811092,0.0,0.0,0.07634110089273542,0.019591421635710506,0.15459862927699505,0.0019537687380138634
TCGA-41-2572-01A,cibersortx,0.6661444155737893,0.09217163282943845,0.0,0.003344882766839662,0.03618838689043192,0.16059928075109423,0.005263209180798067,0.03628819200760831
TCGA-41-3915-01A,cibersortx,0.592840368341213,0.245420545280165,0.0,0.0,0.018660158753779472,0.10003337214986498,0.02786336200103476,0.015182193473942736
TCGA-41-4097-01A,cibersortx,0.7014899506376175,0.15085693407781808,0.0,0.0,0.0,0.07321120535640964,0.009347966590388295,0.06509394333776654
TCGA-41-5651-01A,cibersortx,0.7902857304800849,0.0037649430130126203,0.0,0.0,0.10422745517428703,0.05282189425363879,0.039118430937182945,0.009781546141793728
TCGA-76-4925-01A,cibersortx,0.7846123174797099,0.03926533766425783,0.0,0.0,0.09147568513380366,0.053106202916320094,7.471273150453976e-05,0.03146574407440395
TCGA-76-4926-01B,cibersortx,0.6916183295547903,0.07107639489047965,0.0,0.005293932069105414,0.001035623589469717,0.07029411966792073,0.03274234291674167,0.1279392573114925
TCGA-76-4928-01B,cibersortx,0.6856605310893823,0.11922705671006895,0.0,0.0,0.057482145308170855,0.11256652399106755,0.004747011046157471,0.020316731855153012
TCGA-76-4929-01A,cibersortx,0.8248034860794113,0.07410200433192914,0.0,0.0,0.0,0.025140349504849623,0.029653635446881793,0.04630052463692809
TCGA-76-4931-01A,cibersortx,0.8872972144390747,0.025002933382947876,0.0,0.0016089955711466066,0.005589523630261207,0.048602384509656905,0.0,0.03189894846691256
TCGA-02-0047-01A,elastic_net,0.927276331490224,0.037856438548283265,0.0,0.0,0.0,0.0,0.0,0.034867229961492635
TCGA-02-0055-01A,elastic_net,0.6863992077119254,0.15343002035694203,0.0,0.0,0.020112451790833253,0.124112513712074,0.0,0.01594580642822533
TCGA-02-2483-01A,elastic_net,0.6403372470662557,0.10651731319610316,0.0,0.0,0.12520773959399883,0.12629344452831182,0.0,0.001644255615330416
TCGA-02-2485-01A,elastic_net,0.9821503495607644,0.002797778225152591,0.0,0.0,0.0,0.0,0.0,0.015051872214082985
TCGA-02-2486-01A,elastic_net,0.7866924598640334,0.16686767396140376,0.0,0.0,0.0,0.02138971421412323,0.0,0.025050151960439828
TCGA-06-0125-01A,elastic_net,0.947168500718049,0.02201237809301802,0.0,0.0,0.0,0.012736782254408862,0.0,0.018082338934524232
TCGA-06-0125-02A,elastic_net,0.9329135137708082,0.03423737093498186,0.0,0.0,0.0,0.0,0.0,0.03284911529420992
TCGA-06-0129-01A,elastic_net,0.5058292858657985,0.28444783905455145,0.025017602805638237,0.0,0.0534828777707621,0.04902609965643203,0.040873232956489536,0.04132306189032807
TCGA-06-0130-01A,elastic_net,0.5719737716579246,0.33553339362082396,0.0,0.0,0.0,0.0822506990125228,0.0,0.010242135708728617
TCGA-06-0132-01A,elastic_net,0.8097644324505351,0.12546473968505895,0.0,0.0,0.0,0.0,0.027767605545611328,0.037003222318794673
TCGA-06-0141-01A,elastic_net,0.8369197567875257,0.10670018155654902,0.0,0.0,0.0,0.015049390625862179,0.0,0.04133067103006303
TCGA-06-0152-02A,elastic_net,0.8954420885000034,0.06158390934454389,0.0,0.0,0.0,0.025286257203248938,0.0,0.017687744952203936
TCGA-06-0157-01A,elastic_net,0.9664907212245838,0.01191163054152005,0.0,0.0,0.0,0.0,0.0,0.021597648233896153
TCGA-06-0158-01A,elastic_net,0.9044887075192118,0.05438495007315179,0.0,0.0,0.0,0.0004344571145601677,0.0,0.04069188529307614
TCGA-06-0168-01A,elastic_net,0.8623218506430766,0.09993362017476479,0.0,0.0,0.0,0.002846753284780337,0.0,0.034897775897378386
TCGA-06-0171-02A,elastic_net,0.6463856805255446,0.3143621147250466,0.0,0.0,0.0,0.01033322728239784,0.0005746794533580726,0.028344298013652895
TCGA-06-0174-01A,elastic_net,0.9766886291776212,0.009174846821352618,0.0,0.0,0.0,0.012771358244790153,0.0,0.0013651657562358398
TCGA-06-0184-01A,elastic_net,0.7627777589758212,0.12611443952556947,0.0,0.0,0.0,0.05602379350302246,0.009397574965512374,0.0456864330300744
TCGA-06-0187-01A,elastic_net,0.9184797792351207,0.05545659382736091,0.0,0.0,0.0,0.0,0.0,0.02606362693751846
TCGA-06-0190-01A,elastic_net,0.7251323821543539,0.14129874019721847,0.0,0.0,0.0,0.10130472848050867,0.0,0.03226414916791886
TCGA-06-0190-02A,elastic_net,0.4520760032599516,0.27321951126011984,0.0,0.0,0.041069574602401564,0.2066368929918445,0.0,0.02699801788568246
TCGA-06-0210-02A,elastic_net,0.8409904568234126,0.1168718360471187,0.0,0.0,0.0,0.0,0.0029308990094577656,0.039206808120010955
TCGA-06-0211-01B,elastic_net,0.8850566006904449,0.0568800513024992,0.0,0.0,0.0,0.0367005112102011,0.0,0.021362836796854894
TCGA-06-0211-02A,elastic_net,0.7957157841498971,0.14264351319579213,0.0,0.0,0.0,0.036875067288506994,0.0,0.02476563536580384
TCGA-06-0219-01A,elastic_net,0.8667795330241952,0.03899338297011096,0.0,0.0,0.0,0.013510085061424914,0.04643122810981461,0.03428577083445431
TCGA-06-0221-02A,elastic_net,0.2802426874163691,0.08185741120556864,0.0002406813569136876,0.01502126638072326,0.13741545744591438,0.10586049350430694,0.2367904247577848,0.1425715779324192
TCGA-06-0238-01A,elastic_net,0.6823290960462858,0.1494313861296982,0.0,0.0,0.03140052330258226,0.04405871298387779,0.07234123821314109,0.02043904332441503
TCGA-06-0644-01A,elastic_net,0.8461750606023655,0.08070501814577008,0.0,0.0,0.0,0.04968047772215529,0.0,0.023439443529709243
TCGA-06-0645-01A,elastic_net,0.7822980275507389,0.17849724621466698,0.0,0.0,0.0,0.01845369829276682,0.0,0.02075102794182737
TCGA-06-0646-01A,elastic_net,0.906015013439307,0.06709437769185204,0.0,0.0,0.0,0.0,0.0,0.026890608868840843
TCGA-06-0649-01B,elastic_net,0.0,0.0,0.0,0.0,0.0,0.0,0.0,1.0
TCGA-06-0686-01A,elastic_net,0.6987579323635662,0.09639545038363075,0.0,0.0,0.009497554985165092,0.09873461962598072,0.060883243365891786,0.035731199275765506
TCGA-06-0743-01A,elastic_net,0.9487555585469061,0.020889413055017247,0.0,0.0,0.0,0.0,0.0,0.0303550283980767
TCGA-06-0744-01A,elastic_net,0.918064191234458,0.041235784723311075,0.0,0.0,0.0,0.040700024042230894,0.0,0.0
TCGA-06-0745-01A,elastic_net,0.8782847091634489,0.05784249047798263,0.0,0.0,0.0,0.04185644660626291,0.0,0.02201635375230547
TCGA-06-0747-01A,elastic_net,0.9678695866534844,0.0,0.0,0.0,0.0,0.0,0.0,0.03213041334651567
TCGA-06-0749-01A,elastic_net,0.9002362835996857,0.046112078516465045,0.0,0.0,0.0,0.0,0.0,0.05365163788384934
TCGA-06-0750-01A,elastic_net,0.9420133038466714,0.028970803299171167,0.0,0.0,0.0,0.0,0.0,0.029015892854157573
TCGA-06-0878-01A,elastic_net,0.916088690479783,0.05122934559261616,0.0,0.0,0.0,0.0,0.0,0.03268196392760075
TCGA-06-0882-01A,elastic_net,0.8897721111518093,0.06290242207046182,0.0,0.0,0.0,0.00012538204356824013,0.0,0.047200084734160465
TCGA-06-1804-01A,elastic_net,0.8774671150992293,0.05301264954498219,0.0,0.0,0.0,0.019224632771207614,0.0,0.05029560258458083
TCGA-06-2557-01A,elastic_net,0.7829140313967462,0.1630589234024593,0.0,0.0,0.0,0.0,0.01906524162632978,0.034961803574464725
TCGA-06-2558-01A,elastic_net,0.8583761203879734,0.04656696196768041,0.0,0.0,0.0,0.05260567941792228,0.0222582916417386,0.020192946584685206
TCGA-06-2559-01A,elastic_net,0.9593166005992494,0.009853001924672486,0.0,0.0,0.0,0.01650288682056541,0.0,0.014327510655512667
TCGA-06-2561-01A,elastic_net,0.9353780072788124,0.028024314482320147,0.0,0.0,0.0,0.0,0.0,0.036597678238867504
TCGA-06-2562-01A,elastic_net,0.8459949213009825,0.06540959040398488,0.0,0.0,0.0,0.059299881950793706,0.0,0.029295606344238997
TCGA-06-2563-01A,elastic_net,0.895005790009799,0.03570311168609978,0.0,0.0,0.0,0.0515987330215657,0.0,0.017692365282535618
TCGA-06-2564-01A,elastic_net,0.9235152866396446,0.03257056727406649,0.0,0.0,0.0,0.01131132801917998,0.0,0.03260281806710901
TCGA-06-2565-01A,elastic_net,0.8783591395687834,0.049868467934287425,0.0,0.0,0.0,0.05154444669353561,0.0,0.020227945803393613
TCGA-06-2567-01A,elastic_net,0.895401820018931,0.07628096270889177,0.0,0.0,0.0,0.0,0.00027795444312071196,0.028039262829056392
TCGA-06-2569-01A,elastic_net,0.0658849699720466,0.025910343235133186,0.06399811026057223,0.04264831676308929,0.6036124745866938,0.17601391219531443,0.013382154514339486,0.008549718472811102
TCGA-06-2570-01A,elastic_net,0.20007273659266925,0.19562722925692166,0.0027467373693740135,0.0,0.2152829046351259,0.1688364910462031,0.13544127917800391,0.08199262192170224
TCGA-06-5408-01A,elastic_net,0.9076104545323667,0.05795552604296229,0.0,0.0,0.0,0.01941010521276614,0.0,0.015023914211904835
TCGA-06-5411-01A,elastic_net,0.3747497306339118,0.15059545115674555,0.0,0.0,0.07190129941761074,0.09974632344590126,0.20030301099999762,0.10270418434583302
TCGA-06-5412-01A,elastic_net,0.7900291768524262,0.12652817120869977,0.0,0.0,0.0,0.04922768267556941,0.0,0.03421496926330452
TCGA-06-5413-01A,elastic_net,0.8946946723442601,0.07285871376273012,0.0,0.0,0.0,0.02035465488842535,0.0,0.012091959004584376
TCGA-06-5414-01A,elastic_net,0.8959620276353129,0.06478800192677596,0.0,0.0,0.0,0.011124931481926234,0.0,0.028125038955984966
TCGA-06-5415-01A,elastic_net,0.9310261015227743,0.02430312435511774,0.0,0.0,0.0,0.010086866678797567,0.0,0.03458390744331047
TCGA-06-5418-01A,elastic_net,0.9256511661036124,0.04023841716388901,0.0,0.0,0.0,0.0064958932940459724,0.0,0.02761452343845255
TCGA-06-5856-01A,elastic_net,0.9659986190185643,0.01593675918140941,0.0,0.0,0.0,0.0,0.0,0.018064621800026274
TCGA-06-5858-01A,elastic_net,0.7909677291931504,0.08453263403452138,0.0,0.0,0.0,0.049142138636775946,0.03564029315909886,0.039717204976453285
TCGA-06-5859-01A,elastic_net,0.9504216653944644,0.0,0.0,0.0,0.0,0.0,0.0,0.04957833460553563
TCGA-06-6698-01A,elastic_net,0.8463308804856203,0.10846263009038142,0.0,0.0,0.0,0.01864980818853973,0.0,0.026556681235458467
TCGA-08-0386-01A,elastic_net,0.7268839926881863,0.06636972734544495,0.0,0.0,0.0,0.12619583116139882,0.0,0.08055044880496992
TCGA-12-0616-01A,elastic_net,0.9926201469198277,0.005522482757295491,0.0,0.0,0.0,0.0,0.0,0.0018573703228767315
TCGA-12-0618-01A,elastic_net,0.9824396065985584,0.003131156613299288,0.0,0.0,0.0,0.010205603276283282,0.0,0.004223633511858954
TCGA-12-0619-01A,elastic_net,0.9209241163747439,0.057637712312844154,0.0,0.0,0.0,0.0,0.0,0.02143817131241197
TCGA-12-0821-01A,elastic_net,0.9653552796084791,0.0,0.0,0.0,0.0,0.0,0.0,0.03464472039152086
TCGA-12-3650-01A,elastic_net,0.8814993918839911,0.05810534177518141,0.0,0.0,0.0,0.04804151207741931,0.0026995598429616235,0.009654194420446535
TCGA-12-3652-01A,elastic_net,0.937971830169793,0.010618388604004424,0.0,0.0,0.0,0.022485263044705273,0.0,0.02892451818149725
TCGA-12-3653-01A,elastic_net,0.930278414834826,0.03469403582342009,0.0,0.0,0.0,0.01760600669774191,0.0,0.01742154264401206
TCGA-12-5295-01A,elastic_net,0.8260138382471883,0.10568156085955802,0.0,0.0,0.0,0.046436491362780934,0.0,0.021868109530472767
TCGA-12-5299-01A,elastic_net,0.9025959371422986,0.07349426764516995,0.0,0.0,0.0,0.01104605023202353,0.0,0.012863744980508079
TCGA-14-0736-02A,elastic_net,0.8502246235046239,0.08058995584794933,0.0,0.0,0.0,0.0,0.0,0.06918542064742664
TCGA-14-0781-01B,elastic_net,0.9238439664093807,0.02312214608778849,0.0,0.0,0.0,0.024832444729634136,0.0,0.028201442773196646
TCGA-14-0787-01A,elastic_net,0.942982942029514,0.035329311859261366,0.0,0.0,0.0,0.0,0.0,0.021687746111224725
TCGA-14-0789-01A,elastic_net,0.8042205883892982,0.1599794754078271,0.0,0.0,0.0,0.01452091071049827,0.0,0.02127902549237633
TCGA-14-0790-01B,elastic_net,0.9609125253909455,0.0,0.0,0.0,0.0,0.0020217704744837973,0.0,0.037065704134570616
TCGA-14-0817-01A,elastic_net,0.7910462748770768,0.12123095944662646,0.0,0.0,0.019009227915201557,0.04688670579877489,0.004597034595054361,0.017229797367265907
TCGA-14-0871-01A,elastic_net,0.6490245178086879,0.02909153774125459,0.0,0.0,0.22815268570516414,0.09277967871970529,0.0009515800251880583,0.0
TCGA-14-1034-01A,elastic_net,0.8992734345367008,0.05559610380009921,0.0,0.0,0.0,0.012895463634362638,0.0,0.03223499802883731
TCGA-14-1034-02B,elastic_net,0.9032003568539457,0.030104532640642674,0.0,0.0,0.01018186704273227,0.03789382433303347,0.0,0.01861941912964587
TCGA-14-1823-01A,elastic_net,0.9020333090711609,0.07161532545736463,0.0,0.0,0.0,0.0,0.0,0.0263513654714745
TCGA-14-1825-01A,elastic_net,0.7348638652983972,0.07219696882281428,0.0,0.0,0.02406554656877527,0.0691378063284587,0.06272496918124713,0.037010843800307364
TCGA-14-1829-01A,elastic_net,0.717228634404461,0.1210787191339073,0.0,0.0,0.019635099616599223,0.09138828950622804,0.02781143691760333,0.022857820421201023
TCGA-14-2554-01A,elastic_net,0.8744049305027375,0.08024535378275209,0.0,0.0,0.0,0.009707157708897551,0.0,0.03564255800561283
TCGA-15-0742-01A,elastic_net,0.9639137079363755,0.01566661893166101,0.0,0.0,0.0,0.007515684984440926,0.0,0.0129039881475226
TCGA-15-1444-01A,elastic_net,0.613912609050265,0.12366043624775191,0.0,0.0,0.0,0.047936834223735805,0.12282014199940824,0.09166997847883893
TCGA-16-0846-01A,elastic_net,0.9606062142197903,0.015297735335820815,0.0,0.0,0.0,0.0,0.0,0.02409605044438891
TCGA-16-1045-01B,elastic_net,0.8770060740218417,0.10032796277331522,0.0,0.0,0.0,0.0,0.0,0.02266596320484304
TCGA-19-1390-01A,elastic_net,0.6605511420015605,0.06228992901349828,0.0,0.0,0.029972249549997807,0.07443613612478432,0.1505054269747633,0.02224511633539594
TCGA-19-1787-01B,elastic_net,0.7624080275082603,0.11954151827673813,0.0,0.0,0.0,0.07148808163801532,0.009364515561488792,0.0371978570154974
TCGA-19-2619-01A,elastic_net,0.9218012199630935,0.002273031364615494,0.0,0.0,0.0,0.03429813293904122,0.0,0.04162761573324973
TCGA-19-2620-01A,elastic_net,0.8654316173521418,0.02960064473685908,0.0,0.0,0.0,0.007242460561060698,0.02865522533303012,0.06907005201690826
TCGA-19-2624-01A,elastic_net,0.993058056529035,0.0,0.0,0.0,0.0,0.005304439132789355,0.0,0.00163750433817568
TCGA-19-2625-01A,elastic_net,0.9618809566227001,0.0025142178479769066,0.0,0.0,0.0,0.0,0.0,0.03560482552932292
TCGA-19-2629-01A,elastic_net,0.9401250471054242,0.03733387184200885,0.0,0.0,0.0,0.0,0.0,0.022541081052566934
TCGA-19-4065-01A,elastic_net,0.841276016708989,0.10982856070142555,0.0,0.0,0.0,0.026258214478944043,0.0,0.02263720811064136
TCGA-19-4065-02A,elastic_net,0.8903274138509447,0.04933989740580847,0.0,0.0,0.0,0.02641050132655014,0.0,0.03392218741669675
TCGA-19-5960-01A,elastic_net,0.991037825117824,0.0,0.0,0.0,0.0,0.0,0.0,0.008962174882175917
TCGA-26-1442-01A,elastic_net,0.9336136261353373,0.02290570191520083,0.0,0.0,0.0,0.011175933078439783,0.0,0.03230473887102216
TCGA-26-5132-01A,elastic_net,0.9162090252715637,0.03168169855335311,0.0,0.0,0.0,0.034441453004068166,0.0,0.017667823171015028
TCGA-26-5133-01A,elastic_net,0.9701907687943251,0.0016925412192853133,0.0,0.0,0.0,0.0,0.0,0.028116689986389515
TCGA-26-5134-01A,elastic_net,0.9390696028715222,0.03482952061717907,0.0,0.0,0.0,0.0,0.008800971570519128,0.017299904940779664
TCGA-26-5135-01A,elastic_net,0.9216033443340292,0.019876165433318577,0.0,0.0,0.0,0.04496611298843524,0.0,0.013554377244217089
TCGA-26-5136-01B,elastic_net,0.8629148415701857,0.08308604713159828,0.0,0.0,0.0,0.015733550493813923,0.0,0.03826556080440204
TCGA-26-5139-01A,elastic_net,0.9485663646529777,0.024500178316902356,0.0,0.0,0.0,0.0,0.0,0.026933457030119918
TCGA-27-1830-01A,elastic_net,0.9452340579033758,0.02996353043462817,0.0,0.0,0.0,0.0,0.0,0.0248024116619962
TCGA-27-1831-01A,elastic_net,0.7814557857540664,0.08223614286923679,0.0,0.0,0.02792521072723356,0.08553296207916151,0.0,0.022849898570301747
TCGA-27-1832-01A,elastic_net,0.912336705419355,0.05474387908087032,0.0,0.0,0.0,0.0,0.0,0.03291941549977469
TCGA-27-1834-01A,elastic_net,0.9640593015313053,0.014859328775980353,0.0,0.0,0.0,0.0,0.0,0.021081369692714225
TCGA-27-1835-01A,elastic_net,0.8887793612578719,0.002412785613301735,0.0,0.0,0.0,0.06042481081935637,0.0,0.04838304230946987
TCGA-27-1837-01A,elastic_net,0.937899297069669,0.036505197892735375,0.0,0.0,0.0,0.0,0.0,0.025595505037595508
TCGA-27-2519-01A,elastic_net,0.9045148525373408,0.06588934974714974,0.0,0.0,0.0,0.0,0.0,0.029595797715509378
TCGA-27-2521-01A,elastic_net,0.9600537402108036,0.014458180143735875,0.0,0.0,0.0,0.011586599965068263,0.001891213162819477,0.012010266517572933
TCGA-27-2523-01A,elastic_net,0.9309985449389823,0.03088154757703167,0.0,0.0,0.0,0.02354295883664013,0.0,0.014576948647345893
TCGA-27-2524-01A,elastic_net,0.7520298111957878,0.10012904472137574,0.0,0.0,0.03696231444684551,0.0971914584176289,0.0,0.013687371218362101
TCGA-27-2526-01A,elastic_net,0.9768929606542399,0.0001883381319408342,0.0,0.0,0.0,0.0,0.0,0.02291870121381924
TCGA-27-2528-01A,elastic_net,0.9397558338868216,0.005218087209430699,0.0,0.0,0.0,0.03566051795409729,0.0,0.019365560949650355
TCGA-28-1747-01C,elastic_net,0.34591944120089657,0.16032218856993583,0.0,0.0,0.07876269935412641,0.05189309364224196,0.06333233754331773,0.29977023968948147
TCGA-28-1753-01A,elastic_net,0.6786000249206371,0.15287782160256883,0.0,0.0,0.0,0.13042676830747899,0.0,0.038095385169315016
TCGA-28-2509-01A,elastic_net,0.8889279577379351,0.05534644296247366,0.0,0.0,0.0,0.0389584650137207,0.0,0.016767134285870452
TCGA-28-2510-01A,elastic_net,0.4416850504037601,0.08133930199959079,0.0,0.0,0.009146485200183773,0.09759726349267252,0.23432156581739438,0.13591033308639858
TCGA-28-2513-01A,elastic_net,0.7207731197777254,0.18770567240707747,0.0,0.0,0.0,0.061079302067130026,0.0,0.03044190574806702
TCGA-28-2514-01A,elastic_net,0.9419732901951838,0.01831830408610207,0.0,0.0,0.0,0.029342073930986708,0.0,0.010366331787727398
TCGA-28-5204-01A,elastic_net,0.404390271681579,0.16714459828928294,0.056141506942733684,0.0005682091463322856,0.08874984382534463,0.21407810800407157,0.0,0.06892746211065597
TCGA-28-5207-01A,elastic_net,0.7455854235332897,0.07663979357197752,0.0,0.0,0.0,0.12453292623085592,0.0,0.05324185666387691
TCGA-28-5208-01A,elastic_net,0.8758127975564419,0.06544157188577313,0.0,0.0,0.0,0.03219300212979507,0.0,0.026552628427989874
TCGA-28-5209-01A,elastic_net,0.9452656916155426,0.01944531707652454,0.0,0.0,0.0,0.0172559924531659,0.0,0.01803299885476697
TCGA-28-5213-01A,elastic_net,0.9056652975243134,0.062260482288110194,0.0,0.0,0.0,0.0,0.0,0.03207422018757654
TCGA-28-5215-01A,elastic_net,0.9282140284414458,0.04177047163568979,0.0,0.0,0.0,0.0,0.0033487709681256483,0.026666728954738664
TCGA-28-5216-01A,elastic_net,0.9480380788164636,0.023658815475693873,0.0,0.0,0.0,0.01242257726945574,0.0023487342659515263,0.013531794172435241
TCGA-28-5218-01A,elastic_net,0.533315428859186,0.1771339168615954,0.0,0.0,0.0771871199440664,0.19662646779798784,0.015737066537164213,0.0
TCGA-28-5220-01A,elastic_net,0.9600470112028602,0.009351140070673777,0.0,0.0,0.0,0.0,0.0,0.030601848726466086
TCGA-32-1970-01A,elastic_net,0.9274592401747094,0.03676479895870298,0.0,0.0,0.0,0.0,0.0,0.03577596086658747
TCGA-32-1980-01A,elastic_net,0.8190576791037708,0.0850969753211812,0.0,0.0,0.0,0.02655620838541724,0.030074266685514814,0.03921487050411586
TCGA-32-1982-01A,elastic_net,0.8224340476875066,0.07241554235306474,0.0,0.0,0.0,0.08950868870750446,0.0,0.015641721251924152
TCGA-32-2615-01A,elastic_net,0.9619445737388681,0.016169543041404666,0.0,0.0,0.0,0.0,0.0,0.02188588321972724
TCGA-32-2616-01A,elastic_net,0.9179400773413923,0.03435530155215594,0.0,0.0,0.0,0.01324488463477423,0.0,0.03445973647167756
TCGA-32-2632-01A,elastic_net,0.8860545106603795,0.08830370321662794,0.0,0.0,0.0,0.0,0.0,0.02564178612299247
TCGA-32-2634-01A,elastic_net,0.8969691170233481,0.032626573284134285,0.0,0.0,0.0,0.029856202256375475,0.013724026883668635,0.026824080552473446
TCGA-32-2638-01A,elastic_net,0.9085790411230863,0.06018507711596939,0.0,0.0,0.0,0.008260355864439033,0.0,0.022975525896505294
TCGA-32-4213-01A,elastic_net,0.9055632532964862,0.0556572995816667,0.0,0.0,0.0,0.008176067046416066,0.0,0.030603380075430977
TCGA-32-5222-01A,elastic_net,0.7675202439154507,0.09037995511599971,0.0,0.0,0.0248523106823336,0.0702969501354827,0.018199797052548795,0.02875074309818451
TCGA-41-2571-01A,elastic_net,0.9166319522847399,0.016579390698739153,0.0,0.0,0.0,0.0064472208895877715,0.054926840141219346,0.0054145959857138295
TCGA-41-2572-01A,elastic_net,0.8774138855160925,0.05009686789315462,0.0,0.0,0.0,0.03292899921385031,0.0,0.0395602473769027
TCGA-41-3915-01A,elastic_net,0.6560902166884643,0.18613609134534748,0.0,0.0,0.0,0.10431065762082382,0.0,0.053463034345364396
TCGA-41-4097-01A,elastic_net,0.9209471598745317,0.02636697665359208,0.0,0.0,0.0,0.012142678715231711,0.0,0.04054318475664454
TCGA-41-5651-01A,elastic_net,0.9591750588563375,0.007482932135375593,0.0,0.0,0.0,0.02039212467812933,0.007521155420341005,0.005428728909816668
TCGA-76-4925-01A,elastic_net,0.9164464738251114,0.030641150747027078,0.0,0.0,0.0,0.02090283575276251,0.0,0.03200953967509907
TCGA-76-4926-01B,elastic_net,0.8098548687240223,0.0723494969600868,0.0,0.0,0.0,0.0069621921051415325,0.0,0.11083344221074948
TCGA-76-4928-01B,elastic_net,0.8583187777620231,0.058321578203798304,0.0,0.0,0.0,0.06201471983593854,0.0,0.021344924198240006
TCGA-76-4929-01A,elastic_net,0.9539741280504583,0.0,0.0,0.0,0.0,0.0,0.0,0.046025871949541705
TCGA-76-4931-01A,elastic_net,0.8007932185793928,0.07939131944657506,0.0,0.0,0.0,0.0446023842891644,0.0,0.07521307768486776
TCGA-02-0047-01A,bayesian,0.11850334435738448,0.15417246052043815,0.0033911710945710677,0.005742116258103657,0.041187489388544725,0.22656371359907074,0.07796020843004778,0.37247949635183925
TCGA-02-0055-01A,bayesian,0.08488597504409676,0.24583524767414647,0.004048576674369321,0.003150712953229981,0.32276274683055456,0.2741633536847688,0.024140417338146127,0.04101296980068803
TCGA-02-2483-01A,bayesian,0.20505719442368744,0.10250647634056032,0.0025021384508703563,0.026992967690298877,0.31305944780291467,0.2772995018212126,0.037203189425206104,0.0353790840452496
TCGA-02-2485-01A,bayesian,0.3620183508237978,0.03541562509284904,0.0022946276581224446,0.003264916454307499,0.16115259593927198,0.21595195967389377,0.004917351126142546,0.21498457323161488
TCGA-02-2486-01A,bayesian,0.017763615085463223,0.4037365406300583,0.001818028362670281,0.0026245376821762735,0.14960737974687768,0.12969957116645642,0.09441007961162222,0.20034024771467532
TCGA-06-0125-01A,bayesian,0.2868732823723587,0.08190751389794074,0.0022771730802056767,0.01789374888642646,0.11950178856944778,0.2991095179493937,0.009414151188422055,0.18302282405580472
TCGA-06-0125-02A,bayesian,0.21963123180093985,0.18293847731178126,0.0026614838708766447,0.00406813749772269,0.0657947119487585,0.2097279920190607,0.04259275487227773,0.27258521067858266
TCGA-06-0129-01A,bayesian,0.3265071111316016,0.2137580543306562,0.0018973504026684918,0.03983882233259908,0.15380059087285416,0.04554858603414528,0.12216415065943961,0.09648533423603557
TCGA-06-0130-01A,bayesian,0.057719774495094696,0.314279138755192,0.001044332137619376,0.005486961388352053,0.41014207875815717,0.1714631236642868,0.01845901923977458,0.02140557156152328
TCGA-06-0132-01A,bayesian,0.03813370224330622,0.29996859839542345,0.0019755010030678773,0.0034381909602270617,0.11421057645249572,0.0633201588474406,0.3019816142032417,0.1769716578947974
TCGA-06-0141-01A,bayesian,0.024611815884044517,0.3498082771465968,0.0015519319620807223,0.003993686653962838,0.11738735074081183,0.1887927898461206,0.13494896840157536,0.17890517936480735
TCGA-06-0152-02A,bayesian,0.18731834789993929,0.17965603124225804,0.002022676190621628,0.02362924070944301,0.1084336377164664,0.3234674488986946,0.014234273003691737,0.16123834433888523
TCGA-06-0157-01A,bayesian,0.26896601282243104,0.143344885601673,0.0030684197555247636,0.003858964318611716,0.03580951804737254,0.1921176552258971,0.00500164598663123,0.3478328982418585
TCGA-06-0158-01A,bayesian,0.0760326312082496,0.17309506104329475,0.00236727069831956,0.008014555226804257,0.06569413327391031,0.1950867002180661,0.13999114823715786,0.3397185000941975
TCGA-06-0168-01A,bayesian,0.0755342835568736,0.31470654943620247,0.002430074936636496,0.0046323452063648666,0.1326654209483509,0.1916384056404939,0.04806291571316993,0.23033000456190786
TCGA-06-0171-02A,bayesian,0.003050805013111385,0.5800968146212373,0.0013357984050127046,0.0012513130487113746,0.024161367935370267,0.18548083315628688,0.11702109783084626,0.08760196998942386
TCGA-06-0174-01A,bayesian,0.5410484387252765,0.04321229791562729,0.0018256001286417335,0.002397254623878849,0.09329953648867716,0.17000803765250544,0.07730462701452674,0.07090420745086624
TCGA-06-0184-01A,bayesian,0.023997810912763585,0.2999573496154213,0.0011830736524213283,0.0028639988735149474,0.12502260290748662,0.20988645114439733,0.18872621493433073,0.14836249795966422
TCGA-06-0187-01A,bayesian,0.21129381061814104,0.20722148770283358,0.0030348994921800586,0.0031974324102461015,0.04380476284955191,0.21601963532476248,0.008567793517222361,0.30686017808506244
TCGA-06-0190-01A,bayesian,0.11870500597812694,0.2392743981453881,0.0018770181599654838,0.004849985758130363,0.16953730917655294,0.3221851737488315,0.04706489419412525,0.09650621483887938
TCGA-06-0190-02A,bayesian,0.11010216877841343,0.2268005210132299,0.0009383359162222911,0.0057786227279926555,0.2657901896580937,0.35763043539947914,0.009449878472961045,0.02350984803360789
TCGA-06-0210-02A,bayesian,0.05757589956775935,0.33046715827102363,0.002433483531989689,0.0025876298463460945,0.037292597163766615,0.17936062136837802,0.13890747605576867,0.2513751341949681
TCGA-06-0211-01B,bayesian,0.28423445298889694,0.11610201661009971,0.001757891200955513,0.011359532236733126,0.15437050454334292,0.25754900476956877,0.02030453106287638,0.15432206658752665
TCGA-06-0211-02A,bayesian,0.18402617243089073,0.2917701359184553,0.0022263824636514795,0.0028371537319799183,0.138685933194397,0.2496039447503047,0.008699505157945988,0.12215077235237486
TCGA-06-0219-01A,bayesian,0.02861399368478353,0.11001971540206691,0.0015860970175523776,0.004823722311724537,0.2373277972840862,0.07370610770190757,0.36349039707939046,0.1804321695184884
TCGA-06-0221-02A,bayesian,0.2639176911595228,0.012675157324998892,0.004175447743792208,0.05461369414106723,0.16303184002045526,0.06592081338575792,0.3290793886777263,0.10658596754667941
TCGA-06-0238-01A,bayesian,0.2031941076166609,0.1591415074557028,0.0012904441090017824,0.003755672303266168,0.18622202844405508,0.0710282547865524,0.3068856233977634,0.06848236188699744
TCGA-06-0644-01A,bayesian,0.1424689818738732,0.19097993202468555,0.001636584842491264,0.0026834251770690215,0.23608719192628735,0.2878473913463365,0.055811474179839636,0.08248501862941747
TCGA-06-0645-01A,bayesian,0.06568649212665507,0.43634811283096425,0.0014216383915905536,0.0018874508240808079,0.06518997223972411,0.2512673691720039,0.055220571709739395,0.12297839270524198
TCGA-06-0646-01A,bayesian,0.19394649102770772,0.2575764772618574,0.001901964401151188,0.010645195462969062,0.0518847091103376,0.24447167638791922,0.05053956080068287,0.18903392554737505
TCGA-06-0649-01B,bayesian,0.05655871016025118,0.21448900833557516,0.003502823742390199,0.0027877753707420084,0.12216261601125739,0.1100585018019208,0.004788918085224207,0.485651646492639
TCGA-06-0686-01A,bayesian,0.22994248089467642,0.07527379165733632,0.0015954619347268951,0.004300667441445817,0.12260746996242883,0.20385525752610997,0.2747865288120867,0.08763834177118904
TCGA-06-0743-01A,bayesian,0.13275140355510429,0.1257143785090677,0.003177499898142057,0.010308609992122953,0.17442943506209424,0.22614846904152583,0.007045784231316579,0.32042441971062635
TCGA-06-0744-01A,bayesian,0.32066513650264344,0.07326100266617497,0.0016117005169417776,0.016397498048560753,0.24879494538729843,0.22145973366349483,0.028495063273515125,0.08931491994137057
TCGA-06-0745-01A,bayesian,0.19205350593703344,0.15419390407495145,0.0013503169597643492,0.01249204986970116,0.17828195331805313,0.297609375228333,0.03865594346560622,0.12536295114655732
TCGA-06-0747-01A,bayesian,0.23648606435585126,0.05186466232187882,0.003088257055367837,0.012249201873847565,0.13770452772025296,0.1942976414702091,0.01015671413721635,0.35415293106537604
TCGA-06-0749-01A,bayesian,0.04084400475713539,0.14397701962688297,0.0034071154616910904,0.004620752874283727,0.1562411121189267,0.053626244171235564,0.20087448658966414,0.3964092644001805
TCGA-06-0750-01A,bayesian,0.10837430607135094,0.19919580622992894,0.002458043406857213,0.005228462603801185,0.122520826851852,0.2534769863415128,0.0497688228408362,0.25897674565386075
TCGA-06-0878-01A,bayesian,0.1489216176232864,0.2598654977601324,0.0018829010625836956,0.003187910956269758,0.05078571308262387,0.29637988154980577,0.027032584844585136,0.21194389312071313
TCGA-06-0882-01A,bayesian,0.023703166693059313,0.22930716788871758,0.0034959527608845182,0.003760321442907898,0.11356771858126637,0.1625704198610292,0.18157552203628982,0.28201973073584535
TCGA-06-1804-01A,bayesian,0.14733754952187283,0.09536935856953704,0.0043535540747476,0.031196305670247466,0.10879547833609125,0.23267549048073646,0.07809661252254954,0.3021756508242179
TCGA-06-2557-01A,bayesian,0.11216806867594564,0.3404749496147588,0.002187899667618843,0.0036052799320353992,0.10622253248936474,0.09160988504387556,0.17712317198631528,0.16660821259008565
TCGA-06-2558-01A,bayesian,0.20319319177261413,0.0954773535393081,0.0013629258524396036,0.00479750301353485,0.10191758833163088,0.3128515943969962,0.16991269022735156,0.11048715286612457
TCGA-06-2559-01A,bayesian,0.47529566420264435,0.07371988544963985,0.0015723293288024453,0.0043406785568726415,0.07292149277193673,0.24688354213392227,0.03817163117617637,0.0870947763800054
TCGA-06-2561-01A,bayesian,0.08773234225036891,0.22574989343589175,0.002658576092044789,0.004865914852021472,0.08581736266043748,0.1297593019127563,0.06655129387869275,0.39686531491778654
TCGA-06-2562-01A,bayesian,0.11355972447164782,0.18830359576159525,0.0016604935476435855,0.01503782105507222,0.09180038224470763,0.4005163850436097,0.057827195114233065,0.13129440276149068
TCGA-06-2563-01A,bayesian,0.24591132805074425,0.07998405282463486,0.002586134651331871,0.014212993580975688,0.1704909214988956,0.3320218995314653,0.033044543699349324,0.12174812616260298
TCGA-06-2564-01A,bayesian,0.09992156053210444,0.14883578487442922,0.0025030239444252516,0.005496951415536317,0.07306067979284364,0.3227372491430011,0.12265898524873416,0.22478576504892583
TCGA-06-2565-01A,bayesian,0.29288439537325384,0.0849225948781465,0.001992624252620177,0.0049612709059857615,0.137975908067927,0.3253357481323086,0.027658985387673314,0.12426847300208478
TCGA-06-2567-01A,bayesian,0.06490376790602563,0.25869638882285073,0.004163370805508074,0.01101113542062096,0.1221235236700954,0.16033409712437,0.09416960623286036,0.2845981100176688
TCGA-06-2569-01A,bayesian,0.17097040353730436,0.011029576671744031,0.02901700970383723,0.01678037711836042,0.36320946489215444,0.3423717019014006,0.05300646804751283,0.01361499812768595
TCGA-06-2570-01A,bayesian,0.2416295388716776,0.16527832556022568,0.0015434799181392432,0.009122376184604746,0.14006426357076032,0.18542267577040708,0.15760659380126493,0.09933274632292027
TCGA-06-5408-01A,bayesian,0.27434724853008063,0.1277610631749597,0.002487015708149634,0.02381726754018216,0.16192137217542607,0.21400314808329515,0.02911176787241677,0.16655111691548977
TCGA-06-5411-01A,bayesian,0.19523140935513295,0.09168525768759986,0.001544842590395909,0.005381218151812503,0.12434748181970173,0.11507064943687538,0.3614857992121541,0.10525334174632765
TCGA-06-5412-01A,bayesian,0.0817442328928962,0.3424879077109389,0.0014093678173682912,0.0017594879788857755,0.09717095598963978,0.33771960926189337,0.008915103019722627,0.12879333532865514
TCGA-06-5413-01A,bayesian,0.21382167950011696,0.18827766673992388,0.0018045241444998056,0.004043649837348034,0.13830646374929792,0.2700480204335584,0.02425445392736046,0.15944354166789457
TCGA-06-5414-01A,bayesian,0.11600688822082549,0.283764118259404,0.001667324758674336,0.0030845308829822358,0.08973011881639877,0.2608296358609949,0.035998703551474866,0.20891867964924546
TCGA-06-5415-01A,bayesian,0.21153266789679487,0.040909714477382605,0.0024979423860808873,0.00667136239371838,0.14691272962418012,0.1952749354610614,0.06522887581060137,0.3309717719501805
TCGA-06-5418-01A,bayesian,0.18174441261044372,0.17548173326467031,0.002479389675967713,0.004279872937237046,0.1730260863496544,0.22133972518084027,0.014777253435979782,0.22687152654520676
TCGA-06-5856-01A,bayesian,0.35883771191119923,0.12401410955548563,0.001927019185028555,0.0024948840679900573,0.07390839062785809,0.2311771195759793,0.015946005461990195,0.19169475961446908
TCGA-06-5858-01A,bayesian,0.1291975099081431,0.14228084764041957,0.002487014463712046,0.00773986006714867,0.08976724966429572,0.25686274961921524,0.21524219055024096,0.1564225780868246
TCGA-06-5859-01A,bayesian,0.07417263443823946,0.16269931781670072,0.003519953607855266,0.00304325175184425,0.02640427361746294,0.09732872624572197,0.011361520963243084,0.6214703215589323
TCGA-06-6698-01A,bayesian,0.10689281361741884,0.23835304520616946,0.006371549092524492,0.07818786224855055,0.12726278503928612,0.279578820038574,0.031087840945433206,0.13226528381204347
TCGA-08-0386-01A,bayesian,0.17540231772435752,0.06831696927990866,0.002211580501439009,0.0050189363613916205,0.11238085682756067,0.320689699801729,0.05856669709487982,0.25741294240873364
TCGA-12-0616-01A,bayesian,0.46155862642817563,0.09035869070196005,0.0014098822057393781,0.0042781922734068546,0.175702665104619,0.09595391197675252,0.04510443056370747,0.1256336007456392
TCGA-12-0618-01A,bayesian,0.5544686363363964,0.022477190824202756,0.0020160349365597957,0.0051009081329379796,0.10938958285060535,0.09271396032564458,0.11742582859044695,0.09640785800320621
TCGA-12-0619-01A,bayesian,0.11751528462256426,0.33187817965189265,0.0020870231862179698,0.0031841632284100815,0.10049714538570409,0.19891869041974894,0.014054533829209718,0.23186497967625233
TCGA-12-0821-01A,bayesian,0.18822736817175073,0.05599824386641494,0.0033050265920796023,0.0039889469073172545,0.14374769724853617,0.2191111146560462,0.022383113115508863,0.36323848944234627
TCGA-12-3650-01A,bayesian,0.3089189428300175,0.09119465163502033,0.0019079643060239248,0.01897640868701986,0.19181045084193302,0.1864471746604981,0.11252773791863047,0.0882166691208569
TCGA-12-3652-01A,bayesian,0.33091644754099564,0.02683299063704504,0.0017317988763220242,0.002175470895671275,0.31684164417105043,0.13809216932109902,0.033954678964937056,0.14945479959287955
TCGA-12-3653-01A,bayesian,0.30559683849486297,0.12779952615651202,0.0028478014383052303,0.005145855749896493,0.12147320464605812,0.21259858358420575,0.02950740358684691,0.19503078634331245
TCGA-12-5295-01A,bayesian,0.12037481848771209,0.24117409860598715,0.0018992185496512603,0.013835310463508374,0.2262935220937236,0.21997723990760384,0.027955375838095563,0.14849041605371804
TCGA-12-5299-01A,bayesian,0.25803149564060796,0.1784377104292103,0.002001751048147322,0.0031204263981688004,0.20002398163681812,0.17029568269790468,0.011945451038913469,0.1761435011102293
TCGA-14-0736-02A,bayesian,0.06044999796834744,0.2425544405839589,0.03436081756188408,0.00329592077822979,0.19387727911504182,0.04774309611911621,0.11066138645655939,0.30705706141686234
TCGA-14-0781-01B,bayesian,0.04065983600467086,0.17413822014121458,0.0021487566745157357,0.0030424185219014546,0.03901394700494494,0.43407868251037174,0.007135073920784664,0.29978306522159603
TCGA-14-0787-01A,bayesian,0.21242110843843892,0.17574572830105295,0.0023258917260548166,0.021450970341206466,0.15056756064168034,0.17185654480373616,0.02013153318389421,0.24550066256393624
TCGA-14-0789-01A,bayesian,0.1170717252054696,0.4124205198324607,0.001539573681198591,0.0030636512709974074,0.07866185361371165,0.21081869721665994,0.030551588589158307,0.1458723905903438
TCGA-14-0790-01B,bayesian,0.20448319996746767,0.01268010228754081,0.0021299463247646546,0.006758355330723313,0.1780507404276482,0.1901028351626041,0.015307804885987864,0.3904870156132635
TCGA-14-0817-01A,bayesian,0.0676432266046851,0.2613343271484047,0.002158653556919397,0.008327301431003275,0.29614627926535614,0.17240885999741112,0.09907651689113842,0.09290483510508189
TCGA-14-0871-01A,bayesian,0.1728806718011975,0.03488785656150129,0.0044874942155058465,0.018326191540038006,0.4298100601530402,0.2894973301176274,0.03192247262029572,0.018187922990794064
TCGA-14-1034-01A,bayesian,0.053852550658608764,0.23938164727349973,0.0020197540870666424,0.003850322395963093,0.0854647331707577,0.27206214299483183,0.03014274054819494,0.31322610887107727
TCGA-14-1034-02B,bayesian,0.3111748202480592,0.03147986793704065,0.0024035682229496804,0.03093364979458001,0.2694273179337976,0.1594968649419209,0.0400028039233626,0.1550811069982894
TCGA-14-1823-01A,bayesian,0.12170217424160006,0.31668795937749983,0.0023351586005376374,0.0029347159392263764,0.24241962663023334,0.09314478305643278,0.0033473707744805553,0.2174282113799893
TCGA-14-1825-01A,bayesian,0.2013878807568312,0.04831159208993643,0.0015493357891141696,0.015844518387701723,0.16085175740567195,0.16421917097968056,0.2566464541795049,0.15118929041155907
TCGA-14-1829-01A,bayesian,0.08228478497657556,0.19781786381572328,0.0013966840334136983,0.002033315807794503,0.2462264035603136,0.17768004583882982,0.16809672399310738,0.12446417797424217
TCGA-14-2554-01A,bayesian,0.10823609808977838,0.20315095708552336,0.0022453705052923045,0.0031396819820410722,0.2463866380642958,0.12034077198475727,0.008671266419799116,0.30782921586851275
TCGA-15-0742-01A,bayesian,0.33978367755500555,0.05368591307860539,0.0025081026942706196,0.027122190937850014,0.15612436529662324,0.22037371046841348,0.011289871204210678,0.18911216876502115
TCGA-15-1444-01A,bayesian,0.05769965024146387,0.13238902932311056,0.0021596861104092487,0.005259579390940853,0.0420711209663992,0.12619440425395403,0.36661522286589776,0.26761130684782447
TCGA-16-0846-01A,bayesian,0.14689603938275425,0.13346790772225384,0.0022781605773861888,0.003826297940608929,0.08418791719422512,0.1097412879145984,0.17397619533401368,0.3456261939341595
TCGA-16-1045-01B,bayesian,0.03664484621219329,0.36940360184956156,0.0025794342785642513,0.0030326288736512693,0.03392466618430324,0.2546928084441591,0.08500744314128415,0.21471457101628302
TCGA-19-1390-01A,bayesian,0.31696543947858685,0.029337174660395038,0.0014136258023555632,0.035414525697451245,0.09142970822409392,0.09188239246115693,0.4038744689721596,0.02968266470380069
TCGA-19-1787-01B,bayesian,0.1027599450911608,0.1495253166778837,0.001506692044965738,0.013281209699188326,0.17169247840737228,0.26887742581265367,0.17186178757491516,0.12049514469186033
TCGA-19-2619-01A,bayesian,0.1864522135118867,0.03865525306021295,0.0019124172842378817,0.004559991037022117,0.06181048199370403,0.40247914989871375,0.014698904389571282,0.2894315888246512
TCGA-19-2620-01A,bayesian,0.004721344528164664,0.06176049511214895,0.002121672844095683,0.00398719828691609,0.10867498207652958,0.1387742911277257,0.34523950343919174,0.33472051258522756
TCGA-19-2624-01A,bayesian,0.6330722426057455,0.006382909274168745,0.0014330088154363963,0.004391217148118999,0.06740112416407645,0.17354342171288054,0.031275560217637714,0.08250051606193569
TCGA-19-2625-01A,bayesian,0.04734989162182541,0.1334083183333096,0.00311007785573922,0.005161983097022814,0.14847001252267628,0.13895266576108764,0.009648941895728262,0.5138981089126108
TCGA-19-2629-01A,bayesian,0.14152311663435363,0.1664369821104721,0.0020416814764441424,0.006363253939611258,0.14693264615776697,0.09526640692258741,0.1942255556763274,0.24721035708243705
TCGA-19-4065-01A,bayesian,0.11504436239060507,0.2915866299216739,0.0017885520413063207,0.0034547974467064118,0.24838225293352464,0.17935814659913793,0.04516514226674229,0.11522011640030325
TCGA-19-4065-02A,bayesian,0.0750572000093215,0.13067424954898926,0.0013435476250743981,0.0061394825110840665,0.3104692531135156,0.2561791323714003,0.10014203319489709,0.11999510162571782
TCGA-19-5960-01A,bayesian,0.5998957076657694,0.00660551583733328,0.001990307712165509,0.0019520147962042071,0.14946222689890487,0.03829130705533126,0.0475053970578355,0.15429752297645596
TCGA-26-1442-01A,bayesian,0.14342345168318946,0.062379884594401906,0.001964551101296068,0.030686148491688863,0.18876320932843252,0.16605197086297413,0.15748625788340662,0.24924452605461048
TCGA-26-5132-01A,bayesian,0.14898987950664122,0.10420199003797416,0.0022916873392271695,0.010603489122044786,0.14196429428950683,0.3323342674954582,0.03297066441505345,0.22664372779409414
TCGA-26-5133-01A,bayesian,0.11729735252844206,0.04334985776884516,0.002070125505463551,0.02484171559252556,0.2873854981568476,0.21135075133191547,0.06923357094436218,0.24447112817159838
TCGA-26-5134-01A,bayesian,0.32435357563342704,0.0859359724622367,0.0018677662355805833,0.02699447820439588,0.12541884282167595,0.11028469466190038,0.20905768129551616,0.11608698868526723
TCGA-26-5135-01A,bayesian,0.3088351923343531,0.08975030380045994,0.0018206921336032615,0.005086850751300068,0.03405672712663141,0.387052520102849,0.05970033625039331,0.11369737750040995
TCGA-26-5136-01B,bayesian,0.09182836815792728,0.22385463744495976,0.0025285826661536575,0.006184251513513582,0.14296237427145903,0.20836877821939134,0.05844573470242738,0.2658272730241681
TCGA-26-5139-01A,bayesian,0.15762229408959474,0.1537843375248488,0.0024320885896046873,0.0045014930457235635,0.0973833780807988,0.23183244388559807,0.012136450655798261,0.34030751412803306
TCGA-27-1830-01A,bayesian,0.15357725613741666,0.17478549631442927,0.0019825009309776694,0.003823250751785948,0.07547160854530019,0.257136494598019,0.0857773132276801,0.24744607949439107
TCGA-27-1831-01A,bayesian,0.05838773257214184,0.18453951963001378,0.0019115322199389731,0.004823932680807507,0.3507960596336858,0.227534367652693,0.025760463817503357,0.14624639179321572
TCGA-27-1832-01A,bayesian,0.09339517062452848,0.25722921305521035,0.0032265766155343983,0.0055663522048147365,0.1701937134974008,0.19285456151355998,0.02145200854536365,0.25608240394358767
TCGA-27-1834-01A,bayesian,0.14331712430836932,0.1893173170809743,0.003182529322562387,0.005197266207960256,0.08064599589303005,0.09753895159856944,0.04071716904216583,0.4400836465463684
TCGA-27-1835-01A,bayesian,0.24696957833193256,0.005903614387583504,0.0017619922774897202,0.004686355053301314,0.12535502635762036,0.3630850042052875,0.018906615314123697,0.23333181407266135
TCGA-27-1837-01A,bayesian,0.20608010215205133,0.14474057384828462,0.0025028510392820177,0.020632137428107655,0.08532291228595003,0.22021622211500197,0.07790958907459969,0.24259561205672273
TCGA-27-2519-01A,bayesian,0.14400526562024654,0.32961843501419447,0.002916711188479232,0.004455215322260809,0.07882289551946102,0.1387149057125587,0.021207372956341678,0.28025919866645754
TCGA-27-2521-01A,bayesian,0.21577190932129742,0.021756156876533157,0.001913359912969885,0.01714714084427956,0.3069873622767073,0.12911050026254264,0.11795327660319867,0.18936029390247128
TCGA-27-2523-01A,bayesian,0.3585894482372966,0.06944720418202437,0.002400774069976702,0.014636378755511898,0.15943582616561877,0.20433257778952285,0.07862463591437624,0.11253315488567277
TCGA-27-2524-01A,bayesian,0.1413813221256033,0.18461554262982832,0.0013734863318954648,0.013714415350470688,0.2814811706376386,0.2495124490722498,0.05325998690752582,0.07466162694478802
TCGA-27-2526-01A,bayesian,0.3343383271947298,0.06353047007278201,0.002533277428838562,0.0018163538643168828,0.2070028711583651,0.09825433908229175,0.0056018039286512104,0.28692255727002475
TCGA-27-2528-01A,bayesian,0.24673446354235784,0.03316992962063953,0.0012667128649342801,0.003352187365065895,0.15819979342984872,0.3689778186893979,0.01796383783419056,0.1703352566535652
TCGA-28-1747-01C,bayesian,0.06319316100734891,0.18935539996993275,0.0023965378612295966,0.006392156263117364,0.0781193472976659,0.09489036662968242,0.13270604935948196,0.43294698161154094
TCGA-28-1753-01A,bayesian,0.17599629520118545,0.1840047114130294,0.0017498321385982076,0.02751627604701832,0.09951564407443302,0.3532432697303514,0.0478823246913985,0.11009164670398561
TCGA-28-2509-01A,bayesian,0.12428265935467916,0.173636476557019,0.0016754604899304603,0.020894303117748647,0.22071588937706338,0.2145008180534906,0.047153948669409584,0.19714044438065903
TCGA-28-2510-01A,bayesian,0.11876142127810484,0.035249758733395434,0.0019008536703063199,0.015284719519653335,0.09558692046786219,0.12124800867576259,0.4616131314092689,0.15035518624564642
TCGA-28-2513-01A,bayesian,0.06505715402246015,0.3969960600923424,0.001918725663733086,0.0021038141343056828,0.06975644062322708,0.30242608854644376,0.016109073773735636,0.14563264314375207
TCGA-28-2514-01A,bayesian,0.3900152516384167,0.04655255916347407,0.0015865260087825962,0.005542082850353997,0.055063743261949974,0.27601845477843673,0.080472240358149,0.14474914194043687
TCGA-28-5204-01A,bayesian,0.31156198490764475,0.10653640327755044,0.0018275632611171042,0.019446974919691516,0.12657564908998592,0.2967461581514392,0.015560605843442191,0.12174466054912896
TCGA-28-5207-01A,bayesian,0.1757903181684957,0.07099071627385109,0.002059861489076225,0.005962662174483473,0.12632407614320426,0.3682245221889828,0.027712103235320272,0.2229357403265862
TCGA-28-5208-01A,bayesian,0.13841078917754246,0.18632237835133147,0.001568314990046411,0.010147639198189173,0.17062815829558975,0.3078517634094636,0.040088752183922535,0.14498220439391468
TCGA-28-5209-01A,bayesian,0.2864087591725559,0.06871545289756104,0.0023514182442814875,0.004444761261569599,0.11896039705618333,0.32938130464671933,0.014468440550857812,0.17526946617027128
TCGA-28-5213-01A,bayesian,0.03280492286897988,0.3827901879067745,0.0023302920338028744,0.0027372051066722656,0.14581173052729687,0.11640431079193031,0.01539743510775064,0.3017239156567927
TCGA-28-5215-01A,bayesian,0.15793999002506456,0.1630413358876581,0.0014790620573248672,0.003809355659444967,0.09048329043538603,0.19321792738466384,0.19362207214606847,0.19640696640438926
TCGA-28-5216-01A,bayesian,0.2636658582419731,0.09468227875680223,0.0014790334776366026,0.003302193932003083,0.1343305417030731,0.17939212155615647,0.141833438001853,0.18131453433050235
TCGA-28-5218-01A,bayesian,0.1715527889407098,0.10678716083612977,0.0012609072601391291,0.0015949689811881166,0.23094406455283278,0.39735952243050116,0.08018843671844675,0.010312150280052517
TCGA-28-5220-01A,bayesian,0.22507337574644548,0.10683591707110965,0.002834836315370009,0.002183499356117241,0.11671175909753624,0.05948185209286449,0.06637555898929107,0.42050320133126584
TCGA-32-1970-01A,bayesian,0.23853920945391333,0.08546724767537221,0.002948872440687993,0.008385976041144074,0.09424077661408432,0.20443274881001397,0.034745265863578234,0.3312399031012059
TCGA-32-1980-01A,bayesian,0.08501503789527608,0.17650132800511395,0.0016330887512004861,0.011372235093578188,0.09410874844292923,0.17909655931457383,0.3109062706812602,0.14136673181606793
TCGA-32-1982-01A,bayesian,0.12998968079868725,0.16557577172813698,0.0011898188626768519,0.001598306038498279,0.1061748950771549,0.44274639828017925,0.02971009951009566,0.12301502970457077
TCGA-32-2615-01A,bayesian,0.10436774720663615,0.16893667068116422,0.003981813369543621,0.005091241941775928,0.1535624343526654,0.1535553327660818,0.045482642959429706,0.36502211672270324
TCGA-32-2616-01A,bayesian,0.18698707314858704,0.15734652278916939,0.0015986420121524725,0.010698601739289338,0.15467742043812963,0.194841695724721,0.12113203027855549,0.1727180138693957
TCGA-32-2632-01A,bayesian,0.19482820857367855,0.2774282982227832,0.0017646303416615687,0.0054971014714834815,0.11063511504256078,0.18043583516702694,0.008950281238014961,0.22046052994279047
TCGA-32-2634-01A,bayesian,0.1982206185330112,0.06385616698076364,0.0019427629239210044,0.02834936820834016,0.15860128139038512,0.21738450602220535,0.2091918815870447,0.1224534143543288
TCGA-32-2638-01A,bayesian,0.18874026851315723,0.23086112076522614,0.0016037228956619297,0.0028288470439190483,0.0853483987355434,0.318584299862764,0.007410729935801608,0.16462261224792657
TCGA-32-4213-01A,bayesian,0.11157135552363527,0.24416866489379363,0.0015638042855512838,0.002179778484269531,0.0781067060543294,0.3071274161899367,0.010670601861166367,0.24461167270731785
TCGA-32-5222-01A,bayesian,0.11732917841432093,0.16106186363959424,0.0016093088531405175,0.004227500769570575,0.24463661291696875,0.2061456463056395,0.1177952358818555,0.14719465321891007
TCGA-41-2571-01A,bayesian,0.4171823142382417,0.036719143514580985,0.0014987360462516135,0.00239888119794811,0.09933868241732395,0.05378928589748056,0.34584403836250455,0.043228918325668664
TCGA-41-2572-01A,bayesian,0.23671749799757263,0.1250384477850335,0.0016398828381111463,0.003263068753535589,0.12082404736505356,0.2711240247842283,0.007198564459697804,0.23419446601676744
TCGA-41-3915-01A,bayesian,0.08270241017427347,0.22965806409950493,0.0020465526865428695,0.003730335037517162,0.11669167751891006,0.27336188942285977,0.09889707280824156,0.19291199825215025
TCGA-41-4097-01A,bayesian,0.09476190013324153,0.17494652653312304,0.002454911243087217,0.004934064749399791,0.08193824610475145,0.26466250854270823,0.04459927485889333,0.3317025678347954
TCGA-41-5651-01A,bayesian,0.46239093739919795,0.010875823782209101,0.0020447769045449974,0.005915047697284557,0.1646100777444831,0.1373330669190412,0.13486149674205739,0.08196877281118176
TCGA-76-4925-01A,bayesian,0.2347675216460526,0.055717644236474365,0.0017935636838763366,0.020541088122882096,0.19867375880092758,0.2495609026813841,0.05132482200275124,0.1876206988256518
TCGA-76-4926-01B,bayesian,0.07695023309718228,0.0613095554020813,0.005112526862419512,0.0046015173673955665,0.1512001681644271,0.06396676880273547,0.04413368437075244,0.5927255459330064
TCGA-76-4928-01B,bayesian,0.25913906342476256,0.15576154227460468,0.0017435498239435137,0.0025590753926666827,0.14619025167072314,0.2973222248503014,0.0370777814133454,0.10020651114965254
TCGA-76-4929-01A,bayesian,0.19482025711976358,0.08197069518288899,0.004161085855424476,0.004347054928338477,0.06446518656578956,0.09646074553831213,0.08254729976628361,0.47122767504319923
TCGA-76-4931-01A,bayesian,0.24966937215047133,0.06423600767987485,0.002043804574904811,0.036606765771728327,0.1460005585236668,0.19197625168120316,0.027083143373507132,0.2823840962446436
TCGA-02-0047-01A,music,0.9778686473295326,0.007846559226097992,0.0,0.0,0.0,0.0,0.0,0.01428479344436934
TCGA-02-0055-01A,music,0.7151892550118127,0.1441173639719399,0.0,0.0,0.012132961157063032,0.11538937407322318,0.0,0.013171045785961111
TCGA-02-2483-01A,music,0.6615077479885282,0.10213752370374053,0.0,0.0,0.11553814067206758,0.12043362790442493,0.0,0.0003829597312388444
TCGA-02-2485-01A,music,0.9897077621197423,0.0,0.0,0.0,0.0,0.0,0.0,0.010292237880257736
TCGA-02-2486-01A,music,0.8697023203756078,0.11653198242917043,0.0,0.0,0.0,0.0020168432492588023,0.0,0.011748853945963002
TCGA-06-0125-01A,music,0.9645473957130701,0.01531713517839919,0.0,0.0,0.0,0.0065669739571756185,0.0,0.01356849515135505
TCGA-06-0125-02A,music,0.9536645429300415,0.022282334018711,0.0,0.0,0.0,0.0,0.0,0.024053123051247443
TCGA-06-0129-01A,music,0.8787941219084563,0.11214453250219843,0.0,0.0,0.0,0.0,0.009061345589345274,0.0
TCGA-06-0130-01A,music,0.5858558735267512,0.32615193434600204,0.0,0.0,0.0,0.0788089126328131,0.0,0.009183279494433672
TCGA-06-0132-01A,music,0.8392241089413992,0.10737618771863848,0.0,0.0,0.0,0.0,0.023647434953626555,0.02975226838633583
TCGA-06-0141-01A,music,0.871873924960308,0.08867534869895209,0.0,0.0,0.0,0.006858270807141982,0.0,0.03259245553359802
TCGA-06-0152-02A,music,0.9151698003598374,0.05248772690555374,0.0,0.0,0.0,0.01868988797364603,0.0,0.013652584760962842
TCGA-06-0157-01A,music,0.9815621780495938,0.0034639430753147446,0.0,0.0,0.0,0.0,0.0,0.014973878875091372
TCGA-06-0158-01A,music,0.9628538339381271,0.019196521786560755,0.0,0.0,0.0,0.0,0.0,0.017949644275312253
TCGA-06-0168-01A,music,0.8904036512493996,0.08253373946751785,0.0,0.0,0.0,0.0,0.0,0.027062609283082555
TCGA-06-0171-02A,music,0.6775655084943135,0.2917851853207982,0.0,0.0,0.0,0.006262547979361615,0.0,0.024386758205526597
TCGA-06-0174-01A,music,0.9855133645155059,0.0055421332382034364,0.0,0.0,0.0,0.008944502246290592,0.0,0.0
TCGA-06-0184-01A,music,0.8033163936503537,0.1079515318770926,0.0,0.0,0.0,0.04416759292633033,0.007343685393057482,0.037220796153166084
TCGA-06-0187-01A,music,0.9688582055147682,0.021897688385070602,0.0,0.0,0.0,0.0,0.0,0.009244106100161197
TCGA-06-0190-01A,music,0.8117536362382878,0.10199138063782283,0.0,0.0,0.0,0.0673835428524258,0.0,0.018871440271463584
TCGA-06-0190-02A,music,0.6389670267348572,0.2048870377249241,0.0,0.0,0.0,0.14450071257399413,0.0,0.011645222966224562
TCGA-06-0210-02A,music,0.9143632454508237,0.0670736214366917,0.0,0.0,0.0,0.0,0.0,0.01856313311248468
TCGA-06-0211-01B,music,0.9061599586638358,0.047977389483270586,0.0,0.0,0.0,0.028971314755489808,0.0,0.01689133709740382
TCGA-06-0211-02A,music,0.877273206200539,0.09744162599036316,0.0,0.0,0.0,0.013783838889590744,0.0,0.011501328919507194
TCGA-06-0219-01A,music,0.899497186752243,0.028684046221284672,0.0,0.0,0.0,0.005654484792026719,0.03959662674645352,0.026567655487992062
TCGA-06-0221-02A,music,0.8179809356192399,0.031811696473384346,0.0,0.0,0.0,0.029099812394251162,0.08227543599199472,0.038832119521129964
TCGA-06-0238-01A,music,0.8011752011297867,0.11141166183484902,0.0,0.0,0.0,0.026388554053518545,0.052619020908702165,0.008405562073143559
TCGA-06-0644-01A,music,0.870027965888443,0.07011700200518275,0.0,0.0,0.0,0.04099261472505307,0.0,0.0188624173813212
TCGA-06-0645-01A,music,0.809574150989768,0.16110421089667598,0.0,0.0,0.0,0.012688488223524993,0.0,0.016633149890030997
TCGA-06-0646-01A,music,0.9259063040317637,0.053746360764159985,0.0,0.0,0.0,0.0,0.0,0.02034733520407634
TCGA-06-0649-01B,music,0.9729217231487827,0.0,0.0,0.0,0.0,0.0,0.0,0.027078276851217307
TCGA-06-0686-01A,music,0.8981262471850683,0.035194526799299304,0.0,0.0,0.0,0.03171088441695793,0.028641158191291097,0.006327183407383476
TCGA-06-0743-01A,music,0.9670645242766596,0.010863035504664088,0.0,0.0,0.0,0.0,0.0,0.022072440218676444
TCGA-06-0744-01A,music,0.9255575162086451,0.03737237798253554,0.0,0.0,0.0,0.03707010580881938,0.0,0.0
TCGA-06-0745-01A,music,0.9038437979789018,0.047219598775498986,0.0,0.0,0.0,0.0321987425836523,0.0,0.016737860661947084
TCGA-06-0747-01A,music,0.9779957864928222,0.0,0.0,0.0,0.0,0.0,0.0,0.022004213507177815
TCGA-06-0749-01A,music,0.9712477872579768,0.007169853273925093,0.0,0.0,0.0,0.0,0.0,0.02158235946809813
TCGA-06-0750-01A,music,0.963188633674395,0.016660915021167212,0.0,0.0,0.0,0.0,0.0,0.020150451304437645
TCGA-06-0878-01A,music,0.9384664805178901,0.03740576852790749,0.0,0.0,0.0,0.0,0.0,0.02412775095420241
TCGA-06-0882-01A,music,0.9162314669524203,0.04745952608775205,0.0,0.0,0.0,0.0,0.0,0.03630900695982774
TCGA-06-1804-01A,music,0.8983649976785014,0.0449859080004687,0.0,0.0,0.0,0.013490524088975784,0.0,0.043158570232054154
TCGA-06-2557-01A,music,0.853950534872037,0.11410485762879309,0.0,0.0,0.0,0.0,0.012231931525650887,0.019712675973519157
TCGA-06-2558-01A,music,0.8795910452122175,0.03957775064640405,0.0,0.0,0.0,0.044667452504763436,0.01981133356019669,0.016352418076418296
TCGA-06-2559-01A,music,0.9759667761881115,0.004068343636072304,0.0,0.0,0.0,0.009836983948747404,0.0,0.01012789622706893
TCGA-06-2561-01A,music,0.9561932902327633,0.016731516653306883,0.0,0.0,0.0,0.0,0.0,0.027075193113929683
TCGA-06-2562-01A,music,0.87135573638621,0.055514443530623736,0.0,0.0,0.0,0.049245712648480024,0.0,0.023884107434686285
TCGA-06-2563-01A,music,0.9154897731260284,0.028442363171566065,0.0,0.0,0.0,0.04251770134898271,0.0,0.013550162353422731
TCGA-06-2564-01A,music,0.947830182066563,0.02311705101655927,0.0,0.0,0.0,0.0038225788469941867,0.0,0.025230188069883416
TCGA-06-2565-01A,music,0.9385277810936562,0.026215136369500017,0.0,0.0,0.0,0.026520546609397767,0.0,0.008736535927446084
TCGA-06-2567-01A,music,0.9140175925985426,0.06382011328151824,0.0,0.0,0.0,0.0,0.0,0.022162294119939124
TCGA-06-2569-01A,music,0.491920332302855,0.007786699569673565,0.09364516868349251,0.0,0.2958387703628921,0.1108019901460594,7.0389350274367935e-06,0.0
TCGA-06-2570-01A,music,0.8526225798141804,0.09098426586048526,0.0,0.0,0.0,0.032435944119834074,0.023076494625461304,0.0008807155800388958
TCGA-06-5408-01A,music,0.9238888717872058,0.050296421632279785,0.0,0.0,0.0,0.014123224639752473,0.0,0.011691481940761967
TCGA-06-5411-01A,music,0.7393654412934217,0.08111565143553355,0.0,0.0,0.0,0.0386912252035634,0.09972549725742129,0.041102184810060095
TCGA-06-5412-01A,music,0.822307452801936,0.11040396672527131,0.0,0.0,0.0,0.039381136266360334,0.0,0.027907444206432316
TCGA-06-5413-01A,music,0.9125855150578546,0.0637919122637858,0.0,0.0,0.0,0.014738666013205245,0.0,0.00888390666515445
TCGA-06-5414-01A,music,0.9232947634397352,0.051790314057510285,0.0,0.0,0.0,0.003591172873492098,0.0,0.02132374962926255
TCGA-06-5415-01A,music,0.9851744036304991,0.0,0.0,0.0,0.0,0.0,0.0,0.014825596369500859
TCGA-06-5418-01A,music,0.950110101710416,0.029326215362378158,0.0,0.0,0.0,0.0,0.0,0.020563682927206024
TCGA-06-5856-01A,music,0.9795223391568881,0.007940309940846213,0.0,0.0,0.0,0.0,0.0,0.012537350902265662
TCGA-06-5858-01A,music,0.8753285539360116,0.05291654580489264,0.0,0.0,0.0,0.02397235283780021,0.024709313552951674,0.02307323386834376
TCGA-06-5859-01A,music,0.9683629255929354,0.0,0.0,0.0,0.0,0.0,0.0,0.03163707440706456
TCGA-06-6698-01A,music,0.8641469777257704,0.09881575211975199,0.0,0.0,0.0,0.014240700336892545,0.0,0.02279656981758502
TCGA-08-0386-01A,music,0.93048676065312,0.015890734275663992,0.0,0.0,0.0,0.03522880538588831,0.0,0.018393699685327638
TCGA-12-0616-01A,music,1.0,0.0,0.0,0.0,0.0,0.0,0.0,0.0
TCGA-12-0618-01A,music,0.9914567618281152,0.0,0.0,0.0,0.0,0.006387102137313232,0.0,0.0021561360345715326
TCGA-12-0619-01A,music,0.9406991981599805,0.04419106748680956,0.0,0.0,0.0,0.0,0.0,0.015109734353209961
TCGA-12-0821-01A,music,0.9759051287795338,0.0,0.0,0.0,0.0,0.0,0.0,0.02409487122046628
TCGA-12-3650-01A,music,0.8987087381652034,0.051091290107713655,0.0,0.0,0.0,0.04126081430064005,0.0019328371933159064,0.007006320233126955
TCGA-12-3652-01A,music,0.9653538616285416,0.0019770967813118427,0.0,0.0,0.0,0.011895561238466329,0.0,0.020773480351680255
TCGA-12-3653-01A,music,0.9508179834598068,0.026177924571666376,0.0,0.0,0.0,0.010376763491306125,0.0,0.012627328477220746
TCGA-12-5295-01A,music,0.8526659962148607,0.09250537866857153,0.0,0.0,0.0,0.03758796151174315,0.0,0.01724066360482471
TCGA-12-5299-01A,music,0.9538193157640374,0.043845575634671105,0.0,0.0,0.0,0.0,0.0,0.002335108601291416
TCGA-14-0736-02A,music,0.9486461013239762,0.02429913448069579,0.0,0.0,0.0,0.0,0.0,0.027054764195328044
TCGA-14-0781-01B,music,0.9531474676132132,0.012840346485267199,0.0,0.0,0.0,0.013873558139550187,0.0,0.02013862776196943
TCGA-14-0787-01A,music,0.9580734742627571,0.025877738198157748,0.0,0.0,0.0,0.0,0.0,0.016048787539085167
TCGA-14-0789-01A,music,0.8307779210472007,0.14337122247959402,0.0,0.0,0.0,0.008882512804511583,0.0,0.016968343668693677
TCGA-14-0790-01B,music,0.9712606252458862,0.0,0.0,0.0,0.0,0.0,0.0,0.028739374754113742
TCGA-14-0817-01A,music,0.8283903054152781,0.10889222583296106,0.0,0.0,0.006470823858904513,0.04016957683620172,0.0033593598973836384,0.012717708159270993
TCGA-14-0871-01A,music,0.6639954446862845,0.027863359170151314,0.0,0.0,0.21805964502001576,0.08966981508336021,0.0004117360401881482,0.0
TCGA-14-1034-01A,music,0.924872293504739,0.04425626216426578,0.0,0.0,0.0,0.005614134467935286,0.0,0.025257309863059973
TCGA-14-1034-02B,music,0.9267972083717027,0.026208883662832465,0.0,0.0,0.0,0.032599769475319305,0.0,0.014394138490145513
TCGA-14-1823-01A,music,0.9255074427522881,0.05556471518674384,0.0,0.0,0.0,0.0,0.0,0.01892784206096814
TCGA-14-1825-01A,music,0.9268731946720681,0.021622320837556393,0.0,0.0,0.0,0.016071232905553446,0.02907277319779008,0.006360478387031934
TCGA-14-1829-01A,music,0.8209929766201076,0.08757001080621316,0.0,0.0,0.0,0.061445170707716906,0.019254918932920126,0.01073692293304227
TCGA-14-2554-01A,music,0.946990070328065,0.038168506570189,0.0,0.0,0.0,0.0,0.0,0.014841423101746052
TCGA-15-0742-01A,music,0.9796098312068608,0.00955140354331967,0.0,0.0,0.0,0.0018754317545898068,0.0,0.008963333495229618
TCGA-15-1444-01A,music,0.8946139537084784,0.03267367855335209,0.0,0.0,0.0,0.0,0.047917121196315596,0.0247952465418539
TCGA-16-0846-01A,music,0.976386721148786,0.006481556830739295,0.0,0.0,0.0,0.0,0.0,0.017131722020474652
TCGA-16-1045-01B,music,0.8969379120853868,0.08563774268017689,0.0,0.0,0.0,0.0,0.0,0.017424345234436322
TCGA-19-1390-01A,music,0.7935335229078913,0.04451034082881192,0.0,0.0,0.0,0.04920880169710659,0.10474944461407015,0.007997889952120014
TCGA-19-1787-01B,music,0.8503069337390947,0.08139391508358469,0.0,0.0,0.0,0.04171532901188065,0.005026553378235708,0.021557268787204265
TCGA-19-2619-01A,music,0.9433142480922827,0.0,0.0,0.0,0.0,0.023767934104480734,0.0,0.03291781780323646
TCGA-19-2620-01A,music,0.9555439025995139,0.0,0.0,0.0,0.0,0.0,0.013682656855534372,0.030773440544951767
TCGA-19-2624-01A,music,0.9986368740571517,0.0,0.0,0.0,0.0,0.0013631259428481845,0.0,0.0
TCGA-19-2625-01A,music,0.9767980877800416,0.0,0.0,0.0,0.0,0.0,0.0,0.023201912219958355
TCGA-19-2629-01A,music,0.9572372792260515,0.02655789248114025,0.0,0.0,0.0,0.0,0.0,0.016204828292808164
TCGA-19-4065-01A,music,0.8662278072049007,0.09646576916445844,0.0,0.0,0.0,0.01931863290390442,0.0,0.017987790726736584
TCGA-19-4065-02A,music,0.9163199952466438,0.03893341012961583,0.0,0.0,0.0,0.01784826735714609,0.0,0.026898327266594194
TCGA-19-5960-01A,music,0.9944463441167507,0.0,0.0,0.0,0.0,0.0,0.0,0.0055536558832493125
TCGA-26-1442-01A,music,0.9533252589923623,0.015842688778996805,0.0,0.0,0.0,0.004871307350527071,0.0,0.025960744878113895
TCGA-26-5132-01A,music,0.9359321063730265,0.02433261855605207,0.0,0.0,0.0,0.026427556713889074,0.0,0.013307718357032388
TCGA-26-5133-01A,music,0.9806248638131153,0.0,0.0,0.0,0.0,0.0,0.0,0.019375136186884755
TCGA-26-5134-01A,music,0.9514082631481876,0.02787716284913057,0.0,0.0,0.0,0.0,0.007308851279444748,0.0134057227232369
TCGA-26-5135-01A,music,0.9391583635290862,0.014108145317739067,0.0,0.0,0.0,0.036794583202874424,0.0,0.009938907950300377
TCGA-26-5136-01B,music,0.9378512264470821,0.043880567134257815,0.0,0.0,0.0,0.0,0.0,0.0182682064186601
TCGA-26-5139-01A,music,0.9662353343451768,0.014349049654161044,0.0,0.0,0.0,0.0,0.0,0.019415616000662175
TCGA-27-1830-01A,music,0.9627200811047103,0.019468789168026683,0.0,0.0,0.0,0.0,0.0,0.01781112972726299
TCGA-27-1831-01A,music,0.8216803209643481,0.07273116325322715,0.0,0.0,0.013700696466802324,0.07445488447018335,0.0,0.017432934845439185
TCGA-27-1832-01A,music,0.9365912843154818,0.03957020139166857,0.0,0.0,0.0,0.0,0.0,0.023838514292849507
TCGA-27-1834-01A,music,0.9790842826794328,0.00624956576385313,0.0,0.0,0.0,0.0,0.0,0.014666151556713976
TCGA-27-1835-01A,music,0.910951366553824,0.0,0.0,0.0,0.0,0.04890710682743319,0.0,0.0401415266187428
TCGA-27-1837-01A,music,0.9543519991702352,0.026456675585034114,0.0,0.0,0.0,0.0,0.0,0.019191325244730693
TCGA-27-2519-01A,music,0.9277710042371675,0.05054255884597037,0.0,0.0,0.0,0.0,0.0,0.02168643691686203
TCGA-27-2521-01A,music,0.9756162669001148,0.008917436744895696,0.0,0.0,0.0,0.006047598192457266,0.0009858615209779082,0.008432836641554383
TCGA-27-2523-01A,music,0.9477319521767384,0.024253569530600195,0.0,0.0,0.0,0.017155473285269646,0.0,0.01085900500739188
TCGA-27-2524-01A,music,0.7808352795393586,0.0927242423390527,0.0,0.0,0.026743065515400406,0.08901499547251092,0.0,0.010682417133677354
TCGA-27-2526-01A,music,0.9848435453621104,0.0,0.0,0.0,0.0,0.0,0.0,0.015156454637889555
TCGA-27-2528-01A,music,0.9591054084124592,0.0,0.0,0.0,0.0,0.02655726146322013,0.0,0.01433733012432059
TCGA-28-1747-01C,music,0.9657471859450594,0.02070520723031927,0.0,0.0,0.0,0.0,0.0,0.013547606824621321
TCGA-28-1753-01A,music,0.8592241614883482,0.07542191367406029,0.0,0.0,0.0,0.05513598553771404,0.0,0.010217939299877483
TCGA-28-2509-01A,music,0.9100840856476354,0.04637597362126221,0.0,0.0,0.0,0.030871489898291356,0.0,0.01266845083281108
TCGA-28-2510-01A,music,0.7879330054792786,0.022418682322121228,0.0,0.0,0.0,0.024962902659060714,0.11030912433931887,0.054376285200220496
TCGA-28-2513-01A,music,0.8127023447784393,0.13658998697259866,0.0,0.0,0.0,0.03402246613117893,0.0,0.016685202117783005
TCGA-28-2514-01A,music,0.9551217022872667,0.013669487050063099,0.0,0.0,0.0,0.023646081193462856,0.0,0.007562729469207392
TCGA-28-5204-01A,music,0.881767880798405,0.05651522698944845,0.0,0.0,0.0,0.05594104846217524,0.0,0.005775843749971283
TCGA-28-5207-01A,music,0.9423811561048314,0.013665561658856795,0.0,0.0,0.0,0.03340027176972749,0.0,0.010553010466584306
TCGA-28-5208-01A,music,0.902517274121001,0.053702405774596854,0.0,0.0,0.0,0.023209567632630653,0.0,0.020570752471771495
TCGA-28-5209-01A,music,0.9631852081431441,0.012840988354537206,0.0,0.0,0.0,0.010528960055556513,0.0,0.013444843446762196
TCGA-28-5213-01A,music,0.9329674276046764,0.044631455668467414,0.0,0.0,0.0,0.0,0.0,0.02240111672685618
TCGA-28-5215-01A,music,0.9467903324980516,0.03114264712640188,0.0,0.0,0.0,0.0,0.0019389414774369249,0.020128078898109764
TCGA-28-5216-01A,music,0.9648418850288305,0.01728747227510222,0.0,0.0,0.0,0.006725661354490598,0.0013863490857921662,0.009758632255784511
TCGA-28-5218-01A,music,0.6177821909465859,0.15510850907265233,0.0,0.00011899290769615666,0.048735219628312045,0.16742311797804732,0.010831969466706184,0.0
TCGA-28-5220-01A,music,0.9779317713861305,0.0002630524253520309,0.0,0.0,0.0,0.0,0.0,0.021805176188517343
TCGA-32-1970-01A,music,0.9753122913068468,0.0087110971138971,0.0,0.0,0.0,0.0,0.0,0.01597661157925597
TCGA-32-1980-01A,music,0.8501721345921722,0.07255654686634451,0.0,0.0,0.0,0.018928153615705306,0.02607188404864762,0.03227128087713032
TCGA-32-1982-01A,music,0.845414285478914,0.0636060074651418,0.0,0.0,0.0,0.07877112631837999,0.0,0.012208580737564378
TCGA-32-2615-01A,music,0.9779970541464981,0.006946656111871052,0.0,0.0,0.0,0.0,0.0,0.015056289741630903
TCGA-32-2616-01A,music,0.9450429966545106,0.023855124749510688,0.0,0.0,0.0,0.004847639249293009,0.0,0.026254239346685585
TCGA-32-2632-01A,music,0.9069929353419515,0.07344233222061863,0.0,0.0,0.0,0.0,0.0,0.019564732437429885
TCGA-32-2634-01A,music,0.9179772970722561,0.02573995511996626,0.0,0.0,0.0,0.022769955234660307,0.011704589984354542,0.021808202588762867
TCGA-32-2638-01A,music,0.9335439952850471,0.048118595429287495,0.0,0.0,0.0,0.0013026781575438634,0.0,0.01703473112812143
TCGA-32-4213-01A,music,0.9372634959425546,0.040778009831732506,0.0,0.0,0.0,0.0,0.0,0.021958494225712822
TCGA-32-5222-01A,music,0.8690341826506793,0.06158230722363137,0.0,0.0,0.0,0.04377944169362819,0.011431419873691749,0.014172648558369286
TCGA-41-2571-01A,music,0.9361783022676267,0.010974802581530876,0.0,0.0,0.0,0.0014037443818480757,0.049096986896471295,0.0023461638725231484
TCGA-41-2572-01A,music,0.9654496249802269,0.015546409022539372,0.0,0.0,0.0,0.002633824952676684,0.0,0.01637014104455694
TCGA-41-3915-01A,music,0.8986632558588464,0.07116415627382,0.0,0.0,0.0,0.02006791160164216,0.0,0.010104676265691287
TCGA-41-4097-01A,music,0.9527766445401212,0.014963025280155473,0.0,0.0,0.0,0.002314194782783111,0.0,0.029946135396940212
TCGA-41-5651-01A,music,0.970489308013995,0.003937222805045957,0.0,0.0,0.0,0.015847195250426667,0.006491015955744944,0.003235257974787553
TCGA-76-4925-01A,music,0.9397546381385643,0.022107683631742467,0.0,0.0,0.0,0.012934332405722657,0.0,0.025203345823970543
TCGA-76-4926-01B,music,0.9794657993741823,0.0,0.0,0.0,0.0,0.0,0.0,0.020534200625817692
TCGA-76-4928-01B,music,0.8818769529290778,0.049254541907949964,0.0,0.0,0.0,0.05201273555834099,0.0,0.01685576960463148
TCGA-76-4929-01A,music,0.9698666945630493,0.0,0.0,0.0,0.0,0.0,0.0,0.030133305436950683
TCGA-76-4931-01A,music,0.9792965255047114,0.006390648953923959,0.0,0.0,0.0,0.0,0.0,0.014312825541364578
TCGA-02-0047-01A,dwls,0.8215168063573489,0.07267558481140084,0.011192837280107455,0.0,0.0,0.05541762005010833,0.022068558597525482,0.017128592903508957
TCGA-02-0055-01A,dwls,0.6950254521910368,0.13956722211833966,0.055916370124890535,0.0027463367606713565,0.03597271513263121,0.06486279269350291,0.0006651616140428457,0.005243949364884746
TCGA-02-2483-01A,dwls,0.8335111777522228,0.053433354048580635,0.0011705248855478116,0.0,0.03827908096660848,0.07102998348993687,0.0,0.0025758788571033785
TCGA-02-2485-01A,dwls,0.8225922289150924,0.0,0.003562573837274993,0.00016007883472499948,0.09405722310661724,0.06543790424150794,2.0672205086424904e-17,0.014189991064782399
TCGA-02-2486-01A,dwls,0.6857727015045655,0.2165274598428087,0.032923560953025253,0.0,0.0,0.01679903782275833,0.04116109009538824,0.006816149781453993
TCGA-06-0125-01A,dwls,0.9031457233965667,0.026736324754156736,0.004988950507272135,0.0,0.0,0.05807377297262925,0.00038322262446007795,0.006672005744915009
TCGA-06-0125-02A,dwls,0.8555512956146926,0.05151059651941852,0.011669101083965147,0.0,0.0014792529701638613,0.04229351694448937,0.02440735781640248,0.013088879050868016
TCGA-06-0129-01A,dwls,0.8010478214903546,0.06431987070774178,0.0001455776892394617,0.0,0.10598441109971395,0.013697791610338477,0.013475992985861706,0.00132853441675
TCGA-06-0130-01A,dwls,0.5985288074455872,0.18869339511273853,0.04599767084430381,0.00042138082366369883,0.1093595702672048,0.051154652266062396,0.0012654820971329998,0.00457904114330649
TCGA-06-0132-01A,dwls,0.6667663014640351,0.15871673830600316,0.006071006528370806,0.0004660227523611913,0.0,0.039903349137361786,0.11480396065402525,0.013272621157842822
TCGA-06-0141-01A,dwls,0.49995462819479464,0.25586489161618486,0.006995318040380544,0.006336694433139256,0.07845999831160239,0.07323476113220365,0.05197256718809651,0.027181141083598318
TCGA-06-0152-02A,dwls,0.6662487546260167,0.08157243593408461,0.027499324754666467,1.0882440940005205e-05,0.10936517619263728,0.09051342266368985,0.01122587017280936,0.013564133215155596
TCGA-06-0157-01A,dwls,0.7938977927810446,0.05652020183864258,0.006966914751547183,0.0,0.02846562684558123,0.08988632959740399,0.0,0.02426313418578041
TCGA-06-0158-01A,dwls,0.7789110508779921,0.08499844440838579,0.005631948153101924,0.0,0.0,0.06589289040809236,0.044183023337391096,0.020382642815036767
TCGA-06-0168-01A,dwls,0.6839579390033325,0.1276561126775884,0.0006378869259934563,8.355158706396134e-05,0.05728957896186973,0.07576872712926012,0.028214577507639938,0.026391626207251825
TCGA-06-0171-02A,dwls,0.2793918558624792,0.5149193472409618,0.0173859119076366,0.0021685132805704735,9.383788199482501e-05,0.09982674423262648,0.07317140645515853,0.013042383138572191
TCGA-06-0174-01A,dwls,0.9311209537104468,0.021172187217043687,0.0,0.0,0.0,0.04053086378267313,0.005878378227714686,0.0012976170621215922
TCGA-06-0184-01A,dwls,0.5389187886108227,0.24773708169828051,8.795410874697829e-05,0.0,0.0,0.09712340654364282,0.09726441925387991,0.018868349784627113
TCGA-06-0187-01A,dwls,0.8313714862183186,0.08088431254860438,0.006250955535769187,0.0,0.0,0.06983021743728772,0.0,0.011663028260020084
TCGA-06-0190-01A,dwls,0.7428493809844839,0.13969180216314434,0.013363883580582261,0.0002179831921852735,0.0,0.08427067040444042,0.009956724540411714,0.009649555134752111
TCGA-06-0190-02A,dwls,0.611800680624829,0.18122959465703598,0.009690553444302223,0.005312891704309198,0.0,0.18391821934974326,0.0,0.008048060219780398
TCGA-06-0210-02A,dwls,0.6171848891899099,0.20134195770368415,0.01760822534539665,0.0,0.0,0.08172646640709831,0.06746142041063687,0.014677040943274143
TCGA-06-0211-01B,dwls,0.8761893711167726,0.046327010286528525,0.0,0.0,0.0,0.0672991010974866,0.00514000999244534,0.005044507506766944
TCGA-06-0211-02A,dwls,0.7003447949946799,0.1226161220152329,0.016454681308793708,0.0015450936399054322,0.05575754124175644,0.09540806637366654,0.0,0.007873700425964936
TCGA-06-0219-01A,dwls,0.612329878874389,0.09231010888292873,0.0,2.0945745540381076e-06,0.07574116339256608,0.04995832963470241,0.1461998193490797,0.023458605291779854
TCGA-06-0221-02A,dwls,0.9037846565755733,0.008624110221264475,0.0,0.0,1.4779219550363138e-05,0.019425684897174722,0.06218048305883894,0.005970286027598254
TCGA-06-0238-01A,dwls,0.7738304311224414,0.07024637203112037,0.00924708982092959,0.0,0.03525778354446289,0.029103327456678176,0.07696733239242701,0.0053476636319405736
TCGA-06-0644-01A,dwls,0.7092345941197465,0.18323724195752722,0.005350938326838009,0.0,0.00040846544872770896,0.08582126197809532,0.008239648042794975,0.007707850126270002
TCGA-06-0645-01A,dwls,0.5956967496649295,0.23999779541963343,0.02160378338278634,0.0004435637041412848,0.0,0.10886956992627995,0.025720883297396024,0.007667654604833484
TCGA-06-0646-01A,dwls,0.8245102719916703,0.08956050678104163,0.030860655421709713,0.0,0.0,0.044119339745146424,0.005869151089824048,0.0050800749706077925
TCGA-06-0649-01B,dwls,0.5154434083683134,0.0,0.00299649442364771,6.384263122111814e-05,0.45287819424366216,0.022424936023739246,2.7439364295851175e-17,0.006193124309416347
TCGA-06-0686-01A,dwls,0.812486656288854,0.04358678252507115,0.0,5.7558514735129025e-05,0.0,0.0569181691496861,0.08236473189850624,0.004586101623147369
TCGA-06-0743-01A,dwls,0.682500140985893,0.05627409750881822,0.028930994305633926,0.0,0.11938362258227442,0.07490616047337507,0.0015529177348959746,0.03645206640910946
TCGA-06-0744-01A,dwls,0.7147365410968853,0.03559895662806774,0.0,0.0,0.11573532145349874,0.10895277807802255,0.013164440570235619,0.01181196217329001
TCGA-06-0745-01A,dwls,0.7762974712768046,0.06995680700928161,0.004142919751298196,0.0,0.04963428131132771,0.08964175671371157,0.0011286700727115794,0.009198093864864657
TCGA-06-0747-01A,dwls,0.9683745710292873,0.0,0.0,5.109627005855211e-06,0.0002997320723147037,0.025865950902790955,1.3493990576036873e-17,0.005454636368601356
TCGA-06-0749-01A,dwls,0.7552072703025322,0.09342102173838542,0.0030850490504836818,0.00023452830509770647,0.00034096173269662714,0.03270151938052341,0.09449973453957777,0.020509914950703194
TCGA-06-0750-01A,dwls,0.7111414661296909,0.10474804287671931,0.001471944627084862,0.0,0.038479049281176604,0.11850840697352169,0.012413837985300762,0.013237252126505884
TCGA-06-0878-01A,dwls,0.8138216146910368,0.10307228626069777,0.00861529126942996,0.0,0.0,0.06592110147979552,0.0037771901209689702,0.0047925161780711925
TCGA-06-0882-01A,dwls,0.6913606794171034,0.14569664424070422,0.004105777259592708,0.00013151417182520668,0.0,0.05860975883782492,0.070968758866488,0.029126867206461484
TCGA-06-1804-01A,dwls,0.7437776552597964,0.039562856536400744,0.015777361115869446,0.0,0.07911497981999477,0.0632689284867708,0.015134811084714825,0.04336340769645277
TCGA-06-2557-01A,dwls,0.5948195428473395,0.1604853448191588,0.011700821424001796,0.0,0.11027322269750717,0.044355859247454034,0.06520009392671924,0.01316511503781964
TCGA-06-2558-01A,dwls,0.7417703385678455,0.053528377763452664,0.0,0.0,0.03296852404353691,0.11654337064363739,0.04031236362353117,0.014877025357996424
TCGA-06-2559-01A,dwls,0.8993960191838546,0.03698629738879752,0.00039034656108293084,0.0,0.0,0.05188709867751489,0.008893585273027322,0.0024466529157227183
TCGA-06-2561-01A,dwls,0.7436528824998934,0.1097047015040282,0.0038605197466852425,0.0,0.05069559242805978,0.04414457772106189,0.029357807705696844,0.018583918394574576
TCGA-06-2562-01A,dwls,0.7858530026586344,0.09739432892804172,0.0,0.0,0.0,0.10007718516326253,0.007722889712795577,0.008952593537265617
TCGA-06-2563-01A,dwls,0.7993770118923598,0.050545664619431184,0.001667532249394259,0.0,0.00021914693985463108,0.1281643862908634,0.012621215663620334,0.007405042344476474
TCGA-06-2564-01A,dwls,0.7529669329259321,0.09514665881270817,0.00025787200325953384,0.0,0.0,0.09895361138801943,0.04054713069477733,0.01212779417530329
TCGA-06-2565-01A,dwls,0.7151113019244698,0.03848435682179138,0.0055093200704719614,0.0,0.10464257836391963,0.12119987298060292,0.00041577548893930333,0.014636794349805034
TCGA-06-2567-01A,dwls,0.6573077721484862,0.12763099302200273,0.0031050146179989837,7.674458186426965e-05,0.09383263745213619,0.06359965606300666,0.019006148834583174,0.03544103327992191
TCGA-06-2569-01A,dwls,0.7662913054919966,0.0017304604413907912,0.00881819128667401,0.0,0.021408740415241986,0.17257627435111939,0.027487050485689352,0.0016879775278880141
TCGA-06-2570-01A,dwls,0.8497376760184981,0.06871018950919042,0.0,0.0,0.0003425769240008355,0.05376631163766025,0.021570022782702786,0.005873223127947608
TCGA-06-5408-01A,dwls,0.871407279983584,0.041323838076173854,0.0,3.060381989784961e-05,0.03792403395304568,0.04253347198019965,0.0,0.006780772187098886
TCGA-06-5411-01A,dwls,0.7656690846074278,0.04450569406579446,0.00041531434230427224,0.0,0.033721313897025346,0.051184131095038006,0.09221060596736935,0.012293856025040842
TCGA-06-5412-01A,dwls,0.5805043558627851,0.24519329210253438,0.005456678404925823,0.0005385956860191038,0.0,0.15820118805084912,0.0022913657838840654,0.007814524109002345
TCGA-06-5413-01A,dwls,0.7133207177382614,0.09576052979299976,0.021274714021533744,0.0,0.04716720984968712,0.10531363901523408,0.0,0.017163189582283814
TCGA-06-5414-01A,dwls,0.6777251028304905,0.12378094522574588,0.005399072998028172,0.0,0.06899067887619591,0.09815877625427338,0.011502527868515973,0.014442895946750089
TCGA-06-5415-01A,dwls,0.7993074827878068,0.02599492487578408,0.002050330524086945,0.0,0.049697981377046445,0.07647382890769341,0.024348664344474247,0.02212678718310787
TCGA-06-5418-01A,dwls,0.8788579039357121,0.08905305926446414,0.0004193295714984455,0.0,0.0,0.03004662976562742,0.0,0.001623077462697725
TCGA-06-5856-01A,dwls,0.8569370479120463,0.061421574168582675,0.0,0.0019638288486371384,0.0,0.07054914347411453,0.0006810313045654866,0.008447374292053807
TCGA-06-5858-01A,dwls,0.7739034797073178,0.08013086498873537,0.0,0.0,0.0,0.0759903243166942,0.05921791265930571,0.010757418327947032
TCGA-06-5859-01A,dwls,0.6443703014267554,0.0,0.0029201667555628125,0.0,0.32346987660112425,0.016119498480885792,1.233297879547774e-18,0.013120156735671708
TCGA-06-6698-01A,dwls,0.6266339822971084,0.07059497604943875,0.027375960477638416,0.002729370034064763,0.2150148890578397,0.041180869982534445,0.003750421347522085,0.012719530753853353
TCGA-08-0386-01A,dwls,0.801455873135482,0.026869781679324654,0.0,0.0,0.054632490911717985,0.074794540231706,0.012688643294150112,0.02955867074761927
TCGA-12-0616-01A,dwls,0.7277883133996382,4.235514381472808e-21,0.0012514794665199984,0.002536335462301271,0.2482651497657805,0.020022491548356416,0.0,0.00013623035740361665
TCGA-12-0618-01A,dwls,0.9877617770843692,0.0,0.0,0.0,0.0,0.011369716792029999,3.000632874118566e-17,0.0008685061236008013
TCGA-12-0619-01A,dwls,0.7028448838211879,0.16228164344199045,0.005363424390532359,0.0002263120783041157,0.058560493288315675,0.06265580197072394,0.0,0.008067441008945573
TCGA-12-0821-01A,dwls,0.7751630913497835,0.0,0.014735415028009954,0.0,0.11687984251967179,0.08301186419409101,1.355416911021714e-17,0.010209786908443796
TCGA-12-3650-01A,dwls,0.8753991368180002,0.04336438642838516,0.0008821744316836686,0.0,0.0,0.054814134256357644,0.022660199485091403,0.0028799685804817075
TCGA-12-3652-01A,dwls,0.9480762162499381,0.01741271662276676,0.0007399133750350427,0.0,0.0008262588887732512,0.03116210442007835,0.0,0.0017827904434083812
TCGA-12-3653-01A,dwls,0.8822445611407872,0.06188411466549591,0.0010762065267641906,0.0,0.0,0.0507001235738879,0.0,0.0040949940930646925
TCGA-12-5295-01A,dwls,0.7397490478166926,0.1575863936258651,0.004753152200639795,0.0,9.163706545813146e-05,0.08778252863014378,0.0,0.01003724066120061
TCGA-12-5299-01A,dwls,0.8840668329431726,0.0749468791482816,0.0,0.0,0.0,0.0338510552999877,0.004237030139155047,0.0028982024694031404
TCGA-14-0736-02A,dwls,0.5767552822815779,0.08608222375009221,0.10557673938391353,0.0011894582332404595,0.12834310119893305,0.037056800762788306,0.037674289765458904,0.027322104623995754
TCGA-14-0781-01B,dwls,0.6720836856848814,0.11842663055041142,0.007896807469277593,0.0,0.0,0.17656650202910265,0.0006043014257848631,0.02442207284054211
TCGA-14-0787-01A,dwls,0.8825893499057277,0.07588706614637337,0.00024933897685306186,2.098878633901445e-05,0.0,0.03352362017076081,0.003104373370447004,0.004625262643499071
TCGA-14-0789-01A,dwls,0.7683649404387212,0.1593555952539915,0.008417409603193806,0.00039933003317978714,0.0023397308381675505,0.055875984398928276,0.00019573529465913834,0.00505127413915873
TCGA-14-0790-01B,dwls,0.8822941857889214,4.286349907978656e-22,0.005325984605037893,0.0,0.013914349522139947,0.06763197976174527,0.0,0.030833500322155476
TCGA-14-0817-01A,dwls,0.6489509667449589,0.17995664604035347,0.0016271876003332362,0.00044687843561755207,0.03250254015058292,0.09787009828197728,0.029498903968038642,0.009146778778138086
TCGA-14-0871-01A,dwls,0.7354463252173804,0.008269623195396886,0.019254650057116077,0.0,0.005419270926325392,0.2113148553282388,0.01720587352848057,0.0030894017470619968
TCGA-14-1034-01A,dwls,0.7640789923951052,0.12756848786942868,0.004008836209124201,0.0,2.1583467608991465e-05,0.07876179995637833,0.0,0.02556030010235455
TCGA-14-1034-02B,dwls,0.9757753844149929,0.011718969604916916,0.0,0.0,0.0,0.008348987198018283,0.0016569760708365544,0.002499682711235329
TCGA-14-1823-01A,dwls,0.808923935625425,0.13796967859562737,0.007635208928274344,0.0006675113146299542,0.0,0.037568974072891004,0.0,0.007234691463152319
TCGA-14-1825-01A,dwls,0.8980598543644682,0.025832173747936796,7.804181992213361e-05,0.0,0.0,0.044457075770917356,0.024710275424843362,0.006862578871912116
TCGA-14-1829-01A,dwls,0.6508016155829167,0.11873466755916959,0.0135015287228689,0.0,0.07209634923490264,0.08103240859627926,0.038716883670774596,0.02511654663308832
TCGA-14-2554-01A,dwls,0.7754077732166361,0.08958967573960354,0.0033455851056912694,0.00248504823560168,0.047024573098117035,0.05681283581733126,0.00421497371618459,0.021119535070834538
TCGA-15-0742-01A,dwls,0.9314081093181195,0.02044312557766989,0.0,0.0,0.0,0.0462474187550063,0.00011370119515490198,0.0017876451540494234
TCGA-15-1444-01A,dwls,0.6707990830158563,0.09365716845615038,0.006299469797657912,0.0,0.0,0.06573294202299496,0.1435881691954563,0.019923167511884055
TCGA-16-0846-01A,dwls,0.7215850211944036,0.06146410316576426,0.05130292569790557,0.0,0.03737109650742451,0.040020530531076355,0.06597611416484626,0.022280208738579485
TCGA-16-1045-01B,dwls,0.583369271430499,0.2143245220780591,0.009320532663024737,0.00015187866154022566,0.029167121488326314,0.1089772296366419,0.034173591265153444,0.020515852776755248
TCGA-19-1390-01A,dwls,0.8837930297898539,0.017618444858473272,0.0,0.0,0.0,0.014846391745347434,0.08367255363015218,6.957997617317683e-05
TCGA-19-1787-01B,dwls,0.7993152015121424,0.0841022990898503,0.009398885376620451,0.0,0.0,0.05483894731071141,0.043120711319664454,0.009223955391010957
TCGA-19-2619-01A,dwls,0.8350064843130443,1.9537060132860546e-22,0.0,0.0,0.019540958095888582,0.13092469591191996,0.0,0.01452786167914725
TCGA-19-2620-01A,dwls,0.6876609713974354,0.04682403354505388,0.005233539071561405,0.0,0.0,0.06520170779314573,0.1653955833185735,0.029684164874230128
TCGA-19-2624-01A,dwls,0.9568793495362761,0.005845701327423963,0.0,0.0,0.0,0.034373233516989475,0.0010351068238393288,0.0018666087954710693
TCGA-19-2625-01A,dwls,0.9818821036304753,3.6329574420620207e-22,0.0,1.2742958109063115e-05,0.00035667967295347267,0.015527096380951053,0.0,0.002221377357511155
TCGA-19-2629-01A,dwls,0.8166358997504769,0.08428613574953303,0.0024178639110262576,2.4978913817592103e-05,0.00034704700581598833,0.03366645952911952,0.05815163592533453,0.004469979214876209
TCGA-19-4065-01A,dwls,0.6870130132236478,0.1861769482793218,0.006126529847595723,0.0,0.0577374358505528,0.04831355552374199,0.008547183179619125,0.00608533409552079
TCGA-19-4065-02A,dwls,0.7867235188364836,0.08442342329555323,0.016787238105664883,0.0,0.0,0.06418185328871072,0.037056321584435885,0.010827644889151588
TCGA-19-5960-01A,dwls,0.9176970562587519,0.008441242872542387,0.00022567006581931744,0.0,0.0294783035859879,0.014727977464343301,0.01832811170326914,0.011101638049285972
TCGA-26-1442-01A,dwls,0.7173584789957574,0.0366698032685272,0.04675010164336872,0.0,0.056852082777274014,0.06941146488653578,0.04071959346836859,0.032238474960168184
TCGA-26-5132-01A,dwls,0.7002161224092492,0.05649895387170274,0.0018227101834029558,6.425389673844378e-06,0.1020421050991878,0.10397084772704557,0.011286005524954366,0.02415682979478342
TCGA-26-5133-01A,dwls,0.9223426204275932,0.023866631509832967,0.0,0.0,0.00017047886728485816,0.052197209707662055,0.0009583651920635551,0.00046469429556335334
TCGA-26-5134-01A,dwls,0.9128668753525571,0.027691212586235102,0.001022005571850593,0.0,0.0,0.018595272961041527,0.036359460745123584,0.0034651727831920376
TCGA-26-5135-01A,dwls,0.7755938059641966,0.04866873620709543,0.005350035535503369,0.0,0.0,0.13262364352296155,0.02795385389274237,0.009809924877500615
TCGA-26-5136-01B,dwls,0.6754885408500901,0.09854519317386747,0.0028335825810827074,0.0014058340213337303,0.10682725297556403,0.07242327657305717,0.023946264300584028,0.01853005552442072
TCGA-26-5139-01A,dwls,0.8765313275931562,0.05917602453488537,0.0012867147582113945,0.0,0.0,0.044354363454824075,0.0094178213225145,0.009233748336408415
TCGA-27-1830-01A,dwls,0.7691429282381814,0.0771425829918297,0.024379707385360126,0.0,0.028197570578361714,0.07413998573492402,0.01602133359831478,0.010975891473028269
TCGA-27-1831-01A,dwls,0.6448592653516478,0.15366601895607998,0.010220826517191708,0.0,0.06078918308426804,0.10388279147744767,0.006354224456277192,0.020227690157087686
TCGA-27-1832-01A,dwls,0.6884374350794421,0.11077127527270321,0.042215549265122956,0.002272439568815432,0.08525080284088384,0.05332169965332081,0.0,0.01773079831971159
TCGA-27-1834-01A,dwls,0.7587709478564764,0.08059975852009418,0.019728157161474736,0.00021842520775349137,0.06676924665423348,0.044736848241774596,0.0030424753446541258,0.026134141013539003
TCGA-27-1835-01A,dwls,0.8200083059303711,2.1279848123410675e-23,0.0007064878016667573,0.0,0.0259099727856695,0.12240310479160355,0.0,0.030972128690689018
TCGA-27-1837-01A,dwls,0.8770070234894412,0.0562220171653026,0.00010181682338661357,0.0,0.0,0.053764972433392885,0.00751304074801521,0.005391129340461624
TCGA-27-2519-01A,dwls,0.7740497041012688,0.11631831875399909,0.014717560514497333,3.1353232940282876e-05,0.0368461711981069,0.0454834124988532,0.000542072581920732,0.012011407118413604
TCGA-27-2521-01A,dwls,0.9154948695758071,0.015631974157292686,0.0,0.0,0.0004329569442111277,0.036173071838579256,0.026176064146601778,0.006091063337508106
TCGA-27-2523-01A,dwls,0.9293546492152456,0.027700762578794398,0.0,0.0,1.324155966054548e-05,0.04088073664020609,0.0020506100060933073,0.0
TCGA-27-2524-01A,dwls,0.7555393005965427,0.09625877198926845,0.0028167548335641507,0.00028446818442826353,0.0517115377756241,0.07861728205662404,0.009324591523308208,0.005447293040640242
TCGA-27-2526-01A,dwls,0.7719879577164092,0.05860340007179927,0.011403303605962737,0.0026364420084612687,0.06163471121103341,0.06425031062667506,0.0011760739828963142,0.028307800776762777
TCGA-27-2528-01A,dwls,0.7925410415848901,0.0,0.0,0.0,0.00027429679332637545,0.20053119471711184,3.657906024592414e-18,0.006653466904671684
TCGA-28-1747-01C,dwls,0.7916590634770369,0.11097578702896926,0.005981876617705934,0.0,0.0,0.032685948268402466,0.041304236593764164,0.017393088014121316
TCGA-28-1753-01A,dwls,0.6899890590857988,0.12073139604284146,0.006179638620587365,0.007718454393099446,0.024006839459536397,0.12492901200253134,0.014221998323685144,0.012223602071920203
TCGA-28-2509-01A,dwls,0.8892372958271607,0.08268605967880571,0.0,0.00021009293666916657,0.0,0.021734527233161938,0.0,0.006132024324202429
TCGA-28-2510-01A,dwls,0.7737175905907809,0.02320448286068354,0.0067096475883506165,0.0,0.0,0.04307415216241022,0.1403718668583507,0.012922259939424103
TCGA-28-2513-01A,dwls,0.608630872566641,0.1984204101261789,0.03489876561709288,0.0017741530600652714,0.03296448312144972,0.1123163313061112,8.504496475438748e-06,0.010986479705985704
TCGA-28-2514-01A,dwls,0.8677821193143699,0.021086618666520167,0.0,0.0,0.014778480251916562,0.06582975273700874,0.022033999071676885,0.008489029958507812
TCGA-28-5204-01A,dwls,0.7878453432409362,0.051944833275441776,0.0009764950726229191,4.3547419103082e-05,0.06677117604271558,0.08408905327641361,0.0,0.008329551672766862
TCGA-28-5207-01A,dwls,0.7728751004468735,0.0374007077446786,0.0014433066076200124,0.0,0.018753064650813965,0.13876843619114243,0.011235112018342236,0.019524272340529423
TCGA-28-5208-01A,dwls,0.7392751993263916,0.08929109873073583,0.00015249993763266265,2.9835768152963243e-05,0.06367046165460932,0.09668184949533615,0.00172304535288984,0.009176009734251664
TCGA-28-5209-01A,dwls,0.8933053379849594,0.02637155913668147,0.0,0.0,0.0,0.07503146762403963,0.00018792223133917718,0.005103713022980284
TCGA-28-5213-01A,dwls,0.5568428677147477,0.23963271095675118,0.035895409003084584,0.0028687370078791428,0.06631829776989322,0.07185042488817645,0.006200320396033455,0.020391232263434242
TCGA-28-5215-01A,dwls,0.82100016281455,0.07024083630382934,0.012041794589007677,0.0,0.0,0.04774031349573374,0.040809862999636244,0.008167029797242958
TCGA-28-5216-01A,dwls,0.8840068696944099,0.04561574289166266,0.006088162271396427,0.0,0.0,0.043728617561732595,0.013797947681491613,0.0067626598993067505
TCGA-28-5218-01A,dwls,0.6133392725458129,0.11281845479906304,0.019559882303333012,0.00015677669321499974,0.013999648813720698,0.2317408458213409,0.0,0.00838511902351449
TCGA-28-5220-01A,dwls,0.8897122194098346,0.04147076818220458,0.0012072787920156627,0.0,0.02404217423481774,0.015445383882554014,0.006399115295770388,0.02172306020280313
TCGA-32-1970-01A,dwls,0.8122017730989097,0.029981534784357666,0.001290653260927978,5.444864269148757e-05,0.06908410516749432,0.058966639799566935,0.008024020655558663,0.020396824590493304
TCGA-32-1980-01A,dwls,0.7352015750791798,0.08826352858394632,0.004660954229623653,0.0,0.0,0.057587175956713005,0.10151474317125238,0.0127720229792848
TCGA-32-1982-01A,dwls,0.564335820158719,0.10472384683266893,0.00889086501885729,0.0,0.07861711406015533,0.20818712152512972,0.017045340344968758,0.01819989205950101
TCGA-32-2615-01A,dwls,0.7035065035864795,0.09641958480589874,0.0024817616596846293,4.423882090751717e-05,0.08470165960916211,0.05318122044933304,0.03000206456511107,0.029662966503423344
TCGA-32-2616-01A,dwls,0.7491884654560942,0.06774433789652129,0.0006944156352364062,1.8338559623084469e-06,0.08508191929652698,0.05155662406819278,0.022580658034882715,0.023151745756583287
TCGA-32-2632-01A,dwls,0.7324020902292495,0.10213249131932291,0.020206523768635652,9.699861861257465e-05,0.061362680167305075,0.06625648178580303,0.00019188175909010897,0.01735085235198105
TCGA-32-2634-01A,dwls,0.8628956225398181,0.021949125836019483,0.00729648262454987,0.0,0.0,0.04959651703275679,0.04818752036975674,0.010074731597099177
TCGA-32-2638-01A,dwls,0.7400187646152584,0.11481704051907539,0.0103742398684784,0.0,0.0,0.12168620848675743,0.0020913007395870283,0.011012445770843399
TCGA-32-4213-01A,dwls,0.7284286460999474,0.1221691714124257,0.022870791584847797,0.0,0.01173940565223906,0.10476841422705933,0.0,0.010023571023480676
TCGA-32-5222-01A,dwls,0.7205051485521611,0.11230240118022626,0.0009786829681647092,5.9431026358565796e-05,0.0443987858390443,0.07803507879061022,0.03238746066755506,0.011333010975879786
TCGA-41-2571-01A,dwls,0.8431648549988233,0.023090056629010064,0.0,0.0,0.0,0.013949876595575946,0.11825566755956612,0.0015395442170245814
TCGA-41-2572-01A,dwls,0.8012169299220238,0.05939343806646759,0.0010077066785135027,0.0,0.0005145124214858874,0.1161948437976128,0.00723877615944879,0.014433792954447796
TCGA-41-3915-01A,dwls,0.7274700580225755,0.11355119623193524,0.04782247695419158,0.0,0.0,0.07201616975879559,0.029088320910846094,0.010051778121656125
TCGA-41-4097-01A,dwls,0.7112671023256752,0.09202689052795796,0.009767386818793139,0.0,0.04847501143158582,0.07798858128374991,0.03042506122896792,0.030049966383270076
TCGA-41-5651-01A,dwls,0.9222011986828739,0.0074319197015932145,0.0,0.0,0.002422781908260118,0.03570361877341724,0.028496763161612978,0.0037437177722425777
TCGA-76-4925-01A,dwls,0.8424642775291673,0.02362622347554793,0.0,0.0,0.0639937365726489,0.053723176336680466,0.00458263258902437,0.01160995349693109
TCGA-76-4926-01B,dwls,0.8040243155900014,0.03587998686469804,0.0024511845386765005,0.0,0.047167447384725676,0.03379922025092533,0.03400642287770035,0.04267142249327272
TCGA-76-4928-01B,dwls,0.8283973981345226,0.08739520433945122,0.003492893605334328,0.0,0.0,0.0669479383229402,0.01005789355215129,0.0037086720456002025
TCGA-76-4929-01A,dwls,0.9852266906269882,0.0,0.0,2.790490068718052e-05,0.0,0.012256989709643626,2.2761050319473627e-19,0.0024884147626809466
TCGA-76-4931-01A,dwls,0.936159413735482,0.02352038927066651,0.0,0.0,0.0,0.030909256420151788,0.0034362535760061076,0.005974686997693641
TCGA-02-0047-01A,bisque,0.7756707901872191,0.01906625127927137,0.0,0.0,0.0,0.038076669782230614,0.1234823710188978,0.043703917732381116
TCGA-02-0055-01A,bisque,0.0,0.20884112125595827,0.08325853399593013,0.13222225562972792,0.21586922567064915,0.3540201137882202,0.0057887496595145655,0.0
TCGA-02-2483-01A,bisque,0.004407881518649573,0.05696566829074475,0.15714608609520153,0.13879502380123646,0.4290107428028108,0.21367459749135675,0.0,0.0
TCGA-02-2485-01A,bisque,0.19935671035868202,0.0,0.28875733133107384,0.09974425189045551,0.1093044725172178,0.28494891321419413,0.0,0.017888320688376657
TCGA-02-2486-01A,bisque,0.0,0.26821970942517637,0.2848389159233719,0.17203790257974336,0.07616722724541584,0.11130278655434356,0.08609711954434998,0.0013363387275989406
TCGA-06-0125-01A,bisque,0.3910344134337147,0.004750086910335252,0.15587372883002096,0.15070182910470906,0.05632748266613182,0.22368818867442908,0.00782197758719907,0.009802292793460034
TCGA-06-0125-02A,bisque,0.8826940827184578,0.022786607775193476,0.0,0.0,0.0,0.051708246852060206,0.0,0.04281106265428855
TCGA-06-0129-01A,bisque,0.0,0.3338457237513505,0.03661083395657157,0.21118173041083854,0.1116580466274149,0.03939938280187118,0.26730428245195326,0.0
TCGA-06-0130-01A,bisque,0.0,0.3438286304528044,0.0847347726298321,0.4696953975391511,0.0,0.10068665032629108,0.0010545490519212938,0.0
TCGA-06-0132-01A,bisque,0.0,0.2900663470237421,0.0,0.053686677445620536,0.0,0.0,0.6289344816165024,0.02731249391413493
TCGA-06-0141-01A,bisque,0.0,0.2755607997940012,0.2924469556009054,0.14995131346414922,0.005702838997253733,0.09996869101206278,0.12957374886876386,0.0467956522628639
TCGA-06-0152-02A,bisque,0.0,0.08632551392049746,0.17295445726942396,0.4565760770437345,0.0,0.26524151702539983,0.007960425939530847,0.010942008801413385
TCGA-06-0157-01A,bisque,0.8233627820832616,0.0,0.0,0.0,0.0,0.13202897409597186,0.0,0.04460824382076653
TCGA-06-0158-01A,bisque,0.04199095986681513,0.09871540024230802,0.0,0.05947416499059259,0.0,0.15099745054160446,0.5716540400293865,0.07716798432929334
TCGA-06-0168-01A,bisque,0.0,0.34613598821724806,0.016283094408533864,0.15572946212221728,0.09702129770129077,0.2941867465195514,0.01494731534032834,0.07569609569083029
TCGA-06-0171-02A,bisque,0.0,0.7245902551746872,0.0,0.0432797817183789,0.0,0.06206151005150279,0.16538060211181746,0.004687850943613585
TCGA-06-0174-01A,bisque,0.2152261352262555,0.0,0.0,0.02582623231641518,0.2190109498521385,0.3349934045054631,0.20494327809972765,0.0
TCGA-06-0184-01A,bisque,0.0,0.22878354676788193,0.0,0.046631428777018966,0.06638439657676513,0.33659880850739626,0.2828327958309558,0.03876902353998202
TCGA-06-0187-01A,bisque,0.0,0.1824277832289279,0.0,0.03804487324820509,0.0,0.6257817672548687,0.0,0.15374557626799842
TCGA-06-0190-01A,bisque,0.002018810799363062,0.21188834699434883,0.21300767027799863,0.19616346082310837,0.04575821104555402,0.32180055337509295,0.0031513590841077675,0.006211587600426496
TCGA-06-0190-02A,bisque,0.0,0.18581200668474046,0.33847655023824574,0.19577809526209144,0.04608298451336514,0.21396862172536366,0.01180807702610495,0.008073664550088677
TCGA-06-0210-02A,bisque,0.0,0.3393783865437151,0.0,0.10651575858834951,0.0,0.0036615822719410613,0.5175188260467609,0.032925446549233316
TCGA-06-0211-01B,bisque,0.0,0.03998251942313263,0.1052438073055107,0.1410680037031846,0.13227611910819845,0.5446262696930918,0.004519961594161745,0.0322833191727201
TCGA-06-0211-02A,bisque,0.0978229451538063,0.22934207818779836,0.2016007536977212,0.14927241097877403,0.1143778733016065,0.20387053982139253,0.0,0.003713398858901061
TCGA-06-0219-01A,bisque,0.0,0.03987468390640025,0.0,0.022625463891671027,0.19574695952281104,0.06697978935498679,0.655708483089283,0.019064620234848027
TCGA-06-0221-02A,bisque,0.0,0.0,0.0,0.1550079707300406,0.003707815904350693,0.005905665774720049,0.7948978032539039,0.040480744336984585
TCGA-06-0238-01A,bisque,0.0,0.153729366154968,0.0,0.06589158660760311,0.23829416692951882,0.04052761811558797,0.5015572621923221,0.0
TCGA-06-0644-01A,bisque,0.2219165367170033,0.15174234929956426,0.23229538478401046,0.10052794642183588,0.030145153281231556,0.25125477690913184,0.0049690003040075426,0.007148852283215148
TCGA-06-0645-01A,bisque,0.0,0.5099902734261034,0.13476452514639642,0.11110838079368088,0.0,0.18215602693688468,0.05485118043506546,0.007129613261869074
TCGA-06-0646-01A,bisque,0.5717742302837958,0.29820220582698526,0.0,0.0,0.0,0.09367792811011214,0.004286095990357454,0.032059539788749356
TCGA-06-0649-01B,bisque,0.9626397644300808,0.0,0.0,0.0,0.0,0.0,0.0,0.03736023556991908
TCGA-06-0686-01A,bisque,0.0,0.03249913971339676,0.0,0.04499797273556019,0.12672120463924036,0.25614007793299287,0.5372050513686238,0.0024365536101861344
TCGA-06-0743-01A,bisque,0.40053808313391437,0.009611835270409722,0.10784413470466825,0.17795305347823293,0.0,0.26066407948708886,0.0,0.043388813925685936
TCGA-06-0744-01A,bisque,0.018782274432277674,0.0,0.1040353766556893,0.09756225180472873,0.34834934713050086,0.4090918431124796,0.022012676990293214,0.0001662298740306819
TCGA-06-0745-01A,bisque,0.31481171416276116,0.10053961265616784,0.0,0.08930942136081071,0.15363570250796332,0.3305344352172169,0.005069670225569733,0.006099443869510277
TCGA-06-0747-01A,bisque,0.9006167253191799,0.0,0.0,0.0,0.0,0.07043545858801484,0.0,0.028947816092805227
TCGA-06-0749-01A,bisque,0.47960090697098456,0.10606472166041087,0.0,0.0,0.0,0.0697005730351595,0.2984242085913442,0.04620958974210088
TCGA-06-0750-01A,bisque,0.7142554314869743,0.06413115295399706,0.0,0.05702478345325452,0.0,0.11647702162358513,0.019752543804255236,0.028359066677933604
TCGA-06-0878-01A,bisque,0.7505484625898361,0.11839470509762809,0.0,0.0,0.0,0.09015437231998169,0.0,0.040902459992554104
TCGA-06-0882-01A,bisque,0.0,0.1986410398726071,0.0,0.0838276456230647,0.0,0.16595950821900274,0.44224407488636747,0.10932773139895804
TCGA-06-1804-01A,bisque,0.0,0.0733126688553039,0.0,0.2652880200673633,0.0,0.18324913077350868,0.34856671082798324,0.12958346947584085
TCGA-06-2557-01A,bisque,0.0,0.2288567163732725,0.11104578834183074,0.2601415912999459,0.0,0.004827481964669407,0.38080848233068454,0.014319939689596826
TCGA-06-2558-01A,bisque,0.0,0.0,0.0,0.0851798735586788,0.13389221492407838,0.30771654403988347,0.4611405488602123,0.012070818617146933
TCGA-06-2559-01A,bisque,0.2707549460401104,0.012216594064938373,0.2793215125240243,0.07681048058547252,0.04297790088968888,0.2507776154649743,0.05173470856458954,0.015406241866201624
TCGA-06-2561-01A,bisque,0.0,0.19206153685252042,0.0,0.25199958894036917,0.0,0.01244302297213669,0.19901650552579125,0.34447934570918237
TCGA-06-2562-01A,bisque,0.0,0.13408138792036703,0.2967277349957579,0.14971713871418565,0.002588867059498273,0.3754015880854165,0.009422591039459803,0.03206069218531476
TCGA-06-2563-01A,bisque,0.0,0.008720787991593404,0.04910895156136377,0.21936763540902596,0.25198599752529804,0.4417611146812957,0.005976522195166493,0.023078990636256642
TCGA-06-2564-01A,bisque,0.0,0.08665347756312622,0.0,0.13894844863402556,0.0,0.3503659641245594,0.3316710036395532,0.09236110603873562
TCGA-06-2565-01A,bisque,0.0168868260964787,0.028681677477193933,0.2357828177450103,0.1921509428877959,0.11228972122632407,0.38591321603736345,0.015660694296743407,0.012634104233090348
TCGA-06-2567-01A,bisque,0.0,0.18287164832611572,0.0,0.39261213983698073,0.0,0.024190184200623844,0.3735378677692033,0.02678815986707644
TCGA-06-2569-01A,bisque,0.0,0.0,0.36265281877443145,0.10272832603517568,0.4981379166160205,0.03143404251068598,0.005046896063686376,0.0
TCGA-06-2570-01A,bisque,0.0,0.10795605802204365,0.0,0.09393590807585125,0.2504604458196711,0.13508471335039401,0.41256287473204,0.0
TCGA-06-5408-01A,bisque,0.0,0.05703724916421818,0.0,0.2948104934681879,0.3504260507794198,0.26727012117753385,0.0,0.03045608541064029
TCGA-06-5411-01A,bisque,0.0,0.0035401465338351775,0.0,0.07952486910394753,0.05491069604830288,0.03384659216139776,0.8078277843752606,0.02034991177725621
TCGA-06-5412-01A,bisque,0.0,0.22998123420786715,0.11186225185925963,0.13614375092910325,0.028643121938953523,0.456610562786735,0.0,0.03675907827808138
TCGA-06-5413-01A,bisque,0.0,0.1970567584785916,0.28429309832494004,0.1955235051701168,0.141471799839873,0.1665194043582636,0.008964759648150179,0.006170674180064652
TCGA-06-5414-01A,bisque,0.0,0.2015997498036716,0.22534474243251632,0.12545752893141984,0.052063931694557884,0.31723975664759757,0.0,0.07829429049023673
TCGA-06-5415-01A,bisque,0.0,0.0,0.1968752556109922,0.2023245903979398,0.0998982801309619,0.2971653096823625,0.13453230836705563,0.06920425581068793
TCGA-06-5418-01A,bisque,0.18973752981163408,0.0755869789023324,0.3191139548756354,0.09971287281830207,0.146493819607236,0.13337191966311887,0.0,0.035982924321741244
TCGA-06-5856-01A,bisque,0.5126179591214682,0.025592797592012977,0.15491750256602063,0.07812052107604169,0.02804538772194072,0.16969453908072984,0.0,0.03101129284178589
TCGA-06-5858-01A,bisque,0.0,0.059587360417881464,0.0,0.08772987815289433,0.0,0.14449619810654832,0.7060424845891884,0.0021440787334874017
TCGA-06-5859-01A,bisque,0.9524640228256375,0.0,0.0,0.0,0.0,0.0,0.0,0.04753597717436248
TCGA-06-6698-01A,bisque,0.0,0.22138215444988243,0.0,0.6042663090810133,0.0,0.08330107490422008,0.07397320170260863,0.01707725986227563
TCGA-08-0386-01A,bisque,0.0,0.0,0.0,0.1187672380191981,0.0,0.8348113652719846,0.0008690494716433338,0.04555234723717408
TCGA-12-0616-01A,bisque,0.46052657603155844,0.031016355652618798,0.04498809031622865,0.08220479089406856,0.17911375974055677,0.20215042736496885,0.0,0.0
TCGA-12-0618-01A,bisque,0.19332047778887715,0.0,0.04018556498181162,0.14548565924183401,0.09174322427352401,0.36254475102485995,0.1551947771198998,0.011525545569193524
TCGA-12-0619-01A,bisque,0.6762750601998304,0.2449028811339199,0.0,0.016416110832968844,0.0,0.040003264864380134,0.0,0.022402682968900658
TCGA-12-0821-01A,bisque,0.8150888856228589,0.0,0.0,0.014889098214570991,0.0,0.07269908863758962,0.05088559911800362,0.04643732840697686
TCGA-12-3650-01A,bisque,0.0,0.08775418269827337,0.0,0.038272686040234205,0.23099857104393637,0.4866487128377584,0.15021095881417224,0.00611488856562551
TCGA-12-3652-01A,bisque,0.4111964853660689,0.0,0.0,0.007834768521439986,0.32433228702206207,0.22812132254105302,0.0,0.028515136549375982
TCGA-12-3653-01A,bisque,0.2518471359327057,0.0712960482547121,0.014336374084800818,0.08951181807436721,0.040805236055367476,0.508702681968065,0.008009330858723466,0.015491374771258157
TCGA-12-5295-01A,bisque,0.0,0.17235063137368375,0.11079634428338048,0.14087767700779807,0.20125466151308247,0.35322971103391665,0.0065321800271651315,0.014958794760973546
TCGA-12-5299-01A,bisque,0.17838368370466592,0.1181125049957727,0.0,0.09459222333607144,0.48090159812303956,0.12381007469024176,0.003615447684633679,0.0005844674655749528
TCGA-14-0736-02A,bisque,0.6371625328387769,0.10048343969730272,0.0406836394189216,0.07380613065865235,0.025806182425565448,0.0,0.08921876069343714,0.03283931426734381
TCGA-14-0781-01B,bisque,0.5878441946170204,0.02026681805139289,0.0,0.0,0.0,0.3643865966970324,0.0,0.02750239063455423
TCGA-14-0787-01A,bisque,0.0,0.06349575733334274,0.2509521637583038,0.27611664106129546,0.2955697390541794,0.05004079180304825,0.0016774980371615047,0.06214740895266879
TCGA-14-0789-01A,bisque,0.0,0.3573994126048899,0.21533781205526853,0.15562649829004116,0.022001566616211738,0.22992786571369767,0.0,0.019706844719891033
TCGA-14-0790-01B,bisque,0.0,0.0,0.0,0.28091861802537205,0.10149738867553319,0.43523674859664324,0.0,0.18234724470245145
TCGA-14-0817-01A,bisque,0.0026828966314261233,0.13842715813240208,0.21713462671809433,0.10188273059830188,0.27191394886442083,0.16237092701793848,0.10404443474715055,0.00154327729026586
TCGA-14-0871-01A,bisque,0.023682960917708034,0.0,0.26951295250756147,0.08797599925289541,0.5920927472683686,0.0267353400534665,0.0,0.0
TCGA-14-1034-01A,bisque,0.0,0.19561077878390748,0.0,0.22585491196569363,0.013531283900644828,0.40756516000408693,0.0,0.15743786534566725
TCGA-14-1034-02B,bisque,0.0,0.0,0.253568569408219,0.23313249276319273,0.3634615640097874,0.12628540641258085,0.0,0.02355196740622009
TCGA-14-1823-01A,bisque,0.43853882928007754,0.10704952453762488,0.14524024598191493,0.06996475333108525,0.22573835710417048,0.000985761244802413,0.0,0.012482528520324599
TCGA-14-1825-01A,bisque,0.013312478455554904,0.0,0.0,0.05166693162824867,0.1911393861405918,0.09422974022178517,0.6496514635538193,0.0
TCGA-14-1829-01A,bisque,0.03450875447313821,0.09395137983265331,0.22900719621024868,0.0457198142675171,0.19825381037231948,0.17323112173999608,0.2253279231041272,0.0
TCGA-14-2554-01A,bisque,0.3232650484325615,0.07547188608277075,0.22000380107763923,0.09322119576699575,0.21369388218303834,0.06470579464869737,0.0,0.009638391808297068
TCGA-15-0742-01A,bisque,0.37774650558410006,0.0,0.0,0.19009593260362,0.186494979277624,0.23642648827379487,0.005016393866373877,0.004219700394487103
TCGA-15-1444-01A,bisque,0.0,0.0,0.0,0.0,0.0,0.06472680975063307,0.9270774279197185,0.008195762329648412
TCGA-16-0846-01A,bisque,0.3874668289929407,0.059183192683066745,0.0,0.025756857909531614,0.0,0.09521363853581093,0.38195764416373656,0.050421837714913494
TCGA-16-1045-01B,bisque,0.0,0.5446673565433475,0.0,0.08709707512632754,0.0,0.17485199111585875,0.15533641791774824,0.03804715929671788
TCGA-19-1390-01A,bisque,0.0,0.0,0.0,0.1353428372065668,0.011937259173470034,0.036119201923511174,0.8096667292896943,0.00693397240675761
TCGA-19-1787-01B,bisque,0.0,0.13046786259685952,0.25044678489049427,0.10098874728878962,0.01074781599839951,0.30048236734652406,0.19762126362137455,0.00924515825755867
TCGA-19-2619-01A,bisque,0.0,0.0,0.0,0.11299582082162872,0.0,0.7546031758365657,0.0,0.13240100334180568
TCGA-19-2620-01A,bisque,0.07762929118858868,0.0,0.0,0.0,0.006472417113062454,0.08225776721391209,0.7750327625731748,0.05860776191126197
TCGA-19-2624-01A,bisque,0.16495891655108547,0.0,0.0,0.3112690116229306,0.0,0.49290395928487163,0.017072674365052658,0.013795438176059554
TCGA-19-2625-01A,bisque,0.967751476780061,0.0,0.0,0.0,0.0,0.0,0.0,0.03224852321993892
TCGA-19-2629-01A,bisque,0.40410233122544753,0.10677296413881979,0.0,0.05144429207611594,0.024107989577985156,0.13666329881975803,0.2517369832947749,0.025172140867098687
TCGA-19-4065-01A,bisque,0.0,0.17994109323766533,0.2836496818304385,0.17531259798842194,0.2797832656628551,0.055026074662423555,0.012441364459828057,0.01384592215836747
TCGA-19-4065-02A,bisque,0.29843042391919883,0.08849565848316594,0.0029862476443250833,0.18483023668977464,0.0,0.27111771503908905,0.1206516439525314,0.033488074271915115
TCGA-19-5960-01A,bisque,0.07147339658594361,0.0,0.04773903353653253,0.189260760303059,0.34729825982385154,0.025816331031668537,0.2992028599137867,0.019209358805158127
TCGA-26-1442-01A,bisque,0.0,0.0,0.040463818890382405,0.21193921284365488,0.27139336170762257,0.15501931616953957,0.2666736214358314,0.05451066895296924
TCGA-26-5132-01A,bisque,0.0,0.033507385888739624,0.16024067283220225,0.17079906862104735,0.06754687622894213,0.5318298738401274,0.018787161350597065,0.017288961238344128
TCGA-26-5133-01A,bisque,0.6965667360902613,0.0,0.0,0.04578478068644608,0.20898244636540894,0.02655814176210521,0.0,0.02210789509577849
TCGA-26-5134-01A,bisque,0.0,0.014878072945581407,0.0,0.19989783850510282,0.13431322109748015,0.07876579998886978,0.562656491135577,0.009488576327388802
TCGA-26-5135-01A,bisque,0.0,0.025650375569289136,0.0,0.09184701619466192,0.040603600942992535,0.6545161525489516,0.17293090932227875,0.01445194542182629
TCGA-26-5136-01B,bisque,0.0,0.22068452691896973,0.030684053407536663,0.33379143404682116,0.0,0.2053498180220501,0.16917507971594964,0.04031508788867274
TCGA-26-5139-01A,bisque,0.7673522573166716,0.05605026294010742,0.0,0.0,0.0,0.08524801382855532,0.0,0.09134946591466574
TCGA-27-1830-01A,bisque,0.6764558585169408,0.054080092994802285,0.0,0.07687459214391927,0.0,0.08502828018165141,0.08395853952949328,0.02360263663319292
TCGA-27-1831-01A,bisque,0.0,0.08020778940140176,0.09674682774546058,0.07677085603221,0.4228409211992779,0.2892624480715644,0.013465061123019003,0.02070609642706636
TCGA-27-1832-01A,bisque,0.6635140530943924,0.14095580088981552,0.0,0.15122498307772791,0.0,0.012372180338269345,0.0,0.03193298259979485
TCGA-27-1834-01A,bisque,0.7963341018085239,0.037055515404533716,0.0,0.08628826714551713,0.0,0.0226743152651808,0.007444121270613659,0.05020367910563061
TCGA-27-1835-01A,bisque,0.0,0.0,0.0,0.16070816752534484,0.11290995529826112,0.6192786996181798,0.0,0.10710317755821415
TCGA-27-1837-01A,bisque,0.4243561885323294,0.050770463443212226,0.0,0.2581573276406353,0.0,0.18373514454222484,0.04179168855257333,0.04118918728902488
TCGA-27-2519-01A,bisque,0.6969883263450344,0.266260520380479,0.0,0.0,0.0,0.0,0.0,0.03675115327448649
TCGA-27-2521-01A,bisque,0.08506971266788517,0.0,0.03496494130823108,0.04643103714276454,0.5743038343076026,0.03715221236480767,0.2217811533270644,0.0002971088816444829
TCGA-27-2523-01A,bisque,0.4047619150644481,0.0012611101259681792,0.0,0.1412970092153247,0.2484347796374851,0.16021509345712787,0.04403009249964609,0.0
TCGA-27-2524-01A,bisque,0.06013548914815599,0.12193073492449472,0.011068779580074526,0.08853702462329713,0.43587842383170655,0.2729935704755014,0.008789662830225094,0.0006663145865446213
TCGA-27-2526-01A,bisque,0.0,0.0,0.2780330481110249,0.21840861265232805,0.2504352543248993,0.1714475604112774,0.0,0.08167552450047035
TCGA-27-2528-01A,bisque,0.27223743357876384,0.0,0.0940750366770735,0.12176008936036029,0.2575276500317021,0.23002127642970194,0.007893499592945262,0.016485014329453082
TCGA-28-1747-01C,bisque,0.0,0.11881175435957383,0.0,0.11139918974360856,0.0,0.18135709542473596,0.5421057595999735,0.04632620087210821
TCGA-28-1753-01A,bisque,0.0,0.22707261514173643,0.1303444593268225,0.2139644236028737,0.0,0.37066341543512865,0.053984929996482044,0.003970156496956496
TCGA-28-2509-01A,bisque,0.19865692172986923,0.057226359580280994,0.1757357962770184,0.10651518385004198,0.19056152512965574,0.2673837158431626,0.0018465394500274475,0.0020739581399435224
TCGA-28-2510-01A,bisque,0.0,0.0,0.0,0.004634545356042441,0.0,0.0,0.9623340015190163,0.033031453124941254
TCGA-28-2513-01A,bisque,0.0,0.3172152057757172,0.1489869462064662,0.11492437953683489,0.0,0.4087372201252562,0.0,0.01013624835572553
TCGA-28-2514-01A,bisque,0.0,0.0,0.0,0.09721528701372001,0.0,0.7946020384669582,0.062258414474065854,0.04592426004525591
TCGA-28-5204-01A,bisque,0.0,0.038771519206077514,0.18649617877404986,0.21118968896812265,0.14696776514728244,0.3944949291184589,3.6075053483665626e-05,0.02204384373252494
TCGA-28-5207-01A,bisque,0.0,0.0,0.07259053730758429,0.10471330615945104,0.06774597720495415,0.7353008874471375,0.007825034559891631,0.01182425732098133
TCGA-28-5208-01A,bisque,0.3042948066654611,0.0956927013254656,0.010258627850346532,0.11698010674821178,0.1811153843843538,0.2739408555468969,0.0,0.017717517479264307
TCGA-28-5209-01A,bisque,0.0,0.0016273367014948005,0.22364806618224975,0.20653696350736322,0.2372771838637711,0.28520430966398824,0.0,0.04570614008113283
TCGA-28-5213-01A,bisque,0.6656914474564224,0.2378525383561875,0.0,0.06805116003111401,0.0,0.0032638727863163685,0.0,0.025140981369959743
TCGA-28-5215-01A,bisque,0.3086910618778122,0.0967901598887561,0.0,0.008531671825593622,0.0,0.03981537302842745,0.5210123422797147,0.025159391099695907
TCGA-28-5216-01A,bisque,0.11126570696745837,0.0,0.0,0.08874144632650265,0.28312073505567953,0.19749525501490786,0.318961333742143,0.0004155228933087919
TCGA-28-5218-01A,bisque,0.0,0.07960020585315121,0.42990800197464163,0.32492883440682824,0.08283060831949476,0.07519969697274617,0.007532652473137905,0.0
TCGA-28-5220-01A,bisque,0.7680155294693306,0.005969211423159632,0.0,0.057799620261270605,0.0,0.0,0.10876542979302915,0.059450209053209996
TCGA-32-1970-01A,bisque,0.0,0.0,0.0,0.20726454833877953,0.0,0.6247688260564762,0.0,0.1679666256047444
TCGA-32-1980-01A,bisque,0.0,0.08671828778999903,0.028362927977028433,0.13341742770250262,0.0,0.13355797100048905,0.5883846931743081,0.029558692355672773
TCGA-32-1982-01A,bisque,0.0,0.0638088613249005,0.2532059784516585,0.10736244003566697,0.037830327874236916,0.5306589393155312,0.006188753185781459,0.0009446998122244148
TCGA-32-2615-01A,bisque,0.6659193787181794,0.027225969002961817,0.012281300609493116,0.10802468334331324,0.0,0.07566970796263871,0.07068522426931616,0.04019373609409745
TCGA-32-2616-01A,bisque,0.58954134674011,0.06829290089716814,0.057960441663555046,0.0719796957144229,0.011215476933914163,0.11347696922195583,0.06410123372043006,0.023431935108443658
TCGA-32-2632-01A,bisque,0.11371150008988624,0.2806767667114091,0.09106330872715977,0.17251778457689879,0.0,0.3085306044958393,0.0,0.03350003539880681
TCGA-32-2634-01A,bisque,0.0,0.0,0.0,0.14291626142781658,0.24351594573190435,0.1574507704940536,0.44352041984590596,0.012596602500319472
TCGA-32-2638-01A,bisque,0.43499037249200173,0.12558528521946893,0.1041198392797586,0.07326219683585421,0.022414688664952345,0.20898420419552213,0.0,0.0306434133124421
TCGA-32-4213-01A,bisque,0.47178425347737896,0.15996567481880433,0.0368839894064252,0.06357760363584827,0.0,0.23645691327847568,0.0,0.03133156538306758
TCGA-32-5222-01A,bisque,0.0,0.07272924652875169,0.1388209613907541,0.08537415259622651,0.2920829661913084,0.19970018749916085,0.20882255868097976,0.0024699271128187364
TCGA-41-2571-01A,bisque,0.0,0.0,0.0,0.07774244614126405,0.16885702081022844,0.0050063069784158296,0.7388045980630765,0.00958962800701513
TCGA-41-2572-01A,bisque,0.23715374373487413,0.003821519091858968,0.0,0.07389559617300265,0.04062450394706673,0.5980710386082879,0.0,0.04643359844490958
TCGA-41-3915-01A,bisque,0.0,0.24806671827409055,0.23896947163448562,0.14058845560953387,0.012805966441886439,0.2405441606370005,0.1182613251514461,0.0007639022515568451
TCGA-41-4097-01A,bisque,0.516305115487591,0.031965436514098576,0.0,0.008838786186906448,0.0,0.3338654581246359,0.0,0.10902520368676807
TCGA-41-5651-01A,bisque,0.0,0.0,0.13095434615406337,0.1677349182351023,0.43323821250692235,0.06854246671389697,0.19528150878935055,0.004248547600664425
TCGA-76-4925-01A,bisque,0.0,0.009900939053821105,0.23521708669393723,0.1730087630927285,0.4028766574095647,0.11530895809697037,0.0,0.06368759565297816
TCGA-76-4926-01B,bisque,0.0,0.0018022436424932026,0.0,0.051842915679475125,0.0,0.1621231758207381,0.2596840868152018,0.5245475780420917
TCGA-76-4928-01B,bisque,0.12739242757498262,0.07130391566554341,0.19581252738452787,0.09111749586704962,0.2293715482987942,0.2668889049644123,0.007710782507192778,0.010402397737497222
TCGA-76-4929-01A,bisque,0.9437829549739853,0.0,0.0,0.0,0.0,0.0,0.008451952857205751,0.04776509216880899
TCGA-76-4931-01A,bisque,0.0,0.023639588125319994,0.0,0.43956467603864025,0.33859272021077647,0.10342312821121978,0.004468407653754798,0.09031147976028872
TCGA-02-0047-01A,scdc,0.7103857002868922,0.029061055441475712,0.011868891054840663,0.001696616197602231,0.021661927395615732,0.17376819687174405,0.00956646369448211,0.04199114905734732
TCGA-02-0055-01A,scdc,0.5759650016888269,0.056068746380086305,0.060398370520251286,0.011096445219099577,0.03161057672809472,0.19504368175537046,0.022137526739201913,0.04767965096906871
TCGA-02-2483-01A,scdc,0.4870734117058419,0.0327224866269349,0.023232790385224467,0.004419562769106139,0.022125109628562106,0.4197536263441285,0.004457110956534063,0.006215901583668006
TCGA-02-2485-01A,scdc,0.4011879288867749,0.026589118550707863,0.03277314530397829,0.004962179785916938,0.02613193334698055,0.5002336702334359,0.0,0.008122023892205506
TCGA-02-2486-01A,scdc,0.39239729344145513,0.010286933205152813,0.07121645926333939,0.010381589874007793,0.04377659122906431,0.20262498236318013,0.254512376330779,0.01480377429302146
TCGA-06-0125-01A,scdc,0.5655458583779999,0.011028134392723618,0.011111247872661375,0.0013711911076619867,0.022555523008036586,0.38076875200473814,0.0007580970268409834,0.006861196209337313
TCGA-06-0125-02A,scdc,0.7020868866872207,0.014422556392010379,0.025346478970194923,0.006643231989058768,0.03356752617514425,0.16822167386258535,0.00266816034069519,0.0470434855830905
TCGA-06-0129-01A,scdc,0.6318184004432486,0.05043784240561509,0.0320694807854319,0.0040660563471648465,0.027157127758706982,0.15711124904144072,0.08372016204719265,0.013619681171199296
TCGA-06-0130-01A,scdc,0.3784665079133723,0.10413331090827165,0.08864369248050977,0.01988173011634949,0.06590390239660603,0.303491665580651,0.0318418595853828,0.007637331018857062
TCGA-06-0132-01A,scdc,0.45547234530760516,0.013566974166701136,0.021908390997777184,0.004135672223544657,0.03643130543600113,0.3621547187814233,0.08878101208061043,0.017549581006337037
TCGA-06-0141-01A,scdc,0.3943416322732213,0.06999266797793027,0.04262411146792635,0.008192139285477636,0.04953697523932921,0.3858604821944589,0.029869627399995997,0.019582364161660357
TCGA-06-0152-02A,scdc,0.40540336392728477,0.029917228335109926,0.049648977786680384,0.0103662089737487,0.07213157914459915,0.40769782201610344,0.012794768296037677,0.012040051520435979
TCGA-06-0157-01A,scdc,0.456725424130778,0.010614184902337022,0.03435110339407933,0.002085604224263862,0.04223436510340814,0.44782958235736353,0.00017165403818470627,0.0059880818495854655
TCGA-06-0158-01A,scdc,0.49104046874775387,0.027005157068473246,0.009474060850285368,0.003924542455909316,0.02687395293027679,0.3045191524083492,0.12926458497015367,0.007898080568798432
TCGA-06-0168-01A,scdc,0.5138313236416815,0.0009176117971846184,0.019928797677753473,0.0024706233348500604,0.02452708918516961,0.35268477412944327,0.002912879862696857,0.08272690037122064
TCGA-06-0171-02A,scdc,0.32162009245792667,0.05197630367882087,0.04594223136578403,0.009347074695739355,0.07160249161659454,0.3333568841119619,0.15034512335783373,0.015809798715338982
TCGA-06-0174-01A,scdc,0.6435185625866034,0.010422854041079498,0.006275861106184999,0.0015483455217068505,0.018560318970295146,0.3082338278484197,0.004311644352291078,0.007128585573419335
TCGA-06-0184-01A,scdc,0.26862892318148424,0.014218119860367962,0.022671083103302805,0.0001958225624514129,0.0197660780860002,0.4543453336664264,0.21009464171399267,0.01007999782597421
TCGA-06-0187-01A,scdc,0.37239692466332597,0.025200162842768506,0.022360615189624178,0.0027415538645682524,0.020548317966230814,0.5457888460673777,0.0035650498217327333,0.00739852958437197
TCGA-06-0190-01A,scdc,0.5402701571182609,0.04168526185677639,0.03886518813229965,0.004370067004429658,0.02856894901720443,0.32842742908632694,0.008804560581800723,0.009008387202901258
TCGA-06-0190-02A,scdc,0.5098312177856272,0.08939863914368933,0.11216568432937188,0.010664060565496217,0.1002486356889014,0.15918743805016203,0.007603675465966978,0.01090064897078495
TCGA-06-0210-02A,scdc,0.6011352224154288,0.029735046121920305,0.039874181642896585,0.0051325683343549505,0.03687565998802223,0.21603827663249478,0.056980771260253485,0.014228273604628866
TCGA-06-0211-01B,scdc,0.4869935879159367,0.007931813232580739,0.009578668392129388,0.0031833643559642027,0.019210977607986072,0.46091596470476676,0.0037262211467495076,0.008459402643886699
TCGA-06-0211-02A,scdc,0.4112930165919384,0.020129263441852896,0.028968493182675595,0.0053353637105273575,0.0325394228141599,0.489211598229107,0.005327634277093299,0.0071952077526455755
TCGA-06-0219-01A,scdc,0.5318862508473096,0.017237757323469556,0.02271230063201888,0.002208013327422112,0.023092331808165494,0.2502284351088167,0.06577895178741562,0.08685595916538201
TCGA-06-0221-02A,scdc,0.5788716608756689,0.02767486070034877,0.02001761173203483,0.0013781754445952475,0.04847104663023153,0.17450749332771623,0.12814065324722074,0.020938498042183853
TCGA-06-0238-01A,scdc,0.5148771961237588,0.01333934950914049,0.03500660286566845,0.0055481995115394785,0.042985661376038216,0.3039848963318102,0.012373227992345383,0.07188486628969895
TCGA-06-0644-01A,scdc,0.45212811210075016,0.020911795174564717,0.06656508731722444,0.007813174172664927,0.09096755344898812,0.3492398280503995,0.004029785886936502,0.008344663848471644
TCGA-06-0645-01A,scdc,0.4270043766449381,0.033349359510947384,0.025100105746153994,0.0034597253364894083,0.02318473420118113,0.4427381585463199,0.03594582125434438,0.009217718759625593
TCGA-06-0646-01A,scdc,0.6038034014359136,0.038657416178695975,0.01802467125916204,0.0028215418538445466,0.03453392543477322,0.2705300023157587,0.021498706923587567,0.010130334598264306
TCGA-06-0649-01B,scdc,0.6704204716082868,0.014603861709904896,0.0406055915668179,0.003861476713565965,0.06185037462058049,0.18490844701220072,0.0,0.023749776768643302
TCGA-06-0686-01A,scdc,0.49093035003155555,0.020344034364912333,0.011123287059635768,0.0017453283516647247,0.02096649220656943,0.3961334197355789,0.0160982796585813,0.04265880859150194
TCGA-06-0743-01A,scdc,0.45620595625508437,0.04370802924042073,0.03718650346667377,0.0071293994162781,0.03345440620601785,0.40021811015667413,0.014213063788140582,0.007884531470710412
TCGA-06-0744-01A,scdc,0.3989767185491313,0.03775409074007433,0.017792872861823347,0.004814042813569716,0.023991439427062222,0.4811940629025979,0.027261472454787623,0.008215300250953609
TCGA-06-0745-01A,scdc,0.4216736762000892,0.022537681260137433,0.024951714586531216,0.0023078357492867276,0.02479489077531739,0.49147173259589727,0.005093041552584552,0.007169427280156128
TCGA-06-0747-01A,scdc,0.5842662467146706,0.03152412715295503,0.004701142040407512,0.0022728428540181316,0.013966425340131206,0.33678722618222257,0.020931300081413078,0.005550689634181801
TCGA-06-0749-01A,scdc,0.567819040083667,0.030550826898086705,0.021008949058887838,0.0011186886791992843,0.03282703699972338,0.22212637356774279,0.04365368646463507,0.08089539824805794
TCGA-06-0750-01A,scdc,0.45642622276989314,0.017364727863089284,0.027515231032608983,0.0018310489726068991,0.03420520313868676,0.42530581509297,0.026896928883236446,0.010454822246908418
TCGA-06-0878-01A,scdc,0.5672564309451651,0.004384604048654034,0.03357233955464971,0.0025343269096757006,0.04147780962220088,0.33234968730371234,0.0020266987570205525,0.01639810285892172
TCGA-06-0882-01A,scdc,0.3717991236319399,0.02752837647766091,0.015010056722106679,0.0027066232510709436,0.026991435675924196,0.3972247075402984,0.1410268261084529,0.017712850592546008
TCGA-06-1804-01A,scdc,0.5271517794410161,0.03983362530273109,0.021348581158570978,0.0007420591313194364,0.05289532277826357,0.3344206534423704,0.010045203980985512,0.01356277476474301
TCGA-06-2557-01A,scdc,0.4428763173594642,0.025099532902120535,0.05157271405559211,0.008348726413339714,0.10821925200171228,0.1904903857571652,0.16040121343922123,0.012991858071384721
TCGA-06-2558-01A,scdc,0.4220140055751377,0.014609114339920796,0.017958213030736355,0.002399871066042683,0.033370633142911006,0.4714809548375529,0.011049919612326521,0.027117288395372082
TCGA-06-2559-01A,scdc,0.48319992184619387,0.03123786586262294,0.01702503985375009,0.0006885153431038232,0.018602996843713283,0.33885274434320634,0.05914861653424179,0.051244299373167906
TCGA-06-2561-01A,scdc,0.48742134096095485,0.0216662781131678,0.03780465113169971,0.002222854455218985,0.032462064107854814,0.3193393395963102,0.07675287569999627,0.02233059593479736
TCGA-06-2562-01A,scdc,0.36935221246267286,0.02500516858342333,0.010438079966265255,0.0014155768043581723,0.020568539932665792,0.5263540763316034,0.026495839165940574,0.02037050675307072
TCGA-06-2563-01A,scdc,0.2878558269640746,0.015365765900040726,0.02825692141871223,0.003483519965685633,0.02666001450515495,0.5915776274470204,0.013660515080439691,0.03313980871887179
TCGA-06-2564-01A,scdc,0.4562938927057201,0.023754598135343263,0.018266392945804573,0.0013431219461578967,0.022387562563448513,0.4288886541740824,0.032697780919648645,0.016367996609794596
TCGA-06-2565-01A,scdc,0.4149928570451134,0.037034426977633685,0.03279093719556792,0.004460645147070253,0.022574817106037363,0.47695808238487625,0.005907614174184454,0.005280619969516641
TCGA-06-2567-01A,scdc,0.5352781611966667,0.03121585422114867,0.029528859838664073,0.00619332687052149,0.06549496121440336,0.3160768243835936,0.0071142176656993775,0.009097794609302812
TCGA-06-2569-01A,scdc,0.5571083078334302,0.028786069460928456,0.016810337471492093,0.0051663963411335044,0.013478264186741263,0.35192593773505576,0.0012438672829077058,0.025480819688310955
TCGA-06-2570-01A,scdc,0.4886429092291264,0.018416259190714435,0.010861741228750893,0.0029269988298907795,0.024178817918000188,0.4055830457878433,0.03355709794088921,0.01583312987478471
TCGA-06-5408-01A,scdc,0.6436407980458848,0.016626570075113586,0.008684637335470287,0.0014344874859163095,0.015179148365380703,0.30832565624866876,0.0,0.006108702443565452
TCGA-06-5411-01A,scdc,0.48895249045949635,0.007607053129532869,0.026654360459624705,0.001293811038713345,0.023754964028154024,0.37943580853335984,0.05009618088462956,0.022205331466489325
TCGA-06-5412-01A,scdc,0.27396127659857183,0.030185569342127284,0.025547749305838047,0.003273375155234265,0.017782037413929794,0.6436398019555127,0.0,0.005610190228786
TCGA-06-5413-01A,scdc,0.47746734513500694,0.010429178392031405,0.03131680057895665,0.0014254956588028121,0.10538557671119506,0.3659175949945965,0.0011277678256314642,0.006930240703779179
TCGA-06-5414-01A,scdc,0.3383809278543614,0.022464740254271687,0.023176831374526717,0.005612719270394551,0.019752808336798867,0.5595027746204246,0.028695536102428087,0.00241366218679413
TCGA-06-5415-01A,scdc,0.46441975396969765,0.0111625718635084,0.030904759965718516,0.004709146616493714,0.017040765061568226,0.4325518560670743,0.019074095625010057,0.02013705083092912
TCGA-06-5418-01A,scdc,0.5192494146438321,0.04414874898561689,0.02001917526935871,0.0021537499458188568,0.026607231468027792,0.33904782780966375,0.0397058673061703,0.009067984571511756
TCGA-06-5856-01A,scdc,0.4968959052558362,0.009456407443410796,0.02041468891957469,0.001690777153043765,0.028789256477613913,0.4272149493747164,0.0008479371484310818,0.014690078227373178
TCGA-06-5858-01A,scdc,0.5513725298086639,0.02596783151320047,0.0066191592272527395,0.002354252763185555,0.026838076428833055,0.31802112720020653,0.062181775719337334,0.006645247339320391
TCGA-06-5859-01A,scdc,0.741450323134685,0.00949266284467016,0.02974628695491804,0.0014587082111905483,0.03972748874227876,0.17791009450785594,0.0,0.0002144356044015057
TCGA-06-6698-01A,scdc,0.6294107232863577,0.016599671210921346,0.01850617847944971,0.015744875781655635,0.10242004823205424,0.14203047071698108,0.03442129131061374,0.04086674098196662
TCGA-08-0386-01A,scdc,0.5221853943285885,0.01802391462657651,0.004989629925948775,0.0012039637903255268,0.018455448214688815,0.38248039852562027,0.0,0.052661250588251766
TCGA-12-0616-01A,scdc,0.5220142061600028,0.008468840027745145,0.056604559428202854,0.005788189451105722,0.026339827250478568,0.36853659144319834,0.002080845932941107,0.010166940306325548
TCGA-12-0618-01A,scdc,0.6708521113771827,0.026977840840610914,0.009383673435249993,0.0012897574904519895,0.0234135116500872,0.21132679453488928,0.05060597891958057,0.006150331751947307
TCGA-12-0619-01A,scdc,0.6238741307581183,0.05977521604790577,0.02802090344008106,0.0030170189631020757,0.05246878542586542,0.22192517037912995,0.0,0.01091877498579736
TCGA-12-0821-01A,scdc,0.5041580080771362,0.002908269015324625,0.01466007544790881,0.000577819176835814,0.016292344387828703,0.4327457127240687,0.0031630121094109206,0.025494759061486252
TCGA-12-3650-01A,scdc,0.42087582278091396,0.019822774522812614,0.0226458060195508,0.00227866283148532,0.01288115575462112,0.48012330887839066,0.03483046761052043,0.006542001601705058
TCGA-12-3652-01A,scdc,0.4422614157572859,0.013874893784731224,0.029356382057045924,0.004904742445808136,0.020420590627836598,0.4844577326217686,0.0,0.004724242705523629
TCGA-12-3653-01A,scdc,0.44745047047003383,0.02567002283087504,0.03283431418868402,0.0036669666917877497,0.024440598074511082,0.4589683050953752,0.0010724399348626065,0.005896882713870464
TCGA-12-5295-01A,scdc,0.36372366281962604,0.0008459863045558743,0.035973663869734364,0.007179749348317237,0.02310082955411281,0.5612884339037307,0.002630830192368202,0.005256844007554768
TCGA-12-5299-01A,scdc,0.5840701468480641,0.0077839452084758195,0.004426804797600732,0.0027444673347326674,0.01314294417288503,0.36017582554778405,0.020274860076657193,0.007381006013800545
TCGA-14-0736-02A,scdc,0.4947191746693116,0.0,0.04248880660464925,0.001605215732582225,0.09576200021855395,0.2603112757363971,0.007200846676393202,0.09791268036211276
TCGA-14-0781-01B,scdc,0.3799369173599309,0.021084358339281285,0.020530359819235254,0.0014572273765627076,0.018538417157444104,0.5414334328327745,0.00805047663960177,0.008968810475169495
TCGA-14-0787-01A,scdc,0.530240111229427,0.02105354888467553,0.028582456733378954,0.0024706780497220984,0.02523946156145943,0.3538819814372755,0.02370439002354175,0.014827372080519659
TCGA-14-0789-01A,scdc,0.5286367262077476,0.03514120731659644,0.053556662724141106,0.010286016641666604,0.03472558116568356,0.3154214547951887,0.010857269290788639,0.011375081858187423
TCGA-14-0790-01B,scdc,0.40585650669108936,0.013867015545914456,0.020548131266612094,0.002444170880136254,0.01870161704722535,0.5079046650255549,0.0,0.03067789354346761
TCGA-14-0817-01A,scdc,0.43276019929289156,0.00967349388573212,0.03021724274861809,0.005615717550365506,0.029091692228268226,0.44570366165630254,0.03495093681448851,0.011987055823333537
TCGA-14-0871-01A,scdc,0.7252377101561278,0.018615174970817425,0.015124784470399829,0.001398045913998515,0.012240129567332239,0.19131171928406054,0.0007150969583253081,0.035357338678938255
TCGA-14-1034-01A,scdc,0.3810771220940412,0.016487691984945294,0.05495767942196094,0.007658521809625577,0.05233910243990702,0.47012924776726506,0.0,0.01735063448225495
TCGA-14-1034-02B,scdc,0.7272804780000452,0.022938097263631992,0.01912292444121076,0.0015308790999833323,0.014095042615752142,0.14417820708508922,0.024162193249354848,0.046692178244932346
TCGA-14-1823-01A,scdc,0.5328746091950677,0.016072988899188265,0.05303030151421838,0.006715926004333809,0.028478076751913203,0.3383652855932943,0.011226590326223262,0.013236221715761177
TCGA-14-1825-01A,scdc,0.6092180135776315,0.007598251836858138,0.015961356848601158,0.00010782538840424623,0.009008393764527101,0.31537535976717096,0.0006900784771737155,0.04204072033963325
TCGA-14-1829-01A,scdc,0.46122587218746325,0.009352142377834874,0.03637025572161561,0.004642098393870998,0.03942525970391427,0.40330786328598395,0.03638320431191082,0.009293304017406214
TCGA-14-2554-01A,scdc,0.4750661640373139,0.012007692740713964,0.028813653790324745,0.003856447477202322,0.025002845195620047,0.44567650748707827,0.0,0.009576689271746704
TCGA-15-0742-01A,scdc,0.4285461893050039,0.02266488121037715,0.013101898273620276,0.002486174278407138,0.01788098394552222,0.5012680897658962,0.007720190179911296,0.0063315930412619235
TCGA-15-1444-01A,scdc,0.4428711923242745,0.01689744293737709,0.010226856479245972,0.0013691963664435739,0.021991915009887144,0.3721354487893579,0.12796639101362853,0.0065415570797853805
TCGA-16-0846-01A,scdc,0.6284851871718791,0.0033401292167552442,0.03324605710461018,0.0030253943018916317,0.03995733552162042,0.2075444276567654,0.042622574158279754,0.04177889486819842
TCGA-16-1045-01B,scdc,0.40588004924695215,0.04408517350515934,0.03150202989903663,0.004777487767889594,0.018968464444243983,0.44212983123028826,0.04372158513878179,0.008935378767648217
TCGA-19-1390-01A,scdc,0.5417436071702041,0.0351346102635581,0.008879625671164676,0.0010478499272861563,0.02561468707363057,0.18412867763081914,0.194970006724303,0.008480935539034165
TCGA-19-1787-01B,scdc,0.4523054794049705,0.007358706375274916,0.032597179848071776,0.005980505050800289,0.045553893000886095,0.30272928408293565,0.14701078602533704,0.00646416621172369
TCGA-19-2619-01A,scdc,0.4416159900059288,0.014955652300569163,0.008284337860116477,0.0010828289451941585,0.01996013997387416,0.509600344270622,0.0,0.004500706643695375
TCGA-19-2620-01A,scdc,0.4265240835447582,0.020131761106613102,0.006475658724109132,0.0013989326728418145,0.011147645239281486,0.41694413278578724,0.10993634145055442,0.007441444476054689
TCGA-19-2624-01A,scdc,0.521020991980369,0.03426982929518959,0.00962684425426763,0.0020893100569826972,0.01246741164296525,0.39884271199685567,0.007066127380230024,0.014616773393140053
TCGA-19-2625-01A,scdc,0.5725285454474167,0.112505440288031,0.012548198420628235,0.0009022527079855427,0.02652198737038486,0.23486010264356796,0.017016973243597223,0.023116499878388458
TCGA-19-2629-01A,scdc,0.6045379428070936,0.00060205246102106,0.02449557748971674,0.0034568822568193007,0.017151759134154718,0.2536571612089943,0.08738898396531068,0.008709640676889617
TCGA-19-4065-01A,scdc,0.5196830008716404,0.060068416774682866,0.043937691323299256,0.003676346610772716,0.03183028706228773,0.3203721138584418,0.005089259631818725,0.015342883867056468
TCGA-19-4065-02A,scdc,0.5373648219216363,0.030569654924232928,0.03485872905654459,0.005413131554559118,0.020064150219554346,0.3025229934881805,0.008384359374557164,0.06082215946073506
TCGA-19-5960-01A,scdc,0.6468443148950953,0.031531678394583255,0.033136397030456885,0.00477306863351766,0.023586170950471566,0.18131275820513817,0.016249934114663116,0.06256567777607396
TCGA-26-1442-01A,scdc,0.5973824858181588,0.005628714256952243,0.011018581877226385,0.0021086356216695424,0.015851714171392663,0.2566473103257751,0.08907875644545118,0.02228380148337403
TCGA-26-5132-01A,scdc,0.4057322181480616,0.024411423486607454,0.032867083645517,0.005317210050170229,0.02300781211000555,0.4629753828976166,0.03867013954445852,0.007018730117563112
TCGA-26-5133-01A,scdc,0.7038402797752358,0.005962889339883925,0.014237573523401516,0.002582005204832854,0.029559316202773443,0.2156974448291103,0.02263599551997443,0.005484495604787853
TCGA-26-5134-01A,scdc,0.7050085441022232,0.0,0.031104199997478016,0.006245914935623061,0.03738601618386972,0.15195346249131342,0.039069225942162514,0.029232636347329956
TCGA-26-5135-01A,scdc,0.48133000880110877,0.023364681280825264,0.013897849607617198,0.0014221674685061644,0.026977533881555715,0.4138118202773203,0.0349865382375008,0.004209400445565738
TCGA-26-5136-01B,scdc,0.5053967290054983,0.022052904263878022,0.038189427281812335,0.001909906863896952,0.050564820959798536,0.34211059083079326,0.006075076048149505,0.03370054474617308
TCGA-26-5139-01A,scdc,0.5701107202892927,0.01689022814716678,0.019984774018210066,0.003269543588533845,0.02575642528572899,0.35666697991492713,0.0016150462650584712,0.0057062824910820075
TCGA-27-1830-01A,scdc,0.5691139551072877,0.042869237797299196,0.03267785716248361,0.006601246416084593,0.034589563379754794,0.2962929257173419,0.009991399512671804,0.007863814907076492
TCGA-27-1831-01A,scdc,0.40981135687631454,0.0019656538082191985,0.040518633848880645,0.005636216225564784,0.02763446541010683,0.49530751862068206,0.009422679812996458,0.009703475397235345
TCGA-27-1832-01A,scdc,0.4662339419200855,0.03662115476713798,0.07453613532383371,0.014896476376705256,0.07217009102788823,0.31726123974155646,0.0032287394194884583,0.015052221423304389
TCGA-27-1834-01A,scdc,0.6527679235445744,0.000777240467472038,0.03977922774774744,0.0032313294560758206,0.05494193610901245,0.22577256270036422,0.006266609916033703,0.01646317005872013
TCGA-27-1835-01A,scdc,0.34055481008986016,0.009473908907723282,0.02639603824838681,0.002664659036162127,0.01976129953088988,0.5842082484736889,0.0008298309231822083,0.01611120479010657
TCGA-27-1837-01A,scdc,0.6176127525907645,0.0013035619442393624,0.017478791701877442,0.002304172332336905,0.017574843046541767,0.3220219806655071,0.005940576887404383,0.01576332083132845
TCGA-27-2519-01A,scdc,0.5913627351348353,0.00705685328976012,0.03612244263124244,0.006267824865151267,0.046418492933651516,0.2984365317957714,0.009450727971954407,0.0048843913776336016
TCGA-27-2521-01A,scdc,0.6324279464429737,0.0066305216987060135,0.010409117697600528,0.0004481869786196608,0.009968566999809796,0.29452697394253746,0.03622112418941602,0.009367562050336719
TCGA-27-2523-01A,scdc,0.5805604879643284,0.01692086117487576,0.02526573197648802,0.0035481293425992906,0.02524737031306586,0.3250239208634014,0.01850255970380223,0.004930938661439033
TCGA-27-2524-01A,scdc,0.4553605974856191,0.004892940619706992,0.024548375328071963,0.0009847079016869643,0.015067484271262725,0.46580927902518626,0.0069759344715562485,0.026360680896909742
TCGA-27-2526-01A,scdc,0.32413175183297727,0.004949463135752557,0.06826392953798807,0.012905263523676134,0.03224765168578358,0.523772401098476,0.02136647338718808,0.012363065798158364
TCGA-27-2528-01A,scdc,0.43779271664697855,0.015965545509263816,0.010541957454737672,0.0016943358149267502,0.018973185826555092,0.4965854934594878,0.007173215341560758,0.01127354994648953
TCGA-28-1747-01C,scdc,0.5903908992684989,0.0031449778019428842,0.03109718546536326,0.003367764065638606,0.0302462551406176,0.20842560231229768,0.12493138717707501,0.008395928768566036
TCGA-28-1753-01A,scdc,0.5036228677414127,0.04128541613333868,0.029993262305895628,0.00661503627254732,0.028024202695825434,0.37227385395878954,0.010074691920662801,0.008110668971527813
TCGA-28-2509-01A,scdc,0.6682234720110872,0.03585070087169068,0.041703414433383615,0.008662277072751754,0.03393860603490341,0.17620202371909882,0.021758247128581158,0.0136612587285034
TCGA-28-2510-01A,scdc,0.4231116249557679,0.02808983848346498,0.01814080649847988,0.0012788914206225653,0.016533911998321844,0.3434030832477203,0.0281543591582051,0.14128748423741735
TCGA-28-2513-01A,scdc,0.38589821968692123,0.006932720344270231,0.03784753352282509,0.005322568815404166,0.02226849539128867,0.5246612349753045,0.010077319672175001,0.006991907591811081
TCGA-28-2514-01A,scdc,0.4426567666002597,0.024102569579856233,0.0036886262169575695,0.0010639154002861156,0.022071332096866007,0.48875058728729176,0.0018648449627826267,0.01580135785570007
TCGA-28-5204-01A,scdc,0.4289791845772191,0.001949441686502148,0.019254442813938843,0.004283892135294209,0.024080741709248767,0.5123712154219091,0.0,0.009081081655887748
TCGA-28-5207-01A,scdc,0.38948941399704723,0.0014726564625344091,0.019569836106641533,0.002037652660414041,0.023624519253631023,0.5554941556318471,0.001324004357429819,0.006987761530454842
TCGA-28-5208-01A,scdc,0.48189108835099853,0.004732714321864612,0.023157250754153768,0.0023946178371195047,0.03417990423511935,0.4403672311395684,0.00021743513135449863,0.013059758229821338
TCGA-28-5209-01A,scdc,0.5142123883561278,0.010099453014751672,0.009991600795659894,0.00042406099446340044,0.015300328995044268,0.4440049907579373,0.0,0.005967177086015645
TCGA-28-5213-01A,scdc,0.4698668185302122,0.014216548307348604,0.0400797685572806,0.002922618722905056,0.029261595510182276,0.4274602730679449,0.0013781683577845918,0.014814208946341789
TCGA-28-5215-01A,scdc,0.6041542488620625,0.009244866763361307,0.03047808474178096,0.0056258236051827245,0.03754650754840213,0.2828427264178101,0.02017068193357278,0.009937060127827626
TCGA-28-5216-01A,scdc,0.5823388613748742,0.021659063985984897,0.014869311609649374,0.0032802126808166004,0.019993864241595913,0.33715363146858557,0.002505108203680494,0.018199946434812965
TCGA-28-5218-01A,scdc,0.387196399009779,0.03053634602736854,0.11097232456811919,0.01599052576895474,0.18893236165679625,0.2538749849183948,0.0064175989655992855,0.006079459084988193
TCGA-28-5220-01A,scdc,0.6395166119206628,0.006863382424582791,0.03301287484251714,0.0028165645994901217,0.03216032168550245,0.27301279550862806,0.0012569915217760575,0.011360457496840547
TCGA-32-1970-01A,scdc,0.6619475293541872,0.0053661040906715285,0.018990028392625518,0.0036086969827210384,0.026707379821002415,0.2699487221117591,0.0013655671139491954,0.012065972133084042
TCGA-32-1980-01A,scdc,0.3913022123445219,0.015726793057599227,0.028498793510291495,0.0030951751619355153,0.02190444055262254,0.4735606453422412,0.03754608200506066,0.02836585802572754
TCGA-32-1982-01A,scdc,0.37585294454489016,0.006754806400489602,0.03131799347579229,0.006216568137013564,0.043551860403951224,0.5178860974201013,0.0058267800864589825,0.012592949531302905
TCGA-32-2615-01A,scdc,0.46626431321923983,0.03485985169767523,0.03686146477789804,0.007224296542664706,0.03100640003098019,0.2982419491697012,0.10274044975910487,0.022801274802736027
TCGA-32-2616-01A,scdc,0.624240756523258,0.024474795107921176,0.03550120168221569,0.0029582615200214528,0.02775859072618947,0.17412944449409667,0.08430398727883368,0.026632962667463844
TCGA-32-2632-01A,scdc,0.4007863706357155,0.012416617528488438,0.04180028645139998,0.009070020209839196,0.07290300992032515,0.43836560573193545,0.015972910184994058,0.008685179337302206
TCGA-32-2634-01A,scdc,0.594676930441445,0.01759515794202768,0.013217480577613069,0.00043214553526211614,0.017924407563260795,0.29908731857877247,0.024170173156868167,0.03289638620475071
TCGA-32-2638-01A,scdc,0.4478377791001072,0.01513759683230609,0.024620853511900097,0.004353619562487716,0.027017105180230448,0.4518246173846157,0.017488910295687537,0.011719518132665268
TCGA-32-4213-01A,scdc,0.5335392399341541,6.481578957181531e-05,0.029817255260471777,0.00399826069354713,0.023242031362971774,0.4030907475934631,0.001189920259606632,0.005057729106213717
TCGA-32-5222-01A,scdc,0.33033542590435633,0.01914968778736248,0.019299967934786926,0.0023688576422437923,0.019951033720505666,0.5781787248506175,0.01886321791330294,0.011853084246824463
TCGA-41-2571-01A,scdc,0.5616398195983079,0.01811871194247424,0.007431488585847273,0.0007567967215783249,0.015217134829622678,0.12504104391169976,0.24907834208763252,0.022716662322837446
TCGA-41-2572-01A,scdc,0.34072554239946956,0.016862948083817414,0.027497961980931643,0.003391011021555167,0.017736517677125817,0.5443106673529502,0.03995160668131794,0.009523744802832315
TCGA-41-3915-01A,scdc,0.5677000577053564,0.016340760534765533,0.03514061257524865,0.0064440987716855485,0.04056183470418083,0.2706458675286535,0.05238828645462355,0.010778481725486058
TCGA-41-4097-01A,scdc,0.5004632057736097,0.024670905397945225,0.04038836646246031,0.007728444076651459,0.0442679784199734,0.30225019254452545,0.06068074732895741,0.019550159995876924
TCGA-41-5651-01A,scdc,0.5889207523733929,0.007324705591654177,0.016312054335045616,0.0029777715418885615,0.021637714088898207,0.2962384429225873,0.014608184432279717,0.05198037471425348
TCGA-76-4925-01A,scdc,0.5808314191314099,0.03220290244078709,0.01819881132893419,0.0018619260017258854,0.018622691892441128,0.28129969309956104,0.04482450390821907,0.02215805219692181
TCGA-76-4926-01B,scdc,0.65175936939128,0.010539836567364482,0.008184755682269248,0.0014953923008851914,0.02707059448719692,0.272993064735733,0.01806591218340413,0.00989107465186709
TCGA-76-4928-01B,scdc,0.48883758875564814,0.023946133194976862,0.020492447987343145,0.0022257693616894985,0.02185906647576119,0.3864151638496201,0.048108120363404595,0.008115710011556384
TCGA-76-4929-01A,scdc,0.6671386110890564,0.026131427139398956,0.012591405097983966,0.0005622422160909601,0.022129799049325,0.187558390324402,0.042485803339277144,0.04140232174446569
TCGA-76-4931-01A,scdc,0.6010647495117001,0.022652859971866578,0.013842760923321259,0.0015677451431836274,0.016829121708724033,0.3066275112768631,0.030581561424447096,0.006833690039894199
TCGA-02-0047-01A,scdc_ensemble,0.7103857002868922,0.029061055441475712,0.011868891054840663,0.001696616197602231,0.021661927395615732,0.17376819687174405,0.00956646369448211,0.04199114905734732
TCGA-02-0055-01A,scdc_ensemble,0.5759650016888269,0.056068746380086305,0.060398370520251286,0.011096445219099577,0.03161057672809472,0.19504368175537046,0.022137526739201913,0.04767965096906871
TCGA-02-2483-01A,scdc_ensemble,0.4870734117058419,0.0327224866269349,0.023232790385224467,0.004419562769106139,0.022125109628562106,0.4197536263441285,0.004457110956534063,0.006215901583668006
TCGA-02-2485-01A,scdc_ensemble,0.4011879288867749,0.026589118550707863,0.03277314530397829,0.004962179785916938,0.02613193334698055,0.5002336702334359,0.0,0.008122023892205506
TCGA-02-2486-01A,scdc_ensemble,0.39239729344145513,0.010286933205152813,0.07121645926333939,0.010381589874007793,0.04377659122906431,0.20262498236318013,0.254512376330779,0.01480377429302146
TCGA-06-0125-01A,scdc_ensemble,0.5655458583779999,0.011028134392723618,0.011111247872661375,0.0013711911076619867,0.022555523008036586,0.38076875200473814,0.0007580970268409834,0.006861196209337313
TCGA-06-0125-02A,scdc_ensemble,0.7020868866872207,0.014422556392010379,0.025346478970194923,0.006643231989058768,0.03356752617514425,0.16822167386258535,0.00266816034069519,0.0470434855830905
TCGA-06-0129-01A,scdc_ensemble,0.6318184004432486,0.05043784240561509,0.0320694807854319,0.0040660563471648465,0.027157127758706982,0.15711124904144072,0.08372016204719265,0.013619681171199296
TCGA-06-0130-01A,scdc_ensemble,0.3784665079133723,0.10413331090827165,0.08864369248050977,0.01988173011634949,0.06590390239660603,0.303491665580651,0.0318418595853828,0.007637331018857062
TCGA-06-0132-01A,scdc_ensemble,0.45547234530760516,0.013566974166701136,0.021908390997777184,0.004135672223544657,0.03643130543600113,0.3621547187814233,0.08878101208061043,0.017549581006337037
TCGA-06-0141-01A,scdc_ensemble,0.3943416322732213,0.06999266797793027,0.04262411146792635,0.008192139285477636,0.04953697523932921,0.3858604821944589,0.029869627399995997,0.019582364161660357
TCGA-06-0152-02A,scdc_ensemble,0.40540336392728477,0.029917228335109926,0.049648977786680384,0.0103662089737487,0.07213157914459915,0.40769782201610344,0.012794768296037677,0.012040051520435979
TCGA-06-0157-01A,scdc_ensemble,0.456725424130778,0.010614184902337022,0.03435110339407933,0.002085604224263862,0.04223436510340814,0.44782958235736353,0.00017165403818470627,0.0059880818495854655
TCGA-06-0158-01A,scdc_ensemble,0.49104046874775387,0.027005157068473246,0.009474060850285368,0.003924542455909316,0.02687395293027679,0.3045191524083492,0.12926458497015367,0.007898080568798432
TCGA-06-0168-01A,scdc_ensemble,0.5138313236416815,0.0009176117971846184,0.019928797677753473,0.0024706233348500604,0.02452708918516961,0.35268477412944327,0.002912879862696857,0.08272690037122064
TCGA-06-0171-02A,scdc_ensemble,0.32162009245792667,0.05197630367882087,0.04594223136578403,0.009347074695739355,0.07160249161659454,0.3333568841119619,0.15034512335783373,0.015809798715338982
TCGA-06-0174-01A,scdc_ensemble,0.6435185625866034,0.010422854041079498,0.006275861106184999,0.0015483455217068505,0.018560318970295146,0.3082338278484197,0.004311644352291078,0.007128585573419335
TCGA-06-0184-01A,scdc_ensemble,0.26862892318148424,0.014218119860367962,0.022671083103302805,0.0001958225624514129,0.0197660780860002,0.4543453336664264,0.21009464171399267,0.01007999782597421
TCGA-06-0187-01A,scdc_ensemble,0.37239692466332597,0.025200162842768506,0.022360615189624178,0.0027415538645682524,0.020548317966230814,0.5457888460673777,0.0035650498217327333,0.00739852958437197
TCGA-06-0190-01A,scdc_ensemble,0.5402701571182609,0.04168526185677639,0.03886518813229965,0.004370067004429658,0.02856894901720443,0.32842742908632694,0.008804560581800723,0.009008387202901258
TCGA-06-0190-02A,scdc_ensemble,0.5098312177856272,0.08939863914368933,0.11216568432937188,0.010664060565496217,0.1002486356889014,0.15918743805016203,0.007603675465966978,0.01090064897078495
TCGA-06-0210-02A,scdc_ensemble,0.6011352224154288,0.029735046121920305,0.039874181642896585,0.0051325683343549505,0.03687565998802223,0.21603827663249478,0.056980771260253485,0.014228273604628866
TCGA-06-0211-01B,scdc_ensemble,0.4869935879159367,0.007931813232580739,0.009578668392129388,0.0031833643559642027,0.019210977607986072,0.46091596470476676,0.0037262211467495076,0.008459402643886699
TCGA-06-0211-02A,scdc_ensemble,0.4112930165919384,0.020129263441852896,0.028968493182675595,0.0053353637105273575,0.0325394228141599,0.489211598229107,0.005327634277093299,0.0071952077526455755
TCGA-06-0219-01A,scdc_ensemble,0.5318862508473096,0.017237757323469556,0.02271230063201888,0.002208013327422112,0.023092331808165494,0.2502284351088167,0.06577895178741562,0.08685595916538201
TCGA-06-0221-02A,scdc_ensemble,0.5788716608756689,0.02767486070034877,0.02001761173203483,0.0013781754445952475,0.04847104663023153,0.17450749332771623,0.12814065324722074,0.020938498042183853
TCGA-06-0238-01A,scdc_ensemble,0.5148771961237588,0.01333934950914049,0.03500660286566845,0.0055481995115394785,0.042985661376038216,0.3039848963318102,0.012373227992345383,0.07188486628969895
TCGA-06-0644-01A,scdc_ensemble,0.45212811210075016,0.020911795174564717,0.06656508731722444,0.007813174172664927,0.09096755344898812,0.3492398280503995,0.004029785886936502,0.008344663848471644
TCGA-06-0645-01A,scdc_ensemble,0.4270043766449381,0.033349359510947384,0.025100105746153994,0.0034597253364894083,0.02318473420118113,0.4427381585463199,0.03594582125434438,0.009217718759625593
TCGA-06-0646-01A,scdc_ensemble,0.6038034014359136,0.038657416178695975,0.01802467125916204,0.0028215418538445466,0.03453392543477322,0.2705300023157587,0.021498706923587567,0.010130334598264306
TCGA-06-0649-01B,scdc_ensemble,0.6704204716082868,0.014603861709904896,0.0406055915668179,0.003861476713565965,0.06185037462058049,0.18490844701220072,0.0,0.023749776768643302
TCGA-06-0686-01A,scdc_ensemble,0.49093035003155555,0.020344034364912333,0.011123287059635768,0.0017453283516647247,0.02096649220656943,0.3961334197355789,0.0160982796585813,0.04265880859150194
TCGA-06-0743-01A,scdc_ensemble,0.45620595625508437,0.04370802924042073,0.03718650346667377,0.0071293994162781,0.03345440620601785,0.40021811015667413,0.014213063788140582,0.007884531470710412
TCGA-06-0744-01A,scdc_ensemble,0.3989767185491313,0.03775409074007433,0.017792872861823347,0.004814042813569716,0.023991439427062222,0.4811940629025979,0.027261472454787623,0.008215300250953609
TCGA-06-0745-01A,scdc_ensemble,0.4216736762000892,0.022537681260137433,0.024951714586531216,0.0023078357492867276,0.02479489077531739,0.49147173259589727,0.005093041552584552,0.007169427280156128
TCGA-06-0747-01A,scdc_ensemble,0.5842662467146706,0.03152412715295503,0.004701142040407512,0.0022728428540181316,0.013966425340131206,0.33678722618222257,0.020931300081413078,0.005550689634181801
TCGA-06-0749-01A,scdc_ensemble,0.567819040083667,0.030550826898086705,0.021008949058887838,0.0011186886791992843,0.03282703699972338,0.22212637356774279,0.04365368646463507,0.08089539824805794
TCGA-06-0750-01A,scdc_ensemble,0.45642622276989314,0.017364727863089284,0.027515231032608983,0.0018310489726068991,0.03420520313868676,0.42530581509297,0.026896928883236446,0.010454822246908418
TCGA-06-0878-01A,scdc_ensemble,0.5672564309451651,0.004384604048654034,0.03357233955464971,0.0025343269096757006,0.04147780962220088,0.33234968730371234,0.0020266987570205525,0.01639810285892172
TCGA-06-0882-01A,scdc_ensemble,0.3717991236319399,0.02752837647766091,0.015010056722106679,0.0027066232510709436,0.026991435675924196,0.3972247075402984,0.1410268261084529,0.017712850592546008
TCGA-06-1804-01A,scdc_ensemble,0.5271517794410161,0.03983362530273109,0.021348581158570978,0.0007420591313194364,0.05289532277826357,0.3344206534423704,0.010045203980985512,0.01356277476474301
TCGA-06-2557-01A,scdc_ensemble,0.4428763173594642,0.025099532902120535,0.05157271405559211,0.008348726413339714,0.10821925200171228,0.1904903857571652,0.16040121343922123,0.012991858071384721
TCGA-06-2558-01A,scdc_ensemble,0.4220140055751377,0.014609114339920796,0.017958213030736355,0.002399871066042683,0.033370633142911006,0.4714809548375529,0.011049919612326521,0.027117288395372082
TCGA-06-2559-01A,scdc_ensemble,0.48319992184619387,0.03123786586262294,0.01702503985375009,0.0006885153431038232,0.018602996843713283,0.33885274434320634,0.05914861653424179,0.051244299373167906
TCGA-06-2561-01A,scdc_ensemble,0.48742134096095485,0.0216662781131678,0.03780465113169971,0.002222854455218985,0.032462064107854814,0.3193393395963102,0.07675287569999627,0.02233059593479736
TCGA-06-2562-01A,scdc_ensemble,0.36935221246267286,0.02500516858342333,0.010438079966265255,0.0014155768043581723,0.020568539932665792,0.5263540763316034,0.026495839165940574,0.02037050675307072
TCGA-06-2563-01A,scdc_ensemble,0.2878558269640746,0.015365765900040726,0.02825692141871223,0.003483519965685633,0.02666001450515495,0.5915776274470204,0.013660515080439691,0.03313980871887179
TCGA-06-2564-01A,scdc_ensemble,0.4562938927057201,0.023754598135343263,0.018266392945804573,0.0013431219461578967,0.022387562563448513,0.4288886541740824,0.032697780919648645,0.016367996609794596
TCGA-06-2565-01A,scdc_ensemble,0.4149928570451134,0.037034426977633685,0.03279093719556792,0.004460645147070253,0.022574817106037363,0.47695808238487625,0.005907614174184454,0.005280619969516641
TCGA-06-2567-01A,scdc_ensemble,0.5352781611966667,0.03121585422114867,0.029528859838664073,0.00619332687052149,0.06549496121440336,0.3160768243835936,0.0071142176656993775,0.009097794609302812
TCGA-06-2569-01A,scdc_ensemble,0.5571083078334302,0.028786069460928456,0.016810337471492093,0.0051663963411335044,0.013478264186741263,0.35192593773505576,0.0012438672829077058,0.025480819688310955
TCGA-06-2570-01A,scdc_ensemble,0.4886429092291264,0.018416259190714435,0.010861741228750893,0.0029269988298907795,0.024178817918000188,0.4055830457878433,0.03355709794088921,0.01583312987478471
TCGA-06-5408-01A,scdc_ensemble,0.6436407980458848,0.016626570075113586,0.008684637335470287,0.0014344874859163095,0.015179148365380703,0.30832565624866876,0.0,0.006108702443565452
TCGA-06-5411-01A,scdc_ensemble,0.48895249045949635,0.007607053129532869,0.026654360459624705,0.001293811038713345,0.023754964028154024,0.37943580853335984,0.05009618088462956,0.022205331466489325
TCGA-06-5412-01A,scdc_ensemble,0.27396127659857183,0.030185569342127284,0.025547749305838047,0.003273375155234265,0.017782037413929794,0.6436398019555127,0.0,0.005610190228786
TCGA-06-5413-01A,scdc_ensemble,0.47746734513500694,0.010429178392031405,0.03131680057895665,0.0014254956588028121,0.10538557671119506,0.3659175949945965,0.0011277678256314642,0.006930240703779179
TCGA-06-5414-01A,scdc_ensemble,0.3383809278543614,0.022464740254271687,0.023176831374526717,0.005612719270394551,0.019752808336798867,0.5595027746204246,0.028695536102428087,0.00241366218679413
TCGA-06-5415-01A,scdc_ensemble,0.46441975396969765,0.0111625718635084,0.030904759965718516,0.004709146616493714,0.017040765061568226,0.4325518560670743,0.019074095625010057,0.02013705083092912
TCGA-06-5418-01A,scdc_ensemble,0.5192494146438321,0.04414874898561689,0.02001917526935871,0.0021537499458188568,0.026607231468027792,0.33904782780966375,0.0397058673061703,0.009067984571511756
TCGA-06-5856-01A,scdc_ensemble,0.4968959052558362,0.009456407443410796,0.02041468891957469,0.001690777153043765,0.028789256477613913,0.4272149493747164,0.0008479371484310818,0.014690078227373178
TCGA-06-5858-01A,scdc_ensemble,0.5513725298086639,0.02596783151320047,0.0066191592272527395,0.002354252763185555,0.026838076428833055,0.31802112720020653,0.062181775719337334,0.006645247339320391
TCGA-06-5859-01A,scdc_ensemble,0.741450323134685,0.00949266284467016,0.02974628695491804,0.0014587082111905483,0.03972748874227876,0.17791009450785594,0.0,0.0002144356044015057
TCGA-06-6698-01A,scdc_ensemble,0.6294107232863577,0.016599671210921346,0.01850617847944971,0.015744875781655635,0.10242004823205424,0.14203047071698108,0.03442129131061374,0.04086674098196662
TCGA-08-0386-01A,scdc_ensemble,0.5221853943285885,0.01802391462657651,0.004989629925948775,0.0012039637903255268,0.018455448214688815,0.38248039852562027,0.0,0.052661250588251766
TCGA-12-0616-01A,scdc_ensemble,0.5220142061600028,0.008468840027745145,0.056604559428202854,0.005788189451105722,0.026339827250478568,0.36853659144319834,0.002080845932941107,0.010166940306325548
TCGA-12-0618-01A,scdc_ensemble,0.6708521113771827,0.026977840840610914,0.009383673435249993,0.0012897574904519895,0.0234135116500872,0.21132679453488928,0.05060597891958057,0.006150331751947307
TCGA-12-0619-01A,scdc_ensemble,0.6238741307581183,0.05977521604790577,0.02802090344008106,0.0030170189631020757,0.05246878542586542,0.22192517037912995,0.0,0.01091877498579736
TCGA-12-0821-01A,scdc_ensemble,0.5041580080771362,0.002908269015324625,0.01466007544790881,0.000577819176835814,0.016292344387828703,0.4327457127240687,0.0031630121094109206,0.025494759061486252
TCGA-12-3650-01A,scdc_ensemble,0.42087582278091396,0.019822774522812614,0.0226458060195508,0.00227866283148532,0.01288115575462112,0.48012330887839066,0.03483046761052043,0.006542001601705058
TCGA-12-3652-01A,scdc_ensemble,0.4422614157572859,0.013874893784731224,0.029356382057045924,0.004904742445808136,0.020420590627836598,0.4844577326217686,0.0,0.004724242705523629
TCGA-12-3653-01A,scdc_ensemble,0.44745047047003383,0.02567002283087504,0.03283431418868402,0.0036669666917877497,0.024440598074511082,0.4589683050953752,0.0010724399348626065,0.005896882713870464
TCGA-12-5295-01A,scdc_ensemble,0.36372366281962604,0.0008459863045558743,0.035973663869734364,0.007179749348317237,0.02310082955411281,0.5612884339037307,0.002630830192368202,0.005256844007554768
TCGA-12-5299-01A,scdc_ensemble,0.5840701468480641,0.0077839452084758195,0.004426804797600732,0.0027444673347326674,0.01314294417288503,0.36017582554778405,0.020274860076657193,0.007381006013800545
TCGA-14-0736-02A,scdc_ensemble,0.4947191746693116,0.0,0.04248880660464925,0.001605215732582225,0.09576200021855395,0.2603112757363971,0.007200846676393202,0.09791268036211276
TCGA-14-0781-01B,scdc_ensemble,0.3799369173599309,0.021084358339281285,0.020530359819235254,0.0014572273765627076,0.018538417157444104,0.5414334328327745,0.00805047663960177,0.008968810475169495
TCGA-14-0787-01A,scdc_ensemble,0.530240111229427,0.02105354888467553,0.028582456733378954,0.0024706780497220984,0.02523946156145943,0.3538819814372755,0.02370439002354175,0.014827372080519659
TCGA-14-0789-01A,scdc_ensemble,0.5286367262077476,0.03514120731659644,0.053556662724141106,0.010286016641666604,0.03472558116568356,0.3154214547951887,0.010857269290788639,0.011375081858187423
TCGA-14-0790-01B,scdc_ensemble,0.40585650669108936,0.013867015545914456,0.020548131266612094,0.002444170880136254,0.01870161704722535,0.5079046650255549,0.0,0.03067789354346761
TCGA-14-0817-01A,scdc_ensemble,0.43276019929289156,0.00967349388573212,0.03021724274861809,0.005615717550365506,0.029091692228268226,0.44570366165630254,0.03495093681448851,0.011987055823333537
TCGA-14-0871-01A,scdc_ensemble,0.7252377101561278,0.018615174970817425,0.015124784470399829,0.001398045913998515,0.012240129567332239,0.19131171928406054,0.0007150969583253081,0.035357338678938255
TCGA-14-1034-01A,scdc_ensemble,0.3810771220940412,0.016487691984945294,0.05495767942196094,0.007658521809625577,0.05233910243990702,0.47012924776726506,0.0,0.01735063448225495
TCGA-14-1034-02B,scdc_ensemble,0.7272804780000452,0.022938097263631992,0.01912292444121076,0.0015308790999833323,0.014095042615752142,0.14417820708508922,0.024162193249354848,0.046692178244932346
TCGA-14-1823-01A,scdc_ensemble,0.5328746091950677,0.016072988899188265,0.05303030151421838,0.006715926004333809,0.028478076751913203,0.3383652855932943,0.011226590326223262,0.013236221715761177
TCGA-14-1825-01A,scdc_ensemble,0.6092180135776315,0.007598251836858138,0.015961356848601158,0.00010782538840424623,0.009008393764527101,0.31537535976717096,0.0006900784771737155,0.04204072033963325
TCGA-14-1829-01A,scdc_ensemble,0.46122587218746325,0.009352142377834874,0.03637025572161561,0.004642098393870998,0.03942525970391427,0.40330786328598395,0.03638320431191082,0.009293304017406214
TCGA-14-2554-01A,scdc_ensemble,0.4750661640373139,0.012007692740713964,0.028813653790324745,0.003856447477202322,0.025002845195620047,0.44567650748707827,0.0,0.009576689271746704
TCGA-15-0742-01A,scdc_ensemble,0.4285461893050039,0.02266488121037715,0.013101898273620276,0.002486174278407138,0.01788098394552222,0.5012680897658962,0.007720190179911296,0.0063315930412619235
TCGA-15-1444-01A,scdc_ensemble,0.4428711923242745,0.01689744293737709,0.010226856479245972,0.0013691963664435739,0.021991915009887144,0.3721354487893579,0.12796639101362853,0.0065415570797853805
TCGA-16-0846-01A,scdc_ensemble,0.6284851871718791,0.0033401292167552442,0.03324605710461018,0.0030253943018916317,0.03995733552162042,0.2075444276567654,0.042622574158279754,0.04177889486819842
TCGA-16-1045-01B,scdc_ensemble,0.40588004924695215,0.04408517350515934,0.03150202989903663,0.004777487767889594,0.018968464444243983,0.44212983123028826,0.04372158513878179,0.008935378767648217
TCGA-19-1390-01A,scdc_ensemble,0.5417436071702041,0.0351346102635581,0.008879625671164676,0.0010478499272861563,0.02561468707363057,0.18412867763081914,0.194970006724303,0.008480935539034165
TCGA-19-1787-01B,scdc_ensemble,0.4523054794049705,0.007358706375274916,0.032597179848071776,0.005980505050800289,0.045553893000886095,0.30272928408293565,0.14701078602533704,0.00646416621172369
TCGA-19-2619-01A,scdc_ensemble,0.4416159900059288,0.014955652300569163,0.008284337860116477,0.0010828289451941585,0.01996013997387416,0.509600344270622,0.0,0.004500706643695375
TCGA-19-2620-01A,scdc_ensemble,0.4265240835447582,0.020131761106613102,0.006475658724109132,0.0013989326728418145,0.011147645239281486,0.41694413278578724,0.10993634145055442,0.007441444476054689
TCGA-19-2624-01A,scdc_ensemble,0.521020991980369,0.03426982929518959,0.00962684425426763,0.0020893100569826972,0.01246741164296525,0.39884271199685567,0.007066127380230024,0.014616773393140053
TCGA-19-2625-01A,scdc_ensemble,0.5725285454474167,0.112505440288031,0.012548198420628235,0.0009022527079855427,0.02652198737038486,0.23486010264356796,0.017016973243597223,0.023116499878388458
TCGA-19-2629-01A,scdc_ensemble,0.6045379428070936,0.00060205246102106,0.02449557748971674,0.0034568822568193007,0.017151759134154718,0.2536571612089943,0.08738898396531068,0.008709640676889617
TCGA-19-4065-01A,scdc_ensemble,0.5196830008716404,0.060068416774682866,0.043937691323299256,0.003676346610772716,0.03183028706228773,0.3203721138584418,0.005089259631818725,0.015342883867056468
TCGA-19-4065-02A,scdc_ensemble,0.5373648219216363,0.030569654924232928,0.03485872905654459,0.005413131554559118,0.020064150219554346,0.3025229934881805,0.008384359374557164,0.06082215946073506
TCGA-19-5960-01A,scdc_ensemble,0.6468443148950953,0.031531678394583255,0.033136397030456885,0.00477306863351766,0.023586170950471566,0.18131275820513817,0.016249934114663116,0.06256567777607396
TCGA-26-1442-01A,scdc_ensemble,0.5973824858181588,0.005628714256952243,0.011018581877226385,0.0021086356216695424,0.015851714171392663,0.2566473103257751,0.08907875644545118,0.02228380148337403
TCGA-26-5132-01A,scdc_ensemble,0.4057322181480616,0.024411423486607454,0.032867083645517,0.005317210050170229,0.02300781211000555,0.4629753828976166,0.03867013954445852,0.007018730117563112
TCGA-26-5133-01A,scdc_ensemble,0.7038402797752358,0.005962889339883925,0.014237573523401516,0.002582005204832854,0.029559316202773443,0.2156974448291103,0.02263599551997443,0.005484495604787853
TCGA-26-5134-01A,scdc_ensemble,0.7050085441022232,0.0,0.031104199997478016,0.006245914935623061,0.03738601618386972,0.15195346249131342,0.039069225942162514,0.029232636347329956
TCGA-26-5135-01A,scdc_ensemble,0.48133000880110877,0.023364681280825264,0.013897849607617198,0.0014221674685061644,0.026977533881555715,0.4138118202773203,0.0349865382375008,0.004209400445565738
TCGA-26-5136-01B,scdc_ensemble,0.5053967290054983,0.022052904263878022,0.038189427281812335,0.001909906863896952,0.050564820959798536,0.34211059083079326,0.006075076048149505,0.03370054474617308
TCGA-26-5139-01A,scdc_ensemble,0.5701107202892927,0.01689022814716678,0.019984774018210066,0.003269543588533845,0.02575642528572899,0.35666697991492713,0.0016150462650584712,0.0057062824910820075
TCGA-27-1830-01A,scdc_ensemble,0.5691139551072877,0.042869237797299196,0.03267785716248361,0.006601246416084593,0.034589563379754794,0.2962929257173419,0.009991399512671804,0.007863814907076492
TCGA-27-1831-01A,scdc_ensemble,0.40981135687631454,0.0019656538082191985,0.040518633848880645,0.005636216225564784,0.02763446541010683,0.49530751862068206,0.009422679812996458,0.009703475397235345
TCGA-27-1832-01A,scdc_ensemble,0.4662339419200855,0.03662115476713798,0.07453613532383371,0.014896476376705256,0.07217009102788823,0.31726123974155646,0.0032287394194884583,0.015052221423304389
TCGA-27-1834-01A,scdc_ensemble,0.6527679235445744,0.000777240467472038,0.03977922774774744,0.0032313294560758206,0.05494193610901245,0.22577256270036422,0.006266609916033703,0.01646317005872013
TCGA-27-1835-01A,scdc_ensemble,0.34055481008986016,0.009473908907723282,0.02639603824838681,0.002664659036162127,0.01976129953088988,0.5842082484736889,0.0008298309231822083,0.01611120479010657
TCGA-27-1837-01A,scdc_ensemble,0.6176127525907645,0.0013035619442393624,0.017478791701877442,0.002304172332336905,0.017574843046541767,0.3220219806655071,0.005940576887404383,0.01576332083132845
TCGA-27-2519-01A,scdc_ensemble,0.5913627351348353,0.00705685328976012,0.03612244263124244,0.006267824865151267,0.046418492933651516,0.2984365317957714,0.009450727971954407,0.0048843913776336016
TCGA-27-2521-01A,scdc_ensemble,0.6324279464429737,0.0066305216987060135,0.010409117697600528,0.0004481869786196608,0.009968566999809796,0.29452697394253746,0.03622112418941602,0.009367562050336719
TCGA-27-2523-01A,scdc_ensemble,0.5805604879643284,0.01692086117487576,0.02526573197648802,0.0035481293425992906,0.02524737031306586,0.3250239208634014,0.01850255970380223,0.004930938661439033
TCGA-27-2524-01A,scdc_ensemble,0.4553605974856191,0.004892940619706992,0.024548375328071963,0.0009847079016869643,0.015067484271262725,0.46580927902518626,0.0069759344715562485,0.026360680896909742
TCGA-27-2526-01A,scdc_ensemble,0.32413175183297727,0.004949463135752557,0.06826392953798807,0.012905263523676134,0.03224765168578358,0.523772401098476,0.02136647338718808,0.012363065798158364
TCGA-27-2528-01A,scdc_ensemble,0.43779271664697855,0.015965545509263816,0.010541957454737672,0.0016943358149267502,0.018973185826555092,0.4965854934594878,0.007173215341560758,0.01127354994648953
TCGA-28-1747-01C,scdc_ensemble,0.5903908992684989,0.0031449778019428842,0.03109718546536326,0.003367764065638606,0.0302462551406176,0.20842560231229768,0.12493138717707501,0.008395928768566036
TCGA-28-1753-01A,scdc_ensemble,0.5036228677414127,0.04128541613333868,0.029993262305895628,0.00661503627254732,0.028024202695825434,0.37227385395878954,0.010074691920662801,0.008110668971527813
TCGA-28-2509-01A,scdc_ensemble,0.6682234720110872,0.03585070087169068,0.041703414433383615,0.008662277072751754,0.03393860603490341,0.17620202371909882,0.021758247128581158,0.0136612587285034
TCGA-28-2510-01A,scdc_ensemble,0.4231116249557679,0.02808983848346498,0.01814080649847988,0.0012788914206225653,0.016533911998321844,0.3434030832477203,0.0281543591582051,0.14128748423741735
TCGA-28-2513-01A,scdc_ensemble,0.38589821968692123,0.006932720344270231,0.03784753352282509,0.005322568815404166,0.02226849539128867,0.5246612349753045,0.010077319672175001,0.006991907591811081
TCGA-28-2514-01A,scdc_ensemble,0.4426567666002597,0.024102569579856233,0.0036886262169575695,0.0010639154002861156,0.022071332096866007,0.48875058728729176,0.0018648449627826267,0.01580135785570007
TCGA-28-5204-01A,scdc_ensemble,0.4289791845772191,0.001949441686502148,0.019254442813938843,0.004283892135294209,0.024080741709248767,0.5123712154219091,0.0,0.009081081655887748
TCGA-28-5207-01A,scdc_ensemble,0.38948941399704723,0.0014726564625344091,0.019569836106641533,0.002037652660414041,0.023624519253631023,0.5554941556318471,0.001324004357429819,0.006987761530454842
TCGA-28-5208-01A,scdc_ensemble,0.48189108835099853,0.004732714321864612,0.023157250754153768,0.0023946178371195047,0.03417990423511935,0.4403672311395684,0.00021743513135449863,0.013059758229821338
TCGA-28-5209-01A,scdc_ensemble,0.5142123883561278,0.010099453014751672,0.009991600795659894,0.00042406099446340044,0.015300328995044268,0.4440049907579373,0.0,0.005967177086015645
TCGA-28-5213-01A,scdc_ensemble,0.4698668185302122,0.014216548307348604,0.0400797685572806,0.002922618722905056,0.029261595510182276,0.4274602730679449,0.0013781683577845918,0.014814208946341789
TCGA-28-5215-01A,scdc_ensemble,0.6041542488620625,0.009244866763361307,0.03047808474178096,0.0056258236051827245,0.03754650754840213,0.2828427264178101,0.02017068193357278,0.009937060127827626
TCGA-28-5216-01A,scdc_ensemble,0.5823388613748742,0.021659063985984897,0.014869311609649374,0.0032802126808166004,0.019993864241595913,0.33715363146858557,0.002505108203680494,0.018199946434812965
TCGA-28-5218-01A,scdc_ensemble,0.387196399009779,0.03053634602736854,0.11097232456811919,0.01599052576895474,0.18893236165679625,0.2538749849183948,0.0064175989655992855,0.006079459084988193
TCGA-28-5220-01A,scdc_ensemble,0.6395166119206628,0.006863382424582791,0.03301287484251714,0.0028165645994901217,0.03216032168550245,0.27301279550862806,0.0012569915217760575,0.011360457496840547
TCGA-32-1970-01A,scdc_ensemble,0.6619475293541872,0.0053661040906715285,0.018990028392625518,0.0036086969827210384,0.026707379821002415,0.2699487221117591,0.0013655671139491954,0.012065972133084042
TCGA-32-1980-01A,scdc_ensemble,0.3913022123445219,0.015726793057599227,0.028498793510291495,0.0030951751619355153,0.02190444055262254,0.4735606453422412,0.03754608200506066,0.02836585802572754
TCGA-32-1982-01A,scdc_ensemble,0.37585294454489016,0.006754806400489602,0.03131799347579229,0.006216568137013564,0.043551860403951224,0.5178860974201013,0.0058267800864589825,0.012592949531302905
TCGA-32-2615-01A,scdc_ensemble,0.46626431321923983,0.03485985169767523,0.03686146477789804,0.007224296542664706,0.03100640003098019,0.2982419491697012,0.10274044975910487,0.022801274802736027
TCGA-32-2616-01A,scdc_ensemble,0.624240756523258,0.024474795107921176,0.03550120168221569,0.0029582615200214528,0.02775859072618947,0.17412944449409667,0.08430398727883368,0.026632962667463844
TCGA-32-2632-01A,scdc_ensemble,0.4007863706357155,0.012416617528488438,0.04180028645139998,0.009070020209839196,0.07290300992032515,0.43836560573193545,0.015972910184994058,0.008685179337302206
TCGA-32-2634-01A,scdc_ensemble,0.594676930441445,0.01759515794202768,0.013217480577613069,0.00043214553526211614,0.017924407563260795,0.29908731857877247,0.024170173156868167,0.03289638620475071
TCGA-32-2638-01A,scdc_ensemble,0.4478377791001072,0.01513759683230609,0.024620853511900097,0.004353619562487716,0.027017105180230448,0.4518246173846157,0.017488910295687537,0.011719518132665268
TCGA-32-4213-01A,scdc_ensemble,0.5335392399341541,6.481578957181531e-05,0.029817255260471777,0.00399826069354713,0.023242031362971774,0.4030907475934631,0.001189920259606632,0.005057729106213717
TCGA-32-5222-01A,scdc_ensemble,0.33033542590435633,0.01914968778736248,0.019299967934786926,0.0023688576422437923,0.019951033720505666,0.5781787248506175,0.01886321791330294,0.011853084246824463
TCGA-41-2571-01A,scdc_ensemble,0.5616398195983079,0.01811871194247424,0.007431488585847273,0.0007567967215783249,0.015217134829622678,0.12504104391169976,0.24907834208763252,0.022716662322837446
TCGA-41-2572-01A,scdc_ensemble,0.34072554239946956,0.016862948083817414,0.027497961980931643,0.003391011021555167,0.017736517677125817,0.5443106673529502,0.03995160668131794,0.009523744802832315
TCGA-41-3915-01A,scdc_ensemble,0.5677000577053564,0.016340760534765533,0.03514061257524865,0.0064440987716855485,0.04056183470418083,0.2706458675286535,0.05238828645462355,0.010778481725486058
TCGA-41-4097-01A,scdc_ensemble,0.5004632057736097,0.024670905397945225,0.04038836646246031,0.007728444076651459,0.0442679784199734,0.30225019254452545,0.06068074732895741,0.019550159995876924
TCGA-41-5651-01A,scdc_ensemble,0.5889207523733929,0.007324705591654177,0.016312054335045616,0.0029777715418885615,0.021637714088898207,0.2962384429225873,0.014608184432279717,0.05198037471425348
TCGA-76-4925-01A,scdc_ensemble,0.5808314191314099,0.03220290244078709,0.01819881132893419,0.0018619260017258854,0.018622691892441128,0.28129969309956104,0.04482450390821907,0.02215805219692181
TCGA-76-4926-01B,scdc_ensemble,0.65175936939128,0.010539836567364482,0.008184755682269248,0.0014953923008851914,0.02707059448719692,0.272993064735733,0.01806591218340413,0.00989107465186709
TCGA-76-4928-01B,scdc_ensemble,0.48883758875564814,0.023946133194976862,0.020492447987343145,0.0022257693616894985,0.02185906647576119,0.3864151638496201,0.048108120363404595,0.008115710011556384
TCGA-76-4929-01A,scdc_ensemble,0.6671386110890564,0.026131427139398956,0.012591405097983966,0.0005622422160909601,0.022129799049325,0.187558390324402,0.042485803339277144,0.04140232174446569
TCGA-76-4931-01A,scdc_ensemble,0.6010647495117001,0.022652859971866578,0.013842760923321259,0.0015677451431836274,0.016829121708724033,0.3066275112768631,0.030581561424447096,0.006833690039894199
TCGA-02-0047-01A,epic,0.9068676128853005,4.7466224293688035e-09,5.333213613726397e-07,8.147174967892428e-08,4.138902106481632e-08,1.1352871723320623e-06,1.6946773727842499e-09,0.09313058920409531
TCGA-02-0055-01A,epic,0.6217486434359186,0.15490853941561544,1.7054532392679018e-05,3.912892009690055e-08,1.288395743662532e-08,0.19023750156601651,8.327816520299679e-10,0.03308820820439754
TCGA-02-2483-01A,epic,0.37359940694365784,0.16957306495162203,1.5499264376229725e-07,4.9988402935494534e-08,0.20232523034368374,0.2512106317991331,4.261163169737169e-09,0.0032914567196933183
TCGA-02-2485-01A,epic,0.924751812323306,0.00016908444560323344,5.786984952165969e-08,1.7233161776111312e-05,1.3544417492275774e-05,0.0004686608793949091,1.1390741929365192e-06,0.0745784678283847
TCGA-02-2486-01A,epic,0.7930174838061905,0.1265046593918378,2.884171603140325e-07,1.1979391893865678e-06,2.207199777738484e-06,0.01391303865884879,0.0006800383499666122,0.06588108623702883
TCGA-06-0125-01A,epic,0.9319776022166516,5.795341313699856e-07,2.287179218895502e-06,9.365285580628365e-06,8.846593489558917e-08,0.0008560723252852682,6.675838620549699e-08,0.06715393823481117
TCGA-06-0125-02A,epic,0.663011027468895,2.900461737786211e-08,1.3207865005321655e-08,8.13616618117957e-07,7.086285611992831e-08,7.965187918784986e-07,1.2314692609238346e-06,0.33698601785109566
TCGA-06-0129-01A,epic,0.6225579456444194,0.29103892884883154,1.725992167858481e-05,6.288555861007027e-09,8.806420114093374e-08,2.1370936994042015e-06,0.0841990631096599,0.0021845710289542268
TCGA-06-0130-01A,epic,0.4017619222188079,0.44716335251435957,7.743264336009417e-09,7.635373450580607e-06,1.5111542692761065e-06,0.11706092639066443,1.5549080466182087e-09,0.034004643050275854
TCGA-06-0132-01A,epic,0.6938269913381486,8.913367249405934e-09,1.0138702203935987e-07,5.587262958165079e-08,4.027359862467902e-08,9.043775907852936e-08,0.12677349888259104,0.17939921289488378
TCGA-06-0141-01A,epic,0.7431889234548023,2.0579701007534643e-08,2.7675044108802102e-08,4.0477323280475114e-07,1.9567782619983172e-08,1.2803533478764613e-07,4.620484914863693e-07,0.25681001386561103
TCGA-06-0152-02A,epic,0.8784043264544192,0.04051482766914512,6.121465415993014e-08,1.7860128686930055e-07,2.399610947414473e-05,9.58526939535913e-07,6.919560635088433e-05,0.08098645581773
TCGA-06-0157-01A,epic,0.8316862796168077,1.1497658174334036e-06,2.916194959926258e-07,3.897134533980092e-09,2.190589528757458e-08,2.948062275927736e-06,1.3772688378246715e-08,0.16830929135988473
TCGA-06-0158-01A,epic,0.8691954057935493,5.206764970844683e-05,1.599812772077655e-08,5.921079581946092e-05,4.552658354007587e-09,7.457940179380255e-05,9.915855271896318e-08,0.13061861664979027
TCGA-06-0168-01A,epic,0.7570205243446861,1.8810835717112823e-08,3.923821794763326e-08,7.090262413051168e-05,1.5466791424105817e-06,8.687370831251399e-07,3.767384864489092e-08,0.24290606189205555
TCGA-06-0171-02A,epic,0.5931253614055024,0.2887619616635016,8.670541704626141e-07,2.645787976388315e-06,1.544532874070529e-08,3.369579515669291e-08,6.793685153908815e-06,0.11810232126257143
TCGA-06-0174-01A,epic,0.9567860654878464,1.1666825523678325e-06,1.8155590565949285e-07,0.0006897761556247005,4.06113295471147e-08,1.4166831530194811e-05,0.009813906345317766,0.03269469632989323
TCGA-06-0184-01A,epic,0.6841726240806504,0.016288894121267362,0.006648753391816804,2.2070738736480615e-05,2.5324943967837707e-05,3.131171177438136e-05,0.0050557302566328855,0.28775529075515377
TCGA-06-0187-01A,epic,0.925722531348058,0.00011065993496415297,5.568352648935225e-07,2.673465431772052e-07,1.0934435832675607e-08,0.00014438255087532862,7.579488213850138e-09,0.07402158347037029
TCGA-06-0190-01A,epic,0.8003668006255932,0.08216527045601575,6.234886030025924e-08,9.34032420410211e-08,9.18434636008657e-09,0.05128051373539668,9.49984786812576e-10,0.06618724929656085
TCGA-06-0190-02A,epic,0.44625536541487604,0.27464291062733975,1.3546949427700857e-07,3.361659515743818e-07,9.996727071565452e-06,0.23443593346710573,6.783866437860617e-08,0.04465525428949688
TCGA-06-0210-02A,epic,0.8740368688644569,0.0006966035798246173,5.57026739452718e-06,1.282496542880301e-07,3.109500970297346e-08,4.60133974576371e-08,0.0093660871982615,0.11589466473200087
TCGA-06-0211-01B,epic,0.8136702588851825,0.09248682218673243,3.429886195146654e-07,3.7314040258398e-07,5.2469587163801504e-08,0.020016694897592193,1.256657036925921e-08,0.0738254428653133
TCGA-06-0211-02A,epic,0.9122175251423136,0.020295016983721808,1.2167859423352002e-05,1.1298276034401417e-06,1.6292422243662626e-08,0.003940239877606821,1.359041952305417e-08,0.06353389042648927
TCGA-06-0219-01A,epic,0.5434453904080102,0.017509145401521996,0.005354607112355292,6.32980169830603e-06,1.1086806505202461e-05,0.005274696679919397,0.23367985988297713,0.19471888390701245
TCGA-06-0221-02A,epic,0.32660738700868935,0.07301118445074238,1.9779485596680363e-07,7.689325207983001e-08,0.027631992883318992,0.08255550354676873,0.35813343751612686,0.13206021990624567
TCGA-06-0238-01A,epic,0.4311032121852221,0.2216636536500589,1.192358897209517e-06,3.4012168002659697e-06,2.1081286081482608e-08,0.10290956339083318,0.20655224173041697,0.03776671438648528
TCGA-06-0644-01A,epic,0.9135965789750765,0.00012113124685708275,1.01435287206157e-08,5.9157963350796185e-08,3.527967847032974e-07,4.3682144097693185e-07,1.1640472016832853e-09,0.08628142969430151
TCGA-06-0645-01A,epic,0.7633593539979252,0.14328623580980854,9.124859103966623e-09,5.058643157664231e-09,3.086291379965889e-08,0.0002191565605031992,3.441829961487478e-08,0.09313517416704749
TCGA-06-0646-01A,epic,0.8391193826387215,3.2517712952845726e-07,5.584690950484645e-08,2.599625639788607e-08,1.1289749419725163e-07,1.940014859696327e-08,1.411610601704007e-07,0.1608799368822799
TCGA-06-0649-01B,epic,0.011545142461066088,0.0003371868093610514,2.9084669938994645e-05,3.5313315236770926e-08,0.0002501146813921839,1.29275946370246e-05,6.436721756662791e-06,0.9878190717485329
TCGA-06-0686-01A,epic,0.6270777632111884,0.06860466127706351,2.727239361642683e-08,1.3510630026349278e-08,1.6606757621065567e-05,0.09110706914796052,0.16318572558344865,0.05000813323969425
TCGA-06-0743-01A,epic,0.7653867055548776,0.00047719756285940845,0.00037830642010857187,1.023949097718782e-08,1.6149936479962993e-06,2.9647474735506858e-08,2.597393567760957e-08,0.23375610960760493
TCGA-06-0744-01A,epic,0.7974730146331053,0.055349230696008306,2.4950368628484705e-07,5.657756339593677e-09,2.0311432436377736e-06,0.1425366613364242,7.08340031330708e-09,0.004638799946375682
TCGA-06-0745-01A,epic,0.8689047791259314,2.160550173051848e-06,4.7252365965948925e-07,9.396230976113751e-09,1.0610334390207102e-07,4.639949647084311e-06,2.278469425283966e-09,0.13108783007254451
TCGA-06-0747-01A,epic,0.6305895396366488,7.464749550217771e-06,3.336115610424386e-06,2.5585518421200305e-07,2.1489689634577213e-07,1.7027199906592898e-05,6.640449826314238e-08,0.3693820951417052
TCGA-06-0749-01A,epic,0.7141294792989777,4.9886054795299255e-05,8.545099618253922e-07,7.561738921057178e-05,1.2655310766215423e-06,5.0253787716499436e-08,4.6663905320711474e-05,0.28569618305686956
TCGA-06-0750-01A,epic,0.6739800692606868,5.614328748610877e-05,2.8642573849194956e-06,8.068577479765506e-08,5.868786084964066e-06,1.3161859793280454e-07,6.830750711114337e-08,0.32595477379647725
TCGA-06-0878-01A,epic,0.6867460724033617,3.56885294248525e-08,0.007394858329693402,1.7916904566766305e-06,1.13425232915606e-06,0.001999316583902845,1.2541373163866878e-05,0.303844249678563
TCGA-06-0882-01A,epic,0.6749867362726487,8.81919393557308e-05,6.477596960435689e-09,2.123500719826867e-08,1.0240367683053275e-06,1.751602541159501e-06,2.6089556715769794e-05,0.32489617887936606
TCGA-06-1804-01A,epic,0.8673542440710527,3.994436266064463e-07,1.2697570658392477e-07,5.272017640196597e-08,6.516939490494758e-09,0.00014237677460494656,0.005908277902359701,0.1265945155955336
TCGA-06-2557-01A,epic,0.6629094682375858,0.1725766413704983,8.158672671339792e-08,2.4475454977751e-06,1.5886000233788833e-08,8.41877497656278e-08,0.07852196802138156,0.08598929316455992
TCGA-06-2558-01A,epic,0.7327961319314077,0.022296379895845528,2.138352992225043e-06,2.865642945856507e-06,6.391377984361085e-06,0.06626933350431531,0.1139088703604781,0.06471788893403091
TCGA-06-2559-01A,epic,0.921791178293688,5.06091122222556e-05,1.4822631188138758e-07,5.417719431169794e-09,1.1686602605642618e-09,7.20220163913112e-08,3.362487724289551e-09,0.07815798239689396
TCGA-06-2561-01A,epic,0.7312447184550261,0.00015420276341491967,6.864468973215404e-06,0.0004972283851162124,1.405366941400011e-07,0.00016606214390355603,3.089146678070401e-07,0.26793047433220424
TCGA-06-2562-01A,epic,0.9114640728491362,3.883908586252606e-09,1.134359737383221e-06,1.9173854051826643e-06,6.826342845465259e-06,2.90140442518317e-07,3.515173080938052e-08,0.08852571988679377
TCGA-06-2563-01A,epic,0.8707635973537234,0.0004897764853923848,1.7110856715100395e-05,4.457062271448829e-05,6.308000250909215e-08,0.05949228001012308,3.5520231912542896e-07,0.06919224638900995
TCGA-06-2564-01A,epic,0.853280558651095,1.2507246794113565e-06,6.802226109529112e-07,6.643823603457216e-09,1.3020834125803089e-09,5.937730730273381e-06,2.071265523178602e-06,0.1467094934594542
TCGA-06-2565-01A,epic,0.9473713715609563,2.6480776296786514e-07,8.422822335080113e-05,3.3488143419160626e-06,3.0689360790505114e-05,0.0014125399792370695,1.54342931103321e-08,0.051097541819267324
TCGA-06-2567-01A,epic,0.8709202624786415,0.02489513459275606,1.346868128394468e-06,1.0316658205788036e-06,7.4389631110111374e-09,9.452626159294034e-08,0.021583291569826545,0.08259883085960204
TCGA-06-2569-01A,epic,0.15192574175971835,0.022956315342481978,7.697695864795484e-07,1.5559696449703534e-09,0.6495631881822541,0.16602815878825034,0.00952581124782012,1.3353918926891254e-08
TCGA-06-2570-01A,epic,0.5042591419797118,0.21582906742835709,6.685872210779356e-07,1.172593393573393e-06,0.00016227191856412425,0.12424272014283372,0.14513378192529117,0.010371175424627508
TCGA-06-5408-01A,epic,0.8721736931368661,0.0723624130779494,1.6194823476477192e-08,4.6946183193265484e-07,8.254317068355005e-06,8.02791754255038e-07,1.1631209319472609e-05,0.05544271981038707
TCGA-06-5411-01A,epic,0.23421141825433053,0.14396708583387044,9.86786678602264e-07,1.317261724978375e-07,0.016186311786129153,0.10969369117841567,0.35990500030061146,0.13603537413379174
TCGA-06-5412-01A,epic,0.8289931325651408,0.0003695523528096685,2.5291517203390796e-06,5.608229211086884e-08,2.4955294475555566e-07,0.013027073893247606,5.210617250505722e-08,0.15760735429567227
TCGA-06-5413-01A,epic,0.8514494954148856,0.10302016376170406,2.1156937295581286e-06,7.333557336396864e-08,2.9277226305861967e-05,1.6978034167317928e-06,3.091328413524196e-09,0.04549717367305649
TCGA-06-5414-01A,epic,0.8221944310513651,5.861861820802046e-08,2.6117056246814915e-08,2.3691006739995807e-09,3.4077736396007544e-09,2.5438453141443022e-08,3.022731847073449e-08,0.17780542277031436
TCGA-06-5415-01A,epic,0.9267644647640279,4.0863768388013005e-05,5.0816998571200146e-08,1.4725299588829251e-05,7.928020191064126e-08,1.174686690299932e-06,9.238272454123538e-06,0.07316940311165038
TCGA-06-5418-01A,epic,0.8164355326214576,7.87395356101721e-10,1.6104787799243582e-07,2.0504153831319343e-07,6.183206921044762e-09,3.7547148967332265e-08,2.2692340778624172e-08,0.18356403407903402
TCGA-06-5856-01A,epic,0.8632541955395826,5.637274641165322e-09,6.83164340194845e-09,5.653841454877022e-09,2.3131079073756503e-07,6.972305211223937e-08,1.2252159520972155e-07,0.13674536278221983
TCGA-06-5858-01A,epic,0.7240013023480182,0.031342814353693675,9.917841946651104e-07,1.717832023953541e-07,1.143819273739914e-06,6.104322113405554e-06,0.141295388157061,0.10335208343244286
TCGA-06-5859-01A,epic,0.2706332778504377,3.6672988109824205e-05,2.8795878791914434e-09,2.160370707864014e-06,2.1058853188917032e-07,5.9228624424028e-06,6.472111641986477e-08,0.729321687739066
TCGA-06-6698-01A,epic,0.7301698367390368,0.11928541081479073,4.140081618391759e-05,1.7762688811467908e-08,5.705531246679711e-06,0.00033105537210831386,1.6305019406332712e-05,0.15015026794453842
TCGA-08-0386-01A,epic,0.8905089586838579,8.638093808148413e-06,1.7346929144609355e-07,2.0986440964585532e-07,2.526046723621624e-05,0.03187215276646768,8.728882954137275e-06,0.07757587777197485
TCGA-12-0616-01A,epic,0.9369280586431363,7.071612900499937e-06,9.866510751675578e-08,8.531216947648685e-07,4.792908211575878e-09,7.593570491738004e-07,2.4557338717896585e-06,0.06306069807333183
TCGA-12-0618-01A,epic,0.9111426820497697,5.019138347641071e-08,1.3746874062625554e-07,2.1457666099077077e-07,0.00020296878990441787,0.030471326462509548,0.0019030757275098934,0.056279544733521425
TCGA-12-0619-01A,epic,0.7970166507868162,3.4105111777401564e-08,2.6700332934349932e-08,8.970527019172206e-09,1.1875825298240718e-08,3.890956164968062e-06,4.4679734217431017e-07,0.20297892980787968
TCGA-12-0821-01A,epic,0.5412791818264722,7.201637929700913e-07,1.4600198085348868e-08,5.982354587912689e-08,1.372145502387086e-06,1.2036874236566968e-07,7.718651296707635e-07,0.4587177592066165
TCGA-12-3650-01A,epic,0.7211253087557834,0.08630487450991267,4.9815824089971607e-05,7.824050620377118e-08,3.770997104253584e-08,0.13339746865052174,0.01860426596455236,0.04051815034466258
TCGA-12-3652-01A,epic,0.7119532922802019,4.25937127142535e-06,8.011495686364766e-07,6.958036222789135e-05,5.1192339793662e-07,0.00015175726179308155,5.441176858001884e-06,0.2878143564746811
TCGA-12-3653-01A,epic,0.9207951528581582,1.406794149642829e-07,1.2729978279786864e-08,6.283415931415596e-09,7.019484180970653e-09,1.344847289659401e-05,2.19357849677954e-09,0.07919122976307326
TCGA-12-5295-01A,epic,0.9112672145355664,0.017941511353981678,8.63148190036457e-08,1.1794722042682298e-06,6.7251693473642254e-09,2.5830477205931822e-06,7.914514514649508e-09,0.07078741063602428
TCGA-12-5299-01A,epic,0.9012884744123437,0.07080987411326288,0.0001270118767314215,2.3611784647852004e-05,1.2560679959560252e-05,7.211892840795773e-07,3.9288886342834225e-05,0.027698457057427697
TCGA-14-0736-02A,epic,0.31120137814227794,1.0176016190098502e-07,9.959828790426338e-07,1.3904963895863218e-05,4.791265818905162e-07,4.344176239084312e-07,2.3152199713416403e-07,0.6887824740845824
TCGA-14-0781-01B,epic,0.7173098619588116,5.933281575720783e-07,8.591804099326998e-08,2.0786866060820747e-08,2.2173772566154285e-07,3.047505333323879e-07,2.3915491470507203e-07,0.28268867236495004
TCGA-14-0787-01A,epic,0.9055877585434428,1.010055219078958e-07,9.910859677193866e-09,5.050492786718672e-07,3.08260241537003e-08,2.2020135531841384e-08,3.820453442332366e-09,0.09441156882428398
TCGA-14-0789-01A,epic,0.8473021326164325,0.07065374622096428,1.2834708750580215e-08,3.2191529682995964e-08,4.169676305469349e-07,1.2881680521329397e-06,5.600438615904484e-09,0.08204236540024348
TCGA-14-0790-01B,epic,0.8685948228701328,2.8168335330316817e-05,1.1123533128907241e-07,4.734094031463428e-06,8.780803533232541e-10,7.543684688590492e-07,1.6622254945144072e-08,0.1313713915963701
TCGA-14-0817-01A,epic,0.8910733721595812,0.005746763058421084,1.9265146932206342e-06,2.5166070783614864e-08,2.082606171357396e-06,0.018582163459699336,0.014966968484640627,0.06962669855072222
TCGA-14-0871-01A,epic,0.3799610573804674,0.05006274218187947,9.429751762527712e-08,3.342457597462965e-08,0.4047626608383747,0.1531905145878333,0.012022896088545794,1.2008057600896989e-09
TCGA-14-1034-01A,epic,0.8481503701206108,0.01795483941820372,0.00026512986370960385,8.634809865275087e-09,6.086319624712063e-07,3.885324626789091e-06,2.608268339164731e-07,0.13362489717924275
TCGA-14-1034-02B,epic,0.8001508669166526,0.0632082584633003,6.465242288686974e-07,1.18036242763744e-06,5.2218055306348225e-06,0.08755928215897002,0.00012591092557037617,0.04894863284331954
TCGA-14-1823-01A,epic,0.6785653865474258,2.610844118393342e-08,1.5729214629195165e-05,4.907809732610057e-08,5.013609467626423e-06,1.0458203066612249e-07,7.71670648684066e-08,0.3214136136928432
TCGA-14-1825-01A,epic,0.6704882048034225,0.04290816084101887,3.3196717695717635e-07,9.573388214432119e-08,8.331658511293795e-05,0.06051545896804204,0.19210463248920184,0.033899798612142575
TCGA-14-1829-01A,epic,0.7111779116055601,0.0639333523455742,2.798776933542861e-08,3.9871747961366695e-08,6.364012430425109e-08,0.08434811067053491,0.09951560133024488,0.04102489254844438
TCGA-14-2554-01A,epic,0.8856652059088864,3.161401756532109e-08,1.3436078739794043e-09,5.9563724976030316e-08,4.43947892490487e-08,1.636610331467559e-07,2.026933604372608e-07,0.11433429082058028
TCGA-15-0742-01A,epic,0.949451049649062,1.1945873749811408e-06,0.0001722908475491202,6.31343414317448e-07,8.485505176625831e-08,2.1949866340139716e-06,0.00010481870220827674,0.050267735028705705
TCGA-15-1444-01A,epic,0.5907388126104588,0.010741649314940316,6.948866223878137e-08,8.061509829294261e-08,5.431363290206092e-06,5.485779470427125e-06,0.28583158394664143,0.11267688688143836
TCGA-16-0846-01A,epic,0.8160675346420978,5.169892589915433e-07,9.420908959908282e-08,1.2135379514787548e-07,8.444934491121978e-08,1.944550090763408e-07,2.557516293110327e-06,0.18392889638511142
TCGA-16-1045-01B,epic,0.8728988480387775,0.026247145040642992,4.742889334816718e-08,2.487380427427316e-07,5.293146582507069e-09,1.7334163016830985e-05,3.3919709393836966e-06,0.10083297932654074
TCGA-19-1390-01A,epic,1.050329060727138e-06,0.10118118334906752,2.3976304378063456e-07,2.7517537183195056e-05,0.14249690577898874,0.157745389894041,0.5008251249723173,0.09772258837629763
TCGA-19-1787-01B,epic,0.7837119279368908,0.10075039868275885,3.6169342267660937e-08,1.5188769229534904e-08,3.827196869316528e-08,0.01036944587934281,0.021681768065136563,0.08348636980579077
TCGA-19-2619-01A,epic,0.8537466203636287,9.793834022509307e-09,6.297174060868318e-08,2.9339753285597517e-08,4.143785365511167e-07,1.3501485862386344e-07,3.0284494807590144e-07,0.14625242529270022
TCGA-19-2620-01A,epic,0.5221408668103149,0.00024271489283714847,1.813866915035516e-05,1.2793474353511666e-05,1.4700120468567225e-05,1.7338630072726566e-05,0.0780059417615204,0.39954750564128233
TCGA-19-2624-01A,epic,0.9472552137956799,0.002048826255572428,1.3911449175665204e-07,1.8591878879104607e-07,2.4501545957418895e-06,1.752433174264133e-06,2.8461352626424755e-05,0.050662970975070554
TCGA-19-2625-01A,epic,0.3194659044737194,9.26434457790582e-06,8.483453629237857e-06,1.3659755853446445e-07,5.752520941353576e-06,7.145297617257747e-05,3.491257638227943e-07,0.680438656507637
TCGA-19-2629-01A,epic,0.820158700687484,9.320684879869805e-05,3.523653949426234e-07,2.3799057152861272e-08,6.987131455565634e-08,2.054349497481727e-05,0.0024182013578633544,0.17730890157511245
TCGA-19-4065-01A,epic,0.8940259281887383,0.014989684606327427,2.7215130604780493e-05,2.3996870230656675e-08,2.954221263082205e-07,2.787882875059473e-05,1.1720316132506146e-07,0.090928856623421
TCGA-19-4065-02A,epic,0.8199464925467932,4.333998667311852e-06,1.0821889707651105e-08,4.025679322089531e-06,5.137013833935887e-10,0.00011766011424889112,1.1035623964645908e-08,0.17992746528975356
TCGA-19-5960-01A,epic,0.9490089155873747,2.992253999358507e-07,3.824159431883199e-07,2.3116556410736458e-07,8.034685389164721e-09,5.89011825788879e-06,6.31628535754601e-05,0.05092111059919937
TCGA-26-1442-01A,epic,0.8733809770108735,2.76644167822549e-07,0.0013885774476737152,0.0016425345699228556,1.0869610191902259e-09,0.00433469039765336,0.004467609799324083,0.11478533304342371
TCGA-26-5132-01A,epic,0.9200811269262872,5.742898501130978e-06,1.0178078221820348e-06,0.00011437924771749132,1.366918702421287e-05,0.009541969577139271,1.3104718534799714e-08,0.07024208125078991
TCGA-26-5133-01A,epic,0.6191717387476464,8.976496842331774e-07,5.328053663353843e-05,6.167216144676824e-05,4.545953439706446e-09,9.531353409294832e-07,1.7065329135686975e-08,0.38071143615796554
TCGA-26-5134-01A,epic,0.8746277183892647,9.003539284875867e-07,4.230279809683221e-07,2.6958114521876863e-07,1.4052518813372111e-05,3.894918153034643e-06,0.045031856551848666,0.08032088465886568
TCGA-26-5135-01A,epic,0.8205409058262073,1.132557624253833e-06,1.1438691281246264e-07,2.6782899492557578e-05,9.733488930671692e-05,0.07086776829490789,9.693733793355827e-09,0.10846595145181465
TCGA-26-5136-01B,epic,0.908197091657194,6.692050810894351e-05,1.0330949411975955e-05,1.9859785718240335e-06,7.952978119977243e-06,3.447221740786574e-06,8.118971204121756e-06,0.09170415173564832
TCGA-26-5139-01A,epic,0.8087865835519774,1.9822836603997878e-06,1.7337851847362719e-07,1.126918111753568e-06,1.3280722947146029e-06,1.251556394301706e-07,3.003591254835173e-07,0.19120838028067239
TCGA-27-1830-01A,epic,0.8179199397386332,0.0009096097430704961,4.5831974343625313e-08,4.149021573235183e-08,1.5234744168847433e-08,5.624299884030988e-08,4.920492826781928e-06,0.18116537122553636
TCGA-27-1831-01A,epic,0.8946309178719662,1.1014547081675214e-05,1.496068633352186e-08,1.7982620980692495e-06,0.012665538418394514,0.013795548764327783,4.8812171820949725e-06,0.07889028595826315
TCGA-27-1832-01A,epic,0.8048662109409742,6.7904443401556e-07,4.32912665662167e-07,5.567158479900238e-08,6.2492845011086536e-09,3.5751663959557505e-09,5.119721556206509e-09,0.19513260648616887
TCGA-27-1834-01A,epic,0.8513255398190572,0.0007887884921194282,2.2141410373602463e-06,1.8486017745950853e-09,4.354475116047011e-06,8.621186764567249e-06,7.581968045573393e-08,0.1478704042176232
TCGA-27-1835-01A,epic,0.8826512367990336,4.7006991131906036e-05,2.75082012995614e-06,1.1544388071812525e-07,3.1467910671917347e-09,9.869040335951704e-06,6.024142836039514e-05,0.11722877633033645
TCGA-27-1837-01A,epic,0.8548266553073972,1.1965229658606546e-05,2.2094659472438028e-06,3.920023041928696e-07,7.287741580672221e-07,5.787328610968469e-08,3.643444044473936e-07,0.14515762700284415
TCGA-27-2519-01A,epic,0.721882794687172,2.697497789175103e-08,3.0876799648578135e-07,3.5976207008536167e-06,1.2874346729637132e-06,1.9675934882169557e-05,8.832601976575593e-09,0.2780922997469958
TCGA-27-2521-01A,epic,0.9426450371146321,1.62432191775025e-06,9.234435610138137e-09,0.00015204270158231602,1.5016846596612567e-06,0.0002536016410245653,0.02931478179896521,0.027631401502782635
TCGA-27-2523-01A,epic,0.8851385786474422,0.007859657334932841,1.3451233122740898e-05,1.3921120985001906e-06,8.06129288608986e-09,0.016412337899439855,1.0070194839407491e-08,0.09057456464147601
TCGA-27-2524-01A,epic,0.62891914645835,0.13117410200608728,2.807014819551838e-07,2.0650355555803296e-07,1.564948285794479e-07,0.21557733681155838,2.6647234591357235e-10,0.024328770757665836
TCGA-27-2526-01A,epic,0.6724469407212257,0.00012047095082117302,9.033880695451261e-09,0.0008790742555763332,8.060234123044168e-08,3.150121167915717e-06,2.189094640820348e-07,0.32655005540552284
TCGA-27-2528-01A,epic,0.9169070783865011,4.164143233144944e-08,2.6676629520353865e-08,3.132873156804799e-06,5.323514999286497e-09,3.782084631601407e-07,5.337077160127637e-09,0.08308933155322501
TCGA-28-1747-01C,epic,0.9069786294718774,7.846302952552993e-06,2.605210787334176e-06,0.00016253024419207108,6.605211210111061e-07,3.896410785724294e-05,0.003393648283105624,0.08941511585810683
TCGA-28-1753-01A,epic,0.7103045018199783,0.12394415624337696,3.5010869508096484e-07,5.027083464508157e-07,1.223953059498578e-07,0.09233679649899572,0.00043585685516997464,0.07297771337013141
TCGA-28-2509-01A,epic,0.8855336978335103,0.024808699424777265,4.1052084020304984e-08,1.332137728459161e-06,2.3898124977755646e-07,0.04507043843205181,3.707833856211808e-06,0.04458184430474232
TCGA-28-2510-01A,epic,0.28337883524488866,0.02790120139955159,4.0698543013726915e-05,3.395631656149209e-07,2.167256374025049e-08,0.0599116465841115,0.43586458869669076,0.19290266829601455
TCGA-28-2513-01A,epic,0.7587447819752156,0.15804661089385885,7.150755443640003e-07,2.0336062269729795e-08,5.920235309326529e-07,0.00017090556253822223,8.956113683591657e-09,0.08303636517713622
TCGA-28-2514-01A,epic,0.9130803962875987,8.168989362896172e-09,3.1489087513822854e-08,7.325295379007201e-08,0.00012701455578917545,0.023708439474152174,2.741582218056256e-05,0.06305662094924863
TCGA-28-5204-01A,epic,0.627870906384373,0.153527337955245,1.2112587878447638e-06,9.066963738132411e-07,7.477594832576552e-05,0.18798524451556586,3.3319464394742023e-06,0.030536285294889238
TCGA-28-5207-01A,epic,0.8847597391742549,0.0006250689572869689,6.773446489994936e-06,8.417346929462866e-06,5.509864845364288e-09,0.06289179074077687,8.919287070907985e-05,0.05161901195368792
TCGA-28-5208-01A,epic,0.8666771327255611,8.35468129967859e-06,5.948440506360097e-07,4.064521489651716e-10,7.339786992506096e-07,5.754702427270377e-06,1.4078418708847275e-06,0.13330602081963902
TCGA-28-5209-01A,epic,0.9327851197392595,1.5506971422100873e-07,0.0001106264844669045,0.00018626505119075828,8.509499902413766e-05,1.606284008395055e-06,1.755944811330251e-09,0.06683113061639137
TCGA-28-5213-01A,epic,0.6120273960427659,2.8949957879351886e-06,4.319982355352075e-06,8.53914109645467e-08,4.3304574828514565e-09,1.8435908389171089e-06,3.0388982666623746e-08,0.3879634252774008
TCGA-28-5215-01A,epic,0.8408358822005412,0.000432020577673416,0.0009788756466117927,0.00041576987859419503,4.455343409428557e-06,1.0470465090805332e-05,0.0008504138350133625,0.15647211205306577
TCGA-28-5216-01A,epic,0.9037869247027184,1.072014323525224e-07,1.2416892415757337e-08,1.2821394442023698e-06,8.625347208057872e-05,7.449344613804136e-06,0.02279925860603876,0.07331871211677937
TCGA-28-5218-01A,epic,0.28328291615987455,0.2980389278630432,1.2775710609968505e-06,4.975877248301797e-05,0.1491717619993708,0.26283858075364386,0.006611978016982254,4.798863541325015e-06
TCGA-28-5220-01A,epic,0.6865477292012457,4.546814343935326e-09,2.541509334446565e-08,1.1556802966279184e-07,6.071002111532363e-07,1.6333157228858742e-06,1.8919315890656246e-07,0.3134496956597238
TCGA-32-1970-01A,epic,0.9097971259882799,2.215063207415658e-07,1.361862983155288e-07,1.79435946052411e-05,3.688924277841207e-05,1.6788276364598813e-06,4.4144429350213636e-05,0.09010186022473057
TCGA-32-1980-01A,epic,0.7496889418788873,8.698695410661374e-07,3.0444343975683795e-09,5.124979670408522e-09,4.886167801771679e-09,2.4666690371804954e-05,0.1153198703141283,0.13496563819148957
TCGA-32-1982-01A,epic,0.7527667684982625,0.05565054060346028,1.0818058965547786e-06,7.664897248510461e-06,4.809882601725373e-08,0.14462305361896638,7.467345222348513e-09,0.04695083500999449
TCGA-32-2615-01A,epic,0.816294761099775,5.834802205628808e-05,8.174444239969833e-06,1.5898873607104564e-05,1.4607082568958044e-08,3.774740466216311e-08,1.004807054076763e-05,0.18361271713529367
TCGA-32-2616-01A,epic,0.7603928709681067,3.915445345329553e-06,2.3204800150677557e-08,1.0477105466978959e-09,2.4703839701651355e-09,1.0142774989558715e-06,5.764454419976044e-08,0.23960211494161002
TCGA-32-2632-01A,epic,0.8545026681664335,8.601655927807762e-06,3.6263489168779686e-07,4.88602718408777e-08,3.163860038065276e-08,1.3290214303044176e-06,2.0978514691682915e-08,0.1454869370439299
TCGA-32-2634-01A,epic,0.8521944311369648,3.0321359551310638e-06,0.0005420009807826321,2.5886619533577165e-07,2.2783227477269746e-08,7.067873578391318e-06,0.06491286734821557,0.0823403188750808
TCGA-32-2638-01A,epic,0.8437982875082782,1.5353351645189947e-08,1.1588890539058825e-06,4.696417475101621e-07,1.8153448482303411e-09,2.085719793061485e-07,1.1082424224438162e-07,0.15619974739600218
TCGA-32-4213-01A,epic,0.7184575394953864,1.165874753124068e-07,9.615821749640419e-06,7.906221006722868e-06,2.9368055615730996e-08,5.228708036907863e-09,5.13310279401601e-09,0.2815247821445156
TCGA-32-5222-01A,epic,0.597644251923027,0.24851955893110686,6.171149608806498e-06,0.0005118432569056822,1.026394649237392e-05,0.024579937260038223,0.0632798227792962,0.06544815075352486
TCGA-41-2571-01A,epic,0.4698538622868965,0.05724819673797033,1.0708478917704569e-07,4.284055139404886e-08,0.012260807140993809,0.09082103930499909,0.2989287706939231,0.0708871739098765
TCGA-41-2572-01A,epic,0.823384944439538,9.201976826161875e-07,1.0489549628305381e-07,3.0084730882800133e-06,9.337360894493646e-09,8.513385373720597e-06,2.8002989254442135e-08,0.17660247126847092
TCGA-41-3915-01A,epic,0.8527803221605835,0.09801560375423367,4.542590614900397e-07,9.123449596046909e-05,1.012664146471775e-05,7.967795766350103e-05,3.2350341051630165e-06,0.04901934569692743
TCGA-41-4097-01A,epic,0.5277267256633215,2.4165501630882566e-06,9.76477955137746e-07,2.523498952828304e-06,6.195658749314384e-08,3.1470446893444903e-06,5.258247316571872e-09,0.47226414355008334
TCGA-41-5651-01A,epic,0.8472507406075244,0.007249464349917159,0.00011384474863755287,1.1321595287370333e-06,2.2000196256539813e-07,0.05904755495165768,0.053306657723428144,0.0330303854573437
TCGA-76-4925-01A,epic,0.8694452298099812,0.002712659084205637,1.2852995102579068e-07,1.7352200107006742e-06,8.056695761611754e-08,9.172438177965235e-09,2.759800308435183e-09,0.1278401548566554
TCGA-76-4926-01B,epic,0.8885626634874827,7.424593100885297e-08,5.0160292590100935e-06,0.00024745104771718463,2.988225423129175e-06,0.0003861359492136775,3.716919716526053e-05,0.110758501817808
TCGA-76-4928-01B,epic,0.9237178000687534,0.0003419112071753992,1.279557447279676e-09,9.534152754485871e-07,2.722746707129414e-09,8.678088700874964e-06,4.830691245588286e-09,0.07593064838709933
TCGA-76-4929-01A,epic,0.016586564847570623,3.490245589930163e-06,4.927628641400915e-06,2.5971412402114145e-06,0.00011444817898629429,5.0060611225972756e-06,3.4771312792925438e-06,0.9832794887655698
TCGA-76-4931-01A,epic,0.9360027591087852,2.0985052592818147e-06,0.00022220797519208727,0.0003461408845829098,1.206255966251384e-07,7.267383403801853e-07,0.0003165952431050739,0.06310935091913845
TCGA-02-0047-01A,bayesprism,0.9995334848678261,0.0004446675703147524,0.0,0.0,0.0,2.1847561859065674e-05,0.0,0.0
TCGA-02-0055-01A,bayesprism,0.8245728071837676,0.0900133385215921,0.0,0.0,0.0,0.08541385429464028,0.0,0.0
TCGA-02-2483-01A,bayesprism,0.7185942640022374,0.07514929727934197,0.018903152050752058,0.0,0.06462781596004682,0.12272547070762181,0.0,0.0
TCGA-02-2485-01A,bayesprism,0.9997033193579858,0.0,0.0,0.0,0.0,0.0002966806420140899,0.0,0.0
TCGA-02-2486-01A,bayesprism,0.9590186204834619,0.04098137951653811,0.0,0.0,0.0,0.0,0.0,0.0
TCGA-06-0125-01A,bayesprism,0.9731408422812173,0.013470936233243375,0.0,0.0,0.0,0.01295511822689373,0.0,0.0004331032586454696
TCGA-06-0125-02A,bayesprism,0.9580966008047072,0.03521925885121747,0.0,0.0,0.0,0.0013102455042376248,0.0,0.005373894839837859
TCGA-06-0129-01A,bayesprism,0.9473712604298329,0.05019153418307368,0.0,0.0,0.0024372053870934736,0.0,0.0,0.0
TCGA-06-0130-01A,bayesprism,0.9085301142313966,0.0764843068582751,0.0,0.0,0.00805873074112707,0.006926848169201175,0.0,0.0
TCGA-06-0132-01A,bayesprism,0.9199426699858708,0.06323363080515146,0.0,0.0,0.0,0.0009537678183126921,0.008521692049123345,0.007348239341541772
TCGA-06-0141-01A,bayesprism,0.894543266726794,0.076244390700136,0.0,0.0,0.0,0.009168876414509334,0.0,0.02004346615856065
TCGA-06-0152-02A,bayesprism,0.948267039020566,0.0324164572227181,0.0,0.0,0.0,0.01931650375671594,0.0,0.0
TCGA-06-0157-01A,bayesprism,0.998770810990098,0.0011577324024255493,0.0,0.0,0.0,7.145660747650554e-05,0.0,0.0
TCGA-06-0158-01A,bayesprism,0.9947762899675027,0.0051910428024195526,0.0,0.0,0.0,3.266723007768088e-05,0.0,0.0
TCGA-06-0168-01A,bayesprism,0.944641791712363,0.05272697050411702,0.0,0.0,0.0,0.0009009994259190465,0.0,0.0017302383576011406
TCGA-06-0171-02A,bayesprism,0.7613497215260157,0.2196934924844551,0.0,0.0,0.0,0.013602084613186752,0.0,0.00535470137634248
TCGA-06-0174-01A,bayesprism,0.9839698160105447,0.006309038158031275,0.0,0.0,0.0,0.009721145831424081,0.0,0.0
TCGA-06-0184-01A,bayesprism,0.8248163801582354,0.09956466442909845,0.0,0.0,0.0,0.044384512664920925,0.005516606658395659,0.025717836089349515
TCGA-06-0187-01A,bayesprism,0.9876137901065963,0.011268110509330754,0.0,0.0,0.0,0.0011180993840729041,0.0,0.0
TCGA-06-0190-01A,bayesprism,0.8809131925900193,0.06651930896946666,0.0,0.0,0.0,0.0516315094721055,0.0,0.0009359889684084767
TCGA-06-0190-02A,bayesprism,0.8493589892199672,0.08226727837840503,0.0,0.0,0.018902119636348445,0.04947161276527924,0.0,0.0
TCGA-06-0210-02A,bayesprism,0.9708537732522109,0.02847273709931573,0.0,0.0,0.0,0.0006734896484734336,0.0,0.0
TCGA-06-0211-01B,bayesprism,0.9487327718164601,0.03347627256802843,0.0,0.0,0.0,0.014871554907615743,0.0,0.0029194007078958057
TCGA-06-0211-02A,bayesprism,0.9203755119788931,0.07010135154831683,0.0,0.0,0.0,0.00952313647279012,0.0,0.0
TCGA-06-0219-01A,bayesprism,0.9490419224802651,0.0169094542307565,0.0,0.0,0.0,0.0001406758809343536,0.022788935754834618,0.011119011653209474
TCGA-06-0221-02A,bayesprism,0.9250513813065991,0.011413290175160346,0.0,9.793778016306248e-05,0.0007190795516961853,0.013444496812020293,0.035181202824197955,0.014092611550162983
TCGA-06-0238-01A,bayesprism,0.877615366571737,0.07660411030541757,0.0,0.0,0.0,0.007033706439221727,0.033597282980039216,0.005149533703584472
TCGA-06-0644-01A,bayesprism,0.9086664592256766,0.058676026808560384,0.0,0.0,0.008633000166292525,0.024024513799470407,0.0,0.0
TCGA-06-0645-01A,bayesprism,0.8876023192140154,0.1023308555785407,0.0,0.0,0.0,0.010066825207443859,0.0,0.0
TCGA-06-0646-01A,bayesprism,0.9616698934923503,0.038218102042094186,0.0,0.0,0.0,0.00011200446555552739,0.0,0.0
TCGA-06-0649-01B,bayesprism,0.9964044535538794,0.00046862604092213583,0.0,0.0,0.0,0.00011023273658970782,0.0,0.0030166876686087214
TCGA-06-0686-01A,bayesprism,0.9473151106666492,0.020050510866100445,0.0,0.0,0.0,0.01745895089150527,0.012457858147447352,0.0027175694282977345
TCGA-06-0743-01A,bayesprism,0.9912794755837057,0.005866704660405804,0.0,0.0,0.0,0.0008422178980824817,0.0,0.0020116018578060597
TCGA-06-0744-01A,bayesprism,0.9708003657253467,0.020922988591072694,0.0,0.0,0.0,0.008276645683580695,0.0,0.0
TCGA-06-0745-01A,bayesprism,0.9244737299686403,0.0393114679210212,0.0,0.0,0.0,0.029880415707693,0.0,0.006334386402645484
TCGA-06-0747-01A,bayesprism,0.9990946382254428,0.0,0.0,0.0,0.0,0.0006889883528966218,0.0,0.0002163734216606311
TCGA-06-0749-01A,bayesprism,0.99869300710428,0.0013069928957199915,0.0,0.0,0.0,0.0,0.0,0.0
TCGA-06-0750-01A,bayesprism,0.988452767174779,0.010841804323441796,0.0,0.0,0.0,0.0007054285017790769,0.0,0.0
TCGA-06-0878-01A,bayesprism,0.945811415347766,0.040157924360641827,0.0,0.0,0.0,0.005571239166664935,0.0,0.008459421124927218
TCGA-06-0882-01A,bayesprism,0.9624713063044386,0.02787004705625481,0.0,0.0,0.0,0.001048075133983593,0.0,0.008610571505323072
TCGA-06-1804-01A,bayesprism,0.9315044098053203,0.030870320930550407,0.0,0.0,0.0,0.013160800628673995,0.0,0.02446446863545519
TCGA-06-2557-01A,bayesprism,0.9374644927990554,0.05947551754952839,0.0,0.0,0.0,0.00019774128560250058,0.0008985424877480126,0.0019637058780657443
TCGA-06-2558-01A,bayesprism,0.9084080658952067,0.03111608675371956,0.0,0.0,0.0,0.04419595859426565,0.009948969960815875,0.006330918795992216
TCGA-06-2559-01A,bayesprism,0.9781206868771313,0.00596300324741313,0.0,0.0,0.0,0.01591630987545561,0.0,0.0
TCGA-06-2561-01A,bayesprism,0.9939004858976294,0.005883032813369581,0.0,0.0,0.0,0.00021648128900105825,0.0,0.0
TCGA-06-2562-01A,bayesprism,0.8811283284159824,0.05494138625135992,0.0,0.0,0.0,0.05630062648259955,0.0,0.007629658850057975
TCGA-06-2563-01A,bayesprism,0.9388689817588171,0.018846745522984286,0.0,0.0,0.0,0.042144539565359344,0.0,0.00013973315283939824
TCGA-06-2564-01A,bayesprism,0.9796936331882853,0.011002916696597077,0.0,0.0,0.0,0.006535618045840207,0.0,0.0027678320692773217
TCGA-06-2565-01A,bayesprism,0.9630050531995652,0.019474501715599796,0.0,0.0,0.0,0.0175204450848351,0.0,0.0
TCGA-06-2567-01A,bayesprism,0.9663523605122369,0.032797872679479166,0.0,0.0,0.0,0.0008497668082837956,0.0,0.0
TCGA-06-2569-01A,bayesprism,0.7331634272367804,0.005846676809654215,0.07766973192699679,0.0,0.07116799586142225,0.11215216816514632,0.0,0.0
TCGA-06-2570-01A,bayesprism,0.9552647878189917,0.0380087522112914,0.0,0.0,0.0,0.0044969964251009,0.002229463544616077,0.0
TCGA-06-5408-01A,bayesprism,0.970415036321043,0.024989371426672118,0.0,0.0,0.0,0.004595592252284778,0.0,0.0
TCGA-06-5411-01A,bayesprism,0.8742950227967036,0.04252940313356703,0.0,0.0,0.0,0.012432674231008948,0.050015696380030374,0.02072720345869016
TCGA-06-5412-01A,bayesprism,0.8671842812221265,0.09682098124736066,0.0,0.0,0.0,0.025417494848979146,0.0,0.010577242681533693
TCGA-06-5413-01A,bayesprism,0.9667899262059649,0.028504553291443437,0.0,0.0,0.0,0.004705520502591643,0.0,0.0
TCGA-06-5414-01A,bayesprism,0.9477794988479363,0.042543045445052684,0.0,0.0,0.0,0.005428793972272504,0.0,0.004248661734738455
TCGA-06-5415-01A,bayesprism,0.9992844227335549,0.0,0.0,0.0,0.0,0.0007155772664451357,0.0,0.0
TCGA-06-5418-01A,bayesprism,0.9879096102958665,0.01187617052220204,0.0,0.0,0.0,0.0002142191819314894,0.0,0.0
TCGA-06-5856-01A,bayesprism,0.9833518699635836,0.009522107396575765,0.0,0.0,0.0,0.004888068228787304,0.0,0.0022379544110532833
TCGA-06-5858-01A,bayesprism,0.9417468505487195,0.027033039387669277,0.0,0.0,0.0,0.020101732253632813,0.007569209496419511,0.003549168313558951
TCGA-06-5859-01A,bayesprism,0.9899338942418743,0.000158143759070176,0.0,0.0,0.0,0.0,0.0,0.009907961999055635
TCGA-06-6698-01A,bayesprism,0.9044608570993018,0.07210884818286828,0.0,0.0,0.0,0.022283003575899983,0.0,0.0011472911419300093
TCGA-08-0386-01A,bayesprism,0.9861431781274071,0.0033098872978174244,0.0,0.0,0.0,0.01054693457477547,0.0,0.0
TCGA-12-0616-01A,bayesprism,0.9954322663271474,0.0042907996678233085,0.0,0.0,0.0,0.0002769340050292449,0.0,0.0
TCGA-12-0618-01A,bayesprism,0.9953869711732412,0.0010220075240272286,0.0,0.0,0.0,0.0035910213027315627,0.0,0.0
TCGA-12-0619-01A,bayesprism,0.9673670300384871,0.03163512240858713,0.0,0.0,0.0,0.0009978475529257875,0.0,0.0
TCGA-12-0821-01A,bayesprism,0.999191643034143,0.0,0.0,0.0,0.0,0.0008083569658570082,0.0,0.0
TCGA-12-3650-01A,bayesprism,0.9438677702143374,0.03402447174434008,0.0,0.0,0.0,0.022107758041322412,0.0,0.0
TCGA-12-3652-01A,bayesprism,0.9803302844648042,0.0020211672890546642,0.0,0.0,0.0,0.00752573716855801,0.0,0.010122811077583149
TCGA-12-3653-01A,bayesprism,0.9718582462694,0.01676522989049913,0.0,0.0,0.0,0.011376523840100943,0.0,0.0
TCGA-12-5295-01A,bayesprism,0.9183123236271666,0.06020726077813369,0.0,0.0,0.0,0.01718126265466906,0.0,0.0042991529400306224
TCGA-12-5299-01A,bayesprism,0.981158111146595,0.01873235257557451,0.0,0.0,0.0,0.00010953627783044806,0.0,0.0
TCGA-14-0736-02A,bayesprism,0.9347926412286367,0.018800688408980575,0.03682420097466358,0.0,0.0,0.0,0.0,0.009582469387719195
TCGA-14-0781-01B,bayesprism,0.9932856587544304,0.004501425935361211,0.0,0.0,0.0,0.002212915310208328,0.0,0.0
TCGA-14-0787-01A,bayesprism,0.9854221843798165,0.014533471868324424,0.0,0.0,0.0,4.434375185903567e-05,0.0,0.0
TCGA-14-0789-01A,bayesprism,0.8723340515552089,0.12377879214987011,0.0,0.0,0.0,0.0038871562949208942,0.0,0.0
TCGA-14-0790-01B,bayesprism,0.9846714500711096,0.0,0.0,0.0,0.0,0.0010672094423102075,0.0,0.014261340486580322
TCGA-14-0817-01A,bayesprism,0.8890531503736333,0.08129947692217046,0.0,0.0,0.0,0.02516884570906851,0.0006574001877148079,0.003821126807412966
TCGA-14-0871-01A,bayesprism,0.7102673874222153,0.07740957391777316,0.0,0.0,0.06797434526033899,0.1443486933996726,0.0,0.0
TCGA-14-1034-01A,bayesprism,0.9776066310645867,0.021609299748285224,0.0,0.0,0.0,0.0007840691871281135,0.0,0.0
TCGA-14-1034-02B,bayesprism,0.9845979276567017,0.0021526774680065835,0.0,0.0,0.0,0.013249394875291677,0.0,0.0
TCGA-14-1823-01A,bayesprism,0.9630982237376042,0.03690177626239583,0.0,0.0,0.0,0.0,0.0,0.0
TCGA-14-1825-01A,bayesprism,0.9961298769633029,0.000852953193715031,0.0,0.0,0.0,0.0005754726621848493,0.0024416971807971377,0.0
TCGA-14-1829-01A,bayesprism,0.8286167413692517,0.07515431821455035,0.0,0.0,0.0,0.07443990947272258,0.011946123735460919,0.009842907208014453
TCGA-14-2554-01A,bayesprism,0.9866300810194955,0.013245241871270639,0.0,0.0,0.0,0.0001246771092338678,0.0,0.0
TCGA-15-0742-01A,bayesprism,0.9960666071954788,0.002694767957593708,0.0,0.0,0.0,0.0012386248469275914,0.0,0.0
TCGA-15-1444-01A,bayesprism,0.984965801340434,0.005793513379644882,0.0,0.0,0.0,0.00018323236060159456,0.008617794805653924,0.0004396581136656776
TCGA-16-0846-01A,bayesprism,0.998751537972694,0.0012484620273059725,0.0,0.0,0.0,0.0,0.0,0.0
TCGA-16-1045-01B,bayesprism,0.9491894736746223,0.04846420641010106,0.0,0.0,0.0,0.0023463199152766625,0.0,0.0
TCGA-19-1390-01A,bayesprism,0.925645727865715,0.008299712013881024,0.0,0.007518458020014676,0.0,0.012789723757121327,0.044012947912721534,0.0017334304305465806
TCGA-19-1787-01B,bayesprism,0.9019930529294199,0.055279809446565444,0.0,0.0,0.0,0.03451803738472115,0.0020813806367073594,0.0061277196025861305
TCGA-19-2619-01A,bayesprism,0.9827902524120504,0.0,0.0,0.0,0.0,0.012623724547083244,0.0,0.004586023040866262
TCGA-19-2620-01A,bayesprism,0.9904561601140505,0.0,0.0,0.0,0.0,0.0007761758809169903,0.003006072653285671,0.005761591351746838
TCGA-19-2624-01A,bayesprism,0.9952675784254132,0.0,0.0,0.0,0.0,0.004732421574586658,0.0,0.0
TCGA-19-2625-01A,bayesprism,1.0,0.0,0.0,0.0,0.0,0.0,0.0,0.0
TCGA-19-2629-01A,bayesprism,0.9904537772763533,0.009515231501134298,0.0,0.0,0.0,3.099122251252356e-05,0.0,0.0
TCGA-19-4065-01A,bayesprism,0.9218516807865574,0.0681609044236597,0.0,0.0,0.0,0.005881575041887439,0.0,0.004105839747895283
TCGA-19-4065-02A,bayesprism,0.9565718255777851,0.02321541681415874,0.0,0.0,0.010745040782800988,0.009467716825255173,0.0,0.0
TCGA-19-5960-01A,bayesprism,1.0,0.0,0.0,0.0,0.0,0.0,0.0,0.0
TCGA-26-1442-01A,bayesprism,0.9886867358105178,0.0060977026520081,0.0,0.0,0.0,0.0009294670325391667,0.0,0.004286094504934997
TCGA-26-5132-01A,bayesprism,0.987338842472429,0.007012933311384027,0.0,0.0,0.0,0.005648224216186963,0.0,0.0
TCGA-26-5133-01A,bayesprism,0.9979537475080875,0.0,0.0,0.0,0.0,0.002046252491912398,0.0,0.0
TCGA-26-5134-01A,bayesprism,0.98358592381362,0.014962662280116317,0.0,0.0,0.0,0.0002521822298115883,0.0007945398335580545,0.0004046918428941745
TCGA-26-5135-01A,bayesprism,0.9561797613026541,0.009158010787471854,0.0,0.0,0.0,0.03453641436228866,0.0,0.00012581354758542629
TCGA-26-5136-01B,bayesprism,0.986372796189188,0.013613042288578885,0.0,0.0,0.0,1.4161522233131844e-05,0.0,0.0
TCGA-26-5139-01A,bayesprism,0.9957374440748925,0.004026797494695547,0.0,0.0,0.0,0.00023575843041194724,0.0,0.0
TCGA-27-1830-01A,bayesprism,0.990741657134807,0.008286807666772533,0.0,0.0,0.0,0.0009715351984206304,0.0,0.0
TCGA-27-1831-01A,bayesprism,0.8121038659154156,0.06573974837881244,0.0,0.0,0.017424309989371573,0.09206487714073865,0.0,0.012667198575661653
TCGA-27-1832-01A,bayesprism,0.9755510548971592,0.024411462274823395,0.0,0.0,0.0,3.74828280173706e-05,0.0,0.0
TCGA-27-1834-01A,bayesprism,1.0,0.0,0.0,0.0,0.0,0.0,0.0,0.0
TCGA-27-1835-01A,bayesprism,0.8969625706151647,0.0,0.0,0.0,0.0,0.058788551982802216,0.0,0.04424887740203298
TCGA-27-1837-01A,bayesprism,0.9841778903392331,0.015544796974663938,0.0,0.0,0.0,0.0002773126861029895,0.0,0.0
TCGA-27-2519-01A,bayesprism,0.9623274106251731,0.03766494019028508,0.0,0.0,0.0,7.649184541746987e-06,0.0,0.0
TCGA-27-2521-01A,bayesprism,0.9999905655540771,0.0,0.0,0.0,0.0,9.434445922906066e-06,0.0,0.0
TCGA-27-2523-01A,bayesprism,0.971374256859516,0.019108334311529033,0.0,0.0,0.0,0.009517408828955097,0.0,0.0
TCGA-27-2524-01A,bayesprism,0.8411303141732851,0.07684636731541755,0.0,0.0,0.0023153712703704948,0.0797079472409268,0.0,0.0
TCGA-27-2526-01A,bayesprism,0.9961629828125621,0.0,0.0,0.0,0.0,2.3473943638394045e-05,0.0,0.0038135432437996207
TCGA-27-2528-01A,bayesprism,0.9734683861935112,0.0,0.0,0.0,0.0,0.02585773967250698,0.0,0.0006738741339817664
TCGA-28-1747-01C,bayesprism,0.9996420124862161,0.00035798751378386304,0.0,0.0,0.0,0.0,0.0,0.0
TCGA-28-1753-01A,bayesprism,0.9106918193942142,0.04043719503178205,0.0,0.0007978383446123318,0.0,0.04807314722939148,0.0,0.0
TCGA-28-2509-01A,bayesprism,0.9722514966081999,0.026780661759797486,0.0,0.0,0.0,0.0009678416320027344,0.0,0.0
TCGA-28-2510-01A,bayesprism,0.924234403431455,0.007662632162894904,0.0,0.0,0.0,0.006647990757304318,0.04248058724941273,0.018974386398933014
TCGA-28-2513-01A,bayesprism,0.8857853288289963,0.10271963300099454,0.0,0.0,0.0,0.011495038170009183,0.0,0.0
TCGA-28-2514-01A,bayesprism,0.9826377428967766,0.004552969749507474,0.0,0.0,0.0,0.012809287353715957,0.0,0.0
TCGA-28-5204-01A,bayesprism,0.9526245766779541,0.023059488829535266,0.0,0.0,0.0,0.024315934492510797,0.0,0.0
TCGA-28-5207-01A,bayesprism,0.9932816449695447,0.0010304013250511921,0.0,0.0,0.0,0.005687953705404184,0.0,0.0
TCGA-28-5208-01A,bayesprism,0.9234565014885472,0.047486529706560865,0.0,0.0,0.0,0.02069529516286678,0.0,0.008361673642025053
TCGA-28-5209-01A,bayesprism,0.9682194391008112,0.00917298271578752,0.0,0.0,0.0,0.022607578183401155,0.0,0.0
TCGA-28-5213-01A,bayesprism,0.9786338097757253,0.021363014551871357,0.0,0.0,0.0,3.1756724032781676e-06,0.0,0.0
TCGA-28-5215-01A,bayesprism,0.9854611638184103,0.013520246870051275,0.0,0.0,0.0,0.001018589311538319,0.0,0.0
TCGA-28-5216-01A,bayesprism,0.9943642428671947,0.005114348753292302,0.0,0.0,0.0,0.0005214083795130383,0.0,0.0
TCGA-28-5218-01A,bayesprism,0.941765083981753,0.013222984212436666,0.0,0.0,0.004434809996426013,0.040577121809384255,0.0,0.0
TCGA-28-5220-01A,bayesprism,0.9998226843392599,0.0,0.0,0.0,0.0,0.0,0.0,0.00017731566074012905
TCGA-32-1970-01A,bayesprism,0.9979069540061534,0.00099722679093178,0.0,0.0,0.0,0.0010958192029148265,0.0,0.0
TCGA-32-1980-01A,bayesprism,0.9192622157999115,0.05162208651623886,0.0,0.0,0.0,0.008828534913914355,0.011289610172177436,0.00899755259775783
TCGA-32-1982-01A,bayesprism,0.9189584590097555,0.03537034082556434,0.0,0.0,0.0,0.04567120016468019,0.0,0.0
TCGA-32-2615-01A,bayesprism,0.9975545677184504,0.002283968982164932,0.0,0.0,0.0,0.00016146329938450534,0.0,0.0
TCGA-32-2616-01A,bayesprism,0.9500347458144054,0.031230713584202548,0.0,0.0,0.0,0.008192488277366725,0.0,0.01054205232402526
TCGA-32-2632-01A,bayesprism,0.9508903995231924,0.046748510140740024,0.0,0.0,0.0,0.001843507600090434,0.0,0.0005175827359770895
TCGA-32-2634-01A,bayesprism,0.9577412421168906,0.016529894522558986,0.0,0.0,0.0,0.015153734035197635,0.0036158028201611373,0.006959326505191622
TCGA-32-2638-01A,bayesprism,0.9426173571723339,0.04469286388864448,0.0,0.0,0.0,0.012026324201660128,0.0,0.0006634547373615746
TCGA-32-4213-01A,bayesprism,0.9773754625781135,0.02082222549251451,0.0,0.0,0.0,0.0018023119293719087,0.0,0.0
TCGA-32-5222-01A,bayesprism,0.9449691295052063,0.031398022209213575,0.0,0.0,0.0,0.016587448809796748,0.0033335848882894027,0.0037118145874939393
TCGA-41-2571-01A,bayesprism,0.9483439610632871,0.009091930498520103,0.0,0.0,0.0,0.0012543152746691693,0.03513632533836276,0.006173467825160857
TCGA-41-2572-01A,bayesprism,0.9880154938242447,0.009651513217399106,0.0,0.0,0.0,0.002332992958356357,0.0,0.0
TCGA-41-3915-01A,bayesprism,0.9758676598543423,0.02303600929820609,0.0,0.0,0.0,0.0010963308474517379,0.0,0.0
TCGA-41-4097-01A,bayesprism,0.9833793358352813,0.01070104129001623,0.0,0.0,0.0,0.001963669944469394,0.0,0.003955952930233204
TCGA-41-5651-01A,bayesprism,0.984170406066972,0.0017137573450893557,0.0,0.0,0.0,0.00996690718393705,0.0028333171249087046,0.0013156122790928216
TCGA-76-4925-01A,bayesprism,0.960972676650855,0.01140256335419809,0.0,0.0,0.0,0.020653577142017716,0.0,0.006971182852929134
TCGA-76-4926-01B,bayesprism,0.9999954415342692,0.0,0.0,0.0,0.0,4.558465730721675e-06,0.0,0.0
TCGA-76-4928-01B,bayesprism,0.92474869150232,0.041308880608392856,0.0,0.0,0.0,0.03394242788928725,0.0,0.0
TCGA-76-4929-01A,bayesprism,0.991980420316944,0.0,0.0,0.0,0.0,8.643901159729729e-05,0.0,0.007933140671458602
TCGA-76-4931-01A,bayesprism,0.9999239904188143,0.0,0.0,0.0,0.0,7.600958118567216e-05,0.0,0.0
