id,name,gene-id,gene-symbol,gene-name,entrez-id,chromosome,start-position,end-position,p,fold-change
10924,"endothelial cell-specific molecule 1",10924,"ESM1","endothelial cell-specific molecule 1",11082,"5","n/a","n/a","4.66e-36","107.120"
1272,"collagen, type III, alpha 1",1272,"COL3A1","collagen, type III, alpha 1",1281,"2","n/a","n/a","1.09e-32","85.928"
3361,"integrin-binding sialoprotein",3361,"IBSP","integrin-binding sialoprotein",3381,"4","n/a","n/a","3.62e-22","68.974"
157121661,"uncharacterized LOC100506027",157121661,"LOC100506027","uncharacterized LOC100506027",100506027,"7","n/a","n/a","1.31e-28","64.707"
1387,"cysteine-rich protein 1 (intestinal)",1387,"CRIP1","cysteine-rich protein 1 (intestinal)",1396,"14","n/a","n/a","4.94e-31","51.861"
1273,"collagen, type IV, alpha 1",1273,"COL4A1","collagen, type IV, alpha 1",1282,"13","n/a","n/a","8.67e-54","45.513"
3647,"integrin, alpha 1",3647,"ITGA1","integrin, alpha 1",3672,"5","n/a","n/a","1.30e-55","44.491"
4292,"matrix metallopeptidase 9 (gelatinase B, 92kDa gelatinase, 92kDa type IV collagenase)",4292,"MMP9","matrix metallopeptidase 9 (gelatinase B, 92kDa gelatinase, 92kDa type IV collagenase)",4318,"20","n/a","n/a","1.34e-13","41.215"
4035,"lumican",4035,"LUM","lumican",4060,"12","n/a","n/a","2.78e-23","40.670"
80317,"olfactory receptor, family 51, subfamily E, member 1",80317,"OR51E1","olfactory receptor, family 51, subfamily E, member 1",143503,"11","n/a","n/a","6.87e-23","38.214"
943,"CD36 molecule (thrombospondin receptor)",943,"CD36","CD36 molecule (thrombospondin receptor)",948,"7","n/a","n/a","8.53e-31","35.504"
31231,"HIG1 hypoxia inducible domain family, member 1B",31231,"HIGD1B","HIG1 hypoxia inducible domain family, member 1B",51751,"17","n/a","n/a","8.72e-45","34.159"
8424,"regulator of G-protein signaling 5",8424,"RGS5","regulator of G-protein signaling 5",8490,"1","n/a","n/a","5.02e-46","33.584"
157123573,"histone demethylase UTY-like",157123573,"DNAPTP3","histone demethylase UTY-like",100507488,"2","n/a","n/a","2.00e-42","32.261"
2013,"glutamyl aminopeptidase (aminopeptidase A)",2013,"ENPEP","glutamyl aminopeptidase (aminopeptidase A)",2028,"4","n/a","n/a","1.59e-41","30.475"
34364,"uveal autoantigen with coiled-coil domains and ankyrin repeats",34364,"UACA","uveal autoantigen with coiled-coil domains and ankyrin repeats",55075,"15","n/a","n/a","2.10e-43","30.471"
22674,"CD93 molecule",22674,"CD93","CD93 molecule",22918,"20","n/a","n/a","3.68e-49","29.360"
158897,"serine peptidase inhibitor, Kazal type 8 (putative)",158897,"SPINK8","serine peptidase inhibitor, Kazal type 8 (putative)",646424,"3","n/a","n/a","2.74e-16","29.199"
56,"actin, alpha 2, smooth muscle, aorta",56,"ACTA2","actin, alpha 2, smooth muscle, aorta",59,"10","n/a","n/a","3.15e-16","27.579"
1896,"endothelin receptor type A",1896,"EDNRA","endothelin receptor type A",1909,"4","n/a","n/a","2.26e-52","26.082"
151772,"endothelial cell surface expressed chemotaxis and apoptosis regulator",151772,"ECSCR","endothelial cell surface expressed chemotaxis and apoptosis regulator",641700,"5","n/a","n/a","5.24e-44","26.013"
1622,"decorin",1622,"DCN","decorin",1634,"12","n/a","n/a","2.68e-35","25.643"
40756,"EGF, latrophilin and seven transmembrane domain containing 1",40756,"ELTD1","EGF, latrophilin and seven transmembrane domain containing 1",64123,"1","n/a","n/a","7.57e-48","25.493"
2319,"fibronectin 1",2319,"FN1","fibronectin 1",2335,"2","n/a","n/a","2.65e-35","24.093"
22552,"nidogen 2 (osteonidogen)",22552,"NID2","nidogen 2 (osteonidogen)",22795,"14","n/a","n/a","2.88e-44","23.908"
58899,"cytochrome c oxidase subunit IV isoform 2 (lung)",58899,"COX4I2","cytochrome c oxidase subunit IV isoform 2 (lung)",84701,"20","n/a","n/a","3.18e-29","22.842"
282,"angiopoietin 2",282,"ANGPT2","angiopoietin 2",285,"8","n/a","n/a","9.78e-46","22.525"
69,"actin, gamma 2, smooth muscle, enteric",69,"ACTG2","actin, gamma 2, smooth muscle, enteric",72,"2","n/a","n/a","1.99e-15","22.462"
10059,"myelin protein zero-like 2",10059,"MPZL2","myelin protein zero-like 2",10205,"11","n/a","n/a","6.33e-30","22.044"
1268,"collagen, type I, alpha 1",1268,"COL1A1","collagen, type I, alpha 1",1277,"17","n/a","n/a","1.34e-13","21.900"
181486,"microseminoprotein, prostate associated",181486,"MSMP","microseminoprotein, prostate associated",692094,"9","n/a","n/a","4.20e-15","21.624"
77773,"transmembrane 4 L six family member 18",77773,"TM4SF18","transmembrane 4 L six family member 18",116441,"3","n/a","n/a","9.23e-48","20.357"
1269,"collagen, type I, alpha 2",1269,"COL1A2","collagen, type I, alpha 2",1278,"7","n/a","n/a","9.09e-22","20.004"
4404,"myosin IB",4404,"MYO1B","myosin IB",4430,"2","n/a","n/a","1.20e-48","19.918"
1019394,"uncharacterized LOC100287562",1019394,"LOC100287562","uncharacterized LOC100287562",100287562,"17","n/a","n/a","4.68e-43","19.817"
36204,"latexin",36204,"LXN","latexin",56925,"3","n/a","n/a","1.33e-28","19.623"
79529,"chromosome 4 open reading frame 32",79529,"C4orf32","chromosome 4 open reading frame 32",132720,"4","n/a","n/a","2.93e-41","19.149"
57727,"plasmalemma vesicle associated protein",57727,"PLVAP","plasmalemma vesicle associated protein",83483,"19","n/a","n/a","2.60e-17","19.140"
1000835,"uncharacterized LOC100130938",1000835,"LOC100130938","uncharacterized LOC100130938",100130938,"18","n/a","n/a","1.12e-23","19.007"
5143,"platelet/endothelial cell adhesion molecule 1",5143,"PECAM1","platelet/endothelial cell adhesion molecule 1",5175,"17","n/a","n/a","1.63e-53","18.668"
4780,"nidogen 1",4780,"NID1","nidogen 1",4811,"1","n/a","n/a","1.80e-54","18.514"
9315,"integral membrane protein 2A",9315,"ITM2A","integral membrane protein 2A",9452,"X","n/a","n/a","1.86e-24","18.496"
2685,"gap junction protein, alpha 4, 37kDa",2685,"GJA4","gap junction protein, alpha 4, 37kDa",2701,"1","n/a","n/a","1.99e-25","18.146"
80965,"solute carrier family 38, member 11",80965,"SLC38A11","solute carrier family 38, member 11",151258,"2","n/a","n/a","3.11e-19","17.952"
1890,"sphingosine-1-phosphate receptor 3",1890,"S1PR3","sphingosine-1-phosphate receptor 3",1903,"9","n/a","n/a","3.00e-46","17.870"
4807,"nodal homolog (mouse)",4807,"NODAL","nodal homolog (mouse)",4838,"10","n/a","n/a","5.24e-12","17.838"
81491,"C-type lectin domain family 14, member A",81491,"CLEC14A","C-type lectin domain family 14, member A",161198,"14","n/a","n/a","2.86e-46","17.817"
85748,"G protein-coupled receptor 116",85748,"GPR116","G protein-coupled receptor 116",221395,"6","n/a","n/a","2.17e-53","17.761"
55978,"myc target 1",55978,"MYCT1","myc target 1",80177,"6","n/a","n/a","3.01e-45","17.698"
6957,"tryptophan 2,3-dioxygenase",6957,"TDO2","tryptophan 2,3-dioxygenase",6999,"4","n/a","n/a","7.29e-17","17.619"
2305,"fms-related tyrosine kinase 1 (vascular endothelial growth factor/vascular permeability factor receptor)",2305,"FLT1","fms-related tyrosine kinase 1 (vascular endothelial growth factor/vascular permeability factor receptor)",2321,"13","n/a","n/a","1.78e-36","17.611"
55642,"coiled-coil domain containing 102B",55642,"CCDC102B","coiled-coil domain containing 102B",79839,"18","n/a","n/a","3.03e-28","17.258"
81396,"chondrosarcoma associated gene 1",81396,"CSAG1","chondrosarcoma associated gene 1",158511,"X","n/a","n/a","4.13e-15","17.213"
77746,"cysteine/tyrosine-rich 1",77746,"CYYR1","cysteine/tyrosine-rich 1",116159,"21","n/a","n/a","2.73e-56","17.142"
151961,"uncharacterized LOC541471",151961,"LOC541471","uncharacterized LOC541471",541471,"2","n/a","n/a","3.79e-32","17.115"
5127,"platelet-derived growth factor receptor, beta polypeptide",5127,"PDGFRB","platelet-derived growth factor receptor, beta polypeptide",5159,"5","n/a","n/a","1.35e-47","16.895"
36402,"CD248 molecule, endosialin",36402,"CD248","CD248 molecule, endosialin",57124,"11","n/a","n/a","4.32e-25","16.672"
59988,"endothelial cell adhesion molecule",59988,"ESAM","endothelial cell adhesion molecule",90952,"11","n/a","n/a","6.95e-39","16.643"
9320,"four and a half LIM domains 5",9320,"FHL5","four and a half LIM domains 5",9457,"6","n/a","n/a","2.70e-20","16.538"
26247,"pleckstrin 2",26247,"PLEK2","pleckstrin 2",26499,"14","n/a","n/a","1.65e-19","16.373"
8481,"ficolin (collagen/fibrinogen domain containing) 3 (Hakata antigen)",8481,"FCN3","ficolin (collagen/fibrinogen domain containing) 3 (Hakata antigen)",8547,"1","n/a","n/a","2.97e-12","16.283"
7126,"tropomyosin 2 (beta)",7126,"TPM2","tropomyosin 2 (beta)",7169,"9","n/a","n/a","6.69e-35","16.272"
1281,"collagen, type V, alpha 2",1281,"COL5A2","collagen, type V, alpha 2",1290,"2","n/a","n/a","5.31e-44","16.247"
6836,"transgelin",6836,"TAGLN","transgelin",6876,"11","n/a","n/a","9.74e-29","16.209"
1275,"collagen, type IV, alpha 2",1275,"COL4A2","collagen, type IV, alpha 2",1284,"13","n/a","n/a","7.57e-31","16.087"
2774,"guanine nucleotide binding protein (G protein), gamma 11",2774,"GNG11","guanine nucleotide binding protein (G protein), gamma 11",2791,"7","n/a","n/a","4.67e-41","16.082"
4137,"melanoma cell adhesion molecule",4137,"MCAM","melanoma cell adhesion molecule",4162,"11","n/a","n/a","3.40e-35","15.936"
1867,"early B-cell factor 1",1867,"EBF1","early B-cell factor 1",1879,"5","n/a","n/a","2.53e-44","15.919"
7791,"peroxidasin homolog (Drosophila)",7791,"PXDN","peroxidasin homolog (Drosophila)",7837,"2","n/a","n/a","5.31e-36","15.861"
29997,"NADPH oxidase 4",29997,"NOX4","NADPH oxidase 4",50507,"11","n/a","n/a","1.63e-26","15.767"
9864,"potassium voltage-gated channel, Isk-related family, member 3",9864,"KCNE3","potassium voltage-gated channel, Isk-related family, member 3",10008,"11","n/a","n/a","6.95e-19","15.705"
3651,"integrin, alpha 4 (antigen CD49D, alpha 4 subunit of VLA-4 receptor)",3651,"ITGA4","integrin, alpha 4 (antigen CD49D, alpha 4 subunit of VLA-4 receptor)",3676,"2","n/a","n/a","1.39e-25","15.388"
9001,"PDZ and LIM domain 1",9001,"PDLIM1","PDZ and LIM domain 1",9124,"10","n/a","n/a","7.56e-27","15.377"
25885,"testis derived transcript (3 LIM domains)",25885,"TES","testis derived transcript (3 LIM domains)",26136,"7","n/a","n/a","7.51e-39","14.949"
26256,"hairy/enhancer-of-split related with YRPW motif-like",26256,"HEYL","hairy/enhancer-of-split related with YRPW motif-like",26508,"1","n/a","n/a","3.50e-39","14.853"
1502,"cathepsin K",1502,"CTSK","cathepsin K",1513,"1","n/a","n/a","1.91e-27","14.733"
2279,"forkhead box F2",2279,"FOXF2","forkhead box F2",2295,"6","n/a","n/a","2.84e-27","14.606"
11008,"follistatin-like 1",11008,"FSTL1","follistatin-like 1",11167,"3","n/a","n/a","2.08e-56","14.415"
3663,"integrin, beta 1 (fibronectin receptor, beta polypeptide, antigen CD29 includes MDF2, MSK12)",3663,"ITGB1","integrin, beta 1 (fibronectin receptor, beta polypeptide, antigen CD29 includes MDF2, MSK12)",3688,"10","n/a","n/a","3.87e-35","14.348"
85735,"family with sequence similarity 162, member B",85735,"FAM162B","family with sequence similarity 162, member B",221303,"6","n/a","n/a","9.47e-34","13.942"
2599,"leucine rich repeat containing 32",2599,"LRRC32","leucine rich repeat containing 32",2615,"11","n/a","n/a","4.94e-43","13.921"
7182,"transient receptor potential cation channel, subfamily C, member 6",7182,"TRPC6","transient receptor potential cation channel, subfamily C, member 6",7225,"11","n/a","n/a","3.36e-46","13.568"
10251,"myosin, light chain 9, regulatory",10251,"MYL9","myosin, light chain 9, regulatory",10398,"20","n/a","n/a","8.51e-24","13.515"
22671,"multimerin 1",22671,"MMRN1","multimerin 1",22915,"4","n/a","n/a","9.82e-17","13.459"
6553,"snail homolog 2 (Drosophila)",6553,"SNAI2","snail homolog 2 (Drosophila)",6591,"8","n/a","n/a","2.21e-46","13.449"
3467,"insulin-like growth factor binding protein 4",3467,"IGFBP4","insulin-like growth factor binding protein 4",3487,"17","n/a","n/a","1.73e-31","13.328"
85507,"placenta-specific 9",85507,"PLAC9","placenta-specific 9",219348,"10","n/a","n/a","8.76e-17","13.327"
2471,"frizzled-related protein",2471,"FRZB","frizzled-related protein",2487,"2","n/a","n/a","1.06e-30","13.282"
157121377,"uncharacterized LOC100505813",157121377,"LOC100505813","uncharacterized LOC100505813",100505813,"5","n/a","n/a","2.18e-42","13.245"
3766,"kinase insert domain receptor (a type III receptor tyrosine kinase)",3766,"KDR","kinase insert domain receptor (a type III receptor tyrosine kinase)",3791,"4","n/a","n/a","4.67e-56","13.045"
4231,"matrix Gla protein",4231,"MGP","matrix Gla protein",4256,"12","n/a","n/a","1.87e-13","12.989"
77692,"nitric oxide synthase trafficker",77692,"NOSTRIN","nitric oxide synthase trafficker",115677,"2","n/a","n/a","1.63e-37","12.884"
31185,"endomucin",31185,"EMCN","endomucin",51705,"4","n/a","n/a","7.64e-34","12.803"
77719,"collagen triple helix repeat containing 1",77719,"CTHRC1","collagen triple helix repeat containing 1",115908,"8","n/a","n/a","2.59e-35","12.794"
2965,"guanylate cyclase 1, soluble, alpha 3",2965,"GUCY1A3","guanylate cyclase 1, soluble, alpha 3",2982,"4","n/a","n/a","8.33e-33","12.732"
81748,"olfactomedin-like 2A",81748,"OLFML2A","olfactomedin-like 2A",169611,"9","n/a","n/a","8.40e-30","12.732"
3470,"insulin-like growth factor binding protein 7",3470,"IGFBP7","insulin-like growth factor binding protein 7",3490,"4","n/a","n/a","3.30e-42","12.724"
3887,"laminin, beta 1",3887,"LAMB1","laminin, beta 1",3912,"7","n/a","n/a","2.06e-45","12.709"
11098,"filamin A interacting protein 1-like",11098,"FILIP1L","filamin A interacting protein 1-like",11259,"3","n/a","n/a","4.68e-29","12.708"
10939,"protease, serine, 23",10939,"PRSS23","protease, serine, 23",11098,"11","n/a","n/a","1.99e-31","12.565"
2098,"v-ets erythroblastosis virus E26 oncogene homolog 1 (avian)",2098,"ETS1","v-ets erythroblastosis virus E26 oncogene homolog 1 (avian)",2113,"11","n/a","n/a","9.97e-46","12.373"
33801,"protocadherin 18",33801,"PCDH18","protocadherin 18",54510,"4","n/a","n/a","1.87e-36","12.166"
25627,"matrix-remodelling associated 5",25627,"MXRA5","matrix-remodelling associated 5",25878,"X","n/a","n/a","1.79e-21","12.008"
36403,"plexin domain containing 1",36403,"PLXDC1","plexin domain containing 1",57125,"17","n/a","n/a","3.67e-33","11.932"
9394,"glia maturation factor, gamma",9394,"GMFG","glia maturation factor, gamma",9535,"19","n/a","n/a","4.92e-40","11.829"
867,"serpin peptidase inhibitor, clade H (heat shock protein 47), member 1, (collagen binding protein 1)",867,"SERPINH1","serpin peptidase inhibitor, clade H (heat shock protein 47), member 1, (collagen binding protein 1)",871,"11","n/a","n/a","4.06e-40","11.819"
157126081,"uncharacterized LOC100652886",157126081,"LOC100652886","uncharacterized LOC100652886",100652886,"5","n/a","n/a","4.84e-25","11.767"
157122861,"uncharacterized LOC100506939",157122861,"LOC100506939","uncharacterized LOC100506939",100506939,"10","n/a","n/a","9.97e-24","11.718"
36180,"NADH dehydrogenase (ubiquinone) 1 alpha subcomplex, 4-like 2",36180,"NDUFA4L2","NADH dehydrogenase (ubiquinone) 1 alpha subcomplex, 4-like 2",56901,"12","n/a","n/a","6.50e-17","11.500"
8939,"3'-phosphoadenosine 5'-phosphosulfate synthase 2",8939,"PAPSS2","3'-phosphoadenosine 5'-phosphosulfate synthase 2",9060,"10","n/a","n/a","1.80e-46","11.489"
5086,"procollagen C-endopeptidase enhancer",5086,"PCOLCE","procollagen C-endopeptidase enhancer",5118,"7","n/a","n/a","8.73e-19","11.415"
36223,"olfactomedin-like 3",36223,"OLFML3","olfactomedin-like 3",56944,"1","n/a","n/a","6.13e-31","11.374"
3057,"complement factor H",3057,"CFH","complement factor H",3075,"1","n/a","n/a","1.29e-34","11.211"
3890,"laminin, gamma 1 (formerly LAMB2)",3890,"LAMC1","laminin, gamma 1 (formerly LAMB2)",3915,"1","n/a","n/a","7.32e-36","11.200"
36190,"chromosome 21 open reading frame 7",36190,"C21orf7","chromosome 21 open reading frame 7",56911,"21","n/a","n/a","9.97e-29","11.154"
55615,"multimerin 2",55615,"MMRN2","multimerin 2",79812,"10","n/a","n/a","1.55e-37","10.787"
33858,"delta-like 4 (Drosophila)",33858,"DLL4","delta-like 4 (Drosophila)",54567,"15","n/a","n/a","2.04e-32","10.702"
25652,"olfactomedin-like 2B",25652,"OLFML2B","olfactomedin-like 2B",25903,"1","n/a","n/a","2.90e-23","10.674"
5318,"phospholamban",5318,"PLN","phospholamban",5350,"6","n/a","n/a","3.79e-15","10.566"
3885,"laminin, alpha 4",3885,"LAMA4","laminin, alpha 4",3910,"6","n/a","n/a","4.44e-45","10.499"
3026,"hemoglobin, beta",3026,"HBB","hemoglobin, beta",3043,"11","n/a","n/a","3.13e-10","10.433"
36793,"HECT, C2 and WW domain containing E3 ubiquitin protein ligase 2",36793,"HECW2","HECT, C2 and WW domain containing E3 ubiquitin protein ligase 2",57520,"2","n/a","n/a","8.59e-40","10.419"
10997,"protein tyrosine phosphatase type IVA, member 3",10997,"PTP4A3","protein tyrosine phosphatase type IVA, member 3",11156,"8","n/a","n/a","1.56e-24","10.345"
30815,"proline rich 16",30815,"PRR16","proline rich 16",51334,"5","n/a","n/a","1.17e-32","10.330"
57885,"coiled-coil domain containing 3",57885,"CCDC3","coiled-coil domain containing 3",83643,"10","n/a","n/a","5.24e-34","10.294"
2330,"folate hydrolase (prostate-specific membrane antigen) 1",2330,"FOLH1","folate hydrolase (prostate-specific membrane antigen) 1",2346,"11","n/a","n/a","5.35e-38","10.152"
7015,"thrombospondin 1",7015,"THBS1","thrombospondin 1",7057,"15","n/a","n/a","4.86e-16","10.122"
8585,"phosphodiesterase 5A, cGMP-specific",8585,"PDE5A","phosphodiesterase 5A, cGMP-specific",8654,"4","n/a","n/a","3.67e-38","10.051"
1284,"collagen, type VI, alpha 3",1284,"COL6A3","collagen, type VI, alpha 3",1293,"2","n/a","n/a","3.34e-09","9.967"
953,"CD40 molecule, TNF receptor superfamily member 5",953,"CD40","CD40 molecule, TNF receptor superfamily member 5",958,"20","n/a","n/a","2.72e-24","9.869"
157122035,"uncharacterized LOC100506303",157122035,"LOC100506303","uncharacterized LOC100506303",100506303,"14","n/a","n/a","1.03e-17","9.803"
157123285,"uncharacterized LOC100507286",157123285,"LOC100507286","uncharacterized LOC100507286",100507286,"2","n/a","n/a","3.43e-27","9.771"
57288,"limb bud and heart development homolog (mouse)",57288,"LBH","limb bud and heart development homolog (mouse)",81606,"2","n/a","n/a","5.00e-37","9.658"
6984,"nuclear receptor subfamily 2, group F, member 2",6984,"NR2F2","nuclear receptor subfamily 2, group F, member 2",7026,"15","n/a","n/a","1.40e-37","9.588"
76597,"long intergenic non-protein coding RNA 152",76597,"LINC00152","long intergenic non-protein coding RNA 152",112597,"2","n/a","n/a","1.93e-33","9.539"
55433,"chromosome 1 open reading frame 54",55433,"C1orf54","chromosome 1 open reading frame 54",79630,"1","n/a","n/a","7.17e-26","9.500"
998,"cadherin 5, type 2 (vascular endothelium)",998,"CDH5","cadherin 5, type 2 (vascular endothelium)",1003,"16","n/a","n/a","3.22e-44","9.444"
630,"biglycan",630,"BGN","biglycan",633,"X","n/a","n/a","1.04e-12","9.418"
81729,"GTPase, IMAP family member 7",81729,"GIMAP7","GTPase, IMAP family member 7",168537,"7","n/a","n/a","2.02e-21","9.221"
9275,"Rho GTPase activating protein 29",9275,"ARHGAP29","Rho GTPase activating protein 29",9411,"1","n/a","n/a","1.39e-34","9.211"
10857,"KDEL (Lys-Asp-Glu-Leu) endoplasmic reticulum protein retention receptor 3",10857,"KDELR3","KDEL (Lys-Asp-Glu-Leu) endoplasmic reticulum protein retention receptor 3",11015,"22","n/a","n/a","4.75e-36","9.195"
143205,"glutathione peroxidase 8 (putative)",143205,"GPX8","glutathione peroxidase 8 (putative)",493869,"5","n/a","n/a","1.25e-43","9.187"
55455,"transmembrane protein 204",55455,"TMEM204","transmembrane protein 204",79652,"16","n/a","n/a","9.58e-33","9.090"
55545,"chromosome X open reading frame 36",55545,"CXorf36","chromosome X open reading frame 36",79742,"X","n/a","n/a","2.22e-38","8.955"
394,"Rho GDP dissociation inhibitor (GDI) beta",394,"ARHGDIB","Rho GDP dissociation inhibitor (GDI) beta",397,"12","n/a","n/a","7.51e-28","8.934"
1881,"extracellular matrix protein 1",1881,"ECM1","extracellular matrix protein 1",1893,"1","n/a","n/a","6.39e-28","8.922"
7079,"claudin 5",7079,"CLDN5","claudin 5",7122,"22","n/a","n/a","3.04e-15","8.908"
6741,"stanniocalcin 1",6741,"STC1","stanniocalcin 1",6781,"8","n/a","n/a","5.01e-15","8.902"
33829,"roundabout, axon guidance receptor, homolog 4 (Drosophila)",33829,"ROBO4","roundabout, axon guidance receptor, homolog 4 (Drosophila)",54538,"11","n/a","n/a","2.45e-31","8.881"
3228,"hydroxyprostaglandin dehydrogenase 15-(NAD)",3228,"HPGD","hydroxyprostaglandin dehydrogenase 15-(NAD)",3248,"4","n/a","n/a","1.00e-11","8.879"
3734,"potassium inwardly-rectifying channel, subfamily J, member 2",3734,"KCNJ2","potassium inwardly-rectifying channel, subfamily J, member 2",3759,"17","n/a","n/a","6.73e-16","8.864"
2291,"forkhead box S1",2291,"FOXS1","forkhead box S1",2307,"20","n/a","n/a","1.42e-20","8.859"
56555,"collagen, type XVIII, alpha 1",56555,"COL18A1","collagen, type XVIII, alpha 1",80781,"21","n/a","n/a","1.51e-19","8.842"
636,"PR domain containing 1, with ZNF domain",636,"PRDM1","PR domain containing 1, with ZNF domain",639,"6","n/a","n/a","1.85e-40","8.790"
57277,"apolipoprotein L domain containing 1",57277,"APOLD1","apolipoprotein L domain containing 1",81575,"12","n/a","n/a","2.91e-44","8.769"
3646,"immunoglobulin superfamily containing leucine-rich repeat",3646,"ISLR","immunoglobulin superfamily containing leucine-rich repeat",3671,"15","n/a","n/a","1.30e-15","8.671"
91,"activin A receptor type II-like 1",91,"ACVRL1","activin A receptor type II-like 1",94,"12","n/a","n/a","6.86e-23","8.595"
4086,"melanoma antigen family A, 12",4086,"MAGEA12","melanoma antigen family A, 12",4111,"X","n/a","n/a","2.02e-15","8.537"
5196,"placental growth factor",5196,"PGF","placental growth factor",5228,"14","n/a","n/a","4.35e-23","8.529"
55588,"RERG/RAS-like",55588,"RERGL","RERG/RAS-like",79785,"12","n/a","n/a","6.24e-10","8.510"
56111,"platelet derived growth factor D",56111,"PDGFD","platelet derived growth factor D",80310,"11","n/a","n/a","3.58e-20","8.488"
1479,"connective tissue growth factor",1479,"CTGF","connective tissue growth factor",1490,"6","n/a","n/a","3.97e-27","8.403"
157120993,"uncharacterized LOC100505495",157120993,"LOC100505495","uncharacterized LOC100505495",100505495,"19","n/a","n/a","2.13e-14","8.354"
4046,"transmembrane 4 L six family member 1",4046,"TM4SF1","transmembrane 4 L six family member 1",4071,"3","n/a","n/a","5.84e-33","8.320"
7006,"transforming growth factor, beta receptor II (70/80kDa)",7006,"TGFBR2","transforming growth factor, beta receptor II (70/80kDa)",7048,"3","n/a","n/a","3.20e-42","8.277"
2134,"coagulation factor II (thrombin) receptor",2134,"F2R","coagulation factor II (thrombin) receptor",2149,"5","n/a","n/a","3.13e-33","8.274"
2280,"forkhead box C1",2280,"FOXC1","forkhead box C1",2296,"6","n/a","n/a","2.20e-37","8.274"
1788,"dipeptidase 1 (renal)",1788,"DPEP1","dipeptidase 1 (renal)",1800,"16","n/a","n/a","2.72e-10","8.253"
3409,"interferon, alpha-inducible protein 27",3409,"IFI27","interferon, alpha-inducible protein 27",3429,"14","n/a","n/a","7.11e-23","8.241"
621,"bradykinin receptor B2",621,"BDKRB2","bradykinin receptor B2",624,"14","n/a","n/a","1.92e-14","8.203"
1395,"hyaluronan and proteoglycan link protein 1",1395,"HAPLN1","hyaluronan and proteoglycan link protein 1",1404,"5","n/a","n/a","9.51e-14","8.129"
7003,"transforming growth factor, beta-induced, 68kDa",7003,"TGFBI","transforming growth factor, beta-induced, 68kDa",7045,"5","n/a","n/a","1.40e-23","8.104"
90333,"STEAP family member 1B",90333,"STEAP1B","STEAP family member 1B",256227,"7","n/a","n/a","2.29e-17","8.078"
942,"CD34 molecule",942,"CD34","CD34 molecule",947,"1","n/a","n/a","1.16e-16","8.046"
8744,"inositol polyphosphate-4-phosphatase, type II, 105kDa",8744,"INPP4B","inositol polyphosphate-4-phosphatase, type II, 105kDa",8821,"4","n/a","n/a","2.13e-21","8.021"
6800,"supervillin",6800,"SVIL","supervillin",6840,"10","n/a","n/a","4.56e-30","7.999"
2107,"MDS1 and EVI1 complex locus",2107,"MECOM","MDS1 and EVI1 complex locus",2122,"3","n/a","n/a","7.56e-29","7.951"
4212,"microfibrillar-associated protein 2",4212,"MFAP2","microfibrillar-associated protein 2",4237,"1","n/a","n/a","4.84e-14","7.949"
26890,"filamin A interacting protein 1",26890,"FILIP1","filamin A interacting protein 1",27145,"6","n/a","n/a","3.24e-29","7.942"
9605,"phosphatase and actin regulator 2",9605,"PHACTR2","phosphatase and actin regulator 2",9749,"6","n/a","n/a","2.91e-36","7.934"
5443,"protein phosphatase, EF-hand calcium binding domain 1",5443,"PPEF1","protein phosphatase, EF-hand calcium binding domain 1",5475,"X","n/a","n/a","1.88e-19","7.876"
109790,"transmembrane protein 173",109790,"TMEM173","transmembrane protein 173",340061,"5","n/a","n/a","9.23e-22","7.861"
110359,"family with sequence similarity 70, member B",110359,"FAM70B","family with sequence similarity 70, member B",348013,"13","n/a","n/a","9.07e-20","7.802"
2007,"endoglin",2007,"ENG","endoglin",2022,"9","n/a","n/a","5.27e-19","7.698"
2063,"v-ets erythroblastosis virus E26 oncogene homolog (avian)",2063,"ERG","v-ets erythroblastosis virus E26 oncogene homolog (avian)",2078,"21","n/a","n/a","3.01e-46","7.688"
90308,"B-cell CLL/lymphoma 6, member B",90308,"BCL6B","B-cell CLL/lymphoma 6, member B",255877,"17","n/a","n/a","2.56e-30","7.678"
157121161,"uncharacterized LOC100505634",157121161,"LOC100505634","uncharacterized LOC100505634",100505634,"2","n/a","n/a","1.75e-26","7.594"
999,"cadherin 6, type 2, K-cadherin (fetal kidney)",999,"CDH6","cadherin 6, type 2, K-cadherin (fetal kidney)",1004,"5","n/a","n/a","7.63e-31","7.589"
60315,"Rho GTPase activating protein 18",60315,"ARHGAP18","Rho GTPase activating protein 18",93663,"6","n/a","n/a","1.53e-26","7.574"
3335,"5-hydroxytryptamine (serotonin) receptor 1F, G protein-coupled",3335,"HTR1F","5-hydroxytryptamine (serotonin) receptor 1F, G protein-coupled",3355,"3","n/a","n/a","2.88e-18","7.548"
10120,"receptor (G protein-coupled) activity modifying protein 2",10120,"RAMP2","receptor (G protein-coupled) activity modifying protein 2",10266,"17","n/a","n/a","7.40e-28","7.546"
10397,"protein C receptor, endothelial",10397,"PROCR","protein C receptor, endothelial",10544,"20","n/a","n/a","8.35e-33","7.539"
5560,"protein kinase, cGMP-dependent, type I",5560,"PRKG1","protein kinase, cGMP-dependent, type I",5592,"10","n/a","n/a","1.05e-22","7.538"
1624,"angiotensin I converting enzyme (peptidyl-dipeptidase A) 1",1624,"ACE","angiotensin I converting enzyme (peptidyl-dipeptidase A) 1",1636,"17","n/a","n/a","2.73e-16","7.485"
3,"alpha-2-macroglobulin",3,"A2M","alpha-2-macroglobulin",2,"12","n/a","n/a","2.53e-43","7.442"
10642,"cysteinyl leukotriene receptor 1",10642,"CYSLTR1","cysteinyl leukotriene receptor 1",10800,"X","n/a","n/a","7.22e-21","7.426"
5123,"platelet-derived growth factor beta polypeptide",5123,"PDGFB","platelet-derived growth factor beta polypeptide",5155,"22","n/a","n/a","1.07e-25","7.405"
3739,"potassium inwardly-rectifying channel, subfamily J, member 8",3739,"KCNJ8","potassium inwardly-rectifying channel, subfamily J, member 8",3764,"12","n/a","n/a","9.67e-22","7.400"
82004,"ADAM metallopeptidase with thrombospondin type 1 motif, 18",82004,"ADAMTS18","ADAM metallopeptidase with thrombospondin type 1 motif, 18",170692,"16","n/a","n/a","2.50e-15","7.310"
2478,"nuclear receptor subfamily 5, group A, member 2",2478,"NR5A2","nuclear receptor subfamily 5, group A, member 2",2494,"1","n/a","n/a","1.30e-32","7.306"
35177,"G protein-coupled receptor, family C, group 5, member C",35177,"GPRC5C","G protein-coupled receptor, family C, group 5, member C",55890,"17","n/a","n/a","1.54e-32","7.275"
7027,"Thy-1 cell surface antigen",7027,"THY1","Thy-1 cell surface antigen",7070,"11","n/a","n/a","1.09e-26","7.263"
7371,"vinculin",7371,"VCL","vinculin",7414,"10","n/a","n/a","9.58e-42","7.262"
3364,"intercellular adhesion molecule 2",3364,"ICAM2","intercellular adhesion molecule 2",3384,"17","n/a","n/a","1.17e-20","7.246"
973,"cytidine deaminase",973,"CDA","cytidine deaminase",978,"1","n/a","n/a","2.13e-19","7.232"
9907,"gap junction protein, gamma 1, 45kDa",9907,"GJC1","gap junction protein, gamma 1, 45kDa",10052,"17","n/a","n/a","1.17e-30","7.225"
2297,"Friend leukemia virus integration 1",2297,"FLI1","Friend leukemia virus integration 1",2313,"11","n/a","n/a","3.47e-45","7.162"
10480,"myosin, light chain 12A, regulatory, non-sarcomeric",10480,"MYL12A","myosin, light chain 12A, regulatory, non-sarcomeric",10627,"18","n/a","n/a","4.06e-35","7.074"
30658,"lymphoid enhancer-binding factor 1",30658,"LEF1","lymphoid enhancer-binding factor 1",51176,"4","n/a","n/a","1.01e-33","7.056"
7407,"von Willebrand factor",7407,"VWF","von Willebrand factor",7450,"12","n/a","n/a","2.46e-16","7.043"
4609,"myosin, light chain 4, alkali; atrial, embryonic",4609,"MYL4","myosin, light chain 4, alkali; atrial, embryonic",4635,"17","n/a","n/a","4.49e-12","7.014"
110740,"leucine rich repeat containing 70",110740,"LRRC70","leucine rich repeat containing 70",100130733,"5","n/a","n/a","1.23e-16","6.997"
157123259,"uncharacterized LOC100507263",157123259,"LOC100507263","uncharacterized LOC100507263",100507263,"17","n/a","n/a","9.46e-22","6.991"
6601,"syntrophin, beta 1 (dystrophin-associated protein A1, 59kDa, basic component 1)",6601,"SNTB1","syntrophin, beta 1 (dystrophin-associated protein A1, 59kDa, basic component 1)",6641,"8","n/a","n/a","2.50e-25","6.928"
76588,"protein kinase C, delta binding protein",76588,"PRKCDBP","protein kinase C, delta binding protein",112464,"11","n/a","n/a","6.67e-17","6.927"
25529,"RAS guanyl releasing protein 3 (calcium and DAG-regulated)",25529,"RASGRP3","RAS guanyl releasing protein 3 (calcium and DAG-regulated)",25780,"2","n/a","n/a","5.82e-29","6.911"
5388,"podocalyxin-like",5388,"PODXL","podocalyxin-like",5420,"7","n/a","n/a","2.06e-45","6.894"
60154,"RCSD domain containing 1",60154,"RCSD1","RCSD domain containing 1",92241,"1","n/a","n/a","6.78e-43","6.835"
110927,"family with sequence similarity 101, member B",110927,"FAM101B","family with sequence similarity 101, member B",359845,"17","n/a","n/a","2.29e-34","6.823"
7365,"vasodilator-stimulated phosphoprotein",7365,"VASP","vasodilator-stimulated phosphoprotein",7408,"19","n/a","n/a","8.20e-39","6.816"
4601,"myosin, heavy chain 9, non-muscle",4601,"MYH9","myosin, heavy chain 9, non-muscle",4627,"22","n/a","n/a","4.95e-23","6.804"
5173,"ATPase, aminophospholipid transporter, class I, type 8B, member 1",5173,"ATP8B1","ATPase, aminophospholipid transporter, class I, type 8B, member 1",5205,"18","n/a","n/a","4.29e-28","6.802"
149615,"GTPase, IMAP family member 6",149615,"GIMAP6","GTPase, IMAP family member 6",474344,"7","n/a","n/a","1.96e-42","6.793"
3023,"hemoglobin, alpha 2",3023,"HBA2","hemoglobin, alpha 2",3040,"16","n/a","n/a","1.60e-10","6.743"
79564,"EGF-like, fibronectin type III and laminin G domains",79564,"EGFLAM","EGF-like, fibronectin type III and laminin G domains",133584,"5","n/a","n/a","7.91e-14","6.717"
796,"caldesmon 1",796,"CALD1","caldesmon 1",800,"7","n/a","n/a","1.28e-44","6.697"
59846,"pleckstrin homology-like domain, family B, member 2",59846,"PHLDB2","pleckstrin homology-like domain, family B, member 2",90102,"3","n/a","n/a","2.79e-18","6.694"
157123529,"uncharacterized LOC100507460",157123529,"LOC100507460","uncharacterized LOC100507460",100507460,"2","n/a","n/a","8.38e-20","6.658"
30874,"transient receptor potential cation channel, subfamily V, member 2",30874,"TRPV2","transient receptor potential cation channel, subfamily V, member 2",51393,"17","n/a","n/a","6.15e-28","6.617"
22593,"COBL-like 1",22593,"COBLL1","COBL-like 1",22837,"2","n/a","n/a","7.10e-28","6.572"
3464,"insulin-like growth factor binding protein 1",3464,"IGFBP1","insulin-like growth factor binding protein 1",3484,"7","n/a","n/a","7.64e-16","6.570"
1004,"cadherin 11, type 2, OB-cadherin (osteoblast)",1004,"CDH11","cadherin 11, type 2, OB-cadherin (osteoblast)",1009,"16","n/a","n/a","6.48e-51","6.558"
30775,"protocadherin 12",30775,"PCDH12","protocadherin 12",51294,"5","n/a","n/a","8.95e-23","6.534"
4829,"purine nucleoside phosphorylase",4829,"PNP","purine nucleoside phosphorylase",4860,"14","n/a","n/a","2.00e-33","6.520"
6993,"tissue factor pathway inhibitor (lipoprotein-associated coagulation inhibitor)",6993,"TFPI","tissue factor pathway inhibitor (lipoprotein-associated coagulation inhibitor)",7035,"2","n/a","n/a","5.48e-29","6.516"
4294,"matrix metallopeptidase 11 (stromelysin 3)",4294,"MMP11","matrix metallopeptidase 11 (stromelysin 3)",4320,"22","n/a","n/a","2.03e-14","6.510"
1183,"chloride intracellular channel 1",1183,"CLIC1","chloride intracellular channel 1",1192,"6","n/a","n/a","1.65e-27","6.497"
10016,"lysophosphatidic acid receptor 6",10016,"LPAR6","lysophosphatidic acid receptor 6",10161,"13","n/a","n/a","2.90e-28","6.495"
3022,"hemoglobin, alpha 1",3022,"HBA1","hemoglobin, alpha 1",3039,"16","n/a","n/a","8.00e-10","6.477"
40538,"piezo-type mechanosensitive ion channel component 2",40538,"PIEZO2","piezo-type mechanosensitive ion channel component 2",63895,"18","n/a","n/a","2.12e-24","6.447"
7014,"thrombomodulin",7014,"THBD","thrombomodulin",7056,"20","n/a","n/a","8.96e-32","6.439"
10197,"chemokine (C-C motif) ligand 26",10197,"CCL26","chemokine (C-C motif) ligand 26",10344,"7","n/a","n/a","1.04e-16","6.418"
34396,"anoctamin 1, calcium activated chloride channel",34396,"ANO1","anoctamin 1, calcium activated chloride channel",55107,"11","n/a","n/a","3.86e-20","6.412"
10106,"sprouty homolog 1, antagonist of FGF signaling (Drosophila)",10106,"SPRY1","sprouty homolog 1, antagonist of FGF signaling (Drosophila)",10252,"4","n/a","n/a","7.97e-37","6.395"
8623,"hyaluronoglucosaminidase 2",8623,"HYAL2","hyaluronoglucosaminidase 2",8692,"3","n/a","n/a","6.58e-33","6.392"
4296,"matrix metallopeptidase 13 (collagenase 3)",4296,"MMP13","matrix metallopeptidase 13 (collagenase 3)",4322,"11","n/a","n/a","4.66e-06","6.380"
25546,"glutaminyl-peptide cyclotransferase",25546,"QPCT","glutaminyl-peptide cyclotransferase",25797,"2","n/a","n/a","1.28e-23","6.365"
6638,"secreted protein, acidic, cysteine-rich (osteonectin)",6638,"SPARC","secreted protein, acidic, cysteine-rich (osteonectin)",6678,"5","n/a","n/a","1.89e-21","6.319"
1012947,"caspase 4, apoptosis-related cysteine peptidase pseudogene",1012947,"LOC643733","caspase 4, apoptosis-related cysteine peptidase pseudogene",643733,"11","n/a","n/a","3.43e-17","6.304"
34629,"GTPase, IMAP family member 5",34629,"GIMAP5","GTPase, IMAP family member 5",55340,"7","n/a","n/a","1.85e-23","6.286"
27048,"RNA binding motif, single stranded interacting protein 3",27048,"RBMS3","RNA binding motif, single stranded interacting protein 3",27303,"3","n/a","n/a","7.80e-30","6.272"
6351,"chemokine (C-X-C motif) ligand 12",6351,"CXCL12","chemokine (C-X-C motif) ligand 12",6387,"10","n/a","n/a","9.90e-10","6.217"
85645,"ring finger protein 152",85645,"RNF152","ring finger protein 152",220441,"18","n/a","n/a","4.38e-19","6.211"
80799,"chromosome 1 open reading frame 64",80799,"C1orf64","chromosome 1 open reading frame 64",149563,"1","n/a","n/a","1.04e-14","6.205"
33651,"cytokine-like 1",33651,"CYTL1","cytokine-like 1",54360,"4","n/a","n/a","3.07e-14","6.204"
7001,"transforming growth factor, beta 3",7001,"TGFB3","transforming growth factor, beta 3",7043,"14","n/a","n/a","5.78e-17","6.189"
40749,"solute carrier family 39 (zinc transporter), member 8",40749,"SLC39A8","solute carrier family 39 (zinc transporter), member 8",64116,"4","n/a","n/a","9.33e-29","6.171"
34592,"GTPase, IMAP family member 4",34592,"GIMAP4","GTPase, IMAP family member 4",55303,"7","n/a","n/a","2.89e-27","6.138"
9369,"ADAM metallopeptidase with thrombospondin type 1 motif, 1",9369,"ADAMTS1","ADAM metallopeptidase with thrombospondin type 1 motif, 1",9510,"21","n/a","n/a","2.80e-24","6.093"
2185,"fibrillin 1",2185,"FBN1","fibrillin 1",2200,"15","n/a","n/a","4.78e-25","6.082"
2811,"G protein-coupled receptor 4",2811,"GPR4","G protein-coupled receptor 4",2828,"19","n/a","n/a","1.81e-19","6.078"
28845,"formin homology 2 domain containing 1",28845,"FHOD1","formin homology 2 domain containing 1",29109,"16","n/a","n/a","1.77e-24","6.041"
1297,"collagen, type XV, alpha 1",1297,"COL15A1","collagen, type XV, alpha 1",1306,"9","n/a","n/a","1.01e-11","6.036"
125618,"olfactory receptor, family 2, subfamily A, member 20 pseudogene",125618,"OR2A20P","olfactory receptor, family 2, subfamily A, member 20 pseudogene",401428,"7","n/a","n/a","3.28e-18","6.026"
8752,"neuropilin 1",8752,"NRP1","neuropilin 1",8829,"10","n/a","n/a","2.18e-41","6.021"
8973,"T-box 18",8973,"TBX18","T-box 18",9096,"6","n/a","n/a","2.47e-15","5.989"
34046,"family with sequence similarity 20, member A",34046,"FAM20A","family with sequence similarity 20, member A",54757,"17","n/a","n/a","1.36e-18","5.973"
1893,"endothelin 1",1893,"EDN1","endothelin 1",1906,"6","n/a","n/a","1.28e-10","5.933"
31141,"FK506 binding protein 7",31141,"FKBP7","FK506 binding protein 7",51661,"2","n/a","n/a","1.33e-40","5.926"
7125,"tropomyosin 1 (alpha)",7125,"TPM1","tropomyosin 1 (alpha)",7168,"15","n/a","n/a","1.92e-28","5.850"
2966,"guanylate cyclase 1, soluble, beta 3",2966,"GUCY1B3","guanylate cyclase 1, soluble, beta 3",2983,"4","n/a","n/a","1.28e-23","5.769"
35131,"Rho GTPase activating protein 15",35131,"ARHGAP15","Rho GTPase activating protein 15",55843,"2","n/a","n/a","7.95e-21","5.769"
10270,"spondin 2, extracellular matrix protein",10270,"SPON2","spondin 2, extracellular matrix protein",10417,"4","n/a","n/a","1.17e-14","5.742"
5966,"regulator of G-protein signaling 3",5966,"RGS3","regulator of G-protein signaling 3",5998,"9","n/a","n/a","1.80e-22","5.735"
34222,"rhomboid, veinlet-like 2 (Drosophila)",34222,"RHBDL2","rhomboid, veinlet-like 2 (Drosophila)",54933,"1","n/a","n/a","1.34e-17","5.707"
34118,"asporin",34118,"ASPN","asporin",54829,"9","n/a","n/a","1.32e-11","5.703"
33636,"SRY (sex determining region Y)-box 18",33636,"SOX18","SRY (sex determining region Y)-box 18",54345,"20","n/a","n/a","1.61e-14","5.696"
3912,"lymphocyte cytosolic protein 2 (SH2 domain containing leukocyte protein of 76kDa)",3912,"LCP2","lymphocyte cytosolic protein 2 (SH2 domain containing leukocyte protein of 76kDa)",3937,"5","n/a","n/a","4.24e-32","5.695"
94502,"EGF domain-specific O-linked N-acetylglucosamine (GlcNAc) transferase",94502,"EOGT","EGF domain-specific O-linked N-acetylglucosamine (GlcNAc) transferase",285203,"3","n/a","n/a","1.13e-45","5.659"
10531,"UDP-GlcNAc:betaGal beta-1,3-N-acetylglucosaminyltransferase 2",10531,"B3GNT2","UDP-GlcNAc:betaGal beta-1,3-N-acetylglucosaminyltransferase 2",10678,"2","n/a","n/a","5.03e-43","5.613"
2901,"glutamate receptor, metabotropic 8",2901,"GRM8","glutamate receptor, metabotropic 8",2918,"7","n/a","n/a","3.06e-20","5.607"
2027,"EPH receptor A3",2027,"EPHA3","EPH receptor A3",2042,"3","n/a","n/a","1.38e-19","5.601"
8264,"frizzled family receptor 4",8264,"FZD4","frizzled family receptor 4",8322,"11","n/a","n/a","6.37e-38","5.598"
7806,"chemokine (C-X-C motif) receptor 4",7806,"CXCR4","chemokine (C-X-C motif) receptor 4",7852,"2","n/a","n/a","3.58e-18","5.574"
90352,"ST6 (alpha-N-acetyl-neuraminyl-2,3-beta-galactosyl-1,3)-N-acetylgalactosaminide alpha-2,6-sialyltransferase 3",90352,"ST6GALNAC3","ST6 (alpha-N-acetyl-neuraminyl-2,3-beta-galactosyl-1,3)-N-acetylgalactosaminide alpha-2,6-sialyltransferase 3",256435,"1","n/a","n/a","1.27e-24","5.564"
10434,"interferon induced transmembrane protein 2",10434,"IFITM2","interferon induced transmembrane protein 2",10581,"11","n/a","n/a","1.71e-13","5.556"
10057,"calcitonin receptor-like",10057,"CALCRL","calcitonin receptor-like",10203,"2","n/a","n/a","2.83e-23","5.523"
60872,"epithelial stromal interaction 1 (breast)",60872,"EPSTI1","epithelial stromal interaction 1 (breast)",94240,"13","n/a","n/a","5.83e-22","5.521"
119570,"ceramide kinase-like",119570,"CERKL","ceramide kinase-like",375298,"2","n/a","n/a","2.28e-19","5.516"
2044,"epidermal growth factor receptor pathway substrate 8",2044,"EPS8","epidermal growth factor receptor pathway substrate 8",2059,"12","n/a","n/a","4.32e-34","5.495"
125831,"low density lipoprotein receptor class A domain containing 2",125831,"LDLRAD2","low density lipoprotein receptor class A domain containing 2",401944,"1","n/a","n/a","2.93e-12","5.493"
30766,"RAS-like, family 12",30766,"RASL12","RAS-like, family 12",51285,"15","n/a","n/a","2.61e-30","5.483"
80335,"layilin",80335,"LAYN","layilin",143903,"11","n/a","n/a","1.51e-27","5.452"
3653,"integrin, alpha 5 (fibronectin receptor, alpha polypeptide)",3653,"ITGA5","integrin, alpha 5 (fibronectin receptor, alpha polypeptide)",3678,"12","n/a","n/a","1.66e-16","5.441"
157126211,"uncharacterized LOC100652958",157126211,"LOC100652958","uncharacterized LOC100652958",100652958,"21","n/a","n/a","2.88e-14","5.434"
80089,"transmembrane protein 37",80089,"TMEM37","transmembrane protein 37",140738,"2","n/a","n/a","2.73e-26","5.414"
3618,"insulin receptor",3618,"INSR","insulin receptor",3643,"19","n/a","n/a","1.13e-18","5.385"
35092,"ArfGAP with dual PH domains 2",35092,"ADAP2","ArfGAP with dual PH domains 2",55803,"17","n/a","n/a","9.47e-38","5.382"
33878,"matrix-remodelling associated 8",33878,"MXRA8","matrix-remodelling associated 8",54587,"1","n/a","n/a","2.79e-20","5.380"
3538,"interleukin 3 receptor, alpha (low affinity)",3538,"IL3RA","interleukin 3 receptor, alpha (low affinity)",3563,"X|Y","n/a","n/a","2.95e-16","5.360"
4823,"notch 3",4823,"NOTCH3","notch 3",4854,"19","n/a","n/a","1.08e-16","5.308"
7087,"tumor necrosis factor, alpha-induced protein 6",7087,"TNFAIP6","tumor necrosis factor, alpha-induced protein 6",7130,"2","n/a","n/a","4.53e-16","5.306"
34162,"palmdelphin",34162,"PALMD","palmdelphin",54873,"1","n/a","n/a","2.88e-36","5.305"
60906,"protein phosphatase 1, regulatory (inhibitor) subunit 14A",60906,"PPP1R14A","protein phosphatase 1, regulatory (inhibitor) subunit 14A",94274,"19","n/a","n/a","1.00e-11","5.289"
134573,"NOTCH-regulated ankyrin repeat protein",134573,"NRARP","NOTCH-regulated ankyrin repeat protein",441478,"9","n/a","n/a","9.21e-29","5.284"
2671,"gamma-glutamyltransferase 5",2671,"GGT5","gamma-glutamyltransferase 5",2687,"22","n/a","n/a","2.83e-17","5.283"
40808,"leucine proline-enriched proteoglycan (leprecan) 1",40808,"LEPRE1","leucine proline-enriched proteoglycan (leprecan) 1",64175,"1","n/a","n/a","2.77e-22","5.279"
10937,"ADAM metallopeptidase with thrombospondin type 1 motif, 5",10937,"ADAMTS5","ADAM metallopeptidase with thrombospondin type 1 motif, 5",11096,"21","n/a","n/a","9.64e-12","5.272"
948,"ectonucleoside triphosphate diphosphohydrolase 1",948,"ENTPD1","ectonucleoside triphosphate diphosphohydrolase 1",953,"10","n/a","n/a","1.89e-31","5.244"
3703,"junction plakoglobin",3703,"JUP","junction plakoglobin",3728,"17","n/a","n/a","8.96e-20","5.233"
1589,"disabled homolog 2, mitogen-responsive phosphoprotein (Drosophila)",1589,"DAB2","disabled homolog 2, mitogen-responsive phosphoprotein (Drosophila)",1601,"5","n/a","n/a","5.31e-27","5.225"
93996,"solute carrier family 46, member 3",93996,"SLC46A3","solute carrier family 46, member 3",283537,"13","n/a","n/a","1.41e-17","5.224"
89940,"sperm equatorial segment protein 1",89940,"SPESP1","sperm equatorial segment protein 1",246777,"15","n/a","n/a","3.48e-16","5.222"
8450,"integrin, alpha 8",8450,"ITGA8","integrin, alpha 8",8516,"10","n/a","n/a","2.26e-18","5.200"
93926,"Ras association (RalGDS/AF-6) domain family member 3",93926,"RASSF3","Ras association (RalGDS/AF-6) domain family member 3",283349,"12","n/a","n/a","4.13e-19","5.198"
3990,"lysyl oxidase",3990,"LOX","lysyl oxidase",4015,"5","n/a","n/a","2.01e-13","5.193"
10592,"GRB2-related adaptor protein",10592,"GRAP","GRB2-related adaptor protein",10750,"17","n/a","n/a","6.08e-18","5.167"
58888,"spermatogenesis associated 22",58888,"SPATA22","spermatogenesis associated 22",84690,"17","n/a","n/a","3.11e-10","5.166"
3271,"hydroxysteroid (11-beta) dehydrogenase 2",3271,"HSD11B2","hydroxysteroid (11-beta) dehydrogenase 2",3291,"16","n/a","n/a","1.20e-11","5.166"
179,"jagged 1",179,"JAG1","jagged 1",182,"20","n/a","n/a","7.72e-27","5.151"
8453,"interferon induced transmembrane protein 1",8453,"IFITM1","interferon induced transmembrane protein 1",8519,"11","n/a","n/a","2.98e-10","5.137"
10122,"receptor (G protein-coupled) activity modifying protein 3",10122,"RAMP3","receptor (G protein-coupled) activity modifying protein 3",10268,"7","n/a","n/a","5.91e-09","5.135"
1524,"cytochrome b-245, alpha polypeptide",1524,"CYBA","cytochrome b-245, alpha polypeptide",1535,"16","n/a","n/a","4.59e-09","5.112"
5519,"perforin 1 (pore forming protein)",5519,"PRF1","perforin 1 (pore forming protein)",5551,"10","n/a","n/a","2.64e-07","5.107"
23253,"3-hydroxyanthranilate 3,4-dioxygenase",23253,"HAAO","3-hydroxyanthranilate 3,4-dioxygenase",23498,"2","n/a","n/a","3.40e-10","5.069"
9875,"SH2B adaptor protein 3",9875,"SH2B3","SH2B adaptor protein 3",10019,"12","n/a","n/a","9.21e-37","5.059"
90283,"ring finger protein 144B",90283,"RNF144B","ring finger protein 144B",255488,"6","n/a","n/a","8.26e-23","5.056"
1337,"cytochrome c oxidase subunit VIIa polypeptide 1 (muscle)",1337,"COX7A1","cytochrome c oxidase subunit VIIa polypeptide 1 (muscle)",1346,"19","n/a","n/a","6.92e-12","5.054"
5755,"protein tyrosine phosphatase, receptor type, B",5755,"PTPRB","protein tyrosine phosphatase, receptor type, B",5787,"12","n/a","n/a","4.42e-30","5.039"
34454,"centrosomal protein 55kDa",34454,"CEP55","centrosomal protein 55kDa",55165,"10","n/a","n/a","5.64e-23","5.037"
41419,"von Willebrand factor A domain containing 1",41419,"VWA1","von Willebrand factor A domain containing 1",64856,"1","n/a","n/a","1.53e-21","5.032"
29842,"Tax1 (human T-cell leukemia virus type I) binding protein 3",29842,"TAX1BP3","Tax1 (human T-cell leukemia virus type I) binding protein 3",30851,"17","n/a","n/a","2.76e-17","5.026"
5764,"protein tyrosine phosphatase, receptor type, K",5764,"PTPRK","protein tyrosine phosphatase, receptor type, K",5796,"6","n/a","n/a","2.72e-20","5.009"
6347,"syndecan 2",6347,"SDC2","syndecan 2",6383,"8","n/a","n/a","8.16e-13","4.981"
6541,"solute carrier organic anion transporter family, member 2A1",6541,"SLCO2A1","solute carrier organic anion transporter family, member 2A1",6578,"3","n/a","n/a","1.16e-11","4.978"
97,"adenosine deaminase",97,"ADA","adenosine deaminase",100,"20","n/a","n/a","7.53e-17","4.945"
7989,"ADAM metallopeptidase domain 12",7989,"ADAM12","ADAM metallopeptidase domain 12",8038,"10","n/a","n/a","4.84e-14","4.925"
37095,"histocompatibility (minor) HB-1",37095,"HMHB1","histocompatibility (minor) HB-1",57824,"5","n/a","n/a","2.09e-10","4.925"
2177,"fibulin 1",2177,"FBLN1","fibulin 1",2192,"22","n/a","n/a","7.80e-14","4.907"
7944,"tumor suppressor candidate 3",7944,"TUSC3","tumor suppressor candidate 3",7991,"8","n/a","n/a","1.47e-19","4.899"
23248,"hairy/enhancer-of-split related with YRPW motif 2",23248,"HEY2","hairy/enhancer-of-split related with YRPW motif 2",23493,"6","n/a","n/a","5.78e-24","4.890"
6873,"T-box 15",6873,"TBX15","T-box 15",6913,"1","n/a","n/a","1.80e-22","4.873"
34571,"leucine rich repeat containing 36",34571,"LRRC36","leucine rich repeat containing 36",55282,"16","n/a","n/a","1.03e-09","4.862"
6428,"SHC (Src homology 2 domain containing) transforming protein 1",6428,"SHC1","SHC (Src homology 2 domain containing) transforming protein 1",6464,"1","n/a","n/a","2.27e-36","4.858"
8785,"apelin",8785,"APLN","apelin",8862,"X","n/a","n/a","2.25e-09","4.855"
7128,"tropomyosin 4",7128,"TPM4","tropomyosin 4",7171,"19","n/a","n/a","4.91e-34","4.843"
81379,"uncharacterized LOC158376",81379,"LOC158376","uncharacterized LOC158376",158376,"9","n/a","n/a","3.34e-21","4.833"
9950,"actin related protein 2/3 complex, subunit 1B, 41kDa",9950,"ARPC1B","actin related protein 2/3 complex, subunit 1B, 41kDa",10095,"7","n/a","n/a","3.80e-27","4.821"
10872,"RNA binding protein with multiple splicing",10872,"RBPMS","RNA binding protein with multiple splicing",11030,"8","n/a","n/a","5.27e-21","4.812"
833,"caspase 4, apoptosis-related cysteine peptidase",833,"CASP4","caspase 4, apoptosis-related cysteine peptidase",837,"11","n/a","n/a","1.64e-30","4.810"
11057,"A kinase (PRKA) anchor protein 2",11057,"AKAP2","A kinase (PRKA) anchor protein 2",11217,"9","n/a","n/a","1.41e-24","4.808"
54987,"matrix metallopeptidase 28",54987,"MMP28","matrix metallopeptidase 28",79148,"17","n/a","n/a","2.43e-15","4.791"
79479,"family with sequence similarity 43, member A",79479,"FAM43A","family with sequence similarity 43, member A",131583,"3","n/a","n/a","1.48e-21","4.785"
4615,"myosin IC",4615,"MYO1C","myosin IC",4641,"17","n/a","n/a","5.60e-36","4.784"
1002216,"RELT-like 1",1002216,"RELL1","RELT-like 1",768211,"4","n/a","n/a","1.97e-35","4.777"
81539,"schlafen family member 5",81539,"SLFN5","schlafen family member 5",162394,"17","n/a","n/a","1.27e-27","4.764"
1256,"calponin 2",1256,"CNN2","calponin 2",1265,"19","n/a","n/a","7.98e-18","4.735"
79518,"poly(A) binding protein, cytoplasmic 4-like",79518,"PABPC4L","poly(A) binding protein, cytoplasmic 4-like",132430,"4","n/a","n/a","2.74e-16","4.720"
4612,"myosin light chain kinase",4612,"MYLK","myosin light chain kinase",4638,"3","n/a","n/a","2.34e-22","4.719"
5551,"protein kinase C, eta",5551,"PRKCH","protein kinase C, eta",5583,"14","n/a","n/a","7.36e-35","4.714"
6204,"related RAS viral (r-ras) oncogene homolog",6204,"RRAS","related RAS viral (r-ras) oncogene homolog",6237,"19","n/a","n/a","4.57e-24","4.712"
9899,"SH2 domain containing 3C",9899,"SH2D3C","SH2 domain containing 3C",10044,"9","n/a","n/a","1.00e-16","4.712"
3069,"hematopoietically expressed homeobox",3069,"HHEX","hematopoietically expressed homeobox",3087,"10","n/a","n/a","6.68e-19","4.698"
59948,"StAR-related lipid transfer (START) domain containing 13",59948,"STARD13","StAR-related lipid transfer (START) domain containing 13",90627,"13","n/a","n/a","7.55e-32","4.694"
9110,"interleukin 32",9110,"IL32","interleukin 32",9235,"16","n/a","n/a","2.44e-15","4.692"
57269,"thioredoxin domain containing 5 (endoplasmic reticulum)",57269,"TXNDC5","thioredoxin domain containing 5 (endoplasmic reticulum)",81567,"6","n/a","n/a","1.15e-20","4.669"
3754,"potassium large conductance calcium-activated channel, subfamily M, beta member 1",3754,"KCNMB1","potassium large conductance calcium-activated channel, subfamily M, beta member 1",3779,"5","n/a","n/a","1.71e-11","4.658"
58816,"tubulin, beta 6 class V",58816,"TUBB6","tubulin, beta 6 class V",84617,"18","n/a","n/a","1.10e-25","4.645"
58831,"actin filament associated protein 1-like 2",58831,"AFAP1L2","actin filament associated protein 1-like 2",84632,"10","n/a","n/a","5.44e-29","4.641"
1716,"NAD(P)H dehydrogenase, quinone 1",1716,"NQO1","NAD(P)H dehydrogenase, quinone 1",1728,"16","n/a","n/a","1.73e-20","4.634"
9366,"ADAM metallopeptidase with thrombospondin type 1 motif, 4",9366,"ADAMTS4","ADAM metallopeptidase with thrombospondin type 1 motif, 4",9507,"1","n/a","n/a","2.05e-20","4.631"
5441,"pro-platelet basic protein (chemokine (C-X-C motif) ligand 7)",5441,"PPBP","pro-platelet basic protein (chemokine (C-X-C motif) ligand 7)",5473,"4","n/a","n/a","3.47e-10","4.631"
81195,"RUN domain containing 3B",81195,"RUNDC3B","RUN domain containing 3B",154661,"7","n/a","n/a","3.31e-17","4.622"
3765,"potassium voltage-gated channel, delayed-rectifier, subfamily S, member 3",3765,"KCNS3","potassium voltage-gated channel, delayed-rectifier, subfamily S, member 3",3790,"2","n/a","n/a","5.47e-26","4.606"
8672,"tumor necrosis factor (ligand) superfamily, member 10",8672,"TNFSF10","tumor necrosis factor (ligand) superfamily, member 10",8743,"3","n/a","n/a","7.10e-19","4.604"
25709,"G protein-coupled receptor 124",25709,"GPR124","G protein-coupled receptor 124",25960,"8","n/a","n/a","1.49e-17","4.595"
7119,"trophoblast glycoprotein",7119,"TPBG","trophoblast glycoprotein",7162,"6","n/a","n/a","4.94e-18","4.583"
34395,"schlafen family member 12",34395,"SLFN12","schlafen family member 12",55106,"17","n/a","n/a","8.20e-27","4.580"
58152,"transmembrane protein 133",58152,"TMEM133","transmembrane protein 133",83935,"11","n/a","n/a","2.53e-22","4.579"
2015,"solute carrier family 29 (nucleoside transporters), member 1",2015,"SLC29A1","solute carrier family 29 (nucleoside transporters), member 1",2030,"6","n/a","n/a","9.62e-13","4.562"
85683,"family with sequence similarity 13, member C",85683,"FAM13C","family with sequence similarity 13, member C",220965,"10","n/a","n/a","2.49e-20","4.555"
26888,"KIAA1274",26888,"KIAA1274","KIAA1274",27143,"10","n/a","n/a","5.06e-23","4.545"
6242,"S100 calcium binding protein A4",6242,"S100A4","S100 calcium binding protein A4",6275,"1","n/a","n/a","2.20e-11","4.540"
5335,"pro-melanin-concentrating hormone",5335,"PMCH","pro-melanin-concentrating hormone",5367,"12","n/a","n/a","2.33e-07","4.539"
4123,"matrilin 3",4123,"MATN3","matrilin 3",4148,"2","n/a","n/a","6.76e-17","4.534"
81226,"GTPase, IMAP family member 8",81226,"GIMAP8","GTPase, IMAP family member 8",155038,"7","n/a","n/a","7.99e-24","4.533"
1063,"cholesteryl ester transfer protein, plasma",1063,"CETP","cholesteryl ester transfer protein, plasma",1071,"16","n/a","n/a","1.01e-13","4.524"
6869,"T-box 2",6869,"TBX2","T-box 2",6909,"17","n/a","n/a","7.60e-17","4.519"
81532,"inositol 1,4,5-trisphosphate receptor interacting protein-like 2",81532,"ITPRIPL2","inositol 1,4,5-trisphosphate receptor interacting protein-like 2",162073,"16","n/a","n/a","5.09e-39","4.514"
9284,"cytochrome P450, family 7, subfamily B, polypeptide 1",9284,"CYP7B1","cytochrome P450, family 7, subfamily B, polypeptide 1",9420,"8","n/a","n/a","2.37e-20","4.485"
7033,"TIMP metallopeptidase inhibitor 1",7033,"TIMP1","TIMP metallopeptidase inhibitor 1",7076,"X","n/a","n/a","1.34e-10","4.482"
3883,"laminin, alpha 2",3883,"LAMA2","laminin, alpha 2",3908,"6","n/a","n/a","2.12e-24","4.478"
3541,"interleukin 4 receptor",3541,"IL4R","interleukin 4 receptor",3566,"16","n/a","n/a","4.79e-23","4.470"
10855,"thymosin beta 15a",10855,"TMSB15A","thymosin beta 15a",11013,"X","n/a","n/a","1.61e-07","4.470"
26257,"myoferlin",26257,"MYOF","myoferlin",26509,"10","n/a","n/a","1.18e-26","4.463"
2835,"G protein-coupled estrogen receptor 1",2835,"GPER","G protein-coupled estrogen receptor 1",2852,"7","n/a","n/a","2.81e-15","4.460"
7010,"transglutaminase 2 (C polypeptide, protein-glutamine-gamma-glutamyltransferase)",7010,"TGM2","transglutaminase 2 (C polypeptide, protein-glutamine-gamma-glutamyltransferase)",7052,"20","n/a","n/a","4.02e-21","4.455"
29690,"solute carrier family 25 (mitochondrial carrier; phosphate carrier), member 24",29690,"SLC25A24","solute carrier family 25 (mitochondrial carrier; phosphate carrier), member 24",29957,"1","n/a","n/a","1.81e-19","4.442"
1017919,"uncharacterized LOC100216001",1017919,"LOC100216001","uncharacterized LOC100216001",100216001,"10","n/a","n/a","1.32e-12","4.442"
78843,"IKBKB interacting protein",78843,"IKBIP","IKBKB interacting protein",121457,"12","n/a","n/a","4.72e-29","4.418"
7219,"pleckstrin homology-like domain, family A, member 2",7219,"PHLDA2","pleckstrin homology-like domain, family A, member 2",7262,"11","n/a","n/a","4.50e-13","4.418"
93910,"olfactomedin-like 1",93910,"OLFML1","olfactomedin-like 1",283298,"11","n/a","n/a","1.34e-18","4.413"
122698,"chromosome 11 open reading frame 96",122698,"C11orf96","chromosome 11 open reading frame 96",387763,"11","n/a","n/a","1.26e-17","4.396"
55646,"family with sequence similarity 124B",55646,"FAM124B","family with sequence similarity 124B",79843,"2","n/a","n/a","8.32e-14","4.395"
9832,"C-type lectin domain family 2, member B",9832,"CLEC2B","C-type lectin domain family 2, member B",9976,"12","n/a","n/a","1.56e-17","4.391"
7248,"twist homolog 1 (Drosophila)",7248,"TWIST1","twist homolog 1 (Drosophila)",7291,"7","n/a","n/a","1.77e-12","4.384"
90137,"methionine sulfoxide reductase B3",90137,"MSRB3","methionine sulfoxide reductase B3",253827,"12","n/a","n/a","1.57e-38","4.383"
23021,"latrophilin 2",23021,"LPHN2","latrophilin 2",23266,"1","n/a","n/a","6.18e-23","4.377"
1001149,"chromosome 19 open reading frame 69",1001149,"C19orf69","chromosome 19 open reading frame 69",100170765,"19","n/a","n/a","1.24e-14","4.377"
9293,"ATP-binding cassette, sub-family G (WHITE), member 2",9293,"ABCG2","ATP-binding cassette, sub-family G (WHITE), member 2",9429,"4","n/a","n/a","1.03e-13","4.370"
23103,"dedicator of cytokinesis 9",23103,"DOCK9","dedicator of cytokinesis 9",23348,"13","n/a","n/a","1.10e-20","4.365"
25813,"retinoic acid induced 14",25813,"RAI14","retinoic acid induced 14",26064,"5","n/a","n/a","7.28e-19","4.364"
2136,"coagulation factor II (thrombin) receptor-like 2",2136,"F2RL2","coagulation factor II (thrombin) receptor-like 2",2151,"5","n/a","n/a","2.11e-11","4.358"
10414,"interferon-induced protein 44",10414,"IFI44","interferon-induced protein 44",10561,"1","n/a","n/a","7.10e-26","4.358"
4850,"natriuretic peptide receptor A/guanylate cyclase A (atrionatriuretic peptide receptor A)",4850,"NPR1","natriuretic peptide receptor A/guanylate cyclase A (atrionatriuretic peptide receptor A)",4881,"1","n/a","n/a","1.45e-13","4.358"
2135,"coagulation factor II (thrombin) receptor-like 1",2135,"F2RL1","coagulation factor II (thrombin) receptor-like 1",2150,"5","n/a","n/a","4.62e-14","4.350"
5520,"serglycin",5520,"SRGN","serglycin",5552,"10","n/a","n/a","6.00e-26","4.347"
79593,"actin filament associated protein 1-like 1",79593,"AFAP1L1","actin filament associated protein 1-like 1",134265,"5","n/a","n/a","4.35e-23","4.331"
1592,"CD55 molecule, decay accelerating factor for complement (Cromer blood group)",1592,"CD55","CD55 molecule, decay accelerating factor for complement (Cromer blood group)",1604,"1","n/a","n/a","9.27e-20","4.319"
78145,"ribosomal protein L39-like",78145,"RPL39L","ribosomal protein L39-like",116832,"3","n/a","n/a","1.62e-14","4.302"
23423,"transmembrane protein 2",23423,"TMEM2","transmembrane protein 2",23670,"9","n/a","n/a","9.68e-25","4.299"
57380,"long intergenic non-protein coding RNA 597",57380,"LINC00597","long intergenic non-protein coding RNA 597",81698,"15","n/a","n/a","1.82e-09","4.293"
119462,"UDP-N-acetyl-alpha-D-galactosamine:polypeptide N-acetylgalactosaminyltransferase-like 4",119462,"GALNTL4","UDP-N-acetyl-alpha-D-galactosamine:polypeptide N-acetylgalactosaminyltransferase-like 4",374378,"11","n/a","n/a","3.00e-19","4.286"
8716,"tumor necrosis factor receptor superfamily, member 10d, decoy with truncated death domain",8716,"TNFRSF10D","tumor necrosis factor receptor superfamily, member 10d, decoy with truncated death domain",8793,"8","n/a","n/a","6.17e-13","4.275"
10173,"laminin, gamma 3",10173,"LAMC3","laminin, gamma 3",10319,"9","n/a","n/a","7.21e-11","4.262"
8265,"frizzled family receptor 6",8265,"FZD6","frizzled family receptor 6",8323,"8","n/a","n/a","1.12e-33","4.258"
8512,"scavenger receptor class F, member 1",8512,"SCARF1","scavenger receptor class F, member 1",8578,"17","n/a","n/a","1.23e-16","4.258"
9440,"apolipoprotein B mRNA editing enzyme, catalytic polypeptide-like 3B",9440,"APOBEC3B","apolipoprotein B mRNA editing enzyme, catalytic polypeptide-like 3B",9582,"22","n/a","n/a","2.04e-16","4.251"
28720,"regulator of cell cycle",28720,"RGCC","regulator of cell cycle",28984,"13","n/a","n/a","5.51e-21","4.249"
29835,"EH-domain containing 4",29835,"EHD4","EH-domain containing 4",30844,"15","n/a","n/a","7.66e-35","4.248"
92424,"D21S2088E",92424,"D21S2088E","D21S2088E",266917,"21","n/a","n/a","2.26e-09","4.243"
123636,"CSAG family, member 3",123636,"CSAG3","CSAG family, member 3",389903,"X","n/a","n/a","2.98e-12","4.243"
1453,"chondroitin sulfate proteoglycan 4",1453,"CSPG4","chondroitin sulfate proteoglycan 4",1464,"15","n/a","n/a","1.43e-23","4.232"
756,"carbonic anhydrase II",756,"CA2","carbonic anhydrase II",760,"8","n/a","n/a","1.42e-18","4.229"
5211,"ATP-binding cassette, sub-family B (MDR/TAP), member 1",5211,"ABCB1","ATP-binding cassette, sub-family B (MDR/TAP), member 1",5243,"7","n/a","n/a","2.59e-20","4.214"
4824,"notch 4",4824,"NOTCH4","notch 4",4855,"6","n/a","n/a","5.47e-20","4.206"
40864,"membrane-spanning 4-domains, subfamily A, member 6A",40864,"MS4A6A","membrane-spanning 4-domains, subfamily A, member 6A",64231,"11","n/a","n/a","1.03e-11","4.189"
1294,"collagen, type XII, alpha 1",1294,"COL12A1","collagen, type XII, alpha 1",1303,"6","n/a","n/a","9.77e-13","4.183"
33132,"FXYD domain containing ion transport regulator 5",33132,"FXYD5","FXYD domain containing ion transport regulator 5",53827,"19","n/a","n/a","1.77e-10","4.164"
80331,"Rho GTPase activating protein 42",80331,"ARHGAP42","Rho GTPase activating protein 42",143872,"11","n/a","n/a","1.53e-19","4.159"
1678,"coagulation factor C homolog, cochlin (Limulus polyphemus)",1678,"COCH","coagulation factor C homolog, cochlin (Limulus polyphemus)",1690,"14","n/a","n/a","9.62e-11","4.159"
6,"N-acetyltransferase 1 (arylamine N-acetyltransferase)",6,"NAT1","N-acetyltransferase 1 (arylamine N-acetyltransferase)",9,"8","n/a","n/a","4.38e-20","4.149"
30748,"C-type lectin domain family 1, member A",30748,"CLEC1A","C-type lectin domain family 1, member A",51267,"12","n/a","n/a","3.14e-12","4.142"
1037,"CD52 molecule",1037,"CD52","CD52 molecule",1043,"1","n/a","n/a","5.42e-07","4.142"
157126269,"uncharacterized LOC100652988",157126269,"LOC100652988","uncharacterized LOC100652988",100652988,"10","n/a","n/a","8.22e-15","4.121"
90180,"family with sequence similarity 26, member E",90180,"FAM26E","family with sequence similarity 26, member E",254228,"6","n/a","n/a","7.88e-16","4.115"
59152,"ajuba LIM protein",59152,"AJUBA","ajuba LIM protein",84962,"14","n/a","n/a","1.04e-21","4.102"
25565,"tumor necrosis factor, alpha-induced protein 8",25565,"TNFAIP8","tumor necrosis factor, alpha-induced protein 8",25816,"5","n/a","n/a","1.20e-19","4.085"
55608,"vasohibin 2",55608,"VASH2","vasohibin 2",79805,"1","n/a","n/a","8.38e-15","4.072"
1824,"solute carrier family 26 (sulfate transporter), member 2",1824,"SLC26A2","solute carrier family 26 (sulfate transporter), member 2",1836,"5","n/a","n/a","1.41e-14","4.055"
5448,"peptidylprolyl isomerase C (cyclophilin C)",5448,"PPIC","peptidylprolyl isomerase C (cyclophilin C)",5480,"5","n/a","n/a","2.21e-20","4.053"
85637,"OAF homolog (Drosophila)",85637,"OAF","OAF homolog (Drosophila)",220323,"11","n/a","n/a","4.00e-19","4.021"
9396,"tumor protein p53 inducible protein 11",9396,"TP53I11","tumor protein p53 inducible protein 11",9537,"11","n/a","n/a","1.78e-10","3.996"
23309,"tetraspanin 15",23309,"TSPAN15","tetraspanin 15",23555,"10","n/a","n/a","7.78e-18","3.986"
648,"bone morphogenetic protein 4",648,"BMP4","bone morphogenetic protein 4",652,"14","n/a","n/a","2.69e-13","3.984"
109697,"uncharacterized LOC339535",109697,"LOC339535","uncharacterized LOC339535",339535,"1","n/a","n/a","1.96e-12","3.969"
25574,"beta-site APP-cleaving enzyme 2",25574,"BACE2","beta-site APP-cleaving enzyme 2",25825,"21","n/a","n/a","1.27e-27","3.963"
40762,"tubulointerstitial nephritis antigen-like 1",40762,"TINAGL1","tubulointerstitial nephritis antigen-like 1",64129,"1","n/a","n/a","1.98e-10","3.960"
3975,"lamin A/C",3975,"LMNA","lamin A/C",4000,"1","n/a","n/a","3.75e-23","3.959"
81495,"transmembrane protein 30B",81495,"TMEM30B","transmembrane protein 30B",161291,"14","n/a","n/a","4.22e-19","3.944"
83465,"mixed lineage kinase domain-like",83465,"MLKL","mixed lineage kinase domain-like",197259,"16","n/a","n/a","2.27e-23","3.936"
2284,"forkhead box L1",2284,"FOXL1","forkhead box L1",2300,"16","n/a","n/a","4.70e-13","3.933"
5696,"phosphatase and tensin homolog",5696,"PTEN","phosphatase and tensin homolog",5728,"10","n/a","n/a","6.10e-19","3.932"
34483,"family with sequence similarity 176, member B",34483,"FAM176B","family with sequence similarity 176, member B",55194,"1","n/a","n/a","3.73e-14","3.924"
83605,"kelch domain containing 8B",83605,"KLHDC8B","kelch domain containing 8B",200942,"3","n/a","n/a","3.60e-25","3.922"
22884,"plexin D1",22884,"PLXND1","plexin D1",23129,"3","n/a","n/a","1.15e-16","3.918"
29702,"MyoD family inhibitor domain containing",29702,"MDFIC","MyoD family inhibitor domain containing",29969,"7","n/a","n/a","3.93e-25","3.909"
157123553,"uncharacterized LOC100507474",157123553,"LOC100507474","uncharacterized LOC100507474",100507474,"2","n/a","n/a","2.89e-14","3.906"
36782,"microtubule associated tumor suppressor 1",36782,"MTUS1","microtubule associated tumor suppressor 1",57509,"8","n/a","n/a","1.45e-26","3.903"
81048,"CKLF-like MARVEL transmembrane domain containing 8",81048,"CMTM8","CKLF-like MARVEL transmembrane domain containing 8",152189,"3","n/a","n/a","5.17e-16","3.901"
77620,"C1q and tumor necrosis factor related protein 6",77620,"C1QTNF6","C1q and tumor necrosis factor related protein 6",114904,"22","n/a","n/a","2.11e-12","3.893"
1184,"chloride intracellular channel 2",1184,"CLIC2","chloride intracellular channel 2",1193,"X","n/a","n/a","3.51e-23","3.873"
2686,"gap junction protein, alpha 5, 40kDa",2686,"GJA5","gap junction protein, alpha 5, 40kDa",2702,"1","n/a","n/a","1.19e-10","3.869"
110807,"bone morphogenetic protein 8a",110807,"BMP8A","bone morphogenetic protein 8a",353500,"1","n/a","n/a","9.23e-12","3.867"
854,"caveolin 2",854,"CAV2","caveolin 2",858,"7","n/a","n/a","1.09e-29","3.861"
31256,"sterile alpha motif and leucine zipper containing kinase AZK",31256,"ZAK","sterile alpha motif and leucine zipper containing kinase AZK",51776,"2","n/a","n/a","6.67e-33","3.837"
26325,"osteoclast stimulating factor 1",26325,"OSTF1","osteoclast stimulating factor 1",26578,"9","n/a","n/a","7.05e-30","3.828"
3795,"killer cell lectin-like receptor subfamily B, member 1",3795,"KLRB1","killer cell lectin-like receptor subfamily B, member 1",3820,"12","n/a","n/a","1.32e-06","3.826"
37766,"serine carboxypeptidase 1",37766,"SCPEP1","serine carboxypeptidase 1",59342,"17","n/a","n/a","9.09e-32","3.820"
122200,"centromere protein W",122200,"CENPW","centromere protein W",387103,"6","n/a","n/a","1.14e-24","3.811"
56534,"inter-alpha-trypsin inhibitor heavy chain family, member 5",56534,"ITIH5","inter-alpha-trypsin inhibitor heavy chain family, member 5",80760,"10","n/a","n/a","2.32e-13","3.810"
1836,"dual specificity phosphatase 6",1836,"DUSP6","dual specificity phosphatase 6",1848,"12","n/a","n/a","2.61e-20","3.800"
90100,"ZNF503 antisense RNA 1 (non-protein coding)",90100,"ZNF503-AS1","ZNF503 antisense RNA 1 (non-protein coding)",253264,"10","n/a","n/a","6.08e-12","3.796"
9198,"CD163 molecule",9198,"CD163","CD163 molecule",9332,"12","n/a","n/a","2.21e-08","3.785"
2147,"coagulation factor XIII, A1 polypeptide",2147,"F13A1","coagulation factor XIII, A1 polypeptide",2162,"6","n/a","n/a","1.10e-05","3.784"
4233,"microsomal glutathione S-transferase 2",4233,"MGST2","microsomal glutathione S-transferase 2",4258,"4","n/a","n/a","2.27e-20","3.782"
6908,"transcobalamin II",6908,"TCN2","transcobalamin II",6948,"22","n/a","n/a","3.16e-12","3.772"
4044,"lysozyme",4044,"LYZ","lysozyme",4069,"12","n/a","n/a","5.30e-09","3.771"
7359,"utrophin",7359,"UTRN","utrophin",7402,"6","n/a","n/a","2.20e-24","3.770"
40724,"popeye domain containing 2",40724,"POPDC2","popeye domain containing 2",64091,"3","n/a","n/a","7.06e-12","3.744"
645,"bone morphogenetic protein 1",645,"BMP1","bone morphogenetic protein 1",649,"8","n/a","n/a","7.13e-13","3.742"
3850,"keratin 18",3850,"KRT18","keratin 18",3875,"12","n/a","n/a","1.71e-17","3.739"
3529,"interleukin 1 receptor, type I",3529,"IL1R1","interleukin 1 receptor, type I",3554,"2","n/a","n/a","1.16e-13","3.731"
157125939,"uncharacterized LOC100652809",157125939,"LOC100652809","uncharacterized LOC100652809",100652809,"2","n/a","n/a","3.97e-19","3.720"
55426,"UDP-N-acetyl-alpha-D-galactosamine:polypeptide N-acetylgalactosaminyltransferase 14 (GalNAc-T14)",55426,"GALNT14","UDP-N-acetyl-alpha-D-galactosamine:polypeptide N-acetylgalactosaminyltransferase 14 (GalNAc-T14)",79623,"2","n/a","n/a","2.02e-15","3.716"
4229,"KIT ligand",4229,"KITLG","KIT ligand",4254,"12","n/a","n/a","5.24e-23","3.698"
4334,"mannose receptor, C type 1",4334,"MRC1","mannose receptor, C type 1",4360,"10","n/a","n/a","1.46e-08","3.698"
853,"caveolin 1, caveolae protein, 22kDa",853,"CAV1","caveolin 1, caveolae protein, 22kDa",857,"7","n/a","n/a","3.10e-12","3.688"
94569,"uncharacterized LOC285419",94569,"LOC285419","uncharacterized LOC285419",285419,"4","n/a","n/a","2.22e-12","3.685"
26272,"LATS, large tumor suppressor, homolog 2 (Drosophila)",26272,"LATS2","LATS, large tumor suppressor, homolog 2 (Drosophila)",26524,"13","n/a","n/a","6.60e-23","3.681"
5326,"plastin 3",5326,"PLS3","plastin 3",5358,"X","n/a","n/a","7.44e-25","3.663"
9727,"SEC24 family, member D (S. cerevisiae)",9727,"SEC24D","SEC24 family, member D (S. cerevisiae)",9871,"4","n/a","n/a","2.34e-20","3.654"
6246,"S100 calcium binding protein A8",6246,"S100A8","S100 calcium binding protein A8",6279,"1","n/a","n/a","4.02e-06","3.652"
5119,"phosphodiesterase 8A",5119,"PDE8A","phosphodiesterase 8A",5151,"15","n/a","n/a","7.82e-29","3.651"
2984,"granzyme A (granzyme 1, cytotoxic T-lymphocyte-associated serine esterase 3)",2984,"GZMA","granzyme A (granzyme 1, cytotoxic T-lymphocyte-associated serine esterase 3)",3001,"5","n/a","n/a","3.36e-08","3.649"
7032,"tyrosine kinase with immunoglobulin-like and EGF-like domains 1",7032,"TIE1","tyrosine kinase with immunoglobulin-like and EGF-like domains 1",7075,"1","n/a","n/a","1.60e-12","3.640"
910,"CD3d molecule, delta (CD3-TCR complex)",910,"CD3D","CD3d molecule, delta (CD3-TCR complex)",915,"11","n/a","n/a","8.62e-07","3.638"
56995,"olfactory receptor, family 51, subfamily E, member 2",56995,"OR51E2","olfactory receptor, family 51, subfamily E, member 2",81285,"11","n/a","n/a","2.97e-10","3.635"
41467,"5'-nucleotidase domain containing 2",41467,"NT5DC2","5'-nucleotidase domain containing 2",64943,"3","n/a","n/a","3.95e-16","3.628"
4030,"lymphotoxin beta receptor (TNFR superfamily, member 3)",4030,"LTBR","lymphotoxin beta receptor (TNFR superfamily, member 3)",4055,"12","n/a","n/a","2.20e-17","3.626"
55776,"cadherin-like and PC-esterase domain containing 1",55776,"CPED1","cadherin-like and PC-esterase domain containing 1",79974,"7","n/a","n/a","7.87e-22","3.624"
978,"cyclin-dependent kinase 1",978,"CDK1","cyclin-dependent kinase 1",983,"10","n/a","n/a","3.31e-17","3.618"
1359,"carboxypeptidase M",1359,"CPM","carboxypeptidase M",1368,"12","n/a","n/a","1.60e-18","3.594"
857,"runt-related transcription factor 1",857,"RUNX1","runt-related transcription factor 1",861,"21","n/a","n/a","1.49e-16","3.589"
133,"adenosine A2b receptor",133,"ADORA2B","adenosine A2b receptor",136,"17","n/a","n/a","7.49e-14","3.583"
157121371,"uncharacterized LOC100505806",157121371,"LOC100505806","uncharacterized LOC100505806",100505806,"5","n/a","n/a","2.75e-14","3.583"
5787,"poliovirus receptor-related 2 (herpesvirus entry mediator B)",5787,"PVRL2","poliovirus receptor-related 2 (herpesvirus entry mediator B)",5819,"19","n/a","n/a","6.57e-17","3.579"
4217,"MFNG O-fucosylpeptide 3-beta-N-acetylglucosaminyltransferase",4217,"MFNG","MFNG O-fucosylpeptide 3-beta-N-acetylglucosaminyltransferase",4242,"22","n/a","n/a","2.19e-21","3.575"
1534,"cytochrome P450, family 1, subfamily B, polypeptide 1",1534,"CYP1B1","cytochrome P450, family 1, subfamily B, polypeptide 1",1545,"2","n/a","n/a","8.90e-04","3.574"
6968,"TEK tyrosine kinase, endothelial",6968,"TEK","TEK tyrosine kinase, endothelial",7010,"9","n/a","n/a","1.11e-23","3.574"
41223,"early B-cell factor 2",41223,"EBF2","early B-cell factor 2",64641,"8","n/a","n/a","3.99e-14","3.571"
4908,"2'-5'-oligoadenylate synthetase 2, 69/71kDa",4908,"OAS2","2'-5'-oligoadenylate synthetase 2, 69/71kDa",4939,"12","n/a","n/a","2.63e-18","3.571"
2025,"stomatin",2025,"STOM","stomatin",2040,"9","n/a","n/a","4.36e-24","3.567"
10328,"tripartite motif containing 38",10328,"TRIM38","tripartite motif containing 38",10475,"6","n/a","n/a","2.58e-37","3.567"
9643,"discs, large (Drosophila) homolog-associated protein 5",9643,"DLGAP5","discs, large (Drosophila) homolog-associated protein 5",9787,"14","n/a","n/a","1.18e-16","3.565"
8376,"serum deprivation response",8376,"SDPR","serum deprivation response",8436,"2","n/a","n/a","2.84e-12","3.556"
298,"annexin A1",298,"ANXA1","annexin A1",301,"9","n/a","n/a","2.04e-16","3.551"
119542,"platelet endothelial aggregation receptor 1",119542,"PEAR1","platelet endothelial aggregation receptor 1",375033,"1","n/a","n/a","1.33e-15","3.549"
85696,"receptor accessory protein 3",85696,"REEP3","receptor accessory protein 3",221035,"10","n/a","n/a","4.95e-33","3.548"
1989,"ELK3, ETS-domain protein (SRF accessory protein 2)",1989,"ELK3","ELK3, ETS-domain protein (SRF accessory protein 2)",2004,"12","n/a","n/a","4.05e-28","3.536"
3992,"lysyl oxidase-like 2",3992,"LOXL2","lysyl oxidase-like 2",4017,"8","n/a","n/a","3.86e-12","3.535"
9790,"purinergic receptor P2Y, G-protein coupled, 14",9790,"P2RY14","purinergic receptor P2Y, G-protein coupled, 14",9934,"3","n/a","n/a","3.88e-14","3.530"
9738,"TBC1 domain family, member 4",9738,"TBC1D4","TBC1 domain family, member 4",9882,"13","n/a","n/a","1.95e-26","3.529"
6489,"smoothelin",6489,"SMTN","smoothelin",6525,"22","n/a","n/a","1.11e-14","3.527"
10241,"synaptonemal complex protein 2",10241,"SYCP2","synaptonemal complex protein 2",10388,"20","n/a","n/a","1.45e-13","3.524"
36216,"prostate transmembrane protein, androgen induced 1",36216,"PMEPA1","prostate transmembrane protein, androgen induced 1",56937,"20","n/a","n/a","5.27e-24","3.518"
8349,"transgelin 2",8349,"TAGLN2","transgelin 2",8407,"1","n/a","n/a","5.45e-17","3.514"
123454,"sterile alpha motif domain containing 5",123454,"SAMD5","sterile alpha motif domain containing 5",389432,"6","n/a","n/a","9.71e-19","3.513"
58020,"FERM domain containing 8",58020,"FRMD8","FERM domain containing 8",83786,"11","n/a","n/a","1.17e-30","3.508"
30676,"importin 11",30676,"IPO11","importin 11",51194,"5","n/a","n/a","4.60e-15","3.507"
57528,"sprouty homolog 4 (Drosophila)",57528,"SPRY4","sprouty homolog 4 (Drosophila)",81848,"5","n/a","n/a","2.19e-18","3.504"
58440,"leucine rich repeat containing 8 family, member C",58440,"LRRC8C","leucine rich repeat containing 8 family, member C",84230,"1","n/a","n/a","1.78e-24","3.500"
856,"runt-related transcription factor 2",856,"RUNX2","runt-related transcription factor 2",860,"6","n/a","n/a","2.24e-14","3.500"
5042,"PRKC, apoptosis, WT1, regulator",5042,"PAWR","PRKC, apoptosis, WT1, regulator",5074,"12","n/a","n/a","1.07e-21","3.495"
56635,"EGF-like-domain, multiple 8",56635,"EGFL8","EGF-like-domain, multiple 8",80864,"6","n/a","n/a","1.90e-09","3.491"
6886,"T-box 3",6886,"TBX3","T-box 3",6926,"12","n/a","n/a","4.03e-20","3.490"
7040,"thymidine kinase 1, soluble",7040,"TK1","thymidine kinase 1, soluble",7083,"17","n/a","n/a","7.94e-14","3.489"
79877,"ankyrin repeat and SOCS box containing 9",79877,"ASB9","ankyrin repeat and SOCS box containing 9",140462,"X","n/a","n/a","9.90e-14","3.489"
81054,"FYVE, RhoGEF and PH domain containing 5",81054,"FGD5","FYVE, RhoGEF and PH domain containing 5",152273,"3","n/a","n/a","1.34e-17","3.470"
1877,"endothelin converting enzyme 1",1877,"ECE1","endothelin converting enzyme 1",1889,"1","n/a","n/a","1.16e-17","3.467"
25708,"KN motif and ankyrin repeat domains 2",25708,"KANK2","KN motif and ankyrin repeat domains 2",25959,"19","n/a","n/a","6.12e-21","3.462"
8956,"LIM domain binding 2",8956,"LDB2","LIM domain binding 2",9079,"4","n/a","n/a","8.12e-13","3.459"
3141,"hyaluronan-mediated motility receptor (RHAMM)",3141,"HMMR","hyaluronan-mediated motility receptor (RHAMM)",3161,"5","n/a","n/a","1.09e-14","3.451"
33620,"G protein-coupled receptor 85",33620,"GPR85","G protein-coupled receptor 85",54329,"7","n/a","n/a","1.49e-15","3.448"
8238,"dysferlin, limb girdle muscular dystrophy 2B (autosomal recessive)",8238,"DYSF","dysferlin, limb girdle muscular dystrophy 2B (autosomal recessive)",8291,"2","n/a","n/a","5.90e-13","3.447"
5761,"protein tyrosine phosphatase, receptor type, G",5761,"PTPRG","protein tyrosine phosphatase, receptor type, G",5793,"3","n/a","n/a","1.88e-25","3.443"
1024,"cyclin-dependent kinase inhibitor 2B (p15, inhibits CDK4)",1024,"CDKN2B","cyclin-dependent kinase inhibitor 2B (p15, inhibits CDK4)",1030,"9","n/a","n/a","1.35e-13","3.442"
36286,"chemokine (C-X-C motif) receptor 7",36286,"CXCR7","chemokine (C-X-C motif) receptor 7",57007,"2","n/a","n/a","4.48e-13","3.440"
9624,"KIAA0101",9624,"KIAA0101","KIAA0101",9768,"15","n/a","n/a","5.80e-14","3.435"
34610,"transmembrane protein 74B",34610,"TMEM74B","transmembrane protein 74B",55321,"20","n/a","n/a","3.37e-17","3.433"
30794,"family with sequence similarity 198, member B",30794,"FAM198B","family with sequence similarity 198, member B",51313,"4","n/a","n/a","9.61e-18","3.430"
94152,"long intergenic non-protein coding RNA 324",94152,"LINC00324","long intergenic non-protein coding RNA 324",284029,"17","n/a","n/a","1.56e-17","3.416"
3648,"integrin, alpha 2 (CD49B, alpha 2 subunit of VLA-2 receptor)",3648,"ITGA2","integrin, alpha 2 (CD49B, alpha 2 subunit of VLA-2 receptor)",3673,"5","n/a","n/a","1.21e-21","3.413"
58106,"hemicentin 1",58106,"HMCN1","hemicentin 1",83872,"1","n/a","n/a","4.41e-17","3.407"
4616,"myosin ID",4616,"MYO1D","myosin ID",4642,"17","n/a","n/a","6.89e-21","3.405"
10040,"lipoma HMGIC fusion partner",10040,"LHFP","lipoma HMGIC fusion partner",10186,"13","n/a","n/a","6.40e-27","3.403"
8604,"vesicle-associated membrane protein 8 (endobrevin)",8604,"VAMP8","vesicle-associated membrane protein 8 (endobrevin)",8673,"2","n/a","n/a","9.28e-15","3.395"
94186,"polymerase I and transcript release factor",94186,"PTRF","polymerase I and transcript release factor",284119,"17","n/a","n/a","8.61e-20","3.389"
41334,"tensin 3",41334,"TNS3","tensin 3",64759,"7","n/a","n/a","7.83e-28","3.387"
3097,"major histocompatibility complex, class II, DP beta 1",3097,"HLA-DPB1","major histocompatibility complex, class II, DP beta 1",3115,"6","n/a","n/a","5.57e-09","3.385"
6369,"sema domain, immunoglobulin domain (Ig), short basic domain, secreted, (semaphorin) 3F",6369,"SEMA3F","sema domain, immunoglobulin domain (Ig), short basic domain, secreted, (semaphorin) 3F",6405,"3","n/a","n/a","3.55e-16","3.380"
1830,"extracellular matrix protein 2, female organ and adipocyte specific",1830,"ECM2","extracellular matrix protein 2, female organ and adipocyte specific",1842,"9","n/a","n/a","1.12e-19","3.372"
79601,"StAR-related lipid transfer (START) domain containing 4",79601,"STARD4","StAR-related lipid transfer (START) domain containing 4",134429,"5","n/a","n/a","2.38e-15","3.369"
5072,"serpin peptidase inhibitor, clade A (alpha-1 antiproteinase, antitrypsin), member 5",5072,"SERPINA5","serpin peptidase inhibitor, clade A (alpha-1 antiproteinase, antitrypsin), member 5",5104,"14","n/a","n/a","4.77e-14","3.363"
2278,"forkhead box F1",2278,"FOXF1","forkhead box F1",2294,"16","n/a","n/a","2.81e-20","3.355"
22935,"raftlin, lipid raft linker 1",22935,"RFTN1","raftlin, lipid raft linker 1",23180,"3","n/a","n/a","6.89e-36","3.352"
57795,"membrane frizzled-related protein",57795,"MFRP","membrane frizzled-related protein",83552,"11","n/a","n/a","2.21e-29","3.352"
29772,"solute carrier family 40 (iron-regulated transporter), member 1",29772,"SLC40A1","solute carrier family 40 (iron-regulated transporter), member 1",30061,"2","n/a","n/a","1.70e-16","3.350"
123285,"family with sequence similarity 212, member A",123285,"FAM212A","family with sequence similarity 212, member A",389119,"3","n/a","n/a","4.32e-16","3.349"
157121115,"uncharacterized LOC100505592",157121115,"LOC100505592","uncharacterized LOC100505592",100505592,"18","n/a","n/a","1.38e-11","3.343"
1590,"dachshund homolog 1 (Drosophila)",1590,"DACH1","dachshund homolog 1 (Drosophila)",1602,"13","n/a","n/a","6.54e-14","3.341"
57722,"Rho GTPase activating protein 24",57722,"ARHGAP24","Rho GTPase activating protein 24",83478,"4","n/a","n/a","5.41e-30","3.336"
9216,"solute carrier family 9, subfamily A (NHE3, cation proton antiporter 3), member 3 regulator 2",9216,"SLC9A3R2","solute carrier family 9, subfamily A (NHE3, cation proton antiporter 3), member 3 regulator 2",9351,"16","n/a","n/a","3.26e-09","3.332"
41351,"fibronectin type III domain containing 3B",41351,"FNDC3B","fibronectin type III domain containing 3B",64778,"3","n/a","n/a","2.30e-19","3.326"
7502,"Zic family member 1",7502,"ZIC1","Zic family member 1",7545,"3","n/a","n/a","4.80e-15","3.324"
122665,"solute carrier family 16, member 12 (monocarboxylic acid transporter 12)",122665,"SLC16A12","solute carrier family 16, member 12 (monocarboxylic acid transporter 12)",387700,"10","n/a","n/a","2.81e-11","3.323"
60207,"family with sequence similarity 114, member A1",60207,"FAM114A1","family with sequence similarity 114, member A1",92689,"4","n/a","n/a","9.52e-31","3.320"
1288,"collagen, type IX, alpha 1",1288,"COL9A1","collagen, type IX, alpha 1",1297,"6","n/a","n/a","1.87e-09","3.318"
7857,"ST8 alpha-N-acetyl-neuraminide alpha-2,8-sialyltransferase 4",7857,"ST8SIA4","ST8 alpha-N-acetyl-neuraminide alpha-2,8-sialyltransferase 4",7903,"5","n/a","n/a","9.65e-30","3.317"
29673,"dermatan sulfate epimerase",29673,"DSE","dermatan sulfate epimerase",29940,"6","n/a","n/a","5.29e-14","3.316"
2653,"GTP binding protein overexpressed in skeletal muscle",2653,"GEM","GTP binding protein overexpressed in skeletal muscle",2669,"8","n/a","n/a","8.61e-22","3.313"
5905,"RNA binding motif, single stranded interacting protein 1",5905,"RBMS1","RNA binding motif, single stranded interacting protein 1",5937,"2","n/a","n/a","3.84e-28","3.310"
77618,"C1q and tumor necrosis factor related protein 5",77618,"C1QTNF5","C1q and tumor necrosis factor related protein 5",114902,"11","n/a","n/a","4.42e-29","3.309"
281,"angiopoietin 1",281,"ANGPT1","angiopoietin 1",284,"8","n/a","n/a","4.16e-14","3.305"
157122971,"uncharacterized LOC100507039",157122971,"LOC100507039","uncharacterized LOC100507039",100507039,"2","n/a","n/a","1.06e-08","3.303"
10248,"deleted in liver cancer 1",10248,"DLC1","deleted in liver cancer 1",10395,"8","n/a","n/a","3.59e-22","3.299"
9137,"cytohesin 3",9137,"CYTH3","cytohesin 3",9265,"7","n/a","n/a","7.52e-22","3.298"
7180,"transient receptor potential cation channel, subfamily C, member 4",7180,"TRPC4","transient receptor potential cation channel, subfamily C, member 4",7223,"13","n/a","n/a","9.03e-22","3.292"
58379,"anthrax toxin receptor 1",58379,"ANTXR1","anthrax toxin receptor 1",84168,"2","n/a","n/a","2.20e-17","3.289"
29999,"collagen, type V, alpha 3",29999,"COL5A3","collagen, type V, alpha 3",50509,"19","n/a","n/a","5.90e-11","3.269"
22905,"FERM domain containing 4B",22905,"FRMD4B","FERM domain containing 4B",23150,"3","n/a","n/a","8.09e-19","3.266"
60067,"schlafen family member 11",60067,"SLFN11","schlafen family member 11",91607,"17","n/a","n/a","3.46e-17","3.248"
80058,"chromosome 20 open reading frame 160",80058,"C20orf160","chromosome 20 open reading frame 160",140706,"20","n/a","n/a","2.85e-18","3.246"
34150,"SNF related kinase",34150,"SNRK","SNF related kinase",54861,"3","n/a","n/a","5.50e-21","3.246"
34929,"feline leukemia virus subgroup C cellular receptor family, member 2",34929,"FLVCR2","feline leukemia virus subgroup C cellular receptor family, member 2",55640,"14","n/a","n/a","1.73e-23","3.245"
36766,"HEG homolog 1 (zebrafish)",36766,"HEG1","HEG homolog 1 (zebrafish)",57493,"3","n/a","n/a","3.58e-21","3.238"
55512,"glycosyltransferase 25 domain containing 1",55512,"GLT25D1","glycosyltransferase 25 domain containing 1",79709,"19","n/a","n/a","3.04e-19","3.232"
36881,"KIAA1462",36881,"KIAA1462","KIAA1462",57608,"10","n/a","n/a","2.52e-26","3.227"
85557,"unc-5 homolog B (C. elegans)",85557,"UNC5B","unc-5 homolog B (C. elegans)",219699,"10","n/a","n/a","1.83e-13","3.225"
8241,"histone cluster 1, H4i",8241,"HIST1H4I","histone cluster 1, H4i",8294,"6","n/a","n/a","1.49e-09","3.224"
6003,"ribonuclease, RNase A family, 1 (pancreatic)",6003,"RNASE1","ribonuclease, RNase A family, 1 (pancreatic)",6035,"14","n/a","n/a","1.81e-10","3.223"
37289,"membrane-spanning 4-domains, subfamily A, member 7",37289,"MS4A7","membrane-spanning 4-domains, subfamily A, member 7",58475,"11","n/a","n/a","1.98e-10","3.222"
30957,"inositol-3-phosphate synthase 1",30957,"ISYNA1","inositol-3-phosphate synthase 1",51477,"19","n/a","n/a","2.53e-08","3.215"
6962,"TEA domain family member 4",6962,"TEAD4","TEA domain family member 4",7004,"12","n/a","n/a","7.78e-14","3.215"
10478,"influenza virus NS1A binding protein",10478,"IVNS1ABP","influenza virus NS1A binding protein",10625,"1","n/a","n/a","7.52e-21","3.199"
8449,"integrin, alpha 10",8449,"ITGA10","integrin, alpha 10",8515,"1","n/a","n/a","3.55e-16","3.197"
832,"caspase 3, apoptosis-related cysteine peptidase",832,"CASP3","caspase 3, apoptosis-related cysteine peptidase",836,"4","n/a","n/a","1.38e-20","3.190"
4708,"neural precursor cell expressed, developmentally down-regulated 4, E3 ubiquitin protein ligase",4708,"NEDD4","neural precursor cell expressed, developmentally down-regulated 4, E3 ubiquitin protein ligase",4734,"15","n/a","n/a","3.81e-27","3.184"
9964,"actin related protein 2/3 complex, subunit 2, 34kDa",9964,"ARPC2","actin related protein 2/3 complex, subunit 2, 34kDa",10109,"2","n/a","n/a","1.41e-21","3.183"
3031,"hemoglobin, gamma G",3031,"HBG2","hemoglobin, gamma G",3048,"11","n/a","n/a","4.75e-04","3.176"
4452,"moesin",4452,"MSN","moesin",4478,"X","n/a","n/a","1.05e-17","3.175"
306,"annexin A6",306,"ANXA6","annexin A6",309,"5","n/a","n/a","1.83e-17","3.173"
34211,"Ras interacting protein 1",34211,"RASIP1","Ras interacting protein 1",54922,"19","n/a","n/a","2.29e-17","3.171"
34174,"TBC1 domain family, member 8B (with GRAM domain)",34174,"TBC1D8B","TBC1 domain family, member 8B (with GRAM domain)",54885,"X","n/a","n/a","4.72e-14","3.171"
55392,"ring finger protein 128, E3 ubiquitin protein ligase",55392,"RNF128","ring finger protein 128, E3 ubiquitin protein ligase",79589,"X","n/a","n/a","4.79e-07","3.170"
37319,"oligosaccharyltransferase complex subunit",37319,"OSTC","oligosaccharyltransferase complex subunit",58505,"4","n/a","n/a","2.43e-21","3.165"
5104,"phosphodiesterase 1A, calmodulin-dependent",5104,"PDE1A","phosphodiesterase 1A, calmodulin-dependent",5136,"2","n/a","n/a","6.35e-10","3.164"
40922,"SRY (sex determining region Y)-box 17",40922,"SOX17","SRY (sex determining region Y)-box 17",64321,"8","n/a","n/a","8.23e-15","3.155"
4154,"CD46 molecule, complement regulatory protein",4154,"CD46","CD46 molecule, complement regulatory protein",4179,"1","n/a","n/a","1.37e-20","3.147"
34286,"tescalcin",34286,"TESC","tescalcin",54997,"12","n/a","n/a","4.81e-15","3.147"
109216,"chondroitin sulfate synthase 3",109216,"CHSY3","chondroitin sulfate synthase 3",337876,"5","n/a","n/a","2.71e-18","3.139"
35146,"transmembrane protein 165",35146,"TMEM165","transmembrane protein 165",55858,"4","n/a","n/a","2.98e-24","3.129"
1956,"EPH receptor A2",1956,"EPHA2","EPH receptor A2",1969,"1","n/a","n/a","4.48e-17","3.127"
9299,"carbohydrate (N-acetylglucosamine-6-O) sulfotransferase 2",9299,"CHST2","carbohydrate (N-acetylglucosamine-6-O) sulfotransferase 2",9435,"3","n/a","n/a","2.07e-18","3.121"
10218,"Kruppel-like factor 2 (lung)",10218,"KLF2","Kruppel-like factor 2 (lung)",10365,"19","n/a","n/a","6.69e-11","3.119"
3471,"cysteine-rich, angiogenic inducer, 61",3471,"CYR61","cysteine-rich, angiogenic inducer, 61",3491,"1","n/a","n/a","2.14e-09","3.119"
36504,"small cell adhesion glycoprotein",36504,"SMAGP","small cell adhesion glycoprotein",57228,"12","n/a","n/a","1.22e-13","3.117"
10971,"ZW10 interactor",10971,"ZWINT","ZW10 interactor",11130,"10","n/a","n/a","1.30e-20","3.115"
30946,"ubiquitin-conjugating enzyme E2, J1",30946,"UBE2J1","ubiquitin-conjugating enzyme E2, J1",51465,"6","n/a","n/a","1.68e-23","3.114"
22912,"septin 6",22912,"SEPT6","septin 6",23157,"X","n/a","n/a","1.88e-25","3.108"
25724,"EGF-like-domain, multiple 6",25724,"EGFL6","EGF-like-domain, multiple 6",25975,"X","n/a","n/a","7.40e-06","3.107"
57984,"MARVEL domain containing 1",57984,"MARVELD1","MARVEL domain containing 1",83742,"10","n/a","n/a","1.06e-22","3.105"
957,"CD48 molecule",957,"CD48","CD48 molecule",962,"1","n/a","n/a","5.62e-07","3.103"
3365,"intercellular adhesion molecule 3",3365,"ICAM3","intercellular adhesion molecule 3",3385,"19","n/a","n/a","3.36e-21","3.096"
31044,"histone deacetylase 7",31044,"HDAC7","histone deacetylase 7",51564,"12","n/a","n/a","3.41e-21","3.094"
5436,"peroxisome proliferator-activated receptor gamma",5436,"PPARG","peroxisome proliferator-activated receptor gamma",5468,"3","n/a","n/a","1.26e-17","3.093"
22921,"stabilin 1",22921,"STAB1","stabilin 1",23166,"3","n/a","n/a","2.03e-17","3.085"
36845,"dedicator of cytokinesis 6",36845,"DOCK6","dedicator of cytokinesis 6",57572,"19","n/a","n/a","1.21e-12","3.082"
60145,"transmembrane protein 88",60145,"TMEM88","transmembrane protein 88",92162,"17","n/a","n/a","3.32e-10","3.080"
371,"amphiregulin",371,"AREG","amphiregulin",374,"4","n/a","n/a","8.50e-07","3.068"
6249,"S100 calcium binding protein A11",6249,"S100A11","S100 calcium binding protein A11",6282,"1","n/a","n/a","1.34e-09","3.066"
8914,"chemokine (C-C motif) receptor-like 2",8914,"CCRL2","chemokine (C-C motif) receptor-like 2",9034,"3","n/a","n/a","4.71e-14","3.063"
59936,"mitochondrial calcium uniporter",59936,"MCU","mitochondrial calcium uniporter",90550,"10","n/a","n/a","7.78e-20","3.063"
27031,"sushi-repeat containing protein, X-linked 2",27031,"SRPX2","sushi-repeat containing protein, X-linked 2",27286,"X","n/a","n/a","6.13e-15","3.062"
82227,"synaptopodin 2",82227,"SYNPO2","synaptopodin 2",171024,"4","n/a","n/a","7.83e-14","3.061"
7401,"vaccinia related kinase 2",7401,"VRK2","vaccinia related kinase 2",7444,"2","n/a","n/a","2.13e-19","3.060"
36377,"apoptosis, caspase activation inhibitor",36377,"AVEN","apoptosis, caspase activation inhibitor",57099,"15","n/a","n/a","1.34e-19","3.059"
6218,"Ras suppressor protein 1",6218,"RSU1","Ras suppressor protein 1",6251,"10","n/a","n/a","3.53e-18","3.057"
30846,"phospholipase A1 member A",30846,"PLA1A","phospholipase A1 member A",51365,"3","n/a","n/a","2.55e-09","3.056"
149629,"double homeobox A",149629,"DUXA","double homeobox A",503835,"19","n/a","n/a","3.00e-17","3.053"
54913,"transmembrane protein 109",54913,"TMEM109","transmembrane protein 109",79073,"11","n/a","n/a","9.30e-27","3.052"
30545,"calcium homeostasis modulator 2",30545,"CALHM2","calcium homeostasis modulator 2",51063,"10","n/a","n/a","1.81e-14","3.050"
36214,"chromosome 11 open reading frame 75",36214,"C11orf75","chromosome 11 open reading frame 75",56935,"11","n/a","n/a","1.03e-22","3.049"
34207,"CKLF-like MARVEL transmembrane domain containing 6",34207,"CMTM6","CKLF-like MARVEL transmembrane domain containing 6",54918,"3","n/a","n/a","1.11e-23","3.048"
157126279,"uncharacterized LOC100652993",157126279,"LOC100652993","uncharacterized LOC100652993",100652993,"10","n/a","n/a","1.46e-08","3.048"
36481,"ATPase, class V, type 10D",36481,"ATP10D","ATPase, class V, type 10D",57205,"4","n/a","n/a","9.42e-25","3.045"
110363,"RNA binding protein with multiple splicing 2",110363,"RBPMS2","RNA binding protein with multiple splicing 2",348093,"15","n/a","n/a","9.57e-13","3.042"
1283,"collagen, type VI, alpha 2",1283,"COL6A2","collagen, type VI, alpha 2",1292,"21","n/a","n/a","9.71e-08","3.041"
9492,"ISG15 ubiquitin-like modifier",9492,"ISG15","ISG15 ubiquitin-like modifier",9636,"1","n/a","n/a","2.19e-11","3.034"
55637,"NKF3 kinase family member",55637,"PEAK1","NKF3 kinase family member",79834,"15","n/a","n/a","9.54e-20","3.032"
30820,"dapper, antagonist of beta-catenin, homolog 1 (Xenopus laevis)",30820,"DACT1","dapper, antagonist of beta-catenin, homolog 1 (Xenopus laevis)",51339,"14","n/a","n/a","1.46e-16","3.031"
3931,"lectin, galactoside-binding, soluble, 1",3931,"LGALS1","lectin, galactoside-binding, soluble, 1",3956,"22","n/a","n/a","5.97e-15","3.030"
2852,"G protein-coupled receptor kinase 5",2852,"GRK5","G protein-coupled receptor kinase 5",2869,"10","n/a","n/a","3.46e-22","3.030"
9699,"hephaestin",9699,"HEPH","hephaestin",9843,"X","n/a","n/a","5.56e-22","3.019"
35055,"H2A histone family, member J",35055,"H2AFJ","H2A histone family, member J",55766,"12","n/a","n/a","3.04e-26","3.013"
6247,"S100 calcium binding protein A9",6247,"S100A9","S100 calcium binding protein A9",6280,"1","n/a","n/a","8.91e-06","3.012"
4230,"O-6-methylguanine-DNA methyltransferase",4230,"MGMT","O-6-methylguanine-DNA methyltransferase",4255,"10","n/a","n/a","3.33e-14","3.010"
83406,"Rab interacting lysosomal protein-like 2",83406,"RILPL2","Rab interacting lysosomal protein-like 2",196383,"12","n/a","n/a","4.07e-16","3.000"
27975,"solute carrier organic anion transporter family, member 3A1",27975,"SLCO3A1","solute carrier organic anion transporter family, member 3A1",28232,"15","n/a","n/a","1.44e-20","3.000"
10256,"NDC80 kinetochore complex component homolog (S. cerevisiae)",10256,"NDC80","NDC80 kinetochore complex component homolog (S. cerevisiae)",10403,"18","n/a","n/a","2.95e-14","2.997"
34565,"phosphoglucomutase 2",34565,"PGM2","phosphoglucomutase 2",55276,"4","n/a","n/a","5.86e-21","2.994"
5293,"pleiomorphic adenoma gene-like 1",5293,"PLAGL1","pleiomorphic adenoma gene-like 1",5325,"6","n/a","n/a","1.37e-12","2.990"
9090,"Fas apoptotic inhibitory molecule 3",9090,"FAIM3","Fas apoptotic inhibitory molecule 3",9214,"1","n/a","n/a","4.65e-11","2.989"
3962,"LIM and senescent cell antigen-like domains 1",3962,"LIMS1","LIM and senescent cell antigen-like domains 1",3987,"2","n/a","n/a","2.13e-24","2.988"
564,"beta-2-microglobulin",564,"B2M","beta-2-microglobulin",567,"15","n/a","n/a","5.96e-15","2.983"
6324,"chemokine (C-C motif) ligand 15",6324,"CCL15","chemokine (C-C motif) ligand 15",6359,"17","n/a","n/a","2.31e-08","2.982"
40583,"G-protein signaling modulator 3",40583,"GPSM3","G-protein signaling modulator 3",63940,"6","n/a","n/a","1.31e-21","2.981"
78917,"FERM domain containing 6",78917,"FRMD6","FERM domain containing 6",122786,"14","n/a","n/a","1.73e-33","2.976"
6999,"transforming growth factor beta 1 induced transcript 1",6999,"TGFB1I1","transforming growth factor beta 1 induced transcript 1",7041,"16","n/a","n/a","8.54e-09","2.975"
34040,"filamin binding LIM protein 1",34040,"FBLIM1","filamin binding LIM protein 1",54751,"1","n/a","n/a","7.39e-19","2.962"
36184,"chromosome 15 open reading frame 39",36184,"C15orf39","chromosome 15 open reading frame 39",56905,"15","n/a","n/a","5.72e-20","2.956"
10263,"interferon induced transmembrane protein 3",10263,"IFITM3","interferon induced transmembrane protein 3",10410,"11","n/a","n/a","2.00e-09","2.955"
11145,"solute carrier organic anion transporter family, member 2B1",11145,"SLCO2B1","solute carrier organic anion transporter family, member 2B1",11309,"11","n/a","n/a","5.80e-14","2.954"
5319,"procollagen-lysine, 2-oxoglutarate 5-dioxygenase 1",5319,"PLOD1","procollagen-lysine, 2-oxoglutarate 5-dioxygenase 1",5351,"1","n/a","n/a","6.08e-19","2.947"
5595,"protein S (alpha)",5595,"PROS1","protein S (alpha)",5627,"3","n/a","n/a","4.47e-18","2.944"
22578,"pleckstrin homology-like domain, family A, member 1",22578,"PHLDA1","pleckstrin homology-like domain, family A, member 1",22822,"12","n/a","n/a","4.31e-17","2.933"
4455,"macrophage scavenger receptor 1",4455,"MSR1","macrophage scavenger receptor 1",4481,"8","n/a","n/a","3.74e-10","2.927"
30678,"phospholipase C, epsilon 1",30678,"PLCE1","phospholipase C, epsilon 1",51196,"10","n/a","n/a","4.94e-22","2.926"
1280,"collagen, type V, alpha 1",1280,"COL5A1","collagen, type V, alpha 1",1289,"9","n/a","n/a","5.57e-09","2.925"
28751,"solute carrier family 43, member 3",28751,"SLC43A3","solute carrier family 43, member 3",29015,"11","n/a","n/a","4.39e-22","2.925"
55604,"SHC SH2-domain binding protein 1",55604,"SHCBP1","SHC SH2-domain binding protein 1",79801,"16","n/a","n/a","1.62e-16","2.924"
83447,"adenylate cyclase 4",83447,"ADCY4","adenylate cyclase 4",196883,"14","n/a","n/a","1.32e-15","2.921"
22971,"TBC1 (tre-2/USP6, BUB2, cdc16) domain family, member 1",22971,"TBC1D1","TBC1 (tre-2/USP6, BUB2, cdc16) domain family, member 1",23216,"4","n/a","n/a","2.21e-22","2.921"
77659,"autophagy related 4A, cysteine peptidase",77659,"ATG4A","autophagy related 4A, cysteine peptidase",115201,"X","n/a","n/a","2.01e-23","2.919"
3104,"major histocompatibility complex, class II, DR alpha",3104,"HLA-DRA","major histocompatibility complex, class II, DR alpha",3122,"6","n/a","n/a","8.41e-08","2.917"
151333,"uncharacterized LOC644135",151333,"LOC644135","uncharacterized LOC644135",644135,"6","n/a","n/a","6.23e-07","2.916"
34924,"DEP domain containing 1",34924,"DEPDC1","DEP domain containing 1",55635,"1","n/a","n/a","4.25e-16","2.910"
93915,"CD163 molecule-like 1",93915,"CD163L1","CD163 molecule-like 1",283316,"12","n/a","n/a","3.45e-15","2.907"
2152,"fatty acid binding protein 4, adipocyte",2152,"FABP4","fatty acid binding protein 4, adipocyte",2167,"8","n/a","n/a","3.99e-05","2.903"
3007,"histone cluster 1, H1a",3007,"HIST1H1A","histone cluster 1, H1a",3024,"6","n/a","n/a","7.75e-09","2.903"
8305,"histone cluster 1, H4j",8305,"HIST1H4J","histone cluster 1, H4j",8363,"6","n/a","n/a","5.84e-09","2.894"
23361,"CD2-associated protein",23361,"CD2AP","CD2-associated protein",23607,"6","n/a","n/a","3.85e-28","2.893"
9915,"ATP-binding cassette, sub-family C (CFTR/MRP), member 9",9915,"ABCC9","ATP-binding cassette, sub-family C (CFTR/MRP), member 9",10060,"12","n/a","n/a","2.19e-21","2.891"
9847,"polypyrimidine tract binding protein 3",9847,"PTBP3","polypyrimidine tract binding protein 3",9991,"9","n/a","n/a","3.47e-19","2.887"
10630,"IQ motif containing GTPase activating protein 2",10630,"IQGAP2","IQ motif containing GTPase activating protein 2",10788,"5","n/a","n/a","5.29e-14","2.884"
40848,"DnaJ (Hsp40) homolog, subfamily C, member 1",40848,"DNAJC1","DnaJ (Hsp40) homolog, subfamily C, member 1",64215,"10","n/a","n/a","2.11e-19","2.869"
122956,"yippee-like 2 (Drosophila)",122956,"YPEL2","yippee-like 2 (Drosophila)",388403,"17","n/a","n/a","7.40e-25","2.868"
34098,"sterile alpha motif domain containing 9",34098,"SAMD9","sterile alpha motif domain containing 9",54809,"7","n/a","n/a","1.02e-12","2.865"
10758,"melanoma antigen family D, 2",10758,"MAGED2","melanoma antigen family D, 2",10916,"X","n/a","n/a","5.93e-15","2.862"
81471,"transmembrane and tetratricopeptide repeat containing 3",81471,"TMTC3","transmembrane and tetratricopeptide repeat containing 3",160418,"12","n/a","n/a","1.55e-18","2.861"
7330,"collagen, type XIV, alpha 1",7330,"COL14A1","collagen, type XIV, alpha 1",7373,"8","n/a","n/a","1.25e-08","2.859"
1000425,"ZMYM6 neighbor",1000425,"ZMYM6NB","ZMYM6 neighbor",100506144,"1","n/a","n/a","2.89e-24","2.858"
10736,"lymphatic vessel endothelial hyaluronan receptor 1",10736,"LYVE1","lymphatic vessel endothelial hyaluronan receptor 1",10894,"11","n/a","n/a","3.01e-05","2.856"
3099,"major histocompatibility complex, class II, DQ alpha 1",3099,"HLA-DQA1","major histocompatibility complex, class II, DQ alpha 1",3117,"6","n/a","n/a","7.63e-06","2.853"
57301,"tetraspanin 14",57301,"TSPAN14","tetraspanin 14",81619,"10","n/a","n/a","3.64e-20","2.845"
30483,"solute carrier family 35, member B3",30483,"SLC35B3","solute carrier family 35, member B3",51000,"6","n/a","n/a","1.55e-20","2.844"
8401,"Kruppel-like factor 11",8401,"KLF11","Kruppel-like factor 11",8462,"2","n/a","n/a","6.57e-25","2.843"
8917,"sema domain, seven thrombospondin repeats (type 1 and type 1-like), transmembrane domain (TM) and short cytoplasmic domain, (semaphorin) 5A",8917,"SEMA5A","sema domain, seven thrombospondin repeats (type 1 and type 1-like), transmembrane domain (TM) and short cytoplasmic domain, (semaphorin) 5A",9037,"5","n/a","n/a","2.12e-10","2.841"
3644,"interferon stimulated exonuclease gene 20kDa",3644,"ISG20","interferon stimulated exonuclease gene 20kDa",3669,"15","n/a","n/a","1.54e-13","2.841"
54910,"KDEL (Lys-Asp-Glu-Leu) containing 1",54910,"KDELC1","KDEL (Lys-Asp-Glu-Leu) containing 1",79070,"13","n/a","n/a","1.42e-21","2.837"
3116,"major histocompatibility complex, class I, F",3116,"HLA-F","major histocompatibility complex, class I, F",3134,"6","n/a","n/a","1.50e-23","2.837"
81895,"GTPase, IMAP family member 1",81895,"GIMAP1","GTPase, IMAP family member 1",170575,"7","n/a","n/a","1.87e-16","2.835"
4611,"myosin, light chain 6, alkali, smooth muscle and non-muscle",4611,"MYL6","myosin, light chain 6, alkali, smooth muscle and non-muscle",4637,"12","n/a","n/a","1.37e-17","2.835"
8748,"lin-7 homolog A (C. elegans)",8748,"LIN7A","lin-7 homolog A (C. elegans)",8825,"12","n/a","n/a","3.55e-12","2.834"
1067,"cathepsin C",1067,"CTSC","cathepsin C",1075,"11","n/a","n/a","1.44e-14","2.823"
85545,"transmembrane protein 26",85545,"TMEM26","transmembrane protein 26",219623,"10","n/a","n/a","2.64e-17","2.821"
9530,"KIAA0040",9530,"KIAA0040","KIAA0040",9674,"1","n/a","n/a","2.66e-19","2.821"
79976,"selenoprotein M",79976,"SELM","selenoprotein M",140606,"22","n/a","n/a","1.47e-12","2.813"
83438,"V-set and transmembrane domain containing 4",83438,"VSTM4","V-set and transmembrane domain containing 4",196740,"10","n/a","n/a","2.80e-14","2.810"
2865,"glutathione peroxidase 7",2865,"GPX7","glutathione peroxidase 7",2882,"1","n/a","n/a","1.69e-15","2.803"
3888,"laminin, beta 2 (laminin S)",3888,"LAMB2","laminin, beta 2 (laminin S)",3913,"3","n/a","n/a","6.04e-12","2.797"
5933,"RecQ protein-like (DNA helicase Q1-like)",5933,"RECQL","RecQ protein-like (DNA helicase Q1-like)",5965,"12","n/a","n/a","1.19e-16","2.788"
90289,"collagen, type XXIV, alpha 1",90289,"COL24A1","collagen, type XXIV, alpha 1",255631,"1","n/a","n/a","2.07e-12","2.784"
56155,"CD276 molecule",56155,"CD276","CD276 molecule",80381,"15","n/a","n/a","3.43e-13","2.783"
4306,"myeloid cell nuclear differentiation antigen",4306,"MNDA","myeloid cell nuclear differentiation antigen",4332,"1","n/a","n/a","2.48e-10","2.779"
2281,"forkhead box D1",2281,"FOXD1","forkhead box D1",2297,"5","n/a","n/a","4.21e-14","2.778"
9610,"StAR-related lipid transfer (START) domain containing 8",9610,"STARD8","StAR-related lipid transfer (START) domain containing 8",9754,"X","n/a","n/a","5.53e-22","2.778"
40987,"matrix metallopeptidase 25",40987,"MMP25","matrix metallopeptidase 25",64386,"16","n/a","n/a","2.12e-08","2.774"
78962,"N-terminal asparagine amidase",78962,"NTAN1","N-terminal asparagine amidase",123803,"16","n/a","n/a","9.38e-24","2.773"
119616,"agrin",119616,"AGRN","agrin",375790,"1","n/a","n/a","3.36e-10","2.770"
8751,"neuropilin 2",8751,"NRP2","neuropilin 2",8828,"2","n/a","n/a","4.23e-21","2.767"
5364,"paired related homeobox 1",5364,"PRRX1","paired related homeobox 1",5396,"1","n/a","n/a","2.13e-15","2.766"
1027,"cyclin-dependent kinase inhibitor 3",1027,"CDKN3","cyclin-dependent kinase inhibitor 3",1033,"14","n/a","n/a","1.45e-12","2.765"
123292,"vestigial like 3 (Drosophila)",123292,"VGLL3","vestigial like 3 (Drosophila)",389136,"3","n/a","n/a","2.33e-11","2.765"
79476,"discoidin, CUB and LCCL domain containing 2",79476,"DCBLD2","discoidin, CUB and LCCL domain containing 2",131566,"3","n/a","n/a","1.91e-14","2.759"
60873,"tumor protein p53 inducible nuclear protein 1",60873,"TP53INP1","tumor protein p53 inducible nuclear protein 1",94241,"8","n/a","n/a","1.36e-18","2.758"
299,"annexin A2",299,"ANXA2","annexin A2",302,"15","n/a","n/a","4.49e-09","2.758"
9742,"Rho-related BTB domain containing 1",9742,"RHOBTB1","Rho-related BTB domain containing 1",9886,"10","n/a","n/a","1.90e-36","2.757"
94868,"ATPase, class VI, type 11C",94868,"ATP11C","ATPase, class VI, type 11C",286410,"X","n/a","n/a","1.75e-16","2.756"
2264,"FK506 binding protein 1A, 12kDa",2264,"FKBP1A","FK506 binding protein 1A, 12kDa",2280,"20","n/a","n/a","3.32e-12","2.756"
2227,"feline sarcoma oncogene",2227,"FES","feline sarcoma oncogene",2242,"15","n/a","n/a","6.53e-15","2.756"
2202,"Fc fragment of IgG, receptor, transporter, alpha",2202,"FCGRT","Fc fragment of IgG, receptor, transporter, alpha",2217,"19","n/a","n/a","2.13e-14","2.754"
36326,"phospholipid scramblase 3",36326,"PLSCR3","phospholipid scramblase 3",57048,"17","n/a","n/a","2.36e-10","2.754"
30707,"ABI family, member 3",30707,"ABI3","ABI family, member 3",51225,"17","n/a","n/a","2.91e-19","2.754"
37302,"phosphatidylcholine transfer protein",37302,"PCTP","phosphatidylcholine transfer protein",58488,"17","n/a","n/a","5.70e-22","2.752"
169303,"anaphase-promoting complex subunit 1-like",169303,"LOC730268","anaphase-promoting complex subunit 1-like",730268,"2","n/a","n/a","3.80e-10","2.750"
1827,"heparin-binding EGF-like growth factor",1827,"HBEGF","heparin-binding EGF-like growth factor",1839,"5","n/a","n/a","3.66e-13","2.750"
5022,"serpin peptidase inhibitor, clade E (nexin, plasminogen activator inhibitor type 1), member 1",5022,"SERPINE1","serpin peptidase inhibitor, clade E (nexin, plasminogen activator inhibitor type 1), member 1",5054,"7","n/a","n/a","1.01e-06","2.748"
83798,"surfactant associated 1, pseudogene",83798,"SFTA1P","surfactant associated 1, pseudogene",207107,"10","n/a","n/a","7.67e-08","2.746"
36383,"cysteinyl leukotriene receptor 2",36383,"CYSLTR2","cysteinyl leukotriene receptor 2",57105,"13","n/a","n/a","2.31e-11","2.745"
30784,"FK506 binding protein 11, 19 kDa",30784,"FKBP11","FK506 binding protein 11, 19 kDa",51303,"12","n/a","n/a","4.78e-10","2.744"
157120999,"uncharacterized LOC100505500",157120999,"LOC100505500","uncharacterized LOC100505500",100505500,"7","n/a","n/a","1.38e-12","2.742"
1835,"dual specificity phosphatase 5",1835,"DUSP5","dual specificity phosphatase 5",1847,"10","n/a","n/a","7.94e-16","2.740"
80470,"uncharacterized LOC145820",80470,"LOC145820","uncharacterized LOC145820",145820,"15","n/a","n/a","6.51e-12","2.738"
5212,"ATP-binding cassette, sub-family B (MDR/TAP), member 4",5212,"ABCB4","ATP-binding cassette, sub-family B (MDR/TAP), member 4",5244,"7","n/a","n/a","1.57e-10","2.737"
8796,"vanin 2",8796,"VNN2","vanin 2",8875,"6","n/a","n/a","4.71e-10","2.737"
60216,"solute carrier family 38, member 5",60216,"SLC38A5","solute carrier family 38, member 5",92745,"X","n/a","n/a","1.81e-05","2.734"
5876,"RAP1B, member of RAS oncogene family",5876,"RAP1B","RAP1B, member of RAS oncogene family",5908,"12","n/a","n/a","6.59e-21","2.732"
10437,"collectin sub-family member 10 (C-type lectin)",10437,"COLEC10","collectin sub-family member 10 (C-type lectin)",10584,"8","n/a","n/a","2.23e-08","2.732"
5903,"RNA binding motif (RNP1, RRM) protein 3",5903,"RBM3","RNA binding motif (RNP1, RRM) protein 3",5935,"X","n/a","n/a","1.67e-18","2.730"
287,"alanyl (membrane) aminopeptidase",287,"ANPEP","alanyl (membrane) aminopeptidase",290,"15","n/a","n/a","2.84e-12","2.729"
4617,"myosin IE",4617,"MYO1E","myosin IE",4643,"15","n/a","n/a","1.10e-15","2.725"
8749,"IQ motif containing GTPase activating protein 1",8749,"IQGAP1","IQ motif containing GTPase activating protein 1",8826,"15","n/a","n/a","5.58e-20","2.725"
36733,"protein phosphatase, Mg2+/Mn2+ dependent, 1H",36733,"PPM1H","protein phosphatase, Mg2+/Mn2+ dependent, 1H",57460,"12","n/a","n/a","4.85e-14","2.716"
29515,"parvin, beta",29515,"PARVB","parvin, beta",29780,"22","n/a","n/a","2.00e-15","2.712"
1831,"dual specificity phosphatase 1",1831,"DUSP1","dual specificity phosphatase 1",1843,"5","n/a","n/a","5.43e-13","2.707"
1718,"diaphanous homolog 2 (Drosophila)",1718,"DIAPH2","diaphanous homolog 2 (Drosophila)",1730,"X","n/a","n/a","7.60e-15","2.706"
78971,"CKLF-like MARVEL transmembrane domain containing 3",78971,"CMTM3","CKLF-like MARVEL transmembrane domain containing 3",123920,"16","n/a","n/a","4.59e-21","2.705"
1381,"cAMP responsive element modulator",1381,"CREM","cAMP responsive element modulator",1390,"10","n/a","n/a","5.09e-22","2.703"
34158,"EPS8-like 1",34158,"EPS8L1","EPS8-like 1",54869,"19","n/a","n/a","3.07e-12","2.701"
2667,"UDP-Gal:betaGlcNAc beta 1,4- galactosyltransferase, polypeptide 1",2667,"B4GALT1","UDP-Gal:betaGlcNAc beta 1,4- galactosyltransferase, polypeptide 1",2683,"9","n/a","n/a","2.55e-17","2.701"
6632,"SP100 nuclear antigen",6632,"SP100","SP100 nuclear antigen",6672,"2","n/a","n/a","4.29e-19","2.700"
34602,"calcineurin-like phosphoesterase domain containing 1",34602,"CPPED1","calcineurin-like phosphoesterase domain containing 1",55313,"16","n/a","n/a","1.15e-35","2.699"
36458,"ankyrin repeat domain 50",36458,"ANKRD50","ankyrin repeat domain 50",57182,"4","n/a","n/a","3.34e-16","2.698"
1055,"centromere protein E, 312kDa",1055,"CENPE","centromere protein E, 312kDa",1062,"4","n/a","n/a","3.69e-10","2.693"
4251,"MHC class I polypeptide-related sequence A",4251,"MICA","MHC class I polypeptide-related sequence A",100507436,"6","n/a","n/a","7.88e-10","2.687"
1888,"sphingosine-1-phosphate receptor 1",1888,"S1PR1","sphingosine-1-phosphate receptor 1",1901,"1","n/a","n/a","1.41e-13","2.686"
6522,"solute carrier family 12 (sodium/potassium/chloride transporters), member 2",6522,"SLC12A2","solute carrier family 12 (sodium/potassium/chloride transporters), member 2",6558,"5","n/a","n/a","2.53e-13","2.686"
59887,"exocyst complex component 3-like 2",59887,"EXOC3L2","exocyst complex component 3-like 2",90332,"19","n/a","n/a","2.53e-13","2.686"
81206,"angiomotin like 1",81206,"AMOTL1","angiomotin like 1",154810,"11","n/a","n/a","4.21e-22","2.684"
9967,"kinesin family member 20A",9967,"KIF20A","kinesin family member 20A",10112,"5","n/a","n/a","4.03e-16","2.683"
2252,"fibrinogen-like 1",2252,"FGL1","fibrinogen-like 1",2267,"8","n/a","n/a","1.61e-07","2.675"
11018,"leucine zipper, putative tumor suppressor 1",11018,"LZTS1","leucine zipper, putative tumor suppressor 1",11178,"8","n/a","n/a","8.95e-17","2.675"
909,"CD2 molecule",909,"CD2","CD2 molecule",914,"1","n/a","n/a","6.87e-06","2.675"
7028,"Kruppel-like factor 10",7028,"KLF10","Kruppel-like factor 10",7071,"8","n/a","n/a","1.16e-21","2.674"
2776,"guanine nucleotide binding protein (G protein), gamma transducing activity polypeptide 2",2776,"GNGT2","guanine nucleotide binding protein (G protein), gamma transducing activity polypeptide 2",2793,"17","n/a","n/a","9.71e-11","2.669"
2099,"v-ets erythroblastosis virus E26 oncogene homolog 2 (avian)",2099,"ETS2","v-ets erythroblastosis virus E26 oncogene homolog 2 (avian)",2114,"21","n/a","n/a","6.46e-19","2.668"
864,"Cbl proto-oncogene, E3 ubiquitin protein ligase B",864,"CBLB","Cbl proto-oncogene, E3 ubiquitin protein ligase B",868,"3","n/a","n/a","1.07e-15","2.668"
2829,"lysophosphatidic acid receptor 4",2829,"LPAR4","lysophosphatidic acid receptor 4",2846,"X","n/a","n/a","2.33e-11","2.667"
77683,"FCH domain only 2",77683,"FCHO2","FCH domain only 2",115548,"5","n/a","n/a","3.73e-24","2.665"
4481,"methylthioadenosine phosphorylase",4481,"MTAP","methylthioadenosine phosphorylase",4507,"9","n/a","n/a","1.98e-25","2.665"
4750,"nuclear factor of activated T-cells, cytoplasmic, calcineurin-dependent 4",4750,"NFATC4","nuclear factor of activated T-cells, cytoplasmic, calcineurin-dependent 4",4776,"14","n/a","n/a","2.65e-20","2.664"
8892,"coagulation factor II (thrombin) receptor-like 3",8892,"F2RL3","coagulation factor II (thrombin) receptor-like 3",9002,"19","n/a","n/a","2.72e-11","2.664"
961,"CD59 molecule, complement regulatory protein",961,"CD59","CD59 molecule, complement regulatory protein",966,"11","n/a","n/a","4.55e-21","2.663"
836,"caspase 7, apoptosis-related cysteine peptidase",836,"CASP7","caspase 7, apoptosis-related cysteine peptidase",840,"10","n/a","n/a","3.20e-14","2.661"
94932,"tripartite motif containing 59",94932,"TRIM59","tripartite motif containing 59",286827,"3","n/a","n/a","1.08e-16","2.661"
78683,"anthrax toxin receptor 2",78683,"ANTXR2","anthrax toxin receptor 2",118429,"4","n/a","n/a","5.47e-20","2.656"
6738,"signal transducer and activator of transcription 6, interleukin-4 induced",6738,"STAT6","signal transducer and activator of transcription 6, interleukin-4 induced",6778,"12","n/a","n/a","2.59e-15","2.656"
9443,"kinesin family member 20B",9443,"KIF20B","kinesin family member 20B",9585,"10","n/a","n/a","4.33e-14","2.652"
9622,"KIAA0247",9622,"KIAA0247","KIAA0247",9766,"14","n/a","n/a","5.65e-24","2.652"
57519,"vang-like 1 (van gogh, Drosophila)",57519,"VANGL1","vang-like 1 (van gogh, Drosophila)",81839,"1","n/a","n/a","1.85e-35","2.649"
10188,"murine retrovirus integration site 1 homolog",10188,"MRVI1","murine retrovirus integration site 1 homolog",10335,"11","n/a","n/a","4.57e-14","2.647"
5884,"retinoic acid receptor, gamma",5884,"RARG","retinoic acid receptor, gamma",5916,"12","n/a","n/a","5.51e-10","2.647"
80334,"KDEL (Lys-Asp-Glu-Leu) containing 2",80334,"KDELC2","KDEL (Lys-Asp-Glu-Leu) containing 2",143888,"11","n/a","n/a","9.09e-17","2.644"
1014000,"uncharacterized LOC100128130",1014000,"LOC100128130","uncharacterized LOC100128130",100128130,"2","n/a","n/a","9.65e-13","2.643"
36367,"ectonucleoside triphosphate diphosphohydrolase 7",36367,"ENTPD7","ectonucleoside triphosphate diphosphohydrolase 7",57089,"10","n/a","n/a","2.80e-14","2.642"
30819,"membrane-spanning 4-domains, subfamily A, member 4A",30819,"MS4A4A","membrane-spanning 4-domains, subfamily A, member 4A",51338,"11","n/a","n/a","5.09e-06","2.640"
915,"CD4 molecule",915,"CD4","CD4 molecule",920,"12","n/a","n/a","1.98e-07","2.640"
41339,"cAMP responsive element binding protein 3-like 2",41339,"CREB3L2","cAMP responsive element binding protein 3-like 2",64764,"7","n/a","n/a","2.04e-19","2.640"
9947,"actin related protein 2/3 complex, subunit 5, 16kDa",9947,"ARPC5","actin related protein 2/3 complex, subunit 5, 16kDa",10092,"1","n/a","n/a","1.94e-31","2.637"
460,"zinc finger homeobox 3",460,"ZFHX3","zinc finger homeobox 3",463,"16","n/a","n/a","3.74e-17","2.637"
1023460,"small nucleolar RNA, H/ACA box 70F",1023460,"SNORA70F","small nucleolar RNA, H/ACA box 70F",100337591,"2","n/a","n/a","3.92e-08","2.634"
1488,"catenin (cadherin-associated protein), beta 1, 88kDa",1488,"CTNNB1","catenin (cadherin-associated protein), beta 1, 88kDa",1499,"3","n/a","n/a","9.97e-13","2.632"
8287,"histone cluster 1, H2bh",8287,"HIST1H2BH","histone cluster 1, H2bh",8345,"6","n/a","n/a","2.25e-07","2.630"
3379,"inhibitor of DNA binding 3, dominant negative helix-loop-helix protein",3379,"ID3","inhibitor of DNA binding 3, dominant negative helix-loop-helix protein",3399,"1","n/a","n/a","7.55e-10","2.630"
726,"complement component 7",726,"C7","complement component 7",730,"5","n/a","n/a","3.54e-03","2.628"
157121591,"uncharacterized LOC100505976",157121591,"LOC100505976","uncharacterized LOC100505976",100505976,"9","n/a","n/a","3.46e-09","2.628"
6320,"chemokine (C-C motif) ligand 8",6320,"CCL8","chemokine (C-C motif) ligand 8",6355,"17","n/a","n/a","4.45e-05","2.627"
37698,"mesoderm development candidate 1",37698,"MESDC1","mesoderm development candidate 1",59274,"15","n/a","n/a","5.51e-17","2.627"
2308,"fms-related tyrosine kinase 4",2308,"FLT4","fms-related tyrosine kinase 4",2324,"5","n/a","n/a","6.58e-11","2.626"
5184,"profilin 1",5184,"PFN1","profilin 1",5216,"17","n/a","n/a","9.50e-10","2.626"
885,"cyclin A2",885,"CCNA2","cyclin A2",890,"4","n/a","n/a","6.31e-13","2.624"
36360,"cancer susceptibility candidate 5",36360,"CASC5","cancer susceptibility candidate 5",57082,"15","n/a","n/a","1.70e-09","2.624"
2573,"UDP-N-acetyl-alpha-D-galactosamine:polypeptide N-acetylgalactosaminyltransferase 1 (GalNAc-T1)",2573,"GALNT1","UDP-N-acetyl-alpha-D-galactosamine:polypeptide N-acetylgalactosaminyltransferase 1 (GalNAc-T1)",2589,"18","n/a","n/a","8.34e-19","2.621"
35031,"parvin, alpha",35031,"PARVA","parvin, alpha",55742,"11","n/a","n/a","7.94e-33","2.620"
79446,"PQ loop repeat containing 3",79446,"PQLC3","PQ loop repeat containing 3",130814,"2","n/a","n/a","3.06e-16","2.620"
6459,"SIX homeobox 1",6459,"SIX1","SIX homeobox 1",6495,"14","n/a","n/a","5.21e-14","2.618"
79465,"family with sequence similarity 3, member D",79465,"FAM3D","family with sequence similarity 3, member D",131177,"3","n/a","n/a","2.08e-13","2.614"
555,"AXL receptor tyrosine kinase",555,"AXL","AXL receptor tyrosine kinase",558,"19","n/a","n/a","9.31e-13","2.612"
2343,"formyl peptide receptor 3",2343,"FPR3","formyl peptide receptor 3",2359,"19","n/a","n/a","1.95e-10","2.612"
22857,"TBC1 domain family, member 2B",22857,"TBC1D2B","TBC1 domain family, member 2B",23102,"15","n/a","n/a","4.26e-16","2.609"
5765,"protein tyrosine phosphatase, receptor type, M",5765,"PTPRM","protein tyrosine phosphatase, receptor type, M",5797,"18","n/a","n/a","7.43e-28","2.605"
157122173,"uncharacterized LOC100506408",157122173,"LOC100506408","uncharacterized LOC100506408",100506408,"6","n/a","n/a","8.22e-09","2.604"
9955,"tetraspanin 2",9955,"TSPAN2","tetraspanin 2",10100,"1","n/a","n/a","6.40e-09","2.602"
8997,"solute carrier family 16, member 6 (monocarboxylic acid transporter 7)",8997,"SLC16A6","solute carrier family 16, member 6 (monocarboxylic acid transporter 7)",9120,"17","n/a","n/a","2.37e-11","2.598"
36753,"pleckstrin homology domain containing, family G (with RhoGef domain) member 1",36753,"PLEKHG1","pleckstrin homology domain containing, family G (with RhoGef domain) member 1",57480,"6","n/a","n/a","8.78e-18","2.596"
59069,"major facilitator superfamily domain containing 2A",59069,"MFSD2A","major facilitator superfamily domain containing 2A",84879,"1","n/a","n/a","4.18e-06","2.595"
6458,"signal-induced proliferation-associated 1",6458,"SIPA1","signal-induced proliferation-associated 1",6494,"11","n/a","n/a","1.06e-13","2.595"
9503,"protein phosphatase, Mg2+/Mn2+ dependent, 1F",9503,"PPM1F","protein phosphatase, Mg2+/Mn2+ dependent, 1F",9647,"22","n/a","n/a","9.65e-19","2.593"
2176,"fibroblast activation protein, alpha",2176,"FAP","fibroblast activation protein, alpha",2191,"2","n/a","n/a","3.71e-05","2.593"
3115,"major histocompatibility complex, class I, E",3115,"HLA-E","major histocompatibility complex, class I, E",3133,"6","n/a","n/a","3.92e-20","2.593"
23120,"Rho guanine nucleotide exchange factor (GEF) 12",23120,"ARHGEF12","Rho guanine nucleotide exchange factor (GEF) 12",23365,"11","n/a","n/a","2.26e-14","2.593"
6748,"serine/threonine kinase 3",6748,"STK3","serine/threonine kinase 3",6788,"8","n/a","n/a","2.38e-20","2.586"
37949,"apolipoprotein B mRNA editing enzyme, catalytic polypeptide-like 3G",37949,"APOBEC3G","apolipoprotein B mRNA editing enzyme, catalytic polypeptide-like 3G",60489,"22","n/a","n/a","2.09e-10","2.582"
58872,"caspase recruitment domain family, member 6",58872,"CARD6","caspase recruitment domain family, member 6",84674,"5","n/a","n/a","1.33e-19","2.581"
7827,"mesencephalic astrocyte-derived neurotrophic factor",7827,"MANF","mesencephalic astrocyte-derived neurotrophic factor",7873,"3","n/a","n/a","1.80e-21","2.579"
2879,"granulin",2879,"GRN","granulin",2896,"17","n/a","n/a","2.25e-10","2.578"
3691,"Janus kinase 1",3691,"JAK1","Janus kinase 1",3716,"1","n/a","n/a","6.12e-19","2.578"
3042,"hematopoietic cell-specific Lyn substrate 1",3042,"HCLS1","hematopoietic cell-specific Lyn substrate 1",3059,"3","n/a","n/a","1.58e-11","2.577"
23207,"angiopoietin-like 2",23207,"ANGPTL2","angiopoietin-like 2",23452,"9","n/a","n/a","1.94e-09","2.575"
77643,"zinc finger protein 618",77643,"ZNF618","zinc finger protein 618",114991,"9","n/a","n/a","4.21e-20","2.575"
7085,"tumor necrosis factor, alpha-induced protein 3",7085,"TNFAIP3","tumor necrosis factor, alpha-induced protein 3",7128,"6","n/a","n/a","1.73e-12","2.573"
22656,"caspase recruitment domain family, member 8",22656,"CARD8","caspase recruitment domain family, member 8",22900,"19","n/a","n/a","9.72e-19","2.572"
157121093,"uncharacterized LOC100505573",157121093,"LOC100505573","uncharacterized LOC100505573",100505573,"15","n/a","n/a","1.39e-14","2.571"
480,"ATPase, Na+/K+ transporting, beta 3 polypeptide",480,"ATP1B3","ATPase, Na+/K+ transporting, beta 3 polypeptide",483,"3","n/a","n/a","4.67e-18","2.568"
41589,"neurobeachin-like 1",41589,"NBEAL1","neurobeachin-like 1",65065,"2","n/a","n/a","1.57e-11","2.563"
7110,"topoisomerase (DNA) II alpha 170kDa",7110,"TOP2A","topoisomerase (DNA) II alpha 170kDa",7153,"17","n/a","n/a","3.71e-08","2.560"
22602,"vasohibin 1",22602,"VASH1","vasohibin 1",22846,"14","n/a","n/a","2.16e-10","2.559"
37075,"polymerase (DNA-directed), delta 4, accessory subunit",37075,"POLD4","polymerase (DNA-directed), delta 4, accessory subunit",57804,"11","n/a","n/a","1.34e-20","2.557"
59078,"signal peptide peptidase like 2A",59078,"SPPL2A","signal peptide peptidase like 2A",84888,"15","n/a","n/a","1.61e-12","2.552"
60079,"myeloid-associated differentiation marker",60079,"MYADM","myeloid-associated differentiation marker",91663,"19","n/a","n/a","1.99e-13","2.552"
4188,"Meis homeobox 3 pseudogene 1",4188,"MEIS3P1","Meis homeobox 3 pseudogene 1",4213,"17","n/a","n/a","2.61e-20","2.551"
34351,"WD repeat domain, phosphoinositide interacting 1",34351,"WIPI1","WD repeat domain, phosphoinositide interacting 1",55062,"17","n/a","n/a","3.78e-17","2.551"
58155,"chromosome 10 open reading frame 11",58155,"C10orf11","chromosome 10 open reading frame 11",83938,"10","n/a","n/a","1.34e-09","2.550"
57958,"cysteine-rich secretory protein LCCL domain containing 2",57958,"CRISPLD2","cysteine-rich secretory protein LCCL domain containing 2",83716,"16","n/a","n/a","4.91e-07","2.550"
7255,"thymidylate synthetase",7255,"TYMS","thymidylate synthetase",7298,"18","n/a","n/a","2.68e-12","2.549"
23396,"lymphocyte antigen 96",23396,"LY96","lymphocyte antigen 96",23643,"8","n/a","n/a","9.18e-12","2.547"
68077,"myosin, light chain 12B, regulatory",68077,"MYL12B","myosin, light chain 12B, regulatory",103910,"18","n/a","n/a","3.25e-22","2.544"
3030,"hemoglobin, gamma A",3030,"HBG1","hemoglobin, gamma A",3047,"11","n/a","n/a","1.09e-03","2.544"
4099,"mannosidase, alpha, class 2A, member 1",4099,"MAN2A1","mannosidase, alpha, class 2A, member 1",4124,"5","n/a","n/a","1.47e-12","2.541"
9399,"tumor protein p53 inducible protein 3",9399,"TP53I3","tumor protein p53 inducible protein 3",9540,"2","n/a","n/a","2.60e-18","2.539"
4069,"v-maf musculoaponeurotic fibrosarcoma oncogene homolog (avian)",4069,"MAF","v-maf musculoaponeurotic fibrosarcoma oncogene homolog (avian)",4094,"16","n/a","n/a","3.37e-13","2.536"
83687,"GRB2-binding adaptor protein, transmembrane",83687,"GAPT","GRB2-binding adaptor protein, transmembrane",202309,"5","n/a","n/a","3.08e-06","2.535"
99,"ADAM metallopeptidase domain 10",99,"ADAM10","ADAM metallopeptidase domain 10",102,"15","n/a","n/a","7.20e-19","2.534"
9181,"neuronal regeneration related protein homolog (rat)",9181,"NREP","neuronal regeneration related protein homolog (rat)",9315,"5","n/a","n/a","2.57e-14","2.533"
969,"CD79b molecule, immunoglobulin-associated beta",969,"CD79B","CD79b molecule, immunoglobulin-associated beta",974,"17","n/a","n/a","3.27e-07","2.532"
1022819,"uncharacterized LOC100294406",1022819,"LOC100294406","uncharacterized LOC100294406",100294406,"2","n/a","n/a","6.23e-04","2.532"
10266,"Yes-associated protein 1",10266,"YAP1","Yes-associated protein 1",10413,"11","n/a","n/a","1.65e-17","2.531"
2917,"gelsolin",2917,"GSN","gelsolin",2934,"9","n/a","n/a","9.58e-10","2.531"
26049,"globoside alpha-1,3-N-acetylgalactosaminyltransferase 1",26049,"GBGT1","globoside alpha-1,3-N-acetylgalactosaminyltransferase 1",26301,"9","n/a","n/a","8.63e-11","2.528"
92030,"asp (abnormal spindle) homolog, microcephaly associated (Drosophila)",92030,"ASPM","asp (abnormal spindle) homolog, microcephaly associated (Drosophila)",259266,"1","n/a","n/a","5.38e-08","2.528"
2992,"histone cluster 1, H1b",2992,"HIST1H1B","histone cluster 1, H1b",3009,"6","n/a","n/a","2.97e-06","2.528"
10340,"CAP, adenylate cyclase-associated protein 1 (yeast)",10340,"CAP1","CAP, adenylate cyclase-associated protein 1 (yeast)",10487,"1","n/a","n/a","2.94e-23","2.526"
25771,"transmembrane protein 98",25771,"TMEM98","transmembrane protein 98",26022,"17","n/a","n/a","4.01e-08","2.524"
87,"activin A receptor, type I",87,"ACVR1","activin A receptor, type I",90,"2","n/a","n/a","8.59e-22","2.523"
5330,"plexin A2",5330,"PLXNA2","plexin A2",5362,"1","n/a","n/a","5.17e-15","2.523"
34253,"chromosome 1 open reading frame 56",34253,"C1orf56","chromosome 1 open reading frame 56",54964,"1","n/a","n/a","4.42e-08","2.520"
26040,"c-myc binding protein",26040,"MYCBP","c-myc binding protein",26292,"1","n/a","n/a","5.19e-22","2.519"
22655,"Rho guanine nucleotide exchange factor (GEF) 15",22655,"ARHGEF15","Rho guanine nucleotide exchange factor (GEF) 15",22899,"17","n/a","n/a","6.59e-12","2.518"
35188,"thrombospondin, type I, domain containing 1",35188,"THSD1","thrombospondin, type I, domain containing 1",55901,"13","n/a","n/a","8.72e-16","2.517"
30852,"proteasome maturation protein",30852,"POMP","proteasome maturation protein",51371,"13","n/a","n/a","6.45e-15","2.517"
7981,"cubilin (intrinsic factor-cobalamin receptor)",7981,"CUBN","cubilin (intrinsic factor-cobalamin receptor)",8029,"10","n/a","n/a","1.77e-13","2.516"
35004,"docking protein 4",35004,"DOK4","docking protein 4",55715,"16","n/a","n/a","6.28e-14","2.516"
825,"capping protein (actin filament) muscle Z-line, alpha 1",825,"CAPZA1","capping protein (actin filament) muscle Z-line, alpha 1",829,"1","n/a","n/a","1.07e-12","2.514"
30644,"EGF-like-domain, multiple 7",30644,"EGFL7","EGF-like-domain, multiple 7",51162,"9","n/a","n/a","4.75e-11","2.513"
5013,"furin (paired basic amino acid cleaving enzyme)",5013,"FURIN","furin (paired basic amino acid cleaving enzyme)",5045,"15","n/a","n/a","1.54e-12","2.513"
8430,"PTPRF interacting protein, binding protein 1 (liprin beta 1)",8430,"PPFIBP1","PTPRF interacting protein, binding protein 1 (liprin beta 1)",8496,"12","n/a","n/a","6.43e-21","2.512"
3807,"kinesin family member 11",3807,"KIF11","kinesin family member 11",3832,"10","n/a","n/a","8.02e-16","2.511"
58982,"tubulin, alpha 1c",58982,"TUBA1C","tubulin, alpha 1c",84790,"12","n/a","n/a","1.48e-09","2.509"
5300,"phospholipase C, beta 4",5300,"PLCB4","phospholipase C, beta 4",5332,"20","n/a","n/a","1.16e-10","2.509"
11017,"bromodomain adjacent to zinc finger domain, 1A",11017,"BAZ1A","bromodomain adjacent to zinc finger domain, 1A",11177,"14","n/a","n/a","5.45e-17","2.507"
9880,"trophinin associated protein (tastin)",9880,"TROAP","trophinin associated protein (tastin)",10024,"12","n/a","n/a","2.00e-11","2.507"
6387,"secreted frizzled-related protein 2",6387,"SFRP2","secreted frizzled-related protein 2",6423,"4","n/a","n/a","8.46e-04","2.506"
134396,"olfactory receptor, family 2, subfamily A, member 9 pseudogene",134396,"OR2A9P","olfactory receptor, family 2, subfamily A, member 9 pseudogene",441295,"7","n/a","n/a","2.19e-08","2.505"
3660,"integrin, alpha V",3660,"ITGAV","integrin, alpha V",3685,"2","n/a","n/a","9.07e-11","2.505"
59907,"intraflagellar transport 20 homolog (Chlamydomonas)",59907,"IFT20","intraflagellar transport 20 homolog (Chlamydomonas)",90410,"17","n/a","n/a","1.35e-18","2.504"
26831,"forkhead box P1",26831,"FOXP1","forkhead box P1",27086,"3","n/a","n/a","7.96e-16","2.503"
690,"B-cell translocation gene 1, anti-proliferative",690,"BTG1","B-cell translocation gene 1, anti-proliferative",694,"12","n/a","n/a","6.18e-17","2.501"
81307,"chromosome 8 open reading frame 42",81307,"C8orf42","chromosome 8 open reading frame 42",157695,"8","n/a","n/a","2.74e-13","2.500"
60678,"HtrA serine peptidase 3",60678,"HTRA3","HtrA serine peptidase 3",94031,"4","n/a","n/a","1.88e-09","2.496"
158893,"LEF1 antisense RNA 1 (non-protein coding)",158893,"LEF1-AS1","LEF1 antisense RNA 1 (non-protein coding)",641518,"4","n/a","n/a","2.55e-10","2.495"
4937,"osteoglycin",4937,"OGN","osteoglycin",4969,"9","n/a","n/a","1.30e-03","2.493"
4145,"myeloid cell leukemia sequence 1 (BCL2-related)",4145,"MCL1","myeloid cell leukemia sequence 1 (BCL2-related)",4170,"1","n/a","n/a","3.06e-20","2.493"
59606,"inositol 1,4,5-trisphosphate receptor interacting protein",59606,"ITPRIP","inositol 1,4,5-trisphosphate receptor interacting protein",85450,"10","n/a","n/a","5.30e-16","2.492"
8813,"eukaryotic translation initiation factor 2B, subunit 2 beta, 39kDa",8813,"EIF2B2","eukaryotic translation initiation factor 2B, subunit 2 beta, 39kDa",8892,"14","n/a","n/a","8.39e-13","2.490"
83534,"phospholipase D family, member 5",83534,"PLD5","phospholipase D family, member 5",200150,"1","n/a","n/a","1.96e-12","2.486"
6777,"sulfotransferase family, cytosolic, 1A, phenol-preferring, member 1",6777,"SULT1A1","sulfotransferase family, cytosolic, 1A, phenol-preferring, member 1",6817,"16","n/a","n/a","9.70e-08","2.485"
123289,"musculoskeletal, embryonic nuclear protein 1",123289,"MUSTN1","musculoskeletal, embryonic nuclear protein 1",389125,"3","n/a","n/a","5.29e-04","2.484"
5134,"pyruvate dehydrogenase kinase, isozyme 4",5134,"PDK4","pyruvate dehydrogenase kinase, isozyme 4",5166,"7","n/a","n/a","7.67e-09","2.484"
5122,"platelet-derived growth factor alpha polypeptide",5122,"PDGFA","platelet-derived growth factor alpha polypeptide",5154,"7","n/a","n/a","7.97e-11","2.482"
3630,"integrin, alpha 6",3630,"ITGA6","integrin, alpha 6",3655,"2","n/a","n/a","3.62e-15","2.482"
23308,"tetraspanin 12",23308,"TSPAN12","tetraspanin 12",23554,"7","n/a","n/a","9.46e-14","2.479"
29533,"chromosome 2 open reading frame 27A",29533,"C2orf27A","chromosome 2 open reading frame 27A",29798,"2","n/a","n/a","4.83e-13","2.474"
78847,"endoplasmic reticulum protein 27",78847,"ERP27","endoplasmic reticulum protein 27",121506,"12","n/a","n/a","1.55e-07","2.473"
7083,"tumor necrosis factor, alpha-induced protein 1 (endothelial)",7083,"TNFAIP1","tumor necrosis factor, alpha-induced protein 1 (endothelial)",7126,"17","n/a","n/a","1.13e-14","2.473"
10044,"thioredoxin domain containing 9",10044,"TXNDC9","thioredoxin domain containing 9",10190,"2","n/a","n/a","1.28e-11","2.471"
1509,"cathepsin S",1509,"CTSS","cathepsin S",1520,"1","n/a","n/a","6.57e-10","2.471"
40738,"centromere protein K",40738,"CENPK","centromere protein K",64105,"5","n/a","n/a","5.08e-08","2.468"
34224,"dual specificity phosphatase 23",34224,"DUSP23","dual specificity phosphatase 23",54935,"1","n/a","n/a","1.87e-11","2.467"
3980,"LIM domain only 2 (rhombotin-like 1)",3980,"LMO2","LIM domain only 2 (rhombotin-like 1)",4005,"11","n/a","n/a","5.79e-12","2.467"
33783,"neuralized homolog 1B (Drosophila)",33783,"NEURL1B","neuralized homolog 1B (Drosophila)",54492,"5","n/a","n/a","6.28e-18","2.466"
11053,"interleukin-1 receptor-associated kinase 3",11053,"IRAK3","interleukin-1 receptor-associated kinase 3",11213,"12","n/a","n/a","1.19e-18","2.466"
3053,"helicase, lymphoid-specific",3053,"HELLS","helicase, lymphoid-specific",3070,"10","n/a","n/a","2.83e-13","2.465"
59048,"zinc finger protein 503",59048,"ZNF503","zinc finger protein 503",84858,"10","n/a","n/a","3.79e-10","2.464"
26601,"RNA, U2 small nuclear 2",26601,"RNU2-2","RNA, U2 small nuclear 2",26855,"11","n/a","n/a","3.78e-03","2.461"
150744,"uncharacterized LOC643977",150744,"FLJ32255","uncharacterized LOC643977",643977,"5","n/a","n/a","3.31e-16","2.459"
8437,"phosphoinositide-3-kinase, regulatory subunit 3 (gamma)",8437,"PIK3R3","phosphoinositide-3-kinase, regulatory subunit 3 (gamma)",8503,"1","n/a","n/a","8.49e-10","2.459"
76691,"HEN1 methyltransferase homolog 1 (Arabidopsis)",76691,"HENMT1","HEN1 methyltransferase homolog 1 (Arabidopsis)",113802,"1","n/a","n/a","3.32e-10","2.459"
7388,"vimentin",7388,"VIM","vimentin",7431,"10","n/a","n/a","4.44e-10","2.458"
22898,"leucine-rich repeats and calponin homology (CH) domain containing 1",22898,"LRCH1","leucine-rich repeats and calponin homology (CH) domain containing 1",23143,"13","n/a","n/a","9.90e-24","2.458"
4297,"matrix metallopeptidase 14 (membrane-inserted)",4297,"MMP14","matrix metallopeptidase 14 (membrane-inserted)",4323,"14","n/a","n/a","4.31e-10","2.455"
1820,"desmoplakin",1820,"DSP","desmoplakin",1832,"6","n/a","n/a","1.70e-10","2.455"
5297,"plasminogen activator, urokinase receptor",5297,"PLAUR","plasminogen activator, urokinase receptor",5329,"19","n/a","n/a","3.38e-07","2.453"
10611,"polo-like kinase 2",10611,"PLK2","polo-like kinase 2",10769,"5","n/a","n/a","3.72e-15","2.451"
81139,"butyrophilin-like 9",81139,"BTNL9","butyrophilin-like 9",153579,"5","n/a","n/a","9.06e-07","2.451"
2960,"guanylate cyclase 1, soluble, alpha 2",2960,"GUCY1A2","guanylate cyclase 1, soluble, alpha 2",2977,"11","n/a","n/a","5.90e-13","2.449"
55690,"phospholipase B domain containing 1",55690,"PLBD1","phospholipase B domain containing 1",79887,"12","n/a","n/a","1.35e-11","2.447"
10823,"RAB32, member RAS oncogene family",10823,"RAB32","RAB32, member RAS oncogene family",10981,"6","n/a","n/a","1.85e-13","2.446"
36607,"reticulocalbin 3, EF-hand calcium binding domain",36607,"RCN3","reticulocalbin 3, EF-hand calcium binding domain",57333,"19","n/a","n/a","2.29e-07","2.445"
9627,"Rap guanine nucleotide exchange factor (GEF) 5",9627,"RAPGEF5","Rap guanine nucleotide exchange factor (GEF) 5",9771,"7","n/a","n/a","7.92e-13","2.445"
54887,"potassium channel tetramerisation domain containing 15",54887,"KCTD15","potassium channel tetramerisation domain containing 15",79047,"19","n/a","n/a","2.78e-18","2.443"
23218,"isoprenylcysteine carboxyl methyltransferase",23218,"ICMT","isoprenylcysteine carboxyl methyltransferase",23463,"1","n/a","n/a","8.79e-30","2.441"
3902,"LIM and SH3 protein 1",3902,"LASP1","LIM and SH3 protein 1",3927,"17","n/a","n/a","1.30e-20","2.439"
28839,"DnaJ (Hsp40) homolog, subfamily C, member 15",28839,"DNAJC15","DnaJ (Hsp40) homolog, subfamily C, member 15",29103,"13","n/a","n/a","4.29e-16","2.438"
56124,"coiled-coil domain containing 68",56124,"CCDC68","coiled-coil domain containing 68",80323,"18","n/a","n/a","6.89e-11","2.435"
7051,"talin 1",7051,"TLN1","talin 1",7094,"9","n/a","n/a","2.85e-17","2.435"
2745,"GDP-mannose 4,6-dehydratase",2745,"GMDS","GDP-mannose 4,6-dehydratase",2762,"6","n/a","n/a","7.77e-07","2.434"
6709,"structure specific recognition protein 1",6709,"SSRP1","structure specific recognition protein 1",6749,"11","n/a","n/a","8.18e-13","2.434"
10166,"T-cell, immune regulator 1, ATPase, H+ transporting, lysosomal V0 subunit A3",10166,"TCIRG1","T-cell, immune regulator 1, ATPase, H+ transporting, lysosomal V0 subunit A3",10312,"11","n/a","n/a","1.91e-14","2.434"
3095,"major histocompatibility complex, class II, DP alpha 1",3095,"HLA-DPA1","major histocompatibility complex, class II, DP alpha 1",3113,"6","n/a","n/a","1.79e-06","2.433"
59530,"synapse defective 1, Rho GTPase, homolog 1 (C. elegans)",59530,"SYDE1","synapse defective 1, Rho GTPase, homolog 1 (C. elegans)",85360,"19","n/a","n/a","6.10e-16","2.430"
4096,"mannosidase, alpha, class 1A, member 1",4096,"MAN1A1","mannosidase, alpha, class 1A, member 1",4121,"6","n/a","n/a","5.90e-11","2.429"
37341,"ABRA C-terminal like",37341,"ABRACL","ABRA C-terminal like",58527,"6","n/a","n/a","5.26e-13","2.429"
6313,"chemokine (C-C motif) ligand 3",6313,"CCL3","chemokine (C-C motif) ligand 3",6348,"17","n/a","n/a","6.41e-04","2.427"
8273,"histone cluster 1, H2aj",8273,"HIST1H2AJ","histone cluster 1, H2aj",8331,"6","n/a","n/a","1.25e-06","2.426"
33722,"DnaJ (Hsp40) homolog, subfamily C, member 10",33722,"DNAJC10","DnaJ (Hsp40) homolog, subfamily C, member 10",54431,"2","n/a","n/a","2.63e-20","2.425"
35127,"centromere protein N",35127,"CENPN","centromere protein N",55839,"16","n/a","n/a","9.13e-12","2.423"
28833,"cornichon homolog 4 (Drosophila)",28833,"CNIH4","cornichon homolog 4 (Drosophila)",29097,"1","n/a","n/a","2.08e-14","2.422"
9506,"mitochondrial fission regulator 1",9506,"MTFR1","mitochondrial fission regulator 1",9650,"8","n/a","n/a","1.93e-18","2.421"
34609,"MIS18 binding protein 1",34609,"MIS18BP1","MIS18 binding protein 1",55320,"14","n/a","n/a","2.76e-14","2.421"
94852,"leucine rich adaptor protein 1-like",94852,"LURAP1L","leucine rich adaptor protein 1-like",286343,"9","n/a","n/a","4.74e-17","2.420"
9951,"ARP3 actin-related protein 3 homolog (yeast)",9951,"ACTR3","ARP3 actin-related protein 3 homolog (yeast)",10096,"2","n/a","n/a","1.26e-14","2.417"
157121525,"uncharacterized LOC100505930",157121525,"LOC100505930","uncharacterized LOC100505930",100505930,"4","n/a","n/a","1.89e-07","2.416"
1307,"Kruppel-like factor 6",1307,"KLF6","Kruppel-like factor 6",1316,"10","n/a","n/a","8.02e-19","2.415"
1964,"eukaryotic translation initiation factor 4E binding protein 2",1964,"EIF4EBP2","eukaryotic translation initiation factor 4E binding protein 2",1979,"10","n/a","n/a","9.75e-20","2.414"
1282,"collagen, type VI, alpha 1",1282,"COL6A1","collagen, type VI, alpha 1",1291,"21","n/a","n/a","4.25e-06","2.413"
9684,"Rho guanine nucleotide exchange factor (GEF) 17",9684,"ARHGEF17","Rho guanine nucleotide exchange factor (GEF) 17",9828,"11","n/a","n/a","1.70e-21","2.412"
57883,"family with sequence similarity 107, member B",57883,"FAM107B","family with sequence similarity 107, member B",83641,"10","n/a","n/a","1.37e-12","2.410"
35074,"FYVE, RhoGEF and PH domain containing 6",35074,"FGD6","FYVE, RhoGEF and PH domain containing 6",55785,"12","n/a","n/a","3.53e-15","2.408"
184,"apelin receptor",184,"APLNR","apelin receptor",187,"11","n/a","n/a","3.43e-06","2.408"
7090,"tumor necrosis factor receptor superfamily, member 1B",7090,"TNFRSF1B","tumor necrosis factor receptor superfamily, member 1B",7133,"1","n/a","n/a","2.27e-13","2.407"
9133,"mitogen-activated protein kinase-activated protein kinase 2",9133,"MAPKAPK2","mitogen-activated protein kinase-activated protein kinase 2",9261,"1","n/a","n/a","1.34e-22","2.406"
10484,"periostin, osteoblast specific factor",10484,"POSTN","periostin, osteoblast specific factor",10631,"13","n/a","n/a","4.71e-02","2.404"
575,"BCL2-antagonist/killer 1",575,"BAK1","BCL2-antagonist/killer 1",578,"6","n/a","n/a","1.76e-09","2.404"
2428,"fyn-related kinase",2428,"FRK","fyn-related kinase",2444,"6","n/a","n/a","5.28e-12","2.403"
3048,"histone deacetylase 1",3048,"HDAC1","histone deacetylase 1",3065,"1","n/a","n/a","1.63e-15","2.400"
85601,"macrophage expressed 1",85601,"MPEG1","macrophage expressed 1",219972,"11","n/a","n/a","4.03e-08","2.400"
40784,"non-SMC condensin I complex, subunit G",40784,"NCAPG","non-SMC condensin I complex, subunit G",64151,"4","n/a","n/a","1.12e-10","2.392"
23305,"RASD family, member 2",23305,"RASD2","RASD family, member 2",23551,"22","n/a","n/a","2.59e-09","2.391"
9449,"immediate early response 2",9449,"IER2","immediate early response 2",9592,"19","n/a","n/a","1.14e-14","2.391"
759,"carbonic anhydrase VA, mitochondrial",759,"CA5A","carbonic anhydrase VA, mitochondrial",763,"16","n/a","n/a","6.93e-06","2.390"
90091,"epoxide hydrolase 4",90091,"EPHX4","epoxide hydrolase 4",253152,"1","n/a","n/a","1.42e-07","2.390"
2312,"flavin containing monooxygenase 3",2312,"FMO3","flavin containing monooxygenase 3",2328,"1","n/a","n/a","6.67e-07","2.388"
7310,"ubiquitin fusion degradation 1 like (yeast)",7310,"UFD1L","ubiquitin fusion degradation 1 like (yeast)",7353,"22","n/a","n/a","1.92e-14","2.388"
9010,"cyclin B2",9010,"CCNB2","cyclin B2",9133,"15","n/a","n/a","5.69e-10","2.386"
839,"caspase 10, apoptosis-related cysteine peptidase",839,"CASP10","caspase 10, apoptosis-related cysteine peptidase",843,"2","n/a","n/a","3.37e-20","2.386"
5304,"phospholipase C, gamma 2 (phosphatidylinositol-specific)",5304,"PLCG2","phospholipase C, gamma 2 (phosphatidylinositol-specific)",5336,"16","n/a","n/a","2.99e-23","2.383"
11005,"nudix (nucleoside diphosphate linked moiety X)-type motif 5",11005,"NUDT5","nudix (nucleoside diphosphate linked moiety X)-type motif 5",11164,"10","n/a","n/a","9.33e-11","2.380"
80881,"family with sequence similarity 109, member B",80881,"FAM109B","family with sequence similarity 109, member B",150368,"22","n/a","n/a","2.10e-10","2.380"
3596,"inhibitor of growth family, member 1",3596,"ING1","inhibitor of growth family, member 1",3621,"13","n/a","n/a","2.96e-19","2.374"
4001,"LIM domain containing preferred translocation partner in lipoma",4001,"LPP","LIM domain containing preferred translocation partner in lipoma",4026,"3","n/a","n/a","2.95e-13","2.374"
36750,"shroom family member 4",36750,"SHROOM4","shroom family member 4",57477,"X","n/a","n/a","1.45e-12","2.373"
37549,"transmembrane protein 8A",37549,"TMEM8A","transmembrane protein 8A",58986,"16","n/a","n/a","1.01e-11","2.373"
41422,"nucleic acid binding protein 1",41422,"NABP1","nucleic acid binding protein 1",64859,"2","n/a","n/a","9.86e-12","2.373"
3124,"H2.0-like homeobox",3124,"HLX","H2.0-like homeobox",3142,"1","n/a","n/a","7.67e-10","2.373"
58492,"ring finger protein 135",58492,"RNF135","ring finger protein 135",84282,"17","n/a","n/a","8.35e-27","2.372"
8402,"TEA domain family member 2",8402,"TEAD2","TEA domain family member 2",8463,"19","n/a","n/a","1.34e-13","2.371"
8374,"reversion-inducing-cysteine-rich protein with kazal motifs",8374,"RECK","reversion-inducing-cysteine-rich protein with kazal motifs",8434,"9","n/a","n/a","2.57e-18","2.370"
6614,"son of sevenless homolog 1 (Drosophila)",6614,"SOS1","son of sevenless homolog 1 (Drosophila)",6654,"2","n/a","n/a","2.55e-11","2.368"
5302,"phospholipase C-like 1",5302,"PLCL1","phospholipase C-like 1",5334,"2","n/a","n/a","1.36e-13","2.365"
56548,"LIM domain containing 2",56548,"LIMD2","LIM domain containing 2",80774,"17","n/a","n/a","5.07e-10","2.363"
1051,"centromere protein A",1051,"CENPA","centromere protein A",1058,"2","n/a","n/a","1.70e-10","2.363"
1317,"mitogen-activated protein kinase kinase kinase 8",1317,"MAP3K8","mitogen-activated protein kinase kinase kinase 8",1326,"10","n/a","n/a","1.74e-11","2.362"
8901,"suppressor of cytokine signaling 3",8901,"SOCS3","suppressor of cytokine signaling 3",9021,"17","n/a","n/a","8.02e-06","2.361"
3491,"immunoglobulin J polypeptide, linker protein for immunoglobulin alpha and mu polypeptides",3491,"IGJ","immunoglobulin J polypeptide, linker protein for immunoglobulin alpha and mu polypeptides",3512,"4","n/a","n/a","2.66e-04","2.359"
33913,"ADP-ribosylation factor-like 15",33913,"ARL15","ADP-ribosylation factor-like 15",54622,"5","n/a","n/a","3.19e-19","2.358"
81553,"chromosome 18 open reading frame 54",81553,"C18orf54","chromosome 18 open reading frame 54",162681,"18","n/a","n/a","1.26e-12","2.358"
57837,"SRY (sex determining region Y)-box 7",57837,"SOX7","SRY (sex determining region Y)-box 7",83595,"8","n/a","n/a","6.89e-15","2.357"
1231,"chemokine-like receptor 1",1231,"CMKLR1","chemokine-like receptor 1",1240,"12","n/a","n/a","4.09e-10","2.357"
8657,"ADAM metallopeptidase domain 19",8657,"ADAM19","ADAM metallopeptidase domain 19",8728,"5","n/a","n/a","1.56e-09","2.356"
58126,"potassium channel tetramerisation domain containing 10",58126,"KCTD10","potassium channel tetramerisation domain containing 10",83892,"12","n/a","n/a","3.22e-21","2.356"
6208,"ribonucleotide reductase M2",6208,"RRM2","ribonucleotide reductase M2",6241,"2","n/a","n/a","1.86e-08","2.354"
1977,"serpin peptidase inhibitor, clade B (ovalbumin), member 1",1977,"SERPINB1","serpin peptidase inhibitor, clade B (ovalbumin), member 1",1992,"6","n/a","n/a","7.18e-15","2.352"
5946,"RE1-silencing transcription factor",5946,"REST","RE1-silencing transcription factor",5978,"4","n/a","n/a","1.04e-22","2.348"
4311,"molybdenum cofactor synthesis 1",4311,"MOCS1","molybdenum cofactor synthesis 1",4337,"6","n/a","n/a","3.40e-12","2.345"
7062,"tetraspanin 6",7062,"TSPAN6","tetraspanin 6",7105,"X","n/a","n/a","5.17e-11","2.343"
80943,"septin 10",80943,"SEPT10","septin 10",151011,"2","n/a","n/a","1.10e-18","2.343"
25906,"GTPase, IMAP family member 2",25906,"GIMAP2","GTPase, IMAP family member 2",26157,"7","n/a","n/a","4.43e-12","2.342"
986,"cell division cycle 20 homolog (S. cerevisiae)",986,"CDC20","cell division cycle 20 homolog (S. cerevisiae)",991,"1","n/a","n/a","1.80e-10","2.342"
1464,"cystatin A (stefin A)",1464,"CSTA","cystatin A (stefin A)",1475,"3","n/a","n/a","1.64e-06","2.340"
57712,"glycosyltransferase 8 domain containing 2",57712,"GLT8D2","glycosyltransferase 8 domain containing 2",83468,"12","n/a","n/a","2.89e-05","2.340"
9353,"kinesin family member 23",9353,"KIF23","kinesin family member 23",9493,"15","n/a","n/a","1.55e-11","2.338"
5653,"proteasome (prosome, macropain) subunit, alpha type, 4",5653,"PSMA4","proteasome (prosome, macropain) subunit, alpha type, 4",5685,"15","n/a","n/a","5.89e-13","2.337"
10633,"vesicle-associated membrane protein 5 (myobrevin)",10633,"VAMP5","vesicle-associated membrane protein 5 (myobrevin)",10791,"2","n/a","n/a","5.64e-10","2.336"
34377,"chromosome 10 open reading frame 118",34377,"C10orf118","chromosome 10 open reading frame 118",55088,"10","n/a","n/a","1.54e-10","2.336"
30613,"PHD finger protein 11",30613,"PHF11","PHD finger protein 11",51131,"13","n/a","n/a","6.79e-15","2.334"
40853,"stimulated by retinoic acid gene 6 homolog (mouse)",40853,"STRA6","stimulated by retinoic acid gene 6 homolog (mouse)",64220,"15","n/a","n/a","5.28e-09","2.332"
9906,"structural maintenance of chromosomes 4",9906,"SMC4","structural maintenance of chromosomes 4",10051,"3","n/a","n/a","3.67e-11","2.332"
29658,"GDP-mannose pyrophosphorylase B",29658,"GMPPB","GDP-mannose pyrophosphorylase B",29925,"3","n/a","n/a","5.54e-10","2.332"
59609,"TSPY-like 5",59609,"TSPYL5","TSPY-like 5",85453,"8","n/a","n/a","8.60e-11","2.329"
8435,"solute carrier family 43, member 1",8435,"SLC43A1","solute carrier family 43, member 1",8501,"11","n/a","n/a","9.82e-14","2.327"
5065,"protocadherin 1",5065,"PCDH1","protocadherin 1",5097,"5","n/a","n/a","5.38e-16","2.327"
168411,"ribosomal protein S15a pseudogene 10",168411,"RPS15AP10","ribosomal protein S15a pseudogene 10",728963,"1","n/a","n/a","4.00e-07","2.327"
2199,"Fc fragment of IgG, low affinity IIIa, receptor (CD16a)",2199,"FCGR3A","Fc fragment of IgG, low affinity IIIa, receptor (CD16a)",2214,"1","n/a","n/a","1.00e-06","2.327"
9322,"RAS protein activator like 2",9322,"RASAL2","RAS protein activator like 2",9462,"1","n/a","n/a","6.21e-19","2.326"
59422,"histone cluster 1, H2ah",59422,"HIST1H2AH","histone cluster 1, H2ah",85235,"6","n/a","n/a","1.22e-05","2.324"
36655,"ras homolog family member J",36655,"RHOJ","ras homolog family member J",57381,"14","n/a","n/a","5.72e-17","2.324"
6875,"thromboxane A2 receptor",6875,"TBXA2R","thromboxane A2 receptor",6915,"19","n/a","n/a","2.90e-14","2.324"
3550,"interleukin 7 receptor",3550,"IL7R","interleukin 7 receptor",3575,"5","n/a","n/a","8.08e-05","2.321"
10392,"glutaredoxin 3",10392,"GLRX3","glutaredoxin 3",10539,"10","n/a","n/a","1.72e-15","2.321"
23351,"acyl-CoA thioesterase 9",23351,"ACOT9","acyl-CoA thioesterase 9",23597,"X","n/a","n/a","8.13e-18","2.321"
30574,"SID1 transmembrane family, member 2",30574,"SIDT2","SID1 transmembrane family, member 2",51092,"11","n/a","n/a","4.43e-22","2.319"
76657,"solute carrier family 52, riboflavin transporter, member 3",76657,"SLC52A3","solute carrier family 52, riboflavin transporter, member 3",113278,"20","n/a","n/a","1.95e-12","2.319"
55065,"THO complex 6 homolog (Drosophila)",55065,"THOC6","THO complex 6 homolog (Drosophila)",79228,"16","n/a","n/a","6.55e-14","2.317"
4638,"NGFI-A binding protein 1 (EGR1 binding protein 1)",4638,"NAB1","NGFI-A binding protein 1 (EGR1 binding protein 1)",4664,"2","n/a","n/a","7.69e-14","2.316"
23178,"transmembrane emp24 protein transport domain containing 3",23178,"TMED3","transmembrane emp24 protein transport domain containing 3",23423,"15","n/a","n/a","1.49e-13","2.315"
1155,"CDC28 protein kinase regulatory subunit 2",1155,"CKS2","CDC28 protein kinase regulatory subunit 2",1164,"9","n/a","n/a","1.29e-11","2.315"
3319,"heparan sulfate proteoglycan 2",3319,"HSPG2","heparan sulfate proteoglycan 2",3339,"1","n/a","n/a","3.98e-09","2.315"
1166,"adaptor-related protein complex 2, sigma 1 subunit",1166,"AP2S1","adaptor-related protein complex 2, sigma 1 subunit",1175,"19","n/a","n/a","1.55e-08","2.313"
34485,"chromosome 12 open reading frame 35",34485,"C12orf35","chromosome 12 open reading frame 35",55196,"12","n/a","n/a","1.87e-12","2.313"
386,"ras homolog family member C",386,"RHOC","ras homolog family member C",389,"1","n/a","n/a","1.46e-13","2.312"
3466,"insulin-like growth factor binding protein 3",3466,"IGFBP3","insulin-like growth factor binding protein 3",3486,"7","n/a","n/a","1.64e-04","2.311"
92007,"sphingomyelin synthase 1",92007,"SGMS1","sphingomyelin synthase 1",259230,"10","n/a","n/a","1.15e-13","2.310"
55810,"transmembrane protein 156",55810,"TMEM156","transmembrane protein 156",80008,"4","n/a","n/a","1.12e-08","2.307"
9794,"Rho GTPase activating protein 25",9794,"ARHGAP25","Rho GTPase activating protein 25",9938,"2","n/a","n/a","6.55e-13","2.305"
80613,"adenomatosis polyposis coli down-regulated 1",80613,"APCDD1","adenomatosis polyposis coli down-regulated 1",147495,"18","n/a","n/a","1.32e-09","2.304"
3105,"major histocompatibility complex, class II, DR beta 1",3105,"HLA-DRB1","major histocompatibility complex, class II, DR beta 1",3123,"6","n/a","n/a","6.53e-06","2.304"
2703,"glypican 3",2703,"GPC3","glypican 3",2719,"X","n/a","n/a","5.71e-07","2.303"
10406,"HIV-1 Tat interactive protein 2, 30kDa",10406,"HTATIP2","HIV-1 Tat interactive protein 2, 30kDa",10553,"11","n/a","n/a","2.22e-12","2.299"
2896,"glutamate receptor, metabotropic 3",2896,"GRM3","glutamate receptor, metabotropic 3",2913,"7","n/a","n/a","1.14e-05","2.298"
33213,"pelota homolog (Drosophila)",33213,"PELO","pelota homolog (Drosophila)",53918,"5","n/a","n/a","2.06e-13","2.298"
4608,"myosin, light chain 3, alkali; ventricular, skeletal, slow",4608,"MYL3","myosin, light chain 3, alkali; ventricular, skeletal, slow",4634,"3","n/a","n/a","1.72e-07","2.295"
27029,"sulfotransferase family, cytosolic, 1B, member 1",27029,"SULT1B1","sulfotransferase family, cytosolic, 1B, member 1",27284,"4","n/a","n/a","7.44e-08","2.293"
57783,"NUF2, NDC80 kinetochore complex component, homolog (S. cerevisiae)",57783,"NUF2","NUF2, NDC80 kinetochore complex component, homolog (S. cerevisiae)",83540,"1","n/a","n/a","4.17e-07","2.293"
1935,"ephrin-B2",1935,"EFNB2","ephrin-B2",1948,"13","n/a","n/a","9.50e-16","2.293"
7413,"WAS/WASL interacting protein family, member 1",7413,"WIPF1","WAS/WASL interacting protein family, member 1",7456,"2","n/a","n/a","1.78e-16","2.291"
9230,"klotho",9230,"KL","klotho",9365,"13","n/a","n/a","8.53e-10","2.289"
34403,"Rho GTPase activating protein 17",34403,"ARHGAP17","Rho GTPase activating protein 17",55114,"16","n/a","n/a","2.41e-14","2.288"
659,"BCL2/adenovirus E1B 19kDa interacting protein 2",659,"BNIP2","BCL2/adenovirus E1B 19kDa interacting protein 2",663,"15","n/a","n/a","1.55e-17","2.288"
34069,"non-SMC element 4 homolog A (S. cerevisiae)",34069,"NSMCE4A","non-SMC element 4 homolog A (S. cerevisiae)",54780,"10","n/a","n/a","9.23e-12","2.285"
27044,"ADAM-like, decysin 1",27044,"ADAMDEC1","ADAM-like, decysin 1",27299,"8","n/a","n/a","4.10e-05","2.284"
329,"baculoviral IAP repeat containing 5",329,"BIRC5","baculoviral IAP repeat containing 5",332,"17","n/a","n/a","5.65e-07","2.282"
22830,"SWAP switching B-cell complex 70kDa subunit",22830,"SWAP70","SWAP switching B-cell complex 70kDa subunit",23075,"11","n/a","n/a","5.57e-22","2.282"
30570,"kelch-like 5 (Drosophila)",30570,"KLHL5","kelch-like 5 (Drosophila)",51088,"4","n/a","n/a","4.34e-16","2.280"
25608,"prostate androgen-regulated transcript 1 (non-protein coding)",25608,"PART1","prostate androgen-regulated transcript 1 (non-protein coding)",25859,"5","n/a","n/a","2.72e-07","2.280"
375,"ADP-ribosylation factor 4",375,"ARF4","ADP-ribosylation factor 4",378,"3","n/a","n/a","5.27e-14","2.278"
708,"complement component 1, q subcomponent, A chain",708,"C1QA","complement component 1, q subcomponent, A chain",712,"1","n/a","n/a","7.83e-08","2.277"
8408,"sorbin and SH3 domain containing 2",8408,"SORBS2","sorbin and SH3 domain containing 2",8470,"4","n/a","n/a","1.19e-08","2.277"
4213,"microfibrillar-associated protein 3",4213,"MFAP3","microfibrillar-associated protein 3",4238,"5","n/a","n/a","2.70e-15","2.276"
29501,"tropomodulin 3 (ubiquitous)",29501,"TMOD3","tropomodulin 3 (ubiquitous)",29766,"15","n/a","n/a","2.46e-24","2.273"
172108,"MIR143 host gene (non-protein coding)",172108,"MIR143HG","MIR143 host gene (non-protein coding)",728264,"5","n/a","n/a","3.68e-13","2.271"
5289,"phospholipase A2, group IVA (cytosolic, calcium-dependent)",5289,"PLA2G4A","phospholipase A2, group IVA (cytosolic, calcium-dependent)",5321,"1","n/a","n/a","1.09e-12","2.270"
5867,"v-ral simian leukemia viral oncogene homolog B (ras related; GTP binding protein)",5867,"RALB","v-ral simian leukemia viral oncogene homolog B (ras related; GTP binding protein)",5899,"2","n/a","n/a","3.21e-16","2.270"
37762,"pleckstrin homology domain containing, family A (phosphoinositide binding specific) member 1",37762,"PLEKHA1","pleckstrin homology domain containing, family A (phosphoinositide binding specific) member 1",59338,"10","n/a","n/a","1.22e-14","2.269"
25759,"spermatogenesis associated, serine-rich 2-like",25759,"SPATS2L","spermatogenesis associated, serine-rich 2-like",26010,"2","n/a","n/a","3.27e-20","2.269"
28852,"myosin regulatory light chain interacting protein",28852,"MYLIP","myosin regulatory light chain interacting protein",29116,"6","n/a","n/a","3.03e-15","2.268"
3790,"v-kit Hardy-Zuckerman 4 feline sarcoma viral oncogene homolog",3790,"KIT","v-kit Hardy-Zuckerman 4 feline sarcoma viral oncogene homolog",3815,"4","n/a","n/a","2.93e-05","2.265"
125654,"protein tyrosine phosphatase-like A domain containing 2",125654,"PTPLAD2","protein tyrosine phosphatase-like A domain containing 2",401494,"9","n/a","n/a","2.00e-12","2.264"
9689,"maternal embryonic leucine zipper kinase",9689,"MELK","maternal embryonic leucine zipper kinase",9833,"9","n/a","n/a","1.52e-09","2.263"
40807,"dipeptidase 2",40807,"DPEP2","dipeptidase 2",64174,"16","n/a","n/a","3.19e-10","2.263"
2259,"four and a half LIM domains 2",2259,"FHL2","four and a half LIM domains 2",2274,"2","n/a","n/a","1.28e-08","2.262"
10288,"CDC42 effector protein (Rho GTPase binding) 2",10288,"CDC42EP2","CDC42 effector protein (Rho GTPase binding) 2",10435,"11","n/a","n/a","3.41e-12","2.262"
4042,"v-yes-1 Yamaguchi sarcoma viral related oncogene homolog",4042,"LYN","v-yes-1 Yamaguchi sarcoma viral related oncogene homolog",4067,"8","n/a","n/a","1.27e-15","2.261"
25672,"atlastin GTPase 3",25672,"ATL3","atlastin GTPase 3",25923,"11","n/a","n/a","7.55e-15","2.261"
93862,"coiled-coil domain containing 153",93862,"CCDC153","coiled-coil domain containing 153",283152,"11","n/a","n/a","1.46e-08","2.260"
23091,"synemin, intermediate filament protein",23091,"SYNM","synemin, intermediate filament protein",23336,"15","n/a","n/a","1.36e-14","2.259"
58128,"tetratricopeptide repeat domain 29",58128,"TTC29","tetratricopeptide repeat domain 29",83894,"4","n/a","n/a","3.28e-06","2.258"
8988,"N-myc (and STAT) interactor",8988,"NMI","N-myc (and STAT) interactor",9111,"2","n/a","n/a","4.88e-15","2.257"
2260,"four and a half LIM domains 3",2260,"FHL3","four and a half LIM domains 3",2275,"1","n/a","n/a","7.61e-09","2.256"
93807,"chromosome 10 open reading frame 125",93807,"C10orf125","chromosome 10 open reading frame 125",282969,"10","n/a","n/a","7.38e-12","2.256"
157122235,"uncharacterized LOC100506455",157122235,"LOC100506455","uncharacterized LOC100506455",100506455,"2","n/a","n/a","7.64e-16","2.255"
77601,"oxysterol binding protein-like 9",77601,"OSBPL9","oxysterol binding protein-like 9",114883,"1","n/a","n/a","3.73e-18","2.254"
2116,"exostosin 1",2116,"EXT1","exostosin 1",2131,"8","n/a","n/a","4.28e-13","2.254"
55447,"steroid 5 alpha-reductase 3",55447,"SRD5A3","steroid 5 alpha-reductase 3",79644,"4","n/a","n/a","1.75e-16","2.253"
6447,"ST3 beta-galactoside alpha-2,3-sialyltransferase 2",6447,"ST3GAL2","ST3 beta-galactoside alpha-2,3-sialyltransferase 2",6483,"16","n/a","n/a","8.33e-15","2.253"
31117,"chromosome 14 open reading frame 166",31117,"C14orf166","chromosome 14 open reading frame 166",51637,"14","n/a","n/a","2.07e-13","2.253"
9860,"N-acetylated alpha-linked acidic dipeptidase-like 1",9860,"NAALADL1","N-acetylated alpha-linked acidic dipeptidase-like 1",10004,"11","n/a","n/a","2.94e-10","2.248"
81592,"DENN/MADD domain containing 2C",81592,"DENND2C","DENN/MADD domain containing 2C",163259,"1","n/a","n/a","1.19e-11","2.248"
25578,"transmembrane protein 184B",25578,"TMEM184B","transmembrane protein 184B",25829,"22","n/a","n/a","3.62e-13","2.248"
37330,"family with sequence similarity 60, member A",37330,"FAM60A","family with sequence similarity 60, member A",58516,"12","n/a","n/a","1.31e-09","2.248"
182374,"uncharacterized LOC728431",182374,"LOC728431","uncharacterized LOC728431",728431,"1","n/a","n/a","3.57e-11","2.247"
4183,"myocyte enhancer factor 2C",4183,"MEF2C","myocyte enhancer factor 2C",4208,"5","n/a","n/a","1.45e-11","2.246"
3296,"heat shock 27kDa protein 2",3296,"HSPB2","heat shock 27kDa protein 2",3316,"11","n/a","n/a","1.36e-08","2.245"
7492,"zeta-chain (TCR) associated protein kinase 70kDa",7492,"ZAP70","zeta-chain (TCR) associated protein kinase 70kDa",7535,"2","n/a","n/a","1.82e-07","2.243"
5295,"plasminogen activator, tissue",5295,"PLAT","plasminogen activator, tissue",5327,"8","n/a","n/a","2.28e-07","2.242"
7278,"ubiquitin-conjugating enzyme E2D 1",7278,"UBE2D1","ubiquitin-conjugating enzyme E2D 1",7321,"10","n/a","n/a","1.16e-19","2.239"
79716,"peroxidasin homolog (Drosophila)-like",79716,"PXDNL","peroxidasin homolog (Drosophila)-like",137902,"8","n/a","n/a","9.99e-10","2.238"
3586,"integrin-linked kinase",3586,"ILK","integrin-linked kinase",3611,"11","n/a","n/a","8.00e-09","2.236"
80328,"sestrin 3",80328,"SESN3","sestrin 3",143686,"11","n/a","n/a","6.55e-11","2.236"
3461,"insulin-like growth factor 2 (somatomedin A)",3461,"IGF2","insulin-like growth factor 2 (somatomedin A)",3481,"11","n/a","n/a","6.37e-04","2.235"
4461,"msh homeobox 1",4461,"MSX1","msh homeobox 1",4487,"4","n/a","n/a","7.72e-09","2.234"
10856,"KDEL (Lys-Asp-Glu-Leu) endoplasmic reticulum protein retention receptor 2",10856,"KDELR2","KDEL (Lys-Asp-Glu-Leu) endoplasmic reticulum protein retention receptor 2",11014,"7","n/a","n/a","1.28e-15","2.234"
1929,"ephrin-A1",1929,"EFNA1","ephrin-A1",1942,"1","n/a","n/a","9.56e-11","2.234"
4215,"milk fat globule-EGF factor 8 protein",4215,"MFGE8","milk fat globule-EGF factor 8 protein",4240,"15","n/a","n/a","2.98e-10","2.232"
1023510,"MIR181A2 host gene (non-protein coding)",1023510,"MIR181A2HG","MIR181A2 host gene (non-protein coding)",100379345,"9","n/a","n/a","3.24e-06","2.232"
9223,"integrin, beta-like 1 (with EGF-like repeat domains)",9223,"ITGBL1","integrin, beta-like 1 (with EGF-like repeat domains)",9358,"13","n/a","n/a","2.16e-03","2.230"
94843,"family with sequence similarity 27, member E3",94843,"FAM27E3","family with sequence similarity 27, member E3",100131997,"9","n/a","n/a","1.97e-12","2.228"
3549,"interleukin 7",3549,"IL7","interleukin 7",3574,"8","n/a","n/a","5.51e-08","2.227"
25598,"prostate androgen-regulated mucin-like protein 1",25598,"PARM1","prostate androgen-regulated mucin-like protein 1",25849,"4","n/a","n/a","1.28e-06","2.227"
77642,"vasorin",77642,"VASN","vasorin",114990,"16","n/a","n/a","1.27e-13","2.226"
119586,"microtubule associated serine/threonine kinase family member 4",119586,"MAST4","microtubule associated serine/threonine kinase family member 4",375449,"5","n/a","n/a","2.68e-12","2.224"
36973,"family with sequence similarity 160, member B1",36973,"FAM160B1","family with sequence similarity 160, member B1",57700,"10","n/a","n/a","1.21e-16","2.222"
9604,"STE20-like kinase",9604,"SLK","STE20-like kinase",9748,"10","n/a","n/a","2.98e-13","2.222"
10024,"small EDRK-rich factor 2",10024,"SERF2","small EDRK-rich factor 2",10169,"15","n/a","n/a","3.04e-12","2.221"
34559,"nudix (nucleoside diphosphate linked moiety X)-type motif 15",34559,"NUDT15","nudix (nucleoside diphosphate linked moiety X)-type motif 15",55270,"13","n/a","n/a","1.47e-19","2.221"
2649,"GDP dissociation inhibitor 2",2649,"GDI2","GDP dissociation inhibitor 2",2665,"10","n/a","n/a","1.79e-18","2.220"
40727,"SPARC related modular calcium binding 2",40727,"SMOC2","SPARC related modular calcium binding 2",64094,"6","n/a","n/a","7.60e-04","2.216"
8413,"G protein-coupled receptor 65",8413,"GPR65","G protein-coupled receptor 65",8477,"14","n/a","n/a","1.70e-09","2.213"
77651,"HAUS augmin-like complex, subunit 1",77651,"HAUS1","HAUS augmin-like complex, subunit 1",115106,"18","n/a","n/a","7.16e-15","2.213"
29744,"SH3-domain kinase binding protein 1",29744,"SH3KBP1","SH3-domain kinase binding protein 1",30011,"X","n/a","n/a","7.10e-15","2.212"
1016448,"uncharacterized LOC100132891",1016448,"LOC100132891","uncharacterized LOC100132891",100132891,"8","n/a","n/a","1.71e-12","2.211"
8417,"semaphorin 7A, GPI membrane anchor (John Milton Hagen blood group)",8417,"SEMA7A","semaphorin 7A, GPI membrane anchor (John Milton Hagen blood group)",8482,"15","n/a","n/a","1.21e-09","2.209"
31183,"acyl-CoA synthetase long-chain family member 5",31183,"ACSL5","acyl-CoA synthetase long-chain family member 5",51703,"10","n/a","n/a","3.42e-14","2.204"
6061,"Rho-associated, coiled-coil containing protein kinase 1",6061,"ROCK1","Rho-associated, coiled-coil containing protein kinase 1",6093,"18","n/a","n/a","5.78e-12","2.204"
41008,"regulator of G-protein signaling 18",41008,"RGS18","regulator of G-protein signaling 18",64407,"1","n/a","n/a","7.10e-07","2.203"
157123315,"uncharacterized LOC100507307",157123315,"LOC100507307","uncharacterized LOC100507307",100507307,"2","n/a","n/a","2.02e-06","2.203"
7221,"tissue specific transplantation antigen P35B",7221,"TSTA3","tissue specific transplantation antigen P35B",7264,"8","n/a","n/a","6.29e-09","2.203"
9330,"eukaryotic translation initiation factor 4E family member 2",9330,"EIF4E2","eukaryotic translation initiation factor 4E family member 2",9470,"2","n/a","n/a","6.36e-10","2.201"
3087,"major histocompatibility complex, class I, A",3087,"HLA-A","major histocompatibility complex, class I, A",3105,"6","n/a","n/a","6.94e-13","2.200"
3130,"high mobility group nucleosome binding domain 1",3130,"HMGN1","high mobility group nucleosome binding domain 1",3150,"21","n/a","n/a","2.99e-20","2.198"
32826,"transmembrane 6 superfamily member 1",32826,"TM6SF1","transmembrane 6 superfamily member 1",53346,"15","n/a","n/a","2.25e-11","2.197"
83650,"STT3, subunit of the oligosaccharyltransferase complex, homolog B (S. cerevisiae)",83650,"STT3B","STT3, subunit of the oligosaccharyltransferase complex, homolog B (S. cerevisiae)",201595,"3","n/a","n/a","4.67e-11","2.196"
10290,"interferon, gamma-inducible protein 30",10290,"IFI30","interferon, gamma-inducible protein 30",10437,"19","n/a","n/a","2.09e-05","2.196"
23167,"COMM domain containing 3",23167,"COMMD3","COMM domain containing 3",23412,"10","n/a","n/a","8.12e-12","2.195"
11054,"A kinase (PRKA) anchor protein 13",11054,"AKAP13","A kinase (PRKA) anchor protein 13",11214,"15","n/a","n/a","3.17e-15","2.194"
35041,"septin 11",35041,"SEPT11","septin 11",55752,"4","n/a","n/a","4.45e-21","2.194"
26860,"phosphodiesterase 7B",26860,"PDE7B","phosphodiesterase 7B",27115,"6","n/a","n/a","1.52e-11","2.194"
3759,"potassium voltage-gated channel, KQT-like subfamily, member 1",3759,"KCNQ1","potassium voltage-gated channel, KQT-like subfamily, member 1",3784,"11","n/a","n/a","2.93e-10","2.192"
29808,"egf-like module containing, mucin-like, hormone receptor-like 2",29808,"EMR2","egf-like module containing, mucin-like, hormone receptor-like 2",30817,"19","n/a","n/a","8.40e-10","2.192"
40544,"family with sequence similarity 111, member A",40544,"FAM111A","family with sequence similarity 111, member A",63901,"11","n/a","n/a","9.88e-14","2.191"
94443,"ring finger protein 149",94443,"RNF149","ring finger protein 149",284996,"2","n/a","n/a","1.33e-14","2.190"
157122945,"uncharacterized LOC100507015",157122945,"LOC100507015","uncharacterized LOC100507015",100507015,"3","n/a","n/a","6.27e-13","2.190"
80959,"kelch-like 23 (Drosophila)",80959,"KLHL23","kelch-like 23 (Drosophila)",151230,"2","n/a","n/a","9.31e-12","2.187"
80742,"solute carrier family 30 (zinc transporter), member 7",80742,"SLC30A7","solute carrier family 30 (zinc transporter), member 7",148867,"1","n/a","n/a","3.06e-18","2.187"
3963,"lipase A, lysosomal acid, cholesterol esterase",3963,"LIPA","lipase A, lysosomal acid, cholesterol esterase",3988,"10","n/a","n/a","3.56e-10","2.185"
29841,"cerebellar degeneration-related protein 2-like",29841,"CDR2L","cerebellar degeneration-related protein 2-like",30850,"17","n/a","n/a","4.40e-10","2.183"
55480,"structural maintenance of chromosomes 6",55480,"SMC6","structural maintenance of chromosomes 6",79677,"2","n/a","n/a","2.22e-10","2.183"
166114,"uncharacterized LOC645722",166114,"LOC645722","uncharacterized LOC645722",645722,"17","n/a","n/a","2.35e-08","2.181"
34480,"NAD synthetase 1",34480,"NADSYN1","NAD synthetase 1",55191,"11","n/a","n/a","1.34e-14","2.181"
58753,"par-6 partitioning defective 6 homolog gamma (C. elegans)",58753,"PARD6G","par-6 partitioning defective 6 homolog gamma (C. elegans)",84552,"18","n/a","n/a","7.38e-12","2.179"
8698,"synaptosomal-associated protein, 23kDa",8698,"SNAP23","synaptosomal-associated protein, 23kDa",8773,"15","n/a","n/a","4.81e-30","2.178"
119465,"family with sequence similarity 111, member B",119465,"FAM111B","family with sequence similarity 111, member B",374393,"11","n/a","n/a","2.58e-08","2.177"
34996,"NECAP endocytosis associated 2",34996,"NECAP2","NECAP endocytosis associated 2",55707,"1","n/a","n/a","1.68e-22","2.177"
33744,"Ras and Rab interactor 2",33744,"RIN2","Ras and Rab interactor 2",54453,"20","n/a","n/a","1.48e-07","2.175"
55485,"MLF1 interacting protein",55485,"MLF1IP","MLF1 interacting protein",79682,"4","n/a","n/a","1.38e-07","2.174"
157125639,"DNM3 opposite strand/antisense RNA (non-protein coding)",157125639,"DNM3OS","DNM3 opposite strand/antisense RNA (non-protein coding)",100628315,"1","n/a","n/a","2.27e-07","2.174"
11036,"SEC23 interacting protein",11036,"SEC23IP","SEC23 interacting protein",11196,"10","n/a","n/a","7.07e-17","2.172"
55272,"deleted in lymphocytic leukemia 2-like",55272,"DLEU2L","deleted in lymphocytic leukemia 2-like",79469,"1","n/a","n/a","1.24e-10","2.170"
33887,"LINE-1 type transposase domain containing 1",33887,"L1TD1","LINE-1 type transposase domain containing 1",54596,"1","n/a","n/a","7.58e-07","2.169"
1599,"death-associated protein",1599,"DAP","death-associated protein",1611,"5","n/a","n/a","1.63e-25","2.169"
352,"Fas (TNF receptor superfamily, member 6)",352,"FAS","Fas (TNF receptor superfamily, member 6)",355,"10","n/a","n/a","2.79e-09","2.169"
4333,"myelin protein zero",4333,"MPZ","myelin protein zero",4359,"1","n/a","n/a","1.77e-13","2.169"
5107,"phosphodiesterase 3A, cGMP-inhibited",5107,"PDE3A","phosphodiesterase 3A, cGMP-inhibited",5139,"12","n/a","n/a","9.42e-11","2.164"
22579,"metal response element binding transcription factor 2",22579,"MTF2","metal response element binding transcription factor 2",22823,"1","n/a","n/a","3.29e-15","2.164"
60868,"forkhead box Q1",60868,"FOXQ1","forkhead box Q1",94234,"6","n/a","n/a","1.25e-07","2.164"
4287,"matrix metallopeptidase 2 (gelatinase A, 72kDa gelatinase, 72kDa type IV collagenase)",4287,"MMP2","matrix metallopeptidase 2 (gelatinase A, 72kDa gelatinase, 72kDa type IV collagenase)",4313,"16","n/a","n/a","2.35e-05","2.163"
10920,"TRIO and F-actin binding protein",10920,"TRIOBP","TRIO and F-actin binding protein",11078,"22","n/a","n/a","2.98e-11","2.162"
157120997,"uncharacterized LOC100505498",157120997,"LOC100505498","uncharacterized LOC100505498",100505498,"2","n/a","n/a","1.08e-05","2.162"
11158,"transmembrane channel-like 6",11158,"TMC6","transmembrane channel-like 6",11322,"17","n/a","n/a","4.31e-10","2.161"
119543,"SFT2 domain containing 2",119543,"SFT2D2","SFT2 domain containing 2",375035,"1","n/a","n/a","1.66e-10","2.160"
59856,"EF-hand calcium binding domain 11",59856,"EFCAB11","EF-hand calcium binding domain 11",90141,"14","n/a","n/a","6.12e-19","2.159"
122163,"small nucleolar RNA host gene 5 (non-protein coding)",122163,"SNHG5","small nucleolar RNA host gene 5 (non-protein coding)",387066,"6","n/a","n/a","4.03e-04","2.157"
27180,"echinoderm microtubule associated protein like 4",27180,"EML4","echinoderm microtubule associated protein like 4",27436,"2","n/a","n/a","1.97e-14","2.153"
85697,"jumonji domain containing 1C",85697,"JMJD1C","jumonji domain containing 1C",221037,"10","n/a","n/a","3.02e-12","2.153"
58891,"methylmalonyl CoA epimerase",58891,"MCEE","methylmalonyl CoA epimerase",84693,"2","n/a","n/a","4.39e-11","2.153"
7071,"thymosin beta 4, X-linked",7071,"TMSB4X","thymosin beta 4, X-linked",7114,"X","n/a","n/a","1.32e-10","2.152"
34240,"COMM domain containing 8",34240,"COMMD8","COMM domain containing 8",54951,"4","n/a","n/a","4.50e-11","2.152"
5002,"prolyl 4-hydroxylase, beta polypeptide",5002,"P4HB","prolyl 4-hydroxylase, beta polypeptide",5034,"17","n/a","n/a","5.03e-15","2.152"
34543,"transmembrane protein 39A",34543,"TMEM39A","transmembrane protein 39A",55254,"3","n/a","n/a","7.01e-13","2.150"
110043,"coiled-coil domain containing 18",110043,"CCDC18","coiled-coil domain containing 18",343099,"1","n/a","n/a","1.15e-08","2.148"
2517,"FYN binding protein",2517,"FYB","FYN binding protein",2533,"5","n/a","n/a","9.40e-08","2.147"
81296,"establishment of cohesion 1 homolog 2 (S. cerevisiae)",81296,"ESCO2","establishment of cohesion 1 homolog 2 (S. cerevisiae)",157570,"8","n/a","n/a","6.17e-06","2.147"
3109,"major histocompatibility complex, class II, DR beta 5",3109,"HLA-DRB5","major histocompatibility complex, class II, DR beta 5",3127,"6","n/a","n/a","1.59e-03","2.146"
2197,"Fc fragment of IgG, low affinity IIa, receptor (CD32)",2197,"FCGR2A","Fc fragment of IgG, low affinity IIa, receptor (CD32)",2212,"1","n/a","n/a","2.36e-09","2.146"
90379,"KN motif and ankyrin repeat domains 3",90379,"KANK3","KN motif and ankyrin repeat domains 3",256949,"19","n/a","n/a","2.98e-12","2.144"
1012,"cyclin-dependent kinase 2",1012,"CDK2","cyclin-dependent kinase 2",1017,"12","n/a","n/a","2.47e-12","2.144"
2986,"granzyme K (granzyme 3; tryptase II)",2986,"GZMK","granzyme K (granzyme 3; tryptase II)",3003,"5","n/a","n/a","1.45e-04","2.143"
10717,"fibrinogen-like 2",10717,"FGL2","fibrinogen-like 2",10875,"7","n/a","n/a","4.62e-06","2.142"
5296,"plasminogen activator, urokinase",5296,"PLAU","plasminogen activator, urokinase",5328,"10","n/a","n/a","1.75e-04","2.142"
31179,"vacuolar protein sorting 29 homolog (S. cerevisiae)",31179,"VPS29","vacuolar protein sorting 29 homolog (S. cerevisiae)",51699,"12","n/a","n/a","1.95e-11","2.141"
79255,"Lix1 homolog (mouse)-like",79255,"LIX1L","Lix1 homolog (mouse)-like",128077,"1","n/a","n/a","2.48e-14","2.139"
8384,"dual-specificity tyrosine-(Y)-phosphorylation regulated kinase 2",8384,"DYRK2","dual-specificity tyrosine-(Y)-phosphorylation regulated kinase 2",8445,"12","n/a","n/a","2.42e-13","2.137"
5541,"protein kinase, cAMP-dependent, regulatory, type I, alpha (tissue specific extinguisher 1)",5541,"PRKAR1A","protein kinase, cAMP-dependent, regulatory, type I, alpha (tissue specific extinguisher 1)",5573,"17","n/a","n/a","5.44e-13","2.137"
57353,"vacuole membrane protein 1",57353,"VMP1","vacuole membrane protein 1",81671,"17","n/a","n/a","2.20e-11","2.136"
30700,"glutaredoxin 5",30700,"GLRX5","glutaredoxin 5",51218,"14","n/a","n/a","1.64e-14","2.135"
6563,"SWI/SNF related, matrix associated, actin dependent regulator of chromatin, subfamily d, member 2",6563,"SMARCD2","SWI/SNF related, matrix associated, actin dependent regulator of chromatin, subfamily d, member 2",6603,"17","n/a","n/a","1.26e-09","2.135"
10709,"tetraspanin 9",10709,"TSPAN9","tetraspanin 9",10867,"12","n/a","n/a","4.44e-13","2.131"
59201,"transmembrane protein 141",59201,"TMEM141","transmembrane protein 141",85014,"9","n/a","n/a","1.01e-12","2.131"
5135,"ectonucleotide pyrophosphatase/phosphodiesterase 1",5135,"ENPP1","ectonucleotide pyrophosphatase/phosphodiesterase 1",5167,"6","n/a","n/a","1.21e-08","2.131"
28807,"C1GALT1-specific chaperone 1",28807,"C1GALT1C1","C1GALT1-specific chaperone 1",29071,"X","n/a","n/a","1.81e-12","2.130"
120,"perilipin 2",120,"PLIN2","perilipin 2",123,"9","n/a","n/a","7.77e-07","2.129"
3101,"major histocompatibility complex, class II, DQ beta 1",3101,"HLA-DQB1","major histocompatibility complex, class II, DQ beta 1",3119,"6","n/a","n/a","4.86e-04","2.128"
5164,"platelet factor 4",5164,"PF4","platelet factor 4",5196,"4","n/a","n/a","1.00e-05","2.127"
1998,"epithelial membrane protein 2",1998,"EMP2","epithelial membrane protein 2",2013,"16","n/a","n/a","1.13e-14","2.126"
4787,"natural killer cell group 7 sequence",4787,"NKG7","natural killer cell group 7 sequence",4818,"19","n/a","n/a","5.68e-05","2.125"
3572,"interleukin 13 receptor, alpha 1",3572,"IL13RA1","interleukin 13 receptor, alpha 1",3597,"X","n/a","n/a","2.28e-17","2.125"
85610,"cytochrome b, ascorbate dependent 3",85610,"CYBASC3","cytochrome b, ascorbate dependent 3",220002,"11","n/a","n/a","2.82e-09","2.125"
193,"aryl hydrocarbon receptor",193,"AHR","aryl hydrocarbon receptor",196,"7","n/a","n/a","1.50e-07","2.123"
1056,"centromere protein F, 350/400kDa (mitosin)",1056,"CENPF","centromere protein F, 350/400kDa (mitosin)",1063,"1","n/a","n/a","6.36e-06","2.123"
7135,"tumor protein, translationally-controlled 1",7135,"TPT1","tumor protein, translationally-controlled 1",7178,"13","n/a","n/a","1.19e-15","2.122"
26741,"G protein-coupled receptor 160",26741,"GPR160","G protein-coupled receptor 160",26996,"3","n/a","n/a","1.83e-09","2.119"
1019010,"MARVEL domain-containing protein 1-like",1019010,"LOC100287119","MARVEL domain-containing protein 1-like",100287119,"2","n/a","n/a","3.49e-08","2.118"
79834,"dedicator of cytokinesis 11",79834,"DOCK11","dedicator of cytokinesis 11",139818,"X","n/a","n/a","6.55e-13","2.118"
5469,"protein phosphatase 1, catalytic subunit, gamma isozyme",5469,"PPP1CC","protein phosphatase 1, catalytic subunit, gamma isozyme",5501,"12","n/a","n/a","1.32e-14","2.117"
10089,"RAS guanyl releasing protein 2 (calcium and DAG-regulated)",10089,"RASGRP2","RAS guanyl releasing protein 2 (calcium and DAG-regulated)",10235,"11","n/a","n/a","6.54e-11","2.117"
58318,"Zic family member 4",58318,"ZIC4","Zic family member 4",84107,"3","n/a","n/a","3.61e-11","2.116"
33916,"poly (ADP-ribose) polymerase family, member 14",33916,"PARP14","poly (ADP-ribose) polymerase family, member 14",54625,"3","n/a","n/a","1.65e-09","2.116"
10852,"GLI pathogenesis-related 1",10852,"GLIPR1","GLI pathogenesis-related 1",11010,"12","n/a","n/a","1.92e-07","2.115"
30783,"cytochrome P450, family 39, subfamily A, polypeptide 1",30783,"CYP39A1","cytochrome P450, family 39, subfamily A, polypeptide 1",51302,"6","n/a","n/a","7.90e-09","2.114"
9368,"ADAM metallopeptidase with thrombospondin type 1 motif, 2",9368,"ADAMTS2","ADAM metallopeptidase with thrombospondin type 1 motif, 2",9509,"5","n/a","n/a","6.22e-07","2.113"
1746,"dentin matrix acidic phosphoprotein 1",1746,"DMP1","dentin matrix acidic phosphoprotein 1",1758,"4","n/a","n/a","8.29e-07","2.112"
5756,"protein tyrosine phosphatase, receptor type, C",5756,"PTPRC","protein tyrosine phosphatase, receptor type, C",5788,"1","n/a","n/a","1.55e-06","2.112"
289,"solute carrier family 25 (mitochondrial carrier; adenine nucleotide translocator), member 5",289,"SLC25A5","solute carrier family 25 (mitochondrial carrier; adenine nucleotide translocator), member 5",292,"X","n/a","n/a","8.44e-07","2.111"
167417,"lymphocyte-specific protein 1 pseudogene",167417,"LOC654342","lymphocyte-specific protein 1 pseudogene",654342,"2","n/a","n/a","2.56e-08","2.109"
34299,"PARP1 binding protein",34299,"PARPBP","PARP1 binding protein",55010,"12","n/a","n/a","9.16e-11","2.108"
5907,"RNA binding motif, single stranded interacting protein 2",5907,"RBMS2","RNA binding motif, single stranded interacting protein 2",5939,"12","n/a","n/a","3.90e-20","2.108"
886,"cyclin B1",886,"CCNB1","cyclin B1",891,"5","n/a","n/a","3.22e-11","2.106"
25686,"WW domain containing transcription regulator 1",25686,"WWTR1","WW domain containing transcription regulator 1",25937,"3","n/a","n/a","3.30e-10","2.106"
36168,"transmembrane 9 superfamily member 3",36168,"TM9SF3","transmembrane 9 superfamily member 3",56889,"10","n/a","n/a","2.64e-19","2.105"
33828,"family with sequence similarity 35, member A",33828,"FAM35A","family with sequence similarity 35, member A",54537,"10","n/a","n/a","1.25e-13","2.104"
1019610,"uncharacterized LOC100287803",1019610,"LOC100287803","uncharacterized LOC100287803",100287803,"13","n/a","n/a","2.59e-13","2.103"
1982,"E74-like factor 1 (ets domain transcription factor)",1982,"ELF1","E74-like factor 1 (ets domain transcription factor)",1997,"13","n/a","n/a","2.43e-16","2.100"
22934,"ral guanine nucleotide dissociation stimulator-like 1",22934,"RGL1","ral guanine nucleotide dissociation stimulator-like 1",23179,"1","n/a","n/a","1.76e-14","2.098"
79165,"Src homology 2 domain containing E",79165,"SHE","Src homology 2 domain containing E",126669,"1","n/a","n/a","4.48e-12","2.097"
57602,"kinesin family member 18A",57602,"KIF18A","kinesin family member 18A",81930,"11","n/a","n/a","7.12e-09","2.096"
3408,"interferon, gamma-inducible protein 16",3408,"IFI16","interferon, gamma-inducible protein 16",3428,"1","n/a","n/a","1.54e-09","2.093"
5341,"phosphomannomutase 2",5341,"PMM2","phosphomannomutase 2",5373,"16","n/a","n/a","1.56e-14","2.092"
59913,"Bcl2 modifying factor",59913,"BMF","Bcl2 modifying factor",90427,"15","n/a","n/a","4.06e-15","2.089"
78711,"coiled-coil-helix-coiled-coil-helix domain containing 1",78711,"CHCHD1","coiled-coil-helix-coiled-coil-helix domain containing 1",118487,"10","n/a","n/a","3.38e-14","2.086"
25640,"peptidase domain containing associated with muscle regeneration 1",25640,"PAMR1","peptidase domain containing associated with muscle regeneration 1",25891,"11","n/a","n/a","1.02e-09","2.085"
35112,"phosphoprotein associated with glycosphingolipid microdomains 1",35112,"PAG1","phosphoprotein associated with glycosphingolipid microdomains 1",55824,"8","n/a","n/a","3.32e-09","2.085"
10812,"cytoskeleton-associated protein 4",10812,"CKAP4","cytoskeleton-associated protein 4",10970,"12","n/a","n/a","7.86e-11","2.083"
4060,"MAD2 mitotic arrest deficient-like 1 (yeast)",4060,"MAD2L1","MAD2 mitotic arrest deficient-like 1 (yeast)",4085,"4","n/a","n/a","1.23e-07","2.082"
5745,"protein tyrosine phosphatase, non-receptor type 6",5745,"PTPN6","protein tyrosine phosphatase, non-receptor type 6",5777,"12","n/a","n/a","1.88e-09","2.082"
7381,"vascular endothelial growth factor C",7381,"VEGFC","vascular endothelial growth factor C",7424,"4","n/a","n/a","3.85e-06","2.081"
94672,"discoidin, CUB and LCCL domain containing 1",94672,"DCBLD1","discoidin, CUB and LCCL domain containing 1",285761,"6","n/a","n/a","1.64e-10","2.081"
2190,"Fc fragment of IgE, high affinity I, receptor for; alpha polypeptide",2190,"FCER1A","Fc fragment of IgE, high affinity I, receptor for; alpha polypeptide",2205,"1","n/a","n/a","1.18e-03","2.081"
35244,"kelch-like 9 (Drosophila)",35244,"KLHL9","kelch-like 9 (Drosophila)",55958,"9","n/a","n/a","7.48e-09","2.081"
10365,"sema domain, immunoglobulin domain (Ig), short basic domain, secreted, (semaphorin) 3C",10365,"SEMA3C","sema domain, immunoglobulin domain (Ig), short basic domain, secreted, (semaphorin) 3C",10512,"7","n/a","n/a","3.58e-07","2.078"
2978,"glycophorin C (Gerbich blood group)",2978,"GYPC","glycophorin C (Gerbich blood group)",2995,"2","n/a","n/a","5.80e-09","2.078"
23410,"solute carrier family 7 (anionic amino acid transporter light chain, xc- system), member 11",23410,"SLC7A11","solute carrier family 7 (anionic amino acid transporter light chain, xc- system), member 11",23657,"4","n/a","n/a","1.69e-10","2.074"
122648,"patched domain containing 3 pseudogene",122648,"LOC387647","patched domain containing 3 pseudogene",387647,"10","n/a","n/a","4.75e-08","2.074"
3396,"insulin-degrading enzyme",3396,"IDE","insulin-degrading enzyme",3416,"10","n/a","n/a","6.52e-15","2.073"
35541,"glycerophosphocholine phosphodiesterase GDE1 homolog (S. cerevisiae)",35541,"GPCPD1","glycerophosphocholine phosphodiesterase GDE1 homolog (S. cerevisiae)",56261,"20","n/a","n/a","1.23e-16","2.073"
4290,"matrix metallopeptidase 7 (matrilysin, uterine)",4290,"MMP7","matrix metallopeptidase 7 (matrilysin, uterine)",4316,"11","n/a","n/a","2.93e-03","2.071"
30674,"chemokine-like factor",30674,"CKLF","chemokine-like factor",51192,"16","n/a","n/a","1.73e-14","2.069"
6948,"dynein, light chain, Tctex-type 3",6948,"DYNLT3","dynein, light chain, Tctex-type 3",6990,"X","n/a","n/a","2.61e-09","2.069"
122734,"RAB15 effector protein",122734,"REP15","RAB15 effector protein",387849,"12","n/a","n/a","9.92e-07","2.069"
1967,"eukaryotic translation initiation factor 4 gamma, 2",1967,"EIF4G2","eukaryotic translation initiation factor 4 gamma, 2",1982,"11","n/a","n/a","4.16e-19","2.067"
81523,"sprouty-related, EVH1 domain containing 1",81523,"SPRED1","sprouty-related, EVH1 domain containing 1",161742,"15","n/a","n/a","7.25e-13","2.066"
59855,"tetraspanin 18",59855,"TSPAN18","tetraspanin 18",90139,"11","n/a","n/a","1.25e-11","2.063"
94464,"anaphase promoting complex subunit 1 pseudogene",94464,"LOC285074","anaphase promoting complex subunit 1 pseudogene",285074,"2","n/a","n/a","1.16e-09","2.062"
85730,"5'-nucleotidase domain containing 1",85730,"NT5DC1","5'-nucleotidase domain containing 1",221294,"6","n/a","n/a","3.23e-15","2.061"
1015748,"chromosome 11 open reading frame 91",1015748,"C11orf91","chromosome 11 open reading frame 91",100131378,"11","n/a","n/a","5.19e-08","2.059"
5883,"retinoic acid receptor, beta",5883,"RARB","retinoic acid receptor, beta",5915,"3","n/a","n/a","4.37e-11","2.059"
36863,"WD repeat and FYVE domain containing 1",36863,"WDFY1","WD repeat and FYVE domain containing 1",57590,"2","n/a","n/a","1.24e-18","2.059"
5689,"proteasome (prosome, macropain) activator subunit 2 (PA28 beta)",5689,"PSME2","proteasome (prosome, macropain) activator subunit 2 (PA28 beta)",5721,"14","n/a","n/a","3.64e-15","2.059"
165791,"small Cajal body-specific RNA 21",165791,"SCARNA21","small Cajal body-specific RNA 21",677763,"17","n/a","n/a","3.14e-04","2.055"
8534,"tumor necrosis factor (ligand) superfamily, member 11",8534,"TNFSF11","tumor necrosis factor (ligand) superfamily, member 11",8600,"13","n/a","n/a","1.86e-05","2.055"
6901,"transcription factor 19",6901,"TCF19","transcription factor 19",6941,"6","n/a","n/a","2.18e-14","2.054"
4916,"ornithine decarboxylase antizyme 2",4916,"OAZ2","ornithine decarboxylase antizyme 2",4947,"15","n/a","n/a","4.16e-11","2.053"
809,"calumenin",809,"CALU","calumenin",813,"7","n/a","n/a","2.95e-13","2.052"
56056,"solute carrier family 35, member F5",56056,"SLC35F5","solute carrier family 35, member F5",80255,"2","n/a","n/a","3.18e-12","2.051"
1525,"cytochrome b-245, beta polypeptide",1525,"CYBB","cytochrome b-245, beta polypeptide",1536,"X","n/a","n/a","6.25e-08","2.050"
59026,"abhydrolase domain containing 14B",59026,"ABHD14B","abhydrolase domain containing 14B",84836,"3","n/a","n/a","2.95e-13","2.050"
9784,"kinesin family member 14",9784,"KIF14","kinesin family member 14",9928,"1","n/a","n/a","1.49e-08","2.048"
93882,"prolyl 4-hydroxylase, alpha polypeptide III",93882,"P4HA3","prolyl 4-hydroxylase, alpha polypeptide III",283208,"11","n/a","n/a","3.01e-10","2.048"
25840,"HECT and RLD domain containing E3 ubiquitin protein ligase 4",25840,"HERC4","HECT and RLD domain containing E3 ubiquitin protein ligase 4",26091,"10","n/a","n/a","2.53e-19","2.048"
1357,"claudin 7",1357,"CLDN7","claudin 7",1366,"17","n/a","n/a","1.95e-07","2.047"
9574,"endothelin converting enzyme 2",9574,"ECE2","endothelin converting enzyme 2",9718,"3","n/a","n/a","1.29e-06","2.047"
77494,"caspase recruitment domain family, member 16",77494,"CARD16","caspase recruitment domain family, member 16",114769,"11","n/a","n/a","3.79e-05","2.045"
10572,"YME1-like 1 (S. cerevisiae)",10572,"YME1L1","YME1-like 1 (S. cerevisiae)",10730,"10","n/a","n/a","1.05e-24","2.045"
34968,"LIM and senescent cell antigen-like domains 2",34968,"LIMS2","LIM and senescent cell antigen-like domains 2",55679,"2","n/a","n/a","1.73e-07","2.044"
25745,"REX2, RNA exonuclease 2 homolog (S. cerevisiae)",25745,"REXO2","REX2, RNA exonuclease 2 homolog (S. cerevisiae)",25996,"11","n/a","n/a","3.60e-21","2.043"
5614,"protease, serine, 3",5614,"PRSS3","protease, serine, 3",5646,"9","n/a","n/a","9.91e-04","2.042"
81455,"solute carrier family 35, member G1",81455,"SLC35G1","solute carrier family 35, member G1",159371,"10","n/a","n/a","7.17e-10","2.042"
9551,"ER degradation enhancer, mannosidase alpha-like 1",9551,"EDEM1","ER degradation enhancer, mannosidase alpha-like 1",9695,"3","n/a","n/a","5.39e-19","2.041"
57280,"collagen, type XXI, alpha 1",57280,"COL21A1","collagen, type XXI, alpha 1",81578,"6","n/a","n/a","1.69e-05","2.039"
83601,"ribosomal protein L22-like 1",83601,"RPL22L1","ribosomal protein L22-like 1",200916,"3","n/a","n/a","1.42e-09","2.037"
134284,"family with sequence similarity 26, member F",134284,"FAM26F","family with sequence similarity 26, member F",441168,"6","n/a","n/a","2.81e-05","2.036"
157122403,"uncharacterized LOC100506583",157122403,"LOC100506583","uncharacterized LOC100506583",100506583,"X","n/a","n/a","4.06e-04","2.036"
59995,"formin-like 3",59995,"FMNL3","formin-like 3",91010,"12","n/a","n/a","4.24e-18","2.036"
34522,"MOB kinase activator 1A",34522,"MOB1A","MOB kinase activator 1A",55233,"2","n/a","n/a","5.30e-20","2.036"
23336,"cyclin D-type binding-protein 1",23336,"CCNDBP1","cyclin D-type binding-protein 1",23582,"15","n/a","n/a","6.17e-11","2.035"
34532,"kin of IRRE like (Drosophila)",34532,"KIRREL","kin of IRRE like (Drosophila)",55243,"1","n/a","n/a","3.90e-09","2.035"
4579,"v-myb myeloblastosis viral oncogene homolog (avian)-like 2",4579,"MYBL2","v-myb myeloblastosis viral oncogene homolog (avian)-like 2",4605,"20","n/a","n/a","1.27e-06","2.034"
9309,"glutathione S-transferase omega 1",9309,"GSTO1","glutathione S-transferase omega 1",9446,"10","n/a","n/a","2.61e-15","2.034"
78794,"adhesion molecule, interacts with CXADR antigen 1",78794,"AMICA1","adhesion molecule, interacts with CXADR antigen 1",120425,"11","n/a","n/a","1.85e-05","2.034"
28844,"PYD and CARD domain containing",28844,"PYCARD","PYD and CARD domain containing",29108,"16","n/a","n/a","2.11e-09","2.034"
1306,"coatomer protein complex, subunit beta 1",1306,"COPB1","coatomer protein complex, subunit beta 1",1315,"11","n/a","n/a","1.27e-13","2.033"
9240,"transmembrane 9 superfamily member 2",9240,"TM9SF2","transmembrane 9 superfamily member 2",9375,"13","n/a","n/a","5.12e-15","2.033"
6842,"TAF11 RNA polymerase II, TATA box binding protein (TBP)-associated factor, 28kDa",6842,"TAF11","TAF11 RNA polymerase II, TATA box binding protein (TBP)-associated factor, 28kDa",6882,"6","n/a","n/a","2.02e-20","2.033"
25681,"chloride intracellular channel 4",25681,"CLIC4","chloride intracellular channel 4",25932,"1","n/a","n/a","7.06e-11","2.032"
7063,"tetraspanin 4",7063,"TSPAN4","tetraspanin 4",7106,"11","n/a","n/a","1.77e-09","2.032"
36862,"KIAA1432",36862,"KIAA1432","KIAA1432",57589,"9","n/a","n/a","1.18e-17","2.032"
22979,"spectrin repeat containing, nuclear envelope 2",22979,"SYNE2","spectrin repeat containing, nuclear envelope 2",23224,"14","n/a","n/a","7.67e-11","2.031"
964,"CD69 molecule",964,"CD69","CD69 molecule",969,"12","n/a","n/a","1.38e-03","2.030"
38019,"signal peptidase complex subunit 3 homolog (S. cerevisiae)",38019,"SPCS3","signal peptidase complex subunit 3 homolog (S. cerevisiae)",60559,"4","n/a","n/a","8.66e-21","2.030"
7315,"UDP-glucose 6-dehydrogenase",7315,"UGDH","UDP-glucose 6-dehydrogenase",7358,"4","n/a","n/a","2.40e-14","2.029"
8819,"myotubularin related protein 2",8819,"MTMR2","myotubularin related protein 2",8898,"11","n/a","n/a","2.86e-14","2.029"
2662,"gamma-glutamyltransferase 1",2662,"GGT1","gamma-glutamyltransferase 1",2678,"22","n/a","n/a","3.31e-06","2.028"
9191,"thyroid hormone receptor interactor 4",9191,"TRIP4","thyroid hormone receptor interactor 4",9325,"15","n/a","n/a","1.34e-18","2.027"
31176,"headcase homolog (Drosophila)",31176,"HECA","headcase homolog (Drosophila)",51696,"6","n/a","n/a","2.33e-13","2.027"
2998,"H2A histone family, member Z",2998,"H2AFZ","H2A histone family, member Z",3015,"4","n/a","n/a","9.47e-14","2.026"
34274,"host cell factor C1 regulator 1 (XPO1 dependent)",34274,"HCFC1R1","host cell factor C1 regulator 1 (XPO1 dependent)",54985,"16","n/a","n/a","6.38e-12","2.025"
5262,"phosphoinositide-3-kinase, catalytic, gamma polypeptide",5262,"PIK3CG","phosphoinositide-3-kinase, catalytic, gamma polypeptide",5294,"7","n/a","n/a","4.23e-11","2.025"
5707,"prostaglandin I2 (prostacyclin) receptor (IP)",5707,"PTGIR","prostaglandin I2 (prostacyclin) receptor (IP)",5739,"19","n/a","n/a","3.31e-09","2.025"
3088,"major histocompatibility complex, class I, B",3088,"HLA-B","major histocompatibility complex, class I, B",3106,"6","n/a","n/a","4.79e-13","2.025"
5579,"DnaJ (Hsp40) homolog, subfamily C, member 3",5579,"DNAJC3","DnaJ (Hsp40) homolog, subfamily C, member 3",5611,"13","n/a","n/a","8.36e-15","2.023"
7131,"tripeptidyl peptidase II",7131,"TPP2","tripeptidyl peptidase II",7174,"13","n/a","n/a","1.13e-10","2.022"
159013,"upstream binding transcription factor, RNA polymerase I-like 1",159013,"UBTFL1","upstream binding transcription factor, RNA polymerase I-like 1",642623,"11","n/a","n/a","2.13e-09","2.021"
8899,"myelin protein zero-like 1",8899,"MPZL1","myelin protein zero-like 1",9019,"1","n/a","n/a","2.80e-19","2.020"
506,"ATP synthase, H+ transporting, mitochondrial F1 complex, gamma polypeptide 1",506,"ATP5C1","ATP synthase, H+ transporting, mitochondrial F1 complex, gamma polypeptide 1",509,"10","n/a","n/a","1.35e-11","2.018"
3905,"lamin B receptor",3905,"LBR","lamin B receptor",3930,"1","n/a","n/a","6.03e-13","2.017"
11156,"mannosyl (alpha-1,3-)-glycoprotein beta-1,4-N-acetylglucosaminyltransferase, isozyme A",11156,"MGAT4A","mannosyl (alpha-1,3-)-glycoprotein beta-1,4-N-acetylglucosaminyltransferase, isozyme A",11320,"2","n/a","n/a","1.21e-11","2.016"
81468,"C-type lectin domain family 12, member A",81468,"CLEC12A","C-type lectin domain family 12, member A",160364,"12","n/a","n/a","2.96e-06","2.016"
34677,"minichromosome maintenance complex component 10",34677,"MCM10","minichromosome maintenance complex component 10",55388,"10","n/a","n/a","3.05e-10","2.016"
5827,"glutaminyl-tRNA synthetase",5827,"QARS","glutaminyl-tRNA synthetase",5859,"3","n/a","n/a","1.01e-17","2.015"
7229,"TTK protein kinase",7229,"TTK","TTK protein kinase",7272,"6","n/a","n/a","5.69e-08","2.015"
486,"ATPase, Ca++ transporting, ubiquitous",486,"ATP2A3","ATPase, Ca++ transporting, ubiquitous",489,"17","n/a","n/a","1.07e-12","2.015"
9064,"DEAD (Asp-Glu-Ala-Asp) box helicase 21",9064,"DDX21","DEAD (Asp-Glu-Ala-Asp) box helicase 21",9188,"10","n/a","n/a","6.14e-18","2.015"
9553,"translocation associated membrane protein 2",9553,"TRAM2","translocation associated membrane protein 2",9697,"6","n/a","n/a","4.31e-10","2.013"
3689,"jagged 2",3689,"JAG2","jagged 2",3714,"14","n/a","n/a","1.31e-09","2.012"
4258,"chemokine (C-X-C motif) ligand 9",4258,"CXCL9","chemokine (C-X-C motif) ligand 9",4283,"4","n/a","n/a","6.72e-06","2.011"
2035,"EPH receptor B4",2035,"EPHB4","EPH receptor B4",2050,"7","n/a","n/a","4.19e-13","2.011"
8758,"suppressor of cytokine signaling 2",8758,"SOCS2","suppressor of cytokine signaling 2",8835,"12","n/a","n/a","1.22e-06","2.010"
80958,"cyclin Y-like 1",80958,"CCNYL1","cyclin Y-like 1",151195,"2","n/a","n/a","8.64e-17","2.010"
34642,"lysosomal protein transmembrane 4 beta",34642,"LAPTM4B","lysosomal protein transmembrane 4 beta",55353,"8","n/a","n/a","3.42e-14","2.009"
6378,"selenoprotein P, plasma, 1",6378,"SEPP1","selenoprotein P, plasma, 1",6414,"5","n/a","n/a","5.59e-05","2.008"
4190,"mitogen-activated protein kinase kinase kinase 3",4190,"MAP3K3","mitogen-activated protein kinase kinase kinase 3",4215,"17","n/a","n/a","9.84e-12","2.007"
246,"alkaline phosphatase, liver/bone/kidney",246,"ALPL","alkaline phosphatase, liver/bone/kidney",249,"1","n/a","n/a","2.19e-06","2.007"
8245,"phosphatidylinositol binding clathrin assembly protein",8245,"PICALM","phosphatidylinositol binding clathrin assembly protein",8301,"11","n/a","n/a","3.49e-19","2.006"
1018943,"uncharacterized LOC100287036",1018943,"LOC100287036","uncharacterized LOC100287036",100287036,"16","n/a","n/a","7.12e-09","2.004"
41322,"major facilitator superfamily domain containing 1",41322,"MFSD1","major facilitator superfamily domain containing 1",64747,"3","n/a","n/a","1.45e-12","2.003"
3406,"complement factor I",3406,"CFI","complement factor I",3426,"4","n/a","n/a","3.18e-05","2.003"
85841,"KIAA1324-like",85841,"KIAA1324L","KIAA1324-like",222223,"7","n/a","n/a","1.31e-08","2.001"
119546,"family with sequence similarity 89, member A",119546,"FAM89A","family with sequence similarity 89, member A",375061,"1","n/a","n/a","1.19e-08","1.999"
36464,"ADAMTS-like 3",36464,"ADAMTSL3","ADAMTS-like 3",57188,"15","n/a","n/a","3.08e-13","1.998"
10287,"lysophospholipase I",10287,"LYPLA1","lysophospholipase I",10434,"8","n/a","n/a","2.20e-10","1.998"
662,"BCL2-related ovarian killer",662,"BOK","BCL2-related ovarian killer",666,"2","n/a","n/a","7.12e-13","1.998"
34082,"potassium channel tetramerisation domain containing 9",34082,"KCTD9","potassium channel tetramerisation domain containing 9",54793,"8","n/a","n/a","6.22e-13","1.997"
8544,"phosphatidic acid phosphatase type 2A",8544,"PPAP2A","phosphatidic acid phosphatase type 2A",8611,"5","n/a","n/a","5.14e-04","1.997"
78782,"transmembrane protein 45B",78782,"TMEM45B","transmembrane protein 45B",120224,"11","n/a","n/a","1.18e-05","1.997"
60146,"mitochondrial GTPase 1 homolog (S. cerevisiae)",60146,"MTG1","mitochondrial GTPase 1 homolog (S. cerevisiae)",92170,"10","n/a","n/a","2.50e-11","1.996"
28707,"chromosome 11 open reading frame 67",28707,"C11orf67","chromosome 11 open reading frame 67",28971,"11","n/a","n/a","1.14e-10","1.995"
34136,"SID1 transmembrane family, member 1",34136,"SIDT1","SID1 transmembrane family, member 1",54847,"3","n/a","n/a","1.94e-09","1.994"
25614,"protein kinase D2",25614,"PRKD2","protein kinase D2",25865,"19","n/a","n/a","3.97e-12","1.994"
8926,"docking protein 2, 56kDa",8926,"DOK2","docking protein 2, 56kDa",9046,"8","n/a","n/a","7.19e-10","1.993"
6415,"SH3 domain binding glutamic acid-rich protein like",6415,"SH3BGRL","SH3 domain binding glutamic acid-rich protein like",6451,"X","n/a","n/a","7.11e-17","1.993"
35463,"motile sperm domain containing 1",35463,"MOSPD1","motile sperm domain containing 1",56180,"X","n/a","n/a","1.17e-13","1.991"
4726,"NIMA (never in mitosis gene a)-related kinase 3",4726,"NEK3","NIMA (never in mitosis gene a)-related kinase 3",4752,"13","n/a","n/a","4.19e-13","1.991"
7102,"tensin 1",7102,"TNS1","tensin 1",7145,"2","n/a","n/a","5.04e-10","1.991"
7250,"tumor necrosis factor receptor superfamily, member 4",7250,"TNFRSF4","tumor necrosis factor receptor superfamily, member 4",7293,"1","n/a","n/a","4.40e-07","1.990"
35448,"tudor domain containing 1",35448,"TDRD1","tudor domain containing 1",56165,"10","n/a","n/a","9.94e-08","1.988"
25784,"glucuronic acid epimerase",25784,"GLCE","glucuronic acid epimerase",26035,"15","n/a","n/a","1.34e-09","1.987"
7299,"upstream binding protein 1 (LBP-1a)",7299,"UBP1","upstream binding protein 1 (LBP-1a)",7342,"3","n/a","n/a","5.69e-17","1.987"
9420,"multiple inositol-polyphosphate phosphatase 1",9420,"MINPP1","multiple inositol-polyphosphate phosphatase 1",9562,"10","n/a","n/a","2.10e-19","1.985"
22628,"SEC31 homolog A (S. cerevisiae)",22628,"SEC31A","SEC31 homolog A (S. cerevisiae)",22872,"4","n/a","n/a","1.53e-20","1.984"
59547,"MICAL-like 1",59547,"MICALL1","MICAL-like 1",85377,"22","n/a","n/a","4.57e-10","1.984"
2773,"guanine nucleotide binding protein (G protein), gamma 10",2773,"GNG10","guanine nucleotide binding protein (G protein), gamma 10",2790,"9","n/a","n/a","5.05e-10","1.983"
10587,"putative homeodomain transcription factor 1",10587,"PHTF1","putative homeodomain transcription factor 1",10745,"1","n/a","n/a","8.22e-15","1.982"
59985,"zinc finger protein 697",59985,"ZNF697","zinc finger protein 697",90874,"1","n/a","n/a","9.37e-10","1.981"
2019,"endothelial PAS domain protein 1",2019,"EPAS1","endothelial PAS domain protein 1",2034,"2","n/a","n/a","1.23e-06","1.981"
55947,"UDP-glucuronate decarboxylase 1",55947,"UXS1","UDP-glucuronate decarboxylase 1",80146,"2","n/a","n/a","4.55e-11","1.980"
2753,"guanine nucleotide binding protein (G protein), alpha inhibiting activity polypeptide 1",2753,"GNAI1","guanine nucleotide binding protein (G protein), alpha inhibiting activity polypeptide 1",2770,"7","n/a","n/a","7.75e-08","1.980"
35000,"fatty acyl CoA reductase 2",35000,"FAR2","fatty acyl CoA reductase 2",55711,"12","n/a","n/a","8.50e-09","1.979"
10015,"FERM, RhoGEF (ARHGEF) and pleckstrin domain protein 1 (chondrocyte-derived)",10015,"FARP1","FERM, RhoGEF (ARHGEF) and pleckstrin domain protein 1 (chondrocyte-derived)",10160,"13","n/a","n/a","6.78e-14","1.977"
27000,"contactin 6",27000,"CNTN6","contactin 6",27255,"3","n/a","n/a","1.38e-07","1.977"
22847,"Rho GTPase activating protein 26",22847,"ARHGAP26","Rho GTPase activating protein 26",23092,"5","n/a","n/a","8.00e-13","1.977"
5715,"PTK2 protein tyrosine kinase 2",5715,"PTK2","PTK2 protein tyrosine kinase 2",5747,"8","n/a","n/a","4.45e-13","1.977"
56104,"EF-hand domain family, member D1",56104,"EFHD1","EF-hand domain family, member D1",80303,"2","n/a","n/a","4.21e-06","1.977"
79558,"embigin",79558,"EMB","embigin",133418,"5","n/a","n/a","1.40e-06","1.977"
3665,"integrin, beta 3 (platelet glycoprotein IIIa, antigen CD61)",3665,"ITGB3","integrin, beta 3 (platelet glycoprotein IIIa, antigen CD61)",3690,"17","n/a","n/a","6.10e-09","1.976"
3701,"jun B proto-oncogene",3701,"JUNB","jun B proto-oncogene",3726,"19","n/a","n/a","7.10e-07","1.976"
1837,"dual specificity phosphatase 7",1837,"DUSP7","dual specificity phosphatase 7",1849,"3","n/a","n/a","1.66e-12","1.975"
1477,"C-terminal binding protein 2",1477,"CTBP2","C-terminal binding protein 2",1488,"10","n/a","n/a","6.13e-14","1.974"
379,"ADP-ribosylation factor 6",379,"ARF6","ADP-ribosylation factor 6",382,"14","n/a","n/a","2.80e-21","1.973"
55816,"WW and C2 domain containing 2",55816,"WWC2","WW and C2 domain containing 2",80014,"4","n/a","n/a","3.90e-19","1.972"
29837,"EH-domain containing 2",29837,"EHD2","EH-domain containing 2",30846,"19","n/a","n/a","7.55e-06","1.971"
8727,"cellular repressor of E1A-stimulated genes 1",8727,"CREG1","cellular repressor of E1A-stimulated genes 1",8804,"1","n/a","n/a","5.17e-13","1.971"
182030,"defensin, alpha 1B",182030,"DEFA1B","defensin, alpha 1B",728358,"8","n/a","n/a","2.54e-02","1.970"
1655,"defensin, alpha 1",1655,"DEFA1","defensin, alpha 1",1667,"8","n/a","n/a","2.54e-02","1.970"
33786,"thioredoxin-related transmembrane protein 3",33786,"TMX3","thioredoxin-related transmembrane protein 3",54495,"18","n/a","n/a","1.48e-11","1.969"
41397,"ELOVL fatty acid elongase 1",41397,"ELOVL1","ELOVL fatty acid elongase 1",64834,"1","n/a","n/a","3.50e-07","1.968"
34908,"dedicator of cytokinesis 10",34908,"DOCK10","dedicator of cytokinesis 10",55619,"2","n/a","n/a","3.76e-14","1.968"
6196,"ribosomal protein S24",6196,"RPS24","ribosomal protein S24",6229,"10","n/a","n/a","3.86e-12","1.968"
5530,"protein kinase, AMP-activated, alpha 1 catalytic subunit",5530,"PRKAA1","protein kinase, AMP-activated, alpha 1 catalytic subunit",5562,"5","n/a","n/a","7.68e-21","1.968"
5279,"polycystic kidney disease 2 (autosomal dominant)",5279,"PKD2","polycystic kidney disease 2 (autosomal dominant)",5311,"4","n/a","n/a","2.79e-13","1.967"
8380,"NCK adaptor protein 2",8380,"NCK2","NCK adaptor protein 2",8440,"2","n/a","n/a","5.27e-11","1.967"
5334,"phorbol-12-myristate-13-acetate-induced protein 1",5334,"PMAIP1","phorbol-12-myristate-13-acetate-induced protein 1",5366,"18","n/a","n/a","1.77e-04","1.967"
34344,"Zwilch, kinetochore associated, homolog (Drosophila)",34344,"ZWILCH","Zwilch, kinetochore associated, homolog (Drosophila)",55055,"15","n/a","n/a","2.08e-11","1.966"
673,"zinc finger protein 36, C3H type-like 1",673,"ZFP36L1","zinc finger protein 36, C3H type-like 1",677,"14","n/a","n/a","5.90e-11","1.966"
4516,"myosin IF",4516,"MYO1F","myosin IF",4542,"19","n/a","n/a","2.04e-11","1.966"
36219,"dual specificity phosphatase 22",36219,"DUSP22","dual specificity phosphatase 22",56940,"6","n/a","n/a","1.06e-11","1.966"
3563,"interleukin 10 receptor, beta",3563,"IL10RB","interleukin 10 receptor, beta",3588,"21","n/a","n/a","1.07e-14","1.966"
1112,"choline kinase beta",1112,"CHKB","choline kinase beta",1120,"22","n/a","n/a","1.18e-08","1.965"
3435,"interferon (alpha, beta and omega) receptor 2",3435,"IFNAR2","interferon (alpha, beta and omega) receptor 2",3455,"21","n/a","n/a","1.72e-16","1.965"
79109,"aldehyde dehydrogenase 16 family, member A1",79109,"ALDH16A1","aldehyde dehydrogenase 16 family, member A1",126133,"19","n/a","n/a","8.40e-14","1.963"
8831,"sarcoglycan, epsilon",8831,"SGCE","sarcoglycan, epsilon",8910,"7","n/a","n/a","1.70e-11","1.962"
895,"cyclin G1",895,"CCNG1","cyclin G1",900,"5","n/a","n/a","9.49e-11","1.962"
1002775,"uncharacterized LOC100287628",1002775,"LOC100287628","uncharacterized LOC100287628",100287628,"16","n/a","n/a","4.25e-05","1.961"
9356,"solute carrier family 4, sodium bicarbonate cotransporter, member 7",9356,"SLC4A7","solute carrier family 4, sodium bicarbonate cotransporter, member 7",9497,"3","n/a","n/a","2.69e-08","1.961"
2608,"GATA binding protein 2",2608,"GATA2","GATA binding protein 2",2624,"3","n/a","n/a","9.37e-10","1.961"
5736,"quiescin Q6 sulfhydryl oxidase 1",5736,"QSOX1","quiescin Q6 sulfhydryl oxidase 1",5768,"1","n/a","n/a","2.32e-11","1.960"
1934,"ephrin-B1",1934,"EFNB1","ephrin-B1",1947,"X","n/a","n/a","1.58e-10","1.960"
7482,"v-yes-1 Yamaguchi sarcoma viral oncogene homolog 1",7482,"YES1","v-yes-1 Yamaguchi sarcoma viral oncogene homolog 1",7525,"18","n/a","n/a","1.66e-15","1.959"
35521,"sushi domain containing 2",35521,"SUSD2","sushi domain containing 2",56241,"22","n/a","n/a","4.18e-06","1.957"
10488,"RAD51 associated protein 1",10488,"RAD51AP1","RAD51 associated protein 1",10635,"12","n/a","n/a","1.05e-05","1.957"
55930,"coiled-coil domain containing 170",55930,"CCDC170","coiled-coil domain containing 170",80129,"6","n/a","n/a","1.42e-09","1.956"
5521,"proteoglycan 2, bone marrow (natural killer cell activator, eosinophil granule major basic protein)",5521,"PRG2","proteoglycan 2, bone marrow (natural killer cell activator, eosinophil granule major basic protein)",5553,"11","n/a","n/a","1.14e-06","1.955"
59533,"tripartite motif containing 5",59533,"TRIM5","tripartite motif containing 5",85363,"11","n/a","n/a","4.60e-12","1.954"
92067,"cytochrome P450, family 4, subfamily X, polypeptide 1",92067,"CYP4X1","cytochrome P450, family 4, subfamily X, polypeptide 1",260293,"1","n/a","n/a","2.03e-08","1.954"
58352,"family with sequence similarity 176, member A",58352,"FAM176A","family with sequence similarity 176, member A",84141,"2","n/a","n/a","1.30e-04","1.954"
59910,"chromosome 15 open reading frame 57",59910,"C15orf57","chromosome 15 open reading frame 57",90416,"15","n/a","n/a","1.31e-12","1.953"
90297,"nephronectin",90297,"NPNT","nephronectin",255743,"4","n/a","n/a","1.70e-05","1.953"
6474,"solute carrier family 1 (neutral amino acid transporter), member 5",6474,"SLC1A5","solute carrier family 1 (neutral amino acid transporter), member 5",6510,"19","n/a","n/a","7.24e-09","1.952"
94846,"tumor suppressor candidate 1",94846,"TUSC1","tumor suppressor candidate 1",286319,"9","n/a","n/a","8.17e-12","1.952"
9952,"ARP2 actin-related protein 2 homolog (yeast)",9952,"ACTR2","ARP2 actin-related protein 2 homolog (yeast)",10097,"2","n/a","n/a","1.66e-12","1.951"
22767,"serine/threonine kinase 38 like",22767,"STK38L","serine/threonine kinase 38 like",23012,"12","n/a","n/a","1.48e-09","1.950"
31206,"DnaJ (Hsp40) homolog, subfamily B, member 11",31206,"DNAJB11","DnaJ (Hsp40) homolog, subfamily B, member 11",51726,"3","n/a","n/a","2.20e-14","1.949"
10796,"protein disulfide isomerase family A, member 5",10796,"PDIA5","protein disulfide isomerase family A, member 5",10954,"3","n/a","n/a","4.15e-06","1.948"
170461,"uncharacterized LOC728190",170461,"LOC728190","uncharacterized LOC728190",728190,"10","n/a","n/a","3.07e-07","1.948"
35078,"DEP domain containing 1B",35078,"DEPDC1B","DEP domain containing 1B",55789,"5","n/a","n/a","8.73e-09","1.944"
35046,"UDP-glucose glycoprotein glucosyltransferase 2",35046,"UGGT2","UDP-glucose glycoprotein glucosyltransferase 2",55757,"13","n/a","n/a","2.62e-11","1.943"
3462,"insulin-like growth factor 2 receptor",3462,"IGF2R","insulin-like growth factor 2 receptor",3482,"6","n/a","n/a","3.49e-11","1.942"
5664,"proteasome (prosome, macropain) subunit, beta type, 8 (large multifunctional peptidase 7)",5664,"PSMB8","proteasome (prosome, macropain) subunit, beta type, 8 (large multifunctional peptidase 7)",5696,"6","n/a","n/a","7.08e-16","1.941"
55625,"Rho GTPase activating protein 28",55625,"ARHGAP28","Rho GTPase activating protein 28",79822,"18","n/a","n/a","4.17e-13","1.939"
392,"Rho GTPase activating protein 6",392,"ARHGAP6","Rho GTPase activating protein 6",395,"X","n/a","n/a","4.07e-10","1.939"
4298,"matrix metallopeptidase 15 (membrane-inserted)",4298,"MMP15","matrix metallopeptidase 15 (membrane-inserted)",4324,"16","n/a","n/a","3.63e-08","1.937"
10344,"cartilage associated protein",10344,"CRTAP","cartilage associated protein",10491,"3","n/a","n/a","5.83e-22","1.937"
7179,"transient receptor potential cation channel, subfamily C, member 3",7179,"TRPC3","transient receptor potential cation channel, subfamily C, member 3",7222,"4","n/a","n/a","1.17e-11","1.936"
167608,"uncharacterized LOC644192",167608,"LOC644192","uncharacterized LOC644192",644192,"15","n/a","n/a","1.66e-06","1.935"
59599,"doublecortin-like kinase 3",59599,"DCLK3","doublecortin-like kinase 3",85443,"3","n/a","n/a","2.99e-11","1.935"
34418,"anoctamin 10",34418,"ANO10","anoctamin 10",55129,"3","n/a","n/a","1.98e-17","1.934"
6159,"ribosomal protein S4, Y-linked 1",6159,"RPS4Y1","ribosomal protein S4, Y-linked 1",6192,"Y","n/a","n/a","1.55e-01","1.934"
3813,"karyopherin alpha 2 (RAG cohort 1, importin alpha 1)",3813,"KPNA2","karyopherin alpha 2 (RAG cohort 1, importin alpha 1)",3838,"17","n/a","n/a","9.97e-13","1.932"
9060,"budding uninhibited by benzimidazoles 3 homolog (yeast)",9060,"BUB3","budding uninhibited by benzimidazoles 3 homolog (yeast)",9184,"10","n/a","n/a","3.09e-24","1.932"
4759,"nuclear factor of kappa light polypeptide gene enhancer in B-cells 1",4759,"NFKB1","nuclear factor of kappa light polypeptide gene enhancer in B-cells 1",4790,"4","n/a","n/a","8.84e-17","1.931"
36262,"protein O-glucosyltransferase 1",36262,"POGLUT1","protein O-glucosyltransferase 1",56983,"3","n/a","n/a","1.92e-13","1.931"
34296,"family with sequence similarity 118, member A",34296,"FAM118A","family with sequence similarity 118, member A",55007,"22","n/a","n/a","3.36e-10","1.930"
1000118,"killin, p53-regulated DNA replication inhibitor",1000118,"KLLN","killin, p53-regulated DNA replication inhibitor",100144748,"10","n/a","n/a","3.74e-13","1.930"
9949,"actin related protein 2/3 complex, subunit 3, 21kDa",9949,"ARPC3","actin related protein 2/3 complex, subunit 3, 21kDa",10094,"12","n/a","n/a","9.18e-18","1.929"
3576,"interleukin 15 receptor, alpha",3576,"IL15RA","interleukin 15 receptor, alpha",3601,"10","n/a","n/a","1.78e-09","1.929"
9044,"thymosin beta 10",9044,"TMSB10","thymosin beta 10",9168,"2","n/a","n/a","3.30e-11","1.928"
6796,"surfeit 4",6796,"SURF4","surfeit 4",6836,"9","n/a","n/a","3.99e-15","1.928"
77822,"family with sequence similarity 129, member A",77822,"FAM129A","family with sequence similarity 129, member A",116496,"1","n/a","n/a","2.13e-07","1.928"
3028,"hemoglobin, delta",3028,"HBD","hemoglobin, delta",3045,"11","n/a","n/a","2.13e-02","1.928"
3118,"major histocompatibility complex, class I, H (pseudogene)",3118,"HLA-H","major histocompatibility complex, class I, H (pseudogene)",3136,"6","n/a","n/a","4.36e-06","1.928"
78,"actinin, alpha 4",78,"ACTN4","actinin, alpha 4",81,"19","n/a","n/a","9.13e-06","1.927"
80972,"G protein-coupled bile acid receptor 1",80972,"GPBAR1","G protein-coupled bile acid receptor 1",151306,"2","n/a","n/a","4.98e-06","1.927"
22556,"related RAS viral (r-ras) oncogene homolog 2",22556,"RRAS2","related RAS viral (r-ras) oncogene homolog 2",22800,"11","n/a","n/a","6.22e-13","1.926"
10257,"carboxypeptidase Q",10257,"CPQ","carboxypeptidase Q",10404,"8","n/a","n/a","5.30e-11","1.925"
7983,"nuclear receptor coactivator 4",7983,"NCOA4","nuclear receptor coactivator 4",8031,"10","n/a","n/a","1.27e-12","1.925"
41418,"family with sequence similarity 129, member B",41418,"FAM129B","family with sequence similarity 129, member B",64855,"9","n/a","n/a","2.34e-12","1.925"
134106,"uncharacterized LOC440982",134106,"FLJ30375","uncharacterized LOC440982",440982,"3","n/a","n/a","2.69e-10","1.925"
6885,"transcription factor 4",6885,"TCF4","transcription factor 4",6925,"18","n/a","n/a","2.43e-12","1.924"
40518,"mitochondrial ribosomal protein L17",40518,"MRPL17","mitochondrial ribosomal protein L17",63875,"11","n/a","n/a","3.40e-14","1.924"
59616,"tetratricopeptide repeat, ankyrin repeat and coiled-coil containing 1",59616,"TANC1","tetratricopeptide repeat, ankyrin repeat and coiled-coil containing 1",85461,"2","n/a","n/a","1.30e-11","1.923"
30512,"desumoylating isopeptidase 2",30512,"DESI2","desumoylating isopeptidase 2",51029,"1","n/a","n/a","5.58e-10","1.922"
4220,"mannosyl (alpha-1,3-)-glycoprotein beta-1,2-N-acetylglucosaminyltransferase",4220,"MGAT1","mannosyl (alpha-1,3-)-glycoprotein beta-1,2-N-acetylglucosaminyltransferase",4245,"5","n/a","n/a","1.51e-13","1.921"
55695,"minichromosome maintenance complex binding protein",55695,"MCMBP","minichromosome maintenance complex binding protein",79892,"10","n/a","n/a","3.57e-16","1.921"
5831,"ral guanine nucleotide dissociation stimulator-like 2",5831,"RGL2","ral guanine nucleotide dissociation stimulator-like 2",5863,"6","n/a","n/a","1.15e-23","1.919"
9214,"ribosomal protein L23",9214,"RPL23","ribosomal protein L23",9349,"17","n/a","n/a","1.54e-13","1.918"
655,"bone morphogenetic protein receptor, type II (serine/threonine kinase)",655,"BMPR2","bone morphogenetic protein receptor, type II (serine/threonine kinase)",659,"2","n/a","n/a","7.48e-14","1.918"
60052,"protein kinase domain containing, cytoplasmic homolog (mouse)",60052,"PKDCC","protein kinase domain containing, cytoplasmic homolog (mouse)",91461,"2","n/a","n/a","1.47e-08","1.917"
23891,"FtsJ RNA methyltransferase homolog 1 (E. coli)",23891,"FTSJ1","FtsJ RNA methyltransferase homolog 1 (E. coli)",24140,"X","n/a","n/a","1.75e-15","1.917"
56121,"Sp6 transcription factor",56121,"SP6","Sp6 transcription factor",80320,"17","n/a","n/a","5.38e-10","1.917"
6071,"retinitis pigmentosa GTPase regulator",6071,"RPGR","retinitis pigmentosa GTPase regulator",6103,"X","n/a","n/a","2.29e-11","1.917"
34028,"XIAP associated factor 1",34028,"XAF1","XIAP associated factor 1",54739,"17","n/a","n/a","2.69e-06","1.916"
81703,"Leber congenital amaurosis 5",81703,"LCA5","Leber congenital amaurosis 5",167691,"6","n/a","n/a","3.89e-10","1.916"
34152,"torsin family 4, member A",34152,"TOR4A","torsin family 4, member A",54863,"9","n/a","n/a","1.80e-13","1.915"
59149,"ubiquitin associated and SH3 domain containing B",59149,"UBASH3B","ubiquitin associated and SH3 domain containing B",84959,"11","n/a","n/a","1.29e-11","1.915"
11023,"mitogen-activated protein kinase kinase kinase kinase 5",11023,"MAP4K5","mitogen-activated protein kinase kinase kinase kinase 5",11183,"14","n/a","n/a","3.78e-09","1.914"
94453,"coiled-coil domain containing 141",94453,"CCDC141","coiled-coil domain containing 141",285025,"2","n/a","n/a","1.81e-09","1.914"
1508,"cathepsin O",1508,"CTSO","cathepsin O",1519,"4","n/a","n/a","3.11e-16","1.914"
61019,"LIM and senescent cell antigen-like domains 3",61019,"LIMS3","LIM and senescent cell antigen-like domains 3",96626,"2","n/a","n/a","1.03e-12","1.913"
35207,"regulator of chromosome condensation 2",35207,"RCC2","regulator of chromosome condensation 2",55920,"1","n/a","n/a","2.12e-16","1.913"
9233,"solute carrier family 9, subfamily A (NHE3, cation proton antiporter 3), member 3 regulator 1",9233,"SLC9A3R1","solute carrier family 9, subfamily A (NHE3, cation proton antiporter 3), member 3 regulator 1",9368,"17","n/a","n/a","3.58e-09","1.913"
81483,"diacylglycerol kinase, eta",81483,"DGKH","diacylglycerol kinase, eta",160851,"13","n/a","n/a","4.93e-09","1.912"
1388,"cysteine-rich protein 2",1388,"CRIP2","cysteine-rich protein 2",1397,"14","n/a","n/a","2.49e-05","1.912"
695,"budding uninhibited by benzimidazoles 1 homolog (yeast)",695,"BUB1","budding uninhibited by benzimidazoles 1 homolog (yeast)",699,"2","n/a","n/a","1.93e-08","1.912"
77673,"guanylate binding protein 4",77673,"GBP4","guanylate binding protein 4",115361,"1","n/a","n/a","5.81e-09","1.912"
9084,"leucine rich repeat (in FLII) interacting protein 1",9084,"LRRFIP1","leucine rich repeat (in FLII) interacting protein 1",9208,"2","n/a","n/a","3.74e-18","1.911"
167038,"defensin, beta 131",167038,"DEFB131","defensin, beta 131",644414,"4","n/a","n/a","3.78e-06","1.911"
6004,"ribonuclease, RNase A family, 2 (liver, eosinophil-derived neurotoxin)",6004,"RNASE2","ribonuclease, RNase A family, 2 (liver, eosinophil-derived neurotoxin)",6036,"14","n/a","n/a","6.62e-04","1.910"
6728,"suppression of tumorigenicity 14 (colon carcinoma)",6728,"ST14","suppression of tumorigenicity 14 (colon carcinoma)",6768,"11","n/a","n/a","2.83e-08","1.910"
9333,"chromosome 1 open reading frame 38",9333,"C1orf38","chromosome 1 open reading frame 38",9473,"1","n/a","n/a","6.34e-09","1.909"
58268,"meiotic nuclear divisions 1 homolog (S. cerevisiae)",58268,"MND1","meiotic nuclear divisions 1 homolog (S. cerevisiae)",84057,"4","n/a","n/a","5.76e-06","1.909"
9792,"CD302 molecule",9792,"CD302","CD302 molecule",9936,"2","n/a","n/a","2.09e-11","1.908"
5395,"polymerase (DNA directed), epsilon 2, accessory subunit",5395,"POLE2","polymerase (DNA directed), epsilon 2, accessory subunit",5427,"14","n/a","n/a","8.99e-07","1.908"
23176,"integrin beta 3 binding protein (beta3-endonexin)",23176,"ITGB3BP","integrin beta 3 binding protein (beta3-endonexin)",23421,"1","n/a","n/a","2.77e-11","1.908"
28734,"mitochondrial ribosomal protein L13",28734,"MRPL13","mitochondrial ribosomal protein L13",28998,"8","n/a","n/a","1.25e-09","1.908"
1997,"epithelial membrane protein 1",1997,"EMP1","epithelial membrane protein 1",2012,"12","n/a","n/a","1.58e-05","1.908"
59625,"scinderin",59625,"SCIN","scinderin",85477,"7","n/a","n/a","5.41e-04","1.908"
60072,"nexilin (F actin binding protein)",60072,"NEXN","nexilin (F actin binding protein)",91624,"1","n/a","n/a","1.44e-07","1.907"
6360,"SEC13 homolog (S. cerevisiae)",6360,"SEC13","SEC13 homolog (S. cerevisiae)",6396,"3","n/a","n/a","3.72e-13","1.906"
25554,"BMP and activin membrane-bound inhibitor homolog (Xenopus laevis)",25554,"BAMBI","BMP and activin membrane-bound inhibitor homolog (Xenopus laevis)",25805,"10","n/a","n/a","1.34e-06","1.906"
10911,"Rap guanine nucleotide exchange factor (GEF) 4",10911,"RAPGEF4","Rap guanine nucleotide exchange factor (GEF) 4",11069,"2","n/a","n/a","2.36e-06","1.906"
78824,"leucine-rich repeats and immunoglobulin-like domains 3",78824,"LRIG3","leucine-rich repeats and immunoglobulin-like domains 3",121227,"12","n/a","n/a","7.45e-09","1.906"
6177,"ribosomal protein S15a",6177,"RPS15A","ribosomal protein S15a",6210,"16","n/a","n/a","3.97e-09","1.904"
76653,"chromosome 12 open reading frame 57",76653,"C12orf57","chromosome 12 open reading frame 57",113246,"12","n/a","n/a","8.84e-09","1.904"
549,"arginine vasopressin receptor 1A",549,"AVPR1A","arginine vasopressin receptor 1A",552,"12","n/a","n/a","1.29e-09","1.903"
34621,"DNA-damage regulated autophagy modulator 1",34621,"DRAM1","DNA-damage regulated autophagy modulator 1",55332,"12","n/a","n/a","1.60e-09","1.902"
9804,"WD repeat domain 1",9804,"WDR1","WD repeat domain 1",9948,"4","n/a","n/a","3.65e-20","1.902"
58272,"magnesium transporter 1",58272,"MAGT1","magnesium transporter 1",84061,"X","n/a","n/a","3.35e-19","1.902"
134029,"two pore channel 3 pseudogene",134029,"LOC440895","two pore channel 3 pseudogene",440895,"2","n/a","n/a","9.49e-06","1.902"
55595,"gasdermin D",55595,"GSDMD","gasdermin D",79792,"8","n/a","n/a","2.12e-09","1.902"
33442,"chromosome 21 open reading frame 91",33442,"C21orf91","chromosome 21 open reading frame 91",54149,"21","n/a","n/a","6.65e-10","1.902"
671,"breast cancer 2, early onset",671,"BRCA2","breast cancer 2, early onset",675,"13","n/a","n/a","1.56e-07","1.902"
23226,"translocation associated membrane protein 1",23226,"TRAM1","translocation associated membrane protein 1",23471,"8","n/a","n/a","4.11e-15","1.901"
157121837,"uncharacterized LOC100506157",157121837,"LOC100506157","uncharacterized LOC100506157",100506157,"14","n/a","n/a","7.68e-08","1.900"
3090,"major histocompatibility complex, class II, DM alpha",3090,"HLA-DMA","major histocompatibility complex, class II, DM alpha",3108,"6","n/a","n/a","5.81e-05","1.899"
6954,"thymine-DNA glycosylase",6954,"TDG","thymine-DNA glycosylase",6996,"12","n/a","n/a","2.41e-17","1.899"
125307,"chromosome 20 open reading frame 202",125307,"C20orf202","chromosome 20 open reading frame 202",400831,"20","n/a","n/a","4.83e-06","1.897"
35486,"leiomodin 3 (fetal)",35486,"LMOD3","leiomodin 3 (fetal)",56203,"3","n/a","n/a","1.95e-09","1.896"
41439,"RAN binding protein 17",41439,"RANBP17","RAN binding protein 17",64901,"5","n/a","n/a","1.07e-06","1.896"
23126,"tensin like C1 domain containing phosphatase (tensin 2)",23126,"TENC1","tensin like C1 domain containing phosphatase (tensin 2)",23371,"12","n/a","n/a","5.28e-09","1.896"
6226,"receptor-like tyrosine kinase",6226,"RYK","receptor-like tyrosine kinase",6259,"3","n/a","n/a","6.19e-16","1.895"
7114,"tumor protein p53",7114,"TP53","tumor protein p53",7157,"17","n/a","n/a","1.17e-11","1.895"
837,"caspase 8, apoptosis-related cysteine peptidase",837,"CASP8","caspase 8, apoptosis-related cysteine peptidase",841,"2","n/a","n/a","9.98e-13","1.894"
10337,"Sec23 homolog A (S. cerevisiae)",10337,"SEC23A","Sec23 homolog A (S. cerevisiae)",10484,"14","n/a","n/a","2.51e-11","1.894"
22681,"phospholipase A2 receptor 1, 180kDa",22681,"PLA2R1","phospholipase A2 receptor 1, 180kDa",22925,"2","n/a","n/a","2.16e-11","1.892"
2982,"granzyme H (cathepsin G-like 2, protein h-CCPX)",2982,"GZMH","granzyme H (cathepsin G-like 2, protein h-CCPX)",2999,"14","n/a","n/a","1.01e-05","1.892"
1002489,"family with sequence similarity 27, member A",1002489,"FAM27A","family with sequence similarity 27, member A",548321,"9","n/a","n/a","6.34e-05","1.892"
1154,"CDC28 protein kinase regulatory subunit 1B",1154,"CKS1B","CDC28 protein kinase regulatory subunit 1B",1163,"1","n/a","n/a","6.05e-08","1.891"
1000447,"uncharacterized LOC100240735",1000447,"LOC100240735","uncharacterized LOC100240735",100240735,"12","n/a","n/a","1.29e-05","1.889"
1000043,"chromosome 10 open reading frame 131",1000043,"C10orf131","chromosome 10 open reading frame 131",100127889,"10","n/a","n/a","1.64e-06","1.889"
54859,"centromere protein M",54859,"CENPM","centromere protein M",79019,"22","n/a","n/a","1.75e-05","1.888"
6220,"reticulon 2",6220,"RTN2","reticulon 2",6253,"19","n/a","n/a","7.88e-10","1.887"
23457,"potassium voltage-gated channel, Isk-related family, member 4",23457,"KCNE4","potassium voltage-gated channel, Isk-related family, member 4",23704,"2","n/a","n/a","9.06e-07","1.886"
9088,"aurora kinase B",9088,"AURKB","aurora kinase B",9212,"17","n/a","n/a","1.52e-05","1.886"
7759,"lysosomal protein transmembrane 5",7759,"LAPTM5","lysosomal protein transmembrane 5",7805,"1","n/a","n/a","3.51e-08","1.886"
6876,"thromboxane A synthase 1 (platelet)",6876,"TBXAS1","thromboxane A synthase 1 (platelet)",6916,"7","n/a","n/a","6.22e-08","1.885"
7634,"zinc finger protein 124",7634,"ZNF124","zinc finger protein 124",7678,"1","n/a","n/a","2.66e-06","1.885"
27095,"apolipoprotein B mRNA editing enzyme, catalytic polypeptide-like 3C",27095,"APOBEC3C","apolipoprotein B mRNA editing enzyme, catalytic polypeptide-like 3C",27350,"22","n/a","n/a","9.15e-06","1.884"
85501,"sterile alpha motif domain containing 9-like",85501,"SAMD9L","sterile alpha motif domain containing 9-like",219285,"7","n/a","n/a","3.87e-07","1.884"
8260,"cell division cycle 45 homolog (S. cerevisiae)",8260,"CDC45","cell division cycle 45 homolog (S. cerevisiae)",8318,"22","n/a","n/a","1.73e-08","1.884"
30496,"exosome component 1",30496,"EXOSC1","exosome component 1",51013,"10","n/a","n/a","9.02e-11","1.883"
79938,"apolipoprotein B mRNA editing enzyme, catalytic polypeptide-like 3D",79938,"APOBEC3D","apolipoprotein B mRNA editing enzyme, catalytic polypeptide-like 3D",140564,"22","n/a","n/a","7.88e-10","1.883"
7275,"ubiquitin-like modifier activating enzyme 7",7275,"UBA7","ubiquitin-like modifier activating enzyme 7",7318,"3","n/a","n/a","1.24e-09","1.882"
83386,"AhpC/TSA antioxidant enzyme domain containing 1",83386,"AAED1","AhpC/TSA antioxidant enzyme domain containing 1",195827,"9","n/a","n/a","2.57e-09","1.881"
9817,"major vault protein",9817,"MVP","major vault protein",9961,"16","n/a","n/a","6.86e-08","1.880"
3377,"inhibitor of DNA binding 1, dominant negative helix-loop-helix protein",3377,"ID1","inhibitor of DNA binding 1, dominant negative helix-loop-helix protein",3397,"20","n/a","n/a","1.69e-04","1.879"
6316,"chemokine (C-C motif) ligand 4",6316,"CCL4","chemokine (C-C motif) ligand 4",6351,"17","n/a","n/a","1.53e-03","1.879"
41012,"ArfGAP with RhoGAP domain, ankyrin repeat and PH domain 3",41012,"ARAP3","ArfGAP with RhoGAP domain, ankyrin repeat and PH domain 3",64411,"5","n/a","n/a","1.97e-12","1.877"
4589,"myeloid differentiation primary response gene (88)",4589,"MYD88","myeloid differentiation primary response gene (88)",4615,"3","n/a","n/a","8.87e-11","1.876"
58416,"mex-3 homolog B (C. elegans)",58416,"MEX3B","mex-3 homolog B (C. elegans)",84206,"15","n/a","n/a","2.80e-11","1.876"
30808,"alpha hemoglobin stabilizing protein",30808,"AHSP","alpha hemoglobin stabilizing protein",51327,"16","n/a","n/a","2.95e-02","1.875"
5856,"RAD51 homolog (S. cerevisiae)",5856,"RAD51","RAD51 homolog (S. cerevisiae)",5888,"15","n/a","n/a","2.36e-09","1.873"
6206,"ras responsive element binding protein 1",6206,"RREB1","ras responsive element binding protein 1",6239,"6","n/a","n/a","1.04e-11","1.873"
5750,"protein tyrosine phosphatase, non-receptor type 12",5750,"PTPN12","protein tyrosine phosphatase, non-receptor type 12",5782,"7","n/a","n/a","4.42e-15","1.872"
93980,"long intergenic non-protein coding RNA 346",93980,"LINC00346","long intergenic non-protein coding RNA 346",283487,"13","n/a","n/a","1.31e-13","1.871"
34794,"NOP10 ribonucleoprotein homolog (yeast)",34794,"NOP10","NOP10 ribonucleoprotein homolog (yeast)",55505,"15","n/a","n/a","1.27e-10","1.871"
23161,"coactosin-like 1 (Dictyostelium)",23161,"COTL1","coactosin-like 1 (Dictyostelium)",23406,"16","n/a","n/a","7.87e-13","1.871"
350,"adenine phosphoribosyltransferase",350,"APRT","adenine phosphoribosyltransferase",353,"16","n/a","n/a","3.06e-09","1.871"
58721,"chromosome 14 open reading frame 142",58721,"C14orf142","chromosome 14 open reading frame 142",84520,"14","n/a","n/a","1.31e-10","1.870"
77602,"oxysterol binding protein-like 10",77602,"OSBPL10","oxysterol binding protein-like 10",114884,"3","n/a","n/a","5.43e-10","1.868"
134611,"family with sequence similarity 127, member C",134611,"FAM127C","family with sequence similarity 127, member C",441518,"X","n/a","n/a","1.64e-13","1.868"
138,"ADP-ribosylarginine hydrolase",138,"ADPRH","ADP-ribosylarginine hydrolase",141,"3","n/a","n/a","2.44e-08","1.867"
83657,"chromosome 4 open reading frame 46",83657,"C4orf46","chromosome 4 open reading frame 46",201725,"4","n/a","n/a","1.08e-11","1.867"
157124003,"uncharacterized LOC100509105",157124003,"LOC100509105","uncharacterized LOC100509105",100509105,"7","n/a","n/a","2.22e-02","1.867"
157126297,"uncharacterized LOC100653003",157126297,"LOC100653003","uncharacterized LOC100653003",100653003,"10","n/a","n/a","8.65e-11","1.866"
1145,"cytokine inducible SH2-containing protein",1145,"CISH","cytokine inducible SH2-containing protein",1154,"3","n/a","n/a","8.21e-09","1.865"
83617,"Rho GTPase activating protein 27",83617,"ARHGAP27","Rho GTPase activating protein 27",201176,"17","n/a","n/a","1.05e-11","1.865"
9497,"inhibitor of kappa light polypeptide gene enhancer in B-cells, kinase epsilon",9497,"IKBKE","inhibitor of kappa light polypeptide gene enhancer in B-cells, kinase epsilon",9641,"1","n/a","n/a","4.85e-09","1.865"
78914,"leucine rich repeat protein 1",78914,"LRR1","leucine rich repeat protein 1",122769,"14","n/a","n/a","7.62e-07","1.865"
9288,"potassium channel, subfamily K, member 6",9288,"KCNK6","potassium channel, subfamily K, member 6",9424,"19","n/a","n/a","4.60e-08","1.864"
150816,"chromosome X open reading frame 69",150816,"CXorf69","chromosome X open reading frame 69",644538,"X","n/a","n/a","1.59e-10","1.863"
8635,"UDP-Gal:betaGlcNAc beta 1,3-galactosyltransferase, polypeptide 4",8635,"B3GALT4","UDP-Gal:betaGlcNAc beta 1,3-galactosyltransferase, polypeptide 4",8705,"6","n/a","n/a","2.36e-13","1.861"
2713,"glutamate-cysteine ligase, modifier subunit",2713,"GCLM","glutamate-cysteine ligase, modifier subunit",2730,"1","n/a","n/a","8.40e-11","1.861"
41626,"MARCKS-like 1",41626,"MARCKSL1","MARCKS-like 1",65108,"1","n/a","n/a","1.96e-07","1.860"
8575,"aldo-keto reductase family 1, member C3 (3-alpha hydroxysteroid dehydrogenase, type II)",8575,"AKR1C3","aldo-keto reductase family 1, member C3 (3-alpha hydroxysteroid dehydrogenase, type II)",8644,"10","n/a","n/a","6.37e-05","1.860"
34432,"cell division cycle associated 8",34432,"CDCA8","cell division cycle associated 8",55143,"1","n/a","n/a","3.49e-07","1.859"
41233,"cysteine-serine-rich nuclear protein 1",41233,"CSRNP1","cysteine-serine-rich nuclear protein 1",64651,"3","n/a","n/a","6.65e-10","1.859"
82204,"protein phosphatase 1, regulatory subunit 18",82204,"PPP1R18","protein phosphatase 1, regulatory subunit 18",170954,"6","n/a","n/a","3.75e-09","1.858"
3091,"major histocompatibility complex, class II, DM beta",3091,"HLA-DMB","major histocompatibility complex, class II, DM beta",3109,"6","n/a","n/a","1.32e-03","1.858"
34202,"ribonuclease P/MRP 25kDa subunit",34202,"RPP25","ribonuclease P/MRP 25kDa subunit",54913,"15","n/a","n/a","3.35e-11","1.857"
170674,"quinone oxidoreductase-like protein 2 pseudogene",170674,"LOC730102","quinone oxidoreductase-like protein 2 pseudogene",730102,"1","n/a","n/a","6.16e-08","1.857"
79276,"chromosome 1 open reading frame 162",79276,"C1orf162","chromosome 1 open reading frame 162",128346,"1","n/a","n/a","1.54e-04","1.856"
4620,"myosin VI",4620,"MYO6","myosin VI",4646,"6","n/a","n/a","1.16e-13","1.856"
59100,"transmembrane protein 87B",59100,"TMEM87B","transmembrane protein 87B",84910,"2","n/a","n/a","5.92e-09","1.856"
81005,"shugoshin-like 1 (S. pombe)",81005,"SGOL1","shugoshin-like 1 (S. pombe)",151648,"3","n/a","n/a","3.79e-05","1.855"
30664,"heat shock 70kDa protein 14",30664,"HSPA14","heat shock 70kDa protein 14",51182,"10","n/a","n/a","1.67e-12","1.855"
57705,"cell division cycle associated 3",57705,"CDCA3","cell division cycle associated 3",83461,"12","n/a","n/a","1.22e-05","1.855"
40800,"endoplasmic reticulum aminopeptidase 2",40800,"ERAP2","endoplasmic reticulum aminopeptidase 2",64167,"5","n/a","n/a","5.72e-03","1.854"
5840,"RAB13, member RAS oncogene family",5840,"RAB13","RAB13, member RAS oncogene family",5872,"1","n/a","n/a","1.83e-09","1.854"
157122993,"uncharacterized LOC100507054",157122993,"LOC100507054","uncharacterized LOC100507054",100507054,"4","n/a","n/a","7.02e-07","1.854"
7720,"zinc finger protein 217",7720,"ZNF217","zinc finger protein 217",7764,"20","n/a","n/a","8.13e-13","1.853"
56505,"thrombospondin, type I, domain containing 7B",56505,"THSD7B","thrombospondin, type I, domain containing 7B",80731,"2","n/a","n/a","5.17e-08","1.853"
33698,"solute carrier family 38, member 2",33698,"SLC38A2","solute carrier family 38, member 2",54407,"12","n/a","n/a","1.33e-10","1.853"
23099,"extended synaptotagmin-like protein 1",23099,"ESYT1","extended synaptotagmin-like protein 1",23344,"12","n/a","n/a","9.50e-16","1.852"
8935,"protein regulator of cytokinesis 1",8935,"PRC1","protein regulator of cytokinesis 1",9055,"15","n/a","n/a","1.94e-08","1.850"
30547,"ribosomal protein S27-like",30547,"RPS27L","ribosomal protein S27-like",51065,"15","n/a","n/a","1.18e-09","1.849"
157121059,"uncharacterized LOC100505549",157121059,"LOC100505549","uncharacterized LOC100505549",100505549,"18","n/a","n/a","4.98e-09","1.849"
6250,"S100 calcium binding protein A12",6250,"S100A12","S100 calcium binding protein A12",6283,"1","n/a","n/a","1.55e-04","1.849"
9186,"thyroid hormone receptor interactor 12",9186,"TRIP12","thyroid hormone receptor interactor 12",9320,"2","n/a","n/a","4.65e-11","1.848"
8984,"myotubularin related protein 6",8984,"MTMR6","myotubularin related protein 6",9107,"13","n/a","n/a","4.26e-12","1.848"
8853,"methyl-CpG binding domain protein 2",8853,"MBD2","methyl-CpG binding domain protein 2",8932,"18","n/a","n/a","6.11e-13","1.848"
6446,"ST3 beta-galactoside alpha-2,3-sialyltransferase 1",6446,"ST3GAL1","ST3 beta-galactoside alpha-2,3-sialyltransferase 1",6482,"8","n/a","n/a","3.21e-10","1.847"
22989,"DnaJ (Hsp40) homolog, subfamily C, member 9",22989,"DNAJC9","DnaJ (Hsp40) homolog, subfamily C, member 9",23234,"10","n/a","n/a","5.77e-12","1.847"
8359,"cytidine monophospho-N-acetylneuraminic acid hydroxylase, pseudogene",8359,"CMAHP","cytidine monophospho-N-acetylneuraminic acid hydroxylase, pseudogene",8418,"6","n/a","n/a","1.06e-05","1.847"
6753,"serine/threonine kinase 10",6753,"STK10","serine/threonine kinase 10",6793,"5","n/a","n/a","5.62e-18","1.847"
79567,"proline-rich coiled-coil 1",79567,"PRRC1","proline-rich coiled-coil 1",133619,"5","n/a","n/a","3.00e-16","1.847"
36731,"transmembrane and coiled-coil domain family 3",36731,"TMCC3","transmembrane and coiled-coil domain family 3",57458,"12","n/a","n/a","5.29e-11","1.846"
55427,"chromosome 6 open reading frame 211",55427,"C6orf211","chromosome 6 open reading frame 211",79624,"6","n/a","n/a","4.91e-09","1.846"
9134,"serine/threonine kinase 17b",9134,"STK17B","serine/threonine kinase 17b",9262,"2","n/a","n/a","3.03e-08","1.846"
36679,"SPC25, NDC80 kinetochore complex component, homolog (S. cerevisiae)",36679,"SPC25","SPC25, NDC80 kinetochore complex component, homolog (S. cerevisiae)",57405,"2","n/a","n/a","4.94e-10","1.846"
10431,"granulysin",10431,"GNLY","granulysin",10578,"2","n/a","n/a","7.69e-04","1.845"
41362,"defects in morphology 1 homolog (S. cerevisiae)",41362,"DEM1","defects in morphology 1 homolog (S. cerevisiae)",64789,"1","n/a","n/a","3.88e-08","1.844"
5652,"proteasome (prosome, macropain) subunit, alpha type, 3",5652,"PSMA3","proteasome (prosome, macropain) subunit, alpha type, 3",5684,"14","n/a","n/a","1.14e-10","1.844"
8999,"solute carrier family 16, member 4 (monocarboxylic acid transporter 5)",8999,"SLC16A4","solute carrier family 16, member 4 (monocarboxylic acid transporter 5)",9122,"1","n/a","n/a","1.71e-10","1.843"
84,"actinin, alpha 1",84,"ACTN1","actinin, alpha 1",87,"14","n/a","n/a","1.58e-08","1.843"
4634,"protein phosphatase 1, regulatory subunit 12B",4634,"PPP1R12B","protein phosphatase 1, regulatory subunit 12B",4660,"1","n/a","n/a","4.25e-13","1.843"
55565,"chromosome 1 open reading frame 115",55565,"C1orf115","chromosome 1 open reading frame 115",79762,"1","n/a","n/a","5.42e-04","1.842"
11026,"Ras association (RalGDS/AF-6) domain family member 1",11026,"RASSF1","Ras association (RalGDS/AF-6) domain family member 1",11186,"3","n/a","n/a","1.37e-08","1.841"
4066,"SMAD family member 6",4066,"SMAD6","SMAD family member 6",4091,"15","n/a","n/a","2.81e-06","1.841"
80923,"glycerol-3-phosphate acyltransferase 2, mitochondrial",80923,"GPAT2","glycerol-3-phosphate acyltransferase 2, mitochondrial",150763,"2","n/a","n/a","1.27e-06","1.840"
94829,"chromosome 9 open reading frame 47",94829,"C9orf47","chromosome 9 open reading frame 47",286223,"9","n/a","n/a","3.50e-07","1.840"
132,"adenosine A2a receptor",132,"ADORA2A","adenosine A2a receptor",135,"22","n/a","n/a","1.36e-07","1.840"
1340,"cytochrome c oxidase subunit VIIb",1340,"COX7B","cytochrome c oxidase subunit VIIb",1349,"X","n/a","n/a","1.03e-08","1.839"
122758,"transmembrane protein 233",122758,"TMEM233","transmembrane protein 233",387890,"12","n/a","n/a","1.93e-05","1.837"
26776,"nephronophthisis 3 (adolescent)",26776,"NPHP3","nephronophthisis 3 (adolescent)",27031,"3","n/a","n/a","2.15e-15","1.836"
7276,"ubiquitin-conjugating enzyme E2A",7276,"UBE2A","ubiquitin-conjugating enzyme E2A",7319,"X","n/a","n/a","4.94e-16","1.836"
37097,"RAP2C, member of RAS oncogene family",37097,"RAP2C","RAP2C, member of RAS oncogene family",57826,"X","n/a","n/a","4.05e-08","1.836"
5447,"peptidylprolyl isomerase B (cyclophilin B)",5447,"PPIB","peptidylprolyl isomerase B (cyclophilin B)",5479,"15","n/a","n/a","2.37e-08","1.836"
77624,"transmembrane protein 123",77624,"TMEM123","transmembrane protein 123",114908,"11","n/a","n/a","6.20e-13","1.836"
2167,"acyl-CoA synthetase long-chain family member 4",2167,"ACSL4","acyl-CoA synthetase long-chain family member 4",2182,"X","n/a","n/a","6.61e-12","1.835"
59120,"microtubule associated serine/threonine kinase-like",59120,"MASTL","microtubule associated serine/threonine kinase-like",84930,"10","n/a","n/a","9.56e-12","1.835"
157122709,"uncharacterized LOC100506827",157122709,"LOC100506827","uncharacterized LOC100506827",100506827,"4","n/a","n/a","9.61e-06","1.834"
6323,"chemokine (C-C motif) ligand 14",6323,"CCL14","chemokine (C-C motif) ligand 14",6358,"17","n/a","n/a","2.94e-04","1.834"
90138,"zinc finger, DHHC-type containing 20",90138,"ZDHHC20","zinc finger, DHHC-type containing 20",253832,"13","n/a","n/a","5.59e-14","1.833"
5050,"phosducin-like",5050,"PDCL","phosducin-like",5082,"9","n/a","n/a","1.95e-15","1.833"
58983,"long intergenic non-protein coding RNA 467",58983,"LINC00467","long intergenic non-protein coding RNA 467",84791,"1","n/a","n/a","1.42e-07","1.833"
34453,"SHQ1 homolog (S. cerevisiae)",34453,"SHQ1","SHQ1 homolog (S. cerevisiae)",55164,"3","n/a","n/a","2.58e-12","1.831"
125113,"family with sequence similarity 174, member B",125113,"FAM174B","family with sequence similarity 174, member B",400451,"15","n/a","n/a","1.95e-08","1.831"
77525,"transmembrane protein 200A",77525,"TMEM200A","transmembrane protein 200A",114801,"6","n/a","n/a","1.51e-07","1.831"
30492,"derlin 2",30492,"DERL2","derlin 2",51009,"17","n/a","n/a","8.29e-09","1.830"
8040,"high mobility group AT-hook 2",8040,"HMGA2","high mobility group AT-hook 2",8091,"12","n/a","n/a","1.66e-06","1.829"
6361,"SEC14-like 1 (S. cerevisiae)",6361,"SEC14L1","SEC14-like 1 (S. cerevisiae)",6397,"17","n/a","n/a","2.33e-12","1.829"
57473,"ADAM metallopeptidase with thrombospondin type 1 motif, 12",57473,"ADAMTS12","ADAM metallopeptidase with thrombospondin type 1 motif, 12",81792,"5","n/a","n/a","2.34e-07","1.829"
55758,"endoplasmic reticulum metallopeptidase 1",55758,"ERMP1","endoplasmic reticulum metallopeptidase 1",79956,"9","n/a","n/a","1.03e-06","1.829"
6168,"ribosomal protein S7",6168,"RPS7","ribosomal protein S7",6201,"2","n/a","n/a","2.11e-11","1.828"
6619,"SRY (sex determining region Y)-box 4",6619,"SOX4","SRY (sex determining region Y)-box 4",6659,"6","n/a","n/a","1.23e-06","1.827"
990,"cell division cycle 25 homolog C (S. pombe)",990,"CDC25C","cell division cycle 25 homolog C (S. pombe)",995,"5","n/a","n/a","3.60e-06","1.827"
166443,"uncharacterized LOC642477",166443,"FLJ39632","uncharacterized LOC642477",642477,"14","n/a","n/a","3.10e-09","1.827"
1511,"cathepsin Z",1511,"CTSZ","cathepsin Z",1522,"20","n/a","n/a","2.56e-08","1.825"
25688,"SAM domain and HD domain 1",25688,"SAMHD1","SAM domain and HD domain 1",25939,"20","n/a","n/a","1.48e-12","1.825"
6166,"ribosomal protein S6 kinase, 70kDa, polypeptide 2",6166,"RPS6KB2","ribosomal protein S6 kinase, 70kDa, polypeptide 2",6199,"11","n/a","n/a","8.84e-06","1.825"
8691,"tumor necrosis factor receptor superfamily, member 14",8691,"TNFRSF14","tumor necrosis factor receptor superfamily, member 14",8764,"1","n/a","n/a","3.14e-11","1.825"
35259,"solute carrier family 50 (sugar transporter), member 1",35259,"SLC50A1","solute carrier family 50 (sugar transporter), member 1",55974,"1","n/a","n/a","3.91e-11","1.824"
34022,"solute carrier family 35, member F2",34022,"SLC35F2","solute carrier family 35, member F2",54733,"11","n/a","n/a","1.08e-05","1.823"
5972,"regulator of G-protein signaling 16",5972,"RGS16","regulator of G-protein signaling 16",6004,"1","n/a","n/a","9.40e-05","1.823"
80987,"solute carrier family 16, member 14 (monocarboxylic acid transporter 14)",80987,"SLC16A14","solute carrier family 16, member 14 (monocarboxylic acid transporter 14)",151473,"2","n/a","n/a","2.84e-08","1.822"
9845,"protein phosphatase 4, regulatory subunit 1",9845,"PPP4R1","protein phosphatase 4, regulatory subunit 1",9989,"18","n/a","n/a","1.03e-13","1.820"
78830,"zinc finger protein 641",78830,"ZNF641","zinc finger protein 641",121274,"12","n/a","n/a","3.51e-13","1.820"
7985,"solute carrier family 25 (mitochondrial carrier; Graves disease autoantigen), member 16",7985,"SLC25A16","solute carrier family 25 (mitochondrial carrier; Graves disease autoantigen), member 16",8034,"10","n/a","n/a","1.39e-10","1.820"
10907,"ubiquitin-conjugating enzyme E2C",10907,"UBE2C","ubiquitin-conjugating enzyme E2C",11065,"20","n/a","n/a","1.28e-03","1.820"
5382,"septin 4",5382,"SEPT4","septin 4",5414,"17","n/a","n/a","1.70e-03","1.819"
58105,"RAB34, member RAS oncogene family",58105,"RAB34","RAB34, member RAS oncogene family",83871,"17","n/a","n/a","1.62e-07","1.819"
157123225,"uncharacterized LOC100507239",157123225,"LOC100507239","uncharacterized LOC100507239",100507239,"3","n/a","n/a","5.62e-07","1.818"
36381,"chromosome 12 open reading frame 5",36381,"C12orf5","chromosome 12 open reading frame 5",57103,"12","n/a","n/a","9.87e-11","1.818"
26935,"interleukin 17B",26935,"IL17B","interleukin 17B",27190,"5","n/a","n/a","6.53e-06","1.818"
10584,"retinoic acid induced 2",10584,"RAI2","retinoic acid induced 2",10742,"X","n/a","n/a","2.02e-06","1.817"
81936,"COMM domain containing 6",81936,"COMMD6","COMM domain containing 6",170622,"13","n/a","n/a","7.54e-07","1.817"
1990,"ELK4, ETS-domain protein (SRF accessory protein 1)",1990,"ELK4","ELK4, ETS-domain protein (SRF accessory protein 1)",2005,"1","n/a","n/a","1.50e-12","1.817"
5098,"phosphate cytidylyltransferase 1, choline, alpha",5098,"PCYT1A","phosphate cytidylyltransferase 1, choline, alpha",5130,"3","n/a","n/a","1.01e-10","1.816"
5261,"phosphoinositide-3-kinase, catalytic, delta polypeptide",5261,"PIK3CD","phosphoinositide-3-kinase, catalytic, delta polypeptide",5293,"1","n/a","n/a","1.42e-09","1.816"
41354,"ceramide kinase",41354,"CERK","ceramide kinase",64781,"22","n/a","n/a","6.21e-16","1.814"
34322,"FK506 binding protein 14, 22 kDa",34322,"FKBP14","FK506 binding protein 14, 22 kDa",55033,"7","n/a","n/a","1.44e-08","1.812"
119531,"coiled-coil domain containing 23",119531,"CCDC23","coiled-coil domain containing 23",374969,"1","n/a","n/a","3.98e-19","1.811"
7369,"vascular cell adhesion molecule 1",7369,"VCAM1","vascular cell adhesion molecule 1",7412,"1","n/a","n/a","5.13e-04","1.811"
40779,"peptide deformylase (mitochondrial)",40779,"PDF","peptide deformylase (mitochondrial)",64146,"16","n/a","n/a","1.85e-06","1.811"
1020387,"LIM and senescent cell antigen-like domains 3-like",1020387,"LIMS3L","LIM and senescent cell antigen-like domains 3-like",100288695,"2","n/a","n/a","3.88e-09","1.811"
710,"complement component 1, q subcomponent, C chain",710,"C1QC","complement component 1, q subcomponent, C chain",714,"1","n/a","n/a","3.54e-05","1.811"
23888,"kinesin family member 4A",23888,"KIF4A","kinesin family member 4A",24137,"X","n/a","n/a","6.17e-07","1.811"
9327,"SH3-domain binding protein 5 (BTK-associated)",9327,"SH3BP5","SH3-domain binding protein 5 (BTK-associated)",9467,"3","n/a","n/a","1.35e-10","1.810"
55424,"ribonuclease H2, subunit B",55424,"RNASEH2B","ribonuclease H2, subunit B",79621,"13","n/a","n/a","1.14e-08","1.810"
23233,"SEC11 homolog A (S. cerevisiae)",23233,"SEC11A","SEC11 homolog A (S. cerevisiae)",23478,"15","n/a","n/a","1.11e-09","1.809"
10734,"mucosa associated lymphoid tissue lymphoma translocation gene 1",10734,"MALT1","mucosa associated lymphoid tissue lymphoma translocation gene 1",10892,"18","n/a","n/a","2.53e-10","1.809"
182483,"amphiregulin B",182483,"AREGB","amphiregulin B",727738,"4","n/a","n/a","1.69e-03","1.809"
36407,"mitochondrial ribosomal protein L47",36407,"MRPL47","mitochondrial ribosomal protein L47",57129,"3","n/a","n/a","5.36e-07","1.809"
6019,"arginyl aminopeptidase (aminopeptidase B)",6019,"RNPEP","arginyl aminopeptidase (aminopeptidase B)",6051,"1","n/a","n/a","1.07e-11","1.809"
7752,"leucine zipper protein 1",7752,"LUZP1","leucine zipper protein 1",7798,"1","n/a","n/a","5.39e-13","1.808"
25551,"leiomodin 1 (smooth muscle)",25551,"LMOD1","leiomodin 1 (smooth muscle)",25802,"1","n/a","n/a","4.87e-06","1.808"
60057,"ankyrin repeat domain 44",60057,"ANKRD44","ankyrin repeat domain 44",91526,"2","n/a","n/a","1.20e-11","1.808"
169620,"uncharacterized LOC729732",169620,"LOC729732","uncharacterized LOC729732",729732,"8","n/a","n/a","1.09e-07","1.808"
23339,"transmembrane protein 50A",23339,"TMEM50A","transmembrane protein 50A",23585,"1","n/a","n/a","8.56e-27","1.807"
4008,"lymphoid-restricted membrane protein",4008,"LRMP","lymphoid-restricted membrane protein",4033,"12","n/a","n/a","7.30e-09","1.807"
79624,"nuclear receptor coactivator 7",79624,"NCOA7","nuclear receptor coactivator 7",135112,"6","n/a","n/a","1.10e-08","1.807"
26995,"programmed cell death 4 (neoplastic transformation inhibitor)",26995,"PDCD4","programmed cell death 4 (neoplastic transformation inhibitor)",27250,"10","n/a","n/a","2.36e-10","1.807"
4184,"myocyte enhancer factor 2D",4184,"MEF2D","myocyte enhancer factor 2D",4209,"1","n/a","n/a","3.70e-12","1.805"
38112,"FK506 binding protein 10, 65 kDa",38112,"FKBP10","FK506 binding protein 10, 65 kDa",60681,"17","n/a","n/a","1.03e-06","1.804"
3668,"integrin, beta 5",3668,"ITGB5","integrin, beta 5",3693,"3","n/a","n/a","3.77e-07","1.804"
31109,"solute carrier family 25, member 39",31109,"SLC25A39","solute carrier family 25, member 39",51629,"17","n/a","n/a","1.22e-07","1.804"
34,"acyl-CoA dehydrogenase, very long chain",34,"ACADVL","acyl-CoA dehydrogenase, very long chain",37,"17","n/a","n/a","3.03e-12","1.803"
157121971,"uncharacterized LOC100506253",157121971,"LOC100506253","uncharacterized LOC100506253",100506253,"4","n/a","n/a","9.57e-06","1.803"
30332,"F11 receptor",30332,"F11R","F11 receptor",50848,"1","n/a","n/a","2.16e-11","1.802"
2301,"filamin B, beta",2301,"FLNB","filamin B, beta",2317,"3","n/a","n/a","3.88e-15","1.802"
6365,"selectin E",6365,"SELE","selectin E",6401,"1","n/a","n/a","6.62e-05","1.802"
22951,"family with sequence similarity 120A",22951,"FAM120A","family with sequence similarity 120A",23196,"9","n/a","n/a","6.98e-10","1.802"
31139,"GINS complex subunit 2 (Psf2 homolog)",31139,"GINS2","GINS complex subunit 2 (Psf2 homolog)",51659,"16","n/a","n/a","1.65e-06","1.801"
23255,"dishevelled associated activator of morphogenesis 2",23255,"DAAM2","dishevelled associated activator of morphogenesis 2",23500,"6","n/a","n/a","2.19e-08","1.800"
4815,"nitric oxide synthase 3 (endothelial cell)",4815,"NOS3","nitric oxide synthase 3 (endothelial cell)",4846,"7","n/a","n/a","2.51e-08","1.799"
11164,"serine/threonine kinase 38",11164,"STK38","serine/threonine kinase 38",11329,"6","n/a","n/a","7.20e-12","1.798"
59923,"chromosome 12 open reading frame 23",59923,"C12orf23","chromosome 12 open reading frame 23",90488,"12","n/a","n/a","4.18e-08","1.798"
80037,"zinc finger and BTB domain containing 46",80037,"ZBTB46","zinc finger and BTB domain containing 46",140685,"20","n/a","n/a","8.68e-13","1.798"
3337,"5-hydroxytryptamine (serotonin) receptor 2B, G protein-coupled",3337,"HTR2B","5-hydroxytryptamine (serotonin) receptor 2B, G protein-coupled",3357,"2","n/a","n/a","2.00e-07","1.797"
59876,"carcinoembryonic antigen-related cell adhesion molecule 21",59876,"CEACAM21","carcinoembryonic antigen-related cell adhesion molecule 21",90273,"19","n/a","n/a","1.20e-04","1.797"
55419,"cyclin J-like",55419,"CCNJL","cyclin J-like",79616,"5","n/a","n/a","7.95e-12","1.797"
5487,"protein phosphatase 2, regulatory subunit A, beta",5487,"PPP2R1B","protein phosphatase 2, regulatory subunit A, beta",5519,"11","n/a","n/a","3.10e-12","1.796"
907,"CD1d molecule",907,"CD1D","CD1d molecule",912,"1","n/a","n/a","1.43e-05","1.796"
40604,"claspin",40604,"CLSPN","claspin",63967,"1","n/a","n/a","8.73e-09","1.796"
6205,"ribosome binding protein 1 homolog 180kDa (dog)",6205,"RRBP1","ribosome binding protein 1 homolog 180kDa (dog)",6238,"20","n/a","n/a","8.26e-06","1.796"
34030,"leptin receptor overlapping transcript",34030,"LEPROT","leptin receptor overlapping transcript",54741,"1","n/a","n/a","3.15e-16","1.796"
22942,"pleckstrin homology-like domain, family B, member 1",22942,"PHLDB1","pleckstrin homology-like domain, family B, member 1",23187,"11","n/a","n/a","1.20e-16","1.796"
5893,"retinoblastoma 1",5893,"RB1","retinoblastoma 1",5925,"13","n/a","n/a","2.26e-09","1.795"
4993,"purinergic receptor P2X, ligand-gated ion channel, 4",4993,"P2RX4","purinergic receptor P2X, ligand-gated ion channel, 4",5025,"12","n/a","n/a","7.09e-09","1.794"
81317,"chromosome 8 open reading frame 48",81317,"C8orf48","chromosome 8 open reading frame 48",157773,"8","n/a","n/a","4.53e-06","1.794"
80040,"chromosome 20 open reading frame 112",80040,"C20orf112","chromosome 20 open reading frame 112",140688,"20","n/a","n/a","2.35e-08","1.793"
1015679,"familial acute myelogenous leukemia related factor",1015679,"LOC100131234","familial acute myelogenous leukemia related factor",100131234,"1","n/a","n/a","2.08e-04","1.793"
34327,"cell division cycle associated 4",34327,"CDCA4","cell division cycle associated 4",55038,"14","n/a","n/a","2.77e-09","1.793"
639,"bleomycin hydrolase",639,"BLMH","bleomycin hydrolase",642,"17","n/a","n/a","9.78e-15","1.793"
76600,"CKLF-like MARVEL transmembrane domain containing 7",76600,"CMTM7","CKLF-like MARVEL transmembrane domain containing 7",112616,"3","n/a","n/a","2.61e-07","1.793"
1033,"cerebellar degeneration-related protein 2, 62kDa",1033,"CDR2","cerebellar degeneration-related protein 2, 62kDa",1039,"16","n/a","n/a","7.54e-12","1.792"
80810,"uncharacterized LOC100128988",80810,"LOC100128988","uncharacterized LOC100128988",100128988,"20","n/a","n/a","9.23e-03","1.790"
110398,"Gen endonuclease homolog 1 (Drosophila)",110398,"GEN1","Gen endonuclease homolog 1 (Drosophila)",348654,"2","n/a","n/a","4.84e-08","1.790"
157123659,"uncharacterized LOC100507552",157123659,"LOC100507552","uncharacterized LOC100507552",100507552,"1","n/a","n/a","3.33e-05","1.789"
2756,"guanine nucleotide binding protein (G protein), alpha inhibiting activity polypeptide 3",2756,"GNAI3","guanine nucleotide binding protein (G protein), alpha inhibiting activity polypeptide 3",2773,"1","n/a","n/a","4.20e-09","1.788"
29578,"SUMO1/sentrin specific peptidase 1",29578,"SENP1","SUMO1/sentrin specific peptidase 1",29843,"12","n/a","n/a","1.43e-08","1.787"
79825,"GRB2-associated binding protein 3",79825,"GAB3","GRB2-associated binding protein 3",139716,"X","n/a","n/a","5.74e-10","1.787"
2902,"chemokine (C-X-C motif) ligand 1 (melanoma growth stimulating activity, alpha)",2902,"CXCL1","chemokine (C-X-C motif) ligand 1 (melanoma growth stimulating activity, alpha)",2919,"4","n/a","n/a","5.59e-03","1.787"
2209,"farnesyl diphosphate synthase",2209,"FDPS","farnesyl diphosphate synthase",2224,"1","n/a","n/a","1.01e-06","1.787"
8667,"CASP2 and RIPK1 domain containing adaptor with death domain",8667,"CRADD","CASP2 and RIPK1 domain containing adaptor with death domain",8738,"12","n/a","n/a","9.88e-08","1.785"
4642,"N-acetylgalactosaminidase, alpha-",4642,"NAGA","N-acetylgalactosaminidase, alpha-",4668,"22","n/a","n/a","2.75e-14","1.785"
1764,"deoxyribonuclease I-like 3",1764,"DNASE1L3","deoxyribonuclease I-like 3",1776,"3","n/a","n/a","4.34e-06","1.784"
5841,"RAB27A, member RAS oncogene family",5841,"RAB27A","RAB27A, member RAS oncogene family",5873,"15","n/a","n/a","6.53e-11","1.784"
58353,"family with sequence similarity 175, member A",58353,"FAM175A","family with sequence similarity 175, member A",84142,"4","n/a","n/a","2.60e-11","1.784"
724,"complement component 5a receptor 1",724,"C5AR1","complement component 5a receptor 1",728,"19","n/a","n/a","4.28e-06","1.784"
35085,"muscleblind-like splicing regulator 3",35085,"MBNL3","muscleblind-like splicing regulator 3",55796,"X","n/a","n/a","4.17e-11","1.784"
81045,"coiled-coil domain containing 50",81045,"CCDC50","coiled-coil domain containing 50",152137,"3","n/a","n/a","2.45e-10","1.784"
134085,"chromosome 3 open reading frame 78",134085,"C3orf78","chromosome 3 open reading frame 78",440957,"3","n/a","n/a","7.13e-08","1.783"
40730,"erythrocyte membrane protein band 4.1 like 4A",40730,"EPB41L4A","erythrocyte membrane protein band 4.1 like 4A",64097,"5","n/a","n/a","1.10e-11","1.783"
23436,"protein kinase D3",23436,"PRKD3","protein kinase D3",23683,"2","n/a","n/a","3.82e-15","1.783"
56126,"ankyrin repeat and BTB (POZ) domain containing 1",56126,"ABTB1","ankyrin repeat and BTB (POZ) domain containing 1",80325,"3","n/a","n/a","5.73e-09","1.783"
4150,"minichromosome maintenance complex component 6",4150,"MCM6","minichromosome maintenance complex component 6",4175,"2","n/a","n/a","4.82e-12","1.782"
10842,"solute carrier family 27 (fatty acid transporter), member 3",10842,"SLC27A3","solute carrier family 27 (fatty acid transporter), member 3",11000,"1","n/a","n/a","2.14e-06","1.782"
4633,"protein phosphatase 1, regulatory subunit 12A",4633,"PPP1R12A","protein phosphatase 1, regulatory subunit 12A",4659,"12","n/a","n/a","2.08e-14","1.781"
1094,"regulator of chromosome condensation (RCC1) and BTB (POZ) domain containing protein 2",1094,"RCBTB2","regulator of chromosome condensation (RCC1) and BTB (POZ) domain containing protein 2",1102,"13","n/a","n/a","5.16e-14","1.780"
34945,"integrator complex subunit 8",34945,"INTS8","integrator complex subunit 8",55656,"8","n/a","n/a","2.45e-10","1.780"
81280,"cell division cycle associated 2",81280,"CDCA2","cell division cycle associated 2",157313,"8","n/a","n/a","2.73e-06","1.779"
6895,"zinc finger E-box binding homeobox 1",6895,"ZEB1","zinc finger E-box binding homeobox 1",6935,"10","n/a","n/a","1.76e-12","1.779"
1023702,"microRNA 1244-2",1023702,"MIR1244-2","microRNA 1244-2",100422885,"5","n/a","n/a","2.47e-05","1.778"
24,"v-abl Abelson murine leukemia viral oncogene homolog 2",24,"ABL2","v-abl Abelson murine leukemia viral oncogene homolog 2",27,"1","n/a","n/a","9.87e-10","1.778"
10801,"transmembrane emp24 domain trafficking protein 2",10801,"TMED2","transmembrane emp24 domain trafficking protein 2",10959,"12","n/a","n/a","8.90e-11","1.777"
80962,"shugoshin-like 2 (S. pombe)",80962,"SGOL2","shugoshin-like 2 (S. pombe)",151246,"2","n/a","n/a","1.00e-05","1.776"
3144,"nuclear receptor subfamily 4, group A, member 1",3144,"NR4A1","nuclear receptor subfamily 4, group A, member 1",3164,"12","n/a","n/a","5.85e-06","1.776"
11149,"lysophospholipase II",11149,"LYPLA2","lysophospholipase II",11313,"1","n/a","n/a","5.51e-08","1.775"
9500,"SH3 and PX domains 2A",9500,"SH3PXD2A","SH3 and PX domains 2A",9644,"10","n/a","n/a","8.93e-12","1.775"
6138,"ribosomal protein L39",6138,"RPL39","ribosomal protein L39",6170,"X","n/a","n/a","7.08e-10","1.774"
3156,"histamine N-methyltransferase",3156,"HNMT","histamine N-methyltransferase",3176,"2","n/a","n/a","2.58e-09","1.772"
8412,"CDC42 binding protein kinase alpha (DMPK-like)",8412,"CDC42BPA","CDC42 binding protein kinase alpha (DMPK-like)",8476,"1","n/a","n/a","5.81e-09","1.772"
9984,"furry homolog (Drosophila)",9984,"FRY","furry homolog (Drosophila)",10129,"13","n/a","n/a","4.22e-07","1.772"
34127,"WW domain binding protein 1-like",34127,"WBP1L","WW domain binding protein 1-like",54838,"10","n/a","n/a","4.51e-13","1.771"
8454,"histone acetyltransferase 1",8454,"HAT1","histone acetyltransferase 1",8520,"2","n/a","n/a","3.05e-07","1.771"
4147,"minichromosome maintenance complex component 3",4147,"MCM3","minichromosome maintenance complex component 3",4172,"6","n/a","n/a","2.72e-12","1.771"
79513,"sodium channel and clathrin linker 1",79513,"SCLT1","sodium channel and clathrin linker 1",132320,"4","n/a","n/a","9.64e-12","1.770"
80364,"copine VIII",80364,"CPNE8","copine VIII",144402,"12","n/a","n/a","3.97e-05","1.770"
2310,"flavin containing monooxygenase 1",2310,"FMO1","flavin containing monooxygenase 1",2326,"1","n/a","n/a","4.84e-05","1.770"
7029,"TIA1 cytotoxic granule-associated RNA binding protein",7029,"TIA1","TIA1 cytotoxic granule-associated RNA binding protein",7072,"2","n/a","n/a","1.72e-10","1.770"
33145,"tripartite motif containing 34",33145,"TRIM34","tripartite motif containing 34",53840,"11","n/a","n/a","5.62e-06","1.769"
8874,"prolyl 4-hydroxylase, alpha polypeptide II",8874,"P4HA2","prolyl 4-hydroxylase, alpha polypeptide II",8974,"5","n/a","n/a","1.22e-05","1.769"
57306,"diaphanous homolog 3 (Drosophila)",57306,"DIAPH3","diaphanous homolog 3 (Drosophila)",81624,"13","n/a","n/a","1.78e-08","1.768"
78147,"heat shock 70kD protein 12B",78147,"HSPA12B","heat shock 70kD protein 12B",116835,"20","n/a","n/a","3.41e-08","1.768"
1455,"cysteine and glycine-rich protein 2",1455,"CSRP2","cysteine and glycine-rich protein 2",1466,"12","n/a","n/a","6.96e-07","1.768"
40869,"PDZ and LIM domain 2 (mystique)",40869,"PDLIM2","PDZ and LIM domain 2 (mystique)",64236,"8","n/a","n/a","2.01e-08","1.768"
4028,"latent transforming growth factor beta binding protein 2",4028,"LTBP2","latent transforming growth factor beta binding protein 2",4053,"14","n/a","n/a","1.85e-04","1.767"
1656,"defensin, alpha 3, neutrophil-specific",1656,"DEFA3","defensin, alpha 3, neutrophil-specific",1668,"8","n/a","n/a","2.20e-02","1.767"
5240,"serpin peptidase inhibitor, clade B (ovalbumin), member 9",5240,"SERPINB9","serpin peptidase inhibitor, clade B (ovalbumin), member 9",5272,"6","n/a","n/a","2.90e-09","1.767"
4234,"microsomal glutathione S-transferase 3",4234,"MGST3","microsomal glutathione S-transferase 3",4259,"1","n/a","n/a","1.56e-08","1.766"
157121963,"prothymosin alpha-like",157121963,"LOC100506248","prothymosin alpha-like",100506248,"12","n/a","n/a","1.48e-09","1.766"
9805,"Alport syndrome, mental retardation, midface hypoplasia and elliptocytosis chromosomal region gene 1",9805,"AMMECR1","Alport syndrome, mental retardation, midface hypoplasia and elliptocytosis chromosomal region gene 1",9949,"X","n/a","n/a","9.08e-08","1.766"
119487,"testis expressed 9",119487,"TEX9","testis expressed 9",374618,"15","n/a","n/a","5.18e-08","1.765"
59083,"F-box protein, helicase, 18",59083,"FBXO18","F-box protein, helicase, 18",84893,"10","n/a","n/a","2.54e-10","1.765"
35255,"guanine nucleotide binding protein (G protein), gamma 12",35255,"GNG12","guanine nucleotide binding protein (G protein), gamma 12",55970,"1","n/a","n/a","1.34e-09","1.765"
6395,"serine/arginine-rich splicing factor 6",6395,"SRSF6","serine/arginine-rich splicing factor 6",6431,"20","n/a","n/a","1.51e-07","1.765"
157122625,"uncharacterized LOC100506751",157122625,"LOC100506751","uncharacterized LOC100506751",100506751,"14","n/a","n/a","2.67e-07","1.763"
90192,"chromosome 10 open reading frame 47",90192,"C10orf47","chromosome 10 open reading frame 47",254427,"10","n/a","n/a","1.64e-10","1.763"
1489,"catenin (cadherin-associated protein), delta 1",1489,"CTNND1","catenin (cadherin-associated protein), delta 1",1500,"11","n/a","n/a","3.86e-18","1.763"
59203,"chromosome 11 open reading frame 70",59203,"C11orf70","chromosome 11 open reading frame 70",85016,"11","n/a","n/a","8.19e-08","1.762"
25781,"sushi domain containing 5",25781,"SUSD5","sushi domain containing 5",26032,"3","n/a","n/a","1.72e-05","1.762"
77621,"C1q and tumor necrosis factor related protein 7",77621,"C1QTNF7","C1q and tumor necrosis factor related protein 7",114905,"4","n/a","n/a","1.80e-10","1.762"
35942,"vault RNA 1-2",35942,"VTRNA1-2","vault RNA 1-2",56663,"5","n/a","n/a","2.12e-02","1.761"
4263,"antigen identified by monoclonal antibody Ki-67",4263,"MKI67","antigen identified by monoclonal antibody Ki-67",4288,"10","n/a","n/a","1.01e-07","1.761"
157121399,"uncharacterized LOC100505829",157121399,"LOC100505829","uncharacterized LOC100505829",100505829,"7","n/a","n/a","2.41e-05","1.761"
10526,"tumor necrosis factor (ligand) superfamily, member 13b",10526,"TNFSF13B","tumor necrosis factor (ligand) superfamily, member 13b",10673,"13","n/a","n/a","5.84e-06","1.761"
1020766,"uncharacterized LOC100289130",1020766,"LOC100289130","uncharacterized LOC100289130",100289130,"3","n/a","n/a","3.28e-10","1.760"
79475,"beta-gamma crystallin domain containing 3",79475,"CRYBG3","beta-gamma crystallin domain containing 3",131544,"3","n/a","n/a","9.11e-08","1.759"
81028,"xyloside xylosyltransferase 1",81028,"XXYLT1","xyloside xylosyltransferase 1",152002,"3","n/a","n/a","4.78e-14","1.759"
30994,"denticleless E3 ubiquitin protein ligase homolog (Drosophila)",30994,"DTL","denticleless E3 ubiquitin protein ligase homolog (Drosophila)",51514,"1","n/a","n/a","1.86e-07","1.757"
22818,"wings apart-like homolog (Drosophila)",22818,"WAPAL","wings apart-like homolog (Drosophila)",23063,"10","n/a","n/a","2.53e-13","1.757"
2341,"formyl peptide receptor 1",2341,"FPR1","formyl peptide receptor 1",2357,"19","n/a","n/a","7.32e-04","1.756"
9766,"RAB GTPase activating protein 1-like",9766,"RABGAP1L","RAB GTPase activating protein 1-like",9910,"1","n/a","n/a","6.95e-07","1.755"
149588,"SUMO1 pseudogene 3",149588,"SUMO1P3","SUMO1 pseudogene 3",474338,"1","n/a","n/a","1.88e-03","1.755"
9705,"zinc finger protein 518A",9705,"ZNF518A","zinc finger protein 518A",9849,"10","n/a","n/a","5.76e-08","1.755"
35038,"cell division cycle and apoptosis regulator 1",35038,"CCAR1","cell division cycle and apoptosis regulator 1",55749,"10","n/a","n/a","3.70e-10","1.755"
35204,"CTTNBP2 N-terminal like",35204,"CTTNBP2NL","CTTNBP2 N-terminal like",55917,"1","n/a","n/a","7.55e-17","1.754"
6199,"ribosomal protein S27",6199,"RPS27","ribosomal protein S27",6232,"1","n/a","n/a","3.45e-07","1.754"
9035,"proprotein convertase subtilisin/kexin type 7",9035,"PCSK7","proprotein convertase subtilisin/kexin type 7",9159,"11","n/a","n/a","1.86e-09","1.753"
30829,"killer cell lectin-like receptor subfamily F, member 1",30829,"KLRF1","killer cell lectin-like receptor subfamily F, member 1",51348,"12","n/a","n/a","2.46e-04","1.753"
8863,"kynureninase",8863,"KYNU","kynureninase",8942,"2","n/a","n/a","4.24e-04","1.752"
3439,"interferon gamma receptor 1",3439,"IFNGR1","interferon gamma receptor 1",3459,"6","n/a","n/a","2.52e-12","1.752"
5713,"parathyroid hormone 1 receptor",5713,"PTH1R","parathyroid hormone 1 receptor",5745,"3","n/a","n/a","1.75e-05","1.750"
3162,"heterogeneous nuclear ribonucleoprotein A/B",3162,"HNRNPAB","heterogeneous nuclear ribonucleoprotein A/B",3182,"5","n/a","n/a","2.91e-16","1.750"
29741,"EGF containing fibulin-like extracellular matrix protein 2",29741,"EFEMP2","EGF containing fibulin-like extracellular matrix protein 2",30008,"11","n/a","n/a","3.29e-08","1.749"
79079,"zinc finger protein 816",79079,"ZNF816","zinc finger protein 816",125893,"19","n/a","n/a","2.58e-05","1.749"
36280,"ACN9 homolog (S. cerevisiae)",36280,"ACN9","ACN9 homolog (S. cerevisiae)",57001,"7","n/a","n/a","1.31e-08","1.749"
76610,"chromosome 1 open reading frame 85",76610,"C1orf85","chromosome 1 open reading frame 85",112770,"1","n/a","n/a","8.94e-06","1.748"
157126179,"uncharacterized LOC100652940",157126179,"LOC100652940","uncharacterized LOC100652940",100652940,"19","n/a","n/a","2.32e-02","1.748"
34365,"transmembrane protein 45A",34365,"TMEM45A","transmembrane protein 45A",55076,"3","n/a","n/a","8.52e-04","1.748"
59088,"plexin domain containing 2",59088,"PLXDC2","plexin domain containing 2",84898,"10","n/a","n/a","8.37e-08","1.747"
58319,"polycomb group ring finger 6",58319,"PCGF6","polycomb group ring finger 6",84108,"10","n/a","n/a","1.05e-08","1.747"
7475,"X-ray repair complementing defective repair in Chinese hamster cells 4",7475,"XRCC4","X-ray repair complementing defective repair in Chinese hamster cells 4",7518,"5","n/a","n/a","6.24e-08","1.746"
10785,"male-specific lethal 3 homolog (Drosophila)",10785,"MSL3","male-specific lethal 3 homolog (Drosophila)",10943,"X","n/a","n/a","1.67e-14","1.746"
6597,"small nuclear ribonucleoprotein polypeptide G",6597,"SNRPG","small nuclear ribonucleoprotein polypeptide G",6637,"2","n/a","n/a","8.20e-11","1.746"
9472,"ring finger protein 7",9472,"RNF7","ring finger protein 7",9616,"3","n/a","n/a","8.36e-19","1.744"
9940,"EGF-like repeats and discoidin I-like domains 3",9940,"EDIL3","EGF-like repeats and discoidin I-like domains 3",10085,"5","n/a","n/a","1.27e-04","1.744"
35960,"SAR1 homolog A (S. cerevisiae)",35960,"SAR1A","SAR1 homolog A (S. cerevisiae)",56681,"10","n/a","n/a","2.32e-09","1.743"
90366,"MAM domain containing 2",90366,"MAMDC2","MAM domain containing 2",256691,"9","n/a","n/a","1.77e-05","1.743"
33768,"pleckstrin homology domain containing, family A member 5",33768,"PLEKHA5","pleckstrin homology domain containing, family A member 5",54477,"12","n/a","n/a","1.38e-06","1.743"
25974,"ADP-ribosylation factor-like 5A",25974,"ARL5A","ADP-ribosylation factor-like 5A",26225,"2","n/a","n/a","5.65e-08","1.742"
55636,"gem (nuclear organelle) associated protein 6",55636,"GEMIN6","gem (nuclear organelle) associated protein 6",79833,"2","n/a","n/a","5.07e-10","1.741"
5964,"regulator of G-protein signaling 1",5964,"RGS1","regulator of G-protein signaling 1",5996,"1","n/a","n/a","4.00e-02","1.741"
2617,"guanylate binding protein 1, interferon-inducible",2617,"GBP1","guanylate binding protein 1, interferon-inducible",2633,"1","n/a","n/a","8.00e-05","1.741"
912,"CD3g molecule, gamma (CD3-TCR complex)",912,"CD3G","CD3g molecule, gamma (CD3-TCR complex)",917,"11","n/a","n/a","6.97e-05","1.740"
5310,"plasminogen-like B2",5310,"PLGLB2","plasminogen-like B2",5342,"2","n/a","n/a","3.16e-04","1.740"
5725,"prothymosin, alpha",5725,"PTMA","prothymosin, alpha",5757,"2","n/a","n/a","5.53e-12","1.740"
697,"budding uninhibited by benzimidazoles 1 homolog beta (yeast)",697,"BUB1B","budding uninhibited by benzimidazoles 1 homolog beta (yeast)",701,"15","n/a","n/a","1.34e-05","1.739"
6827,"transforming, acidic coiled-coil containing protein 1",6827,"TACC1","transforming, acidic coiled-coil containing protein 1",6867,"8","n/a","n/a","2.32e-16","1.739"
592,"cyclin D1",592,"CCND1","cyclin D1",595,"11","n/a","n/a","2.66e-07","1.739"
6575,"snail homolog 1 (Drosophila)",6575,"SNAI1","snail homolog 1 (Drosophila)",6615,"20","n/a","n/a","4.84e-04","1.739"
6674,"v-src sarcoma (Schmidt-Ruppin A-2) viral oncogene homolog (avian)",6674,"SRC","v-src sarcoma (Schmidt-Ruppin A-2) viral oncogene homolog (avian)",6714,"20","n/a","n/a","1.36e-07","1.738"
1353,"carboxypeptidase D",1353,"CPD","carboxypeptidase D",1362,"17","n/a","n/a","2.73e-09","1.737"
36434,"junctophilin 2",36434,"JPH2","junctophilin 2",57158,"20","n/a","n/a","8.44e-10","1.736"
6059,"roundabout, axon guidance receptor, homolog 1 (Drosophila)",6059,"ROBO1","roundabout, axon guidance receptor, homolog 1 (Drosophila)",6091,"3","n/a","n/a","1.42e-07","1.736"
157120623,"uncharacterized LOC100499405",157120623,"LOC100499405","uncharacterized LOC100499405",100499405,"12","n/a","n/a","1.26e-13","1.735"
2535,"GA binding protein transcription factor, alpha subunit 60kDa",2535,"GABPA","GA binding protein transcription factor, alpha subunit 60kDa",2551,"21","n/a","n/a","6.43e-11","1.735"
10350,"unc-13 homolog B (C. elegans)",10350,"UNC13B","unc-13 homolog B (C. elegans)",10497,"9","n/a","n/a","1.31e-17","1.734"
6462,"SKI-like oncogene",6462,"SKIL","SKI-like oncogene",6498,"3","n/a","n/a","5.17e-10","1.734"
755,"carbonic anhydrase I",755,"CA1","carbonic anhydrase I",759,"8","n/a","n/a","3.61e-02","1.732"
6951,"dynein, light chain, Tctex-type 1",6951,"DYNLT1","dynein, light chain, Tctex-type 1",6993,"6","n/a","n/a","3.33e-10","1.732"
8690,"CD164 molecule, sialomucin",8690,"CD164","CD164 molecule, sialomucin",8763,"6","n/a","n/a","8.28e-11","1.732"
157124307,"POC1B-GALNT4 readthrough",157124307,"POC1B-GALNT4","POC1B-GALNT4 readthrough",100528030,"12","n/a","n/a","5.28e-09","1.732"
37222,"CTD (carboxy-terminal domain, RNA polymerase II, polypeptide A) small phosphatase 1",37222,"CTDSP1","CTD (carboxy-terminal domain, RNA polymerase II, polypeptide A) small phosphatase 1",58190,"2","n/a","n/a","2.78e-11","1.730"
25683,"nipsnap homolog 3A (C. elegans)",25683,"NIPSNAP3A","nipsnap homolog 3A (C. elegans)",25934,"9","n/a","n/a","2.07e-06","1.730"
157121645,"uncharacterized LOC100506014",157121645,"LOC100506014","uncharacterized LOC100506014",100506014,"2","n/a","n/a","3.49e-05","1.730"
320,"amyloid beta (A4) precursor protein-binding, family B, member 2",320,"APBB2","amyloid beta (A4) precursor protein-binding, family B, member 2",323,"4","n/a","n/a","6.05e-12","1.730"
157122393,"uncharacterized protein C12orf71-like",157122393,"LOC100506578","uncharacterized protein C12orf71-like",100506578,"12","n/a","n/a","4.28e-05","1.730"
30618,"ring finger protein, transmembrane 1",30618,"RNFT1","ring finger protein, transmembrane 1",51136,"17","n/a","n/a","1.41e-07","1.729"
55000,"chromosome 7 open reading frame 23",55000,"C7orf23","chromosome 7 open reading frame 23",79161,"7","n/a","n/a","1.47e-12","1.729"
33727,"SH3 domain and tetratricopeptide repeats 1",33727,"SH3TC1","SH3 domain and tetratricopeptide repeats 1",54436,"4","n/a","n/a","2.20e-14","1.728"
7141,"heat shock protein 90kDa beta (Grp94), member 1",7141,"HSP90B1","heat shock protein 90kDa beta (Grp94), member 1",7184,"12","n/a","n/a","6.63e-09","1.728"
1013717,"vault RNA 2-1",1013717,"VTRNA2-1","vault RNA 2-1",100126299,"5","n/a","n/a","2.53e-02","1.728"
31148,"heat shock protein family B (small), member 11",31148,"HSPB11","heat shock protein family B (small), member 11",51668,"1","n/a","n/a","2.25e-09","1.727"
34878,"BMP2 inducible kinase",34878,"BMP2K","BMP2 inducible kinase",55589,"4","n/a","n/a","2.65e-12","1.727"
5800,"aldehyde dehydrogenase 18 family, member A1",5800,"ALDH18A1","aldehyde dehydrogenase 18 family, member A1",5832,"10","n/a","n/a","3.89e-14","1.727"
34589,"phosphatidylinositol 4-kinase type 2 beta",34589,"PI4K2B","phosphatidylinositol 4-kinase type 2 beta",55300,"4","n/a","n/a","9.06e-10","1.727"
60030,"derlin 3",60030,"DERL3","derlin 3",91319,"22","n/a","n/a","1.00e-05","1.726"
3535,"interleukin 2 receptor, beta",3535,"IL2RB","interleukin 2 receptor, beta",3560,"22","n/a","n/a","3.67e-08","1.726"
83610,"centrosomal protein 112kDa",83610,"CEP112","centrosomal protein 112kDa",201134,"17","n/a","n/a","4.41e-09","1.726"
2906,"protein disulfide isomerase family A, member 3",2906,"PDIA3","protein disulfide isomerase family A, member 3",2923,"15","n/a","n/a","2.61e-11","1.726"
2870,"growth factor receptor-bound protein 10",2870,"GRB10","growth factor receptor-bound protein 10",2887,"7","n/a","n/a","5.48e-06","1.725"
8800,"sphingosine-1-phosphate lyase 1",8800,"SGPL1","sphingosine-1-phosphate lyase 1",8879,"10","n/a","n/a","2.86e-11","1.725"
1023087,"microRNA 1244-1",1023087,"MIR1244-1","microRNA 1244-1",100302285,"2","n/a","n/a","5.17e-05","1.725"
172252,"family with sequence similarity 72, member A",172252,"FAM72A","family with sequence similarity 72, member A",729533,"1","n/a","n/a","1.78e-07","1.725"
34144,"family with sequence similarity 46, member C",34144,"FAM46C","family with sequence similarity 46, member C",54855,"1","n/a","n/a","1.22e-08","1.724"
308,"annexin A11",308,"ANXA11","annexin A11",311,"10","n/a","n/a","1.02e-07","1.724"
140,"poly (ADP-ribose) polymerase family, member 4",140,"PARP4","poly (ADP-ribose) polymerase family, member 4",143,"13","n/a","n/a","1.24e-11","1.723"
26918,"solute carrier family 39 (zinc transporter), member 1",26918,"SLC39A1","solute carrier family 39 (zinc transporter), member 1",27173,"1","n/a","n/a","3.10e-10","1.723"
25921,"KRAB box domain containing 1",25921,"KRBOX1","KRAB box domain containing 1",100506243,"3","n/a","n/a","3.63e-02","1.723"
26269,"translocase of inner mitochondrial membrane 8 homolog B (yeast)",26269,"TIMM8B","translocase of inner mitochondrial membrane 8 homolog B (yeast)",26521,"11","n/a","n/a","1.29e-07","1.723"
32887,"syntaxin 18",32887,"STX18","syntaxin 18",53407,"4","n/a","n/a","1.43e-11","1.722"
157122713,"uncharacterized LOC100506831",157122713,"LOC100506831","uncharacterized LOC100506831",100506831,"2","n/a","n/a","2.24e-07","1.721"
3093,"major histocompatibility complex, class II, DO alpha",3093,"HLA-DOA","major histocompatibility complex, class II, DO alpha",3111,"6","n/a","n/a","6.43e-06","1.721"
5057,"pre-B-cell leukemia homeobox 2",5057,"PBX2","pre-B-cell leukemia homeobox 2",5089,"6","n/a","n/a","4.35e-10","1.721"
125643,"sterile alpha motif domain containing 12",125643,"SAMD12","sterile alpha motif domain containing 12",401474,"8","n/a","n/a","1.95e-03","1.720"
59536,"myosin light chain kinase 2",59536,"MYLK2","myosin light chain kinase 2",85366,"20","n/a","n/a","1.26e-06","1.720"
4890,"discoidin domain receptor tyrosine kinase 2",4890,"DDR2","discoidin domain receptor tyrosine kinase 2",4921,"1","n/a","n/a","1.77e-11","1.720"
6455,"SCL/TAL1 interrupting locus",6455,"STIL","SCL/TAL1 interrupting locus",6491,"1","n/a","n/a","1.34e-09","1.720"
80427,"mirror-image polydactyly 1",80427,"MIPOL1","mirror-image polydactyly 1",145282,"14","n/a","n/a","3.85e-09","1.719"
59166,"dispatched homolog 1 (Drosophila)",59166,"DISP1","dispatched homolog 1 (Drosophila)",84976,"1","n/a","n/a","6.79e-11","1.719"
4319,"CD200 molecule",4319,"CD200","CD200 molecule",4345,"3","n/a","n/a","3.62e-06","1.719"
7933,"split hand/foot malformation (ectrodactyly) type 1",7933,"SHFM1","split hand/foot malformation (ectrodactyly) type 1",7979,"7","n/a","n/a","2.23e-11","1.719"
34845,"enolase superfamily member 1",34845,"ENOSF1","enolase superfamily member 1",55556,"18","n/a","n/a","9.97e-13","1.719"
55821,"ubiquitin domain containing 1",55821,"UBTD1","ubiquitin domain containing 1",80019,"10","n/a","n/a","4.91e-07","1.718"
10849,"coiled-coil domain containing 85B",10849,"CCDC85B","coiled-coil domain containing 85B",11007,"11","n/a","n/a","1.44e-05","1.718"
58930,"family with sequence similarity 167, member B",58930,"FAM167B","family with sequence similarity 167, member B",84734,"1","n/a","n/a","1.81e-05","1.717"
8271,"histone cluster 1, H2ai",8271,"HIST1H2AI","histone cluster 1, H2ai",8329,"6","n/a","n/a","7.09e-05","1.717"
59611,"tankyrase 1 binding protein 1, 182kDa",59611,"TNKS1BP1","tankyrase 1 binding protein 1, 182kDa",85456,"11","n/a","n/a","3.04e-06","1.717"
2510,"fucosyltransferase 4 (alpha (1,3) fucosyltransferase, myeloid-specific)",2510,"FUT4","fucosyltransferase 4 (alpha (1,3) fucosyltransferase, myeloid-specific)",2526,"11","n/a","n/a","4.11e-12","1.717"
5467,"protein phosphatase 1, catalytic subunit, alpha isozyme",5467,"PPP1CA","protein phosphatase 1, catalytic subunit, alpha isozyme",5499,"11","n/a","n/a","7.78e-06","1.716"
6605,"syntrophin, beta 2 (dystrophin-associated protein A1, 59kDa, basic component 2)",6605,"SNTB2","syntrophin, beta 2 (dystrophin-associated protein A1, 59kDa, basic component 2)",6645,"16","n/a","n/a","2.30e-11","1.715"
1842,"deoxyuridine triphosphatase",1842,"DUT","deoxyuridine triphosphatase",1854,"15","n/a","n/a","2.05e-08","1.715"
55977,"splA/ryanodine receptor domain and SOCS box containing 1",55977,"SPSB1","splA/ryanodine receptor domain and SOCS box containing 1",80176,"1","n/a","n/a","2.12e-06","1.714"
8724,"succinate-CoA ligase, GDP-forming, beta subunit",8724,"SUCLG2","succinate-CoA ligase, GDP-forming, beta subunit",8801,"3","n/a","n/a","2.29e-13","1.713"
3125,"hydroxymethylbilane synthase",3125,"HMBS","hydroxymethylbilane synthase",3145,"11","n/a","n/a","3.05e-08","1.712"
31195,"RAB23, member RAS oncogene family",31195,"RAB23","RAB23, member RAS oncogene family",51715,"6","n/a","n/a","4.45e-11","1.712"
26755,"thiamin pyrophosphokinase 1",26755,"TPK1","thiamin pyrophosphokinase 1",27010,"7","n/a","n/a","4.20e-07","1.712"
10455,"CDC42 effector protein (Rho GTPase binding) 3",10455,"CDC42EP3","CDC42 effector protein (Rho GTPase binding) 3",10602,"2","n/a","n/a","1.48e-07","1.711"
4806,"nicotinamide N-methyltransferase",4806,"NNMT","nicotinamide N-methyltransferase",4837,"11","n/a","n/a","5.77e-02","1.711"
1023689,"microRNA 1244-3",1023689,"MIR1244-3","microRNA 1244-3",100422872,"12","n/a","n/a","7.22e-05","1.710"
3110,"major histocompatibility complex, class II, DR beta 6 (pseudogene)",3110,"HLA-DRB6","major histocompatibility complex, class II, DR beta 6 (pseudogene)",3128,"6","n/a","n/a","3.27e-02","1.709"
30979,"TP53 regulated inhibitor of apoptosis 1",30979,"TRIAP1","TP53 regulated inhibitor of apoptosis 1",51499,"12","n/a","n/a","1.03e-06","1.709"
109687,"zinc finger and BTB domain containing 8 opposite strand",109687,"ZBTB8OS","zinc finger and BTB domain containing 8 opposite strand",339487,"1","n/a","n/a","4.53e-10","1.709"
8760,"CASP8 and FADD-like apoptosis regulator",8760,"CFLAR","CASP8 and FADD-like apoptosis regulator",8837,"2","n/a","n/a","9.52e-11","1.708"
41358,"GINS complex subunit 3 (Psf3 homolog)",41358,"GINS3","GINS complex subunit 3 (Psf3 homolog)",64785,"16","n/a","n/a","2.01e-09","1.707"
10464,"PDZ and LIM domain 5",10464,"PDLIM5","PDZ and LIM domain 5",10611,"4","n/a","n/a","7.81e-10","1.707"
59023,"up-regulated during skeletal muscle growth 5 homolog (mouse)",59023,"USMG5","up-regulated during skeletal muscle growth 5 homolog (mouse)",84833,"10","n/a","n/a","1.06e-06","1.706"
59938,"zinc finger protein 799",59938,"ZNF799","zinc finger protein 799",90576,"19","n/a","n/a","4.17e-06","1.706"
10142,"leukocyte immunoglobulin-like receptor, subfamily B (with TM and ITIM domains), member 2",10142,"LILRB2","leukocyte immunoglobulin-like receptor, subfamily B (with TM and ITIM domains), member 2",10288,"19","n/a","n/a","8.28e-08","1.705"
30509,"golgi transport 1B",30509,"GOLT1B","golgi transport 1B",51026,"12","n/a","n/a","1.01e-08","1.704"
90080,"syntaxin binding protein 4",90080,"STXBP4","syntaxin binding protein 4",252983,"17","n/a","n/a","5.48e-08","1.704"
8887,"tumor necrosis factor (ligand) superfamily, member 18",8887,"TNFSF18","tumor necrosis factor (ligand) superfamily, member 18",8995,"1","n/a","n/a","2.97e-05","1.703"
535,"ATPase, Cu++ transporting, alpha polypeptide",535,"ATP7A","ATPase, Cu++ transporting, alpha polypeptide",538,"X","n/a","n/a","2.36e-14","1.702"
29713,"downstream neighbor of SON",29713,"DONSON","downstream neighbor of SON",29980,"21","n/a","n/a","2.61e-08","1.702"
8153,"nuclear receptor interacting protein 1",8153,"NRIP1","nuclear receptor interacting protein 1",8204,"21","n/a","n/a","5.02e-08","1.702"
10481,"thioredoxin interacting protein",10481,"TXNIP","thioredoxin interacting protein",10628,"1","n/a","n/a","1.84e-04","1.702"
79269,"Rho guanine nucleotide exchange factor (GEF) 19",79269,"ARHGEF19","Rho guanine nucleotide exchange factor (GEF) 19",128272,"1","n/a","n/a","1.06e-06","1.701"
9475,"ATP-binding cassette, sub-family G (WHITE), member 1",9475,"ABCG1","ATP-binding cassette, sub-family G (WHITE), member 1",9619,"21","n/a","n/a","1.01e-09","1.701"
1292,"collagen, type XI, alpha 1",1292,"COL11A1","collagen, type XI, alpha 1",1301,"1","n/a","n/a","3.82e-02","1.701"
110397,"chromosome 22 open reading frame 34",110397,"C22orf34","chromosome 22 open reading frame 34",348645,"22","n/a","n/a","1.37e-06","1.701"
25848,"chromosome 1 open reading frame 144",25848,"C1orf144","chromosome 1 open reading frame 144",26099,"1","n/a","n/a","1.55e-16","1.700"
5693,"polypyrimidine tract binding protein 1",5693,"PTBP1","polypyrimidine tract binding protein 1",5725,"19","n/a","n/a","8.01e-08","1.700"
9268,"leupaxin",9268,"LPXN","leupaxin",9404,"11","n/a","n/a","1.45e-05","1.700"
166077,"small Cajal body-specific RNA 12",166077,"SCARNA12","small Cajal body-specific RNA 12",677777,"12","n/a","n/a","2.39e-03","1.700"
4222,"mannosyl (alpha-1,6-)-glycoprotein beta-1,2-N-acetylglucosaminyltransferase",4222,"MGAT2","mannosyl (alpha-1,6-)-glycoprotein beta-1,2-N-acetylglucosaminyltransferase",4247,"14","n/a","n/a","8.43e-17","1.700"
36454,"zinc finger, MIZ-type containing 1",36454,"ZMIZ1","zinc finger, MIZ-type containing 1",57178,"10","n/a","n/a","1.27e-10","1.700"
11075,"programmed cell death 10",11075,"PDCD10","programmed cell death 10",11235,"3","n/a","n/a","6.15e-07","1.700"
6287,"sex comb on midleg-like 1 (Drosophila)",6287,"SCML1","sex comb on midleg-like 1 (Drosophila)",6322,"X","n/a","n/a","3.66e-12","1.699"
79502,"glycerate kinase",79502,"GLYCTK","glycerate kinase",132158,"3","n/a","n/a","1.04e-10","1.699"
10820,"CLP1, cleavage and polyadenylation factor I subunit, homolog (S. cerevisiae)",10820,"CLP1","CLP1, cleavage and polyadenylation factor I subunit, homolog (S. cerevisiae)",10978,"11","n/a","n/a","1.20e-07","1.699"