sample,absolute_purity,nnls,svr,cibersortx,cibersortx_smode,elastic_net,bayesian,bayesian_hierarchical,music,bisque,scdc,scdc_ensemble,epic,bayesprism
TCGA-CS-4938-01B,0.79,0.40120204961233324,0.09697102490725262,0.03204886632421036,0.08202492129462106,0.1059746926836697,0.007396117839344971,1.6888113218421113e-10,0.31810856913670743,0.2811492495187464,0.384706204503009,0.384706204503009,0.21421273667313276,0.9799108701462491
TCGA-CS-4941-01A,0.62,0.583363600188776,0.2105734467333509,0.08571181726532978,0.10442360225842845,0.1485613914348597,0.045627866005829555,0.04707821543325402,0.3942542811697463,0.2621803728383479,0.4641713201731756,0.4641713201731756,0.43263371351237967,0.4761446826939747
TCGA-CS-4942-01A,0.77,0.3948869932832586,0.19139385859818486,0.15582677604370396,0.09100180427971734,0.0923060577736649,0.10797187553018592,0.12558317061551935,0.3453249285320519,0.235059652519903,0.47486326407497387,0.47486326407497387,0.20413948800776324,0.9685533317952824
TCGA-CS-4943-01A,0.9,0.28541417837040495,0.3364088093618228,0.2384269732135286,0.016776498111548226,0.2091864318279732,0.245431177778663,0.25521912133759034,0.7197002401976278,0.30006247727261187,0.6610358348900229,0.6610358348900229,0.15171280877736582,0.6031416448491038
TCGA-CS-4944-01A,0.74,0.547947602513613,0.17054460373062438,0.020875979635925603,0.41305561918002326,0.43331185596853017,0.0013128523258609246,2.1387122661434602e-17,0.2269217220619493,0.31044902422701887,0.30489733798984925,0.30489733798984925,0.013010675098776993,0.8806244114900711
TCGA-CS-5390-01A,0.86,0.18567369718085597,0.15516778775942358,0.13410589938942555,0.02076031097812151,0.16696487942414737,0.20287900403572345,0.21711862082319058,0.4143775133040896,0.2698743550560077,0.43048580543687226,0.43048580543687226,0.08024358083885982,0.3644667549933589
TCGA-CS-5393-01A,0.71,0.11403898397884182,0.06446152335590172,0.07031231099729447,0.013544462427737537,0.05583603527058106,0.09969227131247517,0.10375872935976606,0.3760984920428391,0.269769541152971,0.4711872562867943,0.4711872562867943,0.0394689609187811,0.2691306242033514
TCGA-CS-5394-01A,0.9,0.08620265969152288,0.14696983957253218,0.13131846209016357,0.001253532080992896,0.05076021922722633,0.1862287142285873,0.1862066470452747,0.32964008795432853,0.33036874100478114,0.45899192894206353,0.45899192894206353,0.02333259540444622,0.1936662856371222
TCGA-CS-5395-01A,0.81,0.3899829410427504,0.11525532172701695,0.011092027418772498,0.06419521195315682,0.10239539665182408,0.03238485731999981,0.03610568875573893,0.23688604417019263,0.2924997141114182,0.2660915460525308,0.2660915460525308,0.18927499557933208,0.7658148132595434
TCGA-CS-5396-01A,0.89,0.2264476246487936,0.2960398526008845,0.18990606375563207,0.029829040378907445,0.10818416174317674,0.20724441212565775,0.21941210105936645,0.39101053004841846,0.25894136060532214,0.37738508538341997,0.37738508538341997,0.11495519718935222,0.06207819844875287
TCGA-CS-5397-01A,0.64,0.270377527528289,0.18511365823480502,0.09613524485099167,0.06085465286164121,0.25700231912903837,0.04117059808996969,0.04347485379953844,0.3245982232339885,0.2567615298140819,0.4041018535025371,0.4041018535025371,0.14871448646636282,0.7279595262270434
TCGA-CS-6186-01A,0.89,0.3291286874955892,0.0400634531787637,0.0,0.002014573121251063,0.2898092328754132,0.002172077238652452,1.453779574469103e-19,0.15896633247583142,0.32067501453810804,0.4083850674302643,0.4083850674302643,0.16209403565361413,0.5629608462440021
TCGA-CS-6188-01A,0.68,0.3882346215289166,0.1711277942489881,0.3643758871806805,0.07842139944342626,0.1820849963375117,0.02152783070176188,0.022692869300686768,0.37976287207186005,0.449685724830069,0.34591466053900755,0.34591466053900755,0.29149824848525097,0.7515179398434656
TCGA-CS-6290-01A,0.69,0.543317982068998,0.10868690476206333,0.03963264684279951,0.10685289354627872,0.13756907854377393,0.010242595758344668,2.5709979644102087e-05,0.21662308106331127,0.2594321270854381,0.26234352050920445,0.26234352050920445,0.32383590752870617,0.994866542113219
TCGA-CS-6665-01A,0.73,0.24010513707074105,0.12481458073663998,0.03774927854599561,0.055648603876788195,0.09503703511023996,0.08000997956785164,0.08310731406973619,0.20725523271937474,0.0408891569387966,0.2077562917068151,0.2077562917068151,0.08882517038684914,0.7149624171260861
TCGA-CS-6666-01A,0.42,0.15495799824997594,0.1850524212201046,0.10848339086888961,0.01323112180173363,0.09754568261386427,0.06693316977443986,0.06810156426135702,0.3334958104991678,0.2969041259419139,0.28387842703519456,0.28387842703519456,0.08733970969581951,0.2474676251443882
TCGA-CS-6667-01A,0.73,0.0722847188378746,0.1058177219543366,0.045131095450223625,0.007848467296434914,0.04191303714498831,0.05184919133629165,0.05447949375916603,0.26288978666350843,0.2872788906618542,0.2661177985704128,0.2661177985704128,0.025991365363850556,0.1872448177967011
TCGA-CS-6668-01A,0.98,0.2797325318328058,0.25496359790828416,0.2598572216687476,0.014220324606200358,0.1322115663125072,0.34162523287642443,0.3646856410622273,0.6268790087021638,0.3096186972197173,0.6152066420166837,0.6152066420166837,0.13538606094902828,0.3001649890185985
TCGA-CS-6669-01A,0.28,0.0,0.0,0.0,0.0,0.0,0.12777059458394086,0.14853766736493743,0.0655658030847393,0.2726965386704671,0.16181381104637685,0.16181381104637685,1.831840809803913e-08,0.014841478543650453
TCGA-CS-6670-01A,0.82,0.09721621023770392,0.3284450944400103,0.16914183606063324,0.01452690871906793,0.03284501933465204,0.09331201617662815,0.0985011173303537,0.40601203415257636,0.3071899328867787,0.5489571808243278,0.5489571808243278,0.04287894437511398,0.19858480499916764
TCGA-DB-5270-01A,0.58,0.2522086981637992,0.2492350264422194,0.07884368443258638,0.046099357765718815,0.10213589903515023,0.10151900587214724,0.10719535629306894,0.40252095673616556,0.2626064119868711,0.5275748003421754,0.5275748003421754,0.11138245090707392,0.46521912969160006
TCGA-DB-5273-01A,0.73,0.43205428259039613,0.2793253193759529,0.07414660892150497,0.25624027021900375,0.13677165591339518,0.01102898968574827,0.018539685720945952,0.6711544174093546,0.31160233743688276,0.4134591178355266,0.4134591178355266,0.24559308540949087,0.9994612526002054
TCGA-DB-5274-01A,0.83,0.37008081828985495,0.27384115133445225,0.17502029975603275,0.048166445206043525,0.14931636420169583,0.18342015056883748,0.19437289030411176,0.35443216460298727,0.18450327632581384,0.31058150904352344,0.31058150904352344,0.23076856859806394,0.7813463412092282
TCGA-DB-5275-01A,0.9,0.20356972290446174,0.4453760823994337,0.41061719517156,0.04156094725109284,0.17591442187917097,0.12963368541397338,0.12864427652020868,0.702913803693068,0.32545412766865084,0.740140812650588,0.740140812650588,0.10227244249037816,0.46334521541664
TCGA-DB-5276-01A,0.36,0.28709535114341017,0.08827867700801283,0.007019902454448852,0.07767995874645035,0.17118157255462568,0.013188636219866464,3.446297625019784e-09,0.19235782837416476,0.17169275096342287,0.234690214249134,0.234690214249134,0.12884137919358246,0.816548144399359
TCGA-DB-5277-01A,0.88,0.15768488369020775,0.1924977696162928,0.08662032692405411,0.013499239434940238,0.07718003146231699,0.11099338773517789,0.11415380098207556,0.40608600109626936,0.281538865288578,0.441056632629464,0.441056632629464,0.06675766325691132,0.38759812401760446
TCGA-DB-5278-01A,0.78,0.08597924192077422,0.23730351440361966,0.16504215995195562,0.011910684430796438,0.04724636738899913,0.08798436860605167,0.0941654853788257,0.34674454722179554,0.2852107734294231,0.5462496015784053,0.5462496015784053,0.03673270442926943,0.185913538726641
TCGA-DB-5280-01A,0.86,0.21386549314447495,0.12752634267140703,0.1433869501895969,0.03837798889087596,0.07774758520894938,0.1128273755379494,0.12156845497060723,0.42781745225496626,0.3026086012687049,0.5667736874900975,0.5667736874900975,0.09563049370527733,0.6248311871602036
TCGA-DB-5281-01A,0.42,0.17805252332418262,0.2240555258129539,0.1462423705786199,0.03298688769655907,0.08297635567226462,0.09491615432279543,0.10274850881470297,0.4360767839823312,0.2942265945909699,0.4865013773069402,0.4865013773069402,0.08007268453426356,0.49700260331570556
TCGA-DB-A4X9-01A,0.85,0.2501034358630108,0.17383646553871285,0.05876046917181284,0.02714153726192594,0.1064903204660165,0.13296536127848085,0.14737146171250481,0.5171189098966948,0.3101711833555751,0.606428042386874,0.606428042386874,0.10289103624353214,0.8183917819469567
TCGA-DB-A4XA-01A,0.76,0.3068376496683487,0.22944980924772723,0.15975089552832927,0.05954387994557719,0.1262224583262724,0.07496065192718482,0.0770710899988521,0.28607054509634255,0.28085199037975017,0.3988586657107782,0.3988586657107782,0.16917029740000478,0.7465479769016548
TCGA-DB-A4XB-01A,0.91,0.15404726813149627,0.4460595034352617,0.34619155791043055,0.01758167770455437,0.07505499199756197,0.1719641039267029,0.17960855767546713,0.6497516403626805,0.3065008691701041,0.7801516850588854,0.7801516850588854,0.06690832830248196,0.3436678291478035
TCGA-DB-A4XC-01A,0.67,0.24625450429353082,0.31808428667347893,0.27925611544582457,0.02953464338336412,0.10021397595994931,0.11823319741035174,0.13463062898078362,0.5726812441548205,0.28695037484077474,0.6564250076529765,0.6564250076529765,0.11635496300956598,0.7002727561395008
TCGA-DB-A4XD-01A,0.83,0.218067206336272,0.08572674849092847,0.15173626560793013,0.030837542685083565,0.09519524682472542,0.15192437211761475,0.17025689989217227,0.4228956595858627,0.28176544040581775,0.5115223240696195,0.5115223240696195,0.0926453882644633,0.6446140789269468
TCGA-DB-A4XE-01A,0.93,0.31021156580102033,0.3518903555600631,0.31359070902696695,0.03023514140535691,0.12053832949655421,0.18268522405002505,0.20757234637429767,0.6343808458849415,0.315926521435044,0.6259547213129113,0.6259547213129113,0.14195100354554943,0.8554636997091144
TCGA-DB-A4XF-01A,0.84,0.34412508906089756,0.38314480311270305,0.34853081021165866,0.05581173039757486,0.12368576600778286,0.12198029760992495,0.1200262567882433,0.6357822892368817,0.32598284836860103,0.591030402711239,0.591030402711239,0.19585369447911272,0.7958052682138239
TCGA-DB-A4XG-01A,0.93,0.09917625435026374,0.33618436208841845,0.3289791413462704,0.005708524190448305,0.049083226791189975,0.21349773000589226,0.2166392230112745,0.5705799407489726,0.33912539293171884,0.682569318022997,0.682569318022997,0.04218592699399374,0.18612635566802957
TCGA-DB-A4XH-01A,0.85,0.0,0.0074594328121355665,0.0,0.0,0.032982374978815024,0.058019997888426995,0.06187065736596283,0.1574835123538522,0.24042224578959895,0.2039346471977686,0.2039346471977686,3.0724787115426764e-05,0.1334063863712279
TCGA-DB-A64L-01A,0.75,0.17470382669815682,0.2014042001283398,0.0704798822058682,0.016892638293395525,0.11804914560265964,0.1261156776961786,0.13585877370497726,0.3942442016661973,0.2727102129524919,0.5560248344753983,0.5560248344753983,0.07738732180057534,0.2510961616897314
TCGA-DB-A64O-01A,0.52,0.5491352734552271,0.09124209964878927,0.0003651920999752507,0.3088583946598534,0.326939481739138,0.0014739982848845532,1.1729397650103261e-06,0.18741101783779754,0.29543588201092574,0.2895102133295933,0.2895102133295933,0.1803871022871665,0.8982844116864298
TCGA-DB-A64P-01A,0.86,0.10403021471278362,0.2959235405917293,0.1568124446216259,0.028133265953944754,0.05573096867209915,0.07542370209905117,0.07352063863694762,0.31887367881575934,0.2823309233413753,0.39249898721771875,0.39249898721771875,0.045015549980647176,0.21262641741656488
TCGA-DB-A64Q-01A,0.9,0.12594647528663272,0.2494400657699691,0.1606888448006094,0.02445893856245715,0.06590553221590711,0.08364780493459419,0.0872160605317751,0.42406831709694953,0.2937105988520349,0.5995622364787041,0.5995622364787041,0.050815785841498644,0.31662541966200786
TCGA-DB-A64R-01A,0.96,0.08246026495731922,0.4026236383180872,0.2387369593717294,0.0147475231980151,0.04330458179276683,0.17593886358407995,0.19085891073512856,0.5947112156969947,0.33639659949457795,0.6865633604019078,0.6865633604019078,0.037533233606857105,0.171398482176563
TCGA-DB-A64S-01A,0.75,0.23879747180255806,0.16815479855733587,0.06754599971985766,0.06738950006434208,0.0867532481247409,0.04994533600962689,0.0533945932881457,0.19386165007110162,0.22003409525106093,0.32614202558219746,0.32614202558219746,0.1232368105413045,0.6246391095837186
TCGA-DB-A64U-01A,0.78,0.06365041103088066,0.08079442870625808,0.040715158151519985,0.015611200194696563,0.04780632523347227,0.047137766202402356,0.055162546225070594,0.1957245755569143,0.18844541563283695,0.1946697146343546,0.1946697146343546,0.018413334919615863,0.1679633913752539
TCGA-DB-A64V-01A,0.53,0.4469774163349826,0.1000828311098952,0.034910189726252365,0.07840177076190318,0.2321094445411847,0.005530784210329223,7.664711662125323e-15,0.15863777926704056,0.17183818308399493,0.19394451455802425,0.19394451455802425,0.260556669436965,0.909533552245907
TCGA-DB-A64W-01A,0.88,0.2094269963576774,0.19957859632987443,0.23982306373237858,0.003462323302796186,0.10417844514605469,0.25101610210502634,0.26315680793050356,0.5170756948511913,0.322974259779685,0.5486238235763345,0.5486238235763345,0.09191294172908777,0.24004563702414491
TCGA-DB-A64X-01A,0.94,0.20455950912169407,0.29985100310826723,0.19065501057336232,0.0357011995000937,0.09315305246805833,0.07632526699687507,0.08095340940200607,0.3609187971740111,0.3241167958592568,0.5246278536492854,0.5246278536492854,0.0994380256242571,0.48430171664779365
TCGA-DB-A75K-01A,0.83,0.3338984099406225,0.2344927510166983,0.1613288092457998,0.17802474598128235,0.10818650231252935,0.09991411431406991,0.10790862363244903,0.41754973608099727,0.26307899456045997,0.43719102868895166,0.43719102868895166,0.1817124923074122,0.899392581716195
TCGA-DB-A75L-01A,0.83,0.27979785682593217,0.17471705307034835,0.13183583254472422,0.05957477102023638,0.11213661956412915,0.12833246761643335,0.134660488315319,0.5193048910228057,0.3001665696855391,0.5261304762567125,0.5261304762567125,0.11441367995296144,0.75908538891369
TCGA-DB-A75M-01A,0.87,0.3431737434631791,0.2254741837091091,0.057899191951948134,0.11580695342025286,0.1166798581070154,0.03064480745354558,0.02726091420639663,0.5940443686567461,0.313076506723644,0.37085463686643105,0.37085463686643105,0.19047018381157838,0.9491051443611577
TCGA-DB-A75O-01A,0.74,0.44662137841306077,0.2944960601686424,0.07450140392466345,0.14903484356432636,0.13441685855346402,0.0074383825997511735,5.221662079876042e-05,0.4128505364577918,0.3219310436408,0.4465253109051675,0.4465253109051675,0.34182577011955756,1.0
TCGA-DB-A75P-01A,0.82,0.1698755381246844,0.3019504112057399,0.0516961262212746,0.03890623144812941,0.10344113203246813,0.028506215703906716,0.02745875059384164,0.32980073752175504,0.2902354796175716,0.4790198641573374,0.4790198641573374,0.09437178232079045,0.32819515681869343
TCGA-DH-5140-01A,0.88,0.3414647113811384,0.5576128040441046,0.5036112012872848,0.041228735405991486,0.13520036591489978,0.3026352592017666,0.32064318052082924,0.7331778940367296,0.35064597357495486,0.7129834455849581,0.7129834455849581,0.1777902700189307,0.8634210882863441
TCGA-DH-5142-01A,0.86,0.361833121965473,0.4522320466014438,0.23222942498557886,0.044064590774353235,0.12356095987897299,0.11985784088262628,0.12801973595843866,0.7560440223625599,0.252774282542385,0.6291880403568119,0.6291880403568119,0.2004979750378556,0.874165687100761
TCGA-DH-5143-01A,0.44,0.3487743051852301,0.23529585791967556,0.14206234743089238,0.0709321199336478,0.3325819259527065,0.07969466452778601,0.10251832100889635,0.4465000114149072,0.298689395682584,0.5752532256656167,0.5752532256656167,0.17250980164345853,0.9593532419798706
TCGA-DH-5144-01A,0.93,0.1433086934472338,0.405745301462885,0.32413056941867346,0.020004673249755175,0.07042311768578464,0.18751606655639017,0.18791638636594019,0.6044535309792808,0.33135189124964903,0.6644712223107073,0.6644712223107073,0.07451529518644748,0.24879697520563937
TCGA-DH-A669-01A,0.92,0.5379184306712322,0.4149724951256164,0.3923042738477326,0.032684511325110084,0.2861249243351289,0.20326998917883626,0.21524370096206719,0.6645752986482565,0.31887378838091784,0.6054259307277773,0.6054259307277773,0.2987709360613563,0.7771164348258388
TCGA-DH-A669-02A,0.86,0.30931399616419547,0.36279585373247625,0.21238048834671897,0.021528345094973377,0.1243993562649996,0.17010425274207563,0.17905637591924953,0.5210177376911499,0.319097804457643,0.40666388457475133,0.40666388457475133,0.18804765742335108,0.5771097072347817
TCGA-DH-A66B-01A,0.41,0.6994762690220925,0.43657171749478374,0.17041676414502097,0.10334582493784658,0.13030315636343856,0.1102979854273982,0.12891732533641656,0.8205910348957052,0.3100450393846369,0.6992010531226109,0.6992010531226109,0.5096039958464711,0.9956909468118242
TCGA-DH-A66D-01A,0.81,0.3514676344146169,0.3876060275154022,0.34312146011649824,0.0517160625717377,0.11860692895922235,0.13737282886261662,0.13996808522963522,0.5829503311829033,0.307101157518022,0.6501223865606272,0.6501223865606272,0.19966095050894733,0.8134563593334743
TCGA-DH-A66F-01A,0.93,0.15904566029378003,0.24208042970431204,0.13142027883196036,0.1104172635895416,0.09588956960908575,0.022054286185059162,0.02049581139402592,0.2692940182308756,0.29676524477542493,0.33529604314273814,0.33529604314273814,0.08208611278422459,0.42401042580960596
TCGA-DH-A66G-01A,0.35,0.6652967968582728,0.3534760114550673,0.28872615520072503,0.09977982492322701,0.23607514481276792,0.12302481379836573,0.12739438000205858,0.7069311142560788,0.3040123332892199,0.7583474789550112,0.7583474789550112,0.40990673662383936,0.9506487534676237
TCGA-DH-A7UR-01A,0.74,0.12855080647348893,0.10708122647241586,0.049143455099004925,0.0011399358061532582,0.06924478148366162,0.08557799177016139,0.08763104900185716,0.20154646212602934,0.2828274572019663,0.2017948137358731,0.2017948137358731,0.06515732295406533,0.3131308583954737
TCGA-DH-A7US-01A,0.74,0.10321646682029835,0.16313398395719847,0.05155542342906043,0.030530783360145988,0.05303305579797633,0.03807890430239926,0.03752595854100533,0.23486813393169206,0.2528833093035607,0.3109889816535607,0.3109889816535607,0.044567611730180944,0.24415535969506005
TCGA-DH-A7UT-01A,0.7,0.15545115448356714,0.15667263874543516,0.08487747700382711,0.0699263626587468,0.06755293573178116,0.011324903206573197,0.00010052909873994633,0.24981114590173503,0.2601986880932812,0.28448934572334256,0.28448934572334256,0.07233859158644583,0.31423210888101355
TCGA-DH-A7UU-01A,0.87,0.32243926758200825,0.24437940995269297,0.13897732806193755,0.04840364333306199,0.09394737274228625,0.16727305411981805,0.1811148786951383,0.5712529156801099,0.2755581651570646,0.4935933863155831,0.4935933863155831,0.17039285590365108,0.7815534952121146
TCGA-DH-A7UV-01A,0.71,0.46705783050860433,0.11816721341197617,0.0531628540971741,0.06841279184704853,0.2800126899612426,0.11568985769580642,0.12827480769959926,0.35862382219124594,0.28725397463283386,0.47568283389388094,0.47568283389388094,0.24346186345112966,0.931875498752039
TCGA-DU-5847-01A,0.74,0.4690945200290613,0.10587994908254623,0.02771641219388369,0.12077151067462044,0.4442861722521426,0.008471763821214973,2.1943569603206533e-13,0.27348242496553116,0.13874855068912392,0.4101425461404785,0.4101425461404785,0.2504967333728494,0.9075560259133049
TCGA-DU-5849-01A,0.69,0.12612542930189347,0.11019527715823556,0.09120593081361579,0.030840603514782964,0.08644295115562206,0.0668384939162017,0.06939538166858832,0.27984546480431444,0.2457315651111283,0.39282762603945737,0.39282762603945737,0.04504688360694174,0.33733869947603157
TCGA-DU-5851-01A,0.44,0.11274358992130462,0.13945945836407073,0.02016325941543633,0.04260791278541717,0.07889476608222346,0.024295096108727245,0.025285862107860654,0.1685261511079323,0.2316378053106809,0.31254921601598706,0.31254921601598706,0.038202262172714274,0.23178751299390846
TCGA-DU-5852-01A,0.8,0.301789595506038,0.25409381948459453,0.4017114430123109,0.050268633757971304,0.25668286315306515,0.11043596333199401,0.11503243011994103,0.3568143254925964,0.498079134611167,0.4320235009499417,0.4320235009499417,0.1743781352480843,0.5796285117474506
TCGA-DU-5853-01A,0.83,0.1769285231129266,0.1384766551223151,0.12330857738281321,0.01932845780184186,0.11550198570599199,0.08760055280642128,0.09551874689514331,0.44663139775837607,0.25398026418516084,0.5514676519929855,0.5514676519929855,0.07804139929378869,0.48049100332749606
TCGA-DU-5854-01A,0.53,0.2879409365635513,0.09020828272692356,0.13287028495576178,0.13093404625142163,0.08165283950084065,0.005161154546192037,6.921168360668443e-05,0.10781629128451344,0.196775556287716,0.13812531151512258,0.13812531151512258,0.14963423881180518,0.6350510926465772
TCGA-DU-5855-01A,0.55,0.24187501728510394,0.3749906012711932,0.29622067877762787,0.045252407028985156,0.13880143615460017,0.10083463165280122,0.10286574912396562,0.5292374023463395,0.3080579738804588,0.6022952545531097,0.6022952545531097,0.1269068900488063,0.5795834279704449
TCGA-DU-5870-02A,0.93,0.5143513624386532,0.39662169325089963,0.3430373882481828,0.05890304524263743,0.45697250499657294,0.21296259020207034,0.22660563976751913,0.5803836942793433,0.33944342886801604,0.5549693118282729,0.5549693118282729,0.2671952961152327,0.5525852979499613
TCGA-DU-5871-01A,0.9,0.22289084226260705,0.270322556982361,0.20011714520270973,0.020128352448973263,0.18503529331642388,0.10628642127920604,0.10654096998003157,0.5363697788095856,0.297669691200587,0.6562802258877195,0.6562802258877195,0.10832260926728127,0.49006259354791415
TCGA-DU-5872-01A,0.86,0.282813137950257,0.1947281738151205,0.08461561594455065,0.1091756127574644,0.10797347014665708,0.06448540523734378,0.07006925889628135,0.521461299908437,0.273327875777138,0.33119533636956255,0.33119533636956255,0.1375816210486666,0.8191960735054266
TCGA-DU-5872-02A,1.0,0.16117950614035587,0.019231108522344352,0.0,0.043710378885995875,0.15826059894421735,0.004624833283492582,0.013623277206084175,0.059375636628250766,0.0,0.09966762452817936,0.09966762452817936,0.16379641355391913,0.9119023191350962
TCGA-DU-6392-01A,0.83,0.22477638923854618,0.32592069673027274,0.23569457824808576,0.01311738437807712,0.16069474863130714,0.15771825459820063,0.1614448198782682,0.4748977828368326,0.24109012092816984,0.38236275858935836,0.38236275858935836,0.1273994955533579,0.37092048243289105
TCGA-DU-6393-01A,0.95,0.27004604131274235,0.28249438838660124,0.26802234546426557,0.024221581242762403,0.12037849924266647,0.273867180809148,0.2893922405173959,0.5242400090831852,0.319927981978492,0.536204795534765,0.536204795534765,0.13767066719139084,0.5140556724805676
TCGA-DU-6394-01A,0.98,0.46541890847951195,0.4147703740067043,0.3320012978985147,0.12581487982201353,0.15286552608203513,0.22425276512633865,0.23622448243157482,0.6409814135590408,0.362663811974422,0.6290749306784568,0.6290749306784568,0.2808446485945288,0.974881289060819
TCGA-DU-6395-01A,0.88,0.2810086783034362,0.4103072217537431,0.2878628600880542,0.030642715020120167,0.10116065080563334,0.09692705710107166,0.09895811693560888,0.6404121762165161,0.2930973173534259,0.5813859968116338,0.5813859968116338,0.14798046918502747,0.6154397073867758
TCGA-DU-6396-01A,0.76,0.13791429733584043,0.19339648665213707,0.06871848770809527,0.028317766507200307,0.04471338866035246,0.06993330137729421,0.07636621494086951,0.32206743515535174,0.114851223309738,0.3816880486193446,0.3816880486193446,0.06722331699732666,0.29002136589518523
TCGA-DU-6397-01A,0.79,0.12350337366402128,0.13793322578328124,0.09046450715171207,0.023245670490625384,0.08113845762919182,0.07277065336050817,0.07594969292960135,0.3584299918061831,0.2778115585747892,0.37666810961946046,0.37666810961946046,0.05628951174902231,0.3005621648959771
TCGA-DU-6397-02A,0.93,0.21408529857662384,0.21124643758028983,0.15164699933658646,0.03779382118771653,0.07683982409336135,0.1530774593308859,0.15195651249409076,0.3542950279601195,0.24185049822564322,0.18914147280616636,0.18914147280616636,0.12271213420124098,0.45743246218626216
TCGA-DU-6399-01A,0.81,0.23713814667606722,0.289663225270706,0.20446469225649933,0.048552416549250986,0.09719110749757875,0.11661807106683007,0.13132996746770773,0.600747444865868,0.3060037234650929,0.5572146448576502,0.5572146448576502,0.11902765506547615,0.6189193307828275
TCGA-DU-6400-01A,0.91,0.22574919292213855,0.30243982452709955,0.24801511285040392,0.022278128375853162,0.10175142801218201,0.2713263496104202,0.2990511813391688,0.6102966596034687,0.311383032916937,0.6316831393507805,0.6316831393507805,0.11639526486749083,0.4617069791063216
TCGA-DU-6401-01A,0.36,0.1404861302920096,0.17115723245067702,0.03666442592437661,0.009957756825255024,0.070606327705672,0.08262556629238324,0.08700019932532066,0.36926278062706314,0.3078579186040509,0.3192100263145392,0.3192100263145392,0.05990425404017894,0.339486784282479
TCGA-DU-6402-01A,0.63,0.14148990982041637,0.10101907424286519,0.05621062589627627,0.017178218983664416,0.08370550671473428,0.03395183428534159,0.034398851443936916,0.23969179904888632,0.03451327372603387,0.28661236916025656,0.28661236916025656,0.11375535650193341,0.26671010557078406
TCGA-DU-6403-01A,0.71,0.31396351948068996,0.3012009057268428,0.31463098853578103,0.06028822825818791,0.07874782280874863,0.1238141436582241,0.13268795181516008,0.5265578970976088,0.12200276966235286,0.4202107229666971,0.4202107229666971,0.15677762827214245,0.3250233355956977
TCGA-DU-6404-01A,0.31,0.23880501436535662,0.18526845875492498,0.11553790073742023,0.0,0.1487464031939673,0.04772604127719537,0.04468991315227789,0.2772582079889154,0.32422474161379683,0.32093606548932185,0.32093606548932185,0.17653572495984607,0.18978407032472358
TCGA-DU-6405-01A,0.87,0.5960475915763006,0.35799987034373293,0.3997011455320915,0.15381834391661547,0.564804190997092,0.17418245263756635,0.18953229486006531,0.749693445628894,0.32148474824527395,0.681620598696879,0.681620598696879,0.4029239327116756,0.9595600323328082
TCGA-DU-6406-01A,0.98,0.2724327266226987,0.4490096196826108,0.3957547334471361,0.04200523061131862,0.10435833466289023,0.12319608223277208,0.13309582334095926,0.5110962748991598,0.3670291085057328,0.4926812215423767,0.4926812215423767,0.1604293486611946,0.5162937329786818
TCGA-DU-6407-01A,0.81,0.3147503758660364,0.41054271661153446,0.27870349325430765,0.027064679772221847,0.19429604341610887,0.1020481164363751,0.10203153019786274,0.6584884481201996,0.33337622811861,0.5745629150237164,0.5745629150237164,0.18075206491453286,0.6381293670061267
TCGA-DU-6408-01A,0.89,0.19457174545594308,0.3725124005241145,0.29866138897823774,0.028599721881314644,0.08406575555808361,0.07330638178819623,0.07687122219026715,0.695151201210317,0.3245845603929553,0.6677317700729403,0.6677317700729403,0.09888722778563237,0.45297514522719845
TCGA-DU-6410-01A,0.96,0.34650293345792704,0.2524919924476734,0.23684416697465172,0.012735373018440285,0.11619462527170836,0.3686755268662781,0.3774690441680683,0.6677466505590964,0.329034913387837,0.5505064063404027,0.5505064063404027,0.1915505578945758,0.580160977826755
TCGA-DU-6542-01A,0.81,0.1819385279628203,0.33279854840901507,0.2708072129366163,0.025139948887962314,0.1572490302957282,0.10521103301618911,0.09875121371275117,0.5665601577738799,0.268900867006198,0.5663831054740234,0.5663831054740234,0.09579691471773168,0.40592159421054763
TCGA-DU-7006-01A,0.72,0.2080492366308609,0.20333670383425256,0.10576553051697575,0.03968931948461062,0.11325644004990951,0.046689733142475875,0.04569583216508956,0.3706577516348412,0.18328696220685498,0.4290852056345455,0.4290852056345455,0.13062997055973377,0.4780418219650295
TCGA-DU-7007-01A,0.84,0.4334240856056896,0.16778061298490432,0.042672091650423766,0.03846551349288032,0.09912433262836802,0.030890319771858195,0.03088074131508974,0.32317681622694844,0.20785117705671002,0.39896814428682426,0.39896814428682426,0.006999635576461695,0.568858947350761
TCGA-DU-7008-01A,0.83,0.0732832417209622,0.405004021353647,0.6168164027045139,0.015089350726082366,0.07107859564723906,0.23354288683932017,0.3532611969369109,0.7480487862698213,0.2586335955694388,0.8198008955777614,0.8198008955777614,0.11795385940373278,0.16157724974155915
TCGA-DU-7009-01A,0.84,0.08557506953583498,0.1076080829969312,0.07630286335155172,0.00895526567099791,0.05245542116134899,0.12771101591500703,0.13316568624992084,0.33949264785119165,0.25328008738221514,0.41440854649186915,0.41440854649186915,0.01908898307807353,0.1658652377152896
TCGA-DU-7010-01A,0.86,0.27138157144805597,0.24321091462486769,0.14749470080711943,0.08862459345064126,0.12291445661271312,0.11120199591497328,0.11453470414179844,0.45133440458852114,0.2642120762851203,0.39575116379384234,0.39575116379384234,0.1302479584951161,0.669149911865266
TCGA-DU-7011-01A,0.24,0.23381198138584378,0.1049953716330822,0.05763409058473618,0.029411888962541082,0.09420050079303154,0.052934479371756146,0.053702615345577256,0.29315763772592435,0.259720144328936,0.3617579498454972,0.3617579498454972,0.11361072807421305,0.6482363414461568
TCGA-DU-7012-01A,0.52,0.6506329024082694,0.14656986831640742,0.03881366233437285,0.11916913362502853,0.24988230646144932,0.022188111078935525,0.016800049079752633,0.5878436219946451,0.17898563028416303,0.4860612838494926,0.4860612838494926,0.4040258381120597,0.9201218012521257
TCGA-DU-7013-01A,0.97,0.6959167353332282,0.45141425854302764,0.7013534238341386,0.22180558886469665,0.6653226375955261,0.1915777999150909,0.1969207302331133,0.8262894187179358,0.494580376800571,0.6375302244965518,0.6375302244965518,0.5529300869717112,0.9745969206287023
TCGA-DU-7014-01A,0.78,0.21069703147209623,0.33165971718699816,0.2585809187063884,0.0718742497404001,0.09220479072344517,0.1423699072927009,0.14603853963976318,0.4783233773755374,0.3175725309341938,0.38374016143987516,0.38374016143987516,0.10376694140981871,0.4815587065091351
TCGA-DU-7015-01A,0.5,0.3010097171981321,0.26544840989600976,0.1228073022957872,0.046253019698448763,0.2584665791985013,0.10306120136690956,0.11567176102227067,0.4304335696184541,0.263313984865061,0.6416223651921229,0.6416223651921229,0.1559595636081482,0.7605274504473347
TCGA-DU-7018-01A,0.93,0.15554748925405792,0.18337892456730998,0.209121158447365,0.006367513491933464,0.08177437459673104,0.22608168074024357,0.24012260874132746,0.44464121818948354,0.32391972923006906,0.4366845802277786,0.4366845802277786,0.07973804671965451,0.22475770098241213
TCGA-DU-7019-01A,0.73,0.023854318726946273,0.1574970596398644,0.052962602007656547,0.009226427187602533,0.04762280057731146,0.0447260246989995,0.046374253078754396,0.24368819438045464,0.2468818630960089,0.4387290736291109,0.4387290736291109,3.222897717008621e-07,0.16656259128848466
TCGA-DU-7292-01A,0.99,0.6259785098459335,0.2872796996919515,0.5346949511278982,0.0738581594566328,0.31669084228530053,0.1708354281374904,0.16905747041839067,0.43799311414402387,0.4663349989071657,0.5181522677366565,0.5181522677366565,0.37392614885287906,0.564608987212443
TCGA-DU-7294-01A,0.93,0.10223984568885705,0.1930430430929463,0.1411720982800286,0.011913151312817062,0.055215619543032245,0.1553190500798163,0.1657119675560815,0.4768067709130872,0.2763839607433009,0.5216668419800063,0.5216668419800063,0.04308837336564862,0.2003193609995966
TCGA-DU-7298-01A,0.75,0.12175936188775124,0.17420989236144804,0.15658324417860664,0.018467654491530167,0.06190961054599206,0.09362325340773876,0.1023339994639505,0.4394467275657498,0.2102861651497509,0.48270704975047074,0.48270704975047074,0.04508973573175657,0.3333276592382382
TCGA-DU-7299-01A,0.8,0.08251597250520015,0.18389959616479437,0.15341618153195175,0.015946349125521,0.06025623337686688,0.08837928025958801,0.08966875350134808,0.4167294063470458,0.2550689254380259,0.540066757331025,0.540066757331025,0.03448263182013616,0.2003014654253902
TCGA-DU-7300-01A,0.65,0.44741596316232785,0.2316738476035236,0.14008740729668076,0.07228720693283446,0.2461140546125726,0.1088338828817705,0.1164086309326797,0.31646942770662906,0.266133980628257,0.440350860680219,0.440350860680219,0.2252896539556449,0.7611807999491306
TCGA-DU-7301-01A,0.89,0.31542458819311386,0.15746927798352323,0.10553747814962007,0.0768819843697071,0.08542308109311891,0.07523202420906891,0.06673824737585675,0.3626136920142681,0.2189587156119303,0.4140783648405784,0.4140783648405784,0.15688496491746695,0.8959341986629921
TCGA-DU-7302-01A,0.87,0.07032027897534303,0.3601749810325849,0.13422071512029332,0.020522538921133416,0.05358146920481444,0.14035118718494483,0.1512807823487631,0.4171642502700003,0.30010612881875276,0.6030270901628547,0.6030270901628547,0.02772369010620647,0.10816766695601895
TCGA-DU-7304-01A,0.81,0.3846320473012185,0.21125124593927672,0.09648873057935572,0.0847282724635216,0.21912931192653778,0.04742717090531891,0.048156262285646075,0.3303485581030792,0.28055502804376387,0.41649347232510603,0.41649347232510603,0.20501304363619158,0.949632531830992
TCGA-DU-7304-02A,0.98,0.754240526967666,0.4453302079843823,0.8141065133430341,0.3260741451122627,0.28272499012885977,0.21576547880325797,0.22506745818378035,0.8202230908690168,0.4505284228059177,0.6008726546662793,0.6008726546662793,0.5270057991485803,0.9808938341358115
TCGA-DU-7306-01A,0.85,0.2137238304049742,0.2302047682015117,0.1508078516932508,0.03286528782568089,0.08793350062604384,0.05008907548965608,0.04685955172267374,0.34770582053296545,0.2972858242660426,0.4636782378401924,0.4636782378401924,0.09262453637580428,0.5310341947894007
TCGA-DU-7309-01A,0.73,0.07883773216284955,0.2511144020633232,0.05985162378911076,0.012271248897380491,0.059752033610756025,0.12528893878039027,0.12711523817880233,0.38080395260613803,0.29964175430998763,0.5071314815097263,0.5071314815097263,0.02833781258242374,0.059727327389414414
TCGA-DU-8158-01A,0.66,0.5824634002393644,0.2591555388820025,0.083738228455014,0.219853557393813,0.3583432295791691,0.07342427325316658,0.07877140211956032,0.42239657993245616,0.2339301750795348,0.4400196661360552,0.4400196661360552,0.318836358542647,0.9124610643483877
TCGA-DU-8161-01A,0.53,0.35084996083914294,0.11629682067085556,0.013601465884480713,0.009226457176027597,0.27590496037912215,0.0038780141168023555,2.2397659476015487e-21,0.2250893471161722,0.20880187902687908,0.38725542343555985,0.38725542343555985,0.07759305162013717,0.45250404659669957
TCGA-DU-8162-01A,0.22,0.1300372817351664,0.0007255394763603887,0.0021648351199246366,0.04446881598810921,0.07872001362856515,0.059297561388715433,0.06431532361600877,0.1927228750950022,0.23114475719355,0.24390550093347213,0.24390550093347213,0.028268410256780365,0.2170830260649157
TCGA-DU-8163-01A,0.64,0.2531168082278923,0.1601537282834315,0.09882271240899396,0.050642732284495694,0.07525572156824147,0.07358284793057394,0.07674118995181,0.2970809426306172,0.21823460968873706,0.44752972948809966,0.44752972948809966,0.11923148908823983,0.8305123995552983
TCGA-DU-8164-01A,0.9,0.07642103068352672,0.26140718493903736,0.25779056752841306,0.008207691494375592,0.047282807790121055,0.19208179366181596,0.21208336302922337,0.47057768085100915,0.3270368738923549,0.6562440866662946,0.6562440866662946,0.02846858350101816,0.16697499497205454
TCGA-DU-8165-01A,0.79,0.4570835278760129,0.11589209630737309,0.08197233846046524,0.025599189813299818,0.43550587464493584,0.04115019014873775,0.04391466246888813,0.24061039029256204,0.1715044685867979,0.42445079233019234,0.42445079233019234,0.33923862658000187,0.7140879580455077
TCGA-DU-8166-01A,0.84,0.09252429867109052,0.2808970493357987,0.16080025305547327,0.008216663214720305,0.05371041670214399,0.18872268636116069,0.2000188574966715,0.5153596270485006,0.282477089338368,0.728608151661882,0.728608151661882,0.027612974376744495,0.24792300451126556
TCGA-DU-8167-01A,0.65,0.22901083827649685,0.1360604234639551,0.06252021646767066,0.05194663700348517,0.08514707143853352,0.054114791396692015,0.05797396924835659,0.2712301034154322,0.19520865267622192,0.3058006073305196,0.3058006073305196,0.10862988481249668,0.5773879845715253
TCGA-DU-8168-01A,0.97,0.24798866260464245,0.35285520816780225,0.3241507108506347,0.005411520761169125,0.11854912765838856,0.4083218522105078,0.4223454154857677,0.6770201408452522,0.3464846258795318,0.7066071661746272,0.7066071661746272,0.11625407580305819,0.26101679003738465
TCGA-DU-A5TP-01A,0.81,0.2039321932764657,0.28638258803955313,0.10878115006632481,0.02508375178795641,0.03942502676797725,0.10515561851262388,0.10920882250453234,0.5626575698293443,0.0,0.46234809376915975,0.46234809376915975,0.10703274183776297,0.5402664245412636
TCGA-DU-A5TR-01A,0.74,0.5992742380080797,0.10693667701880527,0.04384580644467741,0.06399892833753353,0.3099264098055761,0.03124493505641277,0.03187027311769143,0.307114365082619,0.0,0.3206251718985648,0.3206251718985648,0.3474094353815825,0.8965553552353724
TCGA-DU-A5TS-01A,0.77,0.2182849474232989,0.07609448043525596,0.032806046373057604,0.057502216484013956,0.08866108950019275,0.03183686305696903,0.03154906993987494,0.13864258125299236,0.2199793508992759,0.24398421812914414,0.24398421812914414,0.09582560411196976,0.4498776062972214
TCGA-DU-A5TT-01A,0.69,0.6334604456192381,0.22518010402053257,0.10717092064439618,0.28373380308111057,0.16307211293542848,0.032885020809951426,0.017900603459925214,0.3575219164235239,0.31718409480568704,0.35350754729490225,0.35350754729490225,0.42216386506099396,0.9725353654935756
TCGA-DU-A5TU-01A,0.82,0.38703308177553575,0.40045215643923293,0.32260590871603095,0.0537352603980804,0.3231585075988127,0.1101849627219353,0.12408778314610866,0.6549885122475708,0.28480065114706704,0.6273959630533429,0.6273959630533429,0.22598215555027124,0.8537217518041446
TCGA-DU-A5TW-01A,0.76,0.3292390280261718,0.23043562762253575,0.24797717380060638,0.03348019113451158,0.12967565830512823,0.18075657742018575,0.20119101116466906,0.6504667302863103,0.31470062106706626,0.5468842788482943,0.5468842788482943,0.17149898304760622,0.7859749388494383
TCGA-DU-A5TY-01A,0.73,0.4493693342224129,0.2195092288597026,0.19314957339100977,0.046049226194651634,0.3485146112013944,0.04420591433843799,0.04975929817829176,0.28580026032514566,0.209359012842356,0.28374259879505015,0.28374259879505015,0.22615629162749878,0.8416390017756148
TCGA-DU-A6S2-01A,0.7,0.09054153714169551,0.1838453678566392,0.04922838549549758,0.01334881409777526,0.06639141754686974,0.11779900870064115,0.12263447212385331,0.32954309681411226,0.2596418067411259,0.45283606876917093,0.45283606876917093,0.03270220663054925,0.14553092505320936
TCGA-DU-A6S3-01A,0.79,0.14223659458296087,0.2966852045172084,0.1496769090928951,0.00722982729098091,0.0729378219163771,0.1881835567828489,0.19480598659280865,0.43352154533656695,0.308110558480784,0.4864915893789155,0.4864915893789155,0.06574086747576266,0.19215106008258404
TCGA-DU-A6S6-01A,0.86,0.1572698099275164,0.41413992626438145,0.19944447708911683,0.01579300603642044,0.10267100564146735,0.17907274356125502,0.1806574814173358,0.5140917911065387,0.3286814760250192,0.6989106918198931,0.6989106918198931,0.06954070027446255,0.16922677703157038
TCGA-DU-A6S7-01A,0.87,0.3726950146109789,0.13694776347393095,0.0927971135638479,0.039486253183408315,0.09625809215083116,0.13744947509175312,0.14418224651095288,0.44296797600868626,0.267520219466409,0.5261869972081344,0.5261869972081344,0.18141625724850502,0.8946897339767946
TCGA-DU-A6S8-01A,0.84,0.3397488314315199,0.3962344125759055,0.3339506328045499,0.03459986505062064,0.1611193813334014,0.25969657390082584,0.27859300324314645,0.5347425853943257,0.2860323399385849,0.4747299752286644,0.4747299752286644,0.19055407688518952,0.5490186918925897
TCGA-DU-A76K-01A,0.61,0.5502872344332418,0.2220693961640009,0.1438827438146216,0.09323316251969405,0.32658405465738544,0.0700181818085904,0.07186137037637477,0.34127830408169185,0.33116178376791494,0.3019639021649318,0.3019639021649318,0.31268375559398803,0.8098058079918806
TCGA-DU-A76L-01A,0.64,0.07449236091446407,0.18775402343885833,0.11609352147871667,0.005961054575100076,0.06711095909154248,0.04465403775125295,0.04792804685193332,0.2726312566202785,0.0,0.20746666132717217,0.20746666132717217,0.03900714923871092,0.09024372018018499
TCGA-DU-A76O-01A,0.84,0.385145462972053,0.27438560049969735,0.22096550897971554,0.08555603834313091,0.13657895561451153,0.14636610521798682,0.15764220943513158,0.5250927810093327,0.3114456232120566,0.5773052665071324,0.5773052665071324,0.20164038646330545,0.9681580371299907
TCGA-DU-A76R-01A,0.81,0.11669240655595783,0.16114606482041044,0.0807170418281998,0.015587345256890373,0.06311049050725416,0.04603601219186046,0.05005961459939061,0.3094423209259627,0.29427041704209406,0.45089133509553814,0.45089133509553814,0.05018796505077395,0.3061543820108519
TCGA-DU-A7T6-01A,0.92,0.281273543083365,0.2617455646010559,0.24978110511359428,0.055599537581102476,0.2536756937405075,0.13178424083734175,0.14326384084950036,0.3557546635118506,0.26423135151828286,0.3424028506901438,0.3424028506901438,0.1552476349956252,0.6158011500417772
TCGA-DU-A7T8-01A,0.89,0.3675137631596208,0.5317632799976897,0.3656347749124525,0.03703275578700419,0.13891864427714823,0.22092646295857565,0.24785878482884516,0.7533984824088711,0.3072733467064829,0.7086071419183002,0.7086071419183002,0.218128837436575,0.8687288162632866
TCGA-DU-A7TA-01A,0.86,0.24594524174370427,0.31499004510754885,0.224973771092847,0.01512666813604744,0.07947704145632604,0.164056180534682,0.16683855084879365,0.5958281893884622,0.30952451945545495,0.5154207963361941,0.5154207963361941,0.1430417859805116,0.43440948047667044
TCGA-DU-A7TB-01A,0.69,0.023433799203283912,0.008254917777133301,0.0,0.011793683582813741,0.0,0.04226594101469444,0.041476257476255114,0.09281387050907114,0.06830312744996127,0.10006772272606927,0.10006772272606927,0.00011704492882057952,0.03135503114986883
TCGA-DU-A7TC-01A,0.78,0.2379925992617959,0.2903305143441714,0.2463508803993416,0.023213291675393773,0.10188659691493522,0.19016034019957823,0.21322130748549353,0.5862656378717506,0.328445307090112,0.6051180023972759,0.6051180023972759,0.11259905291793013,0.35513355434163063
TCGA-DU-A7TD-01A,0.81,0.6497687933836778,0.34468360439652823,0.37025784427839586,0.04031636111715793,0.20812984658972558,0.21258985192184413,0.21979768215251003,0.5234419044945153,0.49333271334181455,0.4976532502892893,0.4976532502892893,0.5012097063160539,0.9461696676325412
TCGA-DU-A7TG-01A,0.66,0.14156117820944142,0.0189594109969128,0.0008515867650757406,0.026742454398510276,0.08125264231970751,0.08518273891732733,0.09276721945631534,0.18277861012950647,0.2576214891583449,0.3004778417704169,0.3004778417704169,0.045019449992912054,0.07816907370124189
TCGA-DU-A7TI-01A,0.85,0.24423756609435268,0.287369543250709,0.14233698410896628,0.036221737114226715,0.09540561518608791,0.13349786458207566,0.13683287677332162,0.5651169502791765,0.2748533254073229,0.665549011691237,0.665549011691237,0.11487704081436434,0.6656876599142308
TCGA-DU-A7TJ-01A,0.87,0.5428065919174996,0.5451174225596651,0.6975347274658517,0.046279501528325814,0.4054757281985518,0.21924426586059165,0.2283001529448338,0.7185939804111059,0.760922726884469,0.5936824412776216,0.5936824412776216,0.3899310598781569,0.8474426505927578
TCGA-E1-5302-01A,0.85,0.4644505415103652,0.37519634485228265,0.28149018227757344,0.04831802330576573,0.23815310127771366,0.09212795087624272,0.10016840107295563,0.5319170357956579,0.2969185333167489,0.6137636804038625,0.6137636804038625,0.2845741062428741,0.9446101407140268
TCGA-E1-5303-01A,0.64,0.46423797879845463,0.11708992345957098,0.0334433949300447,0.12038699120365058,0.44117861618850335,0.0063315074932239835,8.561897689337048e-05,0.24093956283339885,0.23401666578798602,0.2738431395044386,0.2738431395044386,0.27356803483412917,0.9875973639160176
TCGA-E1-5304-01A,0.96,0.3613407636667635,0.4551815206606228,0.3861739452570527,0.008691741826686606,0.11411919519927671,0.3863816100651067,0.39886869041639483,0.7719061945884421,0.32648697398932597,0.6989336798106253,0.6989336798106253,0.1901513265405055,0.946712249074691
TCGA-E1-5305-01A,0.77,0.13615434764816542,0.15050564576622819,0.09110555132361807,0.03310431375247569,0.06711931156132253,0.06848687249053571,0.07098630734058459,0.45608902965581855,0.25441564327156413,0.5488695934574724,0.5488695934574724,0.05687052354896773,0.3689048205414365
TCGA-E1-5307-01A,0.3,0.22849893517413133,0.10005353980664329,0.18327841838704603,0.01641333114126068,0.14595846859446324,0.1652773047524436,0.18857236654126927,0.5673072336360688,0.27711814165892307,0.7553343571032143,0.7553343571032143,0.060407017858872425,0.5387552993908264
TCGA-E1-5311-01A,0.83,0.0509150051591235,0.2787275196727025,0.1101861487047883,0.004670893784540428,0.036560198416889934,0.13543660016161413,0.1386753071872639,0.40401376591432553,0.3065916789900229,0.5058423976945556,0.5058423976945556,0.019830548406830597,0.12762826794093535
TCGA-E1-5318-01A,0.88,0.0988698786887039,0.10783403427245009,0.04314846126701429,0.0,0.044004967144912824,0.126244554299797,0.1274253719201409,0.28397677768214724,0.2887475811313281,0.2024177505197569,0.2024177505197569,0.05134332921737881,0.32069860203260125
TCGA-E1-5319-01A,0.7,0.10952991513378485,0.1108253698284508,0.038359051789569804,0.0410085997506912,0.055491143826549356,0.03712025149803007,0.04037990963517114,0.181316422487089,0.2284532219669559,0.2382603769276243,0.2382603769276243,0.05033760443445532,0.24970754373969656
TCGA-E1-5322-01A,0.85,0.2413747208567639,0.38523899895525465,0.22323948592666054,0.02949590487716877,0.09468327948463123,0.15666585338986008,0.17003229058439326,0.6767933991894584,0.2488861675192009,0.6688797641618841,0.6688797641618841,0.1142250325936567,0.6095260352426487
TCGA-E1-A7YD-01A,0.86,0.5193968672317845,0.4352801755211648,0.6275525527795719,0.024776995487598277,0.3089141294726025,0.14044669908893395,0.1556753900361764,0.6052820593046149,0.5867901802890735,0.5607924041316573,0.5607924041316573,0.39766712325758063,0.7171888724270392
TCGA-E1-A7YE-01A,0.79,0.21997491586864565,0.23518635108119554,0.15582119413909212,0.07436225239964238,0.06692042163954692,0.06247297133786232,0.0660088097147889,0.429081288842218,0.2385324624312907,0.4211774076478608,0.4211774076478608,0.10716671250038956,0.5287901568378112
TCGA-E1-A7YH-01A,0.7,0.17555255294795571,0.10700462236190274,0.04256130488403016,0.03620955389746932,0.0648507183071541,0.03376018364260976,0.03137150512941066,0.2453839284261978,0.21170718509362765,0.28078386120812016,0.28078386120812016,0.06737710533640985,0.13550076275094808
TCGA-E1-A7YI-01A,0.91,0.20417715229833253,0.29750660926970107,0.11953829816789846,0.008861001903430263,0.09222653366047416,0.17640416707768025,0.180930775046496,0.46827594776236775,0.2608463939717781,0.34378751830010923,0.34378751830010923,0.11125334278455574,0.3627075724294818
TCGA-E1-A7YJ-01A,0.78,0.395024672706353,0.43023937896194386,0.49524471307755336,0.08148118692319307,0.34393360521290356,0.10752852349716763,0.1137718101023231,0.49767389419806646,0.9203963286235716,0.36118609957218517,0.36118609957218517,0.24655361160634853,0.6398234190908538
TCGA-E1-A7YK-01A,0.7,0.3885796371967331,0.06627271477399876,0.0,0.0849667909847063,0.07690855600758821,0.0016838467998338132,5.783532626793573e-10,0.11103867555534062,0.07525914816790281,0.1169818644372436,0.1169818644372436,0.11675142091525745,0.7486949305296092
TCGA-E1-A7YL-01A,0.68,0.5941061476311199,0.4159671858236575,0.07511708041145922,0.07647211915985844,0.10559810381782267,0.08440571744194263,0.1028776189403606,0.5829747727212299,0.20141176957587892,0.6181553191444558,0.6181553191444558,0.329734598106676,0.88964073838013
TCGA-E1-A7YM-01A,0.49,0.14029620378419821,0.03359710153926239,0.0,0.041619304033953745,0.06723849819118786,0.0031649296149173388,5.671432855207129e-14,0.14073704319623892,0.20578011174315478,0.15033541667664815,0.15033541667664815,0.046140031104491955,0.04816203576690222
TCGA-E1-A7YN-01A,0.36,0.46874444849694397,0.034991740392042156,0.0,0.0928663266047875,0.10965033169434507,0.011413645497955816,3.541180780088601e-07,0.0932654694689413,0.0,0.1262594608808189,0.1262594608808189,0.29722525796057975,0.9127496951623854
TCGA-E1-A7YO-01A,0.87,0.10493994957196888,0.12756608529723304,0.07133647784864308,0.017097942879506358,0.07381645135171862,0.10081538945927314,0.10501505774984363,0.3490099500569233,0.30214119087909397,0.481209162139027,0.481209162139027,0.04401239814332896,0.2657943781224935
TCGA-E1-A7YQ-01A,0.67,0.327570530924636,0.15496511761955747,0.2092575948062794,0.09585286745104356,0.3131530426505941,0.038450230012355195,0.04150847638117082,0.3526871948423912,0.14298293762660486,0.2602503903990415,0.2602503903990415,0.1937877430356294,0.7839533604018645
TCGA-E1-A7YS-01A,0.95,0.18709862899354987,0.3158768507751339,0.3602520591198092,0.022047315075867154,0.12886233485318851,0.38331958707464864,0.42157235716556396,0.6861003773267952,0.32779943076380186,0.6843901654353578,0.6843901654353578,0.060715891521071624,0.2791734695533849
TCGA-E1-A7YU-01A,0.73,0.1528406136036124,0.19195880070141644,0.12610242879469583,0.03640717738627961,0.07150903166936824,0.03971449528009372,0.03946273980787251,0.2789548571184603,0.278109443650264,0.33962466538510855,0.33962466538510855,0.06233971084905642,0.3948983790750242
TCGA-E1-A7YV-01A,0.83,0.1573597524984183,0.24052978504012887,0.17994836236026732,0.022577630309804208,0.07637397033271329,0.12530786647679165,0.12725465724508153,0.4330387645087274,0.2972937088318867,0.42281977044729047,0.42281977044729047,0.0672992251192843,0.40149802300458276
TCGA-E1-A7YW-01A,0.73,0.24151830389116516,0.28522529240861966,0.16954878279025548,0.028556460123968848,0.10639561662611102,0.09549792828311346,0.09313100372707413,0.6454692892387617,0.3013375126146212,0.5854405881572684,0.5854405881572684,0.1135568378276294,0.6712961498958498
TCGA-E1-A7YY-01A,0.17,0.09345915898271492,0.040030644341118235,0.0,0.013912918136083115,0.09321796862148128,0.14074757203058033,0.1614072585484207,0.17555143955288394,0.26992551674003884,0.29052464567259484,0.29052464567259484,0.017607255875276652,0.0543469797574988
TCGA-E1-A7Z2-01A,0.73,0.2958130842329764,0.09431947526807087,0.013958115173880025,0.06649594244948916,0.28031189019825836,0.030228471355044723,0.03183139244564945,0.17618329673425054,0.2978163770740681,0.2251844587475315,0.2251844587475315,0.13231714278972315,0.7403507674352952
TCGA-E1-A7Z3-01A,0.67,0.18779868723311166,0.12444057714318918,0.06549765453340842,0.05828539779557165,0.09164631474222316,0.0693758656458247,0.0729087191046368,0.23368904271667157,0.254751318607925,0.4182062488786656,0.4182062488786656,0.07038999322575464,0.6336210309881856
TCGA-E1-A7Z4-01A,0.83,0.5731519147869233,0.260910008489197,0.18757657552602322,0.26307236911238424,0.28812702999767614,0.0805972679044018,0.1086770661910822,0.3454864085773264,0.31374122968022083,0.4634845917362482,0.4634845917362482,0.3639529919713629,0.9752143934519782
TCGA-E1-A7Z6-01A,0.77,0.16602182558536097,0.12277400668107119,0.012128378587652928,0.05970400911037042,0.10226666692351843,0.004788086818077491,3.833452685367008e-16,0.2664601685662302,0.28439251107173286,0.3088318281913847,0.3088318281913847,0.07437644057670857,0.519776327426621
TCGA-EZ-7264-01A,0.97,0.10875621547650623,0.1832139881873793,0.18589244195830046,0.016397413931363427,0.058559542083005574,0.21047491867135343,0.21335297889608607,0.5365914432117855,0.310285279128422,0.6725899376972372,0.6725899376972372,0.048996954566890676,0.13264754040028856
TCGA-F6-A8O3-01A,0.91,0.12112774474753614,0.36759937359133077,0.41189242163264206,0.0005179850431355811,0.05626379405266485,0.2399476645303568,0.2506598204743997,0.6030700963755199,0.33399771433388303,0.7075518593179477,0.7075518593179477,0.054638282050259016,0.28241871447418
TCGA-F6-A8O4-01A,0.82,0.21782862187944735,0.17236199805720798,0.14544827644714856,0.011518036065813862,0.0992018659183695,0.15447985875864143,0.1661269514866408,0.47683424100304617,0.31721510519665386,0.5332577186119377,0.5332577186119377,0.10421338297693536,0.4930427026121971
TCGA-FG-5962-01B,0.82,0.22440021428856124,0.2754852696756278,0.1875626166590777,0.04318138274936976,0.1412567133246561,0.13180667608184207,0.1344760543018749,0.47499366099062035,0.2983410293344053,0.5510593403068793,0.5510593403068793,0.10837283930563306,0.5462384263561252
TCGA-FG-5963-01A,0.39,0.28003586188782514,0.08387718322770536,0.03470711646166624,0.07543456785064852,0.06846637370965683,0.009489252036960306,0.01331536685627021,0.13334365987713062,0.0,0.1574130279243383,0.1574130279243383,0.13980848030120546,0.8149539777871219
TCGA-FG-5963-02A,0.83,0.0722404367953334,0.1895752842003889,0.10351748771605458,0.0,0.031787870398829667,0.07308223150175121,0.07538020744448881,0.21344023988517677,0.267826928017166,0.20885094912320967,0.20885094912320967,0.040114554466877304,0.08247263712809633
TCGA-FG-5964-01A,0.62,0.4348006871686386,0.15529853190169052,0.0910655656206002,0.06748595440489909,0.22352017715051328,0.10375161714849772,0.1124089849376415,0.5234597442138451,0.1825684724026039,0.4098714513001533,0.4098714513001533,0.24701487428629568,0.8634103890391477
TCGA-FG-5965-01B,0.74,0.2722516983967929,0.24975061257189052,0.1465749978154408,0.04720880310314163,0.11375657789512016,0.06021671343705915,0.06490505798498877,0.5407049484966076,0.272781190221883,0.5574305126227166,0.5574305126227166,0.128230006996076,0.7265161951106202
TCGA-FG-6688-01A,0.38,0.6371245675758657,0.09672044694760557,0.18125125200287628,0.2011977435606146,0.6177840272840335,0.0013634451550062863,4.6866992063737856e-08,0.4784902157275825,0.3361793415018429,0.21502893535735693,0.21502893535735693,0.38369235425741705,0.9423705325860701
TCGA-FG-6689-01A,0.58,0.11587671036984255,0.22075181198995755,0.14329109541282842,0.03943023705139439,0.05864984405355568,0.027078890077893682,0.028563857893430928,0.31464103256155446,0.2619133324784829,0.4094905280483522,0.4094905280483522,0.04715061460329886,0.31930135331474524
TCGA-FG-6690-01A,0.53,0.16636974698592782,0.17735414167386793,0.20075061860700447,0.02374057776493892,0.07614889680179147,0.10011630704501567,0.11364699627178375,0.5146423459689605,0.3018194115827178,0.663770261091145,0.663770261091145,0.0800152018358097,0.39929464564377815
TCGA-FG-6691-01A,0.84,0.24633245620037092,0.14181946857983063,0.10780683842366887,0.019917943158945385,0.16589787260445152,0.10551430115419821,0.10504302434143967,0.3463822688320745,0.26406976073316707,0.4686641505171232,0.4686641505171232,0.12108709748703317,0.621469089080186
TCGA-FG-6692-01A,0.84,0.5822892376459959,0.4907238013240613,0.3007449268750748,0.1233660617701048,0.29040027349938397,0.10525231632933507,0.1063991246471106,0.5472025499936599,0.2827756961394652,0.48378448420186254,0.48378448420186254,0.455853132725709,0.8809581162958902
TCGA-FG-7634-01A,0.84,0.0967658929526585,0.15345038220538515,0.04897677499013973,0.016298409777985218,0.08533199349275852,0.05193484386228328,0.05504400715424181,0.2982923559643998,0.14970662737745596,0.2851100075894785,0.2851100075894785,0.046036423080651055,0.2244715234953602
TCGA-FG-7636-01A,0.89,0.2823113293467732,0.38436087984071743,0.2288354467204155,0.0197145133080045,0.1195072822235981,0.12500307339284145,0.13104862525822553,0.6286582596031721,0.3194102434540373,0.6216807379787154,0.6216807379787154,0.14776362675372975,0.6407126410658139
TCGA-FG-7638-01B,0.88,0.0904424004827907,0.1369219501544619,0.054278782620918085,0.017793771038893708,0.06270410272090944,0.03321133920519017,0.030888967068213515,0.3233381356137034,0.2743700520617874,0.33628304048897073,0.33628304048897073,0.04239079676076104,0.20590370037431743
TCGA-FG-7641-01B,0.79,0.027534949498398673,0.23313671571711148,0.025100687946936553,0.005189109721812275,0.027772787363858267,0.0767994066161816,0.07804888178887018,0.2609311194937619,0.25842439925310196,0.4800260785616342,0.4800260785616342,0.0016236100150259906,0.06890568536292456
TCGA-FG-7643-01A,0.28,0.06938087523270445,0.047349337924395316,0.0,0.018559981313254315,0.039073333268860706,0.019391322441302296,0.015416389671679185,0.11578892128008947,0.21049941877054015,0.1549540816344753,0.1549540816344753,0.022638323163507824,0.08615315464172978
TCGA-FG-8181-01A,0.74,0.11970282038974348,0.017139518566442014,0.0,0.013717739305413387,0.07441244917914876,0.1183240409927996,0.1322036769819748,0.14123506479547335,0.27654760272381995,0.25457866201622004,0.25457866201622004,0.04108099348921282,0.04266071019238902
TCGA-FG-8182-01A,0.2,0.14490848511636117,0.038021471893676106,0.0810147651209886,0.031314675745091045,0.054507959825690504,0.12746675106813882,0.13763236589437589,0.38488416323384234,0.21533665666920715,0.4372662273305693,0.4372662273305693,0.06248341742653407,0.3988916609188511
TCGA-FG-8185-01A,0.86,0.17609977111263397,0.3184552929770225,0.2052853384891588,0.008892016856810226,0.12096462871736989,0.16669335056085413,0.16757104378941567,0.5672851062413743,0.33687004580525,0.6101883226032865,0.6101883226032865,0.08195246916530623,0.42893858400915874
TCGA-FG-8186-01A,0.82,0.24795179779339988,0.29519309685272377,0.17077380070329112,0.04104518088225068,0.106422031809861,0.09480092305837096,0.10631056318463668,0.4538629313363373,0.24569485057497206,0.6132896542645455,0.6132896542645455,0.10753472160523288,0.7402270168449194
TCGA-FG-8187-01A,0.72,0.1943586858111526,0.07126022994012803,0.0,0.044065453415836606,0.07865411883669084,0.0017795609566161558,1.047809598284674e-05,0.1231022542485649,0.18566183749918488,0.1488614575504891,0.1488614575504891,0.03910469862577182,0.516775080877432
TCGA-FG-8188-01A,0.42,0.18011842681515183,0.049663359089226776,0.029009706633787158,0.06424479833302628,0.08378703302539801,0.024570440576759958,0.020505734035337723,0.17568082594225193,0.21436759490369706,0.2554403947443848,0.2554403947443848,0.08330901847523874,0.5892542255592085
TCGA-FG-8191-01A,0.59,0.2080809771671329,0.12094824724497927,0.07370422015531757,0.07635997053934382,0.08255726534668399,0.03240591022833684,0.03775997756376475,0.2804661962008501,0.21145763643876195,0.3358517280019416,0.3358517280019416,0.09326437049145236,0.6703041539381972
TCGA-FG-A4MT-01A,0.93,0.42283773945708747,0.23449385590663513,0.2781609158917938,0.04460746866261015,0.11708649033010946,0.27708269919857226,0.28961028342458495,0.7204336337160013,0.32713412502876793,0.6267201613492279,0.6267201613492279,0.2056887195712269,0.8902008534369102
TCGA-FG-A4MT-02A,0.68,0.23263211029775108,0.20705029635590674,0.09289133848841578,0.019930573442878803,0.10055908915119478,0.17130835830750218,0.18263998007175658,0.501699529279692,0.2821427629340477,0.5479086842992648,0.5479086842992648,0.0861251876451011,0.4762534074874422
TCGA-FG-A4MW-01A,0.71,0.45585042355705224,0.2992995918289803,0.22630977648059863,0.10219544781995989,0.17277340988343973,0.10836809779592484,0.11189041112304016,0.528881813022009,0.2885137850933198,0.3781352765095783,0.3781352765095783,0.26052161648028016,0.8682887126726356
TCGA-FG-A4MX-01A,0.9,0.22371186657731648,0.38505403510754366,0.1625970962717696,0.019777039492590187,0.07547744848341953,0.11616984969186155,0.11777585081097472,0.5719430822160224,0.2887555662489789,0.4797439391602603,0.4797439391602603,0.12004895654117967,0.34782676743276836
TCGA-FG-A4MY-01A,0.97,0.28958423731212063,0.14015094438232473,0.09468280226610648,0.09437618814200602,0.10260735529009313,0.03291704823225777,0.02740192737831882,0.21165578873584703,0.22965679229326658,0.26100862491582993,0.26100862491582993,0.1365515674426233,0.8657367348211901
TCGA-FG-A60J-01A,0.85,0.32694807597987224,0.30554640089588503,0.2041161816171986,0.057031964974015165,0.11808913164628397,0.10829206369809412,0.10890397653245394,0.48117625496019956,0.29485151696517686,0.5272838752800428,0.5272838752800428,0.17076622046725082,0.9812388026817408
TCGA-FG-A60K-01A,0.91,0.09083209954608631,0.1831604941041256,0.1701056072397328,0.01295934128192992,0.0795063233389074,0.07278820226293986,0.07347268131376558,0.45051568548375753,0.2948145309746052,0.5689533645692291,0.5689533645692291,0.039972348535880345,0.18558344745435884
TCGA-FG-A60L-01A,0.5,0.6227526442702942,0.15885023425894368,0.1110469174862628,0.20225824316017263,0.21726282857135046,0.046114152128039966,0.0370053310571535,0.18445414450475445,0.28310499804233574,0.32522125588729084,0.32522125588729084,0.42894105682660627,0.9832923456002766
TCGA-FG-A6IZ-01A,0.95,0.5289784169387309,0.4692811275745598,0.575981230078007,0.04430509232694576,0.16925591466604714,0.27013276311311407,0.2820023211039707,0.7529864378363404,0.3813881779025407,0.6725544131694864,0.6725544131694864,0.3411813087516224,0.9625145432086752
TCGA-FG-A6J1-01A,0.88,0.28278861570367725,0.2914009234448781,0.28098118237009223,0.023952331351683905,0.16689687102790043,0.14009197427442396,0.15023012321896997,0.546015257394322,0.32246706862716,0.5295043722326704,0.5295043722326704,0.16497617856629793,0.5555654587567846
TCGA-FG-A6J3-01A,0.8,0.6282497518407514,0.24999652810147047,0.22848233331624343,0.18264243459944302,0.3706103647015458,0.0439548436066028,0.04217527315322349,0.3716938493154509,0.17877509851892892,0.2739726420864627,0.2739726420864627,0.25141157947289455,0.9322847021244374
TCGA-FG-A70Y-01A,0.65,0.13362626713454556,0.1324253283819544,0.022703118917944437,0.029541958295501134,0.0830162489191756,0.038256756417542025,0.03463198563958417,0.2394638599968212,0.23987453245495577,0.35328599056521187,0.35328599056521187,0.05593690376454754,0.35362989788991367
TCGA-FG-A70Z-01A,0.7,0.4304052158168873,0.3279377213312321,0.4077899478395634,0.09892557388659037,0.2192195696790124,0.06944503860433528,0.07559557367113545,0.3533469383379788,0.42500616148909903,0.4228449717294021,0.4228449717294021,0.2941213937430015,0.8041106496497151
TCGA-FG-A710-01A,0.82,0.18811733654030913,0.2825263669178185,0.21774561731507622,0.027500990447035883,0.1181649636441574,0.10591094881002154,0.11488796826579646,0.6019874965452057,0.23112033481122918,0.6367871612132738,0.6367871612132738,0.10159134300537002,0.3579976975532805
TCGA-FG-A711-01A,0.74,0.1971387081194746,0.2450592336026439,0.16741315278180743,0.049501043552565384,0.08532715612151943,0.05863741000808497,0.05926414689837509,0.49844431359166164,0.292665973730179,0.45061355170204503,0.45061355170204503,0.09057331483311702,0.5732443706580412
TCGA-FG-A713-01A,0.49,0.17109971737429872,0.13568600485016633,0.03226466669221759,0.03136343287190658,0.1130182636714031,0.08511317845710248,0.09187314563865295,0.20989028563926293,0.268683532678376,0.32784572177753163,0.32784572177753163,0.07114928920258541,0.17209355332093615
TCGA-FG-A87N-01A,0.9,0.1650891683557766,0.40422381320907397,0.33377291233866613,0.01360684485937267,0.07937434981175957,0.22438590734819142,0.23150326321525297,0.6418653847429094,0.26732254525833804,0.5796603153896085,0.5796603153896085,0.09127689156225265,0.2504093779845257
TCGA-FG-A87Q-01A,0.54,0.18874894018300062,0.06423661969607414,0.18446807961134504,0.030071480898748032,0.10216636589161067,0.0024808623629357608,4.392168921792305e-11,0.18053607387541576,0.3572882594201399,0.1755849495841701,0.1755849495841701,0.09550745889171049,0.5264582297283912
TCGA-FN-7833-01A,0.91,0.38347202711382006,0.16454558580414907,0.07528239860602898,0.051838533776945056,0.11967345361555737,0.036322598763405184,0.035135956693363495,0.37567573759600587,0.270954442454104,0.41591108368922325,0.41591108368922325,0.22207683514802448,0.9972810471919207
TCGA-HT-7467-01A,0.35,0.040337802726910156,0.04548857713582795,0.0,0.023184870801683154,0.028404208496843702,0.02194040442384027,0.023402576651663367,0.1161745100326892,0.14472183266708907,0.12529790217457942,0.12529790217457942,0.0003640961339734868,0.04129457675063182
TCGA-HT-7468-01A,0.99,0.11840200103943745,0.274729924127274,0.279131792623813,0.01929916672772363,0.05992744853864246,0.12279342762963791,0.12949745338862523,0.5239715164955,0.30514109113832494,0.5938577824707941,0.5938577824707941,0.0555591164733792,0.255388105200704
TCGA-HT-7469-01A,0.97,0.3031914831263084,0.5434816520355157,0.3536818793716662,0.005356778411600965,0.1462354756647916,0.27295045528717465,0.2887021741517568,0.6329950358763327,0.31114178548699306,0.6210967482418284,0.6210967482418284,0.17609492571558158,0.6821397448890313
TCGA-HT-7470-01A,0.91,0.1093121114973898,0.13952649133586723,0.016077103590103954,0.019671600296645494,0.06230051362024418,0.04947892504287919,0.05274398278751245,0.23090812668411345,0.24100793953864558,0.38482241510984844,0.38482241510984844,0.028132953416322663,0.31115718257877145
TCGA-HT-7471-01A,0.93,0.31330395337002825,0.29397800762939963,0.2616898101491216,0.04512551611920357,0.10816489459575147,0.15090492171171857,0.16500191371696346,0.6003784264220061,0.25153063835983014,0.580115528167946,0.580115528167946,0.1733226681734772,0.7397336768729827
TCGA-HT-7472-01A,0.7,0.26926491570740474,0.2775477549509895,0.10643187151118472,0.057980960120814155,0.10390140074713763,0.07104553876327412,0.07037086357532629,0.3779834390897694,0.2906280343786713,0.5225715291495359,0.5225715291495359,0.13705257228909562,0.8556347382679488
TCGA-HT-7473-01A,0.75,0.456899146905913,0.11092536206432138,0.04333256250585171,0.09217950405420905,0.12546030929197097,0.029377433475095638,0.026892417713184513,0.21051517209478435,0.2465752353495519,0.3960088905502289,0.3960088905502289,0.2783599929470665,0.9757673669008015
TCGA-HT-7474-01A,0.61,0.15633420505739176,0.07719884576552802,0.0004240662327570125,0.06908950817028818,0.07544212415710017,0.03385112188149754,0.03792531444971418,0.20191837427250536,0.2342753212099839,0.28992888960977325,0.28992888960977325,0.052591826294567365,0.5490764530823847
TCGA-HT-7475-01A,0.84,0.11315806876301618,0.10472694382607813,0.0,0.005975337486349692,0.07058233992816311,0.12118883784427054,0.12902419909289184,0.3560138286789056,0.2832335490273744,0.49630458935887783,0.49630458935887783,0.02483810228055313,0.20390562977867052
TCGA-HT-7476-01A,0.71,0.06033012361132901,0.1781266115976108,0.05868782273290172,0.004984686207332967,0.04100516896884062,0.06695705379513116,0.06709088218294987,0.21698231010190955,0.2363205331180432,0.2811291335574651,0.2811291335574651,0.020771544385316424,0.13384407775085153
TCGA-HT-7477-01B,0.84,0.22755013957212133,0.2829427054322588,0.18409048010515425,0.019085320232740594,0.10529894471381276,0.18919060200003235,0.19748242714389724,0.4824949540800829,0.28369504954541186,0.42126901959580687,0.42126901959580687,0.11933894050459119,0.5441183300432888
TCGA-HT-7478-01A,0.62,0.18390739491846925,0.24806159969854014,0.11921706977338904,0.03358906725769695,0.07567395037005906,0.040030575858095344,0.04034103048485445,0.3729835984711723,0.23839126723342716,0.49223046119277775,0.49223046119277775,0.0889373898856485,0.4117591185725514
TCGA-HT-7479-01A,0.53,0.3322261132798382,0.04308209349048859,0.0,0.12835102670098447,0.10986318077246462,0.001788249984915209,8.001382450097956e-11,0.11878567840672237,0.22659522189214903,0.1779179426054902,0.1779179426054902,0.1649260754834002,0.9257235307625439
TCGA-HT-7480-01A,0.89,0.06402445626223728,0.28554705254722385,0.13134870042148147,0.011776997985499417,0.03936497558045272,0.09425816426094906,0.09497069947101634,0.44398038093819114,0.3017953501592901,0.5599275694757909,0.5599275694757909,0.03010994612891988,0.12559590394243003
TCGA-HT-7481-01A,0.57,0.0013943745473281909,0.02398974840775457,0.0,0.016386999158577217,0.029124071631784407,0.03477486905160905,0.03472811934886777,0.14390823356022836,0.18774022631059992,0.1991100471460221,0.1991100471460221,1.5078541387410204e-05,0.08842035839917657
TCGA-HT-7482-01A,0.66,0.2065039175201405,0.16881787321498137,0.052046396334972954,0.10635378838211575,0.08768780863440526,0.0044105608972541555,8.237881842115347e-13,0.21587403422640447,0.24760671379112517,0.2936348216038751,0.2936348216038751,0.09138250701856322,0.5958882999566322
TCGA-HT-7483-01A,0.8,0.10719279159245661,0.15815472105882858,0.12398030218145117,0.015219672654255457,0.05958461205915176,0.10285971267078965,0.10501485881438843,0.4125671742365718,0.3054562767703356,0.46819875790783827,0.46819875790783827,0.043983485895842604,0.2576091477816955
TCGA-HT-7485-01A,0.79,0.19939101170557086,0.08489361921387432,0.005200273332004738,0.05591123251395843,0.08661130943957372,0.0123374551182168,4.2713507945864924e-05,0.2040305429767848,0.2513265578801529,0.2717917479454462,0.2717917479454462,0.0778607924148928,0.7233001371480072
TCGA-HT-7601-01A,0.65,0.2767363559118653,0.14702403568599107,0.08991009428344149,0.08165082864052262,0.091071878935573,0.014235347193179775,0.00031237172908434973,0.21430663014390633,0.17530655413227184,0.2746539623036455,0.2746539623036455,0.1366448407118671,0.8385399716952114
TCGA-HT-7602-01A,0.48,0.15218202240378054,0.0,0.0,0.04273515813154424,0.06366782586479101,0.0011003921079597394,3.122073808158277e-10,0.019819407380007197,0.21442029745072885,0.07003926094252139,0.07003926094252139,0.06279023548416457,0.33349360116006566
TCGA-HT-7603-01A,0.59,0.008478320856059554,0.07201536856070859,0.0014703848367246463,0.007934842662014677,0.01841924338050707,0.08270837748498538,0.09885254631244292,0.2236868472561164,0.24964150380073188,0.35186606391066555,0.35186606391066555,1.9971764956769288e-08,0.06748018521725332
TCGA-HT-7604-01A,0.95,0.20626790542776863,0.37189399146704044,0.34318369735535803,0.029474865626650325,0.0742884457954794,0.1494749766845598,0.1525911098203004,0.6737891199120606,0.3282040912940597,0.7604783778356828,0.7604783778356828,0.09447466253450706,0.511219822502481
TCGA-HT-7605-01A,0.68,0.125125891003151,0.10671854446274465,0.0020313274192206455,0.08130526267742774,0.06281961268100889,0.03708098855253253,0.04006640689320648,0.2269165156862624,0.24347049852626373,0.32871389944647844,0.32871389944647844,0.047921692706376764,0.46690340910106504
TCGA-HT-7606-01A,0.92,0.16187214013182086,0.33283310908455527,0.23203941176197568,0.05193816571803793,0.10702060760538921,0.17647846069850093,0.18237036384349797,0.5729520853415264,0.3276268973901518,0.5280473560126387,0.5280473560126387,0.06472539881570245,0.3921375478588326
TCGA-HT-7607-01A,0.35,0.19264819866717678,0.0012453767770751838,0.0,0.059443684942550645,0.0907942378670952,0.06629679580723304,0.07148041519609301,0.18809422345813678,0.240749057196944,0.27871814759042673,0.27871814759042673,0.07312619058364084,0.3318965252744143
TCGA-HT-7609-01A,0.19,0.22640850528191248,0.2903802302437177,0.1789268991899382,0.07056298258974471,0.0740488504757763,0.09391685887466049,0.10544322865793422,0.4390114222995665,0.2827396493059887,0.6018815398883071,0.6018815398883071,0.11143508423971611,0.6398553289186913
TCGA-HT-7610-01A,0.61,0.0032914458010559295,0.0702189153064358,0.05685560579905534,3.50055726806449e-05,0.03424878942551836,0.15678768879002133,0.17488829678406675,0.3648242798313928,0.27113722212450103,0.5733124416535559,0.5733124416535559,3.632516350391303e-09,0.05176637057709688
TCGA-HT-7611-01A,0.78,0.566646964618571,0.2809889102538121,0.12960650861144285,0.17495988544662425,0.16159904364108116,0.061142053408922946,0.07589194921935173,0.40136488425063754,0.2969428266040201,0.5225683990054462,0.5225683990054462,0.34311780140824977,0.9733779389669621
TCGA-HT-7616-01A,0.78,0.06669736921794958,0.1528607331324688,0.029317986152675488,0.01853076136825288,0.062305327593074646,0.029573149807707224,0.027334995982428244,0.30278367725958144,0.13204538700470295,0.33517129189019595,0.33517129189019595,0.10181294117742835,0.06671772055790741
TCGA-HT-7620-01A,0.41,0.23392743716991446,0.0,0.0,0.05737008269275917,0.083859364196606,0.002028425013902877,1.2425941823053116e-09,0.08090329800597076,0.14106068387546097,0.11962111864193319,0.11962111864193319,0.09153812282354847,0.8367806386164228
TCGA-HT-7676-01A,0.83,0.25544750729680005,0.14194592427682323,0.14334706720613574,0.05180216216731541,0.07782071338598905,0.12634965523552472,0.13382718720267472,0.4564773250201809,0.27183049741522697,0.5714965676621476,0.5714965676621476,0.12074276912248859,0.7748283491162805
TCGA-HT-7677-01A,0.87,0.12303795642966696,0.15428071726043008,0.12953084875947762,0.027815239233446445,0.06183836896842614,0.10697773829317977,0.11524103356316115,0.42583141381432793,0.28700880936458195,0.48349516047803875,0.48349516047803875,0.05444468699344582,0.2789520833489361
TCGA-HT-7680-01A,0.23,0.4102073111672795,0.052728234224430244,0.0,0.22286710365534074,0.21178667740098606,0.005665745667793293,0.003163796529931869,0.07214496694585486,0.3083923212399661,0.25428706807114354,0.25428706807114354,0.2110095811936048,0.9859655842187379
TCGA-HT-7681-01A,0.72,0.05854755956280822,0.20570786171702266,0.07739896731625898,0.01634210287856817,0.04729108769006485,0.07225275329939403,0.07408496994122003,0.30360774648784133,0.24382657527381088,0.46331050548305325,0.46331050548305325,0.017118621771937945,0.12811300072175305
TCGA-HT-7684-01A,0.62,0.2140178099474937,0.1114509482786483,0.0305211029667603,0.07405603995604808,0.19926202125448747,0.01603474326252898,0.01573306858404309,0.16648215723568516,0.29079660406012603,0.29831305129352564,0.29831305129352564,0.12958856040672947,0.45633343348760735
TCGA-HT-7686-01A,0.72,0.23079096987505496,0.27193736530981705,0.0939489724022168,0.10474068996313417,0.0841335397546339,0.02454483460269807,0.017740095503061666,0.5513367879522771,0.2596603996061978,0.40218211423890526,0.40218211423890526,0.12011037924566535,0.6308069993068183
TCGA-HT-7687-01A,0.85,0.24521480496600542,0.2070003012096509,0.1330216420397834,0.03322854474257403,0.10988899257800817,0.21031494150322802,0.22241772755563616,0.48736111903978696,0.24998260853411078,0.4586129163501131,0.4586129163501131,0.11757453165954213,0.5164209540431174
TCGA-HT-7688-01A,0.67,0.07642474082816368,0.1353025504050203,0.027261864123654053,0.0043566314817727065,0.05879706899281389,0.15260907723437594,0.1610560635862056,0.3849865172855607,0.2777517744382561,0.4749984243289973,0.4749984243289973,0.01010192547770992,0.06292875352045613
TCGA-HT-7689-01A,0.71,0.23114483950110792,0.1767578482168937,0.10273553129625687,0.11759816111327577,0.0919965027050144,0.04155748148718332,0.048241213390186846,0.25083211465013133,0.24261011691650167,0.3412807613062815,0.3412807613062815,0.10469631193195109,0.7904903081862109
TCGA-HT-7690-01A,0.78,0.34909876026930337,0.2634612736212831,0.14276003978276267,0.05501615739681998,0.08997843516703846,0.10545292689796566,0.11079403699456211,0.5895869562550696,0.22347612775094913,0.43673588741729696,0.43673588741729696,0.17139959844862337,0.8858109651503565
TCGA-HT-7691-01A,0.5,0.12483048789827081,0.10095941635876254,0.039164390939002515,0.04971122768843945,0.07900002150078438,0.0037874119935118705,5.9211095653201025e-08,0.24065394125810455,0.2948408214796969,0.2643316513456153,0.2643316513456153,0.07869310187710887,0.20244062543368732
TCGA-HT-7692-01A,0.9,0.20227515647092578,0.4547215110225613,0.39241228697043695,0.045384243033652634,0.08999890726181616,0.16019828837263742,0.16819962266579466,0.6136188423731644,0.31289941851862535,0.66806376127314,0.66806376127314,0.09178896753116367,0.5182946154085198
TCGA-HT-7693-01A,0.93,0.0700168034267529,0.23641773127188265,0.11839966661925726,0.008377542376236636,0.03665699905352064,0.06135971209620538,0.0650436335113375,0.36122831422105606,0.19506020931461193,0.4291762826017436,0.4291762826017436,0.03060937055886162,0.1312231304387899
TCGA-HT-7694-01A,0.45,0.06186272710652974,0.03152742703413288,0.0,0.06904091814831483,0.04362993118818041,0.06028813986741875,0.05997407170971204,0.151508615670691,0.23789021580774788,0.24402339938168863,0.24402339938168863,0.007328089662871256,0.13926621305337006
TCGA-HT-7695-01A,0.76,0.042834975845190616,0.07384791335840729,0.046990674703115076,0.009564719125558382,0.03657175954795268,0.09235491067854718,0.09865842663806931,0.2523698275035872,0.2582079408900489,0.47312201283646255,0.47312201283646255,0.007468838099121781,0.09800115243241153
TCGA-HT-7854-01A,0.42,0.660959744502904,0.02359642901256018,0.0,0.22922573390354845,0.24637993554751822,0.002142214861613747,2.263998402424232e-15,0.11736720806671445,0.26401897368961497,0.16413108426494372,0.16413108426494372,0.4220417533489549,0.9561339961302959
TCGA-HT-7855-01A,0.91,0.09744712545752438,0.146843107312719,0.1411180646957403,0.007868050877762753,0.05190495566944643,0.09733630067476651,0.10377421211625097,0.4760748475650713,0.3304507991011698,0.5224598192229089,0.5224598192229089,0.043003457948490593,0.19737819229534173
TCGA-HT-7856-01A,0.51,0.002146224353907291,0.024261044432698185,0.0,0.0015839909060037126,0.027744644704638714,0.06903466162339858,0.0748655054622634,0.16392403687028445,0.23690588258976905,0.2781258709544135,0.2781258709544135,1.970343059679397e-07,0.0272304234705433
TCGA-HT-7857-01A,0.58,0.18012850605032307,0.11501499257456099,0.030655720557780645,0.05544683402612524,0.048040604776277536,0.052476389561125096,0.05765659892123071,0.2254994040779411,0.014938494975219704,0.16047692741380648,0.16047692741380648,0.09814902283280007,0.5028828892785236
TCGA-HT-7858-01A,0.61,0.2419326003890773,0.20990625746900804,0.06847767846747217,0.05531724485447541,0.07384282771320062,0.06427595520514119,0.06732724895214197,0.534373805532063,0.2056497656976342,0.38521449867526325,0.38521449867526325,0.11696782620729586,0.748821340057333
TCGA-HT-7860-01A,0.74,0.28319351604498993,0.04619886149350443,0.0016635452742673653,0.21548050052191134,0.10560275058317266,0.002049183183654863,1.274643117376002e-10,0.15315913806946924,0.24448723023512994,0.28111689343915736,0.28111689343915736,0.11960939806035563,0.8939294623634547
TCGA-HT-7873-01B,0.83,0.10136329842678866,0.09011355855407291,0.08370544017362663,0.020818644195090514,0.04819565601051918,0.05795442055552712,0.06398930588118201,0.37313511922735393,0.246382374067983,0.4701669951275778,0.4701669951275778,0.03378844791513526,0.31188506847763986
TCGA-HT-7874-01A,0.42,0.02499481440048877,0.0011219252921247406,0.0,0.027037887157817176,0.03176793110440726,0.0677117725607884,0.06943708076640229,0.15733712624988694,0.23151855599322516,0.2539399593225133,0.2539399593225133,8.486602910649181e-08,0.11325975981959108
TCGA-HT-7875-01A,0.92,0.04926758399779387,0.2810605419442281,0.21935408669700973,0.01400973054044713,0.033804362435088234,0.061199515563193335,0.06398633595743404,0.45033577640558853,0.302463397184653,0.6046951956271425,0.6046951956271425,0.01988247919576295,0.09698308056777878
TCGA-HT-7877-01A,0.66,0.017852020402533524,0.04690726000002234,0.01461141539367497,0.004270885792778156,0.025610980948287544,0.06018750845988977,0.0609341166473118,0.16321527395453567,0.2464225390408619,0.34699392211924485,0.34699392211924485,2.673994358821548e-07,0.06352827742424987
TCGA-HT-7879-01A,0.81,0.3569786761557797,0.2718585020824582,0.16344701939625358,0.1046250096455695,0.14548310851196367,0.09065128795077425,0.09300060843736856,0.5224377589037369,0.2982156042865299,0.3994237928721955,0.3994237928721955,0.19583223406364694,0.8949191722293313
TCGA-HT-7880-01A,0.87,0.2868560783556167,0.07401493166552282,0.0,0.08591638706389913,0.2754127863471972,0.029880624021844118,0.03536136935347308,0.13630805583834146,0.23577806453601816,0.18016813795585776,0.18016813795585776,0.12581034295680693,0.722929834256063
TCGA-HT-7881-01A,0.42,0.060357138037139074,0.019057182171602086,0.0,0.03716915890753168,0.04845929719563109,0.030429623885652977,0.03147800676029188,0.0970983847415945,0.195984947130536,0.14414282019563476,0.14414282019563476,0.01233819464277756,0.14417206085351797
TCGA-HT-7882-01A,0.27,0.06705135037389559,0.06312039176409522,0.012679019415618454,0.00790878835093123,0.02952715853234969,0.014466674974094993,0.013786120183374821,0.10224893080003414,0.0,0.08392683139374728,0.08392683139374728,0.040656918432385725,0.06829381596835297
TCGA-HT-7884-01B,0.74,0.07041994172715907,0.10208554605765191,0.06981830025083206,0.014958279684178535,0.04648205880702341,0.07072620696621962,0.06377767397318183,0.22103025793618433,0.24997749903686622,0.3421851413590737,0.3421851413590737,0.014687103709999812,0.19271359835919138
TCGA-HT-7902-01A,0.34,0.062338363097010345,0.0,0.0,0.08637767124868685,0.033123786805206244,0.0009531604025778437,3.5956559345773595e-07,0.04749537687613553,0.0754004410049787,0.07922624257239724,0.07922624257239724,0.00013416813492701102,0.06044280494573194
TCGA-HT-8010-01A,0.6,0.1808626420413088,0.04537653392314651,0.0,0.10697152395709443,0.07983620131211187,0.005880955868021897,0.0012066268780796458,0.20793696068164727,0.27337418914548506,0.19487387787407898,0.19487387787407898,0.08304450836494263,0.6410453641205242
TCGA-HT-8011-01A,0.85,0.3336267317718575,0.3102355117863045,0.3235516601487415,0.04724400352086254,0.278372040961068,0.12669326334999736,0.13115417529349271,0.5029775415297802,0.40604620510694006,0.4796399927970384,0.4796399927970384,0.21648313613786704,0.5073670955108496
TCGA-HT-8012-01A,0.88,0.11443330511181166,0.3127058604106423,0.1663489523147826,0.014825433560517534,0.0590358533797604,0.15794277729026743,0.15984227818014593,0.5479267175822109,0.3064858313272441,0.556948401607573,0.556948401607573,0.05274746935528215,0.2550513921911995
TCGA-HT-8013-01A,0.85,0.4736460731748455,0.25592762833409477,0.15110128145742097,0.08456713302776811,0.12290749237383101,0.09039241339640232,0.0879186411801791,0.385811094130213,0.1458530107277109,0.4319004327316724,0.4319004327316724,0.2845303012933397,0.9952309533466057
TCGA-HT-8015-01B,0.32,0.3259467987792597,0.07063164523287858,0.03945507397125538,0.10340729272523914,0.1090238519299151,0.07324350017203331,0.07836353994175584,0.24436970641180492,0.250068732404534,0.3272109604362302,0.3272109604362302,0.17372216263866125,0.9048215221025196
TCGA-HT-8018-01A,0.4,0.274830628309639,0.16423821098897823,0.03693744433593706,0.05976061976270205,0.26184832087521137,0.052320627883772744,0.05768003768232524,0.2753022739160523,0.22599308922516104,0.31042040357675044,0.31042040357675044,0.14613729885039223,0.6226482704836261
TCGA-HT-8104-01A,0.75,0.4870075483962036,0.08203572647296535,0.1304597420925816,0.08111136431405232,0.40376143397036024,0.08435234582530685,0.08862623992411599,0.4873560696040057,0.2807809201132043,0.28229841218332824,0.28229841218332824,0.3288398999527175,0.8891437820080276
TCGA-HT-8105-01A,0.84,0.0916267697048401,0.16440964191545568,0.07275582148515648,0.010795037600396384,0.05688281851439938,0.10749878064571165,0.11550144237656687,0.2722725664717065,0.2898102626596391,0.3592695638829079,0.3592695638829079,0.03642922010752305,0.19760975093793964
TCGA-HT-8106-01A,0.31,0.03729561588236797,0.023979476106843915,0.0005282867983829373,0.022075767870403915,0.05023200289923269,0.0056182007989744875,3.726692047531534e-05,0.04766094585108472,0.0,0.059524671150095874,0.059524671150095874,0.044531359026744176,0.1357253733859124
TCGA-HT-8107-01A,0.31,0.0,0.0,0.0,0.0017345492200747754,0.0,0.07020385593561783,0.07557982718907229,0.04047268860098755,0.2098513085303468,0.09961023930973688,0.09961023930973688,2.7455538630440455e-09,0.019084461834008814
TCGA-HT-8108-01A,0.84,0.14736565714420963,0.15853219114508413,0.13220748168838545,0.01210232492905011,0.07351847507930463,0.16263217502702654,0.15947796714880444,0.4365887945133833,0.29573325015309787,0.5929281838932314,0.5929281838932314,0.06511981399204506,0.3741857355548243
TCGA-HT-8109-01A,0.66,0.12078586190532148,0.09394831153070653,0.026662785713322257,0.03873398743508755,0.06354765716323699,0.0635273308238131,0.06638172858086606,0.2861457490219769,0.250267244363161,0.3669378316209325,0.3669378316209325,0.04512823912747459,0.39194801854154937
TCGA-HT-8110-01A,0.57,0.5666482604479693,0.14978019964689512,0.20751035701272844,0.06109226463556475,0.5432227466761311,0.020151440846178783,0.0009909749062654413,0.31851861921168645,0.2831227929907598,0.3591027500952522,0.3591027500952522,0.35645248401984997,0.98574406432998
TCGA-HT-8111-01A,0.61,0.2621631029123251,0.13550645182130855,0.031502812992057844,0.12402985469063067,0.09730647902343452,0.005161184459568425,1.0805806010865347e-14,0.17198604451162305,0.24026020551106395,0.24852063223888723,0.24852063223888723,0.12851976114013589,0.8837745481256246
TCGA-HT-8113-01A,0.33,0.0,0.004015204113167172,0.0,0.0,0.01328438531852797,0.09626735119584712,0.107127818741872,0.14933849144369032,0.23826834874214717,0.2767346647762101,0.2767346647762101,4.709928053644102e-06,0.024624460824716816
TCGA-HT-8114-01A,0.62,0.1929848286472604,0.25360325141476703,0.2049407132213835,0.06840544658348789,0.0829016570567383,0.07755076011855837,0.08407147779941239,0.43505007983868277,0.27780426502982103,0.5557252516949761,0.5557252516949761,0.0809840509707239,0.5563898354365138
TCGA-HT-8563-01A,0.45,0.1887813840982853,0.0618636533011061,0.01262962684804336,0.05391528187625908,0.11313785833265352,0.0031187612089623794,2.380675254900699e-34,0.11302585621591192,0.06599929561176236,0.1672940270879636,0.1672940270879636,0.09975060821447725,0.24405359648449337
TCGA-HT-8564-01A,0.77,0.09243651575613804,0.1603471284866891,0.009677635173134304,0.008202300396880264,0.05105698867902369,0.09899982920913704,0.09953012064810429,0.3875129727594537,0.24861463490259605,0.48927627651725536,0.48927627651725536,0.036659646648014514,0.20132934074190575
TCGA-HT-A4DS-01A,0.81,0.7345920874289577,0.4154268497842454,0.2143228206890791,0.15901119560020388,0.23341694766506485,0.08661474885496916,0.0902724327515444,0.5293233328246076,0.22307525622264987,0.6017439408999491,0.6017439408999491,0.5098332582317554,0.9622780852350651
TCGA-HT-A5R5-01A,0.3,0.3172173146409817,0.17550678324070237,0.013620519820695245,0.10776996395426425,0.11087339393051182,0.016509781251635484,0.014972211699361708,0.2582789724109438,0.2798605994287491,0.402625347545687,0.402625347545687,0.1640340487698548,0.9859998629225278
TCGA-HT-A5R7-01A,0.95,0.29627493523392595,0.23184422826203255,0.07682372097321273,0.09568248600481008,0.17578767839823442,0.0765596350616384,0.0923439750595492,0.3252057756979032,0.2734759773716551,0.38935825451369915,0.38935825451369915,0.14409174006842412,0.7479260576779805
TCGA-HT-A5R9-01A,0.84,0.2653921743325583,0.2819635093127586,0.22861010017761452,0.0030395806105287613,0.12412524001877542,0.24307771529056935,0.2635067969220966,0.49314023146556535,0.3067672121495239,0.4593225616586358,0.4593225616586358,0.1478382394743655,0.47489653490314043
TCGA-HT-A5RA-01A,0.85,0.2732109026944962,0.20890584040953122,0.17715306385244042,0.04714088088621824,0.15098508704707983,0.03607988221029986,0.044450877929986476,0.3229417669223761,0.317843865521496,0.38179160429091435,0.38179160429091435,0.16794287068358899,0.37745508486993395
TCGA-HT-A5RB-01A,0.84,0.1099210826502459,0.13157464446981348,0.050429926403815106,0.0028449162344668802,0.06587188127722822,0.16767599415748455,0.17388318970551817,0.41330519676287003,0.3037977045969027,0.5159734946075958,0.5159734946075958,0.03550465810272271,0.29604197539826066
TCGA-HT-A5RC-01A,0.72,0.5007791958490093,0.20523734574314656,0.4101699868120269,0.14529467064287316,0.25450574336473264,0.05308000981529155,0.0637905684638462,0.4283805641861588,0.5508566159666818,0.4398951071466698,0.4398951071466698,0.3577243004873955,0.9217040309114646
TCGA-HT-A614-01A,0.81,0.1888971925652338,0.2192342517815329,0.07081918365861022,0.026176530907635602,0.16324364399523267,0.04777352258964442,0.0525054412703622,0.3021198885441842,0.25503374090506503,0.3377819743910601,0.3377819743910601,0.08293082208378064,0.48630601484071456
TCGA-HT-A615-01A,0.74,0.10989129847344029,0.2095656532265292,0.1819881632086516,0.021532792707585208,0.05616086515652893,0.06001939542035485,0.06337161501808036,0.5380101416153192,0.25874718496755095,0.5692268544347948,0.5692268544347948,0.04878266312238772,0.2799589907504115
TCGA-HT-A616-01A,0.71,0.06509967495656852,0.11808624030081014,0.06426757720546226,0.003971760749476287,0.05309467939301992,0.10612536307312485,0.11095261915588582,0.3459071258576261,0.2859156307325619,0.5232049465220528,0.5232049465220528,0.01568628249649754,0.09717074850023785
TCGA-HT-A617-01A,0.86,0.23937154820129228,0.1897875567806284,0.05657451859064321,0.02439511121465,0.12767115744344076,0.008594484063225022,3.775595229288774e-08,0.34408374744916864,0.16201888247179996,0.33315329584324155,0.33315329584324155,0.1568942927091349,0.33183562489654705
TCGA-HT-A618-01A,0.69,0.3830293568426993,0.24521127681553556,0.1156954259930311,0.1056022413220115,0.1210889548322388,0.01727634276865378,0.01081510992013938,0.31755830430615145,0.26744214294401014,0.41501898603348436,0.41501898603348436,0.19985796734296207,0.9725437490073798
TCGA-HT-A61C-01A,0.82,0.2635961601129843,0.4885829509565974,0.3044746598399916,0.04163040550973706,0.1557675076970229,0.1382340336608241,0.14781684792636085,0.5478818618212368,0.14612456994115997,0.503522832673763,0.503522832673763,0.1590708106189809,0.4897766494701853
TCGA-HT-A74H-01A,0.81,0.5977288579926509,0.08297681141121338,0.00827603404758643,0.20114989219615007,0.23975339308489332,0.0030400789438058836,6.294057922596024e-08,0.20255775438709844,0.2480150679551409,0.18117768438535384,0.18117768438535384,0.351563136700552,0.9568936910057043
TCGA-HT-A74J-01A,0.79,0.5058507141282461,0.2872414313757086,0.25964970411932975,0.08083585663462102,0.17623556238611987,0.12676483158999818,0.14067396033646315,0.5241179855816234,0.3014154743645469,0.6377633443216616,0.6377633443216616,0.26823532810128786,0.8864236124027219
TCGA-HT-A74K-01A,0.78,0.41100370156510546,0.2632482465301741,0.23319596460543954,0.09287538515692172,0.2137367479201547,0.0961668715647645,0.1013141292331889,0.3698354777887349,0.30722509195229897,0.3391817633692638,0.3391817633692638,0.2927342795978998,0.7157171089918929
TCGA-HT-A74L-01A,0.91,0.08030933744314302,0.18678694255358438,0.145847981196108,0.01500456787006875,0.047500524814925386,0.13970864587336118,0.1424148731242597,0.5010735080752445,0.28623120782883205,0.6015726965107735,0.6015726965107735,0.024363284547737323,0.26520709263517755
TCGA-HT-A74O-01A,0.83,0.45502589564514256,0.22593598195757886,0.11906816833986893,0.09081726850370539,0.12868398002989972,0.09118964110070849,0.09806666606601136,0.39307778382038283,0.17693186537529504,0.4260581261600993,0.4260581261600993,0.2708975588028971,0.9762995960732225
TCGA-HW-7486-01A,0.56,0.056836513238241584,0.030997669085495873,0.0,0.033307721200617126,0.03159909006867721,0.008896940136682206,2.463599929050351e-06,0.1928541884228866,0.09515227514786612,0.15861346699843473,0.15861346699843473,0.006793434041225701,0.07988074194984307
TCGA-HW-7487-01A,0.71,0.03454832204326089,0.08243778357959748,0.03120494625805354,0.014794960067755361,0.015843213261268106,0.09920088627413383,0.1012261240030457,0.251225167814456,0.25036959255511215,0.41528848409162633,0.41528848409162633,1.3063727249891134e-07,0.08595097695638658
TCGA-HW-7489-01A,0.67,0.1652288477938282,0.25164201762774036,0.104852352956597,0.022317017574689575,0.08205438027046696,0.1012628921642931,0.11257398171917846,0.3031859156125869,0.2828811502016561,0.4894213419151568,0.4894213419151568,0.0652638403901142,0.21363369451248565
TCGA-HW-7490-01A,0.87,0.2351574160821991,0.17528445730865766,0.08197527710558611,0.12016233756497911,0.09341337467038444,0.02457260324047511,0.028457674912705403,0.277198223307507,0.27756985997580796,0.41087151515264514,0.41087151515264514,0.11966001181633447,0.7135758482739953
TCGA-HW-7491-01A,0.92,0.10097444823283917,0.1736279589291834,0.1328452997041857,0.0008612689272939738,0.0588629965780694,0.20123550355529146,0.2047635479171907,0.3544651515025,0.28304503984681395,0.41482414156751846,0.41482414156751846,0.043428522149963386,0.09455421111571044
TCGA-HW-7493-01A,0.67,0.27395444204895264,0.15507983139720294,0.08752947594754047,0.05102491348983004,0.10794168413020415,0.05716028081295265,0.06427117096839333,0.3806143977384688,0.27475853976495107,0.48284220855816445,0.48284220855816445,0.12839659405575235,0.8836805628204423
TCGA-HW-7495-01A,0.72,0.049671673309147776,0.12082289204434248,0.010944023013066007,0.015932855080572877,0.03294358384910136,0.03880843348101751,0.03816064550876639,0.15426026073670324,0.2219274906672119,0.26346314772048196,0.26346314772048196,0.011245586146405459,0.15803249000234348
TCGA-HW-8319-01A,0.82,0.2092382283912808,0.35903857371963527,0.2136314488671297,0.019320529585423685,0.10057083264465888,0.1298168014862715,0.13867688010141596,0.4501684458895671,0.3048133609965501,0.6573508006562272,0.6573508006562272,0.07671725388210514,0.4222740007169564
TCGA-HW-8320-01A,0.47,0.16092571747396256,0.319627395265314,0.23585726328921172,0.0244521810550562,0.07446084552033426,0.10868645387531331,0.11581347447275527,0.6241394575498781,0.31537141400903485,0.6525421380807533,0.6525421380807533,0.07810286698984656,0.36032382220360104
TCGA-HW-8321-01A,0.75,0.1319854016746671,0.2351211752707571,0.10471451350260266,0.014255845488594656,0.06517316430591119,0.09916117600602634,0.10270867469474657,0.43508786797403604,0.2443106578319891,0.4330458970956246,0.4330458970956246,0.05977899500301826,0.2864537509851647
TCGA-HW-8322-01A,0.9,0.14174721754330719,0.3376083818045195,0.2885061017456611,0.013532548337929584,0.07154266922499684,0.20463435855466874,0.21967658585940872,0.5723702413747581,0.29371569034307105,0.6072204500677478,0.6072204500677478,0.0612831137580015,0.3027852227914845
TCGA-HW-A5KJ-01A,0.82,0.2586113888845743,0.23756579841979952,0.08826211441572279,0.0075125851018254634,0.11931114241192146,0.17920989116478578,0.1829482329238062,0.3539866984714178,0.24603825100937188,0.30471624333699604,0.30471624333699604,0.13926709048359964,0.6247351062540306
TCGA-HW-A5KK-01A,0.29,0.5600740305868628,0.08731383904482048,0.21321732080593161,0.12306285199720125,0.10929113142172227,0.003514740188767586,9.695454614159242e-15,0.24688955733759668,0.21926147416855485,0.2404861798573226,0.2404861798573226,0.29030612780679876,0.9176655902930501
TCGA-HW-A5KL-01A,0.79,0.3615471617556119,0.11390149846297701,0.07815044856846966,0.08676919630286467,0.09980055188333228,0.11244121960023214,0.1209164333918614,0.3619976055231807,0.29781020668624386,0.45624530150543735,0.45624530150543735,0.1881436961670366,0.957256347323027
TCGA-HW-A5KM-01A,0.78,0.6885369622180979,0.3015652234159223,0.16957856276292704,0.09176964404304844,0.15473795809683313,0.07928300867930614,0.09542445644242638,0.36407258857741276,0.25986967488522994,0.5249312201375139,0.5249312201375139,0.454408217702737,0.9723428181751662
TCGA-IK-7675-01A,1.0,0.40024831137410166,0.42434756956102077,0.41985584450104363,0.047624539027751114,0.3592928689027781,0.136415423513001,0.14202504565946591,0.6120022986956016,0.3102497516055556,0.5102297063647548,0.5102297063647548,0.24664834440110214,0.8202062870641249
TCGA-IK-8125-01A,0.8,0.12493971703108898,0.1982869672640845,0.13576003662119007,0.021394325440829694,0.0676299568012896,0.12074389348194424,0.12869715823907707,0.28832393845876736,0.2941467532828289,0.5671753291450682,0.5671753291450682,0.051833279852567686,0.3622297086545522
TCGA-KT-A74X-01A,0.86,0.18367061184068986,0.31135506835936344,0.22321703030094386,0.021169533026045326,0.08582335992608946,0.15292002964612214,0.16977301851794072,0.48729996990795854,0.28537446764176794,0.4556024144734344,0.4556024144734344,0.09465624205729316,0.3304573599543205
TCGA-KT-A7W1-01A,0.89,0.27367527081163234,0.5216640970232078,0.39402583703706495,0.030509177801051546,0.16787191882562424,0.1316650250927879,0.1361240619728642,0.4911298035754218,0.38719283226380186,0.5152119705342533,0.5152119705342533,0.16128557921327266,0.4946504728775828
TCGA-P5-A5ET-01A,0.84,0.04751191968380298,0.16005475764441857,0.102126287322413,0.007885911583459379,0.03466946585398962,0.05605406123761193,0.05805406033666038,0.33320839310937633,0.25866552365087,0.3690234156111691,0.3690234156111691,0.013132785022047113,0.1293607928586955
TCGA-P5-A5EU-01A,0.84,0.31170123687459417,0.3583371502259142,0.13436682691030394,0.12818934973595306,0.09885134964187818,0.11003262400836814,0.10539625877090346,0.6391279666575905,0.129421401046347,0.48665415764078784,0.48665415764078784,0.16770718729160727,0.9099268742257656
TCGA-P5-A5EV-01A,0.81,0.11767676867472168,0.3578900001444708,0.21319775388252052,0.015947343502211577,0.07894025068550128,0.09755552438407637,0.09951185253381815,0.49617821168646464,0.285984297454057,0.5507133223021081,0.5507133223021081,0.04782440742091212,0.28304872835383277
TCGA-P5-A5EW-01A,0.84,0.16157885364181443,0.2051710214895449,0.09122027788735135,0.04069549361886812,0.07426716404810012,0.05999895627306309,0.06110829504394834,0.5403154183740186,0.2916292730048343,0.47895903570951925,0.47895903570951925,0.07425041821065219,0.4340258920122688
TCGA-P5-A5EX-01A,0.69,0.46063885318043496,0.06539915216352103,0.007403187911018476,0.08805083850614369,0.17387280962596718,0.006190946628206753,2.261700452111822e-10,0.44996782116951944,0.19617333846413706,0.2005515122173202,0.2005515122173202,0.29461232169624285,0.9921132455809518
TCGA-P5-A5EY-01A,0.4,0.2770495864607969,0.0593017537645762,0.0,0.10645869131218977,0.17404647886164085,0.022677056102832924,0.024665289321297752,0.1482180357645053,0.262770132065455,0.23903259905880356,0.23903259905880356,0.12858627234456613,0.7890528279751482
TCGA-P5-A5EZ-01A,0.64,0.28151029096891445,0.21575172657572836,0.031718770002203134,0.1200214003666099,0.10512125272941376,0.06805822596669477,0.07543669653448266,0.283154419712195,0.09787792128311233,0.2885671563478956,0.2885671563478956,0.13175288063870735,0.771098396191014
TCGA-P5-A5F0-01A,0.77,0.1971299547368278,0.31668852843319756,0.20183581778231488,0.02811660287314674,0.10163104362365057,0.23501909252791775,0.2524434471494553,0.47959693642527884,0.3303927906348852,0.689879809813527,0.689879809813527,0.0746227533246529,0.18747797221505533
TCGA-P5-A5F1-01A,0.8,0.40092987477482006,0.08793404290455445,0.02883216074622123,0.12264212398488085,0.21162249536846942,0.0017329204411158327,7.37425372779431e-16,0.15945802931648217,0.2928484489703879,0.24321975468965806,0.24321975468965806,0.23662601747460174,0.9826847948439223
TCGA-P5-A5F2-01A,0.75,0.11726663650257345,0.19650316268080031,0.025618982348400404,0.0209737174583164,0.07932783535272149,0.03304738492197711,0.03244844461130076,0.36762096423440643,0.2713596559482596,0.3674962672821874,0.3674962672821874,0.044205617942241406,0.32778735601126985
TCGA-P5-A5F4-01A,0.74,0.023954462591252765,0.05009667285391256,0.0445704242692996,0.0011257631700419418,0.032473480526223494,0.1136066304193233,0.12430116706146135,0.2792599489923641,0.26917858693428276,0.4207024227662964,0.4207024227662964,6.255098186931674e-08,0.06064512188370928
TCGA-P5-A5F6-01A,0.85,0.05110764349008512,0.0,0.005281360999048026,0.0,0.04220201029402652,0.0006326877052736063,1.1812613187859565e-17,0.0050923847675787524,0.13966190256356506,0.023844005543448028,0.023844005543448028,0.03262288174222519,0.05117288774594504
TCGA-P5-A72U-01A,0.46,0.449955480864617,0.07503235978487761,0.014928220145008927,0.05391552259618189,0.1531579854495052,0.009307779722218617,8.985631046358648e-13,0.13046664819457454,0.21634251050273093,0.23771719895436363,0.23771719895436363,0.038345346939752126,0.5981218003604797
TCGA-P5-A72W-01A,0.89,0.41993711525768834,0.41212070724069855,0.32760880338675147,0.07348795566132597,0.22279498843857834,0.11488960719935747,0.14542825300897577,0.7388623448989733,0.35369679174366697,0.6862033914964241,0.6862033914964241,0.24866298813005455,0.9393405281973657
TCGA-P5-A72X-01A,0.73,0.24538675716594313,0.18568037497208975,0.09108184565252839,0.055842104501377145,0.23342222715393016,0.031560654047091866,0.03551979141117579,0.20748972950634412,0.29480696694332087,0.2656041360944237,0.2656041360944237,0.13225931009963274,0.6391893448984279
TCGA-P5-A72Z-01A,0.96,0.6085183151883522,0.4495761923424624,0.2752396965636038,0.03799171237593979,0.17086539295200315,0.2923102322888367,0.309472236188173,0.6864254980464592,0.2787242908415268,0.3588853297719568,0.3588853297719568,0.41316869835167314,0.2275006399875792
TCGA-P5-A730-01A,0.86,0.23927286408796036,0.20553803615678268,0.15785505910810507,0.048207959253281224,0.09278729113508785,0.04543980984395676,0.045934664197506046,0.20701434987329212,0.2874516523193049,0.2668651533131979,0.2668651533131979,0.1136368027174256,0.5643419908809646
TCGA-P5-A731-01A,0.84,0.2041541839768918,0.2616859469906228,0.15836500638325499,0.12538838029940144,0.08157349694452569,0.040621119756443225,0.04813397966373008,0.370502008195764,0.29560046434016596,0.4617970983092524,0.4617970983092524,0.10001313379798772,0.6420980650336054
TCGA-P5-A733-01A,0.78,0.09659510056037503,0.08104877524317294,0.0256919007245396,0.029962955538408564,0.03071717699158973,0.03783726936086318,0.03958677079706703,0.2274914659343626,0.286905757503557,0.3189107219320607,0.3189107219320607,0.0328885583719409,0.3577713801891466
TCGA-P5-A735-01A,0.86,0.3503865302251718,0.39468170282951726,0.29311869009893904,0.027232626336046943,0.14234223973924745,0.16980322945378573,0.19149640646237753,0.6879149518301163,0.3306639314175282,0.6357496552035865,0.6357496552035865,0.18311835732861914,0.8088220612029056
TCGA-P5-A736-01A,0.51,0.6327279566992219,0.10062400414091618,0.038106277900897725,0.1773804396475974,0.15844692816983397,0.004188084751203857,5.476315252040294e-18,0.19289433926185864,0.2947386122685819,0.29621880828506447,0.29621880828506447,0.44186606264115486,1.0
TCGA-P5-A737-01A,0.93,0.31404241296583085,0.47710516795580166,0.41396551356024075,0.06925525744518114,0.12347851908808812,0.2149483416264946,0.23676889330319797,0.7454671478039798,0.32259940263180076,0.7317134529071938,0.7317134529071938,0.16891394828378775,0.7513540168949276
TCGA-P5-A77W-01A,0.79,0.26563726953614114,0.14682565392115687,0.09746976406954759,0.019850202699579676,0.1302335278391514,0.2338126773998542,0.2464008804148181,0.43431350351456427,0.3051632620618397,0.34807825805419657,0.34807825805419657,0.14201114849436577,0.6088359877137549
TCGA-P5-A77X-01A,0.83,0.08037900691955975,0.22010505761349747,0.1244952734448159,0.020131428281541523,0.049274994846033524,0.07901229579346253,0.07910613284207942,0.43056569895988417,0.3035053518180429,0.5677375644947923,0.5677375644947923,0.03381650705783019,0.18893571214848898
TCGA-P5-A780-01A,0.71,0.1626152044010861,0.24662013883060868,0.11427599119015171,0.02488160422393756,0.06132681559273286,0.08584515484827968,0.0890064225100653,0.37953322963784836,0.2316367671931131,0.3722053641828744,0.3722053641828744,0.07021205479719139,0.37569887693611315
TCGA-P5-A781-01A,0.76,0.15462776423691751,0.14135023588600995,0.051575250033115735,0.04180194492903169,0.07314142707365119,0.029320818451426846,0.03826043581407822,0.24972967155015457,0.26578750807547763,0.33125523980302496,0.33125523980302496,0.06338631605766723,0.49430308068543893
TCGA-QH-A65R-01A,0.84,0.20878966459120155,0.14775339157913359,0.07251304995922693,0.013866147288917732,0.10378015755181332,0.16063372896633302,0.16912935339359536,0.4081323999146913,0.3028397849881699,0.341160321282507,0.341160321282507,0.10490087349046855,0.5233595806032603
TCGA-QH-A65S-01A,0.69,0.2504505224334548,0.14799453453218764,0.06426857725329294,0.05269994677242187,0.08937988669529053,0.021289026196607656,0.018447264861926025,0.2482616597273843,0.24477379387343995,0.31130966900105767,0.31130966900105767,0.12072348296616107,0.7094346950619854
TCGA-QH-A65V-01A,0.71,0.23594132539503349,0.08354966555768364,0.011120035229230189,0.1210350387298132,0.14344042658545295,0.004553818200267367,2.3849003444993243e-12,0.11302738966080488,0.235406833872759,0.22322445918345102,0.22322445918345102,0.1077552451430563,0.7814919334365903
TCGA-QH-A65X-01A,0.87,0.20763486924477065,0.21752344346828603,0.11427963985489864,0.024688603479937305,0.20012226499254532,0.1441228912441295,0.15373661381621498,0.37368934556465916,0.13206864696543494,0.2666112786733061,0.2666112786733061,0.12933368765739883,0.5871694303136152
TCGA-QH-A65Z-01A,0.9,0.1325109283480476,0.231741821354403,0.1593745281662987,0.018513345418184918,0.06579289448233633,0.08927030421304764,0.09049491741684287,0.27580251229185626,0.3039159148246119,0.4694100482244796,0.4694100482244796,0.06211165144903847,0.2913464795101036
TCGA-QH-A6CS-01A,0.98,0.3031674938077413,0.00969429261730086,0.0,0.026157100136916595,0.24423197419833786,0.000969963075548377,9.639349305544524e-29,0.07538781230331494,0.22943779216173202,0.10772413099695753,0.10772413099695753,0.15250808437389549,0.4271558353874121
TCGA-QH-A6CU-01A,0.72,0.270271244349235,0.011842730741059772,0.0,0.16998631215713317,0.09129534659617526,0.0009563800945463213,7.325831367929349e-10,0.09535307954014123,0.252044771723094,0.16676142511066513,0.16676142511066513,0.14469450204333778,0.6064406717286388
TCGA-QH-A6CV-01A,0.76,0.3140858930084067,0.30112754699682065,0.12233137689750538,0.06222354388811387,0.2711973059611032,0.12458278612421923,0.12788830086857347,0.35315455618291086,0.27564220103698994,0.3583082881019431,0.3583082881019431,0.1857981516824802,0.6984908090167429
TCGA-QH-A6CW-01A,0.87,0.6641651508302565,0.4515250083000503,0.28202082882665674,0.17264628999521064,0.2359709343225544,0.14671984514316724,0.1608972497724999,0.7941039820516661,0.3283675434149281,0.641203877413072,0.641203877413072,0.45878382533050666,0.9773890082588043
TCGA-QH-A6CX-01A,0.79,0.5897116718593126,0.183826617545065,0.0,0.21120454804829666,0.3343211287233425,0.006246412327658716,1.6421683805900255e-17,0.2891185256368398,0.274429008545959,0.2287832043415515,0.2287832043415515,0.32182791151234286,0.5024018321289586
TCGA-QH-A6CY-01A,0.69,0.04957006593384158,0.11815980812148934,0.028356754936486962,0.015404646181301931,0.03527149851941237,0.07241491268223181,0.08231534536790863,0.18928855569894268,0.2367382126040499,0.3821831594366966,0.3821831594366966,0.007027077362309234,0.15743970016325207
TCGA-QH-A6CZ-01A,0.92,0.13637698419486058,0.25187437879305047,0.15924224432709014,0.01751510011092905,0.08665240831151828,0.2280546627669808,0.24761790692637717,0.5103596942974886,0.3224795897584577,0.6927869236955789,0.6927869236955789,0.046550114958502,0.20552628203952134
TCGA-QH-A6X3-01A,0.86,0.13740246223169428,0.16183512497250513,0.12670868746260397,0.019943649547157702,0.05850351818742268,0.08685299723806016,0.0873379844692071,0.4990935114461593,0.3038631799355761,0.5390415763413234,0.5390415763413234,0.05853952499615582,0.3525314364462269
TCGA-QH-A6X4-01A,0.83,0.18968732397935362,0.2790102182315677,0.20376880620361978,0.020251090928244928,0.07917001233656394,0.15785409295928238,0.16986924902925557,0.475879801494658,0.23458605379075995,0.46425402950146283,0.46425402950146283,0.08150828014772973,0.29113298347777317
TCGA-QH-A6X5-01A,0.69,0.10110060075867265,0.059401506548020656,0.0,0.046219526411646054,0.05468897673348527,0.007895200580181479,0.0020547847272640676,0.11446167019627158,0.23421626664126918,0.16806255022722955,0.16806255022722955,0.03985148592280477,0.12076190206047425
TCGA-QH-A6X8-01A,0.81,0.15570706349168514,0.2586702025512035,0.15276115395179252,0.01600706463645463,0.08525853306331543,0.1370360199048309,0.14417023157179537,0.4566633656259544,0.23974542803730822,0.4655552217619647,0.4655552217619647,0.058107998043529605,0.33477235208474987
TCGA-QH-A6X9-01A,0.81,0.19194711896649694,0.3958990907157226,0.18775555259275087,0.03419417188756264,0.124708696507102,0.18318767019459678,0.20229408731059376,0.5406932487807002,0.338834731267402,0.7116974235128843,0.7116974235128843,0.0886127760216689,0.33798654531026634
TCGA-QH-A6XA-01A,0.55,0.22247305351941535,0.21125261778247348,0.11133653552772814,0.06762104394811548,0.09035917636520999,0.06780298201029138,0.08076157954473584,0.3309228094222636,0.274858947538081,0.4271869707808237,0.4271869707808237,0.10021243909833834,0.6828976581010765
TCGA-QH-A6XC-01A,0.74,0.6109460114414977,0.5131157637784575,0.6646811416829107,0.0916612211302223,0.5878385097898509,0.10266511027297705,0.1049590517187357,0.5463876262715616,0.6328497347874404,0.5367200153653604,0.5367200153653604,0.36563875467486506,0.8856110974311654
TCGA-QH-A86X-01A,0.89,0.11223638208526598,0.26165765585292006,0.20762017569429675,0.020181877778556633,0.07576576340909674,0.1014741350966572,0.10615088894139096,0.5581198097385786,0.31229046340855987,0.6849181589717834,0.6849181589717834,0.052581285709440914,0.20981449620999362
TCGA-QH-A870-01A,0.74,0.16748650985795627,0.10690377820315564,0.03706629358022635,0.036648775209550344,0.10335651812262031,0.018530541992724584,0.01875076393483405,0.22745413584547305,0.2823089015328419,0.2531923205476562,0.2531923205476562,0.06841714493332271,0.538265829294
TCGA-R8-A6MK-01A,0.82,0.12696163083419268,0.19234012598080835,0.02431732314148884,0.06199272681840424,0.05349646969633136,0.008523959148846292,0.006083737325219703,0.22112626899611276,0.2825647986249029,0.2939591063205552,0.2939591063205552,0.05418663386583628,0.4100935257149275
TCGA-R8-A6ML-01A,0.92,0.21101241164843154,0.25924231246655105,0.24135651438616632,0.04635443181058564,0.08969349964635906,0.10416664393791294,0.11525601581685581,0.5446917448139034,0.31496849466845755,0.5016788217591323,0.5016788217591323,0.10637768137872271,0.5066926797954036
TCGA-R8-A6MO-01A,0.73,0.14865199881340646,0.19257393105299092,0.15281258991565902,0.026064589032859298,0.06379796467963467,0.08271873419483035,0.08924810658033783,0.33364512471424657,0.19179086718682709,0.26796205207155127,0.26796205207155127,0.06333154935067663,0.18470388846934946
TCGA-R8-A6YH-01A,0.93,0.25647213544545827,0.46191249534465517,0.41589987777539933,0.04127914166909844,0.17796983761659918,0.28058906780307186,0.2864259110486436,0.7706761176016308,0.34626619425297483,0.7731369669047063,0.7731369669047063,0.13250122227887393,0.5817556112777665
TCGA-RY-A83X-01A,0.81,0.05951832497751722,0.11701358174830687,0.06727119011366599,0.009470191393834013,0.038098430114259244,0.05661210885029915,0.05556099419102251,0.2186292260831736,0.26340667592745076,0.33692755368540345,0.33692755368540345,0.020054964532431527,0.14517976403765473
TCGA-RY-A83Y-01A,0.88,0.16052361283053745,0.33286886427727286,0.21415911255416,0.016761953718858826,0.10460944661792776,0.13479619205415522,0.13556095284036557,0.5429221730136062,0.3130259497070718,0.5204467483298618,0.5204467483298618,0.08644970753783178,0.29712114961107916
TCGA-RY-A83Z-01A,0.87,0.5534501712983162,0.3903970139173181,0.3642182030637895,0.13618349473313845,0.34670371855271725,0.17491002919257456,0.198588615657188,0.7895973949883575,0.35717924784320776,0.7135055515761975,0.7135055515761975,0.3487342615937284,0.9521314467190769
TCGA-RY-A840-01A,0.93,0.16757390025052576,0.38600380910369825,0.32180701326806455,0.01283169497892856,0.08244197598154059,0.19045099467968185,0.20383669018249845,0.6005086038299027,0.36166905114272885,0.6763950145369939,0.6763950145369939,0.07355863200801656,0.3463587027441426
TCGA-RY-A843-01A,0.64,0.16360412747130942,0.09529788395775435,0.10428968845944811,0.0492211481484478,0.076005926577817,0.06572625082950923,0.06529801551247749,0.31343250349103047,0.2807018189160469,0.48794777725834165,0.48794777725834165,0.06822803426828179,0.5909484839347551
TCGA-RY-A845-01A,0.83,0.23892288273822662,0.35060405811107426,0.2795741477619938,0.01583681928987397,0.20769063899987564,0.18895951513524017,0.2299503167016389,0.6213151021952981,0.3292237733663232,0.6410922215827619,0.6410922215827619,0.10526428408591106,0.5872958480906413
TCGA-RY-A847-01A,0.83,0.1507096133232871,0.23432757847370242,0.16457363784604961,0.04265149599490366,0.07090763392551425,0.09031936772612705,0.09590615762259548,0.48283977887535096,0.2889847619564817,0.5001089824810528,0.5001089824810528,0.07016389031170647,0.4217661761596013
TCGA-S9-A6TS-01A,0.81,0.21297389763111158,0.2678125926199856,0.115508863366969,0.07740044390417916,0.09165604272269105,0.09001240760623747,0.09103435133782904,0.48227260465889144,0.27837997324884295,0.47185293607383,0.47185293607383,0.08921476718346827,0.6335746632393702
TCGA-S9-A6TU-01A,0.83,0.30589750642902563,0.2928074378920435,0.1400604519931102,0.06996632806465787,0.1157371880545252,0.08412785394548535,0.09247101767776414,0.34828123658130083,0.26993229872882746,0.35853003115960086,0.35853003115960086,0.1608535265916519,0.7292347566763024
TCGA-S9-A6TV-01A,0.85,0.3853970287305446,0.19708337238421486,0.07062899358592299,0.08811534315405489,0.1921863571978538,0.04102482111294494,0.03893660857136333,0.532568296018281,0.20961033201677104,0.4544915660109244,0.4544915660109244,0.23330834194034356,0.9395827248247506
TCGA-S9-A6TW-01A,0.62,0.1307356453835398,0.09993077168104006,0.07412412190626398,0.005683450822591435,0.057610173687312895,0.08589990765085218,0.09108386671615835,0.23379151139927593,0.25686002447251777,0.2108563481741023,0.2108563481741023,0.06822298090134164,0.3685742405945722
TCGA-S9-A6TX-01A,0.81,0.1883966056947055,0.1651577468241165,0.1279953212822477,0.05115842250532324,0.08223884348333839,0.08063051404483931,0.082652759680541,0.2634171226937043,0.2712615777299339,0.3358327854051897,0.3358327854051897,0.08272488379027489,0.2861047695699486
TCGA-S9-A6TY-01A,0.83,0.15162383552940736,0.19744922785569324,0.1392635174258489,0.0,0.07890541677013037,0.20866336701832075,0.2170394366048898,0.4344347659639083,0.30796909796435806,0.5589297436684,0.5589297436684,0.050688075948629355,0.2947748409059314
TCGA-S9-A6TZ-01A,0.83,0.31143896843489977,0.28484841640689806,0.07683446607756998,0.09065140560272192,0.17371691585098523,0.10279227154979402,0.10316398937136302,0.3794897965888684,0.28997233469920625,0.49479735960509397,0.49479735960509397,0.1517931612416828,0.8759931231522028
TCGA-S9-A6U0-01A,0.95,0.20588446618536185,0.09721722546818405,0.08483334469053529,0.08161052732910208,0.13335555962369441,0.023042547593676455,0.023470412261431966,0.1654877853679591,0.5124638698184915,0.1019897629488,0.1019897629488,0.12722709327681464,0.40974944863661583
TCGA-S9-A6U1-01A,0.46,0.12982994475086126,0.09048957321857454,0.06805403822278025,0.01352383082622,0.06573843023389456,0.10452961666206219,0.1005774604593177,0.4388694857963797,0.23161999705578,0.399407385705721,0.399407385705721,0.049410386469421724,0.3581126693867399
TCGA-S9-A6U2-01A,0.76,0.18933790760505687,0.20882694820826075,0.14894882815157587,0.03540872381506514,0.0833468161802017,0.055743879351984084,0.05951562756773124,0.5174933301418367,0.3080309760291969,0.40237572387634296,0.40237572387634296,0.09511494558144595,0.5007962226483922
TCGA-S9-A6U5-01A,0.83,0.22641493315489236,0.19047435413611863,0.07582015128123977,0.034989673385754455,0.13041764112262716,0.06885768333934165,0.07353306059665345,0.3941717368295481,0.2591890363063289,0.4763819104576076,0.4763819104576076,0.13320473065565028,0.46660822693899495
TCGA-S9-A6U6-01A,0.59,0.25365402804039006,0.16217184264740703,0.14677081155070104,0.02419044154969891,0.08350453349861879,0.18013793019066301,0.20159402731485743,0.6316592928961643,0.304553039161865,0.6137715617659874,0.6137715617659874,0.1169382862551223,0.6995157973511358
TCGA-S9-A6U8-01A,0.74,0.28503114553242864,0.14359451117221111,0.0606307987530244,0.05733844558914327,0.09970943580371922,0.0358622346129338,0.03792930967428176,0.24491387898880246,0.24444066536113015,0.3225505358045315,0.3225505358045315,0.1396001992537209,0.9447304809191793
TCGA-S9-A6U9-01A,0.73,0.512608368702601,0.08010215074708692,0.03537242705748213,0.14781698936317902,0.12843199607814243,0.0031239561805042767,0.00029875027930592173,0.1727311560000741,0.25071439301161697,0.18343448777759558,0.18343448777759558,0.3282412972618282,0.994010213500143
TCGA-S9-A6UA-01A,0.57,0.25370736905716373,0.2654315827107422,0.09416338981961608,0.054310429550279135,0.24417828064660657,0.08736561428259754,0.0975041957751426,0.44216823737550653,0.10677076978285698,0.4506824309367415,0.4506824309367415,0.14177030688985778,0.7613829872633042
TCGA-S9-A6UB-01A,0.89,0.11870029144237429,0.15214353665621388,0.1717264499507628,0.007964874525370657,0.06265337218642597,0.17276147497254163,0.18313622701389637,0.44176904999560473,0.27128546900606004,0.4712137555174001,0.4712137555174001,0.050153404208249756,0.25899948664613
TCGA-S9-A6WD-01A,0.78,0.407167872591611,0.18551429282150372,0.16018280072865784,0.12597671538090768,0.1427223717096382,0.15248516506160364,0.17439891262019172,0.34023760958281024,0.29392383454566506,0.41906169512377256,0.41906169512377256,0.20884091024449764,0.946372733513059
TCGA-S9-A6WE-01A,0.87,0.1014850782750614,0.2728980800102964,0.22449504738255024,0.01716646916244446,0.052907595627886425,0.10838285587499269,0.1157522657630499,0.5433891124808872,0.30984377401388097,0.5670619824201345,0.5670619824201345,0.04655247465590811,0.1993132372806404
TCGA-S9-A6WG-01A,0.86,0.3733571366579256,0.14850260460579057,0.055087667620597705,0.17697984952052118,0.10042719396222588,0.02588432129983919,0.027760087495415836,0.20226168297006222,0.16395391598731493,0.18831062135134005,0.18831062135134005,0.22305812065470615,0.8981713313786649
TCGA-S9-A6WH-01A,0.92,0.2430768628513895,0.2290827577714203,0.21044577575395262,0.0027519399450448533,0.11966648335650992,0.3137844504881668,0.3403717288375072,0.5716023992414864,0.31305730271724086,0.5287666078278187,0.5287666078278187,0.11714896477684683,0.6305327396243237
TCGA-S9-A6WI-01A,0.24,0.0,0.00351793732740477,0.0,0.0012645342742410384,0.0,0.07532772932677427,0.0858964612944503,0.08459756269694962,0.21468449606124776,0.13129299659566887,0.13129299659566887,7.994509461788877e-08,0.015446569776158395
TCGA-S9-A6WL-01A,0.72,0.20158837286761624,0.2058232255053328,0.11439774812084004,0.0280176473725867,0.0926593479875125,0.12034207412514356,0.12945593487776488,0.24027727090639467,0.2965927380481127,0.30485448977048696,0.30485448977048696,0.09462066921886018,0.583774739616883
TCGA-S9-A6WM-01A,0.88,0.4767243081805072,0.574274278256623,0.5184907791613165,0.029688316172404215,0.40576470478250265,0.1829776561805568,0.20251501713291048,0.5328905005536284,1.0,0.4960683199143694,0.4960683199143694,0.34159943818124794,0.6743432415560543
TCGA-S9-A6WN-01A,0.46,0.622605862712585,0.06711277174472421,0.01182617926356034,0.21097897988628475,0.29310301705210906,0.010377610714292806,1.4881190357181806e-10,0.5817002416877443,0.30169411511718414,0.27478175263491705,0.27478175263491705,0.11156119497977134,0.9294707080717092
TCGA-S9-A6WO-01A,0.6,0.35434413479631377,0.4242518144297583,0.22495184728150372,0.04418273028220354,0.12539026264845313,0.12386128623581287,0.13423998936869547,0.5010558301022892,0.31874619073973254,0.5938923907334137,0.5938923907334137,0.19438260498335766,0.9883857191089919
TCGA-S9-A6WP-01A,0.81,0.28911868665160617,0.3016602123271659,0.21621242413875466,0.03902718886875922,0.1004321633945026,0.14546728469156597,0.15220675944866036,0.4316486680812708,0.24660812464665577,0.4059050720960786,0.4059050720960786,0.1588764433065674,0.6725297550920215
TCGA-S9-A6WQ-01A,0.63,0.2877412677444971,0.1890147464985464,0.07037192121888151,0.10070266994232568,0.09404937869809837,0.03486237047130448,0.04800360341856384,0.25552632648699575,0.23967764200793884,0.30379864560431735,0.30379864560431735,0.13382764151358967,0.47763896880595547
TCGA-S9-A7IQ-01A,0.5,0.08774176978839653,0.08119305983195522,0.0,0.004971366903481101,0.06845049577486453,0.14382908481455775,0.1596964181869721,0.26624127929520514,0.2948667819773,0.43673925582496254,0.43673925582496254,0.02455249314311833,0.047024127632685674
TCGA-S9-A7IS-01A,0.84,0.16691600819789926,0.2271753535747055,0.2243028071882394,0.013670699611819758,0.06517223908014698,0.2193303432285785,0.2252718512090519,0.40904729864523004,0.214087011920068,0.3293246827598333,0.3293246827598333,0.07178574022452726,0.05354907784577967
TCGA-S9-A7IX-01A,0.61,0.5922946522433168,0.23953527232401392,0.31261149263325033,0.12368553687429053,0.5657948547830499,0.07354886815854814,0.07307368387877966,0.3885873468829718,0.4568298866248836,0.4665313077360793,0.4665313077360793,0.4315368016939365,0.9697417453936064
TCGA-S9-A7IY-01A,0.77,0.18690198981728537,0.11741521703546928,0.03756105916460999,0.1127847648975771,0.17674035989318101,0.013947391360407969,0.012251011555364,0.22674204836741252,0.2786249943103179,0.32203734457403255,0.32203734457403255,0.10426826686266728,0.5305921961766894
TCGA-S9-A7IZ-01A,0.75,0.4466829510952017,0.26737498823615347,0.1532526763766453,0.05578110331578633,0.2921685381908981,0.07874219064881197,0.09369464548386541,0.5674680544404276,0.29409621004177805,0.5553712301881273,0.5553712301881273,0.2329095993166059,0.8692140624899708
TCGA-S9-A7J0-01A,0.91,0.2658048742694131,0.5928176896838551,0.5352007046749198,0.026825780124909264,0.12105152385930831,0.23811349065778778,0.24774469101175603,0.7051079200295249,0.36372915951875306,0.6959325482077727,0.6959325482077727,0.14586687268467274,0.5040218965816003
TCGA-S9-A7J1-01A,0.76,0.09597663156505139,0.06417917447640747,0.01416733157341131,0.03526772236578515,0.06654669052558829,0.040182083867980264,0.043860775303281176,0.2519851112731537,0.2507488421679348,0.3584104790773379,0.3584104790773379,0.039780875435967644,0.27401040259354814
TCGA-S9-A7J2-01A,0.94,0.09779689037255135,0.34534369171230794,0.23265477134437143,0.027387478616477855,0.05227267625027391,0.12267389103631174,0.12640739304019852,0.5680147298943877,0.332210893861835,0.6556698825963874,0.6556698825963874,0.047572642240518076,0.17810016409902932
TCGA-S9-A7J3-01A,0.78,0.13393720531223843,0.16824312557125312,0.05239528126350089,0.029435650835512403,0.09207350380577221,0.09955666804321632,0.10922310619285583,0.26629343211178913,0.25697488111933076,0.4122559417688228,0.4122559417688228,0.06063243916953026,0.3537806948467876
TCGA-S9-A7QW-01A,0.95,0.25097358092396826,0.35291603350687645,0.3798985606994065,0.01232232492881595,0.16216990968385356,0.2047525888182043,0.24225685251456763,0.6825566450288821,0.35792784599368,0.7153683195605829,0.7153683195605829,0.1056908180676912,0.5836574183513212
TCGA-S9-A7QX-01A,0.83,0.39943222057355193,0.3225417094025357,0.19703675814546118,0.1286596323386006,0.14080662799376767,0.15975158389995503,0.18026943734646886,0.7470994618574397,0.3048882129847167,0.5612836071420841,0.5612836071420841,0.2180246211721208,0.9793087452242065
TCGA-S9-A7QY-01A,0.68,0.24950964680010257,0.22394545346207678,0.08158026494547178,0.06408393129801819,0.1034454808653552,0.07750394579738414,0.07998015097949532,0.25071277037097867,0.23864066466878006,0.23620555742066415,0.23620555742066415,0.10647150658028644,0.5716235413010686
TCGA-S9-A7QZ-01A,0.84,0.13318398303055426,0.12216677304253448,0.026453309228441867,0.00337463042157017,0.07245892625526255,0.16657049960827403,0.17040668061831246,0.36983681346846187,0.29823068491627763,0.4115612289508973,0.4115612289508973,0.056229674453694964,0.28852476847260866
TCGA-S9-A7R1-01A,0.86,0.10889795584211961,0.38255062839203624,0.19818296132346386,0.012536248132159552,0.05763322746374299,0.16659301616869235,0.1746379223386198,0.5306414082737457,0.3378280633379454,0.6386440985024446,0.6386440985024446,0.04663270818502703,0.24350420432058795
TCGA-S9-A7R2-01A,0.52,0.5318944706244382,0.102800378871247,0.024511605854399345,0.11864517381383069,0.1869193302603391,0.001967025095748413,1.0465434373372898e-16,0.19883493044645253,0.14259856928589004,0.1933177045929572,0.1933177045929572,0.2925484309711686,0.9119741421997886
TCGA-S9-A7R3-01A,0.85,0.2939178150177666,0.07070939838115922,0.03412040625434945,0.19731965016458664,0.2778536488975279,0.009505956500918763,0.0035783350956067536,0.21354117870862296,0.2670890322578071,0.23743898387936135,0.23743898387936135,0.1489037357976446,0.9445767200953494
TCGA-S9-A7R4-01A,0.86,0.13935157156583572,0.13326293517727852,0.07289768465526245,0.023581914024282828,0.06778117361365597,0.07747612501485554,0.07857708717011624,0.28250999460551673,0.2723037565706771,0.2952322910704129,0.2952322910704129,0.0690838923776136,0.3391252140351882
TCGA-S9-A7R7-01A,0.61,0.49282204641108857,0.13244564204964623,0.0794570564337897,0.14000566828146457,0.17108171446966078,0.03376571410557072,0.031675381215321916,0.5783003698257578,0.2781403648832241,0.42157536249841143,0.42157536249841143,0.3192402615260819,0.98703271582516
TCGA-S9-A7R8-01A,0.87,0.4207661959293583,0.31378231509673804,0.1647904943645675,0.11524764149775596,0.09523132662156084,0.1946157439570339,0.2098217913785597,0.5647114321736632,0.23136035527702112,0.5045778231139145,0.5045778231139145,0.2260865382905903,0.9274641825469989
TCGA-S9-A89V-01A,0.48,0.32716331788751096,0.33483621755866316,0.33351197748227657,0.04528353946493804,0.12122473120073005,0.21794999150242111,0.2387606003140741,0.6686771359342343,0.3063855359487978,0.658280650196424,0.658280650196424,0.1814696552700079,0.8195865115297424
TCGA-S9-A89Z-01A,0.82,0.4453962022821408,0.35585833389070637,0.21327741633601757,0.08808909907587495,0.16570581241073135,0.0740615736604227,0.0822759066534728,0.5150446955036582,0.2583282361460928,0.38221074524458176,0.38221074524458176,0.2823643773160779,0.7608249392485495
TCGA-TM-A7C3-01A,0.88,0.3200242091276119,0.3799904430232229,0.5613073428602752,0.02261667139612765,0.26728860331359605,0.12085528692589963,0.12573120592641737,0.43762938243919164,0.8196922296329152,0.4491129122635595,0.4491129122635595,0.20504110319557797,0.3575891339874526
TCGA-TM-A7C4-01A,0.68,0.242595325242992,0.11455806381236303,0.10645395067566817,0.022863192051109062,0.10557718992459068,0.14455663001157187,0.15497959519789087,0.4261291725909779,0.3287434519935956,0.6150702254725303,0.6150702254725303,0.11247643694323019,0.44281338154672933
TCGA-TM-A7C5-01A,0.88,0.24380429597388625,0.29013760298360547,0.23448720843230655,0.005646541753316845,0.1211667156869203,0.26308223965301303,0.2768786518062036,0.6082116367022123,0.3108891908225359,0.5242030002802575,0.5242030002802575,0.12937278137272074,0.4694734813682653
TCGA-TM-A7CA-01A,0.67,0.25716090225043386,0.2717734260206494,0.23067710010719344,0.01711321857916635,0.08247264462253201,0.24557890849000016,0.28681324930199104,0.6271789257442374,0.2983901399980618,0.607204054232952,0.607204054232952,0.11775136949330318,0.5807013833886512
TCGA-TM-A7CF-01A,0.78,0.25050817185840984,0.19456187015784768,0.02681686257590075,0.023712232248856737,0.212937228632374,0.1653628059978987,0.18427961811011645,0.4324061978211956,0.31194269242998596,0.6544640782962472,0.6544640782962472,0.09273823911119117,0.16598404958236054
TCGA-TM-A7CF-02A,0.55,0.07222505992329785,0.07439403394468795,0.0,0.037260982861226546,0.0517495162676585,0.002432409574351518,0.002560941908273907,0.13231001354309277,0.149458601316398,0.07326422709954203,0.07326422709954203,0.010205284190175185,0.02400769372361183
TCGA-TM-A84B-01A,0.94,0.6136727526131064,0.37199158108172165,0.2307099170226958,0.08415996061490517,0.4114483165964611,0.09181355185523232,0.09927924903912085,0.5209439729578884,0.34986917007944207,0.5220249307675452,0.5220249307675452,0.37100751259386144,0.8416817144662798
TCGA-TM-A84C-01A,0.66,0.7767649268676086,0.23577881943292267,0.0620426011048694,0.34757343156064835,0.12445772541670254,0.03234633915566069,0.027409433466115934,0.77133463613839,0.306186016744546,0.5064621123612085,0.5064621123612085,0.5723048307505296,1.0
TCGA-TM-A84F-01A,0.54,0.41527304872467613,0.15626926278812653,0.024439838506752406,0.10616596975295409,0.12012513727726593,0.015208622495917248,0.011058092763099409,0.23950583362561514,0.2081586205828178,0.29252676316345844,0.29252676316345844,0.22435676097799068,0.9883787765600701
TCGA-TM-A84G-01A,0.87,0.19796192531269355,0.22591888578335687,0.2120546457630917,0.011482190058546326,0.09538236668787393,0.21711732408932288,0.2234224045717512,0.588974397214661,0.34560797015168315,0.6238061673939587,0.6238061673939587,0.10318877624962887,0.3888285116470467
TCGA-TM-A84H-01A,0.75,0.3222223571386933,0.3452537935538495,0.30305788819278673,0.06411889751933236,0.18155359120681536,0.1352237424649852,0.14358181763618194,0.6621935707840085,0.3410941548553018,0.7889998324529527,0.7889998324529527,0.17174440570189733,0.7537017682816273
TCGA-TM-A84I-01A,0.91,0.390412063674265,0.615581789605917,0.6828488544891298,0.06149963312420066,0.13697237946542282,0.32115705897324215,0.3440877880947824,0.8270781169048971,0.39652745603514344,0.8278064439573314,0.8278064439573314,0.2146916104734285,0.8504168691774153
TCGA-TM-A84J-01A,0.95,0.26449382175523084,0.4495548289915219,0.4647422566708134,0.020511304607863483,0.08179582958649997,0.20195831061347783,0.20971224949376993,0.6270669348651317,0.3219368918382542,0.5410692472838282,0.5410692472838282,0.15652084038770026,0.27071537035015075
TCGA-TM-A84L-01A,0.67,0.4778686348617965,0.20756725821920816,0.1381094458709625,0.0686665878294249,0.4588971723338597,0.027165228290329836,0.025085350544677327,0.24932742714262698,0.2796829977345171,0.3745252215828609,0.3745252215828609,0.27464040938861867,0.9899949806180759
TCGA-TM-A84M-01A,0.98,0.25030114430892525,0.36221054860202784,0.4860883048369157,0.014059834943974107,0.1148969270281312,0.32272149765418495,0.35882657687882336,0.7592812948633443,0.3443587359392071,0.7916399031532912,0.7916399031532912,0.12407523035844974,0.4832437781882781
TCGA-TM-A84O-01A,0.78,0.19672735282544024,0.18757258302053637,0.1627397306770953,0.11278888914058054,0.08341083332630066,0.051637128567729555,0.0557055749325858,0.28427222616433506,0.28515384531097515,0.4539133241496922,0.4539133241496922,0.0973270212250779,0.5678822588800058
TCGA-TM-A84Q-01A,0.83,0.4078336336950593,0.4896209302848788,0.31600255853600795,0.0918855615764401,0.2674007775342645,0.1545498068795634,0.17818184011593832,0.5974526398159627,0.27949233921822514,0.6214408619174746,0.6214408619174746,0.21410574607141492,0.9807040856931574
TCGA-TM-A84R-01A,0.34,0.0,0.04467052094934239,0.006356340300855186,0.0,0.024481263198430938,0.11011138165075354,0.12055025831949127,0.1505053631716686,0.24834520322263695,0.3325591688267008,0.3325591688267008,1.0498229918937867e-07,0.021522639524883803
TCGA-TM-A84S-01A,0.8,0.17807278849348263,0.23167390257591336,0.14605473851523973,0.03297648633141299,0.08086878928072969,0.0398402081139441,0.04184878991747579,0.3479757852122458,0.291120634616596,0.3665165405511258,0.3665165405511258,0.08345335083534895,0.45157736159203454
TCGA-TM-A84T-01A,0.88,0.20113860103691922,0.15232971836070594,0.1325659132364301,0.03059859239150714,0.06943291019560725,0.1531059007671605,0.1595883037954408,0.6263783658136002,0.278015637113823,0.5130202542402348,0.5130202542402348,0.09831379153865455,0.4952507827997744
TCGA-TQ-A7RF-01A,0.92,0.2449380173560064,0.20929290381868662,0.11090893825221779,0.08652533658385278,0.1431177076843226,0.05547344744798994,0.05250161827514154,0.3319002046105028,0.2754539367316752,0.46897894406123103,0.46897894406123103,0.10332358372933059,0.746338876290852
TCGA-TQ-A7RG-01A,0.86,0.1627456235769316,0.20975926340201673,0.15832025398080074,0.024170825564749206,0.10493089312341561,0.0896845631036112,0.09643285467947199,0.42976261533629706,0.295135066543575,0.5224087061919528,0.5224087061919528,0.07909973938513114,0.38523101595258374
TCGA-TQ-A7RH-01A,0.8,0.4166639026460134,0.4131629470407891,0.3082413493894143,0.03993038162948876,0.14349258029169154,0.13807721245540766,0.13285553115353765,0.5418117297348214,0.3077914116328802,0.5261799532333813,0.5261799532333813,0.2396546352162549,0.9097115913343448
TCGA-TQ-A7RI-01A,0.76,0.12735689691831983,0.22099834736216842,0.11788647070320017,0.023326057493804796,0.06327378728441997,0.0907396011881944,0.09290804265462942,0.37673763512804864,0.2680832644532827,0.5095461157140355,0.5095461157140355,0.05569606725229332,0.332615423772067
TCGA-TQ-A7RJ-01A,0.69,0.16304703727758738,0.25581370479866694,0.1928800634705044,0.03604009721980277,0.0741009991327364,0.060628211625967765,0.06038249032564604,0.3697912872677261,0.29493552291188074,0.497062568707578,0.497062568707578,0.07559604474966934,0.4406483261811441
TCGA-TQ-A7RK-01A,0.65,0.3562560703268163,0.4079873740953634,0.34534107585552126,0.04602241797595114,0.13383828736941866,0.15425117927480822,0.15322644419360829,0.7027957298454409,0.3294431693004148,0.5559112547116346,0.5559112547116346,0.19819894586031525,0.8724443673766433
TCGA-TQ-A7RM-01A,0.96,0.4468631739378536,0.4541909129666595,0.5238844505407396,0.03066191049021935,0.18963375770664453,0.2341486655498578,0.24858638978191194,0.6934645442539094,0.3299432885909838,0.5915510377490585,0.5915510377490585,0.2857739103586888,0.7855089375952353
TCGA-TQ-A7RN-01A,0.88,0.1462235290116634,0.19701328656908212,0.18115215840691093,0.018167952957150773,0.10199516980665625,0.11654009117893857,0.12227045956503464,0.46142367106969523,0.3062088703562557,0.47743765838830776,0.47743765838830776,0.0649710465898134,0.3516976220409129
TCGA-TQ-A7RO-01A,0.84,0.046834886215701504,0.20166029012339276,0.13987045396350126,0.010390139305291089,0.0389576715379915,0.09105923086101969,0.09239032478730291,0.2853161050221227,0.2915941394660929,0.5600249775701184,0.5600249775701184,0.015542805389703112,0.10673011054638165
TCGA-TQ-A7RP-01A,0.5,0.27462281943041106,0.0,0.0,0.0709928698717446,0.11084101549479335,0.0010416982237734292,4.19965898660356e-14,0.0716024186010048,0.2604563312348621,0.09561798501169029,0.09561798501169029,0.15494778341332335,0.4724847024112212
TCGA-TQ-A7RQ-01A,0.9,0.21147377699227998,0.41731247005211286,0.22486926024829768,0.027896704406972683,0.18712915136778166,0.2592596269590306,0.26688455014309853,0.6465085097228315,0.35132174455492665,0.6786908876402208,0.6786908876402208,0.10552086136048838,0.4588325190218731
TCGA-TQ-A7RR-01A,0.7,0.20103328054580263,0.13539493634274288,0.0359542564967604,0.0473778938628482,0.08900368626986929,0.02297463944688783,0.0243457557123086,0.217181271557129,0.229114953009314,0.2863106387504678,0.2863106387504678,0.08560216971128955,0.4789219006988201
TCGA-TQ-A7RS-01A,0.9,0.10788749091607736,0.1882436947433308,0.14557499148414135,0.018043187921959043,0.055515465349998176,0.09190125984879602,0.09706906445904206,0.32065636261004055,0.29836240379288986,0.36730812358999454,0.36730812358999454,0.04722047432462826,0.20899807495006906
TCGA-TQ-A7RU-01A,0.94,0.19397498665905008,0.24830142453777257,0.17155899447266457,0.022818530820617973,0.09924452974245912,0.19981764095086038,0.21085246251684847,0.5070864930300154,0.29674431754345687,0.4603808348531899,0.4603808348531899,0.09461769257096406,0.43400084387838245
TCGA-TQ-A7RV-01A,0.59,0.2771519908051815,0.22831932535215596,0.07326850232204145,0.01874714519215037,0.1860034982599731,0.13320022122332253,0.14400071146289264,0.4894787264204209,0.2896155600118431,0.47194206845756825,0.47194206845756825,0.11575085966433607,0.6627609154754259
TCGA-TQ-A7RV-02A,0.53,0.6392894716884511,0.12448689734088593,0.01738529211685987,0.1866420713974118,0.6120357536885807,0.01564889432558962,0.01810292674052364,0.2131638075078456,0.2750032715124601,0.3099884424282064,0.3099884424282064,0.3910359611183416,0.9786130683191829
TCGA-TQ-A7RW-01A,0.66,0.23118038052856377,0.18689716708683027,0.16100809428960483,0.03305173896622261,0.22053440609698338,0.07680758718288687,0.08147648740850598,0.3755950831209768,0.2769415540742171,0.47292024099178576,0.47292024099178576,0.12371001889937153,0.5059510086578125
TCGA-TQ-A8XE-01A,0.91,0.38464280042599625,0.3086432039292841,0.24924432892725917,0.03823655965160509,0.14612463659563346,0.1865941837507239,0.20735148893502625,0.6416450863266432,0.3079426785934759,0.6182106047976247,0.6182106047976247,0.19067097919770137,0.86280291834909
TCGA-TQ-A8XE-02A,0.9,0.46948024899084706,0.22080828221093568,0.18041763934047253,0.0836593523806677,0.2653084328438899,0.0844624113341014,0.09784078008675758,0.3136648223987867,0.25266971146526807,0.4108118431574126,0.4108118431574126,0.2458949356763685,0.865158704554369
TCGA-VM-A8C8-01A,0.35,0.40629564674928736,0.2561112059712319,0.16279164229542328,0.06308836274227327,0.10651737855278541,0.0591913480390321,0.06993808264939619,0.4163825177073184,0.30009374706591146,0.42882600702601237,0.42882600702601237,0.2102344033603831,0.9796873662888624
TCGA-VM-A8C9-01A,0.58,0.6995455598193706,0.1806469144319488,0.0627343951425367,0.11364746651134855,0.1662483374172316,0.04765556547247124,0.04696133226753148,0.3486197191561472,0.2405595404655529,0.2989214434388536,0.2989214434388536,0.4146479797285228,0.9721913856815723
TCGA-VM-A8CA-01A,0.67,0.17783404679686235,0.12893584873985434,0.010236101649822242,0.11728718387905078,0.16674671683725814,0.009144213426061311,0.009352872818884014,0.23289423834842607,0.29694096837569406,0.3097116111450683,0.3097116111450683,0.10051183916458738,0.4474497493441464
TCGA-VM-A8CB-01A,0.94,0.2873980699536355,0.3364593637553552,0.31256384727855757,0.02096837954395515,0.11878644059073784,0.27317371015065217,0.289232186685288,0.6497840028973169,0.3421995239415939,0.5862863468709713,0.5862863468709713,0.15196249803662054,0.6199187112356268
TCGA-VM-A8CD-01A,0.64,0.33831314478174884,0.18294603279753166,0.051793047600640414,0.03145268478373087,0.26617059621621453,0.0018676374569427153,2.291073336975097e-27,0.319234262236998,0.02116265994528541,0.46575172828698597,0.46575172828698597,0.07590695609075851,0.5469571474736951
TCGA-VM-A8CE-01A,0.79,0.10788629124287127,0.12765290745428162,0.030335721621324026,0.019051872335474732,0.07374477073196489,0.03673179196651681,0.03764473645807951,0.14909659567267472,0.255127298565609,0.22975188595651228,0.22975188595651228,0.048415771653747074,0.2347973642687252
TCGA-VM-A8CF-01A,0.82,0.655978557722503,0.05436502199890214,0.014697269326940992,0.13497524544685963,0.2983544814104434,0.0010743759560331108,3.7144841048368665e-14,0.4129410642163907,0.2340327793066691,0.18552724255488398,0.18552724255488398,0.3412051678199921,0.9584492263237009
TCGA-VM-A8CH-01A,0.89,0.38133896839930365,0.22819390278669202,0.14654390042068774,0.11874720254373357,0.12355560138585187,0.08610542344258895,0.09482808948027378,0.5948172613523813,0.28434514518962306,0.47154367033360467,0.47154367033360467,0.20112765043574965,0.949829942113879
TCGA-VV-A829-01A,0.93,0.12949298179563679,0.41430288069778165,0.2141358738007543,0.017162298985536728,0.06479090155682678,0.16296759672539185,0.16421290133943342,0.6667159008165271,0.33104696572861253,0.6369107107850831,0.6369107107850831,0.054524023316405844,0.2739163685938245
TCGA-VV-A86M-01A,0.92,0.5050046502350141,0.19312549820273256,0.1467433202099001,0.045921632897222495,0.11906422371797522,0.29461587351512414,0.30047123740902365,0.7078520720932435,0.28051466399509983,0.5148834245160288,0.5148834245160288,0.3106369265118306,0.9553552151752317
TCGA-VW-A7QS-01A,0.95,0.08178429693992896,0.3925123912817395,0.3637293542725323,0.013421112536023874,0.04555751709364946,0.14783941606550238,0.14812797015487028,0.5913992252196392,0.34716950407942876,0.6118643046271437,0.6118643046271437,0.02774797438410748,0.19752789831558132
TCGA-VW-A8FI-01A,0.83,0.8286795430147323,0.4602691272378714,0.6911805379696189,0.3325509278268037,0.1473915665986319,0.12176562900823593,0.13583808124481264,0.7520200485302212,0.640467921288312,0.6440663247533338,0.6440663247533338,0.6271039712653488,0.9973330147749696
TCGA-W9-A837-01A,0.81,0.06029590794627273,0.2133836172864371,0.18553990325282765,0.008030909738080145,0.037835552367936454,0.09376040643149501,0.09350515015021557,0.4015333582172917,0.2989605101481542,0.5882754809343284,0.5882754809343284,0.020722048630838496,0.13992785347041145
TCGA-WH-A86K-01A,0.81,0.20929617033107017,0.24217509332037954,0.15156390980644344,0.029842591729788332,0.09414530021228454,0.06082906080630878,0.06712748717746747,0.4514293693858587,0.30790207171987594,0.4087908982635746,0.4087908982635746,0.10601836704887921,0.5059041334040931
TCGA-WY-A858-01A,0.66,0.3597639919674755,0.09583882458438289,0.03724437212191899,0.10437011083276104,0.1112036293698715,0.006246754277263871,1.5907838555254668e-08,0.14817090999972524,0.2313249065870887,0.15362886040621923,0.15362886040621923,0.20906879508608164,0.9663004606409568
TCGA-WY-A859-01A,0.78,0.1568576138240361,0.1696934645867036,0.0,0.005453944184219134,0.09797122939921572,0.15514172983019434,0.1671233132185659,0.4391780400050595,0.3069471814900291,0.49765484232919066,0.49765484232919066,0.051664537276094734,0.10355580040076212
TCGA-WY-A85A-01A,0.79,0.1309207185591703,0.10535703664203992,0.03433801407307924,0.011608947590141647,0.09188607824614664,0.13119323375611835,0.142125865507866,0.41788526299923806,0.31732510942928177,0.5593599012035987,0.5593599012035987,0.056850274791101454,0.3215285226138634
TCGA-WY-A85B-01A,0.87,0.3358144694745724,0.2045030649823167,0.17989908739656227,0.033528857804176325,0.08917835383484014,0.21535861917197882,0.22047483759018147,0.7393099090838854,0.26001170523141787,0.5908670931671429,0.5908670931671429,0.17846833056036207,0.8052706123241821
TCGA-WY-A85C-01A,0.87,0.45997478605606906,0.18818295766765938,0.1647736445805584,0.06060168111194815,0.16326597668067888,0.19232274597890153,0.2164003561132859,0.6443225317720256,0.3129199954957048,0.5409547212868278,0.5409547212868278,0.27000906096987215,0.9305366489299098
TCGA-WY-A85D-01A,0.86,0.5501851121331897,0.20467171484641478,0.089078859220224,0.11304394420378688,0.184139013058308,0.029974508367203178,0.040155049154029496,0.26415644393111426,0.3041957296330499,0.3507915653776614,0.3507915653776614,0.34282986819390193,0.9664585462092115
TCGA-WY-A85E-01A,0.99,0.3694977884547857,0.6083279261292291,0.6836922950752303,0.029548936544551003,0.1625298153171118,0.3095582481784378,0.32525412749601046,0.738092267388703,0.381081841271041,0.7566650180560126,0.7566650180560126,0.21182903791715832,0.7436623593636184
