sample_id,method,Tumor,Macrophage_Microglia,T_cell,NK_cell,B_cell,Endothelial,Oligodendrocyte,Astrocyte
TCGA-CS-4938-01B,nnls,0.9860815990591479,0.0,0.0,0.0,0.0,0.0,0.0005845235014959401,0.013333877439356068
TCGA-CS-4941-01A,nnls,0.9735241707176258,0.013395121387937014,0.0,0.0,0.0,0.0,0.0,0.01308070789443708
TCGA-CS-4942-01A,nnls,0.9167891345326857,0.05588233189932556,0.0,0.0,0.0,0.0,0.010294332214856677,0.01703420135313194
TCGA-CS-4943-01A,nnls,0.928855480340471,0.04064413065830276,0.0,0.0,0.0,0.002796242771400148,0.01763923123614664,0.010064914993679454
TCGA-CS-4944-01A,nnls,0.9710064866394065,0.0,0.0,0.0,0.0,0.0,0.0,0.02899351336059361
TCGA-CS-5390-01A,nnls,0.8474507777499304,0.005953738075762779,0.0,0.0,0.02572864331104143,0.02445074273585673,0.07099103972409107,0.025425058403317637
TCGA-CS-5393-01A,nnls,0.7966013768514415,0.06303874158674726,0.0,0.0,0.0028712802069297675,0.01982426658006649,0.06099489911595974,0.05666943565885518
TCGA-CS-5394-01A,nnls,0.8102297918567576,0.002605267989075361,0.0,0.00117925541789768,0.016361801781958545,0.07915441863457989,0.0,0.09046946431973107
TCGA-CS-5395-01A,nnls,0.8904233136229008,0.009671886295460763,0.0,0.0,0.0,0.0,0.017467833863448093,0.08243696621819038
TCGA-CS-5396-01A,nnls,0.9094983498060918,0.0,0.0,0.0,0.0,0.0,0.07982177059958472,0.010679879594323557
TCGA-CS-5397-01A,nnls,0.9484725102047694,0.01098857094636449,0.0,0.0,0.0,0.0,0.004946643269298709,0.03559227557956734
TCGA-CS-6186-01A,nnls,0.8819349340458807,0.007017647840482319,0.0,0.0,0.0,0.0,0.0,0.11104741811363686
TCGA-CS-6188-01A,nnls,0.9706463162373624,0.002430715929776878,0.0,0.0,0.0,0.0,0.0,0.02692296783286072
TCGA-CS-6290-01A,nnls,0.9808269716528549,0.0046040000003598125,0.0,0.0,0.0,0.0,0.0018446155808929663,0.01272441276589222
TCGA-CS-6665-01A,nnls,0.7386322275461119,0.12638741459036892,0.0,0.0,0.0,0.005245462860590163,0.11298293218015631,0.016751962822772724
TCGA-CS-6666-01A,nnls,0.9404653592498953,0.004222840639454535,0.0,0.0,0.0,0.03254923165148765,0.0,0.022762568459162528
TCGA-CS-6667-01A,nnls,0.8206331250690309,0.032921752445619186,0.0,0.0,0.013838871074245414,0.09085870047639645,0.003181984707507679,0.038565566227200566
TCGA-CS-6668-01A,nnls,0.9390364546596646,0.0005550866336257103,0.0,0.0,0.0,0.013834779351017528,0.03153777130471235,0.01503590805097983
TCGA-CS-6669-01A,nnls,0.0786859097330733,0.0,0.0,0.06829603761198355,0.10336028664235221,0.12830732490968313,0.22032512576512775,0.40102531533778
TCGA-CS-6670-01A,nnls,0.9458004431377779,0.0,0.0,0.0,0.0,0.0,0.0055057325901059955,0.04869382427211608
TCGA-DB-5270-01A,nnls,0.8919636634950217,0.02691763273120626,0.0,0.0,0.0,0.0,0.02946356807873056,0.051655135695041515
TCGA-DB-5273-01A,nnls,0.989526957491098,0.0,0.0,0.0,0.0,0.0,0.0,0.010473042508902073
TCGA-DB-5274-01A,nnls,0.6732933120546039,0.021075287779023812,0.0,0.0,0.2176245636002242,0.059242608567383455,0.0243630840950157,0.004401143903749024
TCGA-DB-5275-01A,nnls,0.9777572274387137,0.0,0.0,0.0,0.0,0.0,0.0,0.022242772561286244
TCGA-DB-5276-01A,nnls,0.8562563944699985,0.022871805503806512,0.0,0.0,0.0,0.0,0.08806846060733227,0.032803339418862903
TCGA-DB-5277-01A,nnls,0.7913121732285466,0.024407384335939274,0.0,0.0,0.047833261760338364,0.028445478417551597,0.0726951872892247,0.03530651496839943
TCGA-DB-5278-01A,nnls,0.9347101301579478,0.0,0.0,0.0,0.0,0.0,0.024580871462065803,0.04070899837998632
TCGA-DB-5280-01A,nnls,0.9621978808848668,0.0029289509350983386,0.0,0.0,0.0,0.0,0.0041772581653266696,0.03069591001470835
TCGA-DB-5281-01A,nnls,0.9245152059869032,0.01645332844546534,0.0,0.0,0.0,0.022613587837621914,0.0,0.03641787773000957
TCGA-DB-A4X9-01A,nnls,0.9303038076456349,0.021087351576076753,0.0,0.0,0.0,0.0,0.0020043182460088237,0.04660452253227952
TCGA-DB-A4XA-01A,nnls,0.9629066597599389,0.0,0.0,0.0,0.0,0.0,0.010169488740620873,0.026923851499440148
TCGA-DB-A4XB-01A,nnls,0.9349130990554354,0.01516777196081385,0.0,0.0,0.0,0.0,0.017549486805208594,0.032369642178541984
TCGA-DB-A4XC-01A,nnls,0.9494011177070399,0.018900574359088887,0.0,0.0,0.0,0.0,0.0,0.0316983079338712
TCGA-DB-A4XD-01A,nnls,0.9188036185661698,0.010398937211058723,0.0,0.0,0.0,0.0,0.043116639303453996,0.027680804919317452
TCGA-DB-A4XE-01A,nnls,0.9521424769104225,0.003610699894170114,0.0,0.0,0.0,0.0,0.01979359303924343,0.024453230156163824
TCGA-DB-A4XF-01A,nnls,0.9765779299481584,0.0,0.0,0.0,0.0,0.0,0.0,0.023422070051841617
TCGA-DB-A4XG-01A,nnls,0.8852887009517071,0.006197484611014575,0.0,0.0,0.027517216885250946,0.03395900418267533,0.0031832884847357045,0.04385430488461628
TCGA-DB-A4XH-01A,nnls,0.4163636474876186,0.010032215052391847,0.0,0.0,0.12054855762791061,0.10504366054020181,0.17606007754994538,0.17195184174193168
TCGA-DB-A64L-01A,nnls,0.9389231200944768,0.003889038381626296,0.0,0.0,0.0,0.002357509201727513,0.0,0.05483033232216947
TCGA-DB-A64O-01A,nnls,0.9676970985561251,0.0,0.0,0.0,0.0,0.0,0.0,0.032302901443874966
TCGA-DB-A64P-01A,nnls,0.8915044067846594,0.008412453496545496,0.0,0.0,0.0,0.03278162558214803,0.02993479710203087,0.037366717034616304
TCGA-DB-A64Q-01A,nnls,0.9229121190149912,0.0,0.0,0.0,0.0,0.0,0.021287539116141844,0.05580034186886705
TCGA-DB-A64R-01A,nnls,0.9281493737913228,0.0071993391492617236,0.0,0.0,0.0,0.015564504712937308,0.009749567938096976,0.0393372144083811
TCGA-DB-A64S-01A,nnls,0.9048188900351929,0.0556724413125174,0.0,0.0,0.0,0.0,0.02022339814114339,0.019285270511146233
TCGA-DB-A64U-01A,nnls,0.6873211656277833,0.008839632728292008,0.0,0.0,0.0,0.01076344714633584,0.2319528963080013,0.06112285818958758
TCGA-DB-A64V-01A,nnls,0.9416061145424115,0.0,0.0,0.0,0.0,0.0,0.03614734662690773,0.02224653883068078
TCGA-DB-A64W-01A,nnls,0.8645080077299252,0.0,0.0,0.0,0.02042704057926364,0.04568877901348018,0.046879669756639465,0.022496502920691427
TCGA-DB-A64X-01A,nnls,0.9665558301206006,0.0031524814216925827,0.0,0.0,0.0,0.0,0.0,0.030291688457706707
TCGA-DB-A75K-01A,nnls,0.9780993619829854,0.003937526600664064,0.0,0.0,0.0,0.0,0.001522062872093054,0.01644104854425747
TCGA-DB-A75L-01A,nnls,0.9074906023923963,0.030586164897761694,0.0,0.0,0.0,0.011151659231682723,0.02006199705630282,0.030709576421856347
TCGA-DB-A75M-01A,nnls,0.978609888980081,0.0,0.0,0.0,0.0,0.0,0.0,0.02139011101991895
TCGA-DB-A75O-01A,nnls,0.9882537115557726,0.0,0.0,0.0,0.0,0.0,0.0,0.011746288444227412
TCGA-DB-A75P-01A,nnls,0.9609395816391291,0.0,0.0,0.0,0.0,0.0,0.0,0.03906041836087083
TCGA-DH-5140-01A,nnls,0.987725547725256,0.003524745294850547,0.0,0.0,0.0,0.0,0.0011293440751543042,0.0076203629047391875
TCGA-DH-5142-01A,nnls,0.916609185136389,0.07474100653249811,0.0,0.0,0.0,0.0,0.0,0.008649808331112988
TCGA-DH-5143-01A,nnls,0.9734265076622448,0.0014694597301413666,0.0,0.0,0.0,0.0,0.0,0.025104032607613846
TCGA-DH-5144-01A,nnls,0.9724733671794435,0.0005480433050234437,0.0,0.0,0.0,0.0,0.0006500627456710708,0.026328526769861933
TCGA-DH-A669-01A,nnls,0.9774059637626763,0.0,0.0,0.0,0.0,0.0,0.0,0.022594036237323673
TCGA-DH-A669-02A,nnls,0.9142885727632168,0.025380389127199393,0.0,0.0,0.014059732008206906,0.03746196058255663,0.0,0.008809345518820224
TCGA-DH-A66B-01A,nnls,0.9567899965257505,0.035498144409970074,0.0,0.0,0.0,0.0,0.0,0.007711859064279477
TCGA-DH-A66D-01A,nnls,0.966740020342112,0.013010415795415044,0.0,0.0,0.0,0.0,0.0,0.02024956386247289
TCGA-DH-A66F-01A,nnls,0.9725986508577297,0.0,0.0,0.0,0.0,0.0,0.0,0.027401349142270336
TCGA-DH-A66G-01A,nnls,0.9732354887428508,0.003152353207447643,0.0,0.0,0.0,0.0,0.0,0.02361215804970163
TCGA-DH-A7UR-01A,nnls,0.7555918196948623,0.002088224531879181,0.0,0.0,0.07565781542410166,0.12379319564659581,0.00536071557658954,0.03750822912597143
TCGA-DH-A7US-01A,nnls,0.8822409254669721,0.0,0.0,0.0,0.0,0.0,0.07461382484888991,0.04314524968413794
TCGA-DH-A7UT-01A,nnls,0.9010471788441993,0.008855784284298882,0.0,0.0,0.0,0.0,0.05586252897092773,0.03423450790057422
TCGA-DH-A7UU-01A,nnls,0.90223647979031,0.03287740846322017,0.0,0.0,0.0,0.017936473101607543,0.03332389518189064,0.013625743462971747
TCGA-DH-A7UV-01A,nnls,0.9305410328887106,0.02783912108467251,0.0,0.0,0.0,0.0,0.01856134711468501,0.023058498911931926
TCGA-DU-5847-01A,nnls,0.9436371080261811,0.019002744939154822,0.0,0.0,0.0,0.0,0.0,0.03736014703466409
TCGA-DU-5849-01A,nnls,0.9028314975715361,0.0006975005179741787,0.0,0.0,0.0,0.0,0.050912350263281565,0.04555865164720813
TCGA-DU-5851-01A,nnls,0.8510171164581124,0.006490992849520222,0.0,0.0,0.0,0.0,0.07946171949512873,0.06303017119723876
TCGA-DU-5852-01A,nnls,0.9671997411862857,0.014903527108674961,0.0,0.0,0.0,0.0,0.0,0.017896731705039394
TCGA-DU-5853-01A,nnls,0.9012568323998728,0.03974222367840858,0.0,0.0,0.0,0.0,0.01905656941267736,0.03994437450904131
TCGA-DU-5854-01A,nnls,0.8898137903578873,0.008240584373971498,0.0,0.0,0.0,0.0,0.06874520366665099,0.03320042160149015
TCGA-DU-5855-01A,nnls,0.9658573130941523,0.01359194192632893,0.0,0.0,0.0,0.0,0.0,0.020550744979518674
TCGA-DU-5870-02A,nnls,0.9490121478397968,0.0,0.0,0.0,0.0,0.016762594078397627,0.00916063046881094,0.025064627612994557
TCGA-DU-5871-01A,nnls,0.9606479083451844,0.007108200423606944,0.0,0.0,0.0,0.0,0.0,0.03224389123120864
TCGA-DU-5872-01A,nnls,0.9741511928400222,0.010526732074514038,0.0,0.0,0.0,0.0,0.0007027609805846671,0.014619314104879178
TCGA-DU-5872-02A,nnls,0.8951449593859455,0.038020280095692555,0.0,0.0,0.0,0.0,0.041509582591352935,0.025325177927009
TCGA-DU-6392-01A,nnls,0.8109268385131346,0.07776107772917762,0.0,0.0,0.0,0.06206604494985846,0.03107690418442571,0.01816913462340357
TCGA-DU-6393-01A,nnls,0.9602425111424236,0.002422094638668053,0.0,0.0,0.0,0.01771788009108926,0.005852303164355741,0.0137652109634633
TCGA-DU-6394-01A,nnls,0.9892362283974722,0.0,0.0,0.0,0.0,0.0,0.0,0.010763771602527804
TCGA-DU-6395-01A,nnls,0.9403585742239817,0.013955603394987814,0.0,0.0,0.0,0.0,0.0146238690187448,0.031061953362285614
TCGA-DU-6396-01A,nnls,0.8135554631388738,0.1580496416387773,0.0,0.0,0.0,0.0,0.019475546563312036,0.008919348659036815
TCGA-DU-6397-01A,nnls,0.9625116111688161,0.0,0.0,0.0,0.0,0.0,0.004201325280257644,0.03328706355092622
TCGA-DU-6397-02A,nnls,0.859746876637772,0.003992536550599785,0.0,0.0,0.013049381675256199,0.09528388996536898,0.026532248586973905,0.0013950665840290917
TCGA-DU-6399-01A,nnls,0.954474583462024,0.02026795014872113,0.0,0.0,0.0,0.0,0.004320255714221367,0.02093721067503354
TCGA-DU-6400-01A,nnls,0.9710415578888495,0.004355323653307013,0.0,0.0,0.0,0.0068157097672806415,0.0,0.017787408690562955
TCGA-DU-6401-01A,nnls,0.8556213890722071,0.027227600019350453,0.0,0.0,0.002285115819197515,0.08597729347441488,0.0,0.02888860161483007
TCGA-DU-6402-01A,nnls,0.9445543004150186,0.01805874953834729,0.0,0.0,0.0,0.0018812994606887904,0.0,0.03550565058594547
TCGA-DU-6403-01A,nnls,0.839275852265619,0.042549951001314604,0.0,0.0,0.0,0.0,0.0958110410447255,0.022363155688340956
TCGA-DU-6404-01A,nnls,0.8995673470471215,0.01254652247578264,0.0,0.0,0.0,0.04974921455320292,0.0,0.03813691592389297
TCGA-DU-6405-01A,nnls,0.977465561520791,0.0,0.0,0.0,0.0,0.0,0.0,0.022534438479208906
TCGA-DU-6406-01A,nnls,0.9471723603281235,0.01650892165216012,0.0,0.0,0.0,0.021455553692008397,0.0,0.014863164327708006
TCGA-DU-6407-01A,nnls,0.9732113132616403,0.0,0.0,0.0,0.0,0.0,0.002047540882505401,0.024741145855854206
TCGA-DU-6408-01A,nnls,0.9645584174613211,0.012401409129191767,0.0,0.0,0.0,0.0,0.0,0.023040173409487105
TCGA-DU-6410-01A,nnls,0.876698602466176,0.0006532336527982298,0.0,0.0,0.06267308897087794,0.03689423863990212,0.023080836270245663,0.0
TCGA-DU-6542-01A,nnls,0.9144507199798902,0.031875788618345224,0.0,0.0,0.0,0.0,0.03048617291668597,0.023187318485078667
TCGA-DU-7006-01A,nnls,0.955221239846094,0.019412635142262376,0.0,0.0,0.0,0.0,0.0,0.025366125011643575
TCGA-DU-7007-01A,nnls,0.9752117424978363,0.003303535501433622,0.0,0.0,0.0,0.0,0.0,0.02148472200073009
TCGA-DU-7008-01A,nnls,0.9526972643492393,0.024151758666634212,0.0,0.0,0.0,0.003674568846438193,0.0,0.019476408137688396
TCGA-DU-7009-01A,nnls,0.7035644729685755,0.013115019718070761,0.0,0.0,0.031824507525916326,0.02218087136702301,0.161476169034766,0.06783895938564839
TCGA-DU-7010-01A,nnls,0.9089380478993058,0.002197354979337548,0.0,0.0,0.0,0.0,0.07154906444129638,0.01731553268006019
TCGA-DU-7011-01A,nnls,0.849229616879798,0.08052496200660351,0.0,0.0,0.0,0.02082239122133217,0.014398932071318354,0.03502409782094774
TCGA-DU-7012-01A,nnls,0.9596037651955989,0.013989033438901462,0.0,0.0,0.0,0.0,0.0,0.026407201365499566
TCGA-DU-7013-01A,nnls,0.9906637698944509,0.0,0.0,0.0,0.0,0.0,0.0,0.009336230105549072
TCGA-DU-7014-01A,nnls,0.9404499324044282,0.016692907604182742,0.0,0.0,0.0,0.03302920039679332,0.0,0.00982795959459561
TCGA-DU-7015-01A,nnls,0.9521072666983466,0.02983130540983092,0.0,0.0,0.0,0.0,0.0,0.01806142789182257
TCGA-DU-7018-01A,nnls,0.8583609596454703,0.0,0.0,0.0,0.06665450480905277,0.058210897925144806,0.00257328635464956,0.014200351265682453
TCGA-DU-7019-01A,nnls,0.8820785426862533,0.02510101644874597,0.0,0.0,0.0,0.021857790163318583,0.0,0.07096265070168202
TCGA-DU-7292-01A,nnls,0.9717003786744963,0.0,0.0,0.0,0.0,0.0,0.0,0.028299621325503743
TCGA-DU-7294-01A,nnls,0.8831362803886343,0.009327227892520657,0.0,0.0,0.010108578906358133,0.010216258509279754,0.06002499533141821,0.02718665897178893
TCGA-DU-7298-01A,nnls,0.8041360782628483,0.04354561245762752,0.0,0.0,0.0,0.008643041851680553,0.10762797040838577,0.036047297019457816
TCGA-DU-7299-01A,nnls,0.8467580996103722,0.03784038088039236,0.0,0.0,0.0,0.0,0.07263029913845048,0.04277122037078487
TCGA-DU-7300-01A,nnls,0.9471044495100417,0.0,0.0,0.0,0.0,0.0,0.018375788662425476,0.03451976182753285
TCGA-DU-7301-01A,nnls,0.8904702942527857,0.04287389221300432,0.0,0.0,0.0,0.0,0.0541862632333772,0.012469550300832674
TCGA-DU-7302-01A,nnls,0.9459094310493876,0.0,0.0,0.0,0.0,0.0,0.004985226974789912,0.04910534197582245
TCGA-DU-7304-01A,nnls,0.9693009494407673,0.0029691139104792304,0.0,0.0,0.0,0.0,0.0005828928342854469,0.027147043814468034
TCGA-DU-7304-02A,nnls,0.7621419153686334,0.0,0.0,0.0,0.22508945635316974,0.007719480479493545,0.0,0.0050491477987032116
TCGA-DU-7306-01A,nnls,0.9548952165179141,0.015364097849224751,0.0,0.0,0.0,0.0,0.0024150499080412935,0.027325635724819865
TCGA-DU-7309-01A,nnls,0.8081219035358836,0.04650631606041458,0.0,0.0,0.0,0.053776186970017584,0.0,0.09159559343368419
TCGA-DU-8158-01A,nnls,0.9752949240652055,0.0,0.0,0.0,0.0,0.0,0.001608630398486434,0.023096445536308047
TCGA-DU-8161-01A,nnls,0.9373658974406416,0.009692478199165027,0.0,0.0,0.0,0.0,0.0,0.05294162436019335
TCGA-DU-8162-01A,nnls,0.7674871040864307,0.01372130408212575,0.0,0.0,0.0,0.0,0.14894526554926282,0.06984632628218067
TCGA-DU-8163-01A,nnls,0.8918426851499693,0.032693349078049536,0.0,0.0,0.0,0.0,0.05296588068437939,0.022498085087601656
TCGA-DU-8164-01A,nnls,0.887658757537752,0.016438230240668827,0.0,0.0,0.0,0.025459871919985166,0.01313457270598496,0.057308567595608956
TCGA-DU-8165-01A,nnls,0.9163704354507275,0.057809040665409234,0.0,0.0,0.0,0.0,0.0,0.025820523883863244
TCGA-DU-8166-01A,nnls,0.8677188605816928,0.06421853657245663,0.0,0.0,0.0,0.01385629959207631,0.0008088326194339181,0.05339747063434029
TCGA-DU-8167-01A,nnls,0.8080628226413515,0.06560954934071639,0.0,0.0,0.0,0.007092690056567429,0.08789456649045342,0.03134037147091118
TCGA-DU-8168-01A,nnls,0.9527780330155772,0.00252846637885795,0.0,0.0,0.0,0.017720887113704578,0.004590111494094045,0.022382501997766268
TCGA-DU-A5TP-01A,nnls,0.8613119807135824,0.12386648652420815,0.0,0.0,0.0,0.0063981930163794784,0.002903154077486346,0.005520185668343653
TCGA-DU-A5TR-01A,nnls,0.9196043309461558,0.061835568685713736,0.0,0.0,0.0,0.0,0.0,0.01856010036813046
TCGA-DU-A5TS-01A,nnls,0.6902128282511821,0.049042387090924136,0.0,0.0,0.06166966530331252,0.03621553667544294,0.11626508036636113,0.04659450231277708
TCGA-DU-A5TT-01A,nnls,0.9769813952324,0.0,0.0,0.0,0.0,0.0,0.0017374737087615404,0.021281131058838405
TCGA-DU-A5TU-01A,nnls,0.9379654273855192,0.04426541219323877,0.0,0.0,0.0,0.0,0.0,0.017769160421242026
TCGA-DU-A5TW-01A,nnls,0.9392375406457838,0.02843248710611389,0.0,0.0,0.0,0.008519830495583268,0.011226347830919506,0.01258379392159942
TCGA-DU-A5TY-01A,nnls,0.9478716409925797,0.027624535347512358,0.0,0.0,0.0,0.0,0.0,0.024503823659907907
TCGA-DU-A6S2-01A,nnls,0.8434707727198234,0.0,0.0,0.0,0.0,0.0065412167671095745,0.07932519498495594,0.07066281552811103
TCGA-DU-A6S3-01A,nnls,0.8085933650671753,0.0008693163330395431,0.0,0.0,0.05182519078456015,0.03435405921527598,0.04742613315607498,0.05693193544387408
TCGA-DU-A6S6-01A,nnls,0.9525181845232731,0.0,0.0,0.0,0.0,0.0,0.0,0.04748181547672686
TCGA-DU-A6S7-01A,nnls,0.8448141078255244,0.0642347526790642,0.0,0.0,0.0,0.0,0.05818190128387355,0.03276923821153785
TCGA-DU-A6S8-01A,nnls,0.9506563840137785,0.0,0.0,0.0,0.0,0.0,0.03999438095500488,0.009349235031216731
TCGA-DU-A76K-01A,nnls,0.9558691533328084,0.0,0.0,0.0,0.0,0.0,0.0,0.04413084666719166
TCGA-DU-A76L-01A,nnls,0.7679886586989163,0.05775053045310718,0.0,0.0,0.0,0.09138346815699469,0.05302595669527756,0.029851385995704374
TCGA-DU-A76O-01A,nnls,0.942025559845488,0.04502103007565605,0.0,0.0,0.0,0.0,0.0,0.012953410078855932
TCGA-DU-A76R-01A,nnls,0.9559170719033973,0.0,0.0,0.0,0.0,0.0,0.0,0.04408292809660276
TCGA-DU-A7T6-01A,nnls,0.9131762291443407,0.004187922748748934,0.0,0.0,0.0,0.030044594110050428,0.039120422318713745,0.013470831678146142
TCGA-DU-A7T8-01A,nnls,0.9566523251212679,0.033514975510915083,0.0,0.0,0.0,0.0,0.0,0.009832699367817025
TCGA-DU-A7TA-01A,nnls,0.919500032026337,0.05170466878006955,0.0,0.0,0.0,0.015509758704816726,0.0,0.013285540488776741
TCGA-DU-A7TB-01A,nnls,0.0,0.0,0.0,0.0057276540543962,0.0918440075807148,0.04474832148187949,0.7805229030658315,0.07715711381717796
TCGA-DU-A7TC-01A,nnls,0.9290425245662612,0.0242763083238627,0.0,0.0,0.011198504870860238,0.00688577589992995,0.0,0.028596886339085952
TCGA-DU-A7TD-01A,nnls,0.9672797949809218,0.023844036505758347,0.0,0.0,0.0,0.0,0.0,0.008876168513319849
TCGA-DU-A7TG-01A,nnls,0.8784620978534498,0.019722544146412505,0.0,0.0,0.0,0.004702455329919665,0.015156111708526043,0.08195679096169203
TCGA-DU-A7TI-01A,nnls,0.9419864262690197,0.029022514690100774,0.0,0.0,0.0,0.0,0.0010216200323710895,0.027969439008508467
TCGA-DU-A7TJ-01A,nnls,0.9591196266156559,0.03635635247271615,0.0,0.0,0.0,0.0,0.0,0.004524020911627866
TCGA-E1-5302-01A,nnls,0.9760786502735811,0.0004976594018503751,0.0,0.0,0.0,0.0,0.0,0.023423690324568622
TCGA-E1-5303-01A,nnls,0.9673292605554361,0.0006462828361968123,0.0,0.0,0.0,0.0,0.014626497799390358,0.01739795880897674
TCGA-E1-5304-01A,nnls,0.8564280414704925,0.009200589505908595,0.0,0.0,0.0711178853099022,0.022755909650317645,0.038623011600357283,0.0018745624630219098
TCGA-E1-5305-01A,nnls,0.9250356296512777,0.012363021092089276,0.0,0.0,0.0,0.0,0.016053167581887077,0.04654818167474606
TCGA-E1-5307-01A,nnls,0.884173989556125,0.03950976223126354,0.0,0.0,0.0,0.0,0.007711079654032297,0.06860516855857925
TCGA-E1-5311-01A,nnls,0.7489160045815872,0.013087748482534505,0.0,0.0,0.080042131388805,0.07559958236491175,0.005553207735740563,0.07680132544642092
TCGA-E1-5318-01A,nnls,0.6704032852006439,0.017402338463027765,0.0,0.0,0.10810778160325624,0.17969806216788717,0.012500648819504906,0.011887883745680053
TCGA-E1-5319-01A,nnls,0.903471107394644,0.0,0.0,0.0,0.0,0.0,0.05643285821212291,0.04009603439323312
TCGA-E1-5322-01A,nnls,0.9003108227640159,0.08101439606734123,0.0,0.0,0.0,0.0,0.0018717649260085252,0.0168030162426344
TCGA-E1-A7YD-01A,nnls,0.9792203535095749,0.0,0.0,0.0,0.0,0.0,0.0,0.020779646490425026
TCGA-E1-A7YE-01A,nnls,0.9003625730722287,0.07890170831607114,0.0,0.0,0.0,0.006541543847867602,0.0,0.014194174763832591
TCGA-E1-A7YH-01A,nnls,0.7212309181942514,0.03897992364718366,0.0,0.0,0.005239684967704175,0.018236793745406453,0.14723567936304033,0.06907700008241395
TCGA-E1-A7YI-01A,nnls,0.8139068525799168,0.03283581416650721,0.0,0.0,0.0,0.09854584424919598,0.051462151574801114,0.0032493374295789563
TCGA-E1-A7YJ-01A,nnls,0.9584595326545385,0.023391119304876647,0.0,0.0,0.0,0.0,0.005816575252518756,0.012332772788066106
TCGA-E1-A7YK-01A,nnls,0.792106370953337,0.07351977313102737,0.0,0.0,0.0,0.0,0.09536918514595351,0.03900467076968197
TCGA-E1-A7YL-01A,nnls,0.9679531553608968,0.010457450365558792,0.0,0.0,0.0,0.0,0.0,0.02158939427354439
TCGA-E1-A7YM-01A,nnls,0.6794315722681775,0.0072544558284605995,0.0,0.0,0.0,0.0,0.20778588571576442,0.10552808618759746
TCGA-E1-A7YN-01A,nnls,0.9306549786478577,0.04190503900946894,0.0,0.0,0.0,0.0,0.0,0.027439982342673263
TCGA-E1-A7YO-01A,nnls,0.9398210340640673,0.0,0.0,0.0,0.0,0.020390597568273314,0.0,0.039788368367659484
TCGA-E1-A7YQ-01A,nnls,0.9390627715674499,0.04530931241063327,0.0,0.0,0.0,0.0,0.0,0.015627916021916863
TCGA-E1-A7YS-01A,nnls,0.9737592884645482,0.0,0.0,0.0,0.0,0.0,0.018106414468136267,0.008134297067315452
TCGA-E1-A7YU-01A,nnls,0.9062348055119459,0.015349109821072222,0.0,0.0,0.0,0.0004696606097889623,0.04324145506364401,0.034704968993548926
TCGA-E1-A7YV-01A,nnls,0.9236673901158813,0.003408719202526531,0.0,0.0,0.0,0.05218903125643005,0.006109073399063965,0.014625786026098236
TCGA-E1-A7YW-01A,nnls,0.9686002382270867,0.007241598035318161,0.0,0.0,0.0,0.0,0.0,0.02415816373759507
TCGA-E1-A7YY-01A,nnls,0.9261782079527385,0.00844092804163802,0.0,0.0,0.0,0.0,0.009671479375067075,0.05570938463055651
TCGA-E1-A7Z2-01A,nnls,0.9438308063515625,0.0,0.0,0.0,0.0,0.0,0.002960272853371505,0.05320892079506602
TCGA-E1-A7Z3-01A,nnls,0.9415275817159484,0.0043269539454645015,0.0,0.0,0.0,0.0,0.0,0.0541454643385872
TCGA-E1-A7Z4-01A,nnls,0.9792446748562723,0.0,0.0,0.0,0.0,0.0,0.0,0.020755325143727604
TCGA-E1-A7Z6-01A,nnls,0.9668982706277378,0.0,0.0,0.0,0.0,0.0,0.0,0.033101729372262204
TCGA-EZ-7264-01A,nnls,0.9346719025330655,0.0,0.0,0.0,0.0,0.0,0.03884015610751741,0.026487941359417032
TCGA-F6-A8O3-01A,nnls,0.820899307796049,0.00906161327553715,0.0,0.0,0.0792694580864413,0.046906026069083784,0.0,0.04386359477288864
TCGA-F6-A8O4-01A,nnls,0.9132804991469806,0.01006309198346488,0.0,0.0,0.0,0.006068208438068909,0.011271309155040701,0.05931689127644488
TCGA-FG-5962-01B,nnls,0.9632260368359049,0.0,0.0,0.0,0.0,0.0,0.0,0.03677396316409506
TCGA-FG-5963-01A,nnls,0.8248744639788574,0.06324832654314357,0.0,0.0,0.0,0.0,0.0812695937077842,0.030607615770214782
TCGA-FG-5963-02A,nnls,0.672872351024768,0.024902751095672516,0.0,0.0017673553330163929,0.0,0.2585351941013207,0.04192234844522242,0.0
TCGA-FG-5964-01A,nnls,0.9376800131702908,0.01567797621560616,0.0,0.0,0.0,0.0,0.019574982175825012,0.02706702843827808
TCGA-FG-5965-01B,nnls,0.9656292657186797,0.0,0.0,0.0,0.0,0.0,0.0,0.0343707342813203
TCGA-FG-6688-01A,nnls,0.947515140540628,0.005501002350086223,0.0,0.0,0.0,0.0,0.02281482698784381,0.024169030121442028
TCGA-FG-6689-01A,nnls,0.9300268685616027,0.0114109094825288,0.0,0.0,0.0,0.0,0.015480722560750525,0.04308149939511799
TCGA-FG-6690-01A,nnls,0.9486912595372925,0.019710216290066605,0.0,0.0,0.0,0.0,0.0,0.03159852417264087
TCGA-FG-6691-01A,nnls,0.888763247594689,0.08528417536553064,0.0,0.0,0.0,0.0,0.0038636325294680363,0.022088944510312375
TCGA-FG-6692-01A,nnls,0.9853377981753387,0.0,0.0,0.0,0.0,0.0,0.0,0.014662201824661176
TCGA-FG-7634-01A,nnls,0.7481272128887873,0.05723056624287105,0.0,0.0,0.0,0.07134360738165499,0.08894202956834277,0.03435658391834399
TCGA-FG-7636-01A,nnls,0.9548652839199583,0.0032636453290967055,0.0,0.0,0.0,0.0,0.012450720006659003,0.029420350744285836
TCGA-FG-7638-01B,nnls,0.9320086165378734,0.0,0.0,0.0,0.0,0.0,0.010516864204679541,0.057474519257446996
TCGA-FG-7641-01B,nnls,0.8260750396978793,0.0,0.0,0.0,0.0,0.0,0.09328535126167867,0.08063960904044211
TCGA-FG-7643-01A,nnls,0.7845597597858174,0.0,0.0,0.0,0.0,0.0025341110458523245,0.12278363439924093,0.09012249476908926
TCGA-FG-8181-01A,nnls,0.9207527689188129,0.0,0.0,0.0,0.0,0.010914711043909713,0.0,0.0683325200372775
TCGA-FG-8182-01A,nnls,0.8205032852167866,0.04900248815563269,0.0,0.0,0.0,0.0,0.10018432416383281,0.030309902463747884
TCGA-FG-8185-01A,nnls,0.8695088333714233,0.02117839534292631,0.0,0.0,0.05124916981555674,0.03215906500062862,0.0,0.025904536469464973
TCGA-FG-8186-01A,nnls,0.9414851318231826,0.02465019442996583,0.0,0.0,0.0,0.0,0.0028318400279944765,0.031032833718857192
TCGA-FG-8187-01A,nnls,0.8337719188921345,0.0,0.0,0.0,0.0,0.0,0.12517042575388992,0.04105765535397549
TCGA-FG-8188-01A,nnls,0.8719754173465571,0.01495084549119562,0.0,0.0,0.0,0.0,0.0837602365158944,0.029313500646352846
TCGA-FG-8191-01A,nnls,0.8918096658379261,0.0008448950061544551,0.0,0.0,0.0,0.0,0.07826288651875188,0.029082552637167563
TCGA-FG-A4MT-01A,nnls,0.9438400179380225,0.026943178753266524,0.0,0.0,0.0,0.013151408252337906,0.0011508365989327733,0.01491455845744017
TCGA-FG-A4MT-02A,nnls,0.8596044690792959,0.032526296727416505,0.0,0.0,0.0,0.011066876108843497,0.045252752691021185,0.05154960539342279
TCGA-FG-A4MW-01A,nnls,0.9531938834296839,0.0,0.0,0.0,0.0,0.0,0.027859956116591107,0.018946160453724933
TCGA-FG-A4MX-01A,nnls,0.8657554718812842,0.03247291707448079,0.0,0.0,0.028874033392441108,0.05990598084100383,0.0,0.012991596810790134
TCGA-FG-A4MY-01A,nnls,0.92036611582467,0.0,0.0,0.0,0.0,0.0,0.05556326862473836,0.02407061555059164
TCGA-FG-A60J-01A,nnls,0.9773098802853201,0.0,0.0,0.0,0.0,0.0,0.0048780353529666665,0.01781208436171324
TCGA-FG-A60K-01A,nnls,0.9456029883332326,0.0,0.0,0.0,0.0,0.0,0.004960119188874245,0.04943689247789305
TCGA-FG-A60L-01A,nnls,0.9660535750297573,0.012927929118381582,0.0,0.0,0.0,0.0,0.009760896664756309,0.011257599187104742
TCGA-FG-A6IZ-01A,nnls,0.9782027303197633,0.010369264774124568,0.0,0.0,0.0,0.0,0.0,0.011428004906112137
TCGA-FG-A6J1-01A,nnls,0.9579959552416618,0.0126326504256967,0.0,0.0,0.0,0.009281055765473844,0.0,0.020090338567167538
TCGA-FG-A6J3-01A,nnls,0.9762402324752065,0.00491974971600585,0.0,0.0,0.0,0.0,0.0,0.01884001780878758
TCGA-FG-A70Y-01A,nnls,0.8838563740341836,0.02189575788813316,0.0,0.0,0.0,0.0,0.047762992677769324,0.04648487539991398
TCGA-FG-A70Z-01A,nnls,0.9569430444757584,0.018354395008084907,0.0,0.0,0.0,0.0,0.0,0.024702560516156654
TCGA-FG-A710-01A,nnls,0.9373844430900674,0.03216229236464047,0.0,0.0,0.0,0.0,0.0,0.030453264545292045
TCGA-FG-A711-01A,nnls,0.9704781515839564,0.0,0.0,0.0,0.0,0.0,0.0,0.0295218484160436
TCGA-FG-A713-01A,nnls,0.8955039068984827,0.0,0.0,0.0,0.0,0.0,0.05239205017913892,0.052104042922378316
TCGA-FG-A87N-01A,nnls,0.8158341203157888,0.06557144561649943,0.0,0.0,0.017148158770644913,0.07044855915919039,0.021822028859324948,0.00917568727855144
TCGA-FG-A87Q-01A,nnls,0.8575575737016193,0.043444775696191776,0.0,0.0,0.0,0.0,0.056229694959261486,0.04276795564292747
TCGA-FN-7833-01A,nnls,0.9594981372062945,0.03233298075318656,0.0,0.0,0.0,0.0,0.0,0.008168882040519033
TCGA-HT-7467-01A,nnls,0.1928275741822739,0.013206091443163754,0.0,0.0,0.046114884467147906,0.04581633631253232,0.5241830583302327,0.1778520552646494
TCGA-HT-7468-01A,nnls,0.9545397588353481,0.0004158844932976991,0.0,0.0,0.0,0.0,0.0036303953346413123,0.04141396133671299
TCGA-HT-7469-01A,nnls,0.9380217554148792,0.03584651355091916,0.0,0.0,0.0,0.011473081599008905,0.002168143566601386,0.01249050586859135
TCGA-HT-7470-01A,nnls,0.8259639259840152,0.014787929883866267,0.0,0.0,0.0,0.0,0.09661399546917536,0.06263414866294326
TCGA-HT-7471-01A,nnls,0.9516074061426518,0.029271423707735236,0.0,0.0,0.0,0.0,0.0,0.01912117014961294
TCGA-HT-7472-01A,nnls,0.976394138714698,0.0006245275904173278,0.0,0.0,0.0,0.0,0.009162005763287044,0.013819327931597467
TCGA-HT-7473-01A,nnls,0.9623497166803643,0.02032598371602172,0.0,0.0,0.0,0.0,0.0,0.017324299603613844
TCGA-HT-7474-01A,nnls,0.8841089888641144,0.0,0.0,0.0,0.0,0.0,0.06150272914492158,0.054388281990963995
TCGA-HT-7475-01A,nnls,0.6813528475681051,0.009306973245175666,0.0,0.0,0.11814491974994401,0.03641294887299432,0.06795650487189099,0.08682580569188983
TCGA-HT-7476-01A,nnls,0.6678320533999109,0.04510852912430876,0.0,0.0,0.04508306908842751,0.12049073048345843,0.03828661252613487,0.08319900537775954
TCGA-HT-7477-01B,nnls,0.9360928691404806,0.01780839648706759,0.0,0.0,0.0,0.03276467495828424,0.005784802104297934,0.0075492573098695955
TCGA-HT-7478-01A,nnls,0.9202166150637192,0.05773473034019738,0.0,0.0,0.0,0.0,0.0,0.022048654596083465
TCGA-HT-7479-01A,nnls,0.9208258772344151,0.0,0.0,0.0,0.0,0.0,0.053190241222386185,0.025983881543198764
TCGA-HT-7480-01A,nnls,0.926199764810853,0.000697139033927116,0.0,0.0,0.0,0.0,0.024483942363191822,0.048619153792028094
TCGA-HT-7481-01A,nnls,0.44961573406181377,0.01697205477323976,0.0,0.0,0.020986362647559285,0.030858582442656702,0.34661069956988727,0.1349565665048431
TCGA-HT-7482-01A,nnls,0.9288373288106482,0.0016088140699322894,0.0,0.0,0.0,0.0,0.03890731340406355,0.03064654371535604
TCGA-HT-7483-01A,nnls,0.873523594277362,0.029164696044596553,0.0,0.0,0.0,0.04667214445246962,0.0,0.050639565225571656
TCGA-HT-7485-01A,nnls,0.936257204659098,0.0,0.0,0.0,0.0,0.0,0.021172094121148868,0.04257070121975319
TCGA-HT-7601-01A,nnls,0.8566249739293955,0.0768336784755958,0.0,0.0,0.0,0.0,0.0483840908199296,0.01815725677507912
TCGA-HT-7602-01A,nnls,0.8766306353185729,0.0,0.0,0.0,0.0,0.0,0.08449874610478227,0.03887061857664493
TCGA-HT-7603-01A,nnls,0.7429229391539423,0.01161840223639738,0.0,0.0,0.02670229319771272,0.024241099281636293,0.1012533101297114,0.09326195600059994
TCGA-HT-7604-01A,nnls,0.9625903184982273,0.019401323394373147,0.0,0.0,0.0,0.0,0.0,0.018008358107399577
TCGA-HT-7605-01A,nnls,0.894649839691594,0.0,0.0,0.0,0.0,0.0,0.05877510984784882,0.04657505046055727
TCGA-HT-7606-01A,nnls,0.9489734949319453,0.004668913171231186,0.0,0.0,0.0,0.003903140666531033,0.024936120348853816,0.017518330881438574
TCGA-HT-7607-01A,nnls,0.9172235019479366,0.0,0.0,0.0,0.0,0.0,0.029141553637416533,0.05363494441464698
TCGA-HT-7609-01A,nnls,0.959348371862099,0.02590128672724932,0.0,0.0,0.0,0.0,0.0025612577216657475,0.012189083688985886
TCGA-HT-7610-01A,nnls,0.41832105935785324,0.0889750547985556,0.0,0.022204612443809144,0.07915612333489605,0.07590941834062333,0.1579058264843613,0.15752790523990115
TCGA-HT-7611-01A,nnls,0.9773095181548218,0.002427006949112583,0.0,0.0,0.0,0.0,0.0020573512829293234,0.018206123613136317
TCGA-HT-7616-01A,nnls,0.9411592377704043,0.022788104372873073,0.0,0.0,0.0,0.006795709986055027,0.0,0.029256947870667658
TCGA-HT-7620-01A,nnls,0.8127664962695483,0.0,0.0,0.0,0.0,0.0,0.154702037985828,0.03253146574462366
TCGA-HT-7676-01A,nnls,0.9010936603154527,0.07077618930101855,0.0,0.0,0.0,0.0,0.011445151985954654,0.016684998397574195
TCGA-HT-7677-01A,nnls,0.9354936857579433,0.0,0.0,0.0,0.0,0.0,0.029756194362062557,0.03475011987999417
TCGA-HT-7680-01A,nnls,0.9796534502086363,0.0,0.0,0.0,0.0,0.0,0.0,0.020346549791363723
TCGA-HT-7681-01A,nnls,0.8922712797805393,0.009941218471645875,0.0,0.0,0.0,0.0019456669910335547,0.0269479384275249,0.06889389632925623
TCGA-HT-7684-01A,nnls,0.9680694328965439,0.0,0.0,0.0,0.0,0.0,0.0,0.03193056710345621
TCGA-HT-7686-01A,nnls,0.9431563279163326,0.040027730018222456,0.0,0.0,0.0,0.0,0.0,0.01681594206544486
TCGA-HT-7687-01A,nnls,0.9096490377005192,0.012734189613216493,0.0,0.0,0.0,0.01905077793486215,0.038599521640625634,0.019966473110776546
TCGA-HT-7688-01A,nnls,0.7962883071684204,0.016968234057871918,0.0,0.0,0.010888624346363781,0.029553920901580422,0.07397933594936243,0.07232157757640119
TCGA-HT-7689-01A,nnls,0.9195686221483841,0.0,0.0,0.0,0.0,0.0,0.05261502328723692,0.02781635456437907
TCGA-HT-7690-01A,nnls,0.8993367164428916,0.06476210440606553,0.0,0.0,0.0,0.004309157334303273,0.014745518438240382,0.016846503378499248
TCGA-HT-7691-01A,nnls,0.9581192359086828,0.0,0.0,0.0,0.0,0.0,0.0,0.041880764091317225
TCGA-HT-7692-01A,nnls,0.959104912012452,0.009713125422198111,0.0,0.0,0.0,0.0,0.009002656676986997,0.022179305888362904
TCGA-HT-7693-01A,nnls,0.839193703367178,0.08008973654427892,0.0,0.0,0.0,0.052979790458479455,0.0,0.02773676963006364
TCGA-HT-7694-01A,nnls,0.8075810399137928,0.0,0.0,0.0,0.0,0.0035498883561842637,0.09925516523334563,0.08961390649667725
TCGA-HT-7695-01A,nnls,0.8222725864378856,0.007536771526851172,0.0,0.0,0.0,0.0,0.09006274852099125,0.0801278935142721
TCGA-HT-7854-01A,nnls,0.9732047348849219,0.0,0.0,0.0,0.0,0.0,0.0,0.026795265115078168
TCGA-HT-7855-01A,nnls,0.9132411157430269,0.024164421303035175,0.0,0.0,0.0,0.032400081495523765,0.0,0.03019438145841414
TCGA-HT-7856-01A,nnls,0.6372020718035315,0.013096038441949225,0.0,0.0,0.0,0.05479721710019041,0.15556088984144692,0.13934378281288196
TCGA-HT-7857-01A,nnls,0.8306279742904525,0.1431009037780442,0.0,0.0,0.0,0.016398801872873094,0.002431224506843561,0.0074410955517866485
TCGA-HT-7858-01A,nnls,0.9138473090911359,0.010091284740175201,0.0,0.0,0.0,0.0,0.0537643868606023,0.022297019308086585
TCGA-HT-7860-01A,nnls,0.9569782467280088,0.0036508053664451308,0.0,0.0,0.0,0.0,0.0,0.03937094790554598
TCGA-HT-7873-01B,nnls,0.8572796697937847,0.030423169233939413,0.0,0.0,0.0,0.0009695045489672823,0.06290525186842126,0.04842240455488734
TCGA-HT-7874-01A,nnls,0.8084933220615833,0.0,0.0,0.0,0.0,0.0021235665027771844,0.08516109723243254,0.10422201420320697
TCGA-HT-7875-01A,nnls,0.946029131666263,0.0,0.0,0.0,0.0,0.0,0.0,0.05397086833373705
TCGA-HT-7877-01A,nnls,0.7060249338539439,0.014351877250619417,0.0,0.0,0.0005815619261706863,0.049604005945265546,0.12505081237217738,0.10438680865182305
TCGA-HT-7879-01A,nnls,0.9636919069003536,0.0005655304012325209,0.0,0.0,0.0,0.0,0.011048121174407788,0.024694441524006114
TCGA-HT-7880-01A,nnls,0.8922387102414752,0.0,0.0,0.0,0.0,0.0,0.06380029482464815,0.04396099493387677
TCGA-HT-7881-01A,nnls,0.6777377141133799,0.0,0.0,0.0,0.0,0.0,0.22945568425349047,0.09280660163312969
TCGA-HT-7882-01A,nnls,0.6858615862319233,0.18035082919244824,0.0,0.0,0.0,0.1182302594486711,0.0,0.015557325126957353
TCGA-HT-7884-01B,nnls,0.8132789693801157,0.008358183005057593,0.0,0.0,0.0,0.0,0.10501011472756312,0.07335273288726366
TCGA-HT-7902-01A,nnls,0.20238268680855284,0.015501320267838504,0.0,0.0,0.021650017455703403,0.018809699093983907,0.6020151409263027,0.1396411354476186
TCGA-HT-8010-01A,nnls,0.9625760132587599,0.0,0.0,0.0,0.0,0.0,0.0,0.03742398674124009
TCGA-HT-8011-01A,nnls,0.9787295063493953,0.0,0.0,0.0,0.0,0.0,0.0,0.021270493650604686
TCGA-HT-8012-01A,nnls,0.9576166006978737,0.005143676672000911,0.0,0.0,0.0,0.00914367494322053,0.002600905528661469,0.02549514215824335
TCGA-HT-8013-01A,nnls,0.9010202975850782,0.08650771308146138,0.0,0.0,0.0,0.0,0.0016532543947077299,0.010818734938752718
TCGA-HT-8015-01B,nnls,0.9310778535924542,0.007867395591026187,0.0,0.0,0.0,0.0,0.026977881783713832,0.03407686903280567
TCGA-HT-8018-01A,nnls,0.9349668028351042,0.02630028975935614,0.0,0.0,0.0,0.004838985814064813,0.0,0.033893921591474856
TCGA-HT-8104-01A,nnls,0.9664805590701554,0.00027179104287614113,0.0,0.0,0.0,0.0,0.011830549153355388,0.02141710073361303
TCGA-HT-8105-01A,nnls,0.8451280359361075,0.013443186649301815,0.0,0.0,0.008471905705452368,0.09316458192384167,0.004540581777196363,0.035251708008100305
TCGA-HT-8106-01A,nnls,0.715038229374058,0.21305438896786108,0.0,0.0,0.0,0.0,0.04734351117685418,0.024563870481226747
TCGA-HT-8107-01A,nnls,0.2926913466168222,0.017503774671249042,0.0,0.0435983314413148,0.006288363095067754,0.10047586861216885,0.3246067652670459,0.21483555029633147
TCGA-HT-8108-01A,nnls,0.8484733458290616,0.08614834131694316,0.0,0.0,0.0,0.012541994840225444,0.012841541261155004,0.03999477675261472
TCGA-HT-8109-01A,nnls,0.8968098087889472,0.0,0.0,0.0,0.0,0.0,0.05713557000177311,0.04605462120927971
TCGA-HT-8110-01A,nnls,0.9447699266336044,0.04285940596301451,0.0,0.0,0.0,0.0,0.0,0.012370667403381183
TCGA-HT-8111-01A,nnls,0.9472938264729456,0.0,0.0,0.0,0.0,0.0,0.034452511490518506,0.018253662036535945
TCGA-HT-8113-01A,nnls,0.7868708811643306,0.0,0.0,0.0,0.0,0.018293943879967006,0.08082220499533002,0.1140129699603725
TCGA-HT-8114-01A,nnls,0.9533649589375095,0.02393898756031741,0.0,0.0,0.0,0.0,0.0,0.02269605350217318
TCGA-HT-8563-01A,nnls,0.8451216562216625,0.13740790843805953,0.0,0.0,0.0,0.0,0.0,0.017470435340278097
TCGA-HT-8564-01A,nnls,0.7891186112101026,0.07316469408758544,0.0,0.0,0.0,0.02119442413080812,0.05109078047699769,0.06543149009450615
TCGA-HT-A4DS-01A,nnls,0.9503000686349952,0.034647475096804596,0.0,0.0,0.0,0.0,0.0,0.01505245626820023
TCGA-HT-A5R5-01A,nnls,0.9838738950671552,0.0,0.0,0.0,0.0,0.0,0.0,0.016126104932844793
TCGA-HT-A5R7-01A,nnls,0.9462511367585543,0.0,0.0,0.0,0.0,0.0,0.01909989765715976,0.03464896558428595
TCGA-HT-A5R9-01A,nnls,0.7182635121028854,0.003156712332726388,0.0,0.0,0.1821179751099619,0.0739674394925238,0.0,0.022494360961902486
TCGA-HT-A5RA-01A,nnls,0.9690097119910783,0.0,0.0,0.0,0.0,0.0,0.0,0.03099028800892179
TCGA-HT-A5RB-01A,nnls,0.7401082186821132,0.02867629147719821,0.0,0.0,0.04575948989128736,0.05271794058843419,0.04524503884592257,0.0874930205150445
TCGA-HT-A5RC-01A,nnls,0.9794504829379791,0.0,0.0,0.0,0.0,0.0,0.0,0.020549517062020847
TCGA-HT-A614-01A,nnls,0.8803477718470027,0.0,0.0,0.0,0.0,0.0,0.07645457019847114,0.0431976579545262
TCGA-HT-A615-01A,nnls,0.9292493396453917,0.016659295629478495,0.0,0.0,0.0,0.0,0.02136376791787058,0.03272759680725931
TCGA-HT-A616-01A,nnls,0.877735105101986,0.018624372132084958,0.0,0.0,0.0,0.019426453346962216,0.002238774528188005,0.08197529489077862
TCGA-HT-A617-01A,nnls,0.95135217815539,0.0029268994888624377,0.0,0.0,0.0,0.0,0.0,0.04572092235574752
TCGA-HT-A618-01A,nnls,0.9505130302032346,0.031826481525887525,0.0,0.0,0.0,0.0,0.0,0.017660488270877756
TCGA-HT-A61C-01A,nnls,0.9192067850723221,0.032145935606562766,0.0,0.0,0.0,0.02376715940273829,0.008084584982895061,0.016795534935481797
TCGA-HT-A74H-01A,nnls,0.9600289031125208,0.0,0.0,0.0,0.0,0.0,0.018195376344619544,0.021775720542859776
TCGA-HT-A74J-01A,nnls,0.9665502033099936,0.0,0.0,0.0,0.0,0.0,0.0,0.033449796690006445
TCGA-HT-A74K-01A,nnls,0.9707502142802734,0.0,0.0,0.0,0.0,0.0,0.0077786030423933885,0.02147118267733318
TCGA-HT-A74L-01A,nnls,0.8939256218272649,0.02718013514812408,0.0,0.0,0.0,0.008267749216455348,0.03312203825900139,0.037504455549154436
TCGA-HT-A74O-01A,nnls,0.9472349235499286,0.03981096166168004,0.0,0.0,0.0,0.0,0.002921439081598122,0.010032675706793287
TCGA-HW-7486-01A,nnls,0.5036945548676262,0.022894074566745207,0.0,0.0,0.0,0.0036828061938881116,0.386038779579797,0.08368978479194347
TCGA-HW-7487-01A,nnls,0.8214397905143941,0.007741993844188407,0.0,0.0,0.0028944409765006285,0.01706982207987328,0.07597310212759015,0.07488085045745355
TCGA-HW-7489-01A,nnls,0.9417618136492858,0.0001310165277853486,0.0,0.0,0.0,0.0,0.007510540010765545,0.05059662981216333
TCGA-HW-7490-01A,nnls,0.9717952199021677,0.005616132257612266,0.0,0.0,0.0,0.0047539978437568286,0.0,0.0178346499964633
TCGA-HW-7491-01A,nnls,0.82288483760817,0.012768197999359528,0.0,0.0,0.0013658054374675543,0.06078470535012382,0.06392962505198942,0.03826682855288955
TCGA-HW-7493-01A,nnls,0.947575933606881,0.008684112778536625,0.0,0.0,0.0,0.0,0.0,0.04373995361458257
TCGA-HW-7495-01A,nnls,0.7466476594909308,0.0,0.0,0.0,0.0,0.004228145112646713,0.17033815341026953,0.07878604198615298
TCGA-HW-8319-01A,nnls,0.9109129154819484,0.021136509708342452,0.0,0.0,0.0,0.0,0.018596902906617977,0.049353671903091326
TCGA-HW-8320-01A,nnls,0.9641218068648162,0.012716853904835297,0.0,0.0,0.0,0.0,0.0,0.023161339230348563
TCGA-HW-8321-01A,nnls,0.8843574584949363,0.025343277517966008,0.0,0.0,0.0,0.0325347601146038,0.034788258828626344,0.02297624504386764
TCGA-HW-8322-01A,nnls,0.9095045678107053,0.015613588458909908,0.0,0.0,0.0,0.00918446663577749,0.04006141523240647,0.025635961862200962
TCGA-HW-A5KJ-01A,nnls,0.7479599547716685,0.0,0.0,0.0,0.12025284272880413,0.10678388728284251,0.006201725240440349,0.018801589976244436
TCGA-HW-A5KK-01A,nnls,0.9201094364030047,0.012993175671617596,0.0,0.0,0.0,0.0,0.03978631321847892,0.02711107470689886
TCGA-HW-A5KL-01A,nnls,0.95650319334547,0.007494685671014714,0.0,0.0,0.0,0.0,0.01563195780188969,0.020370163181625545
TCGA-HW-A5KM-01A,nnls,0.8994806293181971,0.08360097482683163,0.0,0.0,0.0,0.0,0.0,0.016918395854971267
TCGA-IK-7675-01A,nnls,0.9737011642120306,0.0,0.0,0.0,0.0,0.0,0.012080048741155978,0.01421878704681344
TCGA-IK-8125-01A,nnls,0.9483691687182836,0.002675976361675482,0.0,0.0,0.0,0.0,0.0,0.04895485492004103
TCGA-KT-A74X-01A,nnls,0.9379282437500418,0.0,0.0,0.0,0.0,0.0,0.03731161795111801,0.024760138298840134
TCGA-KT-A7W1-01A,nnls,0.9813220433864057,0.00194723731136701,0.0,0.0,0.0,0.0,0.0,0.01673071930222736
TCGA-P5-A5ET-01A,nnls,0.7982866086516133,0.007444560499162606,0.0,0.0,0.0,0.005868999385002114,0.11782692716652876,0.07057290429769318
TCGA-P5-A5EU-01A,nnls,0.961504528991962,0.03226484845260728,0.0,0.0,0.0,0.0,0.0,0.006230622555430702
TCGA-P5-A5EV-01A,nnls,0.9559340652470111,0.0037727382631881664,0.0,0.0,0.0,0.0,0.0,0.0402931964898007
TCGA-P5-A5EW-01A,nnls,0.9566721788812592,0.004340840737542509,0.0,0.0,0.0,0.0,0.0,0.03898698038119826
TCGA-P5-A5EX-01A,nnls,0.986102061002356,0.0,0.0,0.0,0.0,0.0,0.0,0.013897938997643989
TCGA-P5-A5EY-01A,nnls,0.9145201434252347,0.0,0.0,0.0,0.0,0.0,0.0,0.08547985657476533
TCGA-P5-A5EZ-01A,nnls,0.82931873780175,0.028161828884725182,0.0,0.0,0.0,0.010007953692292125,0.11210108067880205,0.020410398942430626
TCGA-P5-A5F0-01A,nnls,0.9155221732338387,0.0,0.0,0.0,0.0,0.011067830388415781,0.00106743629480835,0.07234256008293716
TCGA-P5-A5F1-01A,nnls,0.9792930847541281,0.0,0.0,0.0,0.0,0.0,0.0,0.020706915245871833
TCGA-P5-A5F2-01A,nnls,0.9423476968544191,0.0,0.0,0.0,0.0,0.0,0.011774759084427107,0.045877544061153866
TCGA-P5-A5F4-01A,nnls,0.6827637233666884,0.023692965218410435,0.0,0.0,0.048983593857711075,0.05760951406722176,0.07145216831012635,0.11549803517984188
TCGA-P5-A5F6-01A,nnls,0.806937765601864,0.014152393578865871,0.0,0.0,0.0,0.15035763211351805,0.0,0.028552208705752095
TCGA-P5-A72U-01A,nnls,0.9629824127539958,0.0,0.0,0.0,0.0,0.0,0.0,0.03701758724600422
TCGA-P5-A72W-01A,nnls,0.9796565225477479,0.0,0.0,0.0,0.0,0.0,0.0,0.02034347745225216
TCGA-P5-A72X-01A,nnls,0.9694160288128576,0.0,0.0,0.0,0.0,0.0,0.0,0.030583971187142508
TCGA-P5-A72Z-01A,nnls,0.9399126658127525,0.0,0.0,0.0,0.0,0.016307977797796885,0.04377935638945066,0.0
TCGA-P5-A730-01A,nnls,0.9341321731979658,0.0,0.0,0.0,0.0,0.002616380779390227,0.04314155532951411,0.020109890693129795
TCGA-P5-A731-01A,nnls,0.9770546648456468,0.0,0.0,0.0,0.0,0.0,0.0,0.022945335154353076
TCGA-P5-A733-01A,nnls,0.9115592003601446,0.014232920164639963,0.0,0.0,0.0,0.01318375555188982,0.0,0.061024123923325714
TCGA-P5-A735-01A,nnls,0.9454654815551077,0.009583285500333345,0.0,0.0,0.0,0.0,0.016168449621698874,0.028782783322860106
TCGA-P5-A736-01A,nnls,0.9862835477758153,0.0,0.0,0.0,0.0,0.0,0.0,0.013716452224184748
TCGA-P5-A737-01A,nnls,0.984895199542083,0.0,0.0,0.0,0.0,0.0,0.0012394365496592704,0.013865363908257586
TCGA-P5-A77W-01A,nnls,0.7675070320478019,0.0,0.0,0.0,0.11946205402684221,0.05889918171228404,0.03634736820334272,0.017784364009729107
TCGA-P5-A77X-01A,nnls,0.9364925879474946,0.0,0.0,0.0,0.0,0.0,0.0036810128725452166,0.0598263991799602
TCGA-P5-A780-01A,nnls,0.8470571016049572,0.03962658133412587,0.0,0.0,0.0,0.019789012662666004,0.06729535347521262,0.02623195092303832
TCGA-P5-A781-01A,nnls,0.9134998779419806,0.0,0.0,0.0,0.0,0.0,0.04006137456597788,0.046438747492041466
TCGA-QH-A65R-01A,nnls,0.8018498414307417,0.008169453903630289,0.0,0.0,0.070217052711571,0.08959910456356178,0.014101182995655022,0.016063364394840265
TCGA-QH-A65S-01A,nnls,0.9249816575529027,0.0018629944520558049,0.0,0.0,0.0,0.0,0.04710894247782254,0.026046405517219005
TCGA-QH-A65V-01A,nnls,0.9141760218536829,0.0,0.0,0.0,0.0,0.0,0.05435404791614823,0.03146993023016891
TCGA-QH-A65X-01A,nnls,0.8137041755337565,0.013254276878356303,0.0,0.0,0.059523759153026705,0.09257308618532231,0.0,0.020944702249538292
TCGA-QH-A65Z-01A,nnls,0.9440864026271976,0.0,0.0,0.0,0.0,0.0,0.014345223700456497,0.041568373672345914
TCGA-QH-A6CS-01A,nnls,0.9366788001183414,0.0,0.0,0.0,0.0,0.0,0.015757604362678843,0.047563595518979845
TCGA-QH-A6CU-01A,nnls,0.9455430017380312,0.0,0.0,0.0,0.0,0.0,0.022346075093344814,0.03211092316862396
TCGA-QH-A6CV-01A,nnls,0.9633673482434498,0.02508287336498912,0.0,0.0,0.0,0.0,0.00443054451676173,0.007119233874799423
TCGA-QH-A6CW-01A,nnls,0.9854625681073839,0.0,0.0,0.0,0.0,0.0,0.0,0.01453743189261617
TCGA-QH-A6CX-01A,nnls,0.9638301291482116,0.0,0.0,0.0,0.0,0.0,0.00744417244347783,0.028725698408310508
TCGA-QH-A6CY-01A,nnls,0.7825294773536593,0.0028349461995352664,0.0,0.0,0.0,0.0,0.1279956295208554,0.08663994692595005
TCGA-QH-A6CZ-01A,nnls,0.9163204644826561,0.00676365111087831,0.0,0.0,0.0,0.005937699440839572,0.024336438507394163,0.0466417464582318
TCGA-QH-A6X3-01A,nnls,0.9207115388735918,0.0178490498915031,0.0,0.0,0.0,0.0064544757188263685,0.022845025140206577,0.03213991037587224
TCGA-QH-A6X4-01A,nnls,0.7952637432668359,0.019219550045355,0.0,0.0,0.0,0.006860008581489032,0.1298428835715317,0.04881381453478847
TCGA-QH-A6X5-01A,nnls,0.8524533043286523,0.0,0.0,0.0,0.0,0.0,0.08680429922425814,0.060742396447089606
TCGA-QH-A6X8-01A,nnls,0.8169483341443575,0.02230392570180084,0.0,0.0,0.0,0.006179403519339554,0.0946684192264804,0.05989991740802164
TCGA-QH-A6X9-01A,nnls,0.950821690817354,0.005503994867730622,0.0,0.0,0.0,0.0,0.0,0.04367431431491521
TCGA-QH-A6XA-01A,nnls,0.9322617611182135,0.005571691848567363,0.0,0.0,0.0,0.0,0.0321913790197163,0.02997516801350281
TCGA-QH-A6XC-01A,nnls,0.9692635196043957,0.0,0.0,0.0,0.0,0.0,0.0018445171019192336,0.028891963293684927
TCGA-QH-A86X-01A,nnls,0.958133032984587,0.0,0.0,0.0,0.0,0.0,0.0,0.041866967015412954
TCGA-QH-A870-01A,nnls,0.9652306215004327,0.0,0.0,0.0,0.0,0.0,0.0,0.034769378499567294
TCGA-R8-A6MK-01A,nnls,0.9700385299355861,0.0,0.0,0.0,0.0,0.0,0.0012136156297464823,0.028747854434667392
TCGA-R8-A6ML-01A,nnls,0.9648506054665674,0.0,0.0,0.0,0.0,0.0,0.008156919978553112,0.026992474554879426
TCGA-R8-A6MO-01A,nnls,0.7961370265994316,0.01607027523133771,0.0,0.0,0.0,0.037136384827211634,0.10872538324997313,0.04193093009204592
TCGA-R8-A6YH-01A,nnls,0.9736282676071278,0.012521651789188654,0.0,0.0,0.0,0.0,0.0,0.013850080603683531
TCGA-RY-A83X-01A,nnls,0.8071556483311881,0.005918040808958766,0.0,0.0,0.0,0.017530956434981943,0.10582709372509168,0.06356826069977957
TCGA-RY-A83Y-01A,nnls,0.9483254926399577,0.008705022497818156,0.0,0.0,0.0,0.010265145003218557,0.0027792284490035304,0.029925111410002023
TCGA-RY-A83Z-01A,nnls,0.9691524729434216,0.01847096860300729,0.0,0.0,0.0,0.0,0.0,0.012376558453571225
TCGA-RY-A840-01A,nnls,0.9700945341580588,0.0,0.0,0.0,0.0,0.0026348014778824046,0.0,0.02727066436405876
TCGA-RY-A843-01A,nnls,0.9590923492268043,0.0023058462587596347,0.0,0.0,0.0,0.0,0.0,0.03860180451443609
TCGA-RY-A845-01A,nnls,0.9434983032412204,0.018559529415744378,0.0,0.0,0.0,0.0,0.00346921643949986,0.034472950903535186
TCGA-RY-A847-01A,nnls,0.9347007030209739,0.021213348115102983,0.0,0.0,0.0,0.0,0.007501042459333606,0.036584906404589515
TCGA-S9-A6TS-01A,nnls,0.9412388190792912,0.026053208198208968,0.0,0.0,0.0,0.0,0.002092824440886734,0.030615148281613155
TCGA-S9-A6TU-01A,nnls,0.8930172793484485,0.04520501514390743,0.0,0.0,0.0,0.009800706680608322,0.029875519079829164,0.02210147974720652
TCGA-S9-A6TV-01A,nnls,0.9380731120802827,0.04515925621996318,0.0,0.0,0.0,0.0,0.0,0.016767631699754117
TCGA-S9-A6TW-01A,nnls,0.6814965839464224,0.014718515101892525,0.0,0.0,0.08133405247787695,0.1774484385807626,0.01983127543183414,0.02517113446121126
TCGA-S9-A6TX-01A,nnls,0.8722724663770426,0.0,0.0,0.0,0.0,0.008689057178901612,0.07220415669613474,0.04683431974792108
TCGA-S9-A6TY-01A,nnls,0.763420899158925,0.0035349273476610998,0.0,0.0,0.05732909508703329,0.026763567102295695,0.0973652813135323,0.05158622999055259
TCGA-S9-A6TZ-01A,nnls,0.9750626071128495,0.0,0.0,0.0,0.0,0.0,0.0,0.024937392887150467
TCGA-S9-A6U0-01A,nnls,0.9272586326954884,0.003699510146473456,0.0,0.0,0.0,0.05203559212402642,0.0,0.017006265034011737
TCGA-S9-A6U1-01A,nnls,0.747713088361894,0.05463021198867624,0.0,0.0,0.0019420597248590642,0.03052991018861354,0.12371874798688316,0.041465981749074086
TCGA-S9-A6U2-01A,nnls,0.9687999052592295,0.0,0.0,0.0,0.0,0.0,0.0,0.031200094740770498
TCGA-S9-A6U5-01A,nnls,0.9689109287340198,0.0,0.0,0.0,0.0,0.0,0.0,0.03108907126598021
TCGA-S9-A6U6-01A,nnls,0.9240498500987304,0.03250890463215245,0.0,0.0,0.0,0.0027421716720320514,0.0010764418925668258,0.039622631704518234
TCGA-S9-A6U8-01A,nnls,0.9308686475741771,0.011511637219479922,0.0,0.0,0.0,0.0,0.038248845374610395,0.019370869831732578
TCGA-S9-A6U9-01A,nnls,0.9675450191887395,0.004968463996128257,0.0,0.0,0.0,0.0,0.010265682206434774,0.01722083460869755
TCGA-S9-A6UA-01A,nnls,0.9180374520417918,0.06691310595414077,0.0,0.0,0.0,0.006191842150337806,0.0,0.008857599853729692
TCGA-S9-A6UB-01A,nnls,0.8030487335904756,0.0017377456814766782,0.0,0.0,0.04566088043429952,0.021304502813685636,0.09061262890913109,0.03763550857093149
TCGA-S9-A6WD-01A,nnls,0.9546377525253882,0.0,0.0,0.0,0.0,0.0,0.028588198745632475,0.01677404872897936
TCGA-S9-A6WE-01A,nnls,0.9559817445546543,0.0,0.0,0.0,0.0,0.0,0.013614957769703973,0.030403297675641656
TCGA-S9-A6WG-01A,nnls,0.9501179585826779,0.008553403016567198,0.0,0.0,0.0,0.03384708117510465,0.0,0.007481557225650191
TCGA-S9-A6WH-01A,nnls,0.7985897848057751,0.0162750705147117,0.0,0.0,0.09826200573056289,0.05164070852834231,0.01679849000966976,0.018433940410938307
TCGA-S9-A6WI-01A,nnls,0.1380547924640445,0.014471229431809222,0.0,0.011844030835055135,0.12783602375779257,0.10240693594013724,0.3871206998437431,0.21826628772741807
TCGA-S9-A6WL-01A,nnls,0.923973266952056,0.0008051652750905797,0.0,0.0,0.0,0.04011287939161996,0.0,0.03510868838123346
TCGA-S9-A6WM-01A,nnls,0.9869225399417739,0.0,0.0,0.0,0.0,0.0,0.0,0.013077460058226116
TCGA-S9-A6WN-01A,nnls,0.9763346928011616,0.0,0.0,0.0,0.0,0.0,0.0,0.023665307198838453
TCGA-S9-A6WO-01A,nnls,0.9845736944457409,0.0037542987235216524,0.0,0.0,0.0,0.0,0.0,0.011672006830737264
TCGA-S9-A6WP-01A,nnls,0.9061901757570047,0.01803971847063064,0.0,0.0,0.0,0.00891873151410328,0.041797944165752283,0.025053430092508995
TCGA-S9-A6WQ-01A,nnls,0.8791446851276981,0.02452165439270909,0.0,0.0,0.0,0.0,0.06270083293433276,0.03363282754526007
TCGA-S9-A7IQ-01A,nnls,0.921867258239854,0.0,0.0,0.0,0.0,0.0,0.009645743272103907,0.06848699848804202
TCGA-S9-A7IS-01A,nnls,0.8239282606691646,0.024319482708015292,0.0,0.0,0.010205828581626306,0.08209017737956682,0.05945625066162718,0.0
TCGA-S9-A7IX-01A,nnls,0.9690806494861534,0.008763738922780564,0.0,0.0,0.0,0.0,0.0,0.022155611591066143
TCGA-S9-A7IY-01A,nnls,0.9740987516282357,0.0,0.0,0.0,0.0,0.0,0.0,0.025901248371764263
TCGA-S9-A7IZ-01A,nnls,0.9520946686282763,0.0133437305789968,0.0,0.0,0.0,0.0,0.0,0.03456160079272697
TCGA-S9-A7J0-01A,nnls,0.9696047507805444,0.008889299938036674,0.0,0.0,0.0,0.0,0.007186386604702485,0.014319562676716415
TCGA-S9-A7J1-01A,nnls,0.8943845211372261,0.0,0.0,0.0,0.0,0.0,0.04524659371655658,0.06036888514621722
TCGA-S9-A7J2-01A,nnls,0.9340803077268791,0.003719971670920495,0.0,0.0,0.0,0.013717963779704457,0.0,0.048481756822495864
TCGA-S9-A7J3-01A,nnls,0.9119693270725162,0.0011046976620834891,0.0,0.0,0.0,0.0,0.04183943406921806,0.0450865411961822
TCGA-S9-A7QW-01A,nnls,0.9067194011430221,0.012195969835453839,0.0,0.0,0.030645183310694983,0.003509702800162755,0.016978280559101132,0.029951462351565244
TCGA-S9-A7QX-01A,nnls,0.9633439538487178,0.02469298552174326,0.0,0.0,0.0,0.0,0.0025429912539154244,0.009420069375623435
TCGA-S9-A7QY-01A,nnls,0.8713671002395249,0.0,0.0,0.0,0.0,0.0,0.09167834419491336,0.0369545555655617
TCGA-S9-A7QZ-01A,nnls,0.7839510413172666,0.005779884495015333,0.0,0.0,0.04813888533331715,0.06612408126617435,0.042350913154199345,0.05365519443402725
TCGA-S9-A7R1-01A,nnls,0.9439532500583111,0.00243904892277091,0.0,0.0,0.010391173147059661,0.007715756674402156,0.0,0.03550077119745633
TCGA-S9-A7R2-01A,nnls,0.9191711969767928,0.015596511439272934,0.0,0.0,0.0,0.0,0.04281613992580333,0.022416151658130885
TCGA-S9-A7R3-01A,nnls,0.9648738724917085,0.0,0.0,0.0,0.0,0.0,0.009122672553128042,0.026003454955163523
TCGA-S9-A7R4-01A,nnls,0.8622588913171775,0.04719348874909394,0.0,0.0,0.0,0.07212847057804896,0.0,0.018419149355679572
TCGA-S9-A7R7-01A,nnls,0.9531743823473993,0.030345849128936425,0.0,0.0,0.0,0.0,0.0,0.016479768523664368
TCGA-S9-A7R8-01A,nnls,0.9171272574257391,0.03144713034441346,0.0,0.0,0.0,0.0,0.0423394629362744,0.009086149293573095
TCGA-S9-A89V-01A,nnls,0.9813468414054414,0.0,0.0,0.0,0.0,0.0,0.0,0.018653158594558513
TCGA-S9-A89Z-01A,nnls,0.9428874746311072,0.03928067063430332,0.0,0.0,0.0,0.00023111628809473078,0.0025412290030783964,0.01505950944341624
TCGA-TM-A7C3-01A,nnls,0.9835730063557708,0.0,0.0,0.0,0.0,0.0,0.0,0.01642699364422916
TCGA-TM-A7C4-01A,nnls,0.9529040706353448,0.0,0.0,0.0,0.0,0.0,0.0,0.047095929364655245
TCGA-TM-A7C5-01A,nnls,0.8234567556306728,0.006397061031237424,0.0,0.0,0.08489587599577952,0.05827379080699142,0.011201556496107639,0.015774960039211194
TCGA-TM-A7CA-01A,nnls,0.8917088895545009,0.02320856374219194,0.0,0.0,0.0,0.0063782939470975455,0.04417188237269108,0.03453237038351852
TCGA-TM-A7CF-01A,nnls,0.9217152907248768,0.0023641311804507873,0.0,0.0,0.0,0.0,0.0,0.0759205780946723
TCGA-TM-A7CF-02A,nnls,0.0,0.008641780458506419,0.0,0.0,0.11741143990282153,0.012525285280922676,0.6406832794650162,0.220738214892733
TCGA-TM-A84B-01A,nnls,0.9793506467342585,0.0,0.0,0.0,0.0,0.0,0.0,0.020649353265741407
TCGA-TM-A84C-01A,nnls,0.9872193832705707,0.0,0.0,0.0,0.0,0.0,0.0,0.012780616729429338
TCGA-TM-A84F-01A,nnls,0.9722105189547636,0.011471128258507789,0.0,0.0,0.0,0.0,0.0,0.016318352786728562
TCGA-TM-A84G-01A,nnls,0.9659057002786999,0.0,0.0,0.0,0.0,0.00811188998023246,0.001770365113669762,0.02421204462739789
TCGA-TM-A84H-01A,nnls,0.9744650968278885,0.0,0.0,0.0,0.0,0.0,0.0,0.02553490317211144
TCGA-TM-A84I-01A,nnls,0.9905695525296189,0.004516380124998402,0.0,0.0,0.0,0.0,0.0,0.004914067345382867
TCGA-TM-A84J-01A,nnls,0.9099543479833061,0.014483993984926113,0.0,0.0,0.0,0.07536873552028416,0.0,0.00019292251148357324
TCGA-TM-A84L-01A,nnls,0.9749455425418254,0.0,0.0,0.0,0.0,0.0,0.009252142463035112,0.015802314995139406
TCGA-TM-A84M-01A,nnls,0.9705476002228117,0.0,0.0,0.0,0.0,0.0,0.013226944217406035,0.016225455559782283
TCGA-TM-A84O-01A,nnls,0.9747349952355348,0.0,0.0,0.0,0.0,0.0,0.007187455479494962,0.01807754928497036
TCGA-TM-A84Q-01A,nnls,0.9543549383026683,0.029695915821266117,0.0,0.0,0.0,0.0,0.006684441577754862,0.009264704298310833
TCGA-TM-A84R-01A,nnls,0.6875463690187861,0.0013276102653442907,0.0,0.0024135618594002344,0.014451424702584656,0.03372618291300032,0.12115579621190857,0.13937905502897577
TCGA-TM-A84S-01A,nnls,0.9646170302474693,0.0,0.0,0.0,0.0,0.0,0.0,0.03538296975253079
TCGA-TM-A84T-01A,nnls,0.9081043381076513,0.03245101670566567,0.0,0.0,0.0,0.007262040684382699,0.030712449336810617,0.021470155165489637
TCGA-TQ-A7RF-01A,nnls,0.9689290838201429,0.0024226659877130095,0.0,0.0,0.0,0.0,0.0,0.028648250192144037
TCGA-TQ-A7RG-01A,nnls,0.9578588419927012,0.0,0.0,0.0,0.0,0.0,0.008603824462698214,0.03353733354460057
TCGA-TQ-A7RH-01A,nnls,0.9443052762589585,0.028177271472280437,0.0,0.0,0.0,0.0,0.007275618193727818,0.020241834075033327
TCGA-TQ-A7RI-01A,nnls,0.9182638108615506,0.0027520981321700693,0.0,0.0,0.0,0.0,0.039649907638417144,0.03933418336786218
TCGA-TQ-A7RJ-01A,nnls,0.9587167685901249,0.011814137089807388,0.0,0.0,0.0,0.0,0.0,0.02946909432006773
TCGA-TQ-A7RK-01A,nnls,0.9722256129033016,0.008275617610847209,0.0,0.0,0.0,0.0,0.006521419901219268,0.012977349584631936
TCGA-TQ-A7RM-01A,nnls,0.9638575167279586,0.0,0.0,0.0,0.0,0.01406151765426029,0.014732679092657559,0.007348286525123505
TCGA-TQ-A7RN-01A,nnls,0.9493367144620471,0.0007233684766420817,0.0,0.0,0.0,0.00572460006606779,0.014726044296662797,0.029489272698580173
TCGA-TQ-A7RO-01A,nnls,0.8447298532777685,0.008090391108258667,0.0,0.0,0.0,0.05106207324610287,0.0,0.09611768236787
TCGA-TQ-A7RP-01A,nnls,0.9101559596946104,0.0,0.0,0.0,0.0,0.0,0.0358459259133687,0.05399811439202092
TCGA-TQ-A7RQ-01A,nnls,0.9384225423168178,0.0,0.0,0.0,0.0,0.02010019445187537,0.0,0.04147726323130694
TCGA-TQ-A7RR-01A,nnls,0.8431314455622131,0.024926024837193573,0.0,0.0,0.0,0.0,0.085028035315063,0.046914494285530434
TCGA-TQ-A7RS-01A,nnls,0.9110672697882074,0.0,0.0,0.0,0.0,0.0032917493802593167,0.045548037567124194,0.04009294326440908
TCGA-TQ-A7RU-01A,nnls,0.9477020844534942,0.0,0.0,0.0,0.0,0.021277326485153143,0.016348433906005117,0.014672155155347442
TCGA-TQ-A7RV-01A,nnls,0.9037578035029042,0.014105129781810785,0.0,0.0,0.0,0.005296741262891436,0.0410307044991789,0.03580962095321459
TCGA-TQ-A7RV-02A,nnls,0.9760345687272036,0.0,0.0,0.0,0.0,0.0,0.0019012630194888388,0.02206416825330763
TCGA-TQ-A7RW-01A,nnls,0.942326754119009,0.02640044702132877,0.0,0.0,0.0,0.0,0.007042128975668025,0.024230669883994117
TCGA-TQ-A8XE-01A,nnls,0.9336993287462493,0.019401902321350615,0.0,0.0,0.0,0.00651664623869229,0.019022134457633268,0.02135998823607453
TCGA-TQ-A8XE-02A,nnls,0.9081671492915775,0.01550258683076022,0.0,0.0,0.0,0.0,0.0492985976799383,0.027031666197723934
TCGA-VM-A8C8-01A,nnls,0.983164715643883,0.0,0.0,0.0,0.0,0.0,0.0,0.01683528435611703
TCGA-VM-A8C9-01A,nnls,0.9739652396037769,0.010892425230209708,0.0,0.0,0.0,0.0,0.0,0.015142335166013265
TCGA-VM-A8CA-01A,nnls,0.9734714739567611,0.0,0.0,0.0,0.0,0.0,0.0,0.02652852604323881
TCGA-VM-A8CB-01A,nnls,0.961046916679935,0.004123264286703053,0.0,0.0,0.006837551037878985,0.016228359117319135,0.0,0.011763908878163828
TCGA-VM-A8CD-01A,nnls,0.9553529610626689,0.0,0.0,0.0,0.0,0.0,0.0,0.044647038937331136
TCGA-VM-A8CE-01A,nnls,0.8779789524488284,0.0,0.0,0.0,0.0,0.0,0.07546245049787043,0.04655859705330114
TCGA-VM-A8CF-01A,nnls,0.9749911543941955,0.0038885083468204176,0.0,0.0,0.0,0.0,0.0,0.02112033725898414
TCGA-VM-A8CH-01A,nnls,0.9532946177132748,0.015958209327959147,0.0,0.0,0.0,0.0,0.007803230218315542,0.02294394274045046
TCGA-VV-A829-01A,nnls,0.9825078564343231,0.005173634069700762,0.0,0.0,0.0,0.0,0.0,0.01231850949597605
TCGA-VV-A86M-01A,nnls,0.862817914634809,0.05375582890007571,0.0,0.0,0.0567632939857532,0.026662962479362236,0.0,0.0
TCGA-VW-A7QS-01A,nnls,0.9593156466369048,0.009015765553144177,0.0,0.0,0.0,0.018950401223680982,0.0,0.01271818658627006
TCGA-VW-A8FI-01A,nnls,0.9888090977740505,0.0,0.0,0.0,0.0,0.0,0.0,0.011190902225949617
TCGA-W9-A837-01A,nnls,0.9073388160390004,0.00821644693850651,0.0,0.0,0.0,0.002065398182937884,0.008265235500178682,0.07411410333937671
TCGA-WH-A86K-01A,nnls,0.9696764748382057,0.0015104151654240657,0.0,0.0,0.0,0.0,0.0,0.02881310999637032
TCGA-WY-A858-01A,nnls,0.9522601454529177,0.0248637583541773,0.0,0.0,0.0,0.00037285135135414977,0.01020458353337537,0.012298661308175432
TCGA-WY-A859-01A,nnls,0.8373132832083423,0.021637130428330768,0.0,0.0,0.0,0.02992046825067363,0.03950607577359082,0.0716230423390626
TCGA-WY-A85A-01A,nnls,0.8887989617150618,0.026723014288330103,0.0,0.0,0.0,0.008930086008281385,0.002453232993763656,0.07309470499456322
TCGA-WY-A85B-01A,nnls,0.9063533878735904,0.07102070326795235,0.0,0.0,0.0,0.0,0.014155719114830293,0.00847018974362696
TCGA-WY-A85C-01A,nnls,0.9493737078363416,0.022557445258722914,0.0,0.0,0.0,0.022841152859305908,0.0,0.005227694045629593
TCGA-WY-A85D-01A,nnls,0.9755131004526957,0.0,0.0,0.0,0.0,0.0,0.0,0.02448689954730424
TCGA-WY-A85E-01A,nnls,0.9794591143967931,0.0,0.0,0.0,0.0,0.0,0.0,0.020540885603206892
TCGA-CS-4938-01B,svr,0.5980596967019479,0.07375489050435516,0.0,0.0,0.07495417314043304,0.022054567764527053,0.09341506096679807,0.13776161092193887
TCGA-CS-4941-01A,svr,0.8194462118676461,0.07721811001176025,0.0,0.0,0.0,0.03639240926849433,0.02316923029814921,0.043774038553950165
TCGA-CS-4942-01A,svr,0.6307587641285384,0.17969130573927228,0.0,0.0,0.02437959591560968,0.011759382514239893,0.07752160134300715,0.07588935035933267
TCGA-CS-4943-01A,svr,0.7740751639107816,0.06994479519289058,0.0,0.0,0.03111469253994027,0.03431846493032811,0.05599321524803819,0.034553668178021316
TCGA-CS-4944-01A,svr,0.6359755017294049,0.05233875985259594,0.0,0.0,0.07517254231899613,0.07427300072524493,0.0,0.1622401953737581
TCGA-CS-5390-01A,svr,0.6921929332206275,0.006932324067487358,0.0,0.0,0.07078871349867527,0.05008844974969585,0.13784124467888126,0.04215633478463273
TCGA-CS-5393-01A,svr,0.6004279584623309,0.062372610196890874,0.0,0.0,0.07651000293679247,0.03279409492366028,0.1235869757239043,0.10430835775642121
TCGA-CS-5394-01A,svr,0.7994633172365407,0.003155108675221426,0.0,0.0,0.035769736505474915,0.09398953000221526,0.0015817340082317655,0.06604057357231595
TCGA-CS-5395-01A,svr,0.5508576810872993,0.041156470512921414,0.0,0.0,0.027191814886353326,0.06465902926219481,0.12063381908728299,0.19550118516394818
TCGA-CS-5396-01A,svr,0.7183819397477519,0.02391406186824015,0.0,0.0,0.0022488016902253746,0.05709733316293477,0.16034034360761446,0.0380175199232334
TCGA-CS-5397-01A,svr,0.6556610010511662,0.08834148356887546,0.0,0.0,0.0008152938192959906,0.04212440446805999,0.1022107247685381,0.11084709232406423
TCGA-CS-6186-01A,svr,0.6119568861718551,0.054592254070818656,0.0,0.0019522010004874013,0.020395306233546334,0.05760334151583153,0.0,0.253500011007461
TCGA-CS-6188-01A,svr,0.6512520719976705,0.09790808915908115,0.0,0.0,0.0,0.11478046861818769,0.07558128915492143,0.06047808107013918
TCGA-CS-6290-01A,svr,0.46660179944314223,0.1682750562600944,0.0,0.007483491452328071,0.07021734825393448,0.034711218742638,0.1466676683297704,0.10604341751809246
TCGA-CS-6665-01A,svr,0.4581607920526507,0.18387449881328607,0.0,0.00012120389828380995,0.026505133034261115,0.07282155625298568,0.24801733636164439,0.010499479586888226
TCGA-CS-6666-01A,svr,0.7180290161906103,0.038399720614696695,0.0,0.001946646962028698,0.06489427665551314,0.14328501694597234,0.002270468286817245,0.031174854344361548
TCGA-CS-6667-01A,svr,0.6182950395494449,0.04756395148165007,0.0,0.0,0.09316142011295664,0.12630950545922312,0.02972064106442043,0.08494944233230484
TCGA-CS-6668-01A,svr,0.7906582579540175,0.0,0.0,0.0,0.08968210950415573,0.014496488551312366,0.06701001883763724,0.038153125152877214
TCGA-CS-6669-01A,svr,0.5686125289371077,0.003656028703909093,0.0,0.0,0.046602659684102966,0.0576685472260132,0.1317426385341376,0.19171759691472942
TCGA-CS-6670-01A,svr,0.8251370246168975,0.007582867609785474,0.0,0.0,0.03117385124594838,0.0,0.03503447940958788,0.10107177711778087
TCGA-DB-5270-01A,svr,0.6594807530081425,0.06183752802591956,0.0,0.0,0.024124446404189256,0.02732111430341732,0.10123228807019698,0.1260038701881344
TCGA-DB-5273-01A,svr,0.6490904242202923,0.09714799151323524,0.0,0.006650200837982743,0.04343409345746419,0.05293264310974089,0.07769243944587219,0.07305220741541246
TCGA-DB-5274-01A,svr,0.5074904012666933,0.029008990678238,0.0,0.0,0.3141434525917623,0.07694169016335174,0.06119841214600641,0.011217053153948175
TCGA-DB-5275-01A,svr,0.8429122281614864,0.04427086160077625,0.0,0.0,0.003867277368364112,0.03190172214389476,0.01338104004416897,0.06366687068130943
TCGA-DB-5276-01A,svr,0.4021471739265971,0.09429367520835191,0.0,0.0,0.009074997315014668,0.058736432292544195,0.3715244305985334,0.0642232906589587
TCGA-DB-5277-01A,svr,0.6912198961616581,0.018919231492393957,0.0,0.0,0.059658556123422614,0.05067225858021872,0.12160969028896015,0.05792036735334655
TCGA-DB-5278-01A,svr,0.7282547327059841,0.02430293999307533,0.0,0.0,0.0021021679332777557,0.029285608040641797,0.11592237778573834,0.10013217354128252
TCGA-DB-5280-01A,svr,0.7383395073590289,0.02227271379554942,0.0,0.0,0.05680432249896131,0.028667828595073608,0.03795144714152823,0.11596418060985861
TCGA-DB-5281-01A,svr,0.754339623370039,0.03509651453756649,0.0,0.0,0.0026381560264506104,0.1177195125608057,0.01993159480906138,0.07027459869607672
TCGA-DB-A4X9-01A,svr,0.6932158614090558,0.05468972914345612,0.0,0.00021453003443738718,0.021777508246018144,0.03510269341433493,0.06077421866062197,0.13422545909207564
TCGA-DB-A4XA-01A,svr,0.6912731087485583,0.039847255744738366,0.0,0.0,0.026350132593415405,0.05292621457887046,0.10215853353181206,0.08744475480260544
TCGA-DB-A4XB-01A,svr,0.82455563591592,0.03461414710705957,0.0,0.0,0.0006934408076682598,0.005138529180009413,0.06457846805199807,0.07041977893734475
TCGA-DB-A4XC-01A,svr,0.8015633763261094,0.06303063953461797,0.0,0.0,0.003245739046636793,0.024819213193365348,0.02447820673306451,0.0828628251662061
TCGA-DB-A4XD-01A,svr,0.6815067581543987,0.035277185395268945,0.0,0.0,0.05112747150241329,0.03337293773198546,0.11982178393566358,0.07889386328027005
TCGA-DB-A4XE-01A,svr,0.8246425675164114,0.031790551245986724,0.0,0.0,0.0,0.012297783546860645,0.07853618066755325,0.052732917023187956
TCGA-DB-A4XF-01A,svr,0.8088892813700438,0.03683598807088712,0.0,0.0010773841064986888,0.0018363582211794814,0.08462753938305673,0.020893182001477138,0.04584026684685711
TCGA-DB-A4XG-01A,svr,0.8603483529994969,0.0,0.0,0.0,0.04374819347307917,0.041348811866244554,0.00940308269945738,0.04515155896172206
TCGA-DB-A4XH-01A,svr,0.46286637516782203,0.0,0.0,0.0,0.09884180741033281,0.06717628447439873,0.21695117426612665,0.1541643586813197
TCGA-DB-A64L-01A,svr,0.7948440811433639,0.03017008900588091,0.0,0.0,0.012686522567595029,0.0444091199830544,0.019175631241111525,0.09871455605899407
TCGA-DB-A64O-01A,svr,0.6242162988739729,0.049380357204686656,0.0,0.0020634149054110885,0.0008600845545695369,0.014751646913081127,0.15419913486967263,0.15452906267860622
TCGA-DB-A64P-01A,svr,0.6818022545779628,0.03484758928361566,0.0,0.0,0.011809898511035113,0.11312063119287569,0.09788528680624278,0.06053433962826791
TCGA-DB-A64Q-01A,svr,0.7518323707977754,0.014975680243801862,0.0,0.0,0.012416139352690663,0.013402777411969794,0.07000671337483072,0.13736631881893163
TCGA-DB-A64R-01A,svr,0.8542500955472414,0.009160266287491062,0.0,0.0,0.040402520197655147,0.010713921783974798,0.022571069830366917,0.0629021263532707
TCGA-DB-A64S-01A,svr,0.5293647333244944,0.14309997309915198,0.0,0.0028060253616926795,0.07035051366853594,0.07404392494130124,0.11565493936222133,0.06467989024260247
TCGA-DB-A64U-01A,svr,0.4383362047436918,0.015071932134925723,0.0,0.0,0.06663040214756245,0.027547049483405982,0.3687042851018278,0.08371012638858627
TCGA-DB-A64V-01A,svr,0.44942969412702627,0.10159108639697313,0.0,0.0,0.03242062204940002,0.05065404586980814,0.30603546208004245,0.05986908947675003
TCGA-DB-A64W-01A,svr,0.8115099921199733,0.0,0.0,0.0,0.046719379094020665,0.04885002177026,0.05962882086640137,0.033291786149344645
TCGA-DB-A64X-01A,svr,0.718873457481133,0.021642772081201883,0.0,0.00037283227168148284,0.07799631783662717,0.06412327307438127,0.008254443581686333,0.10873690367328893
TCGA-DB-A75K-01A,svr,0.756734784270995,0.05663283426574586,0.0,0.00024131038385385607,0.002995006126055341,0.07894136744320937,0.059644694171941265,0.04481000333819916
TCGA-DB-A75L-01A,svr,0.7621270948491485,0.0399266213529591,0.0,0.0,0.025119312768971613,0.05570138992371197,0.054378304931448226,0.0627472761737605
TCGA-DB-A75M-01A,svr,0.6501036972540216,0.057994043799058675,0.0,0.01020527669007835,0.021887956208482103,0.030751363150205928,0.0960188116122509,0.13303885128590245
TCGA-DB-A75O-01A,svr,0.7280929190591372,0.06386152818325493,0.0,0.01884344609772292,0.00486706560992446,0.08797699660379595,0.03800363849814847,0.058354405948015976
TCGA-DB-A75P-01A,svr,0.7570991950674435,0.03264375007804669,0.0,0.0,0.0,0.03203614300184381,0.04328320232344772,0.1349377095292182
TCGA-DH-5140-01A,svr,0.9184986343219967,0.01753924837625791,0.0,0.0,0.011521066798643145,0.006524410704924684,0.016774169183183047,0.02914247061499449
TCGA-DH-5142-01A,svr,0.7152425353393103,0.1678384943748433,0.0,0.0,0.03993923317361627,0.03156756844257331,0.005724608152675276,0.03968756051698157
TCGA-DH-5143-01A,svr,0.760966462570539,0.059272368684841134,0.0,0.0041697935482879625,0.013525981789193304,0.01206995186204318,0.05105030267885012,0.09894513886624524
TCGA-DH-5144-01A,svr,0.862632194658048,0.011206842354659085,0.0,0.0,0.05093208887857994,0.015564518275681699,0.01105371752173504,0.04861063831129622
TCGA-DH-A669-01A,svr,0.8528854367401885,0.04245342398157943,0.0,0.0,0.02033993804164069,0.06164708206513323,0.01520113019265224,0.007472988978806012
TCGA-DH-A669-02A,svr,0.7662698659967037,0.034060322290527245,0.0,0.0,0.08250227954704308,0.09647512367589078,0.01731066592538114,0.0033817425644540678
TCGA-DH-A66B-01A,svr,0.6943713139357136,0.17652672497155822,0.0,0.012113035179276378,0.047618487833896016,0.031851721837909255,0.0,0.03751871624164664
TCGA-DH-A66D-01A,svr,0.7881608537253921,0.0725735946365916,0.0,0.00036832449162031743,0.012444210702698275,0.04502648138039944,0.01934928652231144,0.0620772485409868
TCGA-DH-A66F-01A,svr,0.7062795261267719,0.01397980899567023,0.0,0.00030237770087638416,0.006258050049962008,0.035123787564193286,0.0689079387300762,0.16914851083244997
TCGA-DH-A66G-01A,svr,0.7593865736191426,0.10234471070132249,0.0,0.0,0.0,0.046932519618171145,0.0,0.09133619606136378
TCGA-DH-A7UR-01A,svr,0.7196487825584429,0.0008117143525366334,0.0,0.0,0.09209420024896424,0.14197268487655448,0.013437236182194556,0.032035381781307375
TCGA-DH-A7US-01A,svr,0.5856655426854995,0.022702606557590377,0.0,0.0,0.058914902464482076,0.022271337169315626,0.22582444921022612,0.08462116191288624
TCGA-DH-A7UT-01A,svr,0.5512502293698774,0.05686725336709092,0.0,0.0,0.06720181954906253,0.04876148514985804,0.21228429420953784,0.06363491835457337
TCGA-DH-A7UU-01A,svr,0.7083398727729268,0.05530063636598082,0.0,0.0,0.03417068332252998,0.07247669060031627,0.0961940262173745,0.0335180907208715
TCGA-DH-A7UV-01A,svr,0.646893280130347,0.07820919248355292,0.0,0.0,0.08230566464139545,0.04085227818167601,0.07799088883544086,0.07374869572758783
TCGA-DU-5847-01A,svr,0.6523819235910823,0.1355299077739616,0.0,0.004377520005671982,0.0,0.04156218276387214,0.04356440572225013,0.12258406014316185
TCGA-DU-5849-01A,svr,0.6421925355809817,0.021647251425451368,0.0,0.0,0.04604672199657273,0.03458283069265433,0.1499301866607389,0.10560047364360098
TCGA-DU-5851-01A,svr,0.5716491284181524,0.030914435531024253,0.0,0.0,0.01032595980419714,0.020587914745465626,0.2286238847085648,0.13789867679259585
TCGA-DU-5852-01A,svr,0.7710543882581609,0.06356564847838361,0.0,0.0010196472695187353,0.00933015347003442,0.08377275901796132,0.008743184004159793,0.06251421950178107
TCGA-DU-5853-01A,svr,0.6629333919762677,0.07844073943755842,0.0,0.0,0.04995443649449976,0.03391439453013316,0.066287411684774,0.10846962587676706
TCGA-DU-5854-01A,svr,0.3943807514422498,0.0736387107743377,0.0,0.0007760116179007942,0.0035410014784998493,0.10787229357583811,0.35441536668230494,0.06537586442886875
TCGA-DU-5855-01A,svr,0.7525396766286848,0.0898279888912023,0.0,0.0,0.04705097381943315,0.058188365107608477,0.007795506118806194,0.04459748943426501
TCGA-DU-5870-02A,svr,0.8483359137681745,0.011172512255967656,0.0,0.0018491586100268297,0.011654216338253498,0.058494922300568616,0.044725042553111535,0.023768234173897385
TCGA-DU-5871-01A,svr,0.7388050029638521,0.055333299893652516,0.0,0.0,0.06760827607404621,0.036897799252201366,0.004498543260464001,0.09685707855578377
TCGA-DU-5872-01A,svr,0.60727577025163,0.08911018087688852,0.0,0.0,0.05310671764946556,0.10641785290351025,0.07152476601591008,0.07256471230259555
TCGA-DU-5872-02A,svr,0.17092748231898994,0.2715769662060839,0.017160858356961902,0.0044316362245611935,0.08522752525386378,0.07418125125952274,0.33794615436308784,0.03854812601692858
TCGA-DU-6392-01A,svr,0.7770443071603438,0.07458156488654777,0.0,0.0,0.008415957821591932,0.07184156560665508,0.05420579873085922,0.013910805794002239
TCGA-DU-6393-01A,svr,0.8209730356957613,0.0014152422507325564,0.0,0.0,0.060162796582555085,0.060229480982237966,0.027469010319132424,0.029750434169580772
TCGA-DU-6394-01A,svr,0.8891425777402442,0.01628877749119988,0.0,0.0,0.002822345986557312,0.058076072706157264,0.0,0.03367022607584135
TCGA-DU-6395-01A,svr,0.5975205168038343,0.06799613346206641,0.0,0.00481231118741968,0.06673967119256155,0.07071672893746626,0.09595925662894962,0.09625538178770207
TCGA-DU-6396-01A,svr,0.5269151172871114,0.2554523957084287,0.0,0.002578870318638276,0.051356987888182805,0.0615275032945065,0.08098396552354001,0.021185159979592468
TCGA-DU-6397-01A,svr,0.7485005909639612,0.014747637114708641,0.0,0.0,0.01855754958285779,0.06370539250244157,0.06747121128433646,0.0870176185516944
TCGA-DU-6397-02A,svr,0.7388460908952437,0.006672946052191256,0.0,0.0,0.07557036879845984,0.15255184697426644,0.025078394667052317,0.0012803526127864206
TCGA-DU-6399-01A,svr,0.7176091034452483,0.08518854784727331,0.0,0.0,0.019459887629811462,0.048447889611002964,0.055994320378404634,0.07330025108825934
TCGA-DU-6400-01A,svr,0.8411392110681493,0.013897248985000762,0.0,0.00016985752917926853,0.052740176655857784,0.04138306594092374,0.009684178216455888,0.04098626160443325
TCGA-DU-6401-01A,svr,0.6373021660094386,0.0487703415546278,0.0,0.0,0.07632109983621913,0.17938600538401653,0.0,0.058220387215697895
TCGA-DU-6402-01A,svr,0.648989685081345,0.14354688579075076,0.0,0.0011896345528465985,0.008556450986736172,0.12667631545824942,0.0,0.07104102813007197
TCGA-DU-6403-01A,svr,0.692909376484629,0.06975842026143816,0.0,0.0,0.0,0.018657684410988532,0.19373410422018456,0.024940414622759775
TCGA-DU-6404-01A,svr,0.7205080078156251,0.03505340988906773,0.0,0.0,0.07682908727954325,0.11539458917795908,0.0,0.05221490583780484
TCGA-DU-6405-01A,svr,0.7986473133211158,0.053807396493967534,0.0,0.0,0.0,0.04154101766523215,0.008379241563569714,0.09762503095611486
TCGA-DU-6406-01A,svr,0.8170286107429482,0.056925500974736525,0.0,0.0011100605173159945,0.0,0.09088411849549786,0.0,0.034051709269501525
TCGA-DU-6407-01A,svr,0.7687815620974155,0.03999525264908086,0.0,0.0,0.031977876927382506,0.0282589578149204,0.06293617833499068,0.06805017217620991
TCGA-DU-6408-01A,svr,0.7618435189539221,0.06548414382990862,0.0,0.0004077442582995598,0.039793508244640424,0.021687214072689805,0.00813283803128442,0.10265103260925507
TCGA-DU-6410-01A,svr,0.8556336131891119,0.0,0.0,0.0,0.07869331472714679,0.04873608321441763,0.014505606586662539,0.0024313822826611373
TCGA-DU-6542-01A,svr,0.5851978910879008,0.10350251111207619,0.0,0.002588620001923527,0.05249140993603276,0.044418849309411534,0.1591609559538583,0.05263976259879683
TCGA-DU-7006-01A,svr,0.7066287312293534,0.14576893860796816,0.0,0.002223881235800425,0.0,0.04635480365662222,0.053955739681452,0.04506790558880364
TCGA-DU-7007-01A,svr,0.6323480700718233,0.17644524246369478,0.0,0.0,0.08038392554344481,0.06455400371015957,0.028147232009133383,0.01812152620174421
TCGA-DU-7008-01A,svr,0.8422327029522942,0.02164546744885799,0.0,4.5248421799776176e-05,0.05423494640678425,0.023794250913146513,0.012523738719712995,0.045523645137404284
TCGA-DU-7009-01A,svr,0.5511466592058243,0.0046074937493935635,0.0,0.0,0.053534165796135555,0.024196617327077525,0.28090322169169196,0.08561184222987699
TCGA-DU-7010-01A,svr,0.7311191720276864,0.030837467123331814,0.0,0.0,0.0,0.03895355975458333,0.1672659024194961,0.03182389867490234
TCGA-DU-7011-01A,svr,0.5924420622384957,0.11113885166849898,0.0,0.0,0.03250386422379085,0.1079800216925641,0.06235344573686151,0.09358175443978886
TCGA-DU-7012-01A,svr,0.6097053655880645,0.2218838504592208,0.0,0.003370625948293219,0.007570326021578762,0.04025385431169161,0.01971965809981762,0.09749631957133353
TCGA-DU-7013-01A,svr,0.928491181018215,0.02636990417952763,0.0,0.0,0.0,0.023714000610486004,0.004885375673760609,0.016539538518010814
TCGA-DU-7014-01A,svr,0.7335794465170684,0.028863226557741126,0.0,0.0,0.1121120405412078,0.08475288461585191,0.01619561234033653,0.024496789427794406
TCGA-DU-7015-01A,svr,0.7085376174372433,0.1433342624663088,0.0,0.0,0.03460873945549851,0.030944827587298968,0.0010063148347699642,0.08156823821888046
TCGA-DU-7018-01A,svr,0.8174032942571219,0.0,0.0,0.0,0.06671466428423205,0.08252458299052112,0.008793108306948695,0.024564350161176245
TCGA-DU-7019-01A,svr,0.7051430452612564,0.06514585807507682,0.0,0.0,0.02064547713652042,0.064109065243197,0.013171794606695937,0.13178475967725337
TCGA-DU-7292-01A,svr,0.8379601442638082,0.01464460629635057,0.0,0.0,0.0,0.04394200202642389,0.019206273787263663,0.08424697362615376
TCGA-DU-7294-01A,svr,0.7298701800400971,0.0058910302675560895,0.0,0.0,0.07770562236364524,0.015350055305580163,0.11713831908282511,0.05404479294029641
TCGA-DU-7298-01A,svr,0.6235232359558819,0.05499991250152078,0.0,0.0,0.02099565047667637,0.031278161076241255,0.20726539381749037,0.061937646172189345
TCGA-DU-7299-01A,svr,0.662526967017159,0.04959082277001437,0.0,0.0,0.013703954127463917,0.02150515227705423,0.16111959416361302,0.09155350964469548
TCGA-DU-7300-01A,svr,0.7204016350541764,0.024702480846072912,0.0,0.0,0.04095981672436322,0.029524689359593802,0.09876894802822996,0.08564242998756376
TCGA-DU-7301-01A,svr,0.6132552874577397,0.0969055719625105,0.0,0.0,0.04027644246527366,0.06395913063811744,0.1520390488644233,0.0335645186119354
TCGA-DU-7302-01A,svr,0.8535829245572123,0.00785613268754699,0.0,0.0,0.0,0.014087135873770345,0.03479776931646953,0.08967603756500098
TCGA-DU-7304-01A,svr,0.6835769842517041,0.06802888197007001,0.0,0.0,0.002608741481365305,0.07978904677413527,0.06601927017221092,0.09997707535051428
TCGA-DU-7304-02A,svr,0.44275962999090535,0.0,0.0,0.00478547675070816,0.5220658766826765,0.022792066519129635,0.0043491818385752,0.0032477682180052383
TCGA-DU-7306-01A,svr,0.6634858461217075,0.05466710928153431,0.0,0.00016022031796090387,0.032364340049105954,0.0901922581187269,0.053854600240755744,0.10527562587020886
TCGA-DU-7309-01A,svr,0.766827349293763,0.04051512403261622,0.0,0.0,0.016825842616885408,0.05853014900612506,0.017740947244906262,0.09956058780570404
TCGA-DU-8158-01A,svr,0.6661845644519868,0.09073402859612816,0.0,0.0,0.0,0.025349503448737633,0.17563511456441197,0.04209678893873557
TCGA-DU-8161-01A,svr,0.5309074126077158,0.17001348029654478,0.0,4.504174238566999e-06,0.0,0.056385473910661635,0.03314949722735092,0.20953963178348833
TCGA-DU-8162-01A,svr,0.4837501143723466,0.025977665986578656,0.0,0.0,0.0057404029550883065,0.04295823821268991,0.3066117325284537,0.13496184594484284
TCGA-DU-8163-01A,svr,0.6281527073293866,0.08131584662690303,0.0,0.0,0.02505044560681918,0.04127279934733341,0.15074704418471016,0.07346115690484775
TCGA-DU-8164-01A,svr,0.815024334378439,0.007442192777756047,0.0,0.0,0.03887460801357612,0.036834561440383246,0.028954524177830898,0.0728697792120147
TCGA-DU-8165-01A,svr,0.674407028034054,0.16086589379219549,0.0,0.0011820702700996602,0.023992996705565386,0.05583830032157392,0.04809660296568404,0.03561710791082768
TCGA-DU-8166-01A,svr,0.7107201328654799,0.058270782386463965,0.0,0.0,0.07591350955560248,0.037469988032503634,0.02861318257496414,0.08901240458498594
TCGA-DU-8167-01A,svr,0.5204906060115663,0.12319740430182693,0.0,0.0,0.050131214456847435,0.0497697052169939,0.20950533427975374,0.046905735733011863
TCGA-DU-8168-01A,svr,0.917943757739187,0.002158481358465195,0.0,0.0,0.020324987868379846,0.011421782979932888,0.013802688279789938,0.03434830177424508
TCGA-DU-A5TP-01A,svr,0.6427022625236158,0.21563185686528155,0.0,0.002702920936400508,0.04188345462112287,0.050195348987123654,0.027694977423264412,0.0191891786431911
TCGA-DU-A5TR-01A,svr,0.4933763594680241,0.26660147686048064,0.0,0.003970662635923953,0.058580533603421726,0.052405512807302046,0.08211469734675732,0.0429507572780903
TCGA-DU-A5TS-01A,svr,0.508912329122775,0.04587689188179702,0.0,0.0,0.09730923663068616,0.07874882095726003,0.20918630513385736,0.05996641627362437
TCGA-DU-A5TT-01A,svr,0.6801003464662719,0.05414589796300736,0.0,0.0006006084709701069,0.010613582098887206,0.07231829044091564,0.09468871375133651,0.0875325608086113
TCGA-DU-A5TU-01A,svr,0.7570872956359553,0.13674304494112924,0.0,0.0,0.029867024534768027,0.04055306040957666,0.0016547119502982037,0.03409486252827257
TCGA-DU-A5TW-01A,svr,0.787717220151297,0.035953676099983754,0.0,0.0,0.037184792152240104,0.05599794009574047,0.042718138736300926,0.04042823276443791
TCGA-DU-A5TY-01A,svr,0.5678105258484885,0.21327570097762885,0.0,0.0,0.03993124914180755,0.06833227362242932,0.06558539695432482,0.04506485345532097
TCGA-DU-A6S2-01A,svr,0.7175677494329596,0.010577014649573986,0.0,0.0,0.0005186386987216236,0.04122060237273258,0.14254334602775176,0.08757264881826039
TCGA-DU-A6S3-01A,svr,0.7960455482197536,0.0,0.0,0.0,0.052335121537357504,0.03377973579557462,0.05732525673184652,0.060514337715467735
TCGA-DU-A6S6-01A,svr,0.8270071306227522,0.003098720643324767,0.0,0.0,0.030863941656962383,0.0226002769508424,0.020730955320430386,0.09569897480568776
TCGA-DU-A6S7-01A,svr,0.6271954828983652,0.09222147973809552,0.0,0.0,0.03292543906662558,0.050604237876706426,0.13458442574831458,0.06246893467189266
TCGA-DU-A6S8-01A,svr,0.816640852745133,0.013117018140116506,0.0,0.0,0.03269261782883479,0.036313883643546395,0.08087817901711071,0.0203574486252586
TCGA-DU-A76K-01A,svr,0.8138819936930082,0.0029986079554935115,0.0,0.0,0.0028287621798932672,0.046738694101869434,0.022109605928904204,0.11144233614083142
TCGA-DU-A76L-01A,svr,0.6073862901364323,0.10039315050772257,0.0,0.0014204662192279617,0.0,0.15460767206528506,0.11815582858939454,0.018036592481937615
TCGA-DU-A76O-01A,svr,0.7050958059233264,0.12367114316239772,0.0,0.0,0.04625674227084517,0.03679804486694701,0.016617364739960255,0.07156089903652356
TCGA-DU-A76R-01A,svr,0.8074570726007959,0.015712852427359262,0.0,0.0,0.001850356770847207,0.03433430365163175,0.01670104129565018,0.12394437325371574
TCGA-DU-A7T6-01A,svr,0.7115116756159154,0.018114885262426085,0.0,0.0,0.05614399207128116,0.06759095098086605,0.1193059473928021,0.027332548676709034
TCGA-DU-A7T8-01A,svr,0.7980693152181726,0.06367669325743909,0.0,0.0,0.05314318567722419,0.04000888712358759,0.010077358268902673,0.03502456045467381
TCGA-DU-A7TA-01A,svr,0.7437117401846769,0.10643517061357201,0.0,0.0,0.05781280768632903,0.0702362026774595,0.002735123907546344,0.019068954930416257
TCGA-DU-A7TB-01A,svr,0.27166757194583396,0.005841209302073637,0.0,0.0,0.049765008053092676,0.01482570519436018,0.6412616837307605,0.01663882177387903
TCGA-DU-A7TC-01A,svr,0.7230851083479959,0.02625674243210092,0.0,0.0,0.13050926886481876,0.03313983982545854,0.015397625501968647,0.07161141502765724
TCGA-DU-A7TD-01A,svr,0.7574963871355509,0.11819783497975643,0.0,0.003664238005795063,0.0,0.06593502059154867,0.01898678241588538,0.03571973687146357
TCGA-DU-A7TG-01A,svr,0.6351521640757154,0.04898050627917233,0.0,0.0,0.021854958545453582,0.06535273043620891,0.06502275807850107,0.16363688258494863
TCGA-DU-A7TI-01A,svr,0.7296654418268754,0.08179576150721662,0.0,0.0,0.0338028904997749,0.03664633220263993,0.04433088616136463,0.07375868780212841
TCGA-DU-A7TJ-01A,svr,0.8391883036248952,0.05195375048950143,0.0,0.0013968117144126078,0.00022688625754066968,0.0766804795282814,0.0007639269577348454,0.029789841427633825
TCGA-E1-5302-01A,svr,0.7326008167541141,0.07933125602459573,0.0,0.0,0.019866852937590905,0.03841695096384756,0.05301183875023737,0.07677228456961427
TCGA-E1-5303-01A,svr,0.5033882842576192,0.1321378516509521,0.0,0.00044148377732516425,0.06457285444749469,0.0322238833533118,0.19120321733151188,0.07603242518178518
TCGA-E1-5304-01A,svr,0.8015008432296438,0.005546700515900287,0.0,0.0,0.09682000316082576,0.018911265474409477,0.07065919018811621,0.006561997431104553
TCGA-E1-5305-01A,svr,0.690812582129537,0.05864352330267209,0.0,0.0,0.006014704054355652,0.04251596585705187,0.08060538448209195,0.12140784017429154
TCGA-E1-5307-01A,svr,0.7587398290474217,0.02999006273877133,0.0,0.0,0.04989119787211776,0.023338880157050886,0.04347009202626679,0.09456993815837159
TCGA-E1-5311-01A,svr,0.7466420776913042,0.005096137016249524,0.0,0.0,0.09273787843798552,0.053843821924879624,0.020449955470297775,0.08123012945928337
TCGA-E1-5318-01A,svr,0.7187705882448923,0.014602725069814703,0.0,0.0,0.0763583825348654,0.18148490650323595,0.004366387590275569,0.004417010056916036
TCGA-E1-5319-01A,svr,0.5336054851114133,0.029522955639705622,0.0,0.0,0.007932709556736589,0.07975554897229102,0.2400219036140942,0.10916139710575926
TCGA-E1-5322-01A,svr,0.7460655346263515,0.13897914307867315,0.0,0.0,0.043988439757973875,0.025199250452262935,0.013498343104675063,0.03226928898006351
TCGA-E1-A7YD-01A,svr,0.8924669850501115,0.020924058760372843,0.0,0.0,0.0,0.048692658748893246,0.0,0.03791629744062245
TCGA-E1-A7YE-01A,svr,0.6701206640980385,0.19751912086404566,0.0,0.0019742339400940574,0.0,0.08257162027263273,0.020258178705468803,0.02755618211972024
TCGA-E1-A7YH-01A,svr,0.4967926618170305,0.043400389762053904,0.0,0.0009890810328962824,0.07797965389994836,0.052750783983105426,0.25457515720508217,0.0735122722998835
TCGA-E1-A7YI-01A,svr,0.7307130483986014,0.031905384033516275,0.0,0.0027977739233191108,0.05674970485576371,0.09597830156112559,0.07196140847331647,0.009894378754357409
TCGA-E1-A7YJ-01A,svr,0.6559682556598564,0.13178919532718236,0.0,0.0022119015119415595,0.005603033162150115,0.10207981203956062,0.07011206991483804,0.03223573238447073
TCGA-E1-A7YK-01A,svr,0.3360920680149516,0.17643999551408926,0.0,0.003909804293747667,0.03577678911057496,0.03483346883683142,0.37919927037505174,0.03374860385475321
TCGA-E1-A7YL-01A,svr,0.840217361580579,0.1098002864054972,0.0,0.0009351853691543005,0.004333844057669717,0.021589390988047782,0.004789341781617454,0.018334589817434566
TCGA-E1-A7YM-01A,svr,0.4392720890745038,0.016186032981216347,0.0,0.0009093481384708753,0.05069120257170321,0.03308265751879961,0.3607757504678255,0.09908291924748079
TCGA-E1-A7YN-01A,svr,0.341180745627512,0.35020375749135896,0.0,0.003741298477477725,0.0,0.13634705611353157,0.1082908619878065,0.06023628030231326
TCGA-E1-A7YO-01A,svr,0.7576130761547952,0.00403604380322514,0.0,0.0,0.041796529815187826,0.10577172513828967,0.006701074596652367,0.08408155049184976
TCGA-E1-A7YQ-01A,svr,0.6730135872141096,0.16684707368040733,0.0,0.0010164497987736215,0.00236950368165637,0.1062281481415112,0.0,0.05052523748354195
TCGA-E1-A7YS-01A,svr,0.911660350042753,0.006389151918003185,0.0,0.0007292495513163521,0.01653850419824612,0.03511700383165765,0.006121747689322186,0.02344399276870151
TCGA-E1-A7YU-01A,svr,0.5645932172929771,0.02883242988428805,0.0,0.0,0.12311370674193593,0.03178398105683091,0.14484969265091469,0.10682697237305332
TCGA-E1-A7YV-01A,svr,0.7931798113519847,0.0097432993432672,0.0,0.00015104736363489858,0.03816886102953366,0.11169175545965447,0.013890041451862574,0.03317518400006262
TCGA-E1-A7YW-01A,svr,0.7320225777750018,0.05687511407356005,0.0,0.0011706975282622426,0.07701422340236742,0.01520222371424601,0.028473997395238274,0.08924116611132432
TCGA-E1-A7YY-01A,svr,0.7101244132767027,0.03659709165873344,0.0,0.0,0.02083282847137144,0.057322630820549385,0.050002802192283965,0.12512023358035892
TCGA-E1-A7Z2-01A,svr,0.6895072227576546,0.013394388904102257,0.0,0.0,0.025790647017494197,0.03238298380615,0.09918547675483824,0.13973928075976064
TCGA-E1-A7Z3-01A,svr,0.7266112155205207,0.04018239107308427,0.0,0.0,0.0,0.06834556783360746,0.04885781641319734,0.11600300915959025
TCGA-E1-A7Z4-01A,svr,0.6581220525414587,0.10098529846827525,0.0,0.002188439775489153,0.03743553690536059,0.045077930848492584,0.006512102703570118,0.1496786387573535
TCGA-E1-A7Z6-01A,svr,0.6481985631761167,0.032521019856789006,0.0,0.0,0.039732974747169865,0.03632844194463762,0.01525180491179701,0.22796719536348978
TCGA-EZ-7264-01A,svr,0.8476389828846875,0.01103934651069585,0.0,0.0,0.003138398464880506,0.02207063315394363,0.057834664462891344,0.058277974522901205
TCGA-F6-A8O3-01A,svr,0.8568885078346609,0.002409747469989472,0.0,0.0,0.05986977108368553,0.03751377780479671,0.010353263623013751,0.03296493218385358
TCGA-F6-A8O4-01A,svr,0.7346479990936684,0.01652752167834505,0.0,0.0,0.049731351945721675,0.038121250893624815,0.043027803927934996,0.117944072460705
TCGA-FG-5962-01B,svr,0.8065691087972902,0.01622390818373707,0.0,0.0,0.0,0.02599330124826937,0.03219917523110354,0.11901450653959983
TCGA-FG-5963-01A,svr,0.49378645599586535,0.1518349843222196,0.0,0.0004152541002027731,0.0,0.04870653158066839,0.27524682052538485,0.03000995347565906
TCGA-FG-5963-02A,svr,0.70977480426078,0.03306883988055507,0.0,0.0026752520146016974,0.0,0.19191590227648941,0.06256520156757389,0.0
TCGA-FG-5964-01A,svr,0.6462855406202086,0.08389015458674008,0.0,0.0,0.03385672990460485,0.06382896421186818,0.10202753651890195,0.07011107415767631
TCGA-FG-5965-01B,svr,0.7720389348389187,0.04803341494829229,0.0,0.0,0.014601691167452932,0.06088191337203005,0.014959797055028883,0.08948424861827718
TCGA-FG-6688-01A,svr,0.4588664591151094,0.1233013674213985,0.0,0.003093485174028633,0.031096062601281334,0.06709989955125266,0.2385685695351758,0.07797415660175369
TCGA-FG-6689-01A,svr,0.5792256691591245,0.06146071838187947,0.0,0.0,0.03632455168517028,0.02827982448645554,0.13006813856552285,0.1646410977218472
TCGA-FG-6690-01A,svr,0.7105965947496546,0.0751519564093375,0.0,0.0,0.03933545763440221,0.02868422632593123,0.011883907816245749,0.13434785706442862
TCGA-FG-6691-01A,svr,0.7147426495969136,0.1238623373860729,0.0,0.0002657023337899921,0.038234037577030165,0.05247700009249427,0.014997151042309864,0.05542112197138911
TCGA-FG-6692-01A,svr,0.7915607390689678,0.056239985733632036,0.0,0.0025521961500070524,0.01106053934791671,0.12109414153991915,8.424939922919694e-05,0.01740814876032805
TCGA-FG-7634-01A,svr,0.6003132781022466,0.0715709606354777,0.0,0.0,0.0068898429705116495,0.11188883246500113,0.1596384923936644,0.04969859343309846
TCGA-FG-7636-01A,svr,0.7222826428137993,0.03820025619135919,0.0,0.0016374742009515183,0.04540355811807692,0.030172071180350927,0.07057871451470073,0.09172528298076145
TCGA-FG-7638-01B,svr,0.6046049187761373,0.015750269235085757,0.0,0.0,0.03823695266312275,0.06818427964175665,0.10638974749370682,0.16683383219019057
TCGA-FG-7641-01B,svr,0.7070166021189359,0.0033813508881406795,0.0,0.0,0.00028628219227845315,0.013287256967563962,0.15543677789926275,0.12059172993381809
TCGA-FG-7643-01A,svr,0.4728712703090577,0.014518424660660464,0.0,0.0,0.003751220882815161,0.08078621478072644,0.3007632285568913,0.12730964080984886
TCGA-FG-8181-01A,svr,0.7173931006927228,0.017349978664073604,0.0,0.0,0.029070925832905433,0.07044488945001132,0.02509632808418725,0.1406447772760996
TCGA-FG-8182-01A,svr,0.5836567906803037,0.08283260260935137,0.0,0.0,0.010253480215472037,0.028621880247694884,0.23961414584884297,0.055021100398334834
TCGA-FG-8185-01A,svr,0.8121161923552785,0.024322848005110323,0.0,0.0,0.060997074734658076,0.05782760437545508,0.006009573408420771,0.03872670712107712
TCGA-FG-8186-01A,svr,0.710872079468251,0.08452164827305021,0.0,0.0,0.010548344721764809,0.032239514575730224,0.050359986277699484,0.11145842668350428
TCGA-FG-8187-01A,svr,0.3087487689047861,0.036283057226926624,0.0,0.0,0.01275685941367498,0.032064836831615574,0.4813730138145816,0.12877346380841517
TCGA-FG-8188-01A,svr,0.4874348289628952,0.06755628965305156,0.0,0.0,0.03460041709058499,0.07772478131401359,0.25176798868781963,0.08091569429163496
TCGA-FG-8191-01A,svr,0.5804244512866702,0.06760680886072226,0.0,0.0,0.01773749700170512,0.03925381394516617,0.22321659530934662,0.07176083359638961
TCGA-FG-A4MT-01A,svr,0.7677301881114205,0.03391757114235312,0.0,0.0,0.09871089551700242,0.035206317176182056,0.018593758958934625,0.04584126909410732
TCGA-FG-A4MT-02A,svr,0.6485215556083493,0.03439756983951812,0.0,0.0,0.10524583286429716,0.014468242700109638,0.10932269089806149,0.08804410808966434
TCGA-FG-A4MW-01A,svr,0.664596579458055,0.026664308625091046,0.0,0.0005715881799576271,0.002571344777759247,0.0791186588136596,0.18085965738218746,0.04561786276329011
TCGA-FG-A4MX-01A,svr,0.7644289420757622,0.05709918935353266,0.0,0.005994732336522079,0.015040636383572082,0.12672817750994644,0.0,0.030708322340664444
TCGA-FG-A4MY-01A,svr,0.6017516159520002,0.038621953218268584,0.0,0.003059911171027219,0.013825013207074358,0.04551691057013133,0.25029770673718016,0.046926889144318217
TCGA-FG-A60J-01A,svr,0.7270090298331096,0.04573181834157334,0.0,0.0,0.04658817279298392,0.007289224508401132,0.08405894303466424,0.08932281148926778
TCGA-FG-A60K-01A,svr,0.7208034833976454,0.03158585999659246,0.0,0.0006548510994634551,0.027643055494145644,0.01994770690103341,0.056076127876879614,0.14328891523424003
TCGA-FG-A60L-01A,svr,0.49651094950912184,0.13205600961784195,0.0,0.0006376757907597674,0.13912105827573026,0.04161737955756714,0.14440220559082748,0.04565472165815144
TCGA-FG-A6IZ-01A,svr,0.7787515429160432,0.027112377153390457,0.0,0.0,0.13984484686405763,0.021567503754354088,0.011431308982957815,0.02129242032919679
TCGA-FG-A6J1-01A,svr,0.6921313496618499,0.04239866135770355,0.0,0.0,0.14577360454882368,0.05704839542914062,0.003762958182661051,0.058885030819821244
TCGA-FG-A6J3-01A,svr,0.5944637152790262,0.17739324399957201,0.0,2.8269552646348558e-05,0.03867694146247064,0.0830315219583485,0.10158353984431996,0.00482276790361643
TCGA-FG-A70Y-01A,svr,0.5185367788300748,0.0745965917142143,0.0,0.0,0.027332724899164173,0.04725544823796896,0.19878112502287396,0.13349733129570382
TCGA-FG-A70Z-01A,svr,0.8125953244457967,0.06964805470471269,0.0,0.0,0.0,0.06721205432800298,0.002326968021514763,0.04821759849997281
TCGA-FG-A710-01A,svr,0.7070362126528683,0.10432615362108784,0.0,0.0,0.06383411233554025,0.04166481353030377,0.011470471485826986,0.07166823637437279
TCGA-FG-A711-01A,svr,0.7488154256280115,0.029189994255798723,0.0,0.0,0.03451593613410352,0.03532934900531957,0.04285778530971643,0.10929150966705031
TCGA-FG-A713-01A,svr,0.6341615161136467,0.009472150300460589,0.0,0.0,0.012716376705361734,0.05537960558239855,0.1871942556052887,0.10107609569284366
TCGA-FG-A87N-01A,svr,0.8052074574773953,0.04510258424271585,0.0,0.0,0.06474067884973525,0.03840528760538813,0.030532363640732176,0.01601162818403322
TCGA-FG-A87Q-01A,svr,0.457480386247833,0.09729124557233244,0.0,0.0,0.020701358930015457,0.08601327788349365,0.24392610629980963,0.09458762506651588
TCGA-FN-7833-01A,svr,0.618097159180264,0.22841115129890033,0.0,0.0,0.0,0.052544976366983014,0.03046226089875056,0.07048445225510204
TCGA-HT-7467-01A,svr,0.37988318656531433,0.008950910007736866,0.0,0.0,0.0017146812215639848,0.03964244873913298,0.46861882843685304,0.10118994502939878
TCGA-HT-7468-01A,svr,0.8372932186133274,0.01993075835838724,0.0,0.0,0.013336356791853346,0.034747462223360885,0.036234629836474117,0.05845757417659716
TCGA-HT-7469-01A,svr,0.820611393267963,0.055724865364500185,0.0,0.0,0.042132979292402235,0.04467187511129963,0.010946388587287078,0.025912498376547907
TCGA-HT-7470-01A,svr,0.5863669487809142,0.021844971957433554,0.0,0.0,0.021453233041584033,0.02943234105193196,0.2219601688018489,0.11894233636628736
TCGA-HT-7471-01A,svr,0.8095455833122146,0.06786089807893214,0.0,0.0,0.00443908398761209,0.042585434522678864,0.03064163212331433,0.044927367975247864
TCGA-HT-7472-01A,svr,0.6818002718837795,0.0744086423336031,0.0,0.0009821390508675714,0.03578471404684415,0.031228163250957477,0.10006735112711236,0.07572871830683596
TCGA-HT-7473-01A,svr,0.6444518445232313,0.1942275538391398,0.0,0.0,0.012480440036188306,0.03645034823289142,0.044467631593213874,0.06792218177533522
TCGA-HT-7474-01A,svr,0.5041848006349056,0.02094418908207921,0.0,0.0,0.01737732363993432,0.04043223047069498,0.2654083495201109,0.15165310665227516
TCGA-HT-7475-01A,svr,0.5503545762335444,0.0,0.0,0.0,0.15798204053424228,0.03139114142570345,0.13231819420757365,0.12795404759893617
TCGA-HT-7476-01A,svr,0.6063990616551895,0.026348105081296796,0.0,0.0,0.0746099012035133,0.12199034381814455,0.059062282088919976,0.11159030615293579
TCGA-HT-7477-01B,svr,0.7817986467629646,0.0379061832517563,0.0,0.0031933163803021525,0.022085856689163564,0.10894158077489424,0.029981465230101208,0.01609295091081777
TCGA-HT-7478-01A,svr,0.5789503381633914,0.20828358968297853,0.0,0.0007621428091962905,0.0296368477153764,0.07687966431657932,0.025944718930266633,0.07954269838221129
TCGA-HT-7479-01A,svr,0.3402697744497537,0.07194764637241224,0.0,0.0,0.0479129035898254,0.03226144910913491,0.3999594482468234,0.10764877823205032
TCGA-HT-7480-01A,svr,0.8136534106256277,0.0,0.0,0.0,0.03015876686533221,0.01033985105014304,0.06782252918926895,0.07802544226962815
TCGA-HT-7481-01A,svr,0.4858515007303624,0.012192716578958828,0.0,0.0,0.008474743918560089,0.025551350195042198,0.3736539060386523,0.09427578253842425
TCGA-HT-7482-01A,svr,0.4982390546786353,0.10429590991732034,0.0,0.0,0.014514825164914303,0.0293556021172248,0.24783500446196496,0.10575960365994024
TCGA-HT-7483-01A,svr,0.7752116941411719,0.03095127833566622,0.0,0.0,0.041337614521435265,0.07707114055094129,0.007408713773711739,0.06801955867707354
TCGA-HT-7485-01A,svr,0.5849298455934279,0.046206383937402395,0.0,0.0,0.0319786865408722,0.0030226063877168896,0.15858268641322834,0.1752797911273523
TCGA-HT-7601-01A,svr,0.48191706598363737,0.21584791444525256,0.0,0.0,0.0,0.038115025444125206,0.22400797310833892,0.0401120210186459
TCGA-HT-7602-01A,svr,0.22789049838226777,0.040026645014301865,0.0,0.0005047710403793594,0.020442555992625788,0.023070961047499228,0.5376227749508155,0.15044179357211065
TCGA-HT-7603-01A,svr,0.5941523732384916,0.0025022600663173267,0.0,0.0,0.09561659233722157,0.0067775911616277775,0.1838034835604541,0.11714769963588774
TCGA-HT-7604-01A,svr,0.8046388667095703,0.045553948067451784,0.0,0.0,0.03850321908611908,0.031384771876455164,0.019348196844295385,0.06057099741610834
TCGA-HT-7605-01A,svr,0.5483008824906521,0.017251787646540853,0.0,0.0,0.0066565848364963705,0.017694733521583822,0.23437772212095254,0.17571828938377437
TCGA-HT-7606-01A,svr,0.7643476288448982,0.029283772441431773,0.0,0.0,0.01360810291847298,0.07642280078555823,0.08359893426023819,0.03273876074940078
TCGA-HT-7607-01A,svr,0.5768513669625589,0.03399506290937643,0.0,0.0,0.010533642448865605,0.049919088008840345,0.16308288506463606,0.16561795460572262
TCGA-HT-7609-01A,svr,0.688481090356464,0.08158781782837814,0.0,0.0,0.08875690640164943,0.04488205909207629,0.03396746372900739,0.062324662592424855
TCGA-HT-7610-01A,svr,0.6664385433020317,0.025145070439773064,0.0,0.0,0.04701896803605663,0.017672284255250224,0.13452664396867492,0.1091984899982135
TCGA-HT-7611-01A,svr,0.69367021369626,0.08639150817336806,0.0,0.0,0.012206642199916774,0.03966203094501114,0.07161184972285013,0.0964577552625939
TCGA-HT-7616-01A,svr,0.6880315987926802,0.07695231994381019,0.0,0.001960652501630498,0.003561072372868901,0.1658011465827069,0.013828324808894149,0.04986488499740918
TCGA-HT-7620-01A,svr,0.3140448811540378,0.02013758890155687,0.0,0.0,0.013130556109414857,0.01981718167663938,0.55995294610623,0.07291684605212102
TCGA-HT-7676-01A,svr,0.5675083810833106,0.1553197782989452,0.0,0.0,0.11072166959475706,0.03635865613124025,0.06856212017553184,0.061529394716215005
TCGA-HT-7677-01A,svr,0.7187476924819034,0.014943230841196179,0.0,0.0,0.007151958301963857,0.04325900223348979,0.12684219411233685,0.08905592202910995
TCGA-HT-7680-01A,svr,0.4254843426238074,0.13162087967908187,0.0,0.0,0.09457046983286414,0.08671914106309368,0.0,0.2616051668011529
TCGA-HT-7681-01A,svr,0.6629941251037075,0.03036566838165475,0.0,0.0,0.022335964774733912,0.0480736886877447,0.09019663326713719,0.14603391978502195
TCGA-HT-7684-01A,svr,0.5658065836952579,0.07901689405402781,0.0,0.0,0.04417243027856443,0.1460082003802979,0.048430770858286884,0.11656512073356497
TCGA-HT-7686-01A,svr,0.5908905545737184,0.1851749980766916,0.0,0.0,0.04439289336330397,0.05179566011751003,0.05560685441427525,0.07213903945450076
TCGA-HT-7687-01A,svr,0.7825530498496094,0.03178844929326399,0.0,0.0,0.013834687880300268,0.048274912542953755,0.08693437742070434,0.03661452301316826
TCGA-HT-7688-01A,svr,0.745213108175373,0.013173075517398325,0.0,0.0,0.03470423012896423,0.026270711403014076,0.10314461945650905,0.07749425531874143
TCGA-HT-7689-01A,svr,0.4378294351790534,0.05807247656169817,0.0,0.0,0.04879415037561613,0.023030118138982356,0.31408458121990346,0.1181892385247466
TCGA-HT-7690-01A,svr,0.6932819126504155,0.10752754327103614,0.0,0.0015961170454939716,0.014911107903623346,0.07452522245490827,0.06752983336461761,0.040628263309905384
TCGA-HT-7691-01A,svr,0.5557284349614245,0.09959057299312844,0.0,0.0,0.04037019770504067,0.10223365338466357,0.0,0.20207714095574272
TCGA-HT-7692-01A,svr,0.831922279717847,0.029537293356630297,0.0,0.0,0.013624816028682223,0.02716653321778304,0.03836155676049031,0.05938752091856708
TCGA-HT-7693-01A,svr,0.6874469749415978,0.13854700958114946,0.0,0.0,0.02448003039303682,0.1009803353174538,0.0,0.04854564976676216
TCGA-HT-7694-01A,svr,0.5762750474317421,0.005516194859903782,0.0,0.0,0.01340709778700626,0.03311328295474461,0.20552505433717258,0.16616332262943082
TCGA-HT-7695-01A,svr,0.5929589755646625,0.0,0.0,0.0,0.05009778468412347,0.012507162532313867,0.18653513777812047,0.15790093944077976
TCGA-HT-7854-01A,svr,0.49180430716755896,0.1025843882223713,0.0,8.975525821936539e-05,0.04200444903204069,0.0626980879145113,0.1480206219164833,0.15279839048881505
TCGA-HT-7855-01A,svr,0.7953675646279241,0.04556641144408466,0.0,0.0,0.023196615656902616,0.0728145593250338,0.004750727582491507,0.058304121363563395
TCGA-HT-7856-01A,svr,0.5689062584434191,0.0,0.0,0.0,0.030815757033596274,0.02428645387134098,0.20674027726274039,0.16925125338890312
TCGA-HT-7857-01A,svr,0.3934860704775712,0.4107204454231319,0.0,0.0034431317600710563,0.002782577070215562,0.12413894151690534,0.042535322478527454,0.022893511273577524
TCGA-HT-7858-01A,svr,0.4830600893661023,0.10126346352007964,0.0,0.0016230988649858305,0.03478560105306556,0.03917320785131381,0.27431829485124154,0.06577624449321127
TCGA-HT-7860-01A,svr,0.5821631155706918,0.08899114529126168,0.0,0.0011250175616547456,0.0028652061674430455,0.1316614733491033,0.0,0.19319404205984542
TCGA-HT-7873-01B,svr,0.5649012429460505,0.05801821672423676,0.0,0.0,0.03473291192589979,0.06866147263644513,0.16806637594075602,0.1056197798266118
TCGA-HT-7874-01A,svr,0.591192879620556,0.008178035910818256,0.0,0.0,0.0048641307090030415,0.026973833815213104,0.18552833723185067,0.18326278271255894
TCGA-HT-7875-01A,svr,0.7809907492250476,0.004303800300421757,0.0,0.0,0.041698851814951886,0.027963657833083886,0.016540531256298403,0.12850240957019649
TCGA-HT-7877-01A,svr,0.4805480981898371,0.007737269772689478,0.0,0.0,0.06329513405109456,0.08243068146102109,0.21708334430451554,0.1489054722208421
TCGA-HT-7879-01A,svr,0.6318809665074778,0.05176090408062726,0.0,0.0008239155016316858,0.030198188549828264,0.07639843948659462,0.10956609278228743,0.0993714930915529
TCGA-HT-7880-01A,svr,0.46564185094514093,0.015592023302340583,0.0,0.0,0.016746179055904926,0.05717717598033245,0.2974312428102164,0.14741152790606474
TCGA-HT-7881-01A,svr,0.36277390168604917,0.003884800395163021,0.0,7.89913358730459e-05,0.006071689467502608,0.0243570419420466,0.4646399650276983,0.13819361014566725
TCGA-HT-7882-01A,svr,0.3661868931124993,0.3585588143390083,0.0,0.0,0.0,0.2640645567230823,0.0,0.011189735825410042
TCGA-HT-7884-01B,svr,0.6363646371048488,0.019971846959231442,0.0,0.0007002973066731264,0.008339922386631398,0.0193629563692427,0.19613079029984476,0.11912954957352787
TCGA-HT-7902-01A,svr,0.2388016520855911,0.017687312427921615,0.0,0.0008564727544498115,0.010069221559820018,0.029982474934092476,0.6400564207692313,0.06254644546889356
TCGA-HT-8010-01A,svr,0.5373797270071308,0.02957415987592277,0.0,0.0026888846471097875,0.011303425245350789,0.0678578171100626,0.07825054958463785,0.2729454365297854
TCGA-HT-8011-01A,svr,0.8599101188603269,0.03524853413193233,0.0,0.0,0.00015879912906700654,0.08056741383374895,0.0009451359680897893,0.023169998076835074
TCGA-HT-8012-01A,svr,0.8259561164745978,0.020312702166454047,0.0,0.0,0.023355340984770642,0.05564106389254247,0.02764950237545377,0.0470852741061813
TCGA-HT-8013-01A,svr,0.6140689307348931,0.18545814591780702,0.0,0.004912279430149185,0.04196891222308368,0.03895422752691717,0.06712639204155943,0.04751111212559039
TCGA-HT-8015-01B,svr,0.654652593220416,0.05704049718056105,0.0,0.0,9.788964750603422e-06,0.03915253450792426,0.13690654019240164,0.11223804593394632
TCGA-HT-8018-01A,svr,0.620855388540922,0.11362522741263519,0.0,0.0,0.00832644353042411,0.14138218597485808,0.00689502829426235,0.10891572624689824
TCGA-HT-8104-01A,svr,0.6033753293409606,0.042817449802899005,0.0,0.0,0.0,0.1225567493423299,0.1581722547104887,0.07307821680332173
TCGA-HT-8105-01A,svr,0.7964304510844137,0.01631481741906192,0.0,0.0,0.008214107135023754,0.11156450199691485,0.02065822801272091,0.046817894351864786
TCGA-HT-8106-01A,svr,0.18879133111338625,0.4497264883407102,0.017338071298043673,0.006192236775889538,0.05171899241110221,0.06777964866742092,0.18995509329105287,0.02849813810239439
TCGA-HT-8107-01A,svr,0.3813274750240958,0.021147907475488933,0.0,0.0,0.010467186681257587,0.1000915485590497,0.31857942009801166,0.16838646216209627
TCGA-HT-8108-01A,svr,0.7079173597278927,0.10761301669765319,0.0,0.0,0.015483766145378152,0.06257524131573668,0.042371093970326124,0.06403952214301312
TCGA-HT-8109-01A,svr,0.66564885796412,0.021286495269874507,0.0,0.0,0.0032894351570718254,0.02411035289049903,0.17652957843108846,0.10913528028734623
TCGA-HT-8110-01A,svr,0.6105546233279756,0.23012993229877104,0.0,0.011273278773156575,0.002014437582637643,0.032298057475786596,0.03526335633835956,0.07846631420331288
TCGA-HT-8111-01A,svr,0.4149984751116314,0.07179696313569107,0.0,0.0,0.031012899802759397,0.022810167296114656,0.35730264400026956,0.10207885065353395
TCGA-HT-8113-01A,svr,0.6451156878438448,0.007166331595787682,0.0,0.0,0.0005049441984750627,0.040513557673637055,0.13556642586506984,0.17113305282318564
TCGA-HT-8114-01A,svr,0.7327769989304725,0.10352162180122303,0.0,0.0005844169009745801,0.016043049451773327,0.07454153889503091,0.006474028298598862,0.06605834572192654
TCGA-HT-8563-01A,svr,0.3203592863732039,0.5813581416530185,0.0,0.002823747668556556,0.0,0.06860909563124908,0.0005398246040646691,0.026309904069907464
TCGA-HT-8564-01A,svr,0.6956734511419587,0.055934165108740344,0.0,0.0,0.009255323497039688,0.04528680339443466,0.096861187192488,0.09698906966533864
TCGA-HT-A4DS-01A,svr,0.7398261186203342,0.13812397561840792,0.0,0.0016791646909401106,0.04221269826212281,0.03592178308706289,0.005696839662138118,0.036539420058993966
TCGA-HT-A5R5-01A,svr,0.6402579791602515,0.11492270770183988,0.0,0.0,0.01854109869284127,0.025453600353141943,0.02859155270424544,0.17223306138767994
TCGA-HT-A5R7-01A,svr,0.686662765389221,0.02666834682185365,0.0,0.0,0.012366890083386359,0.03350334800197013,0.12484883867889837,0.11594981102467047
TCGA-HT-A5R9-01A,svr,0.7378075606870528,0.0,0.0,0.0,0.20101661417972536,0.038938437161906946,0.0013645573760933994,0.02087283059522145
TCGA-HT-A5RA-01A,svr,0.7850551233148749,0.04710272052518642,0.0,0.0,0.0,0.10004804501383055,0.0,0.06779411114610803
TCGA-HT-A5RB-01A,svr,0.6683546430827476,0.019968805473460412,0.0,0.0,0.07043396023433912,0.0664798820740828,0.08102854194357523,0.09373416719179485
TCGA-HT-A5RC-01A,svr,0.7534813007100006,0.05797835030157661,0.0,0.0,0.0,0.052931192365217435,0.06391438561583643,0.07169477100736885
TCGA-HT-A614-01A,svr,0.5428676212156901,0.03235990822160837,0.0,0.0,0.030224762476812363,0.029848835958071356,0.2513159746532197,0.1133828974745981
TCGA-HT-A615-01A,svr,0.6558313694865165,0.08386234745926174,0.0,0.0,0.04392298432539189,0.022575029630363938,0.10075824232418576,0.09305002677428018
TCGA-HT-A616-01A,svr,0.6330151327585608,0.023591559889411598,0.0,0.0,0.08674124082305719,0.054303885008087895,0.028285175755216767,0.1740630057656658
TCGA-HT-A617-01A,svr,0.6366770687822942,0.10641489300618433,0.0,0.00056426354919552,0.010901881456584802,0.06042716661066375,0.055670951682540375,0.12934377491253699
TCGA-HT-A618-01A,svr,0.6195440613302505,0.17746598392555304,0.0,0.002520899627222966,0.01848793404531102,0.05133843380146346,0.049248131763668164,0.08139455550653094
TCGA-HT-A61C-01A,svr,0.7979726212639252,0.08079620514952476,0.0,0.0012607930338230631,0.0006775636416511835,0.06491651848515388,0.04387730868011886,0.010498989745803015
TCGA-HT-A74H-01A,svr,0.36103538154226905,0.07498279858360048,0.0,0.0,0.11578660589991935,0.03708588682707212,0.31718246952514706,0.09392685762199209
TCGA-HT-A74J-01A,svr,0.7636046994971017,0.03567850366569758,0.0,0.0,0.02550836884730951,0.03503346138707823,0.03837797170595932,0.1017969948968535
TCGA-HT-A74K-01A,svr,0.6598670897031463,0.050313018025486135,0.0,0.0,0.05777040812841103,0.09925879878491975,0.10731151907876581,0.025479166279271
TCGA-HT-A74L-01A,svr,0.7156599269264398,0.0476868055512369,0.0,0.0008102487467203578,0.031235612620236136,0.06297034498975755,0.07732700202956395,0.06431005913604544
TCGA-HT-A74O-01A,svr,0.6225024994293615,0.17550428209549718,0.0,0.0009005048560649005,0.04222024148558025,0.05854763733865903,0.07145712574226494,0.028867709052572233
TCGA-HW-7486-01A,svr,0.3377506336444927,0.03651930307601188,0.0,7.41884678042943e-05,0.005453395295601467,0.03171074861392257,0.5347109453592397,0.053780785542927374
TCGA-HW-7487-01A,svr,0.7133015649216518,0.011895969000211136,0.0,0.0,0.026556200988662536,0.026355692574211022,0.12658578223940078,0.09530479027586292
TCGA-HW-7489-01A,svr,0.7537799225244235,0.02732468092897886,0.0,0.0,0.00776058758364939,0.027928130244333167,0.05820879987005251,0.12499787884856262
TCGA-HW-7490-01A,svr,0.6726931869726612,0.05766922410227907,0.0,0.0,0.0229920159507162,0.14618041066073795,0.01747244155852745,0.08299272075507812
TCGA-HW-7491-01A,svr,0.7917467180085516,0.002335796395874727,0.0,0.0,0.03889765046596517,0.03841236628594239,0.08882112713729504,0.03978634170637113
TCGA-HW-7493-01A,svr,0.7277414910841594,0.047579509027304734,0.0,0.0,0.0024436454948254956,0.03541933127786883,0.01512804810047728,0.17168797501536429
TCGA-HW-7495-01A,svr,0.4930149015150261,0.011215695284582109,0.0,0.0,0.006656845976756211,0.042151138953625336,0.31702929096706706,0.1299321273029432
TCGA-HW-8319-01A,svr,0.80061715995391,0.03411632174886414,0.0,0.0,0.004528572052002896,0.01806427431285424,0.05023164192057369,0.09244203001179502
TCGA-HW-8320-01A,svr,0.7529275776342447,0.060387440234088895,0.0,0.0,0.07150689825835652,0.04540349917953485,0.004177603769643746,0.06559698092413128
TCGA-HW-8321-01A,svr,0.732231386250088,0.04459263162221373,0.0,0.0,0.014273814863767014,0.08995361104091683,0.0795270517179706,0.039421504505043836
TCGA-HW-8322-01A,svr,0.7877351060766454,0.02129772256666296,0.0,0.0,0.03774387036172787,0.02802350732748622,0.07811239401066071,0.04708739965681675
TCGA-HW-A5KJ-01A,svr,0.7648245080116854,0.0,0.0,0.0,0.0858196987301807,0.10515885829808061,0.01575599140732363,0.028440943552729706
TCGA-HW-A5KK-01A,svr,0.43549679024833227,0.14241340782507036,0.0,0.001002396534885024,0.008897032940266777,0.04270805324725645,0.31067339602876115,0.05880892317542803
TCGA-HW-A5KL-01A,svr,0.6601306026434028,0.05034137494057264,0.0,0.0004382985566377465,0.0713897212007506,0.04309644833297711,0.09566921497040387,0.07893433935525508
TCGA-HW-A5KM-01A,svr,0.630633573198055,0.27250782283305475,0.0,0.0,0.006119903362854792,0.04381212486121696,0.006762952786923494,0.04016362295789487
TCGA-IK-7675-01A,svr,0.8004291163137034,0.030308985918288154,0.0,0.0,0.002787560557812699,0.07550831391415005,0.05720350644356535,0.03376251685248048
TCGA-IK-8125-01A,svr,0.7769799144808804,0.015453391982070465,0.0,0.0,0.022079558002981017,0.02598000717430521,0.024220567678559086,0.13528656068120362
TCGA-KT-A74X-01A,svr,0.7844766527825978,0.016177905768150817,0.0,0.0,0.0,0.05597624342379748,0.10546175851325637,0.037907439512197584
TCGA-KT-A7W1-01A,svr,0.8207388056141471,0.034516564624078365,0.0,0.003242761328994713,0.0,0.10877526786243845,0.0,0.03272660057034123
TCGA-P5-A5ET-01A,svr,0.5557204225845803,0.002818516253551896,0.0,0.0,0.07923523967719963,0.008446674647067207,0.2268178592736508,0.12696128756395011
TCGA-P5-A5EU-01A,svr,0.7500901671889999,0.12085645395213794,0.0,0.009072223201820565,0.0233564537940708,0.07056058484459415,0.006540460967875305,0.01952365605050133
TCGA-P5-A5EV-01A,svr,0.7741192645781277,0.029794076221684885,0.0,0.0,0.04872945028595501,0.05158387966161131,0.01850417315015689,0.07726915610246417
TCGA-P5-A5EW-01A,svr,0.67202022385665,0.06010632268598006,0.0,0.0,0.052200571762120736,0.017372633335262583,0.05608329680565964,0.1422169515543268
TCGA-P5-A5EX-01A,svr,0.5982661900174033,0.14175954064598625,0.0,0.0,0.06099968402004291,0.08165894403119181,0.0,0.11731564128537576
TCGA-P5-A5EY-01A,svr,0.6135744613836441,0.03203427813121193,0.0,0.0,0.017640723553176935,0.0309221986040471,0.014509613960540619,0.2913187243673794
TCGA-P5-A5EZ-01A,svr,0.5356992472005065,0.04636936547300346,0.0,5.297756336830424e-06,0.07176701659523001,0.04954435508359786,0.27031075022117296,0.026303967670152344
TCGA-P5-A5F0-01A,svr,0.8625174774984241,0.0,0.0,0.0,0.0015979528554680778,0.012776301718566573,0.015583425877212733,0.10752484205032847
TCGA-P5-A5F1-01A,svr,0.50600420432796,0.07999304070075201,0.0,0.0005990498995687002,0.04787448467517526,0.11119779533793225,0.07290482286844159,0.18142660219017012
TCGA-P5-A5F2-01A,svr,0.7194651017656803,0.020783605085437716,0.0,0.0,0.030404948206594423,0.024371665546784996,0.09291444028987142,0.112060239105631
TCGA-P5-A5F4-01A,svr,0.5834024794365269,0.0007824947702571382,0.0,0.0,0.10200918999455486,0.03183045767560102,0.11396413194558104,0.168011246177479
TCGA-P5-A5F6-01A,svr,0.2778244708083733,0.10552003181615467,0.0,0.0016779501522566403,0.25761684460484835,0.31697827957670854,0.0,0.04038242304165841
TCGA-P5-A72U-01A,svr,0.6255328528756868,0.07627527625038397,0.0,0.0,0.0,0.17990251875344443,0.0,0.11828935212048475
TCGA-P5-A72W-01A,svr,0.7676313136279164,0.04213963684472318,0.0,0.0,0.07525905692030184,0.025140510111837922,0.04449876747132171,0.04533071502389904
TCGA-P5-A72X-01A,svr,0.7011955929984591,0.025583427518806667,0.0,0.0,0.009573728130657056,0.1131827217959027,0.02220037287598758,0.12826415668018684
TCGA-P5-A72Z-01A,svr,0.8580489303047898,0.0028638331178274736,0.0,0.0004487773846891912,0.04673491454495321,0.05737153024342194,0.033407485908346524,0.001124528495971756
TCGA-P5-A730-01A,svr,0.5860320328693901,0.007811662283655102,0.0,0.0006677551041791953,0.08837788592775976,0.08672535161564172,0.18664537279977628,0.043739939399597756
TCGA-P5-A731-01A,svr,0.731301443132687,0.03997909359503848,0.0,0.0,0.01583859821626943,0.07599379373227473,0.022223067090160586,0.11466400423356975
TCGA-P5-A733-01A,svr,0.6412959893058966,0.01707242075897662,0.0,0.0,0.11220354824657766,0.06117737025841453,0.023975641484291942,0.1442750299458426
TCGA-P5-A735-01A,svr,0.7208574607899075,0.03331625100565665,0.0,0.0,0.08443804307622987,0.0,0.07847297206905617,0.08291527305914968
TCGA-P5-A736-01A,svr,0.5529361460006591,0.16131001102397866,0.0,0.0,0.04261827008333622,0.0671249004312397,0.049723924996573035,0.12628674746421334
TCGA-P5-A737-01A,svr,0.8491071266735504,0.021968638045221606,0.0,0.0,0.0383206933615804,0.019206102471339533,0.03552695440165625,0.03587048504665192
TCGA-P5-A77W-01A,svr,0.6487540412365403,0.0,0.0,0.0,0.22592872575105152,0.04388494398505083,0.05757868670685584,0.023853602320501488
TCGA-P5-A77X-01A,svr,0.7805628193122086,0.002545325869443638,0.0,0.0,0.006780590086117174,0.013016805094369541,0.05077065847356671,0.14632380116429444
TCGA-P5-A780-01A,svr,0.5689156425971056,0.0710568196612416,0.0,0.0,0.08954641045613684,0.0736902306590865,0.1651211704875088,0.03166972613892071
TCGA-P5-A781-01A,svr,0.6140966186412545,0.01993704755728251,0.0,0.0,0.018291807554460707,0.02458356997509364,0.1897967233826657,0.13329423288924283
TCGA-QH-A65R-01A,svr,0.7346356240155953,0.005341096947804962,0.0,0.0,0.10463324167161454,0.11249053542003697,0.010590524221186571,0.032308977723761546
TCGA-QH-A65S-01A,svr,0.5089551660981118,0.0568775945929686,0.0,0.0,0.03681291318063763,0.037079551613070236,0.27109835164054374,0.08917642287466798
TCGA-QH-A65V-01A,svr,0.4351129689537118,0.03495118409610579,0.0,0.0,0.056014382788926155,0.022390637323035093,0.30466159320622194,0.1468692336319992
TCGA-QH-A65X-01A,svr,0.7192402570267309,0.007113635737320812,0.0,0.0,0.10993621317942709,0.14708714958370941,0.00542633818116843,0.011196406291643245
TCGA-QH-A65Z-01A,svr,0.7397299165656588,0.0,0.0,0.0,0.0730914903830631,0.014915032904516335,0.07758734489103643,0.09467621525572542
TCGA-QH-A6CS-01A,svr,0.345784473409495,0.05254134029470418,0.0,0.0,0.01121625072057084,0.04084321333929079,0.3733874579618026,0.17622726427413662
TCGA-QH-A6CU-01A,svr,0.3443889768434328,0.07805551906915045,0.0,0.0,0.01860363033607702,0.043807334593029275,0.2908434106656048,0.2243011284927056
TCGA-QH-A6CV-01A,svr,0.7215915253936411,0.10543890514355941,0.0,0.0006651178176973255,0.010470911980094321,0.07741404809230809,0.052439466171923146,0.031980025400776525
TCGA-QH-A6CW-01A,svr,0.7932076106216919,0.09060335691339175,0.0,0.0,0.019002003917370395,0.03288489340646578,0.0230631004640903,0.04123903467698988
TCGA-QH-A6CX-01A,svr,0.4911766678653498,0.10458140018588283,0.0,0.0003955006287997601,0.0017636162618071582,0.06351668501205399,0.26249188266513146,0.07607424738097504
TCGA-QH-A6CY-01A,svr,0.5201400426618417,0.0,0.0,0.0,0.07556185274082697,0.002179268542957359,0.24673772553637754,0.15538111051799647
TCGA-QH-A6CZ-01A,svr,0.8503486180740873,0.0016186717330890009,0.0,0.0,0.04144582718757049,0.000828291615168509,0.0417011444444841,0.06405744694560048
TCGA-QH-A6X3-01A,svr,0.6632930603466104,0.04181565630001619,0.0,0.0,0.06997081752439208,0.058662445011082934,0.07415487029964547,0.09210315051825298
TCGA-QH-A6X4-01A,svr,0.7667210065317506,0.010250757949119983,0.0,0.0,0.00753783396825599,0.008471627400095275,0.1666913449412738,0.04032742920950442
TCGA-QH-A6X5-01A,svr,0.44496560222763903,0.021145932209541814,0.0,0.0,0.04891384464277377,0.04111677092052153,0.3105653626763426,0.1332924873231811
TCGA-QH-A6X8-01A,svr,0.7487954143672633,0.03507945636265663,0.0,0.0,0.0,0.033056053918320456,0.12721101789822828,0.055858057453531285
TCGA-QH-A6X9-01A,svr,0.8504492518197915,0.01656960107169104,0.0,0.0,0.017867657175344675,0.017271219865444012,0.013287370093506383,0.08455489997422243
TCGA-QH-A6XA-01A,svr,0.6017470607703852,0.04313608483505384,0.0,0.0,0.07011001037835388,0.0040392108405945416,0.17561073679259578,0.10535689638301672
TCGA-QH-A6XC-01A,svr,0.7702039843356367,0.036090600493608155,0.0,0.0010958542162607682,0.0,0.052845646087300406,0.07332688815822729,0.06643702670896663
TCGA-QH-A86X-01A,svr,0.8160694230306225,0.015206557965766442,0.0,0.00011431021711391845,0.025756502874507214,0.02381643621812675,0.01821093904851256,0.10082583064535064
TCGA-QH-A870-01A,svr,0.6543463548521868,0.02253854657868809,0.0,0.0,0.04245890733749453,0.03853969334344594,0.06088034053731542,0.1812361573508691
TCGA-R8-A6MK-01A,svr,0.7015938169635545,0.01692183016883865,0.0,0.0,0.03029165863217088,0.01627908438900166,0.0990770042350511,0.13583660561138317
TCGA-R8-A6ML-01A,svr,0.807998430406367,0.0003400468508954598,0.0,0.0013384060589303533,0.006574940117849662,0.029935536500093163,0.07734963422643035,0.07646300583943395
TCGA-R8-A6MO-01A,svr,0.6073260173778754,0.03326554439022987,0.0,0.0003263914550686164,0.04670298020532079,0.07428852468127907,0.19849833845535927,0.03959220343486692
TCGA-R8-A6YH-01A,svr,0.7942964283304597,0.053978638333053934,0.0,0.0,0.05904300549311731,0.03713789929917518,0.0045765909868135295,0.05096743755738036
TCGA-RY-A83X-01A,svr,0.5425848324575465,0.011461403635473709,0.0,0.0,0.0710328488694844,0.031435181872569225,0.21482253425511205,0.12866319890981415
TCGA-RY-A83Y-01A,svr,0.7964790431426408,0.03875711658186146,0.0,0.0020625780327465635,0.0318648055197647,0.05699661885699045,0.03617846140776005,0.03766137645823598
TCGA-RY-A83Z-01A,svr,0.7362757565550712,0.06150350325148086,0.0,0.0,0.12921467818331772,0.025922534668090833,0.024474794008837533,0.022608733333201913
TCGA-RY-A840-01A,svr,0.8659815741260882,0.013366842413753119,0.0,0.0002245613249988649,0.021136686006142505,0.03791428821513154,0.01120866227026579,0.05016738564361996
TCGA-RY-A843-01A,svr,0.6442340334080783,0.048507366035822695,0.0,0.0,0.030105234433002538,0.07377917433711835,0.05238708948687441,0.1509871022991037
TCGA-RY-A845-01A,svr,0.7826090182290728,0.03107087533648777,0.0,0.00021351611725314634,0.04727113972030875,0.024050553481833024,0.03361935122638968,0.0811655458886549
TCGA-RY-A847-01A,svr,0.6937381507349833,0.049301849300683584,0.0,0.0,0.054125905114259645,0.05023834837406667,0.05055794990956159,0.10203779656644517
TCGA-S9-A6TS-01A,svr,0.675976841215286,0.06996645334374865,0.0,0.0,0.06496862998405799,0.07575138011062402,0.03909630628858576,0.07424038905769767
TCGA-S9-A6TU-01A,svr,0.5904863670618374,0.10411307044767407,0.0,0.0,0.0540846746785452,0.0784089212245385,0.11961011695650733,0.053296849630897404
TCGA-S9-A6TV-01A,svr,0.6286691992809803,0.2119052207563008,0.0,0.0022131645202826283,0.04687365057092195,0.0635315777532131,0.0,0.046807187118301306
TCGA-S9-A6TW-01A,svr,0.6859026629948298,0.009344174785118812,0.0,0.0,0.07746544012337801,0.17213835105773545,0.028139244819977205,0.027010126218960574
TCGA-S9-A6TX-01A,svr,0.6182364622299488,0.021862226940647177,0.0,0.0,0.03441216982755318,0.07467907691805335,0.19912341984553136,0.05168664423826623
TCGA-S9-A6TY-01A,svr,0.6591238479930035,0.00045032650651988525,0.0,0.0,0.10565175542643007,0.01763534096846597,0.1463728833284369,0.07076584577714355
TCGA-S9-A6TZ-01A,svr,0.7485589611094943,0.04551174480711135,0.0,0.0,0.024850571408801824,0.06322558609401704,0.02452253474720586,0.09333060183336964
TCGA-S9-A6U0-01A,svr,0.49269971325688516,0.08526102420883734,0.0,6.039780441993215e-06,0.0,0.3923140033723991,0.0039053476570570624,0.025813871724379277
TCGA-S9-A6U1-01A,svr,0.48646617951665005,0.05685064895227763,0.0,0.0,0.10154433566954901,0.05942228261886979,0.23603157493303376,0.05968497830961985
TCGA-S9-A6U2-01A,svr,0.7464236079054135,0.027271319016394027,0.0,0.0,0.04037085911579617,0.0383910243901239,0.012550480751677655,0.13499270882059475
TCGA-S9-A6U5-01A,svr,0.7005990078567317,0.034672407492725384,0.0,0.0,0.06952122244149854,0.03083277074038434,0.028716284657245315,0.13565830681141455
TCGA-S9-A6U6-01A,svr,0.7047451541455986,0.05481017541379522,0.0,0.0,0.07534832594045549,0.04284444887663454,0.03457150065335018,0.08768039497016605
TCGA-S9-A6U8-01A,svr,0.5149138663585606,0.08154716790661094,0.0,0.0,0.04464412370203122,0.04823635551839057,0.2409200169226436,0.06973846959176294
TCGA-S9-A6U9-01A,svr,0.45135330118981415,0.1215256483989089,0.0,0.0,0.030782239376341617,0.13030891062321182,0.17482852138271773,0.09120137902900577
TCGA-S9-A6UA-01A,svr,0.7438262587525208,0.18030002798131375,0.0,0.003804378556472487,0.0,0.0388737254512721,0.021283244289846036,0.011912364968574885
TCGA-S9-A6UB-01A,svr,0.6782459022093011,0.0,0.0,0.0,0.11689735448392623,0.01606781572346154,0.1387265193454456,0.05006240823786554
TCGA-S9-A6WD-01A,svr,0.6908761191851811,0.014533622748743463,0.0,0.0,0.06057687765606596,0.026325335790762936,0.1346611667936553,0.0730268778255913
TCGA-S9-A6WE-01A,svr,0.7549724757726566,0.019913845328277644,0.0,0.000395094788582018,0.051472784275676545,0.05189303326675816,0.05957152138455782,0.061781245183491325
TCGA-S9-A6WG-01A,svr,0.519070586148963,0.08631163373416122,0.0,0.0006769503949820929,0.05794963296563718,0.2789878855967714,0.009956227542218535,0.04704708361726658
TCGA-S9-A6WH-01A,svr,0.7266596079865583,0.005204789185556401,0.0,0.0,0.18558971876505753,0.03499930006803075,0.026958333189678274,0.02058825080511878
TCGA-S9-A6WI-01A,svr,0.4803264340238785,0.012468005791349646,0.0,0.0,0.07826053623236216,0.06228751958057511,0.2605151849875861,0.10614231938424855
TCGA-S9-A6WL-01A,svr,0.8142424810031237,0.014972618488040781,0.0,0.0,0.0012508801618637524,0.09746220195098489,0.00803383349144642,0.06403798490454048
TCGA-S9-A6WM-01A,svr,0.8197644906175843,0.027418072238625597,0.0,0.0,0.01749997708555959,0.08134357544681721,0.004085267539352436,0.04988861707206088
TCGA-S9-A6WN-01A,svr,0.6247041895489448,0.13291331741223242,0.0,0.0,0.024157930798105742,0.14274878709520158,0.006439322006735721,0.06903645313877967
TCGA-S9-A6WO-01A,svr,0.6960292007668035,0.06961380712851527,0.0,0.0,0.09828331124272027,0.026450344631315494,0.04268819515003081,0.06693514108061455
TCGA-S9-A6WP-01A,svr,0.7442314085768795,0.049968196116162523,0.0,0.0004862624433840312,0.010517695579855714,0.06479884995509322,0.10167297419089158,0.02832461313773343
TCGA-S9-A6WQ-01A,svr,0.5524922616637901,0.0834902292096464,0.0,0.0009683141905414479,0.0672544998309527,0.031918247356157496,0.20349011059385572,0.06038633715505629
TCGA-S9-A7IQ-01A,svr,0.7431979411980397,0.0,0.0,0.0,0.049887102934080996,0.024283165531337848,0.04416712864291711,0.1384646616936243
TCGA-S9-A7IS-01A,svr,0.7076937402172556,0.030393074047380425,0.0,0.0013557205045116611,0.05077554361539387,0.10000214750229006,0.10817973872506433,0.001600035388103963
TCGA-S9-A7IX-01A,svr,0.737613841530226,0.07533608871611945,0.0,0.0,0.0,0.07733008074304695,0.03008060201225155,0.07963938699835599
TCGA-S9-A7IY-01A,svr,0.6484283586466334,0.04437813703663152,0.0,0.0,0.04583124667890565,0.032628382786684146,0.0985833221063138,0.13015055274483148
TCGA-S9-A7IZ-01A,svr,0.6490661632884834,0.065346376986176,0.0,0.0,0.050294176809426674,0.08784803229519732,0.02282217098257605,0.12462307963814054
TCGA-S9-A7J0-01A,svr,0.8751637996793944,0.032756665359229824,0.0,0.0,0.014964008279380426,0.029947620895030762,0.0378306878489709,0.009337217937993804
TCGA-S9-A7J1-01A,svr,0.5259947961633399,0.028936864214662402,0.0,0.0,0.010414597788437112,0.021631764125526975,0.22059081202047792,0.19243116568755564
TCGA-S9-A7J2-01A,svr,0.7963440960538274,0.0031166544317882193,0.0,0.0,0.08710414179781201,0.03438867985767079,0.011980925764067688,0.0670655020948338
TCGA-S9-A7J3-01A,svr,0.6906125732415035,0.025325903632493686,0.0,0.0,0.01595221147655504,0.06358268231860989,0.113614151304564,0.09091247802627396
TCGA-S9-A7QW-01A,svr,0.7412472611497092,0.01254056106263073,0.0,0.0,0.1326945684915814,0.01346584909813853,0.040069475269101096,0.05998228492883903
TCGA-S9-A7QX-01A,svr,0.6592269199254556,0.06173442272619044,0.0,0.0,0.14022512373395266,0.04542971750493564,0.049521246641136704,0.04386256946832899
TCGA-S9-A7QY-01A,svr,0.6781687110858863,0.013926620795953545,0.0,0.00010859079623196953,0.02289936125268172,0.035826766373142735,0.18907241796661814,0.05999753172948564
TCGA-S9-A7QZ-01A,svr,0.7415426211988356,0.0,0.0,0.0,0.07305613231857071,0.049420478211763645,0.0673341530324313,0.06864661523839867
TCGA-S9-A7R1-01A,svr,0.7660618513711976,0.006857464101514079,0.0,0.0,0.09242222634453372,0.0440274908865485,0.00519659472578269,0.08543437257042337
TCGA-S9-A7R2-01A,svr,0.4740836975270355,0.11066550491293287,0.0,0.0003963931945151638,0.04060883209725245,0.03170792388701425,0.25940139787368094,0.08313625050756893
TCGA-S9-A7R3-01A,svr,0.4978563019551692,0.06079365396744564,0.0,0.00048711619274615357,0.06447570107207162,0.07371362332010475,0.18010349601621103,0.12257010747625162
TCGA-S9-A7R4-01A,svr,0.6615004764894521,0.07222334032932022,0.0,0.0,0.033098632472820355,0.17651589855969244,0.010951031213833926,0.045710620934881
TCGA-S9-A7R7-01A,svr,0.5920054500955676,0.22394987036054162,0.0,0.0,0.009232697475946716,0.08294511988656754,0.029710628218815923,0.062156233962560474
TCGA-S9-A7R8-01A,svr,0.6417814735529329,0.07676585540158926,0.0,0.0,0.09317076114788525,0.039477457029410655,0.12954147736012048,0.019262975508061605
TCGA-S9-A89V-01A,svr,0.8807529816444826,0.028006433619526292,0.0,0.00017782598703516557,0.0,0.03265507990104078,0.009108770342593137,0.04929890850532211
TCGA-S9-A89Z-01A,svr,0.6242680975272971,0.17816848791169934,0.0,0.0,0.025029140004115664,0.07869157176067804,0.07677147683015725,0.01707122596605268
TCGA-TM-A7C3-01A,svr,0.894446493795488,0.013901722489037064,0.0,0.0005599395731208088,0.0,0.07065038546781155,0.0,0.020441458674542518
TCGA-TM-A7C4-01A,svr,0.8276198201612323,0.016027489753775093,0.0,0.0,0.005318648586580658,0.027204435406829264,0.00040925317652635174,0.12342035291505647
TCGA-TM-A7C5-01A,svr,0.8013467286378217,0.0,0.0,0.0,0.11706671460329382,0.04892784146523595,0.010024945142996481,0.02263377015065204
TCGA-TM-A7CA-01A,svr,0.7339756544285185,0.026061340460454246,0.0,0.0,0.06214397861806547,0.02896348898336245,0.09377518509472241,0.055080352414876826
TCGA-TM-A7CF-01A,svr,0.7561916102470103,0.014154552137382152,0.0,0.0,0.020948455853021065,0.01406441399404038,0.022094182178359546,0.17254678559018655
TCGA-TM-A7CF-02A,svr,0.44274209975579987,0.014168433313047615,0.0,0.0,0.011150381451628893,0.015221952039496991,0.4545962783317179,0.062120855108308656
TCGA-TM-A84B-01A,svr,0.9274048205810321,0.0,0.0,0.0,0.0,0.02159215418541192,0.0,0.05100302523355601
TCGA-TM-A84C-01A,svr,0.6559733373660261,0.09659592373896037,0.0,0.054659846022352625,0.016587100302339643,0.1147833342576401,0.0,0.06140045831268106
TCGA-TM-A84F-01A,svr,0.46051190405191517,0.19354552901808392,0.0,0.00517186773293059,0.0757392557241551,0.0582604870272438,0.07286283986096466,0.1339081165847068
TCGA-TM-A84G-01A,svr,0.846179927255893,0.0,0.0,0.0,0.07183332323323277,0.017837835159756402,0.013860999958362883,0.05028791439275501
TCGA-TM-A84H-01A,svr,0.8349357922732467,0.01568086156247022,0.0,0.0,0.05419824601753795,0.016723831321408957,0.00812708078862847,0.07033418803670759
TCGA-TM-A84I-01A,svr,0.9301922850496911,0.03498285096416659,0.0,0.0,0.007094762943578198,0.016419126958218136,0.001972330008828447,0.00933864407551751
TCGA-TM-A84J-01A,svr,0.9118141369348718,0.00779471516925192,0.0,0.0,0.03880088416639626,0.039979016368390706,0.0,0.0016112473610893562
TCGA-TM-A84L-01A,svr,0.5799550676776247,0.09704719735024708,0.0,0.0002318145403391189,0.01298974902281826,0.04685013185717923,0.14477576470532882,0.11815027484646276
TCGA-TM-A84M-01A,svr,0.9117531870968875,0.0,0.0,0.0,0.04547015407977567,0.0023030302480694775,0.005884014902314278,0.034589613672953115
TCGA-TM-A84O-01A,svr,0.7051197355526556,0.03299857316458434,0.0,0.0004196263393135612,0.056629133945592554,0.07088789831242959,0.05137406625417693,0.08257096643124756
TCGA-TM-A84Q-01A,svr,0.6540783611816303,0.11521599150005496,0.0,0.0,0.0767718828760476,0.039614775406701684,0.07151812425687529,0.04280086477869017
TCGA-TM-A84R-01A,svr,0.6290562857717074,0.0066783565047935775,0.0,0.0,0.029158624068827396,0.03328820400292648,0.15971910735539221,0.14209942229635292
TCGA-TM-A84S-01A,svr,0.7121903092026888,0.025322551618633827,0.0,0.0,0.022986104465576817,0.012948266347269546,0.07238919416406236,0.15416357420176857
TCGA-TM-A84T-01A,svr,0.6220289456069691,0.04833841014059896,0.0,0.0,0.13572509395867424,0.036270839563430725,0.0967252367931611,0.06091147393716592
TCGA-TQ-A7RF-01A,svr,0.7016550299069003,0.030867511903511273,0.0,0.0,0.10759148558464564,0.0765546571596408,0.0021699659837116116,0.0811613494615903
TCGA-TQ-A7RG-01A,svr,0.7212792519845703,0.03364070020617967,0.0,0.0,0.04752611670943541,0.02363511442850745,0.07173285567401921,0.10218596099728786
TCGA-TQ-A7RH-01A,svr,0.6913342485915369,0.09050731754152744,0.0,0.0,0.04305084831338937,0.05805816096401664,0.05690458025321628,0.060144844336313355
TCGA-TQ-A7RI-01A,svr,0.7093312320302232,0.025028952495130256,0.0,0.0,0.01963017430783754,0.018938465615282694,0.11838080353937544,0.10869037201215082
TCGA-TQ-A7RJ-01A,svr,0.6800633389093724,0.07439298912753015,0.0,0.0006229474139973274,0.06237043452453413,0.044722875485407605,0.02065540831244814,0.11717200622671015
TCGA-TQ-A7RK-01A,svr,0.6639135652838402,0.03685710362906647,0.0,0.0,0.15242376442819344,0.03301350865305867,0.058305666421509715,0.05548639158433145
TCGA-TQ-A7RM-01A,svr,0.9248055689000857,0.0064669690131733655,0.0,0.0002656418042125532,0.0006081992988050603,0.05092299184273352,0.007427469540209787,0.009503159600779992
TCGA-TQ-A7RN-01A,svr,0.7427343849157058,0.011267613359282147,0.0,0.0,0.06854698466569831,0.05783085028013706,0.04455189164125354,0.07506827513792323
TCGA-TQ-A7RO-01A,svr,0.7287848963864682,0.02042720157804223,0.0,0.0,0.019193524214193233,0.08718169084603603,0.001755948160764078,0.14265673881449636
TCGA-TQ-A7RP-01A,svr,0.3695289893086891,0.03714973563082628,0.0,0.0,0.03093838082625955,0.10971003354582222,0.2444484743383482,0.20822438635005464
TCGA-TQ-A7RQ-01A,svr,0.8585494203456642,0.0012122270653638538,0.0,0.0,0.057571012771727256,0.03462382251880012,0.0022614335074318424,0.04578208379101264
TCGA-TQ-A7RR-01A,svr,0.5011252331589542,0.0659798420225305,0.0,0.0,0.06708335194618982,0.036915807361776826,0.24697486303031546,0.0819209024802332
TCGA-TQ-A7RS-01A,svr,0.6446382377585774,0.012649994494992878,0.0,0.0,0.062610013854954,0.05582828256570793,0.12765224308375905,0.09662122824200865
TCGA-TQ-A7RU-01A,svr,0.8225119474970098,0.0,0.0,0.0,0.0661315102110481,0.05072435628931774,0.023962558165426306,0.03666962783719803
TCGA-TQ-A7RV-01A,svr,0.7477626456879858,0.021550768132506087,0.0,0.0006222657393130945,0.028185717591220023,0.04343354790670312,0.09942224809337366,0.05902280684889831
TCGA-TQ-A7RV-02A,svr,0.533694468922234,0.08425628018460005,0.0,0.0,0.03418265802065857,0.03981137316520897,0.13645126512670352,0.17160395458059477
TCGA-TQ-A7RW-01A,svr,0.6779363597584324,0.10610092558632733,0.0,0.0,0.05436214143935867,0.05501443737157494,0.05494750099247707,0.05163863485182975
TCGA-TQ-A8XE-01A,svr,0.703826745024274,0.04272458388757988,0.0,0.0,0.097643433449531,0.042514593877191684,0.05838267859121521,0.05490796517020825
TCGA-TQ-A8XE-02A,svr,0.580736898513968,0.07783720346418571,0.0,0.00030030675737786623,0.01672131075521103,0.06871238317299137,0.1878294588175313,0.06786243851873464
TCGA-VM-A8C8-01A,svr,0.6844058197757661,0.0598178295797614,0.0,0.0,0.07343615659234654,0.030427082497328842,0.06974009848295991,0.0821730130718373
TCGA-VM-A8C9-01A,svr,0.6181198661188813,0.13882276196370252,0.0,0.0,0.11748204419626403,0.05891645846527256,0.03190612271838651,0.034752746537493176
TCGA-VM-A8CA-01A,svr,0.5950405676881276,0.04011745954110942,0.0,0.0,0.10630678373589537,0.1245632264462375,0.0053639920022395,0.1286079705863904
TCGA-VM-A8CB-01A,svr,0.8755925103666243,0.006923877299549071,0.0,0.0005223040480236795,0.05312801413085413,0.03967390953598017,0.003903830069779426,0.020255554549189217
TCGA-VM-A8CD-01A,svr,0.7024695091889072,0.09281212248907,0.0,0.0,0.0,0.04461176733016965,0.004274308541733748,0.15583229245011945
TCGA-VM-A8CE-01A,svr,0.44467064389548544,0.02630212863385007,0.0,0.0,0.08634203853083272,0.05520293345830669,0.2697026104656899,0.11777964501583528
TCGA-VM-A8CF-01A,svr,0.2991800463068307,0.26163556279445777,0.0,0.0,0.18660802242002017,0.057213917227360966,0.10866974203821357,0.08669270921311685
TCGA-VM-A8CH-01A,svr,0.5493709815995259,0.11564008102674082,0.0,0.0010707440484349785,0.061467800341472055,0.08482828429756445,0.09255475353171315,0.09506735515454866
TCGA-VV-A829-01A,svr,0.8527036168820934,0.03770336743547602,0.0,0.0,0.05120097537799973,0.05056871786526466,0.0,0.007823322439166247
TCGA-VV-A86M-01A,svr,0.6126543911969238,0.08027486374761178,0.0,0.0,0.21732942404768013,0.0840100115909909,2.155825882831056e-06,0.0057291535909105625
TCGA-VW-A7QS-01A,svr,0.8221143068450717,0.005430306683437549,0.0,0.0,0.08384873485707876,0.05441886179845009,0.00776842345695718,0.026419366359004777
TCGA-VW-A8FI-01A,svr,0.8388879655737532,0.050861855839136785,0.0,0.0,0.013503740467208529,0.02334134767716198,0.03882598497465488,0.03457910546808467
TCGA-W9-A837-01A,svr,0.7091331800942414,0.0,0.0,0.0,0.07955201124299192,0.01401427026795841,0.04395553190126244,0.1533450064935457
TCGA-WH-A86K-01A,svr,0.7169008947686271,0.03472255010086136,0.0,0.001320702046557892,0.047701534921556356,0.07312526326250443,0.028693669058961004,0.09753538584093191
TCGA-WY-A858-01A,svr,0.42439308280916765,0.1663018125986997,0.0,0.0,0.05112382075884133,0.18852206293375734,0.12399545917706602,0.045663761722468
TCGA-WY-A859-01A,svr,0.7566721423061336,0.01724079306923949,0.0,0.0,0.021943399853371317,0.03854501044256169,0.058269326273903944,0.10732932805478987
TCGA-WY-A85A-01A,svr,0.6795288673916319,0.031778526291872715,0.0,0.0,0.08574955554122474,0.029784177384304795,0.032549055171555104,0.14060981821941076
TCGA-WY-A85B-01A,svr,0.605996060516739,0.12392481463166753,0.0,0.0003054940604414543,0.09119585157165376,0.0792824223400695,0.06543741591147123,0.03385794096795753
TCGA-WY-A85C-01A,svr,0.7386443672794676,0.03408853513050546,0.0,0.0,0.13323211520727726,0.0677069326301059,0.0,0.026328049752643762
TCGA-WY-A85D-01A,svr,0.618226626074583,0.10160552288034841,0.0,0.0,0.014701730363275134,0.027890134873448245,0.10597680230869803,0.13159918349964708
TCGA-WY-A85E-01A,svr,0.8807304133401268,0.012897936550547032,0.0,0.0,0.03807008258571104,0.025389681837640486,0.00223143753970352,0.04068044814627104
TCGA-CS-4938-01B,cibersortx,0.6486536112335054,0.07112579527601516,0.0034978384848235494,0.0009866526402048464,0.05378356294066625,0.0110868969728108,0.056903519838770324,0.15396212261320358
TCGA-CS-4941-01A,cibersortx,0.644905523368155,0.08003738549134733,0.0,0.0,0.0,0.1345897200272139,0.06754940507670341,0.0729179660365804
TCGA-CS-4942-01A,cibersortx,0.5316087130404148,0.24762116486074473,0.0,0.0015590435523785058,0.01741095524981374,0.016623603845400677,0.11113916769925403,0.07403735175199366
TCGA-CS-4943-01A,cibersortx,0.7167635920547824,0.08753485889528267,0.0,0.0,0.07341957200233128,0.04296364613242303,0.05367017126826691,0.025648159646913693
TCGA-CS-4944-01A,cibersortx,0.5404114037178028,0.0505151214993979,0.07282325908252077,0.04374843109618464,0.04898934523214016,0.0,0.05343009427353691,0.19008234509841682
TCGA-CS-5390-01A,cibersortx,0.6096557836983846,0.00477653203532981,0.0,0.0,0.10883105188874896,0.05387449719333151,0.1857804674257007,0.03708166775850453
TCGA-CS-5393-01A,cibersortx,0.4998023536270262,0.09346964641929532,0.0,0.0,0.09086890975698636,0.04549203499743197,0.16839224142140427,0.10197481377785589
TCGA-CS-5394-01A,cibersortx,0.8122308397797525,0.0,0.0,0.006352777915801698,0.04707854013010913,0.06581090003291859,0.007367853388493344,0.061159088752924716
TCGA-CS-5395-01A,cibersortx,0.5234697925048523,0.02767960781759592,0.009263573924931962,0.0,0.01372001217409363,0.06258701014375177,0.10522041406582283,0.2580595893689517
TCGA-CS-5396-01A,cibersortx,0.7234566644383923,0.02037104962648021,0.0,0.0,0.0,0.05338648660713745,0.16564828393230427,0.03713751539568595
TCGA-CS-5397-01A,cibersortx,0.6561657525927019,0.08241597123427187,0.0,0.0,0.0,0.035106580532528395,0.10597358430194702,0.12033811133855075
TCGA-CS-6186-01A,cibersortx,0.5851832564151364,0.05491905246048839,0.006034645493362948,0.0,0.0,0.05685142569021344,0.0,0.297011619940799
TCGA-CS-6188-01A,cibersortx,0.654305419733399,0.08996885894784053,0.0,0.0,0.0,0.11170047924366087,0.06937389501395706,0.07465134706114263
TCGA-CS-6290-01A,cibersortx,0.45645483026817435,0.22435252166723563,0.0,0.0,0.03615123559092172,0.01897808730847905,0.16116164091159818,0.102901684253591
TCGA-CS-6665-01A,cibersortx,0.3799908266914417,0.2617388453873186,0.0,0.0010333361553978135,0.005450240034996163,0.07431095123131376,0.2679873252360311,0.009488475263500898
TCGA-CS-6666-01A,cibersortx,0.6912207777963826,0.03662110790546293,0.0,0.0012330551226728793,0.04647596416391944,0.18576886704973725,0.0038872323527244785,0.03479299560910049
TCGA-CS-6667-01A,cibersortx,0.5677770417890763,0.045990274767040144,0.0,0.0,0.08087234958672436,0.2146076150223264,0.03259765951070653,0.058155059324126304
TCGA-CS-6668-01A,cibersortx,0.7891183174797078,0.0,0.0,0.0,0.07787918848834395,0.018295638715603153,0.08041575368889867,0.034291101627446315
TCGA-CS-6669-01A,cibersortx,0.42497618855466923,0.0,0.0,0.0,0.040197341442726776,0.04413244041856733,0.22809156767060862,0.262602461913428
TCGA-CS-6670-01A,cibersortx,0.7620108103751498,0.0023025227064468537,0.0,0.0,0.060836823825747025,0.030119829374633412,0.03624997121207366,0.10848004250594928
TCGA-DB-5270-01A,cibersortx,0.5923367575392161,0.06480356176235717,0.0,0.0,0.031028809239605274,0.01888253351778275,0.1466857752620017,0.1462625626790369
TCGA-DB-5273-01A,cibersortx,0.589169317823782,0.12464794910222494,0.020585900657166464,0.0,0.07136464201638414,0.027570709406397578,0.07515888820819014,0.09150259278585483
TCGA-DB-5274-01A,cibersortx,0.39799643804889295,0.03755667121005634,0.0014066259116303234,0.0,0.3901593993862679,0.09324508466913893,0.07030131381504252,0.009334466958971015
TCGA-DB-5275-01A,cibersortx,0.8347588974581922,0.04855203388923486,0.0,0.0,0.015373785930324534,0.020913601240519292,0.004375943766889306,0.07602573771483974
TCGA-DB-5276-01A,cibersortx,0.36752084126680273,0.09454864361589979,0.0,0.0,0.0,0.042574783781955616,0.42843086646388523,0.06692486487145664
TCGA-DB-5277-01A,cibersortx,0.5863992713450787,0.02148481895217235,0.02606746467507592,0.0,0.11362348278708043,0.04039212613337329,0.16580661814272216,0.046226217964497225
TCGA-DB-5278-01A,cibersortx,0.7255077183825568,0.01674021261387866,0.0,0.0,0.0032919342945382725,0.02694960296946191,0.12188429273348209,0.10562623900608233
TCGA-DB-5280-01A,cibersortx,0.688196948916031,0.03745314558423399,0.0,0.0,0.06567416325027094,0.050520687197958755,0.049496179205474465,0.10865887584603098
TCGA-DB-5281-01A,cibersortx,0.7140582166888142,0.04481419155431306,0.0,0.0,0.022121179918772164,0.11730943129095026,0.023505965312004926,0.07819101523514542
TCGA-DB-A4X9-01A,cibersortx,0.650972516983348,0.03663007143125695,0.0,0.0,0.047415117284032124,0.02001780381610152,0.04781092821412936,0.19715356227113198
TCGA-DB-A4XA-01A,cibersortx,0.6712719264700592,0.03458318368278712,0.0,0.0,0.02549304102594483,0.06779273532538839,0.1095067537392026,0.0913523597566179
TCGA-DB-A4XB-01A,cibersortx,0.8125692252534255,0.029352254812915514,0.0,0.0,0.009559874459850206,0.0,0.06679486363103058,0.08172378184277831
TCGA-DB-A4XC-01A,cibersortx,0.7714537339682516,0.07427894304955002,0.0,0.0,0.013614150508386009,0.02360165808031577,0.019157894138002247,0.09789362025549439
TCGA-DB-A4XD-01A,cibersortx,0.648252899300216,0.0363083636357002,0.0,0.00029935380429068866,0.0625982288852596,0.028838829030138947,0.13303003073046119,0.09067229461393347
TCGA-DB-A4XE-01A,cibersortx,0.7757347625373515,0.02576449001178238,0.0,0.0,0.018414434988879444,0.00807650848331451,0.09988565826963393,0.07212414570903827
TCGA-DB-A4XF-01A,cibersortx,0.7971819904529226,0.03687097962041468,0.0,0.0002362493330360765,0.0005478669031811653,0.08631084771077749,0.017546043479861516,0.061306022499806524
TCGA-DB-A4XG-01A,cibersortx,0.795442929208991,0.0,0.0,0.0,0.10780547948154275,0.023653145726402314,0.02248129436342347,0.050617151219640444
TCGA-DB-A4XH-01A,cibersortx,0.3902843734085448,0.0,0.015034624952170889,0.0,0.09497886189557957,0.09810617760527367,0.2446232393445316,0.15697272279389957
TCGA-DB-A64L-01A,cibersortx,0.7580821091563023,0.03534763429409893,0.0,0.0,0.035941129435272993,0.042300079855780735,0.018812907838384737,0.10951613942016032
TCGA-DB-A64O-01A,cibersortx,0.4966503419944747,0.041339179534188815,0.0,0.0014936695247724265,0.0,0.09032164762763499,0.16925607600964654,0.2009390853092825
TCGA-DB-A64P-01A,cibersortx,0.6691478801095582,0.035676033656228276,0.0,0.0,0.01581855267355879,0.1277177692764352,0.0985192483883078,0.053120515895911685
TCGA-DB-A64Q-01A,cibersortx,0.7953714067728976,0.012283420063653364,0.0,0.001825047731943743,0.0,0.0023732202147494744,0.06996338915094734,0.11818351606580839
TCGA-DB-A64R-01A,cibersortx,0.7481975020003604,0.007485162619245876,0.0,0.008954754059231226,0.09985817943325781,0.027435157943746912,0.03988724880299482,0.06818199514116295
TCGA-DB-A64S-01A,cibersortx,0.4949698112120654,0.19390050519537289,0.0,0.002249302159381827,0.05357296626936818,0.06836660740144448,0.11682935182630477,0.07011145593606251
TCGA-DB-A64U-01A,cibersortx,0.4228264014444188,0.010591719611296662,0.0,0.0011861412746861436,0.03666730386182505,0.029941762860348334,0.4488641577701994,0.04992251317722555
TCGA-DB-A64V-01A,cibersortx,0.41141164892836724,0.08961306707678936,6.439864672578136e-05,0.0,0.039223661523256896,0.0395875907461665,0.3636640341591245,0.05643559891956975
TCGA-DB-A64W-01A,cibersortx,0.737322731931686,0.0,0.0,0.0,0.09383253969034683,0.04127741099757726,0.09261380013814306,0.03495351724224695
TCGA-DB-A64X-01A,cibersortx,0.6904921368706597,0.02017170723648313,0.0,0.0004825965788242269,0.09305295288590597,0.07154492153423091,0.004994890051375287,0.11926079484252086
TCGA-DB-A75K-01A,cibersortx,0.7311572481626438,0.06186292065468395,0.0,0.0,0.004881893194855572,0.098774237126975,0.0660389310233795,0.037284769837462005
TCGA-DB-A75L-01A,cibersortx,0.6483749247426575,0.058767286240868834,0.0,0.0,0.07380945740270783,0.07721168133604056,0.07112938840802897,0.07070726186969643
TCGA-DB-A75M-01A,cibersortx,0.6994052569053617,0.05217929518869524,0.0,0.0,0.003965088275057481,0.02438220514230888,0.10211852090689764,0.11794963358167909
TCGA-DB-A75O-01A,cibersortx,0.7364559157057576,0.0693001667404096,0.0,0.0,0.037613429990436195,0.0,0.04458342535693002,0.11204706220646651
TCGA-DB-A75P-01A,cibersortx,0.7390467782653537,0.023650172538675518,0.0,0.0,0.0,0.03860903219909602,0.04307762719714087,0.15561638979973388
TCGA-DH-5140-01A,cibersortx,0.863222365129365,0.018521133645850313,0.0,0.0,0.04037225229307336,0.023196942946694065,0.02729143078388081,0.02739587520113647
TCGA-DH-5142-01A,cibersortx,0.6441494309443145,0.2117367698462437,0.0,0.0,0.06412190852271539,0.03338509245539367,0.0045752605169714355,0.04203153771436115
TCGA-DH-5143-01A,cibersortx,0.7236148378125717,0.05822487612907474,0.0,0.0,0.033596791625475575,0.020174569519168194,0.038823482116956125,0.12556544279675352
TCGA-DH-5144-01A,cibersortx,0.8142404730658773,0.009297504829357175,0.0,0.0,0.06665124100479725,0.032442380736770304,0.016763009312535774,0.060605391050662226
TCGA-DH-A669-01A,cibersortx,0.8511694970283086,0.03889746109964096,0.0,0.00010112986083333157,0.02544140466808312,0.05900073831400593,0.015331606122524625,0.010058162906603293
TCGA-DH-A669-02A,cibersortx,0.7210383064814686,0.035371927145460336,0.0,0.0,0.08913999677618928,0.12955038249667608,0.019016261260651094,0.00588312583955473
TCGA-DH-A66B-01A,cibersortx,0.6110630550329704,0.2019577741308236,0.0017154686910977129,0.01919442535625944,0.0337482486530436,0.09098349253953432,0.0,0.04133753559627085
TCGA-DH-A66D-01A,cibersortx,0.7403300144580728,0.10142215221335747,0.0,0.0,0.029477034305998788,0.04069903315067551,0.010833144579381625,0.07723862129251373
TCGA-DH-A66F-01A,cibersortx,0.6957683440703505,0.008761116109836367,0.0,0.0,0.017237790361789258,0.023143279296427153,0.0683024016767421,0.18678706848485457
TCGA-DH-A66G-01A,cibersortx,0.7247035740865823,0.11595729871484284,0.0,0.0002456675518685607,0.0,0.03548611776251685,0.0,0.12360734188418951
TCGA-DH-A7UR-01A,cibersortx,0.5287832963529664,0.0,0.0,0.0,0.1514599352292564,0.2687458393494665,0.01870347665047849,0.03230745241783229
TCGA-DH-A7US-01A,cibersortx,0.5461968815955004,0.011262457958608673,0.0,0.0,0.07775447202007693,0.015785255568996622,0.259175535883524,0.08982539697329353
TCGA-DH-A7UT-01A,cibersortx,0.49165583485589065,0.060882975411796034,0.0,0.0,0.0816028269176327,0.03739883200930782,0.26179964611811307,0.06665988468725981
TCGA-DH-A7UU-01A,cibersortx,0.653082423992162,0.05234132023065108,0.0,0.0,0.06171550384117697,0.09452629824904163,0.10979999546238035,0.028534458224587875
TCGA-DH-A7UV-01A,cibersortx,0.551261655061836,0.10435419560535282,0.0,0.0014566093310289126,0.11505914954660539,0.048850701069439104,0.11159616967455331,0.06742151971118446
TCGA-DU-5847-01A,cibersortx,0.5852256163472016,0.17844621344010772,0.0,0.013339097209254155,0.0,0.03773603520950176,0.03967241810194621,0.1455806196919885
TCGA-DU-5849-01A,cibersortx,0.5418641144664053,0.013794191107895069,0.0,0.0,0.09115306009452204,0.030832984837436815,0.1976561115948598,0.12469953789888107
TCGA-DU-5851-01A,cibersortx,0.5184931230502566,0.026547271993532864,0.0,0.0,0.006560962439854991,0.02253037154258296,0.26595709652389604,0.15991117444987657
TCGA-DU-5852-01A,cibersortx,0.7309187832237015,0.07304627983319774,0.0,0.0006312318495725738,0.007630975060855778,0.12159753743053338,0.010077987179431987,0.056097205422706964
TCGA-DU-5853-01A,cibersortx,0.5345589150509702,0.12288844935941326,0.0,0.0008648570117718655,0.0741652809202411,0.03797121876928701,0.10415916088954129,0.1253921179987752
TCGA-DU-5854-01A,cibersortx,0.42108019088355575,0.060346160113422045,0.0,0.0,0.0,0.06600103731828079,0.4006243691881542,0.0519482424965871
TCGA-DU-5855-01A,cibersortx,0.6979323345913081,0.11503747356355566,0.0,0.0,0.06318495682842609,0.06636327809642231,0.005202654142101703,0.052279302778186196
TCGA-DU-5870-02A,cibersortx,0.797307943447413,0.010853060942690267,0.0,0.0019526708928209796,0.024328718130978658,0.07892212113473798,0.04957022626090754,0.03706525919045157
TCGA-DU-5871-01A,cibersortx,0.7118502757024008,0.06773538483687362,0.0,0.0,0.061771357395805485,0.036097252747992546,0.00373476833429742,0.11881096098263014
TCGA-DU-5872-01A,cibersortx,0.6050693098061667,0.08718312489667676,0.0037547792584129375,0.0,0.06932291067502988,0.10539710245830737,0.06525463839238373,0.06401813451302257
TCGA-DU-5872-02A,cibersortx,0.15124132369896728,0.3324743990180474,0.023041711645223235,0.007369997021873088,0.039382121403014544,0.06602567243812901,0.35149637724342325,0.028968397531322146
TCGA-DU-6392-01A,cibersortx,0.7195918783663354,0.09342824477170407,0.0,0.0004939777067124098,0.010330280855910137,0.09881381368558712,0.06479496202641237,0.012546842587338382
TCGA-DU-6393-01A,cibersortx,0.7370324596911361,0.0,0.0,0.0,0.1276497660676748,0.06147179105045617,0.03721689078241289,0.03662909240832005
TCGA-DU-6394-01A,cibersortx,0.887874521153475,0.010291734330869102,0.0,0.0,0.0010542663650891862,0.07308417488706308,0.0,0.027695303263503675
TCGA-DU-6395-01A,cibersortx,0.622833752800607,0.07838672551347892,0.0,0.0,0.09677051411912124,0.014994424361362328,0.10206349688340312,0.0849510863220274
TCGA-DU-6396-01A,cibersortx,0.4943007324012644,0.34550808900842644,0.0,0.003273723862887808,0.042040607840793186,0.04708725155996246,0.05166193455981971,0.016127660766845846
TCGA-DU-6397-01A,cibersortx,0.7097800706149076,0.01831393777633607,0.0,0.0,0.0,0.09339758853200132,0.07638093701734168,0.10212746605941336
TCGA-DU-6397-02A,cibersortx,0.6407500836381171,0.0,0.0,0.0026903652810551263,0.09599261812823112,0.2242263991805679,0.03200980466894601,0.004330729103082676
TCGA-DU-6399-01A,cibersortx,0.7170039484997028,0.08769784883110748,0.0,0.0,0.01626737884297198,0.04948703452560585,0.050848761148320876,0.0786950281522911
TCGA-DU-6400-01A,cibersortx,0.8287824760843105,0.0019376907873220742,0.0,0.0,0.08785450275543198,0.03606486486095547,0.012091543730956642,0.0332689217810233
TCGA-DU-6401-01A,cibersortx,0.5526749414595652,0.036895594515279864,0.0,0.0,0.12417355868774921,0.21170576449528475,0.0,0.07455014084212103
TCGA-DU-6402-01A,cibersortx,0.6082310756599743,0.1792510506020521,0.0,0.0,0.0,0.13608323487291024,0.0,0.07643463886506334
TCGA-DU-6403-01A,cibersortx,0.6678578879996028,0.07754830459664838,0.0,0.0,0.0,0.020904280012902048,0.21804402513292553,0.015645502257921187
TCGA-DU-6404-01A,cibersortx,0.6942362837348748,0.03058273670303413,0.0,0.0,0.06637105983803919,0.16122471322694504,0.0,0.04758520649710693
TCGA-DU-6405-01A,cibersortx,0.8098363494179378,0.052090807308881236,0.0,0.0,0.0,0.023376939287648592,0.0054575306223100025,0.10923837336322226
TCGA-DU-6406-01A,cibersortx,0.7922522119228494,0.05929342407893746,0.0,0.0013166288734408863,0.0,0.10696154360474591,0.0,0.04017619152002612
TCGA-DU-6407-01A,cibersortx,0.7772954378282224,0.03883673629275839,0.0,0.0,0.03004087938168063,0.03481830833083259,0.0525948301946574,0.06641380797184855
TCGA-DU-6408-01A,cibersortx,0.7338340756476195,0.07025667073684565,0.0,0.0,0.06228547341701436,0.02177289099345685,0.008428291168669763,0.10342259803639389
TCGA-DU-6410-01A,cibersortx,0.7634684376022308,0.0,0.0,0.0,0.15983717000984407,0.04234921031809735,0.027794719999822543,0.006550462070005298
TCGA-DU-6542-01A,cibersortx,0.6296632525731615,0.11877936070697462,0.0,0.00183195144332708,0.026596638484921577,0.02939489042596832,0.1409479517512015,0.05278595461444546
TCGA-DU-7006-01A,cibersortx,0.7367808380531875,0.1679648720762674,0.0,0.0,0.0,0.02432885267235572,0.034266352524424684,0.03665908467376462
TCGA-DU-7007-01A,cibersortx,0.5361857628531979,0.20762970929581032,0.0,0.006294209602291091,0.13778740769557649,0.05199048151362778,0.023592335348448578,0.03652009369104778
TCGA-DU-7008-01A,cibersortx,0.781887218516576,0.013531118499187422,0.0,0.0,0.1261936488987898,0.0031390049191153515,0.015864540340493814,0.05938446882583752
TCGA-DU-7009-01A,cibersortx,0.5811056070928814,0.007039685692151194,0.0,0.0,0.05581914207450893,0.03525190410342319,0.26040532622587886,0.06037833481115635
TCGA-DU-7010-01A,cibersortx,0.6654454043658927,0.031316181698923584,0.0,0.0,0.009756371369772898,0.05269600310206755,0.21304064735752384,0.02774539210581951
TCGA-DU-7011-01A,cibersortx,0.5109937282222747,0.15667555157553026,0.0,0.0,0.05896769530513823,0.13375663424558107,0.0626678219245596,0.07693856872691611
TCGA-DU-7012-01A,cibersortx,0.5773363330295126,0.27822912378550385,0.0,0.007468951438238473,0.0,0.02840483184937963,0.017621345682963294,0.09093941421440224
TCGA-DU-7013-01A,cibersortx,0.9037526400407373,0.03497740999460927,0.0,0.0,0.0,0.035514194849204817,0.0044507037296439055,0.02130505138580469
TCGA-DU-7014-01A,cibersortx,0.663519949748172,0.027790558805543875,0.0,0.0,0.13974604908577581,0.12644020743515635,0.015864541025418965,0.026638693899933088
TCGA-DU-7015-01A,cibersortx,0.6850641569864292,0.16496016989086001,0.000681338834908885,0.0,0.04771746434945504,0.024063482863990314,0.00024192494369263236,0.07727146213066395
TCGA-DU-7018-01A,cibersortx,0.7315599019426413,0.0,0.0,0.0,0.1270709423668853,0.11447334254855115,0.009531788918538536,0.017364024223383706
TCGA-DU-7019-01A,cibersortx,0.6254059802320885,0.0763554122319171,0.0,0.0,0.045702972476356685,0.09921328864128859,0.006125922484468799,0.1471964239338805
TCGA-DU-7292-01A,cibersortx,0.8455014436077948,0.011989647405829086,0.0,0.0,0.0,0.043904775730376315,0.01703028956310758,0.08157384369289215
TCGA-DU-7294-01A,cibersortx,0.659837039566446,0.007592584732190333,0.0,0.0,0.11040229666848946,0.030677874332300566,0.15052095141822705,0.0409692532823466
TCGA-DU-7298-01A,cibersortx,0.5425856586294857,0.05233779660415736,0.0,0.0,0.05417338743502487,0.020849542636152924,0.2707952696143582,0.05925834508082103
TCGA-DU-7299-01A,cibersortx,0.6019051384370401,0.05747434131305566,0.0,0.0,0.037742742821983984,0.025214127304964154,0.2019892944942309,0.0756743556287252
TCGA-DU-7300-01A,cibersortx,0.7067470327881811,0.02208504330932337,0.0,0.0,0.04767635085051175,0.027280043053763258,0.10338414921636647,0.09282738078185401
TCGA-DU-7301-01A,cibersortx,0.49550209404671547,0.1269068304055332,0.0,0.0,0.07889171503450855,0.05500815567780744,0.20816911125415039,0.03552209358128493
TCGA-DU-7302-01A,cibersortx,0.820990435104841,0.007035783430256658,0.0,0.0,0.0,0.02515135926319232,0.04098346059410673,0.1058389616076032
TCGA-DU-7304-01A,cibersortx,0.6468060644806346,0.07079326409686329,0.0,0.0,0.00552647911814046,0.07712733484450972,0.07439120384291494,0.12535565361693704
TCGA-DU-7304-02A,cibersortx,0.3460764846278355,0.0,0.0,0.0,0.6040394695856514,0.029723453546362563,0.0150033074850719,0.005157284755078662
TCGA-DU-7306-01A,cibersortx,0.6395808486466179,0.05322126533551357,0.0,0.0,0.0457267332549654,0.09831654334485988,0.05271925856293883,0.11043535085510445
TCGA-DU-7309-01A,cibersortx,0.6749049933847261,0.03547219033895663,0.0,0.0,0.07946058412616301,0.050548950996646504,0.021864751397803032,0.1377485297557048
TCGA-DU-8158-01A,cibersortx,0.5874939926517407,0.11934113140641799,0.0,0.0,0.0,0.02415687266501239,0.20967341921470048,0.05933458406212855
TCGA-DU-8161-01A,cibersortx,0.4822131018462366,0.17247240367627303,0.033829276661488494,0.014336393095665588,0.0,0.047195139534426125,0.03376398612501443,0.21618969906089575
TCGA-DU-8162-01A,cibersortx,0.41257375064651025,0.021579596872025427,0.0,0.0,0.0,0.04644851870126004,0.4183469329273287,0.1010512008528757
TCGA-DU-8163-01A,cibersortx,0.5421738481194089,0.10577513961670776,0.0,0.0013553239189614873,0.0403235692118778,0.04483847910146145,0.19578436977690314,0.06974927025467963
TCGA-DU-8164-01A,cibersortx,0.8024953898259656,0.003118209786000896,0.0,0.0,0.06570900937612847,0.026675080452315435,0.03733424706003751,0.06466806349955204
TCGA-DU-8165-01A,cibersortx,0.6674242944187281,0.1966304783380919,0.0,0.0013140832417121858,0.0,0.0491260834999753,0.03681163078508623,0.04869342971640614
TCGA-DU-8166-01A,cibersortx,0.7059350734873705,0.058182184690889684,0.0,0.0,0.0809579329368939,0.011475603396935945,0.021479552502521666,0.12196965298538835
TCGA-DU-8167-01A,cibersortx,0.36512058614871806,0.1785532255967325,0.0,0.0,0.07696866733705683,0.05918576684137989,0.27707156763351737,0.04310018644259542
TCGA-DU-8168-01A,cibersortx,0.8896345447352855,0.0,0.0,0.0,0.0396644192137439,0.021775650190858965,0.021595237443203137,0.027330148416908513
TCGA-DU-A5TP-01A,cibersortx,0.5024158944074779,0.36729110045621577,0.0,0.001441170811616603,0.04185888208453638,0.04331862853037694,0.028998349869507823,0.014675973840268584
TCGA-DU-A5TR-01A,cibersortx,0.38325914930250815,0.3928995642860581,0.0,0.0052858962027262524,0.048094325462239094,0.04656114267279318,0.08392894729061157,0.039970974783063856
TCGA-DU-A5TS-01A,cibersortx,0.3667879587104341,0.06232786324263458,0.0,0.0006689684172150513,0.12547549387442292,0.09625514780003945,0.291328624813298,0.05715594314195585
TCGA-DU-A5TT-01A,cibersortx,0.6031794049636489,0.06678376850221106,0.0,0.0,0.004187727111351824,0.09534900175152305,0.1134186999965127,0.11708139767475254
TCGA-DU-A5TU-01A,cibersortx,0.7261112546004657,0.1680461558204478,0.0,0.0,0.04052415217966105,0.033453489098623286,0.0,0.03186494830080219
TCGA-DU-A5TW-01A,cibersortx,0.6983779918287698,0.047790206676098596,0.0,0.0006321084654837559,0.07118251097056612,0.06695779452288345,0.06673849896634461,0.048320888569853615
TCGA-DU-A5TY-01A,cibersortx,0.5789123503109301,0.2615583571627258,0.0,0.0,0.00713273628118924,0.05518579307743848,0.0602828385963203,0.03692792457139605
TCGA-DU-A6S2-01A,cibersortx,0.6591649953061378,0.0079453837489939,0.0,0.0,0.0,0.03005550571390716,0.1880774196563576,0.11475669557460355
TCGA-DU-A6S3-01A,cibersortx,0.6508648045930301,0.0,0.0,0.0,0.16035637741258282,0.033383820942778177,0.0885921549577726,0.06680284209383641
TCGA-DU-A6S6-01A,cibersortx,0.8356322936176729,0.0005839211657184746,0.0,0.0,0.014480734168437625,0.025183967602977895,0.019629905715218235,0.10448917772997494
TCGA-DU-A6S7-01A,cibersortx,0.5362801500799366,0.15936000989639965,0.0,0.00042001710958505887,0.03704574355564016,0.04202360445391172,0.16606772221080182,0.05880275269372504
TCGA-DU-A6S8-01A,cibersortx,0.7926211946121554,0.0,0.0,0.0,0.06232527494258023,0.025806533404084585,0.08858291606239715,0.0306640809787827
TCGA-DU-A76K-01A,cibersortx,0.7899290306883283,0.0,0.0,0.0,0.0016220758307811504,0.04026799871943412,0.019905769176578065,0.14827512558487838
TCGA-DU-A76L-01A,cibersortx,0.5424260781431194,0.12555713653605102,0.0,0.0,0.0,0.1938783045869629,0.12572786829215254,0.012410612441714191
TCGA-DU-A76O-01A,cibersortx,0.6162077901091958,0.18557674016699222,0.0,0.0028414997452055335,0.06812690683928305,0.04414991399080827,0.02065381517790248,0.06244333397061257
TCGA-DU-A76R-01A,cibersortx,0.7660311709711252,0.01501432824366907,0.0,0.0,0.009438193828407437,0.048931598295094705,0.022464584031169656,0.1381201246305339
TCGA-DU-A7T6-01A,cibersortx,0.6642881686208061,0.010682037728484441,0.0,0.0,0.08851592684850078,0.07863297723222899,0.12945579922572767,0.028425090344251974
TCGA-DU-A7T8-01A,cibersortx,0.7368309055998414,0.09327887083194981,0.0,0.0,0.09545411607299795,0.03595348417097271,0.003755449577677689,0.03472717374656042
TCGA-DU-A7TA-01A,cibersortx,0.6830464118850177,0.11208251404281895,0.0,0.0,0.03871524948948222,0.14500724880493962,0.0,0.021148575777741565
TCGA-DU-A7TB-01A,cibersortx,0.23782905098076457,0.008000325557186008,0.0,0.0,0.012713310361835489,0.03538856499846103,0.6987429669674562,0.007325781134296731
TCGA-DU-A7TC-01A,cibersortx,0.6629723874447314,0.025671125273436107,0.0,0.0,0.18582380397785142,0.025798087912836158,0.022269298165324754,0.07746529722582017
TCGA-DU-A7TD-01A,cibersortx,0.6947265345015822,0.1627096681431421,0.0,0.004357472500195724,0.0,0.08557515586743607,0.012992917505035312,0.03963825148260869
TCGA-DU-A7TG-01A,cibersortx,0.5940829434761516,0.044825937469096785,0.0,0.0,0.02128794419087959,0.062184408774489545,0.08351975023646178,0.19409901585292066
TCGA-DU-A7TI-01A,cibersortx,0.6991243901559139,0.10848374431024077,0.0,0.0008879231329916553,0.03448842921911121,0.02833333847352525,0.03825917825899015,0.09042299644922713
TCGA-DU-A7TJ-01A,cibersortx,0.8447153268980346,0.05512722839836194,0.0,0.0013095938750625293,0.0,0.0699887218228124,0.0,0.028859129005728505
TCGA-E1-5302-01A,cibersortx,0.6965193760675922,0.09866557881336946,0.0,0.0,0.03942664642891853,0.02820388123255752,0.05571326116598691,0.08147125629157544
TCGA-E1-5303-01A,cibersortx,0.5353610314408251,0.1430985728580505,0.0,0.0,0.05631274195538234,0.02573139003293031,0.1761706363988718,0.06332562731393987
TCGA-E1-5304-01A,cibersortx,0.7566135465633529,0.0033530707855332605,0.003862874352882656,0.0008807566068232312,0.1337132569340431,0.022874188016714578,0.07507258294596303,0.0036297237946872024
TCGA-E1-5305-01A,cibersortx,0.6986614379365413,0.05156489125271449,0.0,0.0,0.01414828520816169,0.03624471721191334,0.06614067978508552,0.13323998860558364
TCGA-E1-5307-01A,cibersortx,0.6839601334794424,0.045078248673797325,0.0,0.0,0.06891673344482317,0.018857499835772857,0.06918983000061153,0.11399755456555269
TCGA-E1-5311-01A,cibersortx,0.7275522684466788,0.00634437249238305,0.0,0.0,0.08383656114247244,0.1020309961096563,0.024530786393147333,0.055705015415662036
TCGA-E1-5318-01A,cibersortx,0.6674919326128111,0.013067881965984221,0.0,0.0,0.07626472726468309,0.23967251633918607,0.002988597093095227,0.0005143447242402354
TCGA-E1-5319-01A,cibersortx,0.4838605338573415,0.023836372378021057,0.0,0.0,0.010898333802280943,0.0791220882359041,0.28833066095209686,0.11395201077435564
TCGA-E1-5322-01A,cibersortx,0.65705122901131,0.21912343469821902,0.0,0.0,0.0536957850097858,0.030596403806122496,0.006003188933998295,0.03352995854056449
TCGA-E1-A7YD-01A,cibersortx,0.8928733163193847,0.019936927406246727,0.0,0.0,0.0,0.04148735901224639,0.0,0.04570239726212224
TCGA-E1-A7YE-01A,cibersortx,0.5398166992343131,0.3304310738057026,0.0,0.0,0.0,0.07046421341751784,0.020214289225508195,0.039073724316958255
TCGA-E1-A7YH-01A,cibersortx,0.40154911512506697,0.047261536396127096,0.0,0.008562843223375338,0.1302838481781955,0.04264899958241705,0.30452073898521154,0.06517291850960644
TCGA-E1-A7YI-01A,cibersortx,0.6261226503235291,0.03170904272571225,0.0,0.008911550344093641,0.08017148673626695,0.1405929651249618,0.1105561747546602,0.0019361299907761926
TCGA-E1-A7YJ-01A,cibersortx,0.6235665465489273,0.16463972423261447,0.0006250544220307686,0.001975601260501904,0.0005946265122025237,0.09097497384634334,0.07255773459736803,0.04506573858001166
TCGA-E1-A7YK-01A,cibersortx,0.28911891973006804,0.1980573693925606,0.0,0.0015513558155128358,0.029843804912242197,0.022131678468838345,0.4345134711736119,0.024783400507166087
TCGA-E1-A7YL-01A,cibersortx,0.8406364242076219,0.12216923124597438,0.0,0.0,0.0,0.020192501004860974,0.0,0.01700184354154273
TCGA-E1-A7YM-01A,cibersortx,0.3820769624476445,0.011440054202978023,0.0,0.001333494188984261,0.040405795043361156,0.029158380170330362,0.4308477546056428,0.10473755934105886
TCGA-E1-A7YN-01A,cibersortx,0.24546336420354523,0.4390143271488872,0.022115504668671584,0.0013358096098496927,0.0,0.13125769276993812,0.10175626659417533,0.05905703500493275
TCGA-E1-A7YO-01A,cibersortx,0.6674985655124258,0.0,0.0,0.00858127227715065,0.12053555904738766,0.09942364467177112,0.010488622779168282,0.09347233571209654
TCGA-E1-A7YQ-01A,cibersortx,0.5807569409311171,0.24507615812328484,0.0,0.00861208016035945,0.0,0.10453056847302637,0.0,0.06102425231221228
TCGA-E1-A7YS-01A,cibersortx,0.889005545725814,0.004491865369942474,0.0,0.0,0.04094136043639583,0.03271089199216183,0.013531852486543136,0.019318483989142595
TCGA-E1-A7YU-01A,cibersortx,0.5439245527524694,0.03097272765384767,0.0,0.0,0.13295239511895432,0.03633606624034078,0.16175192020390788,0.09406233803047988
TCGA-E1-A7YV-01A,cibersortx,0.7857843467368445,0.0,0.0,0.0,0.07485402057819053,0.09698002906816913,0.00714041262457883,0.03524119099221707
TCGA-E1-A7YW-01A,cibersortx,0.7328337459703023,0.06019672362154714,0.0,0.0014106300761084726,0.07182452716563187,0.005511355152869195,0.02157959111041041,0.10664342690313068
TCGA-E1-A7YY-01A,cibersortx,0.6970253016273145,0.036387687592521846,0.0,0.0,0.0,0.06507803341495542,0.05598023007794315,0.1455287472872652
TCGA-E1-A7Z2-01A,cibersortx,0.6260865229932324,0.0159478468459483,0.0,0.0,0.0,0.040941662382700326,0.11158408565564838,0.20543988212247052
TCGA-E1-A7Z3-01A,cibersortx,0.6848244847836125,0.037821367877831163,0.0,0.0,0.0040428756127975606,0.0862432897589098,0.05297541942335775,0.13409256254349125
TCGA-E1-A7Z4-01A,cibersortx,0.6308818463910956,0.09833420464108167,0.0,0.011697095862894646,0.027442769878254832,0.04987831042954954,0.0026930662190892563,0.17907270657803445
TCGA-E1-A7Z6-01A,cibersortx,0.6508620865496684,0.034132341670603666,0.0,0.0037223731397054115,0.0,0.02452862360481235,0.011454156897792465,0.27530041813741774
TCGA-EZ-7264-01A,cibersortx,0.885686247068293,0.0041842430011642204,0.0,0.0,0.010547612188587338,0.013478215770496313,0.03211102203458369,0.053992659936875444
TCGA-F6-A8O3-01A,cibersortx,0.8407777338876423,0.0,0.0,0.0,0.08062349902650746,0.04017646811095488,0.0068408046660878635,0.03158149430880751
TCGA-F6-A8O4-01A,cibersortx,0.6712165830172123,0.015517617896898187,0.0,0.0,0.10151576981040823,0.04107744135137998,0.053266409671320784,0.11740617825278046
TCGA-FG-5962-01B,cibersortx,0.8134345781849076,0.015879094803181854,0.0,0.0,0.0,0.01805077910892477,0.03457497660623164,0.11806057129675403
TCGA-FG-5963-01A,cibersortx,0.3283751407912325,0.19247808341792294,0.0,0.024336617461490583,0.0,0.0509267408081149,0.3782941135377119,0.025589303983527146
TCGA-FG-5963-02A,cibersortx,0.6374739129365381,0.05524346717730869,0.03344404445800613,0.10377642869380528,0.0,0.02837367880212057,0.1416884679322212,0.0
TCGA-FG-5964-01A,cibersortx,0.6276136601055637,0.08331685680918041,0.0,0.0,0.05281733613865457,0.05990068105160153,0.10749429230489727,0.06885717359010246
TCGA-FG-5965-01B,cibersortx,0.7700961819976521,0.052526246407460585,0.0,0.0,0.006447437721557653,0.0446531066591335,0.01096398180607948,0.1153130454081168
TCGA-FG-6688-01A,cibersortx,0.4695506330967503,0.12468993146614056,0.0,0.0,0.003963113321847077,0.053792457274819135,0.2711088314147457,0.07689503342569726
TCGA-FG-6689-01A,cibersortx,0.572199637759361,0.07389384984008744,0.0,0.0,0.05845603967657439,0.024246766264035633,0.1280363363584187,0.14316737010152272
TCGA-FG-6690-01A,cibersortx,0.7155844806667678,0.07616447860463499,0.0,0.0,0.05977326423698131,0.02156427810945134,0.011686537899722294,0.11522696048244216
TCGA-FG-6691-01A,cibersortx,0.5610379109336694,0.22970614335937944,0.0,0.0,0.04541076246601507,0.07720611313438659,0.022431058907012774,0.06420801119953667
TCGA-FG-6692-01A,cibersortx,0.7705714416285079,0.05145977707154707,0.0,0.0028595700670826668,0.005967540092124428,0.1435518690638338,0.0,0.025589802076904287
TCGA-FG-7634-01A,cibersortx,0.5750881261261297,0.08434694380000587,0.0,0.0,0.0,0.12676273437490268,0.17261177302120317,0.041190422677758624
TCGA-FG-7636-01A,cibersortx,0.7338003321422012,0.03479038568144206,0.0,0.0,0.06980916460645607,0.017549500736500346,0.05213031083136807,0.09192030600203233
TCGA-FG-7638-01B,cibersortx,0.6337618612614139,0.004996821389078888,0.0,0.0,0.04346681281318202,0.05105664715188698,0.11376804886977221,0.15294980851466605
TCGA-FG-7641-01B,cibersortx,0.5880376842748568,0.0,0.0,0.0,0.026877293196228308,0.013368685214660342,0.24297717306792857,0.1287391642463259
TCGA-FG-7643-01A,cibersortx,0.4098407722511878,0.012127701131513147,0.0,0.0,0.0,0.07629732515426112,0.362393725585065,0.1393404758779729
TCGA-FG-8181-01A,cibersortx,0.7127412765255944,0.016383772485577024,0.0,0.0,1.0344200192255891e-05,0.09886316666701205,0.01993929074874596,0.15206214937287837
TCGA-FG-8182-01A,cibersortx,0.48796531560511724,0.10713649653360037,0.0,0.00020826377099373439,0.03797848981483704,0.03115370609356348,0.2742484021113651,0.06130932607052312
TCGA-FG-8185-01A,cibersortx,0.7245541147053594,0.02622348314730815,0.0,0.0045212529185914415,0.1330606675243799,0.05622720439874073,0.016309535255648704,0.03910374204997169
TCGA-FG-8186-01A,cibersortx,0.6616505753804619,0.106685874472858,0.0,0.0,0.013055120103050792,0.03567922026107852,0.05838129774386166,0.12454791203868915
TCGA-FG-8187-01A,cibersortx,0.2861975864716577,0.021515808676704613,0.0,0.0,0.01693141296554295,0.02695574553650537,0.5680235301546338,0.08037591619495546
TCGA-FG-8188-01A,cibersortx,0.412973409160396,0.06975443470956175,0.0,0.0,0.06372220504835853,0.08091541376665332,0.2966804267082575,0.0759541106067728
TCGA-FG-8191-01A,cibersortx,0.5513078549037868,0.06937540410782085,0.0,0.0,0.006102077975852599,0.021048837800081835,0.27653238185417756,0.07563344335828039
TCGA-FG-A4MT-01A,cibersortx,0.7787564778055996,0.03990371550814959,0.0,0.0005168690277216075,0.07134613131446488,0.0487081825094111,0.019176764491139642,0.04159185934351373
TCGA-FG-A4MT-02A,cibersortx,0.6379488445618468,0.03816824590631815,0.0,0.0,0.08770093268323208,0.027235774200907534,0.11046538695056526,0.0984808156971303
TCGA-FG-A4MW-01A,cibersortx,0.6161676117110213,0.025855860396431066,0.0,0.0020832114089989686,0.0,0.09364724611025092,0.21166330750162263,0.05058276287167507
TCGA-FG-A4MX-01A,cibersortx,0.6154956099093062,0.06777885538693151,0.0,0.008990058219701284,0.08540039603763849,0.17969955033602095,0.0,0.04263553011040174
TCGA-FG-A4MY-01A,cibersortx,0.5578707282146296,0.0406123254001512,0.0,0.0016419403428556852,0.02793215728838728,0.04023186336128575,0.28030205152912646,0.05140893386356393
TCGA-FG-A60J-01A,cibersortx,0.7221448623315978,0.04626930974015773,0.0,0.0,0.030215133455760837,0.007167067389590742,0.08794441634169409,0.10625921074119872
TCGA-FG-A60K-01A,cibersortx,0.7006238292598624,0.022424641934789307,0.0,0.0008687210685975186,0.053061989263077945,0.018418157544281638,0.05594541397297904,0.148657246956412
TCGA-FG-A60L-01A,cibersortx,0.45522408022916244,0.1477527007689835,0.0,0.003329085582220263,0.18043673598790833,0.03409096667955908,0.1451708953000644,0.03399553545210197
TCGA-FG-A6IZ-01A,cibersortx,0.7555645047639169,0.025470617985743568,0.0,0.0,0.16598596116461195,0.018542457006019523,0.010028849908168616,0.024407609171539335
TCGA-FG-A6J1-01A,cibersortx,0.685711149913793,0.030423945682549015,0.0,0.004444439070991776,0.1860674451813519,0.049037311322610376,0.0022083834147634007,0.04210732541394051
TCGA-FG-A6J3-01A,cibersortx,0.6376140510780296,0.1742023788544384,0.0,0.0,0.05004563492556458,0.058956271262648144,0.07789532291951919,0.0012863409598000174
TCGA-FG-A70Y-01A,cibersortx,0.5087952115472429,0.07783221102971183,0.0,0.0,0.046145213317548166,0.04546078509762961,0.20077737930075096,0.12098919970711641
TCGA-FG-A70Z-01A,cibersortx,0.7197114461044775,0.09620771703491537,0.0,0.0,0.0,0.11264233891252766,0.0011529859054577442,0.07028551204262173
TCGA-FG-A710-01A,cibersortx,0.6861486546722751,0.13086116531469155,0.0,0.0,0.05906994873213917,0.046631502192230515,0.007549000267891145,0.06973972882077241
TCGA-FG-A711-01A,cibersortx,0.7128722654160589,0.024575198751587066,0.0,0.0020679760429976875,0.042323935142232996,0.03334183158997089,0.04497615039287703,0.13984264266427562
TCGA-FG-A713-01A,cibersortx,0.6140508577506715,0.006117840662391644,0.0,0.0,0.0,0.05318582697581346,0.20560071161543636,0.12104476299568703
TCGA-FG-A87N-01A,cibersortx,0.732147251393719,0.05149197195891853,0.0,0.0,0.1230622809298635,0.040338666392614866,0.04826579194189926,0.004694037382984817
TCGA-FG-A87Q-01A,cibersortx,0.38654855883818534,0.12227661923330764,0.0,0.00034826711722068165,0.006447929360709633,0.10012310319478446,0.2830843216340925,0.1011712006216999
TCGA-FN-7833-01A,cibersortx,0.564381497290765,0.23477970036038615,0.0,0.015815006373217408,0.0017946592334577862,0.09523920204254448,0.026920177436859944,0.06106975726276925
TCGA-HT-7467-01A,cibersortx,0.31603008110574665,0.00833728787052214,0.0,0.0,0.006706292852162767,0.05005201768242646,0.5621194893706484,0.05675483111849369
TCGA-HT-7468-01A,cibersortx,0.8012046329221273,0.017007383432616315,0.0,0.0,0.02922850636751928,0.041913559969298526,0.04152345248655946,0.06912246482187911
TCGA-HT-7469-01A,cibersortx,0.7285291651910194,0.06962927165649488,0.0,0.0,0.1087294916158906,0.03873129551720545,0.024717086844229474,0.029663689175160268
TCGA-HT-7470-01A,cibersortx,0.5135451351963967,0.02334195819590059,0.0,0.0,0.023210890228119393,0.034114341795568895,0.2913937686433966,0.11439390594061784
TCGA-HT-7471-01A,cibersortx,0.7749269978124866,0.07546827024321005,0.0,0.0,0.026543276055912352,0.05434718085566594,0.022263103159784407,0.046451171872940504
TCGA-HT-7472-01A,cibersortx,0.7534421315859314,0.07493365884983073,0.0,0.0,0.0,0.014911206544825225,0.08356661225759068,0.07314639076182207
TCGA-HT-7473-01A,cibersortx,0.641141777907865,0.23256662071849352,0.0,0.0,0.012658791441325055,0.014343116830266478,0.031196490051924316,0.06809320305012555
TCGA-HT-7474-01A,cibersortx,0.43279963326976706,0.005114092578616546,0.013799156509730305,0.0,0.025074247075251584,0.02898368188796748,0.31504322242642213,0.17918596625224473
TCGA-HT-7475-01A,cibersortx,0.4825197630422676,0.0,0.0,0.00028392081340153445,0.2142015662335161,0.03355671945289084,0.14724331023063686,0.12219472022728714
TCGA-HT-7476-01A,cibersortx,0.5110862458280123,0.02696951852688956,0.0,0.0,0.10015838310213285,0.19000606988928276,0.06814692919196304,0.10363285346171935
TCGA-HT-7477-01B,cibersortx,0.7133284587649059,0.04432898861782119,0.0,0.002849753552728143,0.030177213373618974,0.1544421283249807,0.03326393154598193,0.02160952581996306
TCGA-HT-7478-01A,cibersortx,0.5481993734301037,0.25481648423391445,0.0,0.0,0.04844659714735699,0.05581054184979445,0.01920478816904599,0.07352221516978437
TCGA-HT-7479-01A,cibersortx,0.32367882311116214,0.06877961185333079,0.0,0.0,0.040085892399862225,0.03339308282276833,0.4348339140551852,0.09922867575769138
TCGA-HT-7480-01A,cibersortx,0.7980361767953651,0.0028842821307914633,0.0,0.0,0.01762243204793187,0.018589194774356745,0.079208120579818,0.0836597936717369
TCGA-HT-7481-01A,cibersortx,0.37234325148544395,0.009824799695296347,0.0,0.0,0.019855525550721058,0.030132508310644963,0.48646986982291324,0.08137404513498032
TCGA-HT-7482-01A,cibersortx,0.4922677040472875,0.12186942481480399,0.0,0.0,0.014014230651212272,0.01850077979419177,0.25178575291184047,0.10156210778066416
TCGA-HT-7483-01A,cibersortx,0.675254593521354,0.03130437524205403,0.002037818999023784,0.0001750647912768479,0.0797965053466637,0.11460199605233455,0.0,0.0968296460472931
TCGA-HT-7485-01A,cibersortx,0.5376165962365398,0.05565992349755422,0.0,0.0,0.007420110112248356,0.013961644686610085,0.1945485535148495,0.19079317195219794
TCGA-HT-7601-01A,cibersortx,0.4507310501130148,0.26181888060011566,0.0,0.0,0.0,0.02095780163766312,0.2321412679076955,0.03435099974151095
TCGA-HT-7602-01A,cibersortx,0.2500823653803353,0.03380441975204366,0.0,0.0,0.012057799011107512,0.02821903397975853,0.5519056618865438,0.1239307199902113
TCGA-HT-7603-01A,cibersortx,0.5155399965700692,0.0,0.0,0.0,0.12112542091299473,0.012217200666806318,0.22883902109919935,0.12227836075093025
TCGA-HT-7604-01A,cibersortx,0.7602048545248046,0.054244844896269975,0.0,0.0,0.06387105680013049,0.04642654917247188,0.027404498821786267,0.0478481957845369
TCGA-HT-7605-01A,cibersortx,0.5030255785937143,0.013959234109422972,0.0,0.0,0.0022594063263255983,0.01981828371798435,0.30550246520724134,0.15543503204531148
TCGA-HT-7606-01A,cibersortx,0.7589564081803678,0.030011009153665946,0.0,0.0,0.031717510946919256,0.06889917102260178,0.05995789506329937,0.0504580056331459
TCGA-HT-7607-01A,cibersortx,0.5470769472282926,0.02700432089412267,0.0,0.0,0.0,0.04326007395550555,0.20155799729983603,0.18110066062224317
TCGA-HT-7609-01A,cibersortx,0.6557605452407985,0.08935166987366804,0.0,0.0,0.11046038397502783,0.05060730725180004,0.03452097796841499,0.05929911569029052
TCGA-HT-7610-01A,cibersortx,0.6460514450578178,0.00684929924905104,0.0,0.0,0.05209869962697961,0.013646386362042818,0.14084282706327103,0.14051134264083767
TCGA-HT-7611-01A,cibersortx,0.6711366341427616,0.08121312622104719,0.0,0.0,0.05825301401452842,0.022193017435170027,0.06224214479488785,0.10496206339160483
TCGA-HT-7616-01A,cibersortx,0.5732946448155822,0.0923135155774847,0.003379787103761751,0.001621064226906006,0.019027479589716227,0.24398721119742015,0.011681408545858665,0.054694888943270285
TCGA-HT-7620-01A,cibersortx,0.21284443145477894,0.015482900650108794,0.0,0.0,0.005147317013654508,0.024891845662680392,0.6977312361450441,0.043902269073733416
TCGA-HT-7676-01A,cibersortx,0.5339774885594516,0.20355829983604842,0.0,0.0,0.09842274957152754,0.03095278577275262,0.06170844950371325,0.07138022675650649
TCGA-HT-7677-01A,cibersortx,0.6647267763040909,0.009433276213102249,0.0,0.0,0.018851570986815395,0.04497792582835412,0.15221341908133332,0.10979703158630406
TCGA-HT-7680-01A,cibersortx,0.5116414986514357,0.12846989313179386,0.0,0.012592369593237859,0.025464491271125024,0.04278747112428316,0.0,0.2790442762281243
TCGA-HT-7681-01A,cibersortx,0.6396043531419631,0.022719263567113325,0.0,0.0,0.045129718401934846,0.038300062538614975,0.10703836091643935,0.14720824143393432
TCGA-HT-7684-01A,cibersortx,0.5795960102123351,0.07815746419775728,0.0,0.001620133543035421,0.06989398954292919,0.10820751420115138,0.04393174891371077,0.11859313938908082
TCGA-HT-7686-01A,cibersortx,0.5671215253885719,0.2257108089053436,0.0,0.0,0.04368501028596232,0.031294661258269435,0.05815076055262056,0.07403723360923224
TCGA-HT-7687-01A,cibersortx,0.6747592599793701,0.02297783145069906,0.0,0.0,0.06008930441102108,0.05983107273251477,0.12621256976288384,0.05612996166351113
TCGA-HT-7688-01A,cibersortx,0.5148559339864673,0.00915556235997643,0.0,0.0,0.11970535806859366,0.020304846801027412,0.19484296066309167,0.14113533812084358
TCGA-HT-7689-01A,cibersortx,0.4502843692293355,0.04815297855823858,0.0,0.0,0.02871106613944287,0.0167511256031453,0.34085788026106484,0.11524258020877293
TCGA-HT-7690-01A,cibersortx,0.5494458200672075,0.17888848830033394,0.0,0.001819740398571305,0.03473178513849654,0.09200453525936572,0.09161975957753368,0.05148987125849127
TCGA-HT-7691-01A,cibersortx,0.5067280228809872,0.14638510590953493,0.0,0.0,0.012492157105450331,0.10587660911072196,0.0,0.2285181049933054
TCGA-HT-7692-01A,cibersortx,0.7318710400253592,0.03518468427783021,0.0,0.0,0.07425478788581101,0.03708322316597157,0.06063802780080195,0.060968236844226156
TCGA-HT-7693-01A,cibersortx,0.6069588461090988,0.19466794798465978,0.0030052670313551375,0.0005938062066853353,0.03851147811362956,0.11540278863739611,0.0,0.04085986591717523
TCGA-HT-7694-01A,cibersortx,0.5411225831532408,0.004730820882888305,0.0,0.0,0.006485974690639293,0.051555163108897385,0.25984029482356025,0.13626516334077385
TCGA-HT-7695-01A,cibersortx,0.5744604930347569,0.0063777870652871145,0.0,0.0,0.021771475825008123,0.026894073272028404,0.22751672616669463,0.1429794446362249
TCGA-HT-7854-01A,cibersortx,0.449757123206786,0.15022853921502924,0.0,0.009637842822795378,0.013261134201963475,0.03760810976185018,0.15595354253638322,0.1835537082551924
TCGA-HT-7855-01A,cibersortx,0.6820887709428998,0.04618481928372323,0.0,0.0036522775705986853,0.083365671751987,0.10832453078696574,0.006783767816401752,0.06960016184742375
TCGA-HT-7856-01A,cibersortx,0.5188549424592184,0.005995048628874377,0.0,0.0,0.015669144281073907,0.06430364761926137,0.2512896636553801,0.1438875533561918
TCGA-HT-7857-01A,cibersortx,0.23584186495230006,0.6230523302499855,0.0,0.0025472374876694725,0.0,0.09080232421060065,0.03047801933633886,0.01727822376310555
TCGA-HT-7858-01A,cibersortx,0.4733731393159647,0.11394068317732513,0.0,0.004072880437058224,0.06761136096753882,0.03255552537746574,0.24438537068560257,0.06406104003904485
TCGA-HT-7860-01A,cibersortx,0.5416517345811397,0.08449838653954121,0.03304950661218427,0.006140571011051133,0.0,0.12425306991567661,0.0,0.21040673134040702
TCGA-HT-7873-01B,cibersortx,0.5634200949291983,0.04757219549489408,0.031820285556843055,0.0,0.02534490757482745,0.032009117873712106,0.16814450264984152,0.13168889592068353
TCGA-HT-7874-01A,cibersortx,0.48985744139423065,0.0,0.0,0.0,0.006925829706180863,0.019372613375286982,0.2733854794304561,0.21045863609384532
TCGA-HT-7875-01A,cibersortx,0.7213276465964745,0.0,0.0,0.0,0.07766497781054886,0.023054452379315228,0.019249073729455078,0.15870384948420632
TCGA-HT-7877-01A,cibersortx,0.3720134920710676,0.0,0.0,0.0,0.08571606102588189,0.08041370094441719,0.3029406329850267,0.15891611297360664
TCGA-HT-7879-01A,cibersortx,0.632757614351714,0.04960132578040206,0.0,0.0008592912468441983,0.04729901652152748,0.07696131426368068,0.11297169927806078,0.07954973855777081
TCGA-HT-7880-01A,cibersortx,0.4035008137986525,0.011825330455131615,0.0,0.0,0.007810016146877875,0.050269387004691975,0.36746439371849354,0.1591300588761524
TCGA-HT-7881-01A,cibersortx,0.2596635976770475,0.0,0.0,0.0,0.007050807246409529,0.015624893409182659,0.5904296956198343,0.12723100604752602
TCGA-HT-7882-01A,cibersortx,0.1739602573720722,0.6093349469712962,0.011433913823641022,0.0,0.0,0.19011719569906055,0.0,0.015153686133929995
TCGA-HT-7884-01B,cibersortx,0.45672495657962653,0.00248439845606562,0.0,0.0,0.06106673742373574,0.018115607918729293,0.3124931386592132,0.14911516096262958
TCGA-HT-7902-01A,cibersortx,0.09890145232551155,0.006788837461672388,0.0,0.0,0.0037528359649722626,0.030717977308992013,0.8051026607360403,0.05473623620281142
TCGA-HT-8010-01A,cibersortx,0.5233997760419262,0.010001965537375547,0.013974003464677278,0.0,0.0,0.059044888148256966,0.07780228891904861,0.31577707788871534
TCGA-HT-8011-01A,cibersortx,0.8469281346471892,0.03385757044659104,0.0,0.005012414383711674,0.0,0.08575985400566608,0.0,0.028442026516841964
TCGA-HT-8012-01A,cibersortx,0.7736331025256392,0.019389786361719855,0.0,0.0,0.058556119620193615,0.057285895127354,0.031813774116594355,0.0593213222484991
TCGA-HT-8013-01A,cibersortx,0.5698935333522639,0.23881092369536908,0.0,0.001669814569895606,0.04291584436667025,0.03135947600298711,0.06799136162945624,0.047359046383357806
TCGA-HT-8015-01B,cibersortx,0.6056124260745467,0.05471136500517318,0.0,0.0,0.0,0.03587929695540217,0.1655608282262307,0.13823608373864735
TCGA-HT-8018-01A,cibersortx,0.5305368706597422,0.15313822087426848,0.0,0.0,0.0,0.19361027483060303,0.007308296465142356,0.11540633717024387
TCGA-HT-8104-01A,cibersortx,0.6032206451968157,0.03373576944028158,0.0057879291150989,0.0,0.0,0.11900524426309396,0.1558024939084331,0.08244791807627663
TCGA-HT-8105-01A,cibersortx,0.7235994463353639,0.015256415649719137,0.0,0.0,0.032976647070253134,0.1632451134763396,0.02264767150261264,0.04227470596571168
TCGA-HT-8106-01A,cibersortx,0.14117655408954366,0.48760504081995704,0.12885975134565034,0.0,0.0798624475472818,0.008540050159110463,0.1360567206344668,0.017899435403989906
TCGA-HT-8107-01A,cibersortx,0.3469032271091399,0.011301867505195514,0.0,0.0,0.0,0.10646465098148358,0.40536111086506327,0.12996914353911768
TCGA-HT-8108-01A,cibersortx,0.5792108115401665,0.13789015954223507,0.0,0.008941045020783992,0.07777865918166837,0.04897952988392366,0.038253530414665754,0.10894626441655669
TCGA-HT-8109-01A,cibersortx,0.5372439220114397,0.011684146729436646,0.0,0.0,0.008195564797321161,0.02461829223734785,0.2630195172315909,0.15523855699286362
TCGA-HT-8110-01A,cibersortx,0.5253224447662731,0.3087693288608531,0.0,0.011900721571581478,0.0,0.029988078205014954,0.04008717489268826,0.08393225170358902
TCGA-HT-8111-01A,cibersortx,0.4224489339929782,0.08172231625246372,0.0,0.003536388065585306,0.022071010259027916,0.027791161552338017,0.3511002898352511,0.09132990004235568
TCGA-HT-8113-01A,cibersortx,0.4729143880119386,0.0007069054617873344,0.0,0.0,0.016660968958803066,0.05338354577316878,0.22377895200293482,0.2325552397913674
TCGA-HT-8114-01A,cibersortx,0.7148310852027092,0.10989440813058379,0.0,0.0,0.027534192440580422,0.052318411553595345,0.007590318711044358,0.08783158396148678
TCGA-HT-8563-01A,cibersortx,0.27669608087664943,0.6782258320370168,0.01042802682903111,0.0,0.0,0.018942953517444315,0.0,0.015707106739858204
TCGA-HT-8564-01A,cibersortx,0.6244626246585735,0.04548251026234629,0.0,0.0,0.03144877753368312,0.026171134602192465,0.12693865922198402,0.14549629372122047
TCGA-HT-A4DS-01A,cibersortx,0.6154056165013555,0.15775577486760045,0.0,0.0021475580390028586,0.12914540511836017,0.04410730374644549,0.003868086139547062,0.047570255587688494
TCGA-HT-A5R5-01A,cibersortx,0.5637845842756154,0.14848430052100134,0.0032937581327502122,0.008801518969452958,0.0008038253668797454,0.06780877882860284,0.025570968258697348,0.18145226564700007
TCGA-HT-A5R7-01A,cibersortx,0.6246579301912346,0.03116328467529725,0.0,0.0,0.004906253077291468,0.02515759776778298,0.1591266689050858,0.1549882653833079
TCGA-HT-A5R9-01A,cibersortx,0.696295411283453,0.0,0.0,0.0,0.21414584533004452,0.07398903035781217,0.000887208527577746,0.014682504501112654
TCGA-HT-A5RA-01A,cibersortx,0.7584071459542148,0.04471518014543106,0.0,0.0002930980588851031,0.0,0.12446315233711205,0.0,0.07212142350435714
TCGA-HT-A5RB-01A,cibersortx,0.665304293346184,0.0,0.0,0.0,0.10621934006389885,0.03265813440894928,0.07194892409347427,0.12386930808749351
TCGA-HT-A5RC-01A,cibersortx,0.7079505240638196,0.0680482249982318,0.0,0.0,0.0,0.06909657459817763,0.06853959373232713,0.08636508260744388
TCGA-HT-A614-01A,cibersortx,0.49671663270212624,0.02959398442132555,0.0,0.0,0.039763169507332094,0.02563023738795621,0.2943641780663434,0.11393179791491641
TCGA-HT-A615-01A,cibersortx,0.6811070106204483,0.09012592928766668,0.0,0.0005469047277337972,0.018088295938781217,0.01934132246979906,0.09519185154326541,0.09559868541230562
TCGA-HT-A616-01A,cibersortx,0.6312030276375802,0.026477247166970436,0.0,0.0,0.06454319586795976,0.07273956776555464,0.04724237074283687,0.157794590819098
TCGA-HT-A617-01A,cibersortx,0.5882909166763637,0.13267051556486906,0.0,0.0,0.0,0.06392166487070593,0.06144659204876078,0.1536703108393005
TCGA-HT-A618-01A,cibersortx,0.5982401875494547,0.21571063026785553,0.0,0.0046429626920990895,0.011970938376952754,0.028906132650614695,0.04969347424520995,0.0908356742178133
TCGA-HT-A61C-01A,cibersortx,0.7583968645807622,0.11501731670641278,0.0,0.0013880177025350016,0.0,0.06671818642718674,0.04512830458001082,0.013351310003092453
TCGA-HT-A74H-01A,cibersortx,0.4029626016734957,0.08577484713687637,0.0,0.014270187538245433,0.04517948080113379,0.05433839845034221,0.3217500094602247,0.07572447493968192
TCGA-HT-A74J-01A,cibersortx,0.7608416244418497,0.0337288883737439,0.0,0.0,0.0414709905466663,0.022940240088168688,0.035278381739952035,0.10573987480961937
TCGA-HT-A74K-01A,cibersortx,0.6592293585142233,0.04198440523596577,0.0,0.0,0.08334264187271966,0.09338225548176633,0.1054030007722718,0.01665833812305324
TCGA-HT-A74L-01A,cibersortx,0.670768152077766,0.032286981942815506,0.0,0.0047914325213376805,0.06501026644936878,0.047267190873629884,0.07700326295373505,0.10287271318134714
TCGA-HT-A74O-01A,cibersortx,0.5615855412840618,0.22767052553202946,0.0,0.0026234412950186716,0.06956331794911985,0.04058374527086996,0.07115413279560101,0.026819295873299127
TCGA-HW-7486-01A,cibersortx,0.25832261986509814,0.025375025606428236,0.0,0.0,0.010941192398467366,0.018714872445792587,0.6463806007281142,0.04026568895609944
TCGA-HW-7487-01A,cibersortx,0.6074890807196998,0.008643526486337382,0.0,0.0,0.05436166806081745,0.03823209838832635,0.1733698835206941,0.11790374282412495
TCGA-HW-7489-01A,cibersortx,0.6985358667808098,0.02507809915161153,0.0,0.0,0.04011414129403585,0.02277783120295356,0.06475846865839384,0.14873559291219554
TCGA-HW-7490-01A,cibersortx,0.6091687434003408,0.05582755902404106,0.0,0.0015188128668390621,0.05987311080803759,0.17789470672855778,0.012525332166054238,0.08319173500612954
TCGA-HW-7491-01A,cibersortx,0.7735814580838541,0.006216995005648415,0.0,0.0,0.022307207630445462,0.08796751163952363,0.07712598591101685,0.03280084172951151
TCGA-HW-7493-01A,cibersortx,0.6962911920712576,0.04871876750095468,0.0,0.0,0.004905432331599184,0.0391603153928223,0.015847581391504426,0.19507671131186194
TCGA-HW-7495-01A,cibersortx,0.4393669558255241,0.00644464674749989,0.0,0.0,0.007413232095094445,0.03480978882916012,0.4050819613436828,0.10688341515903875
TCGA-HW-8319-01A,cibersortx,0.8023167747932105,0.032268586327253795,0.0,0.0,0.006415584190707441,0.019607785397241492,0.0652810809286901,0.07411018836289657
TCGA-HW-8320-01A,cibersortx,0.747358761582615,0.06573983482915363,0.0,0.0,0.07105058536405137,0.04103325292582551,0.0035757532103534175,0.07124181208800098
TCGA-HW-8321-01A,cibersortx,0.5524950287842991,0.05711750710725909,0.0,0.0,0.08402210320933316,0.14008599709392788,0.11675254664458325,0.04952681716059753
TCGA-HW-8322-01A,cibersortx,0.7069798426827936,0.013323361897493495,0.0,0.0,0.09581955745227123,0.022466183217156984,0.11429293119785378,0.047118123552430974
TCGA-HW-A5KJ-01A,cibersortx,0.5564668519298328,0.0,0.0,0.011364707211677429,0.16408181506589442,0.21036565201778704,0.02662035161780856,0.031100622156999796
TCGA-HW-A5KK-01A,cibersortx,0.33174294630679046,0.15655378883317395,0.0,0.003945531386758254,0.0,0.03265740200522647,0.4077260082642521,0.06737432320379866
TCGA-HW-A5KL-01A,cibersortx,0.5188675606185627,0.061437760504946176,0.0,0.0010540504472256482,0.13138024761795833,0.06805957856312064,0.1291677997396261,0.09003300250856032
TCGA-HW-A5KM-01A,cibersortx,0.5737927441371539,0.35098676055527717,0.0,0.0,0.0,0.032042504041298686,0.0015265510562367838,0.0416514402100335
TCGA-IK-7675-01A,cibersortx,0.8572747405489786,0.018383807497226047,0.0,0.0,0.00418222793419775,0.040634894109753544,0.049878291053601864,0.029646038856242164
TCGA-IK-8125-01A,cibersortx,0.7635643500598913,0.009606594860418725,0.0,0.0,0.04297009786497696,0.02111448378876784,0.028334962874399513,0.13440951055154568
TCGA-KT-A74X-01A,cibersortx,0.7534112989375282,0.012212811732923181,0.0,0.0,0.015383290188322357,0.056340985443249954,0.11490164457646072,0.04774996912151564
TCGA-KT-A7W1-01A,cibersortx,0.8296333005251089,0.02306553404785052,0.0,0.0,0.0,0.1080292033197511,0.0,0.039271962107289435
TCGA-P5-A5ET-01A,cibersortx,0.5771589066219105,0.006955539851161377,0.0,0.0,0.046955822382192966,0.024656715062309632,0.24773679979966845,0.09653621628275716
TCGA-P5-A5EU-01A,cibersortx,0.7174147326912507,0.1677139541077725,0.0,0.005717879752785377,0.0,0.07426155803730956,0.0017546914500147029,0.033137183960867206
TCGA-P5-A5EV-01A,cibersortx,0.7633763888316556,0.03475316412615518,0.0,0.0,0.02982550194749683,0.06740266782861226,0.013425245206898832,0.09121703205918129
TCGA-P5-A5EW-01A,cibersortx,0.7020341429352708,0.06383115464179225,0.0,0.0,0.028177708178479057,0.010653480624469238,0.03620783979339253,0.15909567382659623
TCGA-P5-A5EX-01A,cibersortx,0.5771875219633142,0.17151966592025902,0.0020797806216574497,0.0,0.01987887626668604,0.11390297059298071,0.0,0.1154311846351026
TCGA-P5-A5EY-01A,cibersortx,0.5968118118346423,0.024035530940838466,0.0,0.0,0.016781847981994658,0.03289593435907709,0.01749434166055205,0.31198053322289543
TCGA-P5-A5EZ-01A,cibersortx,0.5136815976987176,0.044951195299637974,0.0,0.0009742595542838253,0.06984851302785278,0.04354399884867753,0.30834750458306337,0.018652930987767023
TCGA-P5-A5F0-01A,cibersortx,0.8358238556370485,0.0,0.0,0.0,0.028805649967630884,0.008781537372921979,0.021789255944086625,0.1047997010783119
TCGA-P5-A5F1-01A,cibersortx,0.5857208917199191,0.0770810950425294,0.018642082296747492,0.0027624484780209104,0.03348523168203591,0.07087585124251873,0.057964864453958424,0.1534675350842701
TCGA-P5-A5F2-01A,cibersortx,0.6912658996822799,0.015871664092062334,0.0,0.0,0.025524118316084372,0.029727924950901624,0.11115459997902713,0.1264557929796446
TCGA-P5-A5F4-01A,cibersortx,0.5405217725940893,0.007946279749882603,0.0,0.0,0.09660923661842262,0.06701265236566532,0.1390220395540016,0.1488880191179386
TCGA-P5-A5F6-01A,cibersortx,0.3871804933697618,0.08730426497108927,0.01245127280098839,0.004891492549488888,0.18009504641032606,0.2843484120200148,0.0,0.04372901787833077
TCGA-P5-A72U-01A,cibersortx,0.6670401418301406,0.072281834493666,0.0,0.0,0.0,0.1632492148032533,0.0,0.09742880887294011
TCGA-P5-A72W-01A,cibersortx,0.7252547204545104,0.056364795835308255,0.0,6.96601838179647e-05,0.07985286061156192,0.02729703142159812,0.05151642610793001,0.05964450538527334
TCGA-P5-A72X-01A,cibersortx,0.6562123710652281,0.024403255425898617,0.0,0.0,0.009009497775056649,0.15409170632857172,0.011178202845931549,0.14510496655931332
TCGA-P5-A72Z-01A,cibersortx,0.7070554701551232,0.0,0.0,0.0,0.1341903329360416,0.06879697212400127,0.08995722478483399,0.0
TCGA-P5-A730-01A,cibersortx,0.5937252037233324,0.0013814045167822298,0.0,0.0,0.07869950391659197,0.09813051259824254,0.19477840649007006,0.03328496875498091
TCGA-P5-A731-01A,cibersortx,0.746940780258558,0.036231001147640635,0.0,0.0,0.00745568133006171,0.07628945854115468,0.021765994570904074,0.11131708415168076
TCGA-P5-A733-01A,cibersortx,0.557217325747433,0.012966380133848168,0.0,0.004563501341922657,0.15932255419077102,0.05878291895457935,0.01686889365095583,0.19027842598049002
TCGA-P5-A735-01A,cibersortx,0.7007333516161598,0.03875474224828217,0.0,0.0,0.09085195468472651,0.0065542584005393156,0.08451307301873821,0.07859262003155401
TCGA-P5-A736-01A,cibersortx,0.4512278780408546,0.1616954670699246,0.0,0.0,0.05119476019239005,0.16538996707072118,0.04587142367349358,0.12462050395261591
TCGA-P5-A737-01A,cibersortx,0.8054769672313064,0.017787877917007148,0.0,0.0,0.06492324998809625,0.01033822823900109,0.04451556635027335,0.05695811027431573
TCGA-P5-A77W-01A,cibersortx,0.5233232122499226,0.0,0.01391326805200596,0.0034791493123210275,0.2954261599252405,0.06711088060456076,0.07692242183823927,0.019824908017709832
TCGA-P5-A77X-01A,cibersortx,0.7792970021904188,0.0013971632172384422,0.0,0.0,0.0,0.01597258728306338,0.050984673723227444,0.15234857358605194
TCGA-P5-A780-01A,cibersortx,0.5412934754648784,0.07363417373351448,0.0,0.0006247562562845117,0.0991150849427018,0.07966025232510666,0.17050437078316905,0.03516788649434516
TCGA-P5-A781-01A,cibersortx,0.5994355098774907,0.01877166851903396,0.0,0.0,0.015898855880296374,0.024235865081139143,0.20516448820228061,0.13649361243975905
TCGA-QH-A65R-01A,cibersortx,0.5766685275131909,0.009364040086141695,0.0,0.0,0.15967348620875316,0.20162700988323246,0.023372195346397145,0.029294740962284672
TCGA-QH-A65S-01A,cibersortx,0.513007374686583,0.06439510923574465,0.0,0.0,0.029134419993713627,0.03723768387443919,0.27815710918983444,0.07806830301968504
TCGA-QH-A65V-01A,cibersortx,0.42613864595671963,0.03759828415153589,0.0,0.0,0.035695786268525195,0.023465769989319017,0.34112992968159395,0.13597158395230624
TCGA-QH-A65X-01A,cibersortx,0.6207648994582528,0.0036002832206591187,0.0,0.001214269033042969,0.130788985199214,0.22124405909948322,0.005721245050092583,0.016666258939255347
TCGA-QH-A65Z-01A,cibersortx,0.7572497576295847,0.006669376377739852,0.0,0.0010403687443663213,0.018982803202187773,0.02854189619211122,0.08483602057678917,0.10267977727722088
TCGA-QH-A6CS-01A,cibersortx,0.38251635556121333,0.0356879977555968,0.0,0.0,0.0,0.02598560004336246,0.38508795256857203,0.1707220940712554
TCGA-QH-A6CU-01A,cibersortx,0.4080380342266578,0.06893587332824024,0.0,0.0,0.03575988451440554,0.03453507548297961,0.2833836994431838,0.16934743300453292
TCGA-QH-A6CV-01A,cibersortx,0.6895429138991274,0.13577619857427833,0.0,7.558487690026953e-05,0.0039299547502089135,0.08995164485835275,0.05275860833683553,0.027965094704296915
TCGA-QH-A6CW-01A,cibersortx,0.7205863482887392,0.12712296387958957,0.0,0.0,0.04419409054305868,0.03263617523493086,0.016038398867564203,0.0594220231861173
TCGA-QH-A6CX-01A,cibersortx,0.4825320944897722,0.08416166785842667,0.01181889075001941,0.0,0.0,0.03890523074408653,0.30038809415506196,0.08219402200263336
TCGA-QH-A6CY-01A,cibersortx,0.47553093167455635,0.010209286583542046,0.0,0.0,0.0456219497350661,0.024239382384231584,0.3086926830261714,0.13570576659643266
TCGA-QH-A6CZ-01A,cibersortx,0.7761301437331257,0.0,0.0,0.0,0.08556741337869178,0.009914399360411417,0.06420637211356656,0.0641816714142045
TCGA-QH-A6X3-01A,cibersortx,0.6388549270119763,0.06243120927493684,0.0,0.0,0.09626014557448587,0.04974580146129402,0.07320511585765208,0.0795028008196548
TCGA-QH-A6X4-01A,cibersortx,0.6175412131770174,0.009693534300036505,0.0,0.005263628757229579,0.025162035499462672,0.015717996649077165,0.2715298122528592,0.05509177936431751
TCGA-QH-A6X5-01A,cibersortx,0.4436463291790538,0.012685781442056577,0.0,0.0,0.03141610849386656,0.030490084012117693,0.34592982007257156,0.13583187680033376
TCGA-QH-A6X8-01A,cibersortx,0.7198351982849092,0.03245690669038977,0.0,0.0,0.0,0.024381777439053776,0.17661360760577416,0.04671250997987317
TCGA-QH-A6X9-01A,cibersortx,0.8288312405168821,0.017379893054919233,0.0,0.0,0.021337879999360793,0.023744543821262634,0.01482645600106111,0.09387998660651416
TCGA-QH-A6XA-01A,cibersortx,0.6024391537638236,0.0479574957388137,0.0,0.0,0.05164663218680252,0.01615532759673456,0.17672936766082273,0.10507202305300285
TCGA-QH-A6XC-01A,cibersortx,0.7711478836464554,0.04376510170056333,0.0,0.00196586152846425,0.0,0.04918534296180207,0.07688822150708752,0.057047588655627535
TCGA-QH-A86X-01A,cibersortx,0.8225833491564071,0.009898109047272423,0.0,7.425202442290174e-05,0.024238065204534885,0.01748751801483302,0.014109847972276207,0.1116088585802534
TCGA-QH-A870-01A,cibersortx,0.6687046477800737,0.021938644940541208,0.0,0.0,0.019177388726938825,0.03096210401548482,0.046917650288925604,0.21229956424803578
TCGA-R8-A6MK-01A,cibersortx,0.6739867836879602,0.0359966994813277,0.0,0.012990708078665902,0.0,0.0,0.1167140872692907,0.1603117214827555
TCGA-R8-A6ML-01A,cibersortx,0.782392079380161,0.0,0.0,0.0,0.029219048164046527,0.030320294180627254,0.08200929217134464,0.07605928610382061
TCGA-R8-A6MO-01A,cibersortx,0.6073076140825591,0.02229199485535658,0.0,0.0,0.06274261322172,0.05688987357833388,0.22315403084548036,0.027613873416549965
TCGA-R8-A6YH-01A,cibersortx,0.7809134295347332,0.06331976350851264,0.0,0.0,0.08050168261418444,0.02968713115876206,0.0021494140097725965,0.04342857917403512
TCGA-RY-A83X-01A,cibersortx,0.5329749804888536,0.002142771067212847,0.0,0.0,0.06782066884691926,0.05392113955660993,0.26077136688449154,0.08236907315591292
TCGA-RY-A83Y-01A,cibersortx,0.7324566288113524,0.030624370366180716,0.0,0.009213152193812772,0.08947095687323245,0.054653464764081366,0.03493708832133062,0.04864433867000973
TCGA-RY-A83Z-01A,cibersortx,0.6733260204413829,0.06760978558744918,0.006163925631749504,0.002571303227351223,0.17218006970584895,0.018920344229831448,0.02651380831429822,0.03271474286208855
TCGA-RY-A840-01A,cibersortx,0.8448632041632373,0.0062874654549966175,0.0,0.0,0.04449609027370165,0.030753242493407183,0.01566805596859102,0.057931941646066125
TCGA-RY-A843-01A,cibersortx,0.6466204986669135,0.03493371701806212,0.0,0.0,0.03038975600583299,0.06736444120505451,0.05599595535275723,0.16469563175137963
TCGA-RY-A845-01A,cibersortx,0.7247185094241855,0.03167675658206075,0.0,0.0,0.10848082624276487,0.016118131561649512,0.035075635956581565,0.08393014023275766
TCGA-RY-A847-01A,cibersortx,0.6590105212845828,0.06283158257489245,0.0,0.0,0.03921130414047426,0.07240351860409763,0.058337586454370156,0.10820548694158258
TCGA-S9-A6TS-01A,cibersortx,0.6316525152754675,0.07311901552714345,0.0,0.0,0.10909508560073376,0.06998014545454564,0.033369812197931135,0.08278342594417853
TCGA-S9-A6TU-01A,cibersortx,0.5415084862582729,0.13512401035490565,0.0,0.0003279523410247796,0.0643150590960907,0.09201352677477166,0.11792422958305084,0.04878673559188356
TCGA-S9-A6TV-01A,cibersortx,0.5358040205964337,0.3066224492606468,0.002848939719158493,0.0026802183254068224,0.0452597798010379,0.05879503253607519,0.0,0.047989559761240905
TCGA-S9-A6TW-01A,cibersortx,0.5386774081466779,0.008479702602370673,0.0,0.0,0.10165277797031211,0.29558463017744024,0.033394659352734904,0.02221082175046409
TCGA-S9-A6TX-01A,cibersortx,0.6019873596388583,0.017362063382496018,0.0,0.0,0.040850303082547036,0.0792576373755479,0.2145625676399814,0.04598006888056938
TCGA-S9-A6TY-01A,cibersortx,0.5854303752591594,0.0,0.0,0.0,0.14895300006907597,0.014433751387533285,0.18648398134892605,0.06469889193530531
TCGA-S9-A6TZ-01A,cibersortx,0.7378184452218675,0.04720839203357969,0.0,0.0,0.017153070067650968,0.06789477363321764,0.022530661007118646,0.10739465803656557
TCGA-S9-A6U0-01A,cibersortx,0.3644737701819639,0.07929551331113377,0.0,0.00016362486850422835,0.0,0.5262421462441335,0.0006051024654761114,0.029219842928788552
TCGA-S9-A6U1-01A,cibersortx,0.4825738704692506,0.05643341789179122,0.0,0.001371779612329215,0.10967863986998498,0.071459594800058,0.22093232860552028,0.05755036875106575
TCGA-S9-A6U2-01A,cibersortx,0.7620023737225388,0.022787137098401317,0.0,0.0,0.014230289124738865,0.03684412143594924,0.0,0.1641360786183718
TCGA-S9-A6U5-01A,cibersortx,0.6882645370806287,0.037715050530422844,0.0,0.0,0.05841494983681708,0.04273624810284395,0.021748717316411276,0.15112049713287612
TCGA-S9-A6U6-01A,cibersortx,0.6212602464775193,0.05430612782836107,0.0,0.0,0.1413719399012451,0.03401235954716287,0.03502837314883498,0.11402095309687653
TCGA-S9-A6U8-01A,cibersortx,0.5032601227450879,0.08015856312326115,0.0,0.0,0.04456216990373477,0.0343851506104839,0.2730692802803898,0.06456471333704235
TCGA-S9-A6U9-01A,cibersortx,0.4342648922561775,0.15410740777200652,0.0,0.0,9.562616936279729e-05,0.13390680121085002,0.1888741334358936,0.08875113915570963
TCGA-S9-A6UA-01A,cibersortx,0.5955335333448469,0.3071416780695614,0.0,0.00499374998853965,0.0010594083760284386,0.03849290045075067,0.02634411978462459,0.02643460998564841
TCGA-S9-A6UB-01A,cibersortx,0.6083268740413016,0.0,0.0,0.00021801936905121094,0.16489246443835237,0.03031605513480206,0.16093737848670578,0.035309208529786945
TCGA-S9-A6WD-01A,cibersortx,0.5958914133163615,0.012021945396213493,0.0,0.0,0.12288041679980094,0.022645467325334425,0.17964882800037094,0.06691192916191875
TCGA-S9-A6WE-01A,cibersortx,0.7038750569372395,0.011828727453959098,0.0,0.0,0.10256748859922896,0.04684024807567698,0.06330273489131706,0.07158574404257832
TCGA-S9-A6WG-01A,cibersortx,0.4251981466386712,0.09927212226475424,0.0,0.012724087588731506,0.049667509759219845,0.3585089353816609,0.007982931147730339,0.04664626721923184
TCGA-S9-A6WH-01A,cibersortx,0.6458031460995668,0.005542571515929228,0.0,0.0,0.25231103712190694,0.05603789312906217,0.029833090754767505,0.0104722613787674
TCGA-S9-A6WI-01A,cibersortx,0.3860424118259123,0.0,0.0,0.0,0.07705737126150417,0.04385618775837863,0.4020331486837476,0.09101088047045731
TCGA-S9-A6WL-01A,cibersortx,0.7709946299544036,0.0,0.0,0.0,0.031702501481388826,0.13314094934242582,0.0,0.06416191922178172
TCGA-S9-A6WM-01A,cibersortx,0.8322903061965627,0.02168280481016444,0.0,0.0,0.0,0.08765583971510253,0.00013151347835969448,0.05823953579981069
TCGA-S9-A6WN-01A,cibersortx,0.6520120337309522,0.11283301022929075,0.0,0.03244495322053644,0.0,0.12818163232018914,0.0005289921698882887,0.07399937832914333
TCGA-S9-A6WO-01A,cibersortx,0.6767491250346934,0.07171419913485634,0.0,0.0,0.12892673725811396,0.02106242693227941,0.023130721760280883,0.07841678987977604
TCGA-S9-A6WP-01A,cibersortx,0.6739935206756236,0.05112670472611791,0.0,8.090921815568867e-05,0.045088412584805844,0.07820124422611159,0.11693607386176547,0.034573134707420045
TCGA-S9-A6WQ-01A,cibersortx,0.5106380292627849,0.08794599075436707,0.0,0.0,0.0774537932070463,0.02131836876034044,0.24620371171430488,0.056440106301156374
TCGA-S9-A7IQ-01A,cibersortx,0.7690824919822494,0.0,0.0,0.0,0.015437470718788905,0.020336570355822325,0.0431793127311386,0.15196415421200066
TCGA-S9-A7IS-01A,cibersortx,0.6211342125218993,0.0415030595532848,0.0,0.0008691567257917396,0.08215048156093949,0.12684869061897136,0.12603496767956407,0.0014594313395493313
TCGA-S9-A7IX-01A,cibersortx,0.7047717030439657,0.07901846718518446,0.0,0.0,0.0,0.09542145857633162,0.031492195500096264,0.08929617569442187
TCGA-S9-A7IY-01A,cibersortx,0.6058867978935616,0.06533480481380634,0.0,0.0,0.017862507976904907,0.07225733770851224,0.09933750901885056,0.13932104258836442
TCGA-S9-A7IZ-01A,cibersortx,0.6825522986079461,0.06352008372569057,0.0,0.0,0.03627406885475436,0.06966336170094478,0.016492280031961834,0.13149790707870238
TCGA-S9-A7J0-01A,cibersortx,0.6140143378650577,0.0720049582541207,0.13331463182341163,0.025373208519137633,0.004999216587415993,0.14646155529557495,0.0,0.0038320916552815215
TCGA-S9-A7J1-01A,cibersortx,0.5128813403553045,0.027602870035490355,0.0,0.0,0.0,0.023042389465853307,0.2411617217879746,0.19531167835537727
TCGA-S9-A7J2-01A,cibersortx,0.7671593204517116,6.0561257348323754e-05,0.0,0.0,0.09796211191349426,0.045015733641636024,0.010545439646016464,0.07925683308979328
TCGA-S9-A7J3-01A,cibersortx,0.576562600061583,0.0251088730662459,0.0,0.0,0.024753216853233177,0.08667881419071082,0.16633683811785271,0.12055965771037438
TCGA-S9-A7QW-01A,cibersortx,0.6407846625526076,0.008126098531053018,0.0,0.0,0.23131157397694924,0.009124690329033474,0.052369342204906716,0.05828363240544989
TCGA-S9-A7QX-01A,cibersortx,0.6322134006497516,0.0697257177636498,0.0,0.0,0.15411556496341683,0.05395794840334935,0.0490854070083257,0.04090196121150673
TCGA-S9-A7QY-01A,cibersortx,0.5518243567948496,0.01082371058616478,0.0,0.0010742868017000968,0.046259472317355076,0.04912459923567052,0.2726672238208723,0.06822635044338758
TCGA-S9-A7QZ-01A,cibersortx,0.6446551126385466,0.0,0.0,0.0,0.110937035509547,0.07804253145142342,0.08840016064249134,0.07796515975799152
TCGA-S9-A7R1-01A,cibersortx,0.7118502737754455,0.002258037492061319,0.0,0.0,0.1556212777602834,0.036953639928347444,0.0015088986859623673,0.09180787235789997
TCGA-S9-A7R2-01A,cibersortx,0.42391320617459693,0.1315239974873544,0.0,0.0009171749164934181,0.04233676099579948,0.02054373775438741,0.3196666929805767,0.061098429690791524
TCGA-S9-A7R3-01A,cibersortx,0.570150055065523,0.07092915998632052,0.0,0.0,0.037073166912775624,0.07006538514066384,0.1372526499883923,0.11452958290632467
TCGA-S9-A7R4-01A,cibersortx,0.5342367611632092,0.09086127129471205,0.0,0.0,0.07556085082730354,0.24769690608666803,0.012595868848763393,0.03904834177934379
TCGA-S9-A7R7-01A,cibersortx,0.5437463930468825,0.31080339423430386,0.0,0.005995604300836084,0.0,0.05086352256143312,0.03204888363438877,0.05654220222215553
TCGA-S9-A7R8-01A,cibersortx,0.5535333607081897,0.09754000786786206,0.0,0.0007407846940867832,0.11784983424549375,0.047537393402206723,0.16684563302703076,0.01595298605513016
TCGA-S9-A89V-01A,cibersortx,0.8642553247377727,0.03446358200078552,0.0,0.001034751712375362,0.0,0.03744646967508886,0.009469917114591116,0.05332995475938638
TCGA-S9-A89Z-01A,cibersortx,0.5922799848606042,0.22869473283813202,0.0,0.0012354561978572597,0.006651395914421097,0.0848620095774867,0.06846145665610973,0.017814963955389073
TCGA-TM-A7C3-01A,cibersortx,0.8594494113897498,0.011160337327668775,0.0,0.0013377327736628676,0.0,0.0980454707833386,0.0,0.030007047725579786
TCGA-TM-A7C4-01A,cibersortx,0.7616701040150041,0.012466285784906208,0.0,0.0,0.03564913870250683,0.028649976345011284,0.0007585523513573091,0.16080594280121419
TCGA-TM-A7C5-01A,cibersortx,0.7385324825702918,0.0,0.0014825748697186991,0.0,0.1506842174819924,0.07285999239969175,0.01603253718025614,0.020408195498049196
TCGA-TM-A7CA-01A,cibersortx,0.6317899538818551,0.017717353753379614,0.0,0.0,0.12439018213340731,0.028357506246554025,0.1174032945656632,0.08034170941914075
TCGA-TM-A7CF-01A,cibersortx,0.7554559042244662,0.010660473802987961,0.0,0.0,0.027775477259187522,0.0,0.016685490458458515,0.1894226542548998
TCGA-TM-A7CF-02A,cibersortx,0.38380329651625983,0.01108665442968682,0.0,0.00017603456886882264,0.02135199931083438,0.01229096118902951,0.518407888939412,0.052883165045908634
TCGA-TM-A84B-01A,cibersortx,0.8864407738744571,0.0,0.0,0.0,0.0,0.03375224718797313,0.0,0.07980697893756977
TCGA-TM-A84C-01A,cibersortx,0.6603341057904969,0.08376959146225492,0.0,0.012699916133640802,0.09774234323030095,0.048591862249516886,0.0,0.09686218113378946
TCGA-TM-A84F-01A,cibersortx,0.4713125975607891,0.22553728588732794,0.0,0.001251264966655759,0.08960555431953027,0.03778941166689278,0.067707892573706,0.10679599302509822
TCGA-TM-A84G-01A,cibersortx,0.8271960123123693,0.0,0.0,0.0007434030302823847,0.0812553406401859,0.03035761919578429,0.01743287489330009,0.04301474992807811
TCGA-TM-A84H-01A,cibersortx,0.8090832496326169,0.020660847468722928,0.0,0.00039500062993633135,0.05576622591903209,0.016983952201549735,0.003931306054773516,0.0931794180933684
TCGA-TM-A84I-01A,cibersortx,0.9137081435154571,0.03587833214121043,0.0,0.0,0.022038379595969108,0.016088055084084188,0.000535589929138057,0.011751499734141121
TCGA-TM-A84J-01A,cibersortx,0.8201224036623512,0.012980638391443066,0.0,0.0004336733333727209,0.06360853197285815,0.10164859366762187,0.0,0.001206158972352931
TCGA-TM-A84L-01A,cibersortx,0.5677553414384451,0.10222893605730947,0.0,0.0,0.019271146211103006,0.04691166093803062,0.1423868174254662,0.12144609792964575
TCGA-TM-A84M-01A,cibersortx,0.8948431684173082,4.381347135432768e-06,0.0,0.0,0.054775088917164184,0.013946729089604952,0.0074516051284925,0.02897902710029461
TCGA-TM-A84O-01A,cibersortx,0.7329199355179252,0.029369978175570296,0.0,0.0009330445812908032,0.027469778401305156,0.06020745862718093,0.04618402091405341,0.10291578378267432
TCGA-TM-A84Q-01A,cibersortx,0.6899993017737551,0.1288380330644567,0.0,0.0,0.05579862998954261,0.019270089859266686,0.0692635268426012,0.03683041847037772
TCGA-TM-A84R-01A,cibersortx,0.5570101680866306,0.0010841092689306184,0.0,0.0,0.05743883510552893,0.043106282815323506,0.2094508388171707,0.13190976590641554
TCGA-TM-A84S-01A,cibersortx,0.738236307053401,0.027536206091324525,0.0,0.0,0.02794688632550007,0.01848921975432899,0.06872227467464415,0.11906910610080118
TCGA-TM-A84T-01A,cibersortx,0.5407652553689958,0.062365238077369524,0.0,0.0,0.1932372860818459,0.05589490128684839,0.09563572699629364,0.05210159218864672
TCGA-TQ-A7RF-01A,cibersortx,0.6360531003379266,0.03336314301980959,0.004351844654258272,0.008425017127038801,0.1228328350539376,0.0845828273506848,0.0,0.11039123245634444
TCGA-TQ-A7RG-01A,cibersortx,0.7198807786019096,0.04098419632953431,0.0,0.00021407247486760218,0.031458810754712206,0.031074369888918287,0.07952677950675001,0.09686099244330802
TCGA-TQ-A7RH-01A,cibersortx,0.6460652357666109,0.10526390244433953,0.0,0.0,0.05659949611714808,0.06643285184976437,0.0544854705985181,0.07115304322361907
TCGA-TQ-A7RI-01A,cibersortx,0.6721916689102055,0.022161104546674172,0.0,0.000498970614200888,0.04303433258258603,0.022381865496784007,0.1587352473943793,0.08099681045517007
TCGA-TQ-A7RJ-01A,cibersortx,0.6980483850065166,0.0828450717550092,0.0,0.0,0.04876097106316622,0.04092984932179483,0.009156808057959284,0.1202589147955538
TCGA-TQ-A7RK-01A,cibersortx,0.656201741633735,0.028557373909099553,0.0,0.002182203551646521,0.18090410784073266,0.027292525500558957,0.05073662111668927,0.0541254264475381
TCGA-TQ-A7RM-01A,cibersortx,0.8852004595766685,0.0,0.0,0.0,0.03863312847959789,0.059364033459937494,0.010022941798520873,0.0067794366852752495
TCGA-TQ-A7RN-01A,cibersortx,0.7149290452588476,0.009147580311333675,0.0,0.0,0.07769662745032106,0.06867763882246757,0.05621201818674014,0.07333708997028991
TCGA-TQ-A7RO-01A,cibersortx,0.6731038448903465,0.011248623763162317,0.0,0.006524521727752876,0.03951093709313388,0.10724821853267474,0.007437232118522586,0.15492662187440726
TCGA-TQ-A7RP-01A,cibersortx,0.3250740286515851,0.040480822181822945,0.0009152735357747232,0.0,0.00294497024371021,0.10208951818105957,0.2869592584879598,0.24153612871808772
TCGA-TQ-A7RQ-01A,cibersortx,0.8130999466137039,0.0,0.0,0.0,0.06985499090416361,0.051465779531115904,0.0011176383800435472,0.064461644570973
TCGA-TQ-A7RR-01A,cibersortx,0.44718592786670186,0.07504299131521273,0.0,0.0,0.04519879211708913,0.023352967252562886,0.3180072526225529,0.09121206882588041
TCGA-TQ-A7RS-01A,cibersortx,0.6294108547770716,0.0005633914717571463,0.0,0.0,0.09138487959270045,0.05482175492011513,0.13522952833156998,0.08858959090678585
TCGA-TQ-A7RU-01A,cibersortx,0.6971039939162129,0.0,0.0,0.00417925319730123,0.11621482030912718,0.0817970008076101,0.05772025630090058,0.04298467546884786
TCGA-TQ-A7RV-01A,cibersortx,0.6106894167703746,0.024061317969142515,0.0,0.0,0.08150268450204941,0.046644598770929475,0.15159518293602786,0.08550679905147614
TCGA-TQ-A7RV-02A,cibersortx,0.5483691479103989,0.07368416521996078,0.0,0.0155215346169066,0.0,0.03366352490808417,0.14194884687735784,0.18681278046729166
TCGA-TQ-A7RW-01A,cibersortx,0.6294609695391501,0.12551322554905384,0.0,0.0,0.06889466967148589,0.05343397081795775,0.05751977383324002,0.06517739058911237
TCGA-TQ-A8XE-01A,cibersortx,0.6859013582272169,0.037721388429250526,0.0,0.0,0.1560339096108917,0.03361597220442735,0.04057260930313149,0.04615476222508208
TCGA-TQ-A8XE-02A,cibersortx,0.5546244308939741,0.07855234077980855,0.0,0.0,0.016392561993803702,0.07591403344777341,0.2078720238180402,0.06664460906659998
TCGA-VM-A8C8-01A,cibersortx,0.6740271228492207,0.056582382790138115,0.0,0.0005321414285721201,0.04007065925868409,0.047288125120095746,0.07227897536048336,0.10922059319280576
TCGA-VM-A8C9-01A,cibersortx,0.5724320400110768,0.16774281713852937,0.0,0.0,0.12109426572183868,0.07178060135019909,0.03195041967810122,0.03499985610025475
TCGA-VM-A8CA-01A,cibersortx,0.57839290162638,0.042827626707106006,0.0,0.016517553270366095,0.0892742126436548,0.15328452551710947,0.0,0.11970318023538364
TCGA-VM-A8CB-01A,cibersortx,0.8161495320949369,0.0,0.0,0.0017429378305888524,0.11920587428617391,0.03183954478551009,0.005211009756400418,0.025851101246389962
TCGA-VM-A8CD-01A,cibersortx,0.6466604644352004,0.1185808685585283,0.0,0.002031487023860587,0.0,0.060574675920108484,0.0060388500995126266,0.1661136539627896
TCGA-VM-A8CE-01A,cibersortx,0.45281722331297286,0.018528461639061824,0.0,0.0,0.07098709956347611,0.05097566877039919,0.2917089729946022,0.11498257371948778
TCGA-VM-A8CF-01A,cibersortx,0.31780998996667786,0.2752093018597976,0.0,0.0,0.17123579879388467,0.04872776051770393,0.11057927387198094,0.07643787498995501
TCGA-VM-A8CH-01A,cibersortx,0.5782853933442127,0.09614629880499309,0.0,0.01142914239035157,0.08223236658034203,0.06590602094488732,0.0857709029270761,0.0802298750081372
TCGA-VV-A829-01A,cibersortx,0.8581775212498599,0.03503221634793538,0.0,0.0,0.05374907865024921,0.042144127667115526,0.0016238814117776968,0.009273174673062375
TCGA-VV-A86M-01A,cibersortx,0.5321464451004783,0.1001688816445402,0.0003236861451633878,0.002584944934581916,0.2655631856933703,0.08923669505081383,0.0,0.00997616143105213
TCGA-VW-A7QS-01A,cibersortx,0.8013825821093497,0.014110258290194943,0.0,0.007561235380052484,0.09490554509752334,0.047382603819592105,0.0034706539087157083,0.03118712139457167
TCGA-VW-A8FI-01A,cibersortx,0.8500862527056464,0.06495302446573076,0.0,0.0,0.0,0.022382967572907322,0.0317607271678713,0.03081702808784406
TCGA-W9-A837-01A,cibersortx,0.7274351176962744,0.005392184882379871,0.0,0.0,0.0741368793110187,0.026028853547993645,0.044551839868523437,0.12245512469380981
TCGA-WH-A86K-01A,cibersortx,0.6661985320516368,0.037051714792745716,0.0,0.001280094900099468,0.07614622933718046,0.07255752618157219,0.028506496231511653,0.11825940650525381
TCGA-WY-A858-01A,cibersortx,0.375080572702168,0.1992326044377365,0.0,0.0006502977845801238,0.0533807375646756,0.21097662163529116,0.12081296877773907,0.03986619709780949
TCGA-WY-A859-01A,cibersortx,0.6012575886783947,0.01188291836233642,0.0,0.0,0.09155798888044195,0.03813587071810643,0.10963211927658718,0.14753351408413332
TCGA-WY-A85A-01A,cibersortx,0.6039635544110378,0.027314192828994274,0.0,0.0,0.13838191927216018,0.03227490301315453,0.04213137651901823,0.15593405395563523
TCGA-WY-A85B-01A,cibersortx,0.5883171838895397,0.17947915918689533,0.0,0.0014798060629759781,0.09479002465712846,0.04367438342794081,0.058625247968056175,0.03363419480746372
TCGA-WY-A85C-01A,cibersortx,0.6172436105541624,0.03614327148628083,0.0,0.0,0.22699440523049202,0.09315776204955015,0.0,0.026460950679514556
TCGA-WY-A85D-01A,cibersortx,0.4890223887637023,0.08342719698332056,0.0,0.041099569515028425,0.06565598948413706,0.0943504592025272,0.09197523479662485,0.1344691612546596
TCGA-WY-A85E-01A,cibersortx,0.8696703415064241,0.0054752386480909025,0.0,0.0,0.06183624752771644,0.023358063445325386,0.00037876514182609626,0.03928134373061708
TCGA-CS-4938-01B,elastic_net,0.8565763873802841,0.05801143507901894,0.0,0.0,0.0,0.0,0.014252792642923316,0.07115938489777372
TCGA-CS-4941-01A,elastic_net,0.8204406350306436,0.09491356756032283,0.0,0.0,0.0,0.01290209251170947,0.0,0.07174370489732426
TCGA-CS-4942-01A,elastic_net,0.7294043442382333,0.16682448882160653,0.0,0.0,0.0,0.0,0.03381769257289314,0.06995347436726698
TCGA-CS-4943-01A,elastic_net,0.9156220747494398,0.04613010764156253,0.0,0.0,0.0,0.006198539278488397,0.01940195308687437,0.012647325243634867
TCGA-CS-4944-01A,elastic_net,0.952694440851868,0.0,0.0,0.0,0.0,0.0,0.0,0.04730555914813204
TCGA-CS-5390-01A,elastic_net,0.8133797354572513,0.007517461057599158,0.0,0.0,0.03975505223509401,0.02879148295220527,0.07940137976024,0.031154888537610215
TCGA-CS-5393-01A,elastic_net,0.21172951975920293,0.10124616018101947,0.0,0.0,0.2070865994059591,0.04746758700904604,0.21281440114318462,0.2196557325015878
TCGA-CS-5394-01A,elastic_net,0.7731070814580274,0.0027459161345044295,0.0,0.0009605926905168045,0.03013923333563873,0.08902987684069993,0.0,0.10401729954061262
TCGA-CS-5395-01A,elastic_net,0.8126662701750581,0.031509758498559665,0.0,0.0,0.0,0.0034636699614538687,0.027719083084347777,0.12464121828058053
TCGA-CS-5396-01A,elastic_net,0.8924319270860452,0.0,0.0,0.0,0.0,0.0,0.09188666556636667,0.01568140734758809
TCGA-CS-5397-01A,elastic_net,0.8774795825041576,0.042745685810384924,0.0,0.0,0.0,0.0,0.011993923955972974,0.06778080772948453
TCGA-CS-6186-01A,elastic_net,0.8506522439002605,0.014209474683438701,0.0,0.0,0.0,0.0,0.0,0.13513828141630088
TCGA-CS-6188-01A,elastic_net,0.950985719675606,0.012062759875624766,0.0,0.0,0.0,0.0,0.0,0.036951520448769176
TCGA-CS-6290-01A,elastic_net,0.8002809751168187,0.09592783804075193,0.0,0.0,0.0,0.0,0.021179417214994892,0.08261176962743456
TCGA-CS-6665-01A,elastic_net,0.37130533972000923,0.24350843822482338,0.0,0.0,0.017933823178435823,0.06134167608231886,0.24366224220422153,0.0622484805901913
TCGA-CS-6666-01A,elastic_net,0.9174981737128151,0.010637428210413824,0.0,0.0,0.0,0.042739717705458334,0.0,0.029124680371312796
TCGA-CS-6667-01A,elastic_net,0.788582635678554,0.036504794708028906,0.0,0.0,0.025155599675488863,0.10068482784134204,0.0042128623275435526,0.04485927976904254
TCGA-CS-6668-01A,elastic_net,0.2261783781674369,0.034452695057839496,0.0,0.008255413831221576,0.28072905290446115,0.10483151804455665,0.19255900569073722,0.15299393630374697
TCGA-CS-6669-01A,elastic_net,0.0,0.0,0.0,0.0,0.12983857301187937,0.004164192036901326,0.30952791257416096,0.5564693223770583
TCGA-CS-6670-01A,elastic_net,0.929574542695199,0.0022901573204344916,0.0,0.0,0.0,0.0023496482457278354,0.007274672894237953,0.05851097884440068
TCGA-DB-5270-01A,elastic_net,0.641488839594934,0.10924615699824868,0.0,0.0,0.0,0.02479025734403375,0.07783084309052563,0.1466439029722579
TCGA-DB-5273-01A,elastic_net,0.6206571563108801,0.14326587241902797,0.0,0.0,0.0020090612521798355,0.029768347120742163,0.012538111922218594,0.19176145097495126
TCGA-DB-5274-01A,elastic_net,0.07525631641175833,0.0418910473445128,0.02197269154365139,0.022690722179759367,0.5769842036174463,0.13227766577917988,0.08401051000576971,0.0449168431179222
TCGA-DB-5275-01A,elastic_net,0.9376441945030585,0.01905591424818264,0.0,0.0,0.0,0.0,0.0,0.043299891248758805
TCGA-DB-5276-01A,elastic_net,0.2960555540813085,0.1112470438733226,0.0,0.0,0.018784301219497923,0.038144561448199756,0.3590280056724006,0.17674053370527054
TCGA-DB-5277-01A,elastic_net,0.22914572625581697,0.06251958687329079,0.004711431168062843,0.0,0.27339159480638503,0.09656001241297886,0.20563737302309598,0.12803427546036952
TCGA-DB-5278-01A,elastic_net,0.9217914333733533,0.0,0.0,0.0,0.0,0.0,0.02883848924481687,0.04937007738182974
TCGA-DB-5280-01A,elastic_net,0.916911355509756,0.02273924416094761,0.0,0.0,0.0,0.0,0.008787112068415683,0.05156228826088068
TCGA-DB-5281-01A,elastic_net,0.7119527914920608,0.0763643072839675,0.0,0.0,0.005477302239555667,0.09829349663169937,0.0,0.1079121023527166
TCGA-DB-A4X9-01A,elastic_net,0.0,0.0,0.0,0.0,0.06467823242422509,0.0,0.08439526070627276,0.8509265068695022
TCGA-DB-A4XA-01A,elastic_net,0.9118806232889488,0.015155382911718468,0.0,0.0,0.0,0.0,0.019496781283959493,0.05346721251537313
TCGA-DB-A4XB-01A,elastic_net,0.4423733662098645,0.11494890888728485,0.004078919239536308,0.0,0.09958813375513416,0.040167833826878344,0.10142048406691627,0.19742235401438563
TCGA-DB-A4XC-01A,elastic_net,0.7508673312420441,0.1103994106710374,0.0,0.0,0.0,0.021614138930880482,0.0,0.11711911915603786
TCGA-DB-A4XD-01A,elastic_net,0.40609047529339287,0.09154761708684923,0.0,0.0,0.09846807394922241,0.060132660352608204,0.1821766162807048,0.16158455703722252
TCGA-DB-A4XE-01A,elastic_net,0.9393250197199132,0.008394367042944044,0.0,0.0,0.0,0.0,0.022631586158414468,0.02964902707872816
TCGA-DB-A4XF-01A,elastic_net,0.9699084341902451,0.0,0.0,0.0,0.0,0.0,0.0,0.03009156580975493
TCGA-DB-A4XG-01A,elastic_net,0.17832772658133053,0.028010482536890965,0.0,0.007702140338063338,0.36908226057940374,0.12098199845743939,0.06135851273631546,0.23453687877055657
TCGA-DB-A4XH-01A,elastic_net,0.11074553008953848,0.0173628839713926,0.0,0.0,0.21144863858337298,0.12803372411925706,0.28099431196329977,0.2514149112731392
TCGA-DB-A64L-01A,elastic_net,0.9146565832092162,0.010115408115172633,0.0,0.0,0.0,0.008959837824575387,0.0,0.06626817085103587
TCGA-DB-A64O-01A,elastic_net,0.95409961616495,0.0,0.0,0.0,0.0,0.0,0.0,0.04590038383505002
TCGA-DB-A64P-01A,elastic_net,0.8659112772836428,0.013924067968578615,0.0,0.0,0.0,0.04137543333185474,0.0341981777537881,0.044591043662135725
TCGA-DB-A64Q-01A,elastic_net,0.6607097640544806,0.057402578509349184,0.0,0.0,0.0,0.039069153336571384,0.06747038761302705,0.17534811648657167
TCGA-DB-A64R-01A,elastic_net,0.9115606003182889,0.011131816299794182,0.0,0.0,0.0,0.0206761927961223,0.011335030601456051,0.04529635998433843
TCGA-DB-A64S-01A,elastic_net,0.227340761020408,0.15425157914226795,0.0,0.0,0.14452070039305964,0.06817829717563303,0.1973284081633762,0.20838025410525524
TCGA-DB-A64U-01A,elastic_net,0.25221417561326376,0.031633273017404206,0.0,0.0,0.08241029648595166,0.04304857427900139,0.45268422252927204,0.13800945807510684
TCGA-DB-A64V-01A,elastic_net,0.7240082686988607,0.059222318856062765,0.0,0.0,0.0,0.0,0.11309081293526783,0.10367859950980872
TCGA-DB-A64W-01A,elastic_net,0.7908185341966778,0.0,0.0,0.0,0.05260018160241443,0.060157876903702535,0.06094651541653966,0.03547689188066561
TCGA-DB-A64X-01A,elastic_net,0.8902424875189099,0.021559303552577763,0.0,0.0,0.012161252614206185,0.016068302100196604,0.0,0.059968654214109705
TCGA-DB-A75K-01A,elastic_net,0.8023415110773031,0.07406222981790138,0.0,0.0,0.0,0.026770123182928103,0.01667312779938487,0.08015300812248262
TCGA-DB-A75L-01A,elastic_net,0.3750262173346561,0.1227598504474711,0.0,0.0,0.12530304532210054,0.11510775668616217,0.09610347771675298,0.16569965249285726
TCGA-DB-A75M-01A,elastic_net,0.804896931639303,0.06475570188281789,0.0,0.0,0.0,0.0,0.006578308877593052,0.12376905760028603
TCGA-DB-A75O-01A,elastic_net,0.6341890816702372,0.1339204250322655,0.0,0.0,0.0,0.0007425715953425395,0.0,0.23114792170215473
TCGA-DB-A75P-01A,elastic_net,0.9487074494955975,0.0,0.0,0.0,0.0,0.0,0.0,0.051292550504402554
TCGA-DH-5140-01A,elastic_net,0.9810455991995038,0.007043918732905525,0.0,0.0,0.0,0.0,0.001789203391596192,0.01012127867599431
TCGA-DH-5142-01A,elastic_net,0.2934609733187551,0.24945259450046217,0.0,0.0,0.20037918427932677,0.059830203758511134,0.0,0.19687704414294482
TCGA-DH-5143-01A,elastic_net,0.7911034586080068,0.09022398174420954,0.0,0.0,0.0,0.0,6.87878161554745e-05,0.1186037718316281
TCGA-DH-5144-01A,elastic_net,0.9069337525965991,0.01811362889748538,0.0,0.0,0.00783040862728197,0.016416616573705998,0.004099112719574799,0.046606480585352765
TCGA-DH-A669-01A,elastic_net,0.9683741739905951,0.0,0.0,0.0,0.0,0.0,0.0,0.031625826009404924
TCGA-DH-A669-02A,elastic_net,0.8903357037916304,0.029053715143144095,0.0,0.0,0.025331876093479616,0.04295374168717257,0.0,0.012324963284573368
TCGA-DH-A66B-01A,elastic_net,0.7917472533822185,0.14805420066895414,0.0,0.0,0.0,0.0009801627703149983,0.0,0.05921838317851245
TCGA-DH-A66D-01A,elastic_net,0.9147351141035504,0.0429925845385366,0.0,0.0,0.0,0.0,0.0,0.042272301357913135
TCGA-DH-A66F-01A,elastic_net,0.9384461439884932,0.0,0.0,0.0,0.0,0.0,0.0,0.06155385601150682
TCGA-DH-A66G-01A,elastic_net,0.9223018404609299,0.029860933598649397,0.0,0.0,0.0,0.0,0.0,0.04783722594042082
TCGA-DH-A7UR-01A,elastic_net,0.7245297189581461,0.0026963686464017036,0.0,0.0,0.08963535128335454,0.13418536796197503,0.006368258109491426,0.04258493504063129
TCGA-DH-A7US-01A,elastic_net,0.8022119555887631,0.01609654861631914,0.0,0.0,0.0,0.0,0.10954469906326715,0.07214679673165073
TCGA-DH-A7UT-01A,elastic_net,0.878487362731969,0.015474954204262524,0.0,0.0,0.0,0.0,0.06405695637718989,0.04198072668657865
TCGA-DH-A7UU-01A,elastic_net,0.2169205908436211,0.10090538424784161,0.0,0.0,0.19262086115501562,0.13461957675539277,0.20812977898903218,0.14680380800909665
TCGA-DH-A7UV-01A,elastic_net,0.916463282844967,0.034509472697344654,0.0,0.0,0.0,0.0,0.02114875228238146,0.027878492175306756
TCGA-DU-5847-01A,elastic_net,0.8701529840240464,0.05685772566318237,0.0,0.0,0.0,0.0,0.0,0.07298929031277118
TCGA-DU-5849-01A,elastic_net,0.8254281414172271,0.019792304317155365,0.0,0.0,0.0,0.009072753694757369,0.07315967572039636,0.07254712485046383
TCGA-DU-5851-01A,elastic_net,0.7573767175936235,0.028564145658545696,0.0,0.0,0.0,0.0,0.11514794523311415,0.09891119151471671
TCGA-DU-5852-01A,elastic_net,0.9109860782143685,0.04549475350324474,0.0,0.0,0.0,0.004721522853696488,0.0,0.03879764542869033
TCGA-DU-5853-01A,elastic_net,0.382572615952204,0.15368017367980763,0.0,0.0,0.09469833942743087,0.056870596010354664,0.10240065718271915,0.20977761774748363
TCGA-DU-5854-01A,elastic_net,0.7964759499377091,0.03516193738616837,0.0,0.0,0.0,0.002895778985274116,0.10461227381694617,0.06085405987390228
TCGA-DU-5855-01A,elastic_net,0.9505027670079136,0.022211633724199018,0.0,0.0,0.0,0.0,0.0,0.02728559926788733
TCGA-DU-5870-02A,elastic_net,0.93143425541582,0.004311304946376939,0.0,0.0,0.0,0.02304850530899655,0.01088747074505932,0.03031846358374703
TCGA-DU-5871-01A,elastic_net,0.9431360218227689,0.015429730096808682,0.0,0.0,0.0,0.0,0.0,0.04143424808042246
TCGA-DU-5872-01A,elastic_net,0.9186561550761309,0.03421860107107294,0.0,0.0,0.0,0.012268311303720913,0.004212876300370505,0.030644056248704754
TCGA-DU-5872-02A,elastic_net,0.8131112416392386,0.075058734067347,0.0,0.0,0.0,0.0,0.06363003685326889,0.04819998744014532
TCGA-DU-6392-01A,elastic_net,0.7455405043856723,0.10208566228916131,0.0,0.0,0.0,0.08535557648441745,0.03931392099296769,0.027704335847781193
TCGA-DU-6393-01A,elastic_net,0.23358909229035385,0.04281724197672064,0.0009163340268814353,0.006098386453847934,0.33957698875106074,0.129285222239994,0.08113619524403903,0.16658053901710235
TCGA-DU-6394-01A,elastic_net,0.9849967844264848,0.0,0.0,0.0,0.0,0.0,0.0,0.01500321557351518
TCGA-DU-6395-01A,elastic_net,0.9228248299399221,0.021261884493188023,0.0,0.0,0.0,0.0,0.017520497954595707,0.03839278761229416
TCGA-DU-6396-01A,elastic_net,0.6116937909725944,0.281213646393382,0.0,0.0,0.0,0.03165271379212294,0.04018985553259251,0.03524999330930831
TCGA-DU-6397-01A,elastic_net,0.9068016033382359,0.009624997792804894,0.0,0.0,0.0,0.009327310145699545,0.010684987746725327,0.06356110097653439
TCGA-DU-6397-02A,elastic_net,0.6372903066850284,0.019175928105428355,0.0,0.0,0.09686227975155311,0.17347846621500657,0.0507475479939751,0.022445471249008357
TCGA-DU-6399-01A,elastic_net,0.47598237598064347,0.14846315591323964,0.0,0.0,0.07940524344292485,0.06557063827493617,0.05472937566496808,0.17584921072328785
TCGA-DU-6400-01A,elastic_net,0.757892421683169,0.037300385111689024,0.0,0.0,0.07878794642719647,0.04926187805193554,0.008528597696801449,0.06822877102920859
TCGA-DU-6401-01A,elastic_net,0.8264796972156297,0.0306766331217294,0.0,0.0,0.012702158808203681,0.09575003386771375,0.0,0.03439147698672346
TCGA-DU-6402-01A,elastic_net,0.9105617188214545,0.03017693942926387,0.0,0.0,0.0,0.011821119333767012,0.0,0.04744022241551463
TCGA-DU-6403-01A,elastic_net,0.5103926790490574,0.13406164418997074,0.0,0.0,0.0,0.04142263362035006,0.23012400843976805,0.08399903470085364
TCGA-DU-6404-01A,elastic_net,0.8218422380562398,0.03366979606804742,0.0,0.0,0.0,0.0839262841182004,0.0,0.06056168175751236
TCGA-DU-6405-01A,elastic_net,0.9670151707220709,0.0020385539873347906,0.0,0.0,0.0,0.0,0.0,0.0309462752905944
TCGA-DU-6406-01A,elastic_net,0.9307205329598386,0.022294804482384082,0.0,0.0,0.0,0.02807090099583404,0.0,0.018913761561943403
TCGA-DU-6407-01A,elastic_net,0.9584930025211886,0.005644178268709932,0.0,0.0,0.0,0.0,0.0035511762353854955,0.0323116429747158
TCGA-DU-6408-01A,elastic_net,0.9165796241189108,0.03926352365507206,0.0,0.0,0.0,0.0,0.0,0.04415685222601712
TCGA-DU-6410-01A,elastic_net,0.21103478637405923,0.03163981994562358,0.022755977012329776,0.010560638462059463,0.4188071903232622,0.1427430673820544,0.1052438341956366,0.05721468630497474
TCGA-DU-6542-01A,elastic_net,0.896272543606633,0.04014299640997229,0.0,0.0,0.0,0.0,0.03482115743931965,0.028763302544075157
TCGA-DU-7006-01A,elastic_net,0.9351547131814343,0.03063870034596713,0.0,0.0,0.0,0.0,0.0,0.034206586472598506
TCGA-DU-7007-01A,elastic_net,0.0,0.0,0.0,0.0,0.0,0.0,0.0,1.0
TCGA-DU-7008-01A,elastic_net,0.9410458564091105,0.028146806979937503,0.0,0.0,0.001282750066352277,0.006728215949102839,0.0,0.02279637059549692
TCGA-DU-7009-01A,elastic_net,0.5399085694981826,0.021823876373171583,0.0,0.0,0.07986311975928592,0.036590147437575535,0.22079413632094194,0.10102015061084228
TCGA-DU-7010-01A,elastic_net,0.6276638061451517,0.06594035840366344,0.0,0.0,0.005628820275434743,0.044865941469711415,0.17958528254552883,0.07631579116050977
TCGA-DU-7011-01A,elastic_net,0.825248056243887,0.09078601952557858,0.0,0.0,0.0,0.026737245673227668,0.01647097632315105,0.04075770223415557
TCGA-DU-7012-01A,elastic_net,0.9399022398347532,0.02454159161092493,0.0,0.0,0.0,0.0,0.0,0.0355561685543219
TCGA-DU-7013-01A,elastic_net,0.9571944363384931,0.015295606405275483,0.0,0.0,0.0,0.0,0.0,0.02750995725623144
TCGA-DU-7014-01A,elastic_net,0.8615845753829822,0.03053527345470453,0.0,0.0,0.02819104432523739,0.05553205156884257,0.0,0.024157055268233484
TCGA-DU-7015-01A,elastic_net,0.8997905850482172,0.06310567556848559,0.0,0.0,0.0,0.0,0.0,0.03710373938329713
TCGA-DU-7018-01A,elastic_net,0.7859909135841538,0.0,0.0,0.0,0.10866834854427683,0.07574086483891042,0.005057230621278553,0.02454264241138037
TCGA-DU-7019-01A,elastic_net,0.8496685679827384,0.03395563568253416,0.0,0.0,0.0,0.031187151114691072,0.0,0.08518864522003641
TCGA-DU-7292-01A,elastic_net,0.9640111672430043,0.0,0.0,0.0,0.0,0.0,0.0,0.03598883275699576
TCGA-DU-7294-01A,elastic_net,0.7824805688629073,0.0187101782136191,0.0,0.0,0.048976015828002414,0.021843104109669238,0.0824324988267947,0.045557634159007245
TCGA-DU-7298-01A,elastic_net,0.21058536181592416,0.09203316212619861,0.0,0.0,0.15903571381483583,0.062010529631034476,0.3324334957563227,0.14390173685568422
TCGA-DU-7299-01A,elastic_net,0.5550308372165434,0.10305616745535719,0.0,0.0,0.03613333108718925,0.03995391339893101,0.1542289219325072,0.11159682890947199
TCGA-DU-7300-01A,elastic_net,0.9327092720375083,0.003478790092559972,0.0,0.0,0.0,0.0,0.021688389314517435,0.04212354855541438
TCGA-DU-7301-01A,elastic_net,0.15928531792967554,0.0902853797094267,0.0,0.0,0.2232705623319085,0.0622478688997289,0.3267718117967656,0.13813905933249473
TCGA-DU-7302-01A,elastic_net,0.9351298176067676,0.0,0.0,0.0,0.0,0.0,0.006565764378899527,0.05830441801433288
TCGA-DU-7304-01A,elastic_net,0.9555021492252801,0.008989865934784248,0.0,0.0,0.0,0.0,0.001660416777074876,0.03384756806286085
TCGA-DU-7304-02A,elastic_net,0.6157112821173756,0.004218185646321662,0.0,0.0,0.34193535543519926,0.02088245003208798,0.0,0.017252726769015455
TCGA-DU-7306-01A,elastic_net,0.2737030288541552,0.0,0.0,0.0,0.1473752397580401,0.0,0.08374655784360663,0.49517517354419793
TCGA-DU-7309-01A,elastic_net,0.6660742818383315,0.06232638966999079,0.0,0.0,0.04391355340843231,0.08014301623842071,0.0005803487712221282,0.14696241007360267
TCGA-DU-8158-01A,elastic_net,0.9627757534524105,0.0,0.0,0.0,0.0,0.0,0.0036907105657850033,0.03353353598180457
TCGA-DU-8161-01A,elastic_net,0.9053974716351504,0.02291685246869162,0.0,0.0,0.0,0.0,0.0,0.07168567589615803
TCGA-DU-8162-01A,elastic_net,0.7302617966521143,0.01852573544870111,0.0,0.0,0.0,0.0012573576295610378,0.1683437304103611,0.08161137985926249
TCGA-DU-8163-01A,elastic_net,0.20217784524287574,0.10139800129955732,0.0,0.0,0.0879536236728336,0.029819645071474235,0.37534399308063776,0.20330689163262136
TCGA-DU-8164-01A,elastic_net,0.18708862231351106,0.03552299293550506,0.0,0.010902346388265675,0.27505089510279035,0.08953594081056475,0.11170473952079268,0.2901944629285705
TCGA-DU-8165-01A,elastic_net,0.8983935428409957,0.06948956709652386,0.0,0.0,0.0,0.0,0.0,0.032116890062480495
TCGA-DU-8166-01A,elastic_net,0.3464548118726094,0.16031102736572164,0.005955791187375949,0.0,0.16272332388059416,0.0906465267851847,0.025038803554970387,0.2088697153535437
TCGA-DU-8167-01A,elastic_net,0.22487331626087312,0.13412333300878498,0.0,0.0,0.15379455729606217,0.06694081403591234,0.2839794922577631,0.1362884871406043
TCGA-DU-8168-01A,elastic_net,0.2579984333082246,0.04327990835422927,0.006281399637937501,0.05885109060782119,0.2407711116315879,0.12850918713425652,0.06870685930133291,0.19560201002461008
TCGA-DU-A5TP-01A,elastic_net,0.22018580497816825,0.2724622314542818,0.0,0.0,0.22754058823945564,0.11229607720068825,0.054633708547708056,0.11288158957969799
TCGA-DU-A5TR-01A,elastic_net,0.8994824260786662,0.07582526886964545,0.0,0.0,0.0,0.0,0.0,0.02469230505168837
TCGA-DU-A5TS-01A,elastic_net,0.07597666231940842,0.041286343279429365,0.0,0.0,0.27704222363874215,0.06542567764498625,0.3942831544580197,0.14598593865941417
TCGA-DU-A5TT-01A,elastic_net,0.9347828297948105,0.011407092124364426,0.0,0.0,0.0,0.0,0.007180947286799483,0.046629130794025614
TCGA-DU-A5TU-01A,elastic_net,0.9201192662877452,0.056112711912660235,0.0,0.0,0.0,0.0,0.0,0.023768021799594457
TCGA-DU-A5TW-01A,elastic_net,0.21271107437570777,0.08889860264005449,0.0,0.0,0.32121425304650786,0.10400584109710326,0.1139302734730213,0.1592399553676054
TCGA-DU-A5TY-01A,elastic_net,0.9257623408911265,0.040674375640124404,0.0,0.0,0.0,0.0,0.0,0.033563283468749115
TCGA-DU-A6S2-01A,elastic_net,0.5466191490874343,0.03664157837382785,0.0,0.0,0.013283261395101964,0.06337788910178055,0.17119543740251114,0.1688826846393443
TCGA-DU-A6S3-01A,elastic_net,0.6799137196075118,0.0001600591300163159,0.0,0.0,0.11148431304223906,0.05013831260509135,0.06879101000821448,0.08951258560692707
TCGA-DU-A6S6-01A,elastic_net,0.91260454899368,0.007100083910587452,0.0,0.0,0.0,0.0025594721656480774,0.0009418018826674959,0.07679409304741688
TCGA-DU-A6S7-01A,elastic_net,0.5827615501993171,0.14712174702493783,0.0,0.0,0.020070103537927226,0.04103215865205603,0.12090583625930372,0.0881086043264581
TCGA-DU-A6S8-01A,elastic_net,0.7175122702620378,0.03441989450944305,0.0,0.0,0.06007841521716736,0.04157775190892332,0.09485662968281312,0.05155503841961537
TCGA-DU-A76K-01A,elastic_net,0.9207386517063854,0.0,0.0,0.0,0.0,0.0,0.0,0.07926134829361463
TCGA-DU-A76L-01A,elastic_net,0.740757737391287,0.06496271060901776,0.0,0.0,0.0,0.1019123209037993,0.05794683884080646,0.034420392255089347
TCGA-DU-A76O-01A,elastic_net,0.3185364332067707,0.19362743797888585,0.0,0.0,0.16482728131959076,0.052251101853465515,0.03420053817469456,0.23655720746659264
TCGA-DU-A76R-01A,elastic_net,0.9077001081325808,0.011511862421406217,0.0,0.0,0.0,0.0,0.0,0.08078802944601307
TCGA-DU-A7T6-01A,elastic_net,0.6503466561506795,0.03886271190436786,0.0,0.0,0.07483242118724401,0.09350713976030169,0.0870646387945787,0.055386432202828205
TCGA-DU-A7T8-01A,elastic_net,0.4658377896031978,0.14642924480292518,0.0,0.0,0.19769783313289552,0.07648965550670177,0.0,0.11354547695427966
TCGA-DU-A7TA-01A,elastic_net,0.9031108721820275,0.05935023933397097,0.0,0.0,0.0,0.020821293457174195,0.0,0.016717595026827292
TCGA-DU-A7TB-01A,elastic_net,0.0,0.0,0.0,0.0,0.0,0.0,0.9487413554323461,0.05125864456765399
TCGA-DU-A7TC-01A,elastic_net,0.36419193674413414,0.0904001994424046,0.0,0.0,0.28648356487340676,0.07898006341965452,0.019939923515289722,0.16000431200511012
TCGA-DU-A7TD-01A,elastic_net,0.9550559764889084,0.03195945864263223,0.0,0.0,0.0,0.0,0.0,0.012984564868459328
TCGA-DU-A7TG-01A,elastic_net,0.588576709591854,0.08696824358301171,0.0,0.0,0.009393697834500841,0.06717109412076815,0.04426207344792744,0.2036281814219379
TCGA-DU-A7TI-01A,elastic_net,0.47201758452626197,0.16552894781685254,0.0007831754989944203,0.0,0.06616399995838082,0.060726178076691104,0.03866263997742711,0.19611747414539207
TCGA-DU-A7TJ-01A,elastic_net,0.924170141697324,0.06024466672215655,0.0,0.0,0.0,0.001220757685799934,0.0,0.01436443389471939
TCGA-E1-5302-01A,elastic_net,0.9200574208560723,0.02935558653627315,0.0,0.0,0.0,0.0,0.0,0.05058699260765447
TCGA-E1-5303-01A,elastic_net,0.5015826462430115,0.1319150199358009,0.0,0.0,0.018654940438854063,0.01313684850504343,0.13160077868669706,0.203109766190593
TCGA-E1-5304-01A,elastic_net,0.15094372840102832,0.036614034511556384,0.012242225657454907,0.033089031365288776,0.4349542378468974,0.099397200982887,0.16423429512746812,0.06852524610741913
TCGA-E1-5305-01A,elastic_net,0.8440647207737412,0.03571560844169614,0.0,0.0,0.0,0.007589247028993962,0.02851492400259705,0.08411549975297157
TCGA-E1-5307-01A,elastic_net,0.3179137026444206,0.11344826255898618,0.0,0.0,0.18542334404323657,0.05384785335966182,0.05579769087650808,0.2735691465171869
TCGA-E1-5311-01A,elastic_net,0.4208184090392432,0.027383813643470988,0.0,0.0,0.22934570808655058,0.14361066978245574,0.017510032654424353,0.16133136679385524
TCGA-E1-5318-01A,elastic_net,0.11448176552617988,0.03772405434524205,0.007432710813423128,0.012391169470263965,0.37325588333168463,0.34661433401964187,0.04625578782954573,0.06184429466401873
TCGA-E1-5319-01A,elastic_net,0.8855721946080676,0.0,0.0,0.0,0.0,0.0,0.06530988075870355,0.04911792463322878
TCGA-E1-5322-01A,elastic_net,0.41459161528584365,0.23616013800948185,0.0,0.0,0.12502600175575887,0.07690839238074351,0.029468377287393713,0.11784547528077852
TCGA-E1-A7YD-01A,elastic_net,0.9725940195532481,0.0,0.0,0.0,0.0,0.0,0.0,0.02740598044675189
TCGA-E1-A7YE-01A,elastic_net,0.8816893977093395,0.08904892987619528,0.0,0.0,0.0,0.011390744263993679,0.0,0.0178709281504716
TCGA-E1-A7YH-01A,elastic_net,0.16022145837372465,0.06293928345871405,0.0,0.0,0.15016923978872906,0.058354322391442004,0.379827880549123,0.18848781543826726
TCGA-E1-A7YI-01A,elastic_net,0.5573352096814561,0.06674641354958535,0.0,0.006630462825306367,0.06143936097358584,0.1853803197927471,0.09582346476188944,0.026644768415429787
TCGA-E1-A7YJ-01A,elastic_net,0.46335882972452486,0.16144308636712487,0.053919257803808594,0.0,0.014483579206756905,0.11032841300511852,0.05922623120518163,0.13724060268748467
TCGA-E1-A7YK-01A,elastic_net,0.23742022907063226,0.16730694820173928,0.0,0.0,0.049911545647321656,0.028246039570395762,0.34527331794550425,0.17184191956440675
TCGA-E1-A7YL-01A,elastic_net,0.0,0.0,0.0,0.0,0.0,0.0,0.0,1.0
TCGA-E1-A7YM-01A,elastic_net,0.0,0.0,0.0,0.0,0.0,0.0,0.6696195674063511,0.3303804325936489
TCGA-E1-A7YN-01A,elastic_net,0.9052888605405238,0.057475024904344744,0.0,0.0,0.0,0.0,0.0,0.03723611455513131
TCGA-E1-A7YO-01A,elastic_net,0.6773923399758219,0.042045656237586965,0.0,0.0,0.057507840413343496,0.09824774404530211,0.0,0.1248064193279455
TCGA-E1-A7YQ-01A,elastic_net,0.7010072385486815,0.15503741521795028,0.0,0.0,0.0,0.06976793175345185,0.0,0.07418741447991632
TCGA-E1-A7YS-01A,elastic_net,0.2880037037778039,0.05687827628139897,0.0028128577927330443,0.012264212016834562,0.23063609566440532,0.09197053607863723,0.15968206442980495,0.15775225395838197
TCGA-E1-A7YU-01A,elastic_net,0.32158856435828176,0.07627344296398143,0.0,0.0,0.18202400407857916,0.06961679917973579,0.17548165646053154,0.17501553295889036
TCGA-E1-A7YV-01A,elastic_net,0.4064380326150107,0.052102828422066906,0.016070136608445577,0.006367549648248624,0.17673028905915517,0.20010199511469612,0.03938834283456054,0.10280082569781647
TCGA-E1-A7YW-01A,elastic_net,0.5027739813070704,0.12545817757581956,0.0,0.0,0.09784916444060725,0.03496886609263923,0.02973488040528336,0.20921493017858014
TCGA-E1-A7YY-01A,elastic_net,0.9087968513700935,0.012908877139925489,0.0,0.0,0.0,0.002517768915801363,0.011498526611764107,0.0642779759624157
TCGA-E1-A7Z2-01A,elastic_net,0.9291446614801883,0.0,0.0,0.0,0.0,0.0,0.004755993196289113,0.0660993453235226
TCGA-E1-A7Z3-01A,elastic_net,0.4132851713167966,0.10252247457342653,0.0,0.0,0.04412473385704319,0.09594760817103123,0.03665895650333459,0.3074610555783679
TCGA-E1-A7Z4-01A,elastic_net,0.9357001063797374,0.015481277245324011,0.0,0.0,0.0,0.0,0.0,0.04881861637493857
TCGA-E1-A7Z6-01A,elastic_net,0.8064921670707923,0.04299890909817218,0.0,0.0,0.0,0.0,0.0,0.15050892383103553
TCGA-EZ-7264-01A,elastic_net,0.8925852981099343,0.003609610379185126,0.0,0.0,0.0,0.0,0.05704467630225225,0.04676041520862834
TCGA-F6-A8O3-01A,elastic_net,0.1500552859270038,0.028504729324960152,0.011745161073962824,0.021498001946833222,0.4342686060567646,0.13232995634607247,0.03275339318542448,0.18884486613897844
TCGA-F6-A8O4-01A,elastic_net,0.6093903351260921,0.058913195570611795,0.0,0.0,0.07352627046125125,0.05903865175988068,0.036554375302075864,0.1625771717800884
TCGA-FG-5962-01B,elastic_net,0.796783701163962,0.05223996913342725,0.0,0.0,0.0,0.008263519050203401,0.01060188961279706,0.13211092103961017
TCGA-FG-5963-01A,elastic_net,0.4998473695576854,0.17024223834331725,0.0,0.0,0.0,0.032162827306381335,0.19639717654588404,0.10135038824673201
TCGA-FG-5963-02A,elastic_net,0.6322694030920957,0.028309646178240135,0.0,0.006415164955433572,0.0034134135132721137,0.282310515124733,0.04728185713622562,0.0
TCGA-FG-5964-01A,elastic_net,0.9203815304317156,0.02298019853811567,0.0,0.0,0.0,0.0,0.022981829594486334,0.033656441435682416
TCGA-FG-5965-01B,elastic_net,0.9512438374640316,0.005692865126289773,0.0,0.0,0.0,0.0,0.0,0.0430632974096786
TCGA-FG-6688-01A,elastic_net,0.7100791059449486,0.09313974612415797,0.0,0.0,0.0,0.007419539359030885,0.07855374397645319,0.11080786459540945
TCGA-FG-6689-01A,elastic_net,0.854132602442108,0.04135674815438742,0.0,0.0,0.0,0.0,0.02735367513749021,0.07715697426601452
TCGA-FG-6690-01A,elastic_net,0.7714772110188115,0.10201318332887466,0.0,0.0,0.0,0.011910734278617285,0.0,0.11459887137369643
TCGA-FG-6691-01A,elastic_net,0.4120436335304009,0.2524809615279188,0.010083798660416348,0.0,0.06942410445660109,0.08298697832581746,0.037536250169224884,0.1354442733296203
TCGA-FG-6692-01A,elastic_net,0.9737206337817814,0.005513378172005652,0.0,0.0,0.0,0.0,0.0,0.02076598804621279
TCGA-FG-7634-01A,elastic_net,0.6361311140490923,0.08577054406263186,0.0,0.0,0.0,0.10679481568496496,0.11841410580717132,0.05288942039613956
TCGA-FG-7636-01A,elastic_net,0.3999300641918185,0.08249663188115898,0.0,0.0,0.17390751470881302,0.04846596449539928,0.0910318584070073,0.204167966315803
TCGA-FG-7638-01B,elastic_net,0.38830788599995875,0.056557201329293295,0.0,0.0,0.0763948718888853,0.06603998629776432,0.09341822288553546,0.3192818315985628
TCGA-FG-7641-01B,elastic_net,0.8023514313057332,0.0,0.0,0.0,0.0,0.0,0.10490438095647063,0.09274418773779619
TCGA-FG-7643-01A,elastic_net,0.7466569489233522,0.0,0.0,0.0,0.0,0.007858143228201093,0.14009448993037213,0.10539041791807455
TCGA-FG-8181-01A,elastic_net,0.8525537114148839,0.00432801949048086,0.0,0.0,0.0,0.031354604620235295,0.0,0.11176366447439996
TCGA-FG-8182-01A,elastic_net,0.7224049136510904,0.08190412536657574,0.0,0.0,0.0,0.003991818828660653,0.1404105835354706,0.05128855861820275
TCGA-FG-8185-01A,elastic_net,0.8433775730903026,0.02391791074384015,0.0,0.0,0.06528463076981147,0.03664337287991244,0.0,0.03077651251613344
TCGA-FG-8186-01A,elastic_net,0.8837402849832419,0.054348740794087684,0.0,0.0,0.0,0.0,0.007452534657915889,0.05445843956475466
TCGA-FG-8187-01A,elastic_net,0.23751581026677815,0.04941699219427832,0.0,0.0,0.03946249104628172,0.012417225452232155,0.47235610022082036,0.18883138081960912
TCGA-FG-8188-01A,elastic_net,0.28225028690281734,0.08179323450956266,0.0,0.0,0.09446312227839349,0.06422862926335701,0.32051256338053674,0.15675216366533276
TCGA-FG-8191-01A,elastic_net,0.582070621960266,0.07120784768327364,0.0,0.0,0.0,0.021905281449719215,0.2123915083819951,0.11242474052474602
TCGA-FG-A4MT-01A,elastic_net,0.9305321407224817,0.03197066228427528,0.0,0.0,0.0,0.01757220199114971,0.001835671493141298,0.018089323508952055
TCGA-FG-A4MT-02A,elastic_net,0.16261184152707192,0.058656298942087376,0.0,0.0,0.2150759446854943,0.06034113689588171,0.25161542770618417,0.25169935024328055
TCGA-FG-A4MW-01A,elastic_net,0.9428428551888588,0.0,0.0,0.0,0.0,0.0,0.03246800744766614,0.024689137363475062
TCGA-FG-A4MX-01A,elastic_net,0.844676832985486,0.03545573418864807,0.0,0.0,0.03847783515765471,0.06543481187206916,0.0,0.015954785796141905
TCGA-FG-A4MY-01A,elastic_net,0.1936139213503714,0.04530538559991779,0.0,0.0,0.1273016636795848,0.026810930095353347,0.39672109298097424,0.21024700629379842
TCGA-FG-A60J-01A,elastic_net,0.8117168115440929,0.07139913503020422,0.0,0.0,0.0,0.0,0.027442603692594134,0.08944144973310872
TCGA-FG-A60K-01A,elastic_net,0.8782185032198023,0.024349500420316594,0.0,0.0,0.0,0.0,0.011531035262674294,0.08590096109720682
TCGA-FG-A60L-01A,elastic_net,0.9109852656907386,0.042316134234122685,0.0,0.0,0.0,0.0,0.018067039194393036,0.02863156088074578
TCGA-FG-A6IZ-01A,elastic_net,0.9552893804993556,0.014093935941016544,0.0,0.0,0.011444736912559176,0.002878765453195711,0.0,0.01629318119387286
TCGA-FG-A6J1-01A,elastic_net,0.9307168954166669,0.018159548342429672,0.0,0.0,0.009215120524440252,0.015133220170006042,0.0,0.02677521554645718
TCGA-FG-A6J3-01A,elastic_net,0.9548900716804452,0.01664014038896705,0.0,0.0,0.0,0.0,0.0,0.02846978793058789
TCGA-FG-A70Y-01A,elastic_net,0.8593391653156184,0.029766184187138063,0.0,0.0,0.0,0.0,0.05500743557625814,0.055887214920985424
TCGA-FG-A70Z-01A,elastic_net,0.9392396708310273,0.02820778939253322,0.0,0.0,0.0,0.0,0.0,0.032552539776439515
TCGA-FG-A710-01A,elastic_net,0.9200263243002661,0.04198456368180464,0.0,0.0,0.0,0.0,0.0,0.037989112017929184
TCGA-FG-A711-01A,elastic_net,0.7989481637437454,0.06525541285303924,0.0,0.0,0.0,0.009101040081964776,0.006434410398380008,0.12026097292287047
TCGA-FG-A713-01A,elastic_net,0.8375187453793912,0.0,0.0,0.0,0.0,0.0,0.07795439383277825,0.08452686078783055
TCGA-FG-A87N-01A,elastic_net,0.7985413864753524,0.06900048055079956,0.0,0.0,0.0233618476100288,0.07472846449896067,0.02330565551326531,0.011062165351593201
TCGA-FG-A87Q-01A,elastic_net,0.8270155765748699,0.05369106677691411,0.0,0.0,0.0,0.00321814131041972,0.06445449791277204,0.051620717425024276
TCGA-FN-7833-01A,elastic_net,0.41349929252296197,0.23149037361259914,0.0,0.0,0.036099679000484615,0.02725571127162933,0.00776766660288459,0.2838872769894404
TCGA-HT-7467-01A,elastic_net,0.05201912679896337,0.003905555906852789,0.0,0.0,0.0632218135114483,0.02813419723693021,0.6584344923511973,0.19428481419460786
TCGA-HT-7468-01A,elastic_net,0.939420796753627,0.005681360061493205,0.0,0.0,0.0,7.826726035978717e-06,0.005071653931636372,0.04981836252720743
TCGA-HT-7469-01A,elastic_net,0.7073553324343447,0.09063356947821827,0.02946137854502537,0.0,0.055641643544349036,0.05597253562770418,0.011866428270337964,0.04906911210002054
TCGA-HT-7470-01A,elastic_net,0.28036304545899937,0.07172436417007005,0.0,0.0,0.06809537311285568,0.04811976588883414,0.31041619703212253,0.22128125433711826
TCGA-HT-7471-01A,elastic_net,0.7651341311668559,0.10451804119132306,0.0,0.0,0.005883670011221184,0.022325119664184635,0.00988481438369618,0.09225422358271895
TCGA-HT-7472-01A,elastic_net,0.5684853758838373,0.13247034557767942,0.0,0.0,0.00997354686413366,0.030768788041497953,0.0880853786980707,0.17021656493478096
TCGA-HT-7473-01A,elastic_net,0.7828814469923367,0.12344492465411015,0.0,0.0,0.0,0.004110480051391547,0.000487992244095492,0.08907515605806611
TCGA-HT-7474-01A,elastic_net,0.36035203098520613,0.053698620335054736,0.0,0.0,0.03892783224222832,0.0327818396812092,0.26130497005113085,0.2529347067051709
TCGA-HT-7475-01A,elastic_net,0.18299062418615736,0.031246101351379205,0.0,0.003480681797412805,0.33604876425884866,0.08697403374876506,0.15929159753887767,0.19996819711855915
TCGA-HT-7476-01A,elastic_net,0.1820143593296527,0.07443887794401582,0.0,0.0,0.2103758687608615,0.23228235503923192,0.10057176480606841,0.20031677412016957
TCGA-HT-7477-01B,elastic_net,0.8887514210598635,0.033722062973403605,0.0,0.0,0.0,0.05262026760997568,0.009090444984826961,0.01581580337193023
TCGA-HT-7478-01A,elastic_net,0.7139489934964339,0.16757544459697404,0.0,0.0,0.003715534103890686,0.0302563390967655,0.0,0.08450368870593568
TCGA-HT-7479-01A,elastic_net,0.3973310628064105,0.09304570163318933,0.0,0.0,0.024193476791247132,0.01958874741709156,0.2750684068183455,0.190772604533716
TCGA-HT-7480-01A,elastic_net,0.8536308739397929,0.018921282711458907,0.0,0.0,0.0,0.015360252203443503,0.03636109536554608,0.07572649577975867
TCGA-HT-7481-01A,elastic_net,0.0,0.0,0.0,0.0,0.07281800770993692,0.0,0.6627825822891101,0.26439941000095296
TCGA-HT-7482-01A,elastic_net,0.6587118713976027,0.08533568541073074,0.0,0.0,0.0,0.0,0.1255207136049898,0.13043172958667676
TCGA-HT-7483-01A,elastic_net,0.8489702924063203,0.035230852251363645,0.0,0.0,0.001800868927269798,0.055270534458241594,0.0,0.058727451956804615
TCGA-HT-7485-01A,elastic_net,0.9219877013097788,0.0,0.0,0.0,0.0,0.0,0.02545439961468105,0.05255789907554013
TCGA-HT-7601-01A,elastic_net,0.3685403170536297,0.24886261532600162,0.0,0.0,0.0,0.029093355561052237,0.21808008489953873,0.13542362715977774
TCGA-HT-7602-01A,elastic_net,0.5804760804696358,0.05324804510440548,0.0,0.0,0.0,0.0,0.22970393988839427,0.1365719345375643
TCGA-HT-7603-01A,elastic_net,0.6998385247601501,0.012300843038566307,0.0,0.0,0.040795092449682026,0.027523885080623155,0.11315974464814228,0.10638191002283619
TCGA-HT-7604-01A,elastic_net,0.2621689954289145,0.0925737196237632,0.0,0.0,0.3013800416727308,0.07829825463121001,0.04587013493938216,0.21970885370399937
TCGA-HT-7605-01A,elastic_net,0.6543045613215267,0.04398107444431287,0.0,0.0,0.0,0.0005101536334951543,0.154723792821346,0.14648041777931922
TCGA-HT-7606-01A,elastic_net,0.7318682459230914,0.06559393822334238,0.0,0.0,0.0,0.07000635071911684,0.06369764206880785,0.06883382306564158
TCGA-HT-7607-01A,elastic_net,0.8509942877293297,0.014111245448323931,0.0,0.0,0.0,0.0,0.04595045224350149,0.08894401457884485
TCGA-HT-7609-01A,elastic_net,0.2689363555525109,0.11582285219612479,0.0,0.0,0.2663538853231839,0.07093761051414693,0.08335423016205891,0.1945950662519746
TCGA-HT-7610-01A,elastic_net,0.07112072215564601,0.04440599372579912,0.0,0.0,0.19864470240021684,0.06383532574729962,0.3454276920663864,0.276565563904652
TCGA-HT-7611-01A,elastic_net,0.8006238538102902,0.08446038651247668,0.0,0.0,0.0,0.0037618968478015523,0.020157336354981976,0.09099652647444968
TCGA-HT-7616-01A,elastic_net,0.9155528708477514,0.03231556198550413,0.0,0.0,0.0,0.014781356732099394,0.0,0.03735021043464518
TCGA-HT-7620-01A,elastic_net,0.6736021063627566,0.013916796736661893,0.0,0.0,0.0,0.0,0.2470647075808413,0.06541638931974023
TCGA-HT-7676-01A,elastic_net,0.6708022160660462,0.1653929491146454,0.0,0.0,0.04734905111317682,0.021541509864588505,0.032510982688570035,0.06240329115297288
TCGA-HT-7677-01A,elastic_net,0.8869025438140657,0.007119715146907485,0.0,0.0,0.0,0.0,0.04580011472435931,0.06017762631466733
TCGA-HT-7680-01A,elastic_net,0.5920359827619412,0.10712180471568812,0.0,0.0,0.0,0.006644226670010105,0.0,0.29419798585236057
TCGA-HT-7681-01A,elastic_net,0.32088196150985454,0.07314537495949744,0.0,0.0,0.11480987843768525,0.08179157105772993,0.12677304457930635,0.2825981694559265
TCGA-HT-7684-01A,elastic_net,0.9553843870774865,0.0,0.0,0.0,0.0,0.0,0.0,0.04461561292251348
TCGA-HT-7686-01A,elastic_net,0.8841316438763017,0.07932926584767537,0.0,0.0,0.0,0.0,0.0,0.036539090276022826
TCGA-HT-7687-01A,elastic_net,0.8952167316887563,0.01628691317208279,0.0,0.0,0.0,0.02337824288696089,0.04185367555648395,0.023264436695716036
TCGA-HT-7688-01A,elastic_net,0.25525772446837586,0.04735370008960257,0.0,0.014799121764610472,0.17519910199260136,0.09109553421037404,0.20444103904635402,0.21185377842808173
TCGA-HT-7689-01A,elastic_net,0.6776779945707834,0.0681510054982302,0.0,0.0,0.0,0.0004632344880964629,0.1456794737019878,0.10802829174090217
TCGA-HT-7690-01A,elastic_net,0.8813144335476436,0.07307291087762205,0.0,0.0,0.0,0.008510895063290443,0.016619014490885247,0.020482746020558797
TCGA-HT-7691-01A,elastic_net,0.9419903228299534,0.0,0.0,0.0,0.0,0.0,0.0,0.05800967717004656
TCGA-HT-7692-01A,elastic_net,0.45873937372840257,0.09824922399626697,0.0,0.0,0.14635717109496363,0.0687175015448762,0.06590422206035594,0.16203250757513452
TCGA-HT-7693-01A,elastic_net,0.7664865142046522,0.11115394522873051,0.0,0.0,0.0,0.08011853695274085,0.0,0.04224100361387645
TCGA-HT-7694-01A,elastic_net,0.2731594103789666,0.031578259589861,0.0,0.0,0.05885616327063247,0.06388592296583671,0.2986074807204843,0.2739127630742189
TCGA-HT-7695-01A,elastic_net,0.7948660353104823,0.011137942793594879,0.0,0.0,0.0,0.002511182408245696,0.10029879769643771,0.09118604179123933
TCGA-HT-7854-01A,elastic_net,0.776351408038073,0.07986922834685913,0.0,0.0,0.0,0.0,0.015764815093784555,0.12801454852128336
TCGA-HT-7855-01A,elastic_net,0.8400161923636404,0.04531101071606196,0.0,0.0,0.007976107420635387,0.057683143797303944,0.0,0.04901354570235832
TCGA-HT-7856-01A,elastic_net,0.17328434932018527,0.027340839507235627,0.0,0.0,0.08816370326469321,0.09980786546165331,0.32840239792397613,0.2830008445222565
TCGA-HT-7857-01A,elastic_net,0.7639494564022979,0.1835712722535999,0.0,0.0,0.0,0.03152485566948719,0.004987644041515799,0.015966771633099182
TCGA-HT-7858-01A,elastic_net,0.6555020965138613,0.08684453832899254,0.0,0.0,0.005253623420700303,0.016498391227928018,0.14419103529870236,0.09171031520981546
TCGA-HT-7860-01A,elastic_net,0.8937898735112555,0.03240833608097998,0.0,0.0,0.0,0.0,0.0,0.07380179040776458
TCGA-HT-7873-01B,elastic_net,0.17346314994349527,0.06672523416515723,0.0,0.0,0.12162211872875331,0.05308684856053773,0.3365223622376503,0.24858028636440604
TCGA-HT-7874-01A,elastic_net,0.7777993089443633,0.0,0.0,0.0,0.0,0.006294612249393417,0.09625628816181557,0.1196497906444278
TCGA-HT-7875-01A,elastic_net,0.0,0.0,0.0,0.0,0.17260715045323985,0.0,0.0,0.8273928495467602
TCGA-HT-7877-01A,elastic_net,0.12654893618792531,0.0,0.0,0.0,0.14122983039016815,0.06966592369745733,0.3580304398009599,0.30452486992348937
TCGA-HT-7879-01A,elastic_net,0.9093977120189474,0.02380767736699041,0.0,0.0,0.0,0.0,0.019615292857330706,0.04717931775673167
TCGA-HT-7880-01A,elastic_net,0.382057631502066,0.05756375605000196,0.0,0.0,0.017206044428247667,0.03115802313676557,0.28249542863216337,0.22951911625075544
TCGA-HT-7881-01A,elastic_net,0.013467009962645306,0.0,0.0,0.0,0.021545479144587796,0.0,0.6663973277493432,0.29859018314342356
TCGA-HT-7882-01A,elastic_net,0.66680565165927,0.18978285770037875,0.0,0.0,0.0,0.1257990824428256,0.0,0.01761240819752558
TCGA-HT-7884-01B,elastic_net,0.3888704803663907,0.0,0.0,0.0,0.08278666415517118,0.0,0.293471836923408,0.23487101855503004
TCGA-HT-7902-01A,elastic_net,0.03884908124829099,0.001956245648626713,0.0,0.0,0.03804312661833687,0.004091639924174417,0.7649172029031976,0.1521427036573734
TCGA-HT-8010-01A,elastic_net,0.5408334024919239,0.08956407138093747,0.0,0.0,0.0,0.02978517679050353,0.018400457792537572,0.3214168915440975
TCGA-HT-8011-01A,elastic_net,0.9688364388157562,0.002122888209739907,0.0,0.0,0.0,0.0,0.0,0.029040672974504033
TCGA-HT-8012-01A,elastic_net,0.9011943030916303,0.020217777570688066,0.0,0.0,0.0,0.027588780691205485,0.006419902790444483,0.04457923585603174
TCGA-HT-8013-01A,elastic_net,0.7006077799222544,0.22520405432668827,0.0,0.0,0.0,0.0029274925974402846,0.014577111512666809,0.05668356164095021
TCGA-HT-8015-01B,elastic_net,0.25995246284811535,0.07975734113610036,0.0,0.0,0.04115363024611176,0.036878215553351704,0.27564641507018595,0.30661193514613494
TCGA-HT-8018-01A,elastic_net,0.8514683823719814,0.05808434930360815,0.0,0.0,0.0,0.03012937577877815,0.0,0.0603178925456324
TCGA-HT-8104-01A,elastic_net,0.9497917240420279,0.007206114660301845,0.0,0.0,0.0,0.0,0.014696335067713659,0.02830582622995655
TCGA-HT-8105-01A,elastic_net,0.7349919524759109,0.019136928757415874,0.0,0.0,0.04913835996494071,0.12992381073743456,0.008911837779494747,0.05789711028480327
TCGA-HT-8106-01A,elastic_net,0.6890940645321132,0.23072118145989243,0.0,0.0,0.0,0.0,0.05167887237001131,0.028505881637983097
TCGA-HT-8107-01A,elastic_net,0.1365250410023279,0.020116846716635512,0.0,0.039421291261129136,0.0317037293644097,0.11478218497645198,0.3973018601235018,0.26014904655554405
TCGA-HT-8108-01A,elastic_net,0.8275901586803117,0.0954403916416165,0.0,0.0,0.0,0.016917162802158586,0.014549356304402468,0.045502930571510745
TCGA-HT-8109-01A,elastic_net,0.6404349616491215,0.05521981858950408,0.0,0.0,0.0,0.020206200410018194,0.1446787808396345,0.13946023851172162
TCGA-HT-8110-01A,elastic_net,0.5693547246216556,0.2512477076941487,0.0,0.0,0.0,0.02183333135506712,0.0013515305446958684,0.15621270578443272
TCGA-HT-8111-01A,elastic_net,0.48273164559596793,0.09973586286586164,0.0,0.0,0.0,0.008673648282448878,0.22106370819521273,0.18779513506050874
TCGA-HT-8113-01A,elastic_net,0.6915153249483087,0.0071638437814807,0.0,0.0,0.0,0.03743688514746934,0.10789707783104015,0.155986868291701
TCGA-HT-8114-01A,elastic_net,0.7456157367146888,0.12193009659460317,0.0,0.0,0.0,0.03590638190870458,0.0,0.0965477847820034
TCGA-HT-8563-01A,elastic_net,0.8201662036993169,0.15719148291662868,0.0,0.0,0.0,0.0,0.0,0.022642313384054532
TCGA-HT-8564-01A,elastic_net,0.28507779418149665,0.15229550397763408,0.0,0.0104580917890653,0.10170298078546938,0.09274480215552754,0.15320482373045063,0.20451600338035653
TCGA-HT-A4DS-01A,elastic_net,0.8887851722827504,0.0754244947461684,0.0,0.0,0.0,0.0,0.0,0.03579033297108123
TCGA-HT-A5R5-01A,elastic_net,0.8189311165124115,0.08513655771487913,0.0,0.0,0.0,0.0,0.0,0.09593232577270933
TCGA-HT-A5R7-01A,elastic_net,0.9348794038175186,0.0,0.0,0.0,0.0,0.0,0.022625729616611,0.04249486656587035
TCGA-HT-A5R9-01A,elastic_net,0.11687840259434637,0.025810689831042413,0.00957315109990552,0.021318272566221323,0.5519217325735533,0.1672331490967657,0.01555490211652886,0.09170970012163653
TCGA-HT-A5RA-01A,elastic_net,0.9579307318324485,0.0,0.0,0.0,0.0,0.0,0.0,0.042069268167551466
TCGA-HT-A5RB-01A,elastic_net,0.12431258816692736,0.03193141008451001,0.0,0.0,0.28118208754214163,0.0981102360979219,0.19135658962263788,0.27310708848586124
TCGA-HT-A5RC-01A,elastic_net,0.9702837177545625,0.0,0.0,0.0,0.0,0.0,0.0,0.029716282245437643
TCGA-HT-A614-01A,elastic_net,0.8566102491589545,0.004195799366333929,0.0,0.0,0.0,0.0,0.08720727454128181,0.05198667693342972
TCGA-HT-A615-01A,elastic_net,0.8620183866029488,0.041623419186236896,0.0,0.0,0.0,0.0,0.03546518270354367,0.0608930115072707
TCGA-HT-A616-01A,elastic_net,0.5621725472092849,0.07125919676320511,0.0,0.0,0.06484081281270287,0.08244405240994303,0.016254145475681686,0.20302924532918246
TCGA-HT-A617-01A,elastic_net,0.9290265782582081,0.011936309178764726,0.0,0.0,0.0,0.0,0.0,0.05903711256302713
TCGA-HT-A618-01A,elastic_net,0.7542607725935083,0.14513400202681717,0.0,0.0,0.0,0.010108557044133968,0.002235086510294764,0.0882615818252458
TCGA-HT-A61C-01A,elastic_net,0.8992600403505571,0.03933029523044614,0.0,0.0,0.0,0.030667332167434534,0.009654496634840259,0.02108783561672197
TCGA-HT-A74H-01A,elastic_net,0.9475963844085605,0.0,0.0,0.0,0.0,0.0,0.022621747307033542,0.029781868284405984
TCGA-HT-A74J-01A,elastic_net,0.9574236459612593,0.0,0.0,0.0,0.0,0.0,0.0,0.04257635403874067
TCGA-HT-A74K-01A,elastic_net,0.9520266985103242,0.007240042936587086,0.0,0.0,0.0,0.0011013318524214224,0.010363866109236402,0.029268060591430948
TCGA-HT-A74L-01A,elastic_net,0.1971929378033783,0.07431333128552771,0.0,0.0,0.17930578291641794,0.08560738759418471,0.22361939561190974,0.2399611647885817
TCGA-HT-A74O-01A,elastic_net,0.894878252720693,0.07356631875686498,0.0,0.0,0.0,0.0,0.007296708010101064,0.02425872051234088
TCGA-HW-7486-01A,elastic_net,0.1360346483565255,0.034973396100583844,0.0,0.0,0.048563416835698606,0.019381159501010988,0.6190006040936787,0.1420467751125023
TCGA-HW-7487-01A,elastic_net,0.7800107464243698,0.009023040768233513,0.0,0.0,0.01626555359257003,0.020662219787366598,0.08641225774688704,0.08762618168057291
TCGA-HW-7489-01A,elastic_net,0.8760109276851822,0.017751978795899567,0.0,0.0,0.0,0.0,0.015593058658540956,0.09064403486037735
TCGA-HW-7490-01A,elastic_net,0.747642369515215,0.07840315194335086,0.0,0.0,0.006928412944148126,0.08548915383029979,0.0,0.08153691176698616
TCGA-HW-7491-01A,elastic_net,0.29721802388068636,0.04215271885081759,0.04541522802771044,0.026959282898442082,0.13964080687165736,0.15577840779594604,0.16630973073487726,0.1265258009398629
TCGA-HW-7493-01A,elastic_net,0.7296257079729639,0.09393116083814114,0.0,0.0,0.0,0.02265390323175491,0.0,0.15378922795714
TCGA-HW-7495-01A,elastic_net,0.37068881391177255,0.029630842287215936,0.0,0.0,0.03481770808951293,0.04715238790789005,0.3421372845870063,0.17557296321660218
TCGA-HW-8319-01A,elastic_net,0.23681313112906177,0.07794962713457375,0.0,0.0,0.12892178419469982,0.037614720839202684,0.18548819410438416,0.33321254259807775
TCGA-HW-8320-01A,elastic_net,0.9515558445788469,0.01944154750193978,0.0,0.0,0.0,0.0,0.0,0.029002607919213167
TCGA-HW-8321-01A,elastic_net,0.8664195678308395,0.030218605404245532,0.0,0.0,0.0,0.0383916224883777,0.03810494697607756,0.0268652573004597
TCGA-HW-8322-01A,elastic_net,0.18932543529762566,0.05256985724823472,0.0,0.0,0.25433401499364316,0.08044177875404637,0.2375197809174687,0.1858091327889813
TCGA-HW-A5KJ-01A,elastic_net,0.11980260435112476,0.021464135139993325,0.0,0.0,0.47835740605514326,0.24200072359089791,0.04284212501876452,0.09553300584407637
TCGA-HW-A5KK-01A,elastic_net,0.8383531517537223,0.04422859912985842,0.0,0.0,0.0,0.0,0.06375644032770066,0.053661808788718686
TCGA-HW-A5KL-01A,elastic_net,0.2641071861691674,0.08083516126879246,0.0,0.0,0.1731344988171787,0.0456976742626635,0.1910764634768755,0.24514901600532246
TCGA-HW-A5KM-01A,elastic_net,0.4575160948353572,0.3233660713344041,3.0929355207391754e-05,0.0,0.013086058642151966,0.03863417053192783,0.0,0.16736667530095153
TCGA-IK-7675-01A,elastic_net,0.8119723579804266,0.046751630794008514,0.0,0.0,0.0,0.046892822726687204,0.03476488177767212,0.05961830672120572
TCGA-IK-8125-01A,elastic_net,0.8866474389444451,0.02111506126981903,0.0,0.0,0.0,0.0049855377259775,0.0,0.0872519620597584
TCGA-KT-A74X-01A,elastic_net,0.9247783077995125,0.0,0.0,0.0,0.0,0.0034066931084022235,0.04188867428324807,0.029926324808837185
TCGA-KT-A7W1-01A,elastic_net,0.9645853839629557,0.00781529105198373,0.0,0.0,0.0,0.00559276950197104,0.0,0.02200655548308956
TCGA-P5-A5ET-01A,elastic_net,0.6651813955976744,0.019192439461089107,0.0,0.0,0.026994581085211473,0.019096698860220782,0.1635691556081458,0.1059657293876586
TCGA-P5-A5EU-01A,elastic_net,0.7854945742632172,0.12015142151446007,0.0,0.0,0.0,0.048284320621564084,0.0,0.04606968360075855
TCGA-P5-A5EV-01A,elastic_net,0.9400126774797137,0.01038664175763434,0.0,0.0,0.0,0.0,0.0,0.04960068076265183
TCGA-P5-A5EW-01A,elastic_net,0.13903263168228844,0.0,0.0,0.0,0.0,0.0,0.058282371631844174,0.8026849966858675
TCGA-P5-A5EX-01A,elastic_net,0.9353301654603539,0.026598428624128624,0.0,0.0,0.0,0.0,0.0,0.038071405915517484
TCGA-P5-A5EY-01A,elastic_net,0.42384698407383486,0.08193281428340651,0.0,0.0,0.0255515985301677,0.03698676427053096,0.0,0.43168183884206013
TCGA-P5-A5EZ-01A,elastic_net,0.08768244501268126,0.03251115818933059,0.0,0.0,0.1751327649817804,0.04105498946825246,0.5364203579460539,0.12719828440190137
TCGA-P5-A5F0-01A,elastic_net,0.8982669567006789,0.0,0.0,0.0,0.0,0.016495277852130848,0.002035862805884819,0.0832019026413054
TCGA-P5-A5F1-01A,elastic_net,0.9422759649859166,0.009123794281914331,0.0,0.0,0.0,0.0,0.0,0.04860024073216917
TCGA-P5-A5F2-01A,elastic_net,0.8921643101419989,0.00519491632530006,0.0,0.0,0.0,0.0,0.021738800159282506,0.08090197337341849
TCGA-P5-A5F4-01A,elastic_net,0.6329610878877441,0.02515899696040782,0.0,0.0,0.06584893435075252,0.0642544271107912,0.08033725678953839,0.1314392969007659
TCGA-P5-A5F6-01A,elastic_net,0.7810343126659836,0.018834011221401978,0.0,0.0,0.0,0.1667454816423336,0.0,0.03338619447028089
TCGA-P5-A72U-01A,elastic_net,0.9453086505584058,0.0,0.0,0.0,0.0,0.0,0.0,0.05469134944159407
TCGA-P5-A72W-01A,elastic_net,0.9314466076513287,0.022233533242497383,0.0,0.0,0.0,0.0,0.0,0.04631985910617384
TCGA-P5-A72X-01A,elastic_net,0.5069327686080755,0.08529662258238413,0.005054146943598303,0.0,0.016068883452961216,0.11953819204903518,0.0,0.26710938636394566
TCGA-P5-A72Z-01A,elastic_net,0.2063155032197913,0.0227849838630147,0.0,0.0,0.27582314803723174,0.12383031266743663,0.2760479063468132,0.0951981458657125
TCGA-P5-A730-01A,elastic_net,0.6681677093595193,0.02561994169885936,0.0,0.0,0.060896739796699954,0.05446714088186336,0.10985213455389724,0.0809963337091608
TCGA-P5-A731-01A,elastic_net,0.5583014227627439,0.10321427612162294,0.0,0.0,0.023585626531436234,0.08865100660527692,0.0,0.2262476679789201
TCGA-P5-A733-01A,elastic_net,0.20557533892663013,0.045657455825224194,0.0,0.0,0.2825517939697296,0.07956526761820532,0.03327456844010821,0.3533755752201026
TCGA-P5-A735-01A,elastic_net,0.8853571383792718,0.03541797931320985,0.0,0.0,0.0,0.0,0.02674897269166927,0.05247590961584914
TCGA-P5-A736-01A,elastic_net,0.9797550811134434,0.0,0.0,0.0,0.0,0.0,0.0,0.020244918886556617
TCGA-P5-A737-01A,elastic_net,0.8197234187664615,0.06300897891596643,0.0,0.0,0.01407717512872214,0.01547637938074772,0.01567918544529585,0.07203486236280641
TCGA-P5-A77W-01A,elastic_net,0.1262280234504451,0.0215282018844762,0.0003848231323169465,0.013382844458032981,0.46489537493157673,0.15112795387797273,0.13029410591890003,0.09215867234627927
TCGA-P5-A77X-01A,elastic_net,0.9215818827571156,0.0,0.0,0.0,0.0,0.0,0.005470817754240231,0.07294729948864422
TCGA-P5-A780-01A,elastic_net,0.4950309097395215,0.09534710402431287,0.0,0.0,0.1027691090378954,0.07198274409528431,0.15022069856853637,0.08464943453444947
TCGA-P5-A781-01A,elastic_net,0.8447258399958819,0.011989400633246354,0.0,0.0,0.0,0.0,0.06293844893021984,0.08034631044065199
TCGA-QH-A65R-01A,elastic_net,0.7772391625433913,0.009409901598454687,0.0,0.0,0.08206127827486608,0.09665692615323969,0.015573638974038833,0.01905909245600934
TCGA-QH-A65S-01A,elastic_net,0.39839684954690485,0.0920859898800652,0.0,0.0,0.060557835770070935,0.03280810423577678,0.2339187172985632,0.18223250326861892
TCGA-QH-A65V-01A,elastic_net,0.6677055642202082,0.05447514120598529,0.0,0.0,0.0,0.0038989476897966073,0.1539291110402125,0.11999123584379755
TCGA-QH-A65X-01A,elastic_net,0.7789863858084495,0.015875999437244215,0.0,0.0,0.07584633208498695,0.10345092007182025,0.0,0.025840362597499122
TCGA-QH-A65Z-01A,elastic_net,0.9312938350180587,0.0,0.0,0.0,0.0,0.0,0.017539558833653605,0.05116660614828766
TCGA-QH-A6CS-01A,elastic_net,0.9102678665101706,0.0,0.0,0.0,0.0,0.0,0.02230139788940433,0.06743073560042505
TCGA-QH-A6CU-01A,elastic_net,0.7069326839296409,0.06194770443553203,0.0,0.0,0.0,0.0,0.08568392926707788,0.14543568236774906
TCGA-QH-A6CV-01A,elastic_net,0.7825649642815624,0.10674078275515825,0.0,0.0,0.0,0.03971188505285998,0.020839157784263974,0.050143210126155406
TCGA-QH-A6CW-01A,elastic_net,0.9404093490187483,0.02474086776389554,0.0,0.0,0.0,0.0,0.0,0.03484978321735615
TCGA-QH-A6CX-01A,elastic_net,0.9011608951095346,0.012112504097855973,0.0,0.0,0.0,0.0,0.018921931403387552,0.06780466938922194
TCGA-QH-A6CY-01A,elastic_net,0.22618589338271866,0.03360105611589821,0.0,0.0,0.10348021988649425,0.03680752006662864,0.3531995345561245,0.24672577599213572
TCGA-QH-A6CZ-01A,elastic_net,0.8972977144956288,0.010906743669175182,0.0,0.0,0.0,0.01051035565611955,0.027481888612599096,0.05380329756647746
TCGA-QH-A6X3-01A,elastic_net,0.20967444696309875,0.06772007543938345,0.0,0.0,0.2029491953154701,0.0924793117454115,0.18817688830936385,0.23900008222727237
TCGA-QH-A6X4-01A,elastic_net,0.09878486684635714,0.019434301127495692,0.0,0.0,0.15000604283144245,0.020842603335927152,0.5212076370072173,0.18972454885156037
TCGA-QH-A6X5-01A,elastic_net,0.8252533005452363,0.0,0.0,0.0,0.0,0.0,0.10108831289048795,0.07365838656427576
TCGA-QH-A6X8-01A,elastic_net,0.511595527228808,0.0723298018452918,0.0,0.0,0.03373195959352577,0.05201596959841621,0.19122909600873486,0.13909764572522348
TCGA-QH-A6X9-01A,elastic_net,0.9367920351957663,0.011079619365942447,0.0,0.0,0.0,0.0,0.0,0.0521283454382912
TCGA-QH-A6XA-01A,elastic_net,0.4241356483068544,0.10353386490022186,0.0,0.0,0.0682163212362687,0.025869062293704503,0.17526894178382507,0.20297616147912548
TCGA-QH-A6XC-01A,elastic_net,0.9582445228448107,3.1366434895405066e-05,0.0,0.0,0.0,0.0,0.0035314500293074586,0.03819266069098653
TCGA-QH-A86X-01A,elastic_net,0.9485721397147966,0.0,0.0,0.0,0.0,0.0,0.0,0.05142786028520349
TCGA-QH-A870-01A,elastic_net,0.9283480699243701,0.003906871793759708,0.0,0.0,0.0,0.0,0.0,0.06774505828187036
TCGA-R8-A6MK-01A,elastic_net,0.7994450458446594,0.046665621674802524,0.0,0.0,0.0,0.0,0.02121759983560589,0.1326717326449321
TCGA-R8-A6ML-01A,elastic_net,0.8084738699719382,0.024619874294266163,0.0,0.0,0.0,0.013593820664431279,0.037026353005387286,0.11628608206397707
TCGA-R8-A6MO-01A,elastic_net,0.0,0.0,0.0,0.0,0.15698304591086717,0.0,0.5715861573165564,0.2714307967725765
TCGA-R8-A6YH-01A,elastic_net,0.9648229202854108,0.01766022828289182,0.0,0.0,0.0,0.0,0.0,0.017516851431697372
TCGA-RY-A83X-01A,elastic_net,0.45545716047242435,0.03893912185364605,0.0,0.0,0.07025141001233547,0.06633882513239886,0.2185485657675866,0.15046491676160864
TCGA-RY-A83Y-01A,elastic_net,0.9272369989036067,0.014900316786533908,0.0,0.0,0.0,0.01706123824550924,0.0040761580891741575,0.036725287975176095
TCGA-RY-A83Z-01A,elastic_net,0.9557794363480575,0.026847824568493273,0.0,0.0,0.0,0.0,0.0,0.017372739083449336
TCGA-RY-A840-01A,elastic_net,0.9561095489578288,0.003913120884105061,0.0,0.0,0.0,0.007379425986485735,0.0,0.03259790417158032
TCGA-RY-A843-01A,elastic_net,0.29295731460750246,0.07351111248150882,0.0,0.0,0.09948040497221748,0.07501169610053102,0.09115596140897947,0.36788351042926076
TCGA-RY-A845-01A,elastic_net,0.7214843753766216,0.07612914374694228,0.0,0.0,0.045969485539044994,0.027972618820520437,0.018494993729241953,0.10994938278762878
TCGA-RY-A847-01A,elastic_net,0.9183226580336304,0.028341861707107494,0.0,0.0,0.0,0.00013887146940587695,0.00930106902056692,0.04389553976928923
TCGA-S9-A6TS-01A,elastic_net,0.9211366898646787,0.03371447991284546,0.0,0.0,0.0,0.004662317649545499,0.0032590384240472423,0.03722747414888313
TCGA-S9-A6TU-01A,elastic_net,0.8720190604333978,0.05292160805992783,0.0,0.0,0.0,0.01499272529733323,0.033389304110880196,0.026677302098460826
TCGA-S9-A6TV-01A,elastic_net,0.9201196723215965,0.0572135896860633,0.0,0.0,0.0,0.0,0.0,0.022666737992340234
TCGA-S9-A6TW-01A,elastic_net,0.3775370581841672,0.012499420774523142,0.0,0.0,0.2117586230096563,0.2964141119797472,0.0394000215254598,0.06239076452644635
TCGA-S9-A6TX-01A,elastic_net,0.5750852026795761,0.03178639404198159,0.0,0.0,0.029946034529178156,0.06348508061327553,0.16767027066270537,0.13202701747328324
TCGA-S9-A6TY-01A,elastic_net,0.2203055871515532,0.026229705565482164,0.0,0.009417228734736835,0.2617192413909717,0.082140112164066,0.2476002604887805,0.1525878645044095
TCGA-S9-A6TZ-01A,elastic_net,0.9292655334576568,0.018938367013568234,0.0,0.0,0.0,0.0,0.0,0.05179609952877487
TCGA-S9-A6U0-01A,elastic_net,0.9010913114210304,0.010609547443620969,0.0,0.0,0.0,0.06536086820754534,0.0,0.022938272927803267
TCGA-S9-A6U1-01A,elastic_net,0.1802519047939897,0.09239145941370919,0.0,0.0,0.16118715405885828,0.08954566062594273,0.3377162123805166,0.13890760872698346
TCGA-S9-A6U2-01A,elastic_net,0.7915299235675984,0.06326053696381008,0.0,0.0,0.0,0.009557051638643434,0.0,0.13565248782994807
TCGA-S9-A6U5-01A,elastic_net,0.9581369099802118,0.0,0.0,0.0,0.0,0.0,0.0,0.04186309001978819
TCGA-S9-A6U6-01A,elastic_net,0.22373251958077656,0.08943019861450856,0.0,0.0,0.25471425996264085,0.0761530470239667,0.07320155060066036,0.2827684242174469
TCGA-S9-A6U8-01A,elastic_net,0.23929629495843038,0.08721847393277515,0.0,0.0,0.08190050935092769,0.018568285929740053,0.34637198184771184,0.22664445398041486
TCGA-S9-A6U9-01A,elastic_net,0.2983641825242854,0.10188448218575312,0.0,0.0,0.035768300780260796,0.09045263969882364,0.19745461133221082,0.2760757834786662
TCGA-S9-A6UA-01A,elastic_net,0.7179299708455843,0.1682195282183155,0.0,0.0,0.0,0.06657823535540458,0.00018937808545235575,0.04708288749524319
TCGA-S9-A6UB-01A,elastic_net,0.4580228326787824,0.022794719949688978,0.0,0.0,0.18059361564700468,0.06266921198979185,0.17996825142378248,0.09595136831094968
TCGA-S9-A6WD-01A,elastic_net,0.744790237885267,0.04679223093304963,0.0,0.0,0.03470142282698664,0.016987225675183144,0.08012949252178328,0.07659939015773028
TCGA-S9-A6WE-01A,elastic_net,0.9396824331005513,0.002469113739220972,0.0,0.0,0.0,0.0044634149653557985,0.01619012619437597,0.037194912000495954
TCGA-S9-A6WG-01A,elastic_net,0.3008429301294853,0.10720914508038429,0.0,0.0,0.10980483516683547,0.2959944332993475,0.0,0.18614865632394745
TCGA-S9-A6WH-01A,elastic_net,0.14494105217315667,0.04292764927765357,0.010985630409435385,0.02456610172378238,0.4498709709296895,0.14743757941487212,0.07670053979026195,0.10257047628114846
TCGA-S9-A6WI-01A,elastic_net,0.05628372821099218,0.009568720754368038,0.0,0.0030186056870436405,0.1517267166533013,0.1085348824959804,0.42800158284098533,0.2428657633573291
TCGA-S9-A6WL-01A,elastic_net,0.4075172261541069,0.07196450721022074,0.00967966140206829,0.0014352944401619567,0.10473819612686112,0.21283048146053526,0.0,0.1918346332060457
TCGA-S9-A6WM-01A,elastic_net,0.9811605180018621,0.0,0.0,0.0,0.0,0.0,0.0,0.018839481998137873
TCGA-S9-A6WN-01A,elastic_net,0.9639682031793902,0.0,0.0,0.0,0.0,0.0,0.0,0.036031796820609675
TCGA-S9-A6WO-01A,elastic_net,0.9449674293070106,0.027331299190019427,0.0,0.0,0.0,0.0,0.0,0.02770127150296998
TCGA-S9-A6WP-01A,elastic_net,0.3550377210261165,0.09490332313333394,0.0,0.0,0.12646059459899567,0.107133148881427,0.17047761485826693,0.14598759750185994
TCGA-S9-A6WQ-01A,elastic_net,0.314532259889615,0.10520479636221919,0.0,0.0,0.115524509805634,0.03599461258518717,0.2530021040010757,0.17574171735626906
TCGA-S9-A7IQ-01A,elastic_net,0.908840242213018,0.0,0.0,0.0,0.0,0.0,0.011680197783567011,0.079479560003415
TCGA-S9-A7IS-01A,elastic_net,0.2697416479693635,0.06691894288587304,0.0,0.03493991871975741,0.19075244498055632,0.2203269877505015,0.1746585216705635,0.042661536023384725
TCGA-S9-A7IX-01A,elastic_net,0.9150917052273563,0.038578178039359194,0.0,0.0,0.0,0.0,0.0,0.04633011673328453
TCGA-S9-A7IY-01A,elastic_net,0.9330281897320483,0.008228446010432194,0.0,0.0,0.0,0.0,0.0,0.0587433642575197
TCGA-S9-A7IZ-01A,elastic_net,0.9371927590337723,0.020481103395658482,0.0,0.0,0.0,0.0,0.0,0.04232613757056922
TCGA-S9-A7J0-01A,elastic_net,0.9589315561961812,0.01412501067788314,0.0,0.0,0.0,0.0,0.008658445371543907,0.01828498775439159
TCGA-S9-A7J1-01A,elastic_net,0.8184781020898563,0.00816207402145682,0.0,0.0,0.0,0.0,0.07143220423592332,0.10192761965276369
TCGA-S9-A7J2-01A,elastic_net,0.9136941963095258,0.008706369255595578,0.0,0.0,0.0,0.020341916193196263,0.0,0.057257518241682424
TCGA-S9-A7J3-01A,elastic_net,0.37756289968119605,0.07378701340596962,0.0,0.0,0.06075277978942291,0.08814540609736353,0.18109145636456847,0.2186604446614794
TCGA-S9-A7QW-01A,elastic_net,0.8121230062904851,0.02273459853591775,0.0,0.0,0.07685049524778821,0.013348122811894436,0.02542117093811992,0.04952260617579462
TCGA-S9-A7QX-01A,elastic_net,0.4474995687224956,0.1273374101996915,0.0,0.0,0.20071392890127773,0.06978239588281981,0.0388464158273202,0.11582028046639521
TCGA-S9-A7QY-01A,elastic_net,0.2817608090334069,0.04744354526157123,0.0,0.0,0.11484018981178436,0.061062964077276266,0.32507149158891274,0.1698210002270486
TCGA-S9-A7QZ-01A,elastic_net,0.2502327774542104,0.033087532263337216,0.0,0.00038248466615324747,0.26048835553457306,0.16811300427496106,0.12207251512569756,0.16562333068106758
TCGA-S9-A7R1-01A,elastic_net,0.9122822478974766,0.004747228742830284,0.0,0.0,0.026773773938471912,0.011709543814605157,0.0,0.04448720560661613
TCGA-S9-A7R2-01A,elastic_net,0.7004929237269125,0.09230149612294837,0.0,0.0,0.0,0.0,0.11637911371152651,0.09082646643861267
TCGA-S9-A7R3-01A,elastic_net,0.48782659983061083,0.09585221769836913,0.0,0.0,0.015872822906626793,0.046310059729670866,0.10499290910035364,0.24914539073436864
TCGA-S9-A7R4-01A,elastic_net,0.6164484607544203,0.09968148846395877,0.0,0.0,0.04869433958380004,0.16770211621857428,0.0,0.06747359497924664
TCGA-S9-A7R7-01A,elastic_net,0.7492183496198949,0.14698701161268893,0.0,0.0,0.0,0.010151261318457276,0.0,0.093643377448959
TCGA-S9-A7R8-01A,elastic_net,0.9034242382810455,0.03770141646766542,0.0,0.0,0.0,0.0,0.04670253668948503,0.012171808561804
TCGA-S9-A89V-01A,elastic_net,0.8448963872668349,0.05206220086535989,0.0,0.0,0.0,0.02005596080061605,0.0007938976320063189,0.082191553435183
TCGA-S9-A89Z-01A,elastic_net,0.7110844871000087,0.1346458512068391,0.0,0.0,0.0,0.06655719205459304,0.017392672490495,0.07031979714806427
TCGA-TM-A7C3-01A,elastic_net,0.9770816407853113,0.0,0.0,0.0,0.0,0.0,0.0,0.022918359214688648
TCGA-TM-A7C4-01A,elastic_net,0.7798275140445453,0.0502904909167365,0.0,0.0,0.0005803999396355762,0.020008407870927367,0.0,0.14929318722815527
TCGA-TM-A7C5-01A,elastic_net,0.7481838369647655,0.008899859380753569,0.0,0.0,0.1276279574468242,0.07416323278744925,0.015443261568234105,0.02568185185197328
TCGA-TM-A7CA-01A,elastic_net,0.35717833516707936,0.087871346964589,0.0,0.0,0.1608806827755412,0.07655661291724844,0.15920649778268126,0.15830652439286075
TCGA-TM-A7CF-01A,elastic_net,0.9010925963481474,0.008115074319326926,0.0,0.0,0.0,0.0,0.0,0.09079232933252553
TCGA-TM-A7CF-02A,elastic_net,0.03715266543686678,0.000494390412126365,0.0,0.0,0.09647663004505441,0.0,0.6706297880207309,0.1952465260852215
TCGA-TM-A84B-01A,elastic_net,0.9564028248318771,0.0,0.0,0.0,0.0,0.0,0.0,0.04359717516812295
TCGA-TM-A84C-01A,elastic_net,0.3526514171491503,0.0,0.0,0.0,0.0,0.0,0.0,0.6473485828508495
TCGA-TM-A84F-01A,elastic_net,0.5573842943412415,0.16866973731468726,0.0,0.0,0.029100062960026603,0.028237062546529308,0.018037822915124322,0.198571019922391
TCGA-TM-A84G-01A,elastic_net,0.7448976260241806,0.0,0.0,0.0,0.10228840133922214,0.03790156780955862,0.015285376285121912,0.0996270285419167
TCGA-TM-A84H-01A,elastic_net,0.9663812034580495,0.0,0.0,0.0,0.0,0.0,0.0,0.033618796541950505
TCGA-TM-A84I-01A,elastic_net,0.9563620274447369,0.02655894081512274,0.0,0.0,0.0,0.0,0.0,0.017079031740140457
TCGA-TM-A84J-01A,elastic_net,0.75978221684536,0.028348523211543825,0.0,0.0,0.055172357304829785,0.13544970518238897,0.0022382100779621606,0.019008987377915287
TCGA-TM-A84L-01A,elastic_net,0.8021487169648943,0.0753908518810547,0.0,0.0,0.0,0.0,0.03870511911168548,0.08375531204236551
TCGA-TM-A84M-01A,elastic_net,0.9657845261794592,0.0,0.0,0.0,0.0,0.0,0.01481587677725605,0.01939959704328476
TCGA-TM-A84O-01A,elastic_net,0.9430907890450902,0.0029657711887730535,0.0,0.0,0.0,0.0,0.014676181003171505,0.03926725876296511
TCGA-TM-A84Q-01A,elastic_net,0.7748094491396688,0.12586478072831506,0.0,0.0,0.0,0.014012433288827134,0.027596580388811597,0.05771675645437732
TCGA-TM-A84R-01A,elastic_net,0.6385364140293335,0.0,0.0,6.447196334921783e-05,0.028498944974739978,0.03749953271194651,0.13643524151623257,0.1589653948043984
TCGA-TM-A84S-01A,elastic_net,0.9530520498834152,0.0,0.0,0.0,0.0,0.0,0.0009462819418383975,0.04600166817474639
TCGA-TM-A84T-01A,elastic_net,0.18089486776542646,0.07661932009574547,0.0,0.0,0.2956144657123978,0.07629028294087811,0.19835649119023566,0.17222457229531643
TCGA-TQ-A7RF-01A,elastic_net,0.7042457998211635,0.0706726504359226,0.0,0.0,0.03541411558122655,0.07238105239141229,0.0024595691035774565,0.1148268126666977
TCGA-TQ-A7RG-01A,elastic_net,0.9456643865741134,0.001929207882166601,0.0,0.0,0.0,0.0,0.010845829032879577,0.04156057651084039
TCGA-TQ-A7RH-01A,elastic_net,0.8843229460444301,0.054345096060898705,0.0,0.0,0.0,0.012132234603111558,0.012674423931572362,0.03652529935998735
TCGA-TQ-A7RI-01A,elastic_net,0.39784979527683073,0.08029396064201913,0.0,0.0,0.08074314819811906,0.05048280565933289,0.18085073616240752,0.20977955406129067
TCGA-TQ-A7RJ-01A,elastic_net,0.9063900839434097,0.03936525959177524,0.0,0.0,0.0,0.0,0.0,0.05424465646481507
TCGA-TQ-A7RK-01A,elastic_net,0.23852313597044605,0.06756660834987915,0.0,0.0,0.32368857261027423,0.07081780618455902,0.10920035582162961,0.190203521063212
TCGA-TQ-A7RM-01A,elastic_net,0.8044744918883883,0.03347473035429285,0.0,0.0,0.009724264866800387,0.07547831265330596,0.03664084178111246,0.04020735845610007
TCGA-TQ-A7RN-01A,elastic_net,0.9319821545762692,0.005001858778913249,0.0,0.0,0.0,0.010836085276328879,0.01700643542832295,0.03517346594016579
TCGA-TQ-A7RO-01A,elastic_net,0.5341056506751619,0.05292527813293806,0.008022953473124796,0.007530255932873212,0.03820846560902063,0.1400439366744178,0.0,0.21916345950246355
TCGA-TQ-A7RP-01A,elastic_net,0.8900527016479916,0.0,0.0,0.0,0.0,0.0,0.04301180300815645,0.06693549534385196
TCGA-TQ-A7RQ-01A,elastic_net,0.9184614156504829,0.0,0.0,0.0,0.006419057845086806,0.025819746473295605,0.0,0.049299780031134735
TCGA-TQ-A7RR-01A,elastic_net,0.5124078944442012,0.08992403043149186,0.0,0.0,0.04367382206752908,0.021565496111483215,0.198768150108673,0.13366060683662162
TCGA-TQ-A7RS-01A,elastic_net,0.8907789638620499,0.0,0.0,0.0,0.0,0.009197527934236593,0.0519661699134416,0.048057338290272006
TCGA-TQ-A7RU-01A,elastic_net,0.23379364021141946,0.04171775650471363,0.0,0.00582872183307304,0.27014568663152927,0.1458655112013095,0.13593279367185243,0.16671588994610273
TCGA-TQ-A7RV-01A,elastic_net,0.18379416191208822,0.05306461321312667,0.0,0.0,0.186666005675486,0.0760248955090251,0.2694609859192584,0.23098933777101555
TCGA-TQ-A7RV-02A,elastic_net,0.8052457451094295,0.06843843238125798,0.0,0.0,0.0,0.0,0.02093230243722778,0.10538352007208468
TCGA-TQ-A7RW-01A,elastic_net,0.8766317746482353,0.060510326964347314,0.0,0.0,0.0,0.001287700218183432,0.014144480888380115,0.0474257172808537
TCGA-TQ-A8XE-01A,elastic_net,0.9167867776841092,0.024807061437305954,0.0,0.0,0.0,0.011230927854754628,0.021447764712689547,0.025727468311140474
TCGA-TQ-A8XE-02A,elastic_net,0.3681039137873372,0.1100406263759803,0.0,0.0,0.04923422764513275,0.08833491575302592,0.2178134284045654,0.1664728880339584
TCGA-VM-A8C8-01A,elastic_net,0.3441581387536042,0.09183859736586344,0.0,0.0,0.13295451640152556,0.021611658892255158,0.10182377139639875,0.30761331719035295
TCGA-VM-A8C9-01A,elastic_net,0.9556441575231508,0.021711937193289853,0.0,0.0,0.0,0.0,0.0,0.02264390528355938
TCGA-VM-A8CA-01A,elastic_net,0.9281009202683022,0.005546830896596169,0.0,0.0,0.0,0.0,0.0,0.06635224883510174
TCGA-VM-A8CB-01A,elastic_net,0.8937402634954817,0.011939760925772218,0.0,0.0,0.0412220994032008,0.029059590189871927,0.0,0.024038285985673247
TCGA-VM-A8CD-01A,elastic_net,0.9365488744681237,0.0008742631504282949,0.0,0.0,0.0,0.0,0.0,0.06257686238144801
TCGA-VM-A8CE-01A,elastic_net,0.8580215623382703,0.0,0.0,0.0,0.0,0.0,0.08618853765124485,0.055789900010484846
TCGA-VM-A8CF-01A,elastic_net,0.21099663224539958,0.006653803661384219,0.0,0.0,0.09861496916532599,0.0,0.2084325270108412,0.4753020679170491
TCGA-VM-A8CH-01A,elastic_net,0.7262819080169735,0.10460807866342364,0.0,0.0,0.0,0.039156187786794375,0.03318341613057964,0.09677040940222892
TCGA-VV-A829-01A,elastic_net,0.9345536450983213,0.024605492242641316,0.0,0.0,0.0,0.015018286132063309,0.0,0.025822576526974027
TCGA-VV-A86M-01A,elastic_net,0.8549992945408802,0.05575611587699469,0.0,0.0,0.06124083581640837,0.028003753765716625,0.0,0.0
TCGA-VW-A7QS-01A,elastic_net,0.2732176648164147,0.06657693389693493,0.006176410791847643,0.014152870364922318,0.28969479117120533,0.15337276087550808,0.02811786553421261,0.16869070254895452
TCGA-VW-A8FI-01A,elastic_net,0.3535773187992253,0.10150354906815669,0.0,0.0,0.11732472597843417,0.042560222232207894,0.10440843409547663,0.2806257498264992
TCGA-W9-A837-01A,elastic_net,0.34366626834062663,0.06410645709004323,0.0024974748642694403,0.0,0.15845195312259305,0.07249329543362786,0.05990465282103233,0.2988798983278074
TCGA-WH-A86K-01A,elastic_net,0.4304198505827504,0.0871061688038224,0.002293984306020926,0.0,0.16843787137978425,0.08948353831450927,0.007085532585149859,0.21517305402796277
TCGA-WY-A858-01A,elastic_net,0.881632706265396,0.05267676786259828,0.0,0.0,0.0,0.02110699201268845,0.01722121314264575,0.027362320716671384
TCGA-WY-A859-01A,elastic_net,0.8051758643920878,0.02451473258664416,0.0,0.0,0.008802176656939815,0.03475228514138416,0.04455798853845193,0.08219695268449224
TCGA-WY-A85A-01A,elastic_net,0.776465525984504,0.04878949071631853,0.0,0.0,0.026241212195974965,0.026944091287408,0.007071543963311048,0.1144881358524834
TCGA-WY-A85B-01A,elastic_net,0.69569842538405,0.15199748762530085,0.0,0.0,0.046896312992785766,0.030432091998286535,0.03428411945055158,0.040691562549025194
TCGA-WY-A85C-01A,elastic_net,0.24301012201696376,0.09130652575542826,0.0019071602162746774,0.0,0.35904440641674856,0.16764581394542566,0.0,0.13708597164915906
TCGA-WY-A85D-01A,elastic_net,0.9669954623613417,0.0,0.0,0.0,0.0,0.0,0.0,0.03300453763865837
TCGA-WY-A85E-01A,elastic_net,0.9332799189262666,0.018008283487117784,0.0,0.0,0.0,0.011476791742895981,0.0,0.03723500584371974
TCGA-CS-4938-01B,bayesian,0.027241441314387126,0.045024882888035474,0.0033898597436870506,0.0034125621600823125,0.09323188435421902,0.00899693765008197,0.09127164943181189,0.7274307824576952
TCGA-CS-4941-01A,bayesian,0.12215543193056365,0.11875658038400033,0.0026323370483383518,0.0020520453164317126,0.03709220602402842,0.3207666827711593,0.0862999350129167,0.3102447815125615
TCGA-CS-4942-01A,bayesian,0.14192757082998597,0.1817756921851054,0.0028422551146840024,0.004585603734279269,0.11150287669978712,0.020749082900058308,0.20021098028233367,0.3364059382537663
TCGA-CS-4943-01A,bayesian,0.28276083533745777,0.06991896207368707,0.002428188772606092,0.022010993503344355,0.22233445490667386,0.07405755778161663,0.17033952058860186,0.1561494870360125
TCGA-CS-4944-01A,bayesian,0.004182497917907948,0.0024096694202900325,0.003603096300113389,0.0035158562922984744,0.07356733975260601,0.00453583468499201,0.00787852619620656,0.9003071794355856
TCGA-CS-5390-01A,bayesian,0.2786459883826303,0.0018924821137322441,0.0018295249271526293,0.029622236630049044,0.179531677643852,0.08303679272711849,0.3171945054352736,0.1082467921401916
TCGA-CS-5393-01A,bayesian,0.14332350713355022,0.08075160234553087,0.0016705810638752633,0.01348534340893305,0.17526773881198568,0.06959035367643607,0.32351412679793545,0.19239674676175345
TCGA-CS-5394-01A,bayesian,0.3545275398026108,0.005476134376947114,0.0031913010903701264,0.07023816824897212,0.11239261177182318,0.17894930187139294,0.08234504891800334,0.19287989391988053
TCGA-CS-5395-01A,bayesian,0.07908997642797798,0.029395202353430606,0.002873719014855861,0.00493778490931701,0.0736496017595405,0.09600714493675684,0.19780342889528002,0.5162431417028411
TCGA-CS-5396-01A,bayesian,0.24821539631186304,0.01702910415591373,0.001778072871997742,0.02755715824192419,0.023839642027976192,0.08723260448998937,0.49001346623309455,0.10433455566724116
TCGA-CS-5397-01A,bayesian,0.11669472151098412,0.08832890008902834,0.0030475671023589956,0.007144900348979639,0.08721922624811426,0.08346589883846875,0.2636690692965422,0.3504297165655236
TCGA-CS-6186-01A,bayesian,0.05959483305825024,0.030571933847564157,0.003791596818259025,0.004952644446886447,0.10246314461101243,0.09122259442602466,0.06262346517541693,0.6447797876165862
TCGA-CS-6188-01A,bayesian,0.05304166539922324,0.10236436357527333,0.0028279601850672185,0.002608406549548284,0.012964399462307135,0.23923731818597338,0.18883831323678718,0.3981175734058202
TCGA-CS-6290-01A,bayesian,0.019089943970409345,0.12302671609154876,0.0033355270935912728,0.002534548344962886,0.0754771075833182,0.014873436982673603,0.20622250668778547,0.5554402132457105
TCGA-CS-6665-01A,bayesian,0.1432349637918311,0.16724184062092573,0.0012484402239002564,0.003307973249875778,0.047707892960039314,0.08915911372696521,0.46672969457692065,0.08137008084954205
TCGA-CS-6666-01A,bayesian,0.14106913495150858,0.03118524310978786,0.002255108563624458,0.029388505731171462,0.19805092390791473,0.35729106709191,0.07699635777108114,0.16376365887300173
TCGA-CS-6667-01A,bayesian,0.13112902588043704,0.03263165357828449,0.0017567086594817397,0.017664729502648916,0.19948734939065457,0.29958197515366286,0.10099522990767862,0.21675332792715174
TCGA-CS-6668-01A,bayesian,0.40812746707559,0.0019001356812350203,0.002348331991886447,0.06620128118019315,0.14285616365395273,0.058186967772633706,0.21858237173149864,0.10179728091301031
TCGA-CS-6669-01A,bayesian,0.2571107303962719,0.0017962477558909305,0.004807111236020474,0.04894419611364349,0.14971913857030633,0.03795585335230455,0.3742490864820902,0.12541763609347203
TCGA-CS-6670-01A,bayesian,0.21717605060347123,0.008010487756377568,0.0029466638595934264,0.036742405870506825,0.18713453384047585,0.06067053494141588,0.2258327382734615,0.2614865848546976
TCGA-DB-5270-01A,bayesian,0.19110842068515058,0.03416545970445366,0.00311853022529424,0.024481558406314257,0.13691184183581237,0.024947799644533874,0.35246888117697145,0.23279750832146964
TCGA-DB-5273-01A,bayesian,0.04929408952249996,0.077036799965564,0.004645647865156043,0.004383057613173335,0.09347243753921193,0.03784780784863518,0.11679673127672695,0.6165234283690326
TCGA-DB-5274-01A,bayesian,0.1346396250265591,0.014942827815747807,0.0010519979705432855,0.004862539229401186,0.5207858333095443,0.09640409697645488,0.17062176088810924,0.05669131878364026
TCGA-DB-5275-01A,bayesian,0.2773883608279876,0.03283729258312241,0.002910140421148745,0.016312234503256858,0.1895807360927094,0.03785939856620229,0.07342934362572487,0.3696824933798479
TCGA-DB-5276-01A,bayesian,0.03135871107854612,0.07468435279635478,0.00239330867912554,0.0035583875690708496,0.055035373780943045,0.03951355684235425,0.5888190739823788,0.20463723527122651
TCGA-DB-5277-01A,bayesian,0.16662145740554707,0.015580825655596835,0.0019939915272523894,0.022913812060929222,0.22400446082508035,0.09742448699206056,0.3353819017334361,0.13607906380009743
TCGA-DB-5278-01A,bayesian,0.22744760980462966,0.006791202666773582,0.0024750187196443453,0.03222839344413577,0.10690211614415428,0.04668111077062318,0.3349450509329235,0.24252949751711556
TCGA-DB-5280-01A,bayesian,0.17144118859008728,0.03864261576848956,0.0032541522309761295,0.02459446767439994,0.13119944210812642,0.06056699220902284,0.1764956896822159,0.3938054517366819
TCGA-DB-5281-01A,bayesian,0.21374620144548157,0.04207012962910347,0.002987731527395814,0.02068037173968901,0.15661713858972934,0.18278817842117698,0.11969756794463343,0.2614126807027903
TCGA-DB-A4X9-01A,bayesian,0.2078769270364573,0.038303083736282446,0.004177968988746701,0.01716582258971128,0.13859784643701173,0.028495288381112416,0.1638330780062151,0.4015499848244631
TCGA-DB-A4XA-01A,bayesian,0.14344818222063574,0.01564241597450469,0.0020208894487895195,0.022540009822086888,0.14438618222570854,0.1031071910713233,0.27771873280021103,0.2911363964367403
TCGA-DB-A4XB-01A,bayesian,0.24892583193106235,0.03338575073722165,0.0033494748016293084,0.05014286330613416,0.1678954793330329,0.021459118959847444,0.25342369040976453,0.22141779052130775
TCGA-DB-A4XC-01A,bayesian,0.19833514528967117,0.07854608340335176,0.003382848407807444,0.03847057157037619,0.12883861316921186,0.06678115502705839,0.13499625472043134,0.3506493284120919
TCGA-DB-A4XD-01A,bayesian,0.18962740035414358,0.026545998651193677,0.002169350610824517,0.016446383083019954,0.1496880706640505,0.05455944683510071,0.28502000070090316,0.27594334910076385
TCGA-DB-A4XE-01A,bayesian,0.26741417267870893,0.03353877220055889,0.002633350389681348,0.021678271963104224,0.10477628440009626,0.009715751570039883,0.2691772786741957,0.2910661181236147
TCGA-DB-A4XF-01A,bayesian,0.23739907939016158,0.03374346311668943,0.0021165436973404153,0.020857727505965935,0.12796897956094463,0.1747963742706273,0.08810225773038802,0.3150155747278827
TCGA-DB-A4XG-01A,bayesian,0.3408105902418458,0.003957986692183717,0.001681113168425498,0.07554628230137281,0.19237780951011144,0.0781619050773967,0.14196662312297487,0.16549768988568922
TCGA-DB-A4XH-01A,bayesian,0.09368370587498229,0.0014319041662272647,0.002056831502266672,0.016736163815459833,0.1544139567208425,0.12452360218475746,0.41025408086494364,0.19689975487052036
TCGA-DB-A64L-01A,bayesian,0.23635155908054076,0.011343101550192084,0.003599091134111006,0.053016813083634096,0.19762686574268692,0.09311683353385777,0.19015862314824356,0.2147871127267339
TCGA-DB-A64O-01A,bayesian,0.024863313932862566,0.01628512210813803,0.004197426698425206,0.004468982329160114,0.0369421975576881,0.01686877975980949,0.21993003865666752,0.6764441389572489
TCGA-DB-A64P-01A,bayesian,0.16622573823398035,0.03421709740066047,0.001992276149135604,0.01766676047466893,0.11457724072219928,0.1963158119709107,0.29077186629058804,0.17823320875785664
TCGA-DB-A64Q-01A,bayesian,0.19568498893003475,0.014783630642119398,0.003323850189187836,0.03989702032686284,0.09917248719656307,0.07498243303573156,0.25118664216692077,0.32096894751257976
TCGA-DB-A64R-01A,bayesian,0.3446582741737627,0.005870881008576024,0.0021863766817749064,0.08962653026815282,0.15214943184618826,0.0628397098378793,0.19600729853769536,0.1466614976459707
TCGA-DB-A64S-01A,bayesian,0.06531489600781115,0.17030223242446338,0.0028227652012539615,0.012826650505012527,0.14255985975614247,0.09331778766753288,0.2390615945700006,0.27379421386778313
TCGA-DB-A64U-01A,bayesian,0.08440583902274253,0.006063977182722744,0.001330572378565465,0.011827235483141303,0.07618006534459748,0.030315212935614833,0.660665550317909,0.12921154733470672
TCGA-DB-A64V-01A,bayesian,0.008663193152211443,0.040448656906434094,0.0024251811323253874,0.008929504243050198,0.09347877918635904,0.03040125193883363,0.5543378891552914,0.2613155442854949
TCGA-DB-A64W-01A,bayesian,0.3265325902825654,0.0008138932569066803,0.001518123987178416,0.08477036951788798,0.16667337928616566,0.08547303729155771,0.2562506011914072,0.07796800518633087
TCGA-DB-A64X-01A,bayesian,0.14102293959188936,0.008592451735612244,0.003454433965377763,0.038416274387488514,0.33563849923591454,0.08523056526472564,0.07645843870657582,0.3111863971124161
TCGA-DB-A75K-01A,bayesian,0.207115854168861,0.05288585831048081,0.0030357469279632377,0.04491456723159319,0.07142798978052593,0.13313230252347075,0.20659881995001436,0.2808888611070907
TCGA-DB-A75L-01A,bayesian,0.17047483658584497,0.06240450881186469,0.002295438600228199,0.041387892512827394,0.16315463685377432,0.1224107822242745,0.2150818856409106,0.2227900187702753
TCGA-DB-A75M-01A,bayesian,0.059348495652968555,0.03412448783573778,0.003751687060802411,0.008782898024778307,0.12403726013426439,0.0059907107156213805,0.18493971959179653,0.5790247409840306
TCGA-DB-A75O-01A,bayesian,0.03810107990845825,0.048853954549801994,0.00450894963542644,0.003564607498387183,0.08553908216348217,0.03468742851902359,0.053441900806986624,0.7313029969184338
TCGA-DB-A75P-01A,bayesian,0.12024115973186242,0.025613953232290435,0.004165888993864796,0.020222580024160785,0.104699065429264,0.06521609575764939,0.23290205000750305,0.42693920682340514
TCGA-DH-5140-01A,bayesian,0.4460816848629409,0.01365397569608227,0.002507700339371858,0.04551615813785534,0.13931617475082875,0.06379644269723533,0.14188954028055425,0.14723832323513142
TCGA-DH-5142-01A,bayesian,0.15854537510783745,0.26984422026380717,0.003039124972955271,0.01370819303135923,0.16998835172954746,0.057929297085155866,0.05281603658535327,0.2741294012239843
TCGA-DH-5143-01A,bayesian,0.1392509323177549,0.06731021000026956,0.004142602491101122,0.005604510113692271,0.16295821816718173,0.0073541377093045155,0.12542771930383415,0.4879516698968617
TCGA-DH-5144-01A,bayesian,0.2886200601437887,0.006542495880830045,0.0023546751443677223,0.04494953843558746,0.20386760136197124,0.06771384553975862,0.19932439729013463,0.18662738620356148
TCGA-DH-A669-01A,bayesian,0.26361542605495336,0.028384920319892204,0.0012366894770012174,0.02582156598267968,0.150190459210757,0.11939509226625918,0.2174381439337506,0.19391770275470666
TCGA-DH-A669-02A,bayesian,0.20262486619328252,0.02918768304177029,0.001370855372723539,0.06252267115252197,0.3016089731308608,0.18740690071647237,0.11502413785447226,0.10025391253789617
TCGA-DH-A66B-01A,bayesian,0.13385265495916784,0.23017435763012992,0.003395315832799627,0.012587339897068176,0.19090499054908283,0.04318467140147437,0.013056295525840913,0.3728443742044362
TCGA-DH-A66D-01A,bayesian,0.21471576236696968,0.1219773784676606,0.003269146051299237,0.03741312699672739,0.12106847683418312,0.07799877578284323,0.09247030724003644,0.3310870262602803
TCGA-DH-A66F-01A,bayesian,0.12001170681245228,0.001624907359206336,0.0025984249175006495,0.010292241946864776,0.11232836856426652,0.03507695828030047,0.1847510585162167,0.5333163336031923
TCGA-DH-A66G-01A,bayesian,0.2417350677772534,0.08688292165126553,0.003817716217643538,0.015687621066275154,0.11905025630804729,0.052906499795100065,0.08961525057813143,0.3903046666062836
TCGA-DH-A7UR-01A,bayesian,0.18144119213082585,0.0009841513771309952,0.0021483852966305496,0.04544689095315259,0.2184506959024061,0.30320859677111006,0.14947074496575172,0.0988493426029921
TCGA-DH-A7US-01A,bayesian,0.08792496161596956,0.0066977100236213375,0.0018557007117789115,0.009697731550311731,0.12103830250666,0.026080291304504854,0.5388826919934713,0.20782261029368218
TCGA-DH-A7UT-01A,bayesian,0.03217507234889302,0.032249047096693274,0.0019390193579976133,0.005784560150299615,0.157299307578555,0.040957580279483666,0.4984328394948088,0.23116257369326898
TCGA-DH-A7UU-01A,bayesian,0.22290883381733484,0.05563545679880845,0.0018517371162527188,0.0389164932118312,0.12682267056895735,0.13960648611761847,0.23798192910446986,0.17627639326472697
TCGA-DH-A7UV-01A,bayesian,0.12793849183813424,0.08241877176619929,0.0022762598732184035,0.03385773248350305,0.19747790222820902,0.051964834243542285,0.21270920659505202,0.2913568009721417
TCGA-DU-5847-01A,bayesian,0.05170478665060404,0.18970527498498993,0.0025679855410210783,0.0059148143311500475,0.05445424781153891,0.12021817088345192,0.12716107116135078,0.44827364863589336
TCGA-DU-5849-01A,bayesian,0.1342200814386423,0.0031319677923126684,0.0030064745237012346,0.02827530574950707,0.16512050124956892,0.053451377843838487,0.3969947947391313,0.21579949666329795
TCGA-DU-5851-01A,bayesian,0.08257658998157986,0.020479232262962086,0.001828312383414826,0.01377844683744821,0.10218986770948917,0.023155963524640943,0.5398175966887285,0.2161739906117363
TCGA-DU-5852-01A,bayesian,0.23559286349575284,0.0998399055517025,0.0020932437981221546,0.004613248930780571,0.09641620522788687,0.2336559458297036,0.06391030545353801,0.2638782817125136
TCGA-DU-5853-01A,bayesian,0.13422558562780051,0.08448166539799931,0.0021807433687508976,0.02342818781864835,0.15156389630566258,0.056505868711823504,0.23655722738663912,0.3110568253826758
TCGA-DU-5854-01A,bayesian,0.0020397339190515347,0.05031726135836765,0.0015799156451507096,0.0015284656711023314,0.01168948138266423,0.15257700110726868,0.5619746841584364,0.21829345675795833
TCGA-DU-5855-01A,bayesian,0.19123013725121948,0.12245893941724569,0.002251351684585128,0.0184271034960472,0.15908593908257454,0.11104477863157175,0.09716072378904347,0.2983410266477127
TCGA-DU-5870-02A,bayesian,0.30749027340096796,0.004817847123008035,0.0018644296730580424,0.07292278739736989,0.16736550515461648,0.11428586384558834,0.18595825598403418,0.1452950374213572
TCGA-DU-5871-01A,bayesian,0.1438186589879208,0.08783633170172545,0.0022615399697329245,0.020002898263549833,0.2285573511169876,0.058635658797041745,0.0904539610619016,0.36843360010114
TCGA-DU-5872-01A,bayesian,0.10588578226928913,0.06109094020788209,0.0025215440866839817,0.006270750279531362,0.16626649626834109,0.16419220837057893,0.16241363400003025,0.3313586445176631
TCGA-DU-5872-02A,bayesian,0.0016148523117625905,0.16807432059114102,0.0015377104825255524,0.013947379050507825,0.06902526033553445,0.11193130613861811,0.4291654665526365,0.2047037045372739
TCGA-DU-6392-01A,bayesian,0.26035165641004965,0.08046081115236757,0.0016566687112127812,0.04037468766198206,0.1067939162358881,0.20261977940041756,0.23893861596339167,0.06880386446469063
TCGA-DU-6393-01A,bayesian,0.3690727335908086,0.0015833368732031422,0.00259593962360079,0.03454328935805123,0.18441683821806248,0.08303271307182264,0.1896288835378132,0.1351262657266379
TCGA-DU-6394-01A,bayesian,0.4106874015604665,0.00805746771042641,0.0024948576752057776,0.010347377199546143,0.07997366603748585,0.12735254378352845,0.08897009389461513,0.27211659213872574
TCGA-DU-6395-01A,bayesian,0.11593812773046162,0.07066413272183132,0.0028622191853518095,0.010053291250593276,0.2104232586592964,0.017072151602981717,0.27479421170834417,0.29819260714113976
TCGA-DU-6396-01A,bayesian,0.14851705381769637,0.30214931930461514,0.001831426280245315,0.027731316060704957,0.09092700952170223,0.08768422175397673,0.18775681999213034,0.153402833268929
TCGA-DU-6397-01A,bayesian,0.19657184900465063,0.009904817281555473,0.0023435728194010543,0.014805383141633554,0.12094692214197887,0.12895129507130093,0.22483821287744787,0.30163794766203167
TCGA-DU-6397-02A,bayesian,0.26573931655103006,0.0034842651203913005,0.0014219444294699959,0.03996078033145389,0.17849510466405982,0.2979568745829081,0.14487669778282022,0.06806501653786656
TCGA-DU-6399-01A,bayesian,0.15218547946297084,0.0907765811996438,0.002562193070894016,0.02020499181725695,0.14187908989257356,0.0997093137507304,0.1704699857007752,0.32221236510515516
TCGA-DU-6400-01A,bayesian,0.36106485065727817,0.003589007068761626,0.0024041103086941914,0.05468095472383542,0.1988120956291442,0.05861057765601007,0.18139180894212295,0.13944659501415352
TCGA-DU-6401-01A,bayesian,0.1514125488127531,0.031321535879422616,0.002655410115116617,0.037842295059944936,0.21087104149558766,0.3195617109013451,0.0588744210918429,0.18746103664398706
TCGA-DU-6402-01A,bayesian,0.0515336254700097,0.1495834786439745,0.0019203150145224493,0.009496856242593466,0.08432539401096098,0.3600925151415246,0.07745562065991718,0.2655921948164971
TCGA-DU-6403-01A,bayesian,0.18506122833183403,0.079516793279486,0.0014160528809260377,0.005608310104358701,0.03464883940411842,0.06900609854618821,0.5084808119880299,0.11626186546505879
TCGA-DU-6404-01A,bayesian,0.13817165433789125,0.019054439278383507,0.003232037141437127,0.038651704554429525,0.18181380753205847,0.2856986772025894,0.11158760133461838,0.22179007861859226
TCGA-DU-6405-01A,bayesian,0.16957934631336938,0.09461183843920291,0.00636802075218468,0.010019265011624368,0.055530931807020664,0.07573306539449517,0.028499932377161225,0.5596575999049417
TCGA-DU-6406-01A,bayesian,0.2849848600140207,0.07273977565180498,0.002639639380032919,0.01054818727303149,0.08895759110561614,0.32876320794148467,0.017578282391552583,0.19378845624245644
TCGA-DU-6407-01A,bayesian,0.13337550213472094,0.04535259098282264,0.0034115084220585567,0.006504631539663967,0.20100030919632636,0.07045977340811838,0.20515451812770324,0.3347411661885859
TCGA-DU-6408-01A,bayesian,0.16125202811775496,0.0803158500349965,0.00410802854459521,0.025812656069510245,0.2028926195388108,0.048457696631384245,0.09551904770594392,0.3816420733570041
TCGA-DU-6410-01A,bayesian,0.4728023501083151,0.0008109240734878681,0.001979634679419287,0.03947858129175001,0.2054992717572418,0.09928420251645974,0.12421096320022196,0.05593407237310408
TCGA-DU-6542-01A,bayesian,0.17859785633142505,0.10517267526365147,0.0013791267822004978,0.022043371533270507,0.11753812527653912,0.05392373720594731,0.3059017281561828,0.21544337945078337
TCGA-DU-7006-01A,bayesian,0.1661663227363638,0.1953833185836762,0.001960333357791937,0.0034236778799324108,0.04600221114632813,0.16486975110360658,0.16106281234962813,0.2611315728426728
TCGA-DU-7007-01A,bayesian,0.07790738502243665,0.15702623524340487,0.003288798990055303,0.03475607504148678,0.17752413306229634,0.1797844902174858,0.033794239701097975,0.3359186427217364
TCGA-DU-7008-01A,bayesian,0.37388203475520776,0.022250482687041283,0.0022318438425428014,0.02640481390895901,0.23904421170795792,0.02378442656696165,0.11843208146762615,0.1939701050637035
TCGA-DU-7009-01A,bayesian,0.16919824296878963,0.0033839979196104344,0.0023184087113297795,0.02189042315702954,0.1433726043234244,0.052668307447034705,0.4525557369789634,0.15461227849381806
TCGA-DU-7010-01A,bayesian,0.2726548468695178,0.028105507568799547,0.0019221340125681486,0.004245163712639626,0.07219879198834978,0.09516180235175932,0.3678306283415979,0.15788112515476782
TCGA-DU-7011-01A,bayesian,0.09318988383292355,0.13649321262820568,0.0027276369932254523,0.00646829998733142,0.1434147314407738,0.18158748106457376,0.20386152263446053,0.23225723141850588
TCGA-DU-7012-01A,bayesian,0.0604592300093307,0.2091056980437048,0.003223547361405496,0.003677688891871268,0.07322016679554426,0.08357844099879899,0.019931939490776134,0.5468032884085683
TCGA-DU-7013-01A,bayesian,0.3927427285086295,0.04855360243847443,0.0024141773246409083,0.0038891291993303503,0.04864104439463213,0.14728003351766164,0.043215905436779375,0.3132633791798517
TCGA-DU-7014-01A,bayesian,0.234833181359627,0.03002506210421879,0.0015304476735835159,0.027092240373010636,0.2501485748301264,0.20386483982150222,0.09101480782145592,0.1614908460164755
TCGA-DU-7015-01A,bayesian,0.14345285581243744,0.1704542886769134,0.0030272333417381086,0.005828069285477377,0.17773629672964766,0.0462657395513637,0.07843186092521215,0.3748036556772102
TCGA-DU-7018-01A,bayesian,0.34168249233210335,0.000834458186308463,0.0015421126720226005,0.07030865711043363,0.21429225071057995,0.1577498880301762,0.1225184868185306,0.09107165413984528
TCGA-DU-7019-01A,bayesian,0.11266465960448535,0.056363593827631134,0.002353870516945147,0.024193247986015947,0.1646468811849616,0.21444432337910332,0.11906304259222722,0.3062703809086303
TCGA-DU-7292-01A,bayesian,0.33930974242313355,0.009895384158330052,0.005347124843850229,0.011103013340469986,0.10078266716884925,0.07021942137093316,0.19297988050048834,0.2703627661939453
TCGA-DU-7294-01A,bayesian,0.2652324518901356,0.0031062791537370903,0.0026783609593967685,0.023701819737730237,0.18527371374589494,0.04401964310228802,0.32858499915654804,0.1474027322542693
TCGA-DU-7298-01A,bayesian,0.13201613022481756,0.050619119443792715,0.0015257686461879211,0.02418656915904196,0.1369797908591974,0.05918783693505378,0.44878291458295244,0.1467018701489563
TCGA-DU-7299-01A,bayesian,0.19657215755378074,0.05797758427966814,0.001832685269395667,0.016248983560279703,0.11038592546364263,0.04386168132510963,0.3808395585082406,0.19228142403988296
TCGA-DU-7300-01A,bayesian,0.2044348597910308,0.009512106957967472,0.0030460530237478058,0.021082846871861894,0.15077390694121803,0.07292413785360716,0.2970514478148633,0.24117464074570358
TCGA-DU-7301-01A,bayesian,0.07673389043997114,0.07763992463201443,0.002802243896436332,0.005368234142595125,0.16880047045693114,0.0947656447926002,0.35960807045586257,0.21428152118358912
TCGA-DU-7302-01A,bayesian,0.337818236930461,0.0036301974779955394,0.002711026240744547,0.05960588506163769,0.12462129432972212,0.06439327196698441,0.21211557109112283,0.19510451690133201
TCGA-DU-7304-01A,bayesian,0.10587841099544028,0.0549558416649318,0.002553011508472984,0.019824814199262967,0.108102222922861,0.1252161926952784,0.19831615106833203,0.3851533549454205
TCGA-DU-7304-02A,bayesian,0.058000641500523795,0.0017741616983781348,0.0017187983613609309,0.014993223811561174,0.7801222495685987,0.030199719365670757,0.022599846309328236,0.09059135938457819
TCGA-DU-7306-01A,bayesian,0.12742663830333292,0.05575062491628737,0.002327798371623336,0.01639549350157348,0.13533828485787347,0.1508078137094729,0.21597457346156101,0.29597877287827556
TCGA-DU-7309-01A,bayesian,0.22401785643982,0.03775971532094985,0.0038877252604005773,0.04329348232061411,0.18366338506897592,0.13065055912782034,0.19239194938285473,0.18433532707856437
TCGA-DU-8158-01A,bayesian,0.10797885879714827,0.09946938166791511,0.002546579034076891,0.0028849328393066405,0.010840023357039411,0.02953482799924707,0.2900610943522218,0.4566843019530448
TCGA-DU-8161-01A,bayesian,0.060610048207670804,0.17948322679529885,0.0029122138126775436,0.002981132787199038,0.02426324501423021,0.08179709687717879,0.14234392431533877,0.505609112190406
TCGA-DU-8162-01A,bayesian,0.14904631919409195,0.008658729727475284,0.002022776458415493,0.021949245546357857,0.08103310940668865,0.05352867669014452,0.5310210423786628,0.15274010059816337
TCGA-DU-8163-01A,bayesian,0.099375778897545,0.10604926040779473,0.002704098885598835,0.007889989302720156,0.08896159997977081,0.06077752499774919,0.35096344571840016,0.2832783018104211
TCGA-DU-8164-01A,bayesian,0.35944886965162276,0.0038772429622421184,0.0018630991090836306,0.06548558937507824,0.13525169138411564,0.07145361236330942,0.17457150949557118,0.18804838565897686
TCGA-DU-8165-01A,bayesian,0.12846425617257007,0.20568578866689247,0.003694175159736026,0.018242115408646325,0.13283204048470898,0.1960915961563366,0.11362661128734954,0.20136341666376
TCGA-DU-8166-01A,bayesian,0.2801506422902519,0.06129640869414602,0.0028637274048202445,0.044372610670766414,0.1724388255590598,0.05846760651609369,0.12443246585045983,0.2559777130144022
TCGA-DU-8167-01A,bayesian,0.0653087888987068,0.10740138019736274,0.0024088919289462227,0.004028053326696165,0.1578241709055753,0.05726111322588921,0.4377695102558106,0.16799809126101276
TCGA-DU-8168-01A,bayesian,0.5307571572127638,0.004641983476803328,0.0015594749273197552,0.08808783372138915,0.09863931709968217,0.0702569112856577,0.1097707852601032,0.09628653701628083
TCGA-DU-A5TP-01A,bayesian,0.14685052494675974,0.2711468232005262,0.012831393680593824,0.030028201579781158,0.19360485154149149,0.10136015441706882,0.12201869601474295,0.12215935461903582
TCGA-DU-A5TR-01A,bayesian,0.04521537464627351,0.28843178161045757,0.0038035097709211815,0.02002378982991492,0.1414036093961694,0.06353166588669977,0.17508737524719956,0.26250289361236406
TCGA-DU-A5TS-01A,bayesian,0.02851575931946419,0.0395854544828327,0.0020177121875845465,0.010005475032405956,0.20860129405457492,0.07042845449564408,0.49600980180750065,0.14483604861999277
TCGA-DU-A5TT-01A,bayesian,0.0661542738949907,0.028553955826475255,0.007052449210626549,0.004177525221978909,0.1062186948341338,0.12947519062597315,0.20136950645515983,0.45699840393066177
TCGA-DU-A5TU-01A,bayesian,0.1494699262623698,0.18546489319254045,0.0018340027408976997,0.04373467901055964,0.23709691065855312,0.08040745269144138,0.040286978891161326,0.26170515655247656
TCGA-DU-A5TW-01A,bayesian,0.19810229972783927,0.050222703184114696,0.0022844455737921206,0.043759297396460846,0.24774237818106487,0.08169366933413683,0.18698961175808146,0.1892055948445098
TCGA-DU-A5TY-01A,bayesian,0.0956500238036838,0.22865755464558624,0.0036600373332428228,0.005335604459150539,0.08709925060149663,0.12952464332042402,0.17440351522349318,0.2756693706129227
TCGA-DU-A6S2-01A,bayesian,0.22021584390563917,0.0016718582836946693,0.002754757266820063,0.03593419665642183,0.10397424194980366,0.06897191652959579,0.3983835312914219,0.16809365411660296
TCGA-DU-A6S3-01A,bayesian,0.23393427575914236,0.0012334232156238944,0.002101577386361292,0.05734373811945949,0.2302472142834954,0.06426291646737985,0.28760345636548146,0.12327339840305644
TCGA-DU-A6S6-01A,bayesian,0.26477058441226775,0.0018605151749246489,0.003937793618875913,0.06375229633902633,0.19014653481166321,0.03258622493328191,0.2364012338856358,0.20654481682432446
TCGA-DU-A6S7-01A,bayesian,0.11949749296724194,0.11852845201105454,0.0020337703315633925,0.032614474427854,0.12315305420235707,0.06849086987455218,0.31114550586775425,0.22453638031762266
TCGA-DU-A6S8-01A,bayesian,0.353485817698857,0.0018429206291964882,0.0019256784482625828,0.049929521518509504,0.15286373348225635,0.06047860398532422,0.2694545147060718,0.11001920953152222
TCGA-DU-A76K-01A,bayesian,0.1593877391445513,0.0014934847081874533,0.00274243699913927,0.013430077065362889,0.15385786141784544,0.05720205818285409,0.17034815102229564,0.4415381914597641
TCGA-DU-A76L-01A,bayesian,0.17508764028538334,0.10415941052722211,0.0012443914912563575,0.0039772984739528516,0.022338590772376363,0.37206100350748667,0.2580742299486935,0.06305743499362876
TCGA-DU-A76O-01A,bayesian,0.1873022901632675,0.14435849716385443,0.0029256232175540655,0.023809605822869354,0.17400504889221,0.025167373589836853,0.12843316495145202,0.31399839619895575
TCGA-DU-A76R-01A,bayesian,0.16931276866312642,0.017807095452125537,0.002496147892497788,0.018754609437622537,0.14167206270695734,0.11711263963403508,0.17489346710987086,0.35795120910376443
TCGA-DU-A7T6-01A,bayesian,0.20528293378311344,0.004061738399056842,0.0015105866698192766,0.046666661022485095,0.16538770375733067,0.15254219914024722,0.31182257608973124,0.11272560113821632
TCGA-DU-A7T8-01A,bayesian,0.232520175358799,0.07152370323263668,0.0024723826074462257,0.03109853181662548,0.2974833824115749,0.06664072819558295,0.07460610781788647,0.2236549885594484
TCGA-DU-A7TA-01A,bayesian,0.2834873569551768,0.12236766657198216,0.001803704623913061,0.035079208669700844,0.1856483223705978,0.167578892547145,0.05965151736108563,0.14438333090039873
TCGA-DU-A7TB-01A,bayesian,0.0352141000991589,0.0027040212038285613,0.001162078433261551,0.0025872164944790578,0.03429345205791985,0.013312208922614472,0.8814426748051659,0.029284247983571605
TCGA-DU-A7TC-01A,bayesian,0.2170656009100282,0.015808733605870633,0.0023658891642911843,0.04693059603610853,0.319329140511432,0.03391007997931857,0.16877558613923344,0.19581437365371765
TCGA-DU-A7TD-01A,bayesian,0.3494444307286913,0.17018718067667032,0.0017982632695745313,0.005950992752438432,0.017935557613228747,0.20696488621362147,0.045476288343158415,0.2022424004026168
TCGA-DU-A7TG-01A,bayesian,0.19142541693999135,0.01388552597710505,0.004081316098489314,0.05414063642868207,0.1587227862548733,0.08186143311718774,0.2975811746417446,0.19830171054192647
TCGA-DU-A7TI-01A,bayesian,0.21619413412485514,0.11036515834871567,0.0022454380131766765,0.01594573159876279,0.14604730982259992,0.06073301572928112,0.15172846424457773,0.2967407481180309
TCGA-DU-A7TJ-01A,bayesian,0.3257944674575218,0.11355525950581033,0.0018917005325528354,0.006270685969475003,0.07827588705080349,0.2075539988928672,0.03540190404896114,0.23125609654200832
TCGA-E1-5302-01A,bayesian,0.17693259408106654,0.0780124831915412,0.0038920228019575626,0.007136818247380714,0.14645210669441167,0.045338905298461726,0.14453982808217017,0.3976952416030103
TCGA-E1-5303-01A,bayesian,0.017190009854131744,0.09967136131901859,0.002847108915290567,0.002342920382502098,0.09118980153664986,0.004791432182344556,0.29053825409997897,0.4914291117100837
TCGA-E1-5304-01A,bayesian,0.3252600456900635,0.0021105311782716974,0.00225005562670204,0.06709324029166157,0.24626323350081003,0.04617338346465071,0.24689228194806648,0.06395722829977393
TCGA-E1-5305-01A,bayesian,0.15394487069014515,0.03664129129605828,0.001966743581813603,0.011877913104795034,0.16119747549318714,0.08584125808042915,0.2472349014616933,0.3012955462918783
TCGA-E1-5307-01A,bayesian,0.2109231421043757,0.0430861114884586,0.0023949564840727157,0.023118710874837918,0.21990991521586808,0.022861576209507652,0.19455041908553708,0.2831551685373422
TCGA-E1-5311-01A,bayesian,0.2733815708310289,0.004730177770161636,0.0018273209133776774,0.04949419378460846,0.22879458390261018,0.13838511731028552,0.1518366841539163,0.1515503513340113
TCGA-E1-5318-01A,bayesian,0.2279481654749748,0.004381733317178911,0.0022134465138528834,0.0504062759522834,0.20055122453353283,0.34928071196704163,0.09181549798153305,0.07340294425960257
TCGA-E1-5319-01A,bayesian,0.12085737819132981,0.007304402824857746,0.00207978705113169,0.010590601430141709,0.06745548098502174,0.10946838937483715,0.45133189808916796,0.23091206205351225
TCGA-E1-5322-01A,bayesian,0.23916560197515602,0.16737751086071556,0.0023392098075385994,0.03585070039006774,0.16916699040926006,0.05484916404269458,0.1234008615734778,0.2078499609410896
TCGA-E1-A7YD-01A,bayesian,0.4227769475820752,0.0234356869442423,0.0020094408656200747,0.005857975790890539,0.08401185356660218,0.15638566207746254,0.01989491674695322,0.28562751642615397
TCGA-E1-A7YE-01A,bayesian,0.158555485055371,0.2593272167895109,0.0019550013745062694,0.018880227378968648,0.04100905744623937,0.2312516881897908,0.07674846504156874,0.21227285872404428
TCGA-E1-A7YH-01A,bayesian,0.037352522820135875,0.02509689433079387,0.0018261154580819677,0.010150259945470403,0.13672559433941633,0.04397626485491145,0.559014952727919,0.185857395523271
TCGA-E1-A7YI-01A,bayesian,0.26817150615989116,0.02468548711414634,0.0018838124418822213,0.048916455403657855,0.13643574055480187,0.25648383739666125,0.2181533706619535,0.04526979026700596
TCGA-E1-A7YJ-01A,bayesian,0.10301503906756537,0.1525015427711804,0.00328475629155145,0.010657913578072135,0.08821336730389925,0.16139313691107396,0.2077232409790391,0.2732110030976184
TCGA-E1-A7YK-01A,bayesian,0.003220590071408243,0.13629307662416834,0.0017488314257726916,0.0013669476836558154,0.04425016167659379,0.025286080691837815,0.569530991091053,0.21830332073551043
TCGA-E1-A7YL-01A,bayesian,0.2080624765191062,0.2309900297406343,0.0021085767998928013,0.003844856909206782,0.08016395558020219,0.10971865728212483,0.012751683240074741,0.3523597639287582
TCGA-E1-A7YM-01A,bayesian,0.013578585449186801,0.0016853447747139818,0.001789222186051226,0.0018252200249400147,0.061360462403782866,0.022602744978181787,0.6945021347928424,0.2026562853903008
TCGA-E1-A7YN-01A,bayesian,0.0028879601074473134,0.3011222333825546,0.004486511753047489,0.002595879490348577,0.014856607016498,0.12023074064023553,0.21240465023586624,0.3414154173740022
TCGA-E1-A7YO-01A,bayesian,0.29102298566135154,0.003805909118033818,0.0028805060728054905,0.05511064884270774,0.1420406704332911,0.1633144152968667,0.1108060576215184,0.23101880695342517
TCGA-E1-A7YQ-01A,bayesian,0.11164943180961344,0.22717430091469434,0.0030699717535892334,0.003316690057032161,0.07096414396127965,0.32113825996199913,0.007569559693754605,0.2551176418480375
TCGA-E1-A7YS-01A,bayesian,0.4675616704809005,0.0019337025941936975,0.0023490631912567966,0.06012913257937953,0.11655228206197446,0.04890977228863056,0.175549423045357,0.12701495375830746
TCGA-E1-A7YU-01A,bayesian,0.07636368707592195,0.021475898333706767,0.0021292043606069557,0.01426762301584355,0.2224837169957854,0.04822155109381746,0.37963139549874086,0.23542692362557702
TCGA-E1-A7YV-01A,bayesian,0.3060291656166522,0.001978047079567269,0.0022559849862318275,0.04751110632692579,0.19109607286969846,0.2057814191507611,0.10219876808732731,0.14314943588283613
TCGA-E1-A7YW-01A,bayesian,0.127381329994046,0.058298564770963186,0.003604308144852705,0.042987055171302135,0.20151567649990992,0.006491257913060335,0.14981478668757625,0.40990702081828956
TCGA-E1-A7YY-01A,bayesian,0.2646746417792552,0.007651534991911451,0.0034546074379750973,0.06119868351342371,0.17689534276423546,0.05359537644041861,0.2948352278232109,0.13769458524956962
TCGA-E1-A7Z2-01A,bayesian,0.09504794565744876,0.005511724240638402,0.0025845822756150323,0.006657248831731749,0.10837763205175281,0.04372047690161496,0.2441975469660074,0.49390284307519094
TCGA-E1-A7Z3-01A,bayesian,0.18225470974197344,0.03867522164551472,0.0023242605130639423,0.019455209156778754,0.12918403549484095,0.1227055105659055,0.18020639458029497,0.3251946583016277
TCGA-E1-A7Z4-01A,bayesian,0.11552537584042778,0.07477679821902294,0.004223964812738695,0.009740631307701654,0.12251407071650873,0.024686057140929793,0.01969366723307967,0.6288394347295907
TCGA-E1-A7Z6-01A,bayesian,0.025821830897492227,0.033652990822374905,0.005225525062837595,0.0037991331750407047,0.13992246133951966,0.04847102420781936,0.08313418917473896,0.6599728453201765
TCGA-EZ-7264-01A,bayesian,0.32820935305598126,0.003988442392716372,0.0028439978921362035,0.048089664473943174,0.11313129733634154,0.047758505215724556,0.298669380578342,0.1573093590548149
TCGA-F6-A8O3-01A,bayesian,0.36016739332119124,0.0017382974855381153,0.0023044764722252235,0.05891582732450903,0.2154014405818137,0.07205386441437746,0.11405814197279156,0.17536055842755377
TCGA-F6-A8O4-01A,bayesian,0.21814597521389667,0.008142854481800443,0.00234370792316384,0.023935630927552253,0.2086516898671196,0.05105017065458339,0.20632671986353363,0.2814032510683502
TCGA-FG-5962-01B,bayesian,0.2652083712459725,0.007759017740297613,0.0033123336674043104,0.023961263460163255,0.14265818187925275,0.041930330932079006,0.23007196398979637,0.28509853708503413
TCGA-FG-5963-01A,bayesian,0.027465117431571207,0.12407017321203935,0.001343034989772545,0.010201213704622104,0.039928029093239115,0.056797831099656124,0.5953326213210971,0.14486197914800236
TCGA-FG-5963-02A,bayesian,0.20338344453360394,0.011309336991467585,0.0016572407245930216,0.053218487317096545,0.095521726363239,0.4715995674413635,0.14260801528582434,0.020702181342812064
TCGA-FG-5964-01A,bayesian,0.14577403042763054,0.04969147834055766,0.0017846152786428482,0.029958005709209472,0.17236064911842372,0.06882760530743426,0.3212588994292858,0.21034471638881563
TCGA-FG-5965-01B,bayesian,0.1459852824561847,0.0299305798477913,0.0037217942543626473,0.018065450401451244,0.15241407874377025,0.1129698464104602,0.10324627320044241,0.4336666946855373
TCGA-FG-6688-01A,bayesian,0.012880246110194357,0.09677911066677113,0.004154635376429575,0.002429687835484021,0.05657416434666121,0.05018975435185809,0.3995994370982713,0.3773929642143304
TCGA-FG-6689-01A,bayesian,0.09574993567761868,0.05421747739547101,0.002602816658574111,0.011051853273921637,0.17755363275136424,0.019407277439325955,0.3067387209175859,0.3326782858861385
TCGA-FG-6690-01A,bayesian,0.16660886447417578,0.0825674018033034,0.0038665946564095657,0.018253620144552837,0.16849426672453335,0.05795775949235603,0.10196620466376996,0.40028528804089913
TCGA-FG-6691-01A,bayesian,0.15165208149944834,0.23848279801304295,0.00264765906800031,0.010411373227322307,0.12481272372820934,0.10253719887356005,0.11064506108118928,0.25881110450922745
TCGA-FG-6692-01A,bayesian,0.21158233985887365,0.06927982176087169,0.003044146928885988,0.005790546724631304,0.12223446930611744,0.27011695592032436,0.026800244005808285,0.29115147549448717
TCGA-FG-7634-01A,bayesian,0.11185442232636823,0.07700814043456097,0.0022400653121445323,0.016346389844459075,0.03579988695774456,0.2959200365359346,0.3318484357412497,0.1289826228475383
TCGA-FG-7636-01A,bayesian,0.17798718147344084,0.017522963121510256,0.001978132482337315,0.020096494224708876,0.22474506837569677,0.03969835757471659,0.24854409430353616,0.26942770844405334
TCGA-FG-7638-01B,bayesian,0.12825541210714525,0.0045195562453898604,0.0025669105302618326,0.01757907474028315,0.14391242905765358,0.05917091845408138,0.2852824665936385,0.3587132322715464
TCGA-FG-7641-01B,bayesian,0.19152557368947407,0.0013588740340229443,0.0030317989041107616,0.04430875915916196,0.11043494916301054,0.019362617546681553,0.4326147010752227,0.19736272642831557
TCGA-FG-7643-01A,bayesian,0.08729076891345774,0.00344371976697556,0.0027903178756557407,0.00875509121079201,0.08429303965454217,0.07454850856787126,0.5415003744194308,0.19737817959127485
TCGA-FG-8181-01A,bayesian,0.2486942466436495,0.004382198531909731,0.008074628709745867,0.06892694157962713,0.1850840181983171,0.09903682776190215,0.23101175750151504,0.15478938107333357
TCGA-FG-8182-01A,bayesian,0.15137244525272406,0.08008339707469729,0.0017758188332341804,0.013988171375504304,0.08214932218532685,0.05000844339560228,0.436468559651582,0.18415384223132894
TCGA-FG-8185-01A,bayesian,0.19466771908143335,0.014371219622337445,0.00328720794192435,0.05723051585793118,0.3407762766341664,0.07512129291928814,0.11345176150908397,0.2010940064338351
TCGA-FG-8186-01A,bayesian,0.16076474057996648,0.0743246751154929,0.003323370266535796,0.022060102826771195,0.11192865098627153,0.07223511267049489,0.21894304047770644,0.3364203070767606
TCGA-FG-8187-01A,bayesian,0.003974635902707835,0.008217376284862844,0.0019276673105847832,0.0021904914617745424,0.06104506716458542,0.0164260288265032,0.6494358494627532,0.2567828835862282
TCGA-FG-8188-01A,bayesian,0.028738200193891672,0.04612015234533006,0.0022424902582381897,0.004555185454719234,0.11641458214122709,0.0775545419523019,0.46695990121456166,0.25741494643973023
TCGA-FG-8191-01A,bayesian,0.06763724754899231,0.033852294186148754,0.002331060203040015,0.00747707663989659,0.09196506427911477,0.031212607231564268,0.4767413417728126,0.2887833081384307
TCGA-FG-A4MT-01A,bayesian,0.28015227768523115,0.034839979014197074,0.0022393487153508826,0.06234490978922178,0.24476191887903231,0.07055861972634754,0.11238354986816011,0.1927193963224591
TCGA-FG-A4MT-02A,bayesian,0.2233733844449968,0.020040567587261415,0.0021477182026507463,0.040545194508997316,0.17118254664557928,0.04752560773227716,0.3121132588732689,0.18307172200496843
TCGA-FG-A4MW-01A,bayesian,0.16773758654849458,0.02367627831041003,0.0017311616372279516,0.0023815128992082883,0.04163645302739479,0.13076079286925485,0.3850253726410272,0.24705084206698225
TCGA-FG-A4MX-01A,bayesian,0.12102769782480499,0.04191067148285458,0.0022997060886659295,0.11539872369406969,0.32055710128156606,0.18173862195264773,0.07049246704099683,0.1465750106343941
TCGA-FG-A4MY-01A,bayesian,0.055474507065824505,0.022774372928131777,0.0019088262687117336,0.0067795472808651926,0.10313194646757287,0.03427728195245009,0.5520267014212789,0.22362681661516487
TCGA-FG-A60J-01A,bayesian,0.15846406995517134,0.04128622954556896,0.0031049004207864416,0.01160503238989579,0.12979777221925418,0.010738137574135432,0.2219044600017543,0.42309939789343354
TCGA-FG-A60K-01A,bayesian,0.2086689377451695,0.020473217079262994,0.003284800135582609,0.0478182162814895,0.130427472395873,0.04160537341420939,0.2183224707908264,0.32939951215758667
TCGA-FG-A60L-01A,bayesian,0.04026492741171138,0.07802618131320381,0.002090687642134431,0.005932959449703052,0.25574384892180274,0.04560849105465341,0.300193011629556,0.2721398925772352
TCGA-FG-A6IZ-01A,bayesian,0.23245213759491873,0.02086917852073328,0.0014017314010908335,0.0441936574608763,0.3740122674486634,0.04407132823940784,0.11190069056634716,0.17109900876796244
TCGA-FG-A6J1-01A,bayesian,0.17849822968452342,0.023135924817934212,0.0017893432660898738,0.04763929242117222,0.3883887045076095,0.08158086529815918,0.08752290992586917,0.19144473007864243
TCGA-FG-A6J3-01A,bayesian,0.08172776785992202,0.14518780967065545,0.002326678592155864,0.0035331906812824452,0.17153240747852821,0.07752626664918282,0.21797314203967003,0.3001927370286033
TCGA-FG-A70Y-01A,bayesian,0.07738241896402055,0.07718334320254268,0.0025142731869106246,0.005267820911487654,0.10349264191380265,0.054788337905037975,0.3983885155479769,0.28098264836822084
TCGA-FG-A70Z-01A,bayesian,0.22628635827986499,0.11772907291309755,0.0020438317339918754,0.006447259643452111,0.03907164164891966,0.24678052307650564,0.05500102421929577,0.30664028848487235
TCGA-FG-A710-01A,bayesian,0.2248706148786024,0.11514921337844453,0.0019925689069759025,0.03982260602431828,0.16962488021429453,0.07895848022330394,0.11605304006156561,0.2535285963124948
TCGA-FG-A711-01A,bayesian,0.13938919828702484,0.02533328144506978,0.002630881204293991,0.012738258657053695,0.20201704519871924,0.04050583904120923,0.17876871210089612,0.39861678406573325
TCGA-FG-A713-01A,bayesian,0.18248307172173178,0.0016069384420932169,0.00328092493028436,0.04237733760229041,0.12455952560326243,0.04059162821192343,0.450409711756118,0.1546908617322963
TCGA-FG-A87N-01A,bayesian,0.26449561759425844,0.048797021953361566,0.0021504126034209074,0.10585059390389719,0.15266913390535664,0.18089530661235423,0.19577500283156632,0.049366910595784734
TCGA-FG-A87Q-01A,bayesian,0.004458627936912006,0.13655719553950318,0.00346106281125423,0.0021231623708068987,0.038063841412074854,0.09434299033698934,0.47526159236301313,0.2457315272294463
TCGA-FN-7833-01A,bayesian,0.09380774813488053,0.24208151324079993,0.0028720610382111334,0.02115395877861694,0.0694160984428413,0.03348407414131545,0.03844713154844807,0.4987374146748866
TCGA-HT-7467-01A,bayesian,0.05643563002417354,0.0032455899785233063,0.00178723909453217,0.007626619968315837,0.0496390412373086,0.03335594235233902,0.7353139975430346,0.11259593980177297
TCGA-HT-7468-01A,bayesian,0.26889259582718605,0.015978893647795107,0.0022154142316788824,0.03160959693790079,0.13351376045974164,0.08997432296814502,0.18066742134701552,0.27714799458053696
TCGA-HT-7469-01A,bayesian,0.41153578673168195,0.036412930255485206,0.0021512573684852893,0.007882256759668077,0.22194157380671412,0.08684005705701288,0.08462610488428118,0.14861003313667134
TCGA-HT-7470-01A,bayesian,0.11579346120540364,0.018730231830744442,0.0030556388559991494,0.012183966154659732,0.11104112586509865,0.03953350718436457,0.47714940891951824,0.22251265998421155
TCGA-HT-7471-01A,bayesian,0.2753164016276673,0.0944261545836548,0.0033704786324301756,0.04246199386813892,0.12398375281585924,0.1184171784283555,0.12166447681415345,0.22035956322974073
TCGA-HT-7472-01A,bayesian,0.14283626651888562,0.06692889004076005,0.004104453531443399,0.00938656045483401,0.08140473063218466,0.017332464436068937,0.23682261679546793,0.4411840175903554
TCGA-HT-7473-01A,bayesian,0.037484420818127674,0.21211919725975698,0.003571490386117663,0.0028637080235610402,0.11154518139967629,0.06545534383744897,0.10812199588858792,0.45883866238672344
TCGA-HT-7474-01A,bayesian,0.10159360528742942,0.004058583184483712,0.003809441057223089,0.007878409944440567,0.11235983915685445,0.03154089850581604,0.4309248615494109,0.3078343613143419
TCGA-HT-7475-01A,bayesian,0.17534236398673397,0.0012975520214135823,0.0021776322197544712,0.038824430142182655,0.2423240268572052,0.07441679172238307,0.2957036342425558,0.16991356880777123
TCGA-HT-7476-01A,bayesian,0.13289529692103982,0.023714495736823687,0.0016977908259262098,0.04416946550599654,0.1935923291074148,0.24849274506191257,0.1898497977281309,0.16558807911275536
TCGA-HT-7477-01B,bayesian,0.33247429984484084,0.033008830570039824,0.0013088051180073254,0.06205288285201361,0.13469783989663683,0.19441053150949789,0.1369767653127975,0.10507004489616611
TCGA-HT-7478-01A,bayesian,0.10357302859206513,0.21289336770155953,0.0025850325346357538,0.020134103333023644,0.17410517616010368,0.11100280938814522,0.05799312270709484,0.3177133595833722
TCGA-HT-7479-01A,bayesian,0.009265218712079583,0.05442075203515059,0.002082978033104904,0.00170466049577699,0.05981744184893757,0.025460127364959968,0.5082993781020564,0.33894944340793387
TCGA-HT-7480-01A,bayesian,0.23767523730559006,0.010137542817242056,0.0021353198292670774,0.06057347776236002,0.14195727958787335,0.058261293165506337,0.283228098137011,0.20603175139514993
TCGA-HT-7481-01A,bayesian,0.06893021883559201,0.0036984800378411543,0.002022506529965957,0.004878064605635786,0.07070144199297242,0.046110347843653005,0.6415377312656476,0.1621212088886922
TCGA-HT-7482-01A,bayesian,0.04060319735108016,0.07598284112421456,0.002532676252281093,0.0032575667094246045,0.07744837044825365,0.007632495692504021,0.4171720742638862,0.3753707781583558
TCGA-HT-7483-01A,bayesian,0.19569342099405782,0.03318174017989801,0.002673627059932546,0.040668315165063994,0.1849905381203619,0.21247431665703367,0.1073120164088344,0.2230060254148178
TCGA-HT-7485-01A,bayesian,0.028535703048205456,0.0256157583354624,0.0032277775009988325,0.0017450497285550481,0.09517584542460888,0.006832158560256174,0.339085043812258,0.499782663589655
TCGA-HT-7601-01A,bayesian,0.0357636103945002,0.24188033085858907,0.002456199796307287,0.006618445019077193,0.026904515681844803,0.058607004886447996,0.37801738894184966,0.24975250442138383
TCGA-HT-7602-01A,bayesian,0.003540041857094196,0.017976306576875406,0.0023429869240363965,0.0020193466970922997,0.025372033352950428,0.0048442931729714995,0.5612741493381361,0.3826308420808438
TCGA-HT-7603-01A,bayesian,0.20460749930076702,0.004180637680778285,0.0026822208705457816,0.034936669531511026,0.19460965233187155,0.020885742602395327,0.3702862069546874,0.16781137072744376
TCGA-HT-7604-01A,bayesian,0.22988784143032162,0.04433933536333345,0.0025946723377628994,0.019658626171540048,0.21727114857275256,0.07236236554482825,0.13698286147379282,0.2769031491056684
TCGA-HT-7605-01A,bayesian,0.0884939563606616,0.002316495058489471,0.0064711357513735236,0.006065849737290754,0.1069956432625205,0.032408824397299425,0.45593196433462263,0.301316131097742
TCGA-HT-7606-01A,bayesian,0.32089186915730644,0.026877117631781616,0.00214764742288788,0.016192782511784756,0.1215804178826598,0.15049500094283,0.1835355753629164,0.17827958908783317
TCGA-HT-7607-01A,bayesian,0.15527244414953995,0.008813967042600322,0.003741454890720478,0.028578409438388713,0.1227320509923748,0.05001764167295829,0.3714636104353725,0.259380421378045
TCGA-HT-7609-01A,bayesian,0.11972890227987862,0.08270211727190649,0.002960446436247268,0.012407072039879861,0.23163849849718252,0.07957290118481322,0.13016251747899868,0.3408275448110934
TCGA-HT-7610-01A,bayesian,0.25416353680127857,0.01817909250682417,0.0030762996114335733,0.04735061824418421,0.1495526354297918,0.052562865923298514,0.3218979785958717,0.15321697288731745
TCGA-HT-7611-01A,bayesian,0.0657226331213186,0.08577418424775035,0.00301965051116278,0.008792207961695482,0.13577543814080997,0.04154647252862374,0.19269256120545397,0.4666768522831853
TCGA-HT-7616-01A,bayesian,0.1917694531772884,0.10028305186826852,0.0017845678022598923,0.011305658109616047,0.10312304142231903,0.27457965066799955,0.11060436501919908,0.20655021193304954
TCGA-HT-7620-01A,bayesian,0.010211393608320591,0.006767135128127156,0.00202832501317451,0.001407036756429945,0.014045248575787454,0.007527002881385395,0.7489819380166174,0.2090319200201577
TCGA-HT-7676-01A,bayesian,0.1453471861392544,0.14013082839814134,0.002941695292453979,0.015180032161331795,0.2063864821003491,0.05178210784474657,0.16343247913534367,0.2747991889283792
TCGA-HT-7677-01A,bayesian,0.21862043153280364,0.002935128865106916,0.0029062491821564922,0.03753959280062148,0.1044718366002553,0.05457657254106595,0.32960477409115807,0.24934541438683214
TCGA-HT-7680-01A,bayesian,0.025205673095668766,0.04948587049285154,0.0033348239351524527,0.002677216811618373,0.05743725165093247,0.035067165306298234,0.013140697304115817,0.8136513014033624
TCGA-HT-7681-01A,bayesian,0.19537585722449793,0.011156910049916244,0.002841816313606614,0.024312496616506328,0.16554654163351937,0.05936858728587564,0.30571087892990617,0.23568691194617172
TCGA-HT-7684-01A,bayesian,0.03691999762175327,0.04016465450642266,0.002601560546015259,0.002977063836164681,0.24679379067735818,0.1097485259028502,0.10875803545631099,0.45203637145312475
TCGA-HT-7686-01A,bayesian,0.05822687287862349,0.23299826239187377,0.003059673836007136,0.009096426209546801,0.10701182259042462,0.06866990925138346,0.13866212674210987,0.38227490610003095
TCGA-HT-7687-01A,bayesian,0.32296056109935484,0.006231666901009273,0.0021368656947490126,0.047777098043253134,0.11404341451298367,0.11105880438912695,0.2625547068682719,0.1332368824912512
TCGA-HT-7688-01A,bayesian,0.23854793541392882,0.003764676117878862,0.0034182303897870537,0.05083911250286498,0.17741595805580665,0.053789306949503055,0.3430513147161326,0.12917346585409814
TCGA-HT-7689-01A,bayesian,0.05616680705166634,0.025869444300125662,0.0018966902912531667,0.0033967158461095347,0.09436823421558165,0.005245738451637534,0.4882365384282928,0.3248198314153334
TCGA-HT-7690-01A,bayesian,0.16120967249887322,0.14186931620925314,0.002842222511009915,0.01467558875176373,0.1335158036662443,0.14110695862343897,0.18163426378547776,0.22314617395393888
TCGA-HT-7691-01A,bayesian,0.06799385735146371,0.09783559284045364,0.0021377803450661364,0.0032847002548625896,0.05642478487074439,0.1569465682422286,0.06378112001244947,0.5515955960827313
TCGA-HT-7692-01A,bayesian,0.24783689785242966,0.01612788285392231,0.0022576658771961255,0.032936857022753466,0.2346547701961735,0.04542085173724931,0.14829052731578468,0.272474547144491
TCGA-HT-7693-01A,bayesian,0.1716626912203229,0.1460160318659411,0.00263664563232188,0.03759647708907232,0.1632566729190536,0.22334209526858453,0.07745750002765527,0.17803188597704822
TCGA-HT-7694-01A,bayesian,0.15998752137011485,0.0013668289348408255,0.002005516086008742,0.03302738322879559,0.11681761552960195,0.048522262274810296,0.451806983894737,0.18646588868109076
TCGA-HT-7695-01A,bayesian,0.20264622608274938,0.003974280390544559,0.003404232056204643,0.04299063038372033,0.12581743138499205,0.04549169459860348,0.3641659271136411,0.21150957798954453
TCGA-HT-7854-01A,bayesian,0.006263668487829119,0.07425164483436149,0.003703522980348379,0.0027398368089375648,0.047529606425427334,0.059286290597030424,0.19287148016343428,0.6133539497026315
TCGA-HT-7855-01A,bayesian,0.19189819778594852,0.04193737496661172,0.002697393441247155,0.054897090131478574,0.19869591265945394,0.16698141725872118,0.10743193862172612,0.23546067513481267
TCGA-HT-7856-01A,bayesian,0.14816836516482793,0.0021573702897645783,0.00236291298382618,0.03851438256381126,0.11837306252823451,0.06982053092726023,0.47027267132744094,0.15033070421483438
TCGA-HT-7857-01A,bayesian,0.06618324184837306,0.40390733742556695,0.0017663562952571605,0.0021189999928083523,0.04785113016582868,0.21564459346054587,0.11410011547093497,0.148428225340685
TCGA-HT-7858-01A,bayesian,0.0667301918624948,0.05881109396431439,0.001654614045986686,0.011042374863154042,0.11634437459699327,0.03925875776419593,0.44859255527140107,0.25756603763145974
TCGA-HT-7860-01A,bayesian,0.021369116354372265,0.07790439723862255,0.0025899549083100025,0.0031853920023692905,0.041270801818911705,0.21548205327656778,0.010195584343239125,0.6280027000576072
TCGA-HT-7873-01B,bayesian,0.09605101010536858,0.06542336064697314,0.002652326806696506,0.01872932599190178,0.09454368773491298,0.08393353170199282,0.3194729236004845,0.3191938334116696
TCGA-HT-7874-01A,bayesian,0.15575427923466845,0.0016207423229119807,0.002667146103832922,0.04641707761359607,0.11216976755844801,0.060337833637617785,0.4091832435842023,0.21184990994472244
TCGA-HT-7875-01A,bayesian,0.22721498596797918,0.0035293460981166923,0.003177909042083221,0.04999938737156402,0.165903250659857,0.07641192059605742,0.1616721601259073,0.312091040138435
TCGA-HT-7877-01A,bayesian,0.14734813096214575,0.0032046255044264576,0.0020321253612537405,0.03250808183841526,0.11642874503055252,0.0904436909826621,0.4079887059418871,0.2000458943786571
TCGA-HT-7879-01A,bayesian,0.10881312744608464,0.049047652681551535,0.0033116795299890584,0.022834155751154564,0.13697996457651238,0.1272214437047447,0.24551770298564948,0.3062742733243137
TCGA-HT-7880-01A,bayesian,0.09229404389306518,0.005033810618816777,0.0025486559879877597,0.009099074705214817,0.09228341292383863,0.02957975661756694,0.48879662501315435,0.28036462024035563
TCGA-HT-7881-01A,bayesian,0.07046602834137308,0.0011996493668516455,0.002363251974387358,0.012698707774204718,0.06872212515040198,0.016423428737026024,0.667572404226814,0.16055440442894123
TCGA-HT-7882-01A,bayesian,0.05673258530743013,0.26396544079408174,0.0009813642436973284,0.0015088760085436054,0.09296985392859047,0.49743135191580407,0.04072904874226038,0.045681479059592245
TCGA-HT-7884-01B,bayesian,0.10309778942446991,0.008167128793679718,0.001904240981432055,0.03626136451601074,0.10372945904490409,0.012800273508214863,0.4984227461817601,0.23561699754952856
TCGA-HT-7902-01A,bayesian,0.003794165093554423,0.004414855038086916,0.0016167089587510919,0.0030482728617590685,0.01777531528760009,0.01591279693975739,0.8360157935937141,0.11742209222677671
TCGA-HT-8010-01A,bayesian,0.0665573915686282,0.00924471795841257,0.0030645137036748597,0.0065549841461329875,0.1220394840645318,0.06398544058509431,0.21123831814969485,0.5173151498238305
TCGA-HT-8011-01A,bayesian,0.29608957643645634,0.03918629414046697,0.002451063637662651,0.007530024731501551,0.11304761525401767,0.26476011186682247,0.05387192556906971,0.2230633883640026
TCGA-HT-8012-01A,bayesian,0.3576173777185305,0.010647502123039877,0.0022086201220147426,0.04154828349898596,0.1370002300727563,0.12913702657513,0.14492117179665373,0.17691978809288889
TCGA-HT-8013-01A,bayesian,0.1035242402111874,0.2987712538217349,0.0027117771142690524,0.00967330280896765,0.1130243590949307,0.03465636989478497,0.1495666007709631,0.28807209628316216
TCGA-HT-8015-01B,bayesian,0.2153833306784852,0.03182698959038155,0.0032054363376196647,0.010092044756376069,0.09087338919633234,0.04562192080678685,0.36279193389654213,0.24020495473747616
TCGA-HT-8018-01A,bayesian,0.15780415052594934,0.08269692443541421,0.003348625808386297,0.036145270708964776,0.11858107092627662,0.2350193954994356,0.13208692362034274,0.23431763847523038
TCGA-HT-8104-01A,bayesian,0.14800427564621027,0.047066666196680915,0.002223290594936731,0.0017920488754481771,0.03065489255170584,0.18869991960519228,0.241534291502339,0.34002461502748677
TCGA-HT-8105-01A,bayesian,0.244232486325262,0.0028062957090469387,0.0017585559628955697,0.07710793688775862,0.1772924443574382,0.21952299512037018,0.15854302567805123,0.11873625995917725
TCGA-HT-8106-01A,bayesian,0.003888510996926598,0.42220803770287424,0.0028871577085387737,0.0014460389142589977,0.07474253152816872,0.12911861477609485,0.23983837399681646,0.12587073437632149
TCGA-HT-8107-01A,bayesian,0.15336111610306888,0.0013195593840580396,0.003417688546055775,0.04933704319776207,0.11810133278969374,0.07469610996578724,0.48188567264625565,0.11788147736731858
TCGA-HT-8108-01A,bayesian,0.21594009018591698,0.11995870979189104,0.002268188679609456,0.04263245151053837,0.12578976821862745,0.1215108127489814,0.13112469855448905,0.24077528030994635
TCGA-HT-8109-01A,bayesian,0.14919829240567584,0.01389696264404525,0.0030119536938174483,0.007890404342840529,0.10653675157285851,0.06239648183841266,0.41341386609503333,0.24365528740731648
TCGA-HT-8110-01A,bayesian,0.04475271213316775,0.29844947367001595,0.0028869619018673607,0.006876057912759737,0.019180522409411514,0.048792883494143006,0.09479840887547263,0.484262979603162
TCGA-HT-8111-01A,bayesian,0.02378231265388722,0.036437162445474604,0.0028594121413630953,0.0024527315822281386,0.05321568859121254,0.014422714179982653,0.45588365840090894,0.41094632000494286
TCGA-HT-8113-01A,bayesian,0.21907097600591935,0.0012842332416856813,0.0038802667494043127,0.05019496128818854,0.14080030377688363,0.05426401485796597,0.3867603959635432,0.14374484811640934
TCGA-HT-8114-01A,bayesian,0.149775903179658,0.11398838223450804,0.0028595964019106686,0.010905094458464168,0.16424847390494038,0.10794752907689563,0.05797749718655842,0.39229752355706476
TCGA-HT-8563-01A,bayesian,0.02006526827001613,0.5539456337786617,0.0015166310583249463,0.002726856680491189,0.006866201468750518,0.1931709253755204,0.021288072149970413,0.20042041121826476
TCGA-HT-8564-01A,bayesian,0.21889998123997362,0.04826081746998538,0.0033253788294394814,0.04091251073983015,0.14191858840399954,0.0724675789551537,0.28354474103220334,0.19067040332941484
TCGA-HT-A4DS-01A,bayesian,0.09245601015218591,0.17348736110110452,0.0019160530105427457,0.010146388835966568,0.306497508169832,0.05049704308392973,0.07033325765816056,0.294666377988278
TCGA-HT-A5R5-01A,bayesian,0.07628531111980179,0.10276770817652638,0.004812651350202175,0.005710407244653704,0.10730646926041529,0.04108345629573848,0.025112706733698476,0.6369212898189637
TCGA-HT-A5R7-01A,bayesian,0.1618885958952185,0.008345226288331856,0.004222189348316737,0.02701241009723207,0.1364471671125045,0.037094688635176516,0.3575331753014503,0.2674565473217696
TCGA-HT-A5R9-01A,bayesian,0.2549860740687773,0.0012390969090747145,0.0020422821135221134,0.07996725524780815,0.30767534027018184,0.14398986104758454,0.13296979946281726,0.07713029088023401
TCGA-HT-A5RA-01A,bayesian,0.14289222926631265,0.07410700468434986,0.0017043433433386367,0.006289702181801755,0.03721278677159857,0.3789347563466925,0.014746473903939206,0.3441127035019668
TCGA-HT-A5RB-01A,bayesian,0.22211941179958722,0.008817400023220325,0.0032641496924419346,0.05530770868692866,0.18875377295607013,0.08565483124885424,0.23940189859542013,0.1966808269974773
TCGA-HT-A5RC-01A,bayesian,0.1267782201026353,0.07472828988490696,0.0031982162391117094,0.002674057474497773,0.017446471856596223,0.13814388720702278,0.16279557648615986,0.4742352807490693
TCGA-HT-A614-01A,bayesian,0.07610735616943658,0.02082219601256096,0.0024332689752638846,0.007228824240486628,0.12277656392280985,0.025502364324181546,0.5216472709736191,0.2234821553816414
TCGA-HT-A615-01A,bayesian,0.14127709786505055,0.07670965560581283,0.002848886357063532,0.025436995478570926,0.1569775488213736,0.03698238598451143,0.2872492982985873,0.2725181315890298
TCGA-HT-A616-01A,bayesian,0.21148576570857072,0.00929515552792602,0.002861214020453009,0.05040124121494066,0.1901021458284548,0.07630861013268513,0.23138345749115127,0.22816241007581833
TCGA-HT-A617-01A,bayesian,0.06252769977685992,0.11696606606234891,0.004563319072055269,0.008546462573590164,0.0986412150713996,0.12042371260943525,0.21058955989533532,0.3777419649389754
TCGA-HT-A618-01A,bayesian,0.04464770595795328,0.19589766054305832,0.0028023358338253,0.010339499384614145,0.11833359559391136,0.07331824305854166,0.1326898979231155,0.42197106170498044
TCGA-HT-A61C-01A,bayesian,0.2908802307842293,0.09682112672198052,0.002144913505991507,0.014284148599451417,0.08974595020434102,0.21075220108888051,0.1857466358385145,0.10962479325661116
TCGA-HT-A74H-01A,bayesian,0.01123706806835048,0.03606835523381409,0.004472501112456543,0.003684717728502469,0.10758267394322626,0.02512571033021116,0.41440516264393373,0.39742381093950535
TCGA-HT-A74J-01A,bayesian,0.18415913223258076,0.028532119024245055,0.002522297417593166,0.0371915369944412,0.1852609611194906,0.03666758172876889,0.1571755794759378,0.36849079200694246
TCGA-HT-A74K-01A,bayesian,0.1592303478483407,0.030997909473056216,0.0016684014508891098,0.0073689286580536206,0.20373508007907562,0.15669135750365484,0.2735756715016993,0.1667323034852307
TCGA-HT-A74L-01A,bayesian,0.24338344354746996,0.03865927185980889,0.0024595324417841964,0.04338177816357698,0.12671355087268818,0.077434755296983,0.21786332145428391,0.25010434636340484
TCGA-HT-A74O-01A,bayesian,0.08818623229464437,0.17006585414945455,0.002443108576516247,0.009587160908308873,0.23493416603535866,0.05934339653614844,0.18655505096517955,0.24888503053438935
TCGA-HW-7486-01A,bayesian,0.021909877894607657,0.008684840563585509,0.001406592131033652,0.001328983699404329,0.03529472811169541,0.026639890200161893,0.7863568579903083,0.11837822940920338
TCGA-HW-7487-01A,bayesian,0.1847800296484059,0.002657670793473803,0.002202450723567936,0.046156599738144774,0.16193389191353064,0.05489102445306519,0.38257491644668185,0.16480341628312994
TCGA-HW-7489-01A,bayesian,0.20104271155790873,0.013053341469125433,0.0033971491416891065,0.03884351067062279,0.18584294732642076,0.02561472934803569,0.27448058437311357,0.25772502611308395
TCGA-HW-7490-01A,bayesian,0.06228702153888503,0.0403029915974888,0.003264181781531306,0.008468630545059235,0.2069365843149466,0.24092983929008,0.0543667502268546,0.3834440007051545
TCGA-HW-7491-01A,bayesian,0.33876839737853953,0.002032950669004473,0.0018109681501378807,0.0637859786714072,0.08542878204138495,0.12413169458559077,0.2593234207809612,0.1247178077229741
TCGA-HW-7493-01A,bayesian,0.14194414805335448,0.06242829032136,0.0028793095402957895,0.008419490547936238,0.11939947097123602,0.09876082966503762,0.11114457425649221,0.4550238866442878
TCGA-HW-7495-01A,bayesian,0.09659660570196095,0.0013958516393125745,0.0027222119246868384,0.01515154385396237,0.08331981015758007,0.037527499153413406,0.5899483920856856,0.17333808548339816
TCGA-HW-8319-01A,bayesian,0.21188808739895312,0.029457546671701324,0.0026829700723310446,0.03148914709545511,0.12291061798642777,0.03129242756914343,0.26901102832576873,0.3012681748802195
TCGA-HW-8320-01A,bayesian,0.19027428068230207,0.0678975695805781,0.0024920992260660238,0.03135162136181012,0.2032245292897945,0.06250819390020361,0.11786829047247545,0.32438341548677013
TCGA-HW-8321-01A,bayesian,0.19327846008491012,0.040398985419065545,0.0019245780234788763,0.025516062267821663,0.14733688745809775,0.14563713353827606,0.27988731245333437,0.16602058075501563
TCGA-HW-8322-01A,bayesian,0.3145415290736682,0.005272308806820065,0.002668531886030051,0.03606009296092407,0.14253373961994625,0.07330586267687036,0.28628950768680567,0.13932842728893538
TCGA-HW-A5KJ-01A,bayesian,0.20818946011598163,0.0009188066519358912,0.0014324280773480675,0.04632656781947987,0.3244031757167291,0.21914046809354784,0.1195364914574865,0.08005260206749117
TCGA-HW-A5KK-01A,bayesian,0.005475075556397281,0.12684009555347597,0.0035644435488546354,0.00497254562682986,0.00659636202695302,0.014426107252955874,0.5244887047143463,0.3136366657201871
TCGA-HW-A5KL-01A,bayesian,0.11795177480470018,0.041166401024807064,0.0022591313558711548,0.025461813002368,0.1644441061181062,0.06708644052246554,0.2537067155352047,0.3279236176364772
TCGA-HW-A5KM-01A,bayesian,0.13129748821903775,0.3735977057642718,0.0024865439064973432,0.005665791477855049,0.10342666879054302,0.03526428420667199,0.02173511013396095,0.3265264075011621
TCGA-IK-7675-01A,bayesian,0.234153892448503,0.022448209854480896,0.002195658715043506,0.0249840275636409,0.13177831171376117,0.14609943442550166,0.19483586194615723,0.24350460333291166
TCGA-IK-8125-01A,bayesian,0.2566745015804791,0.009481120119421671,0.0030975541612335857,0.03516125022762997,0.1656485436074268,0.0667688656425203,0.16314120152185876,0.30002696313942984
TCGA-KT-A74X-01A,bayesian,0.2697372608341557,0.009267890356134482,0.0020572341723037843,0.030050648583927406,0.09569958733355656,0.1159789685279189,0.3126382845687039,0.1645701256232993
TCGA-KT-A7W1-01A,bayesian,0.31943970522245835,0.030529125972047894,0.0027312949445417512,0.007501528614610351,0.06761450435218054,0.306763510410154,0.013992557203922189,0.251427773280085
TCGA-P5-A5ET-01A,bayesian,0.13245603451180601,0.00423347947255063,0.0026714847349754026,0.014679676462555533,0.15132472131356875,0.02853324098986899,0.4670403832704889,0.19906097924418584
TCGA-P5-A5EU-01A,bayesian,0.19440901978865946,0.16526664359319235,0.0023751536276183224,0.010235010006901198,0.07209880501423954,0.23046000826667773,0.042431986192091146,0.2827233735106203
TCGA-P5-A5EV-01A,bayesian,0.19474479665997685,0.03971520414730601,0.0021542914116318428,0.01785709705971678,0.1743613397184595,0.12194599805438916,0.14262986602687092,0.30659140692164893
TCGA-P5-A5EW-01A,bayesian,0.1070012615794413,0.07348981611681599,0.003220267240307422,0.01729041870291158,0.11740708155588829,0.03892474210513327,0.16066530551531025,0.48200110718419203
TCGA-P5-A5EX-01A,bayesian,0.01266270744129615,0.15039165623898965,0.0024850659494831933,0.005409882497418097,0.060332818267612234,0.13941459687954458,0.012644162308997743,0.6166591104166583
TCGA-P5-A5EY-01A,bayesian,0.0857509955863162,0.015094765971193644,0.003935457965206432,0.013883362453736621,0.1182583286515377,0.03959527401331391,0.15557153373312083,0.5679102816255747
TCGA-P5-A5EZ-01A,bayesian,0.07038546778812681,0.03120592237393987,0.0011895985709703882,0.006882458339375176,0.1238048782589305,0.09336716133952155,0.5388953794409055,0.13426913388823017
TCGA-P5-A5F0-01A,bayesian,0.3626347582662758,0.0013130595840631651,0.0021236809812814382,0.06951558267357023,0.1411165753276591,0.043471540952196866,0.20831713210963013,0.17150767010532328
TCGA-P5-A5F1-01A,bayesian,0.01646598672111641,0.030632775098194176,0.0038668973221714135,0.0036085397704794203,0.12372003992061338,0.0727606625930166,0.0966077474630868,0.6523373511113219
TCGA-P5-A5F2-01A,bayesian,0.11592857031811218,0.00661857968363019,0.0033549648288572448,0.014281395673103707,0.1621716690993597,0.04147516198865913,0.2947814123065754,0.3613882461017024
TCGA-P5-A5F4-01A,bayesian,0.17847686944704522,0.003927771693755234,0.0026679468246139995,0.060634498507302764,0.20473043777295194,0.07846372314500442,0.29853072609524933,0.17256802651407718
TCGA-P5-A5F6-01A,bayesian,0.1598176085369175,0.06932233005243663,0.002606696375582107,0.03755177555208124,0.12152756861781082,0.45357658532066847,0.08442969207800027,0.07116774346650297
TCGA-P5-A72U-01A,bayesian,0.0682903651341159,0.08256205046933017,0.003055541101004575,0.0026506533786216048,0.024034130753867965,0.3459580261220569,0.011545005161162657,0.4619042278798402
TCGA-P5-A72W-01A,bayesian,0.1167262804479008,0.03962933723315281,0.0019921352166085,0.012154231141225387,0.3090666032269021,0.028515773620092787,0.1533054673354034,0.3386101717787142
TCGA-P5-A72X-01A,bayesian,0.08560020162167084,0.012189141291552585,0.002820195233433449,0.017623170551048596,0.09692067973584786,0.26867598950740557,0.09268333484334239,0.4234872872156987
TCGA-P5-A72Z-01A,bayesian,0.38486952104138267,0.0009715966131407279,0.0013915084346614675,0.06811820662391026,0.11764321581395085,0.09091236465750123,0.2578908579858621,0.07820272882959084
TCGA-P5-A730-01A,bayesian,0.05468306620610122,0.003467203636934265,0.0019294102718473965,0.01940969135408627,0.18106667874518148,0.13699436069613333,0.42953657379921506,0.1729130152905011
TCGA-P5-A731-01A,bayesian,0.18317502784082357,0.019192920221821085,0.003375950382468236,0.008892168345178336,0.1394204769167305,0.1431039862407214,0.09651569004397659,0.40632378000828023
TCGA-P5-A733-01A,bayesian,0.10787184482401697,0.01129298439809558,0.0036335448638511124,0.019036237757881064,0.2525381591271265,0.10885064277929467,0.07865290561429761,0.4181236806354365
TCGA-P5-A735-01A,bayesian,0.1757849637359137,0.047965672252851956,0.0030011638117076545,0.03543574378280012,0.21222515248700155,0.0051023631270176945,0.25571128625156914,0.2647736545511382
TCGA-P5-A736-01A,bayesian,0.003428433014988916,0.09314117423374838,0.00513400125518836,0.0032015894768137898,0.07276082448203103,0.0355210021920929,0.04016919076161674,0.7466437845835199
TCGA-P5-A737-01A,bayesian,0.31663994250789135,0.019222858847478985,0.0026733303345007745,0.023371396159950732,0.18480094366652833,0.03014201544082782,0.16088540544188304,0.262264107600939
TCGA-P5-A77W-01A,bayesian,0.26735319407627706,0.0008710580544899903,0.0016825469071902216,0.0642828638220567,0.2498909905489499,0.1381434290942373,0.19538074781308362,0.08239516968371526
TCGA-P5-A77X-01A,bayesian,0.21103459343368697,0.0018916754593130889,0.0019970594832018807,0.042704600480935634,0.1219055564727222,0.042896277113560574,0.2673223467977292,0.3102478907588505
TCGA-P5-A780-01A,bayesian,0.1330398855472343,0.05503149839405674,0.001510692219821717,0.018316212048607065,0.1559086149453169,0.10332200397405963,0.412123311199753,0.12074778167115047
TCGA-P5-A781-01A,bayesian,0.06278583908459597,0.01296168922893584,0.0027005254564467745,0.008792259297928168,0.14257586316713378,0.04310198276784299,0.4121790857101852,0.3149027552869312
TCGA-QH-A65R-01A,bayesian,0.18561717213695755,0.0037509069024660403,0.0017202235780252153,0.05067545015818417,0.2986989110608693,0.19760274910174333,0.15495702913401826,0.10697755792773607
TCGA-QH-A65S-01A,bayesian,0.05219343651286781,0.041962450281730755,0.0022514217997957778,0.004621679802656345,0.08585930063952044,0.027354818867870053,0.46314862811958596,0.32260826397597286
TCGA-QH-A65V-01A,bayesian,0.02231782010468684,0.00763459758867342,0.0026319164230337905,0.0036016149667880497,0.09031319353956321,0.025814044164352044,0.5505690048229496,0.29711780838995316
TCGA-QH-A65X-01A,bayesian,0.1991218796897984,0.010220466000065955,0.0016875757959991496,0.03326995055493161,0.3346571250363798,0.2661229888636865,0.08401387943311499,0.07090613462602362
TCGA-QH-A65Z-01A,bayesian,0.20197963683774786,0.0023130086390632733,0.002226045985514338,0.03167695264396766,0.1456338759929573,0.02923479938089038,0.32020045978926187,0.26673522073059736
TCGA-QH-A6CS-01A,bayesian,0.0027195456116809167,0.025300104792032024,0.002858945534601326,0.0017440698932814744,0.008828222140502624,0.003365038669774558,0.5762093942608738,0.3789746790972534
TCGA-QH-A6CU-01A,bayesian,0.0032836567021879625,0.03026543274644015,0.0033699265234196727,0.0024066050440916015,0.08473762731271488,0.009452516046461149,0.45621171132367866,0.41027252430100597
TCGA-QH-A6CV-01A,bayesian,0.22684766834189252,0.14906937189020078,0.00274007852236159,0.00248128903003555,0.10289948069733112,0.14326429816565558,0.17515060495999182,0.197547208392531
TCGA-QH-A6CW-01A,bayesian,0.20582101911982248,0.08141628946128862,0.002673283660125845,0.02275054460025797,0.14097582911721618,0.06271702449186699,0.06874736444680038,0.41489864510262153
TCGA-QH-A6CX-01A,bayesian,0.021403416821908598,0.04016110841186578,0.0037566847082959732,0.002471745599972733,0.011634666096411563,0.016602490093735947,0.4349252289761976,0.46904465929161177
TCGA-QH-A6CY-01A,bayesian,0.14849253379193025,0.0016581362989776492,0.0021577635633568096,0.01371637198042169,0.12933095813454687,0.01447628759526071,0.5023833152094578,0.18778463342604831
TCGA-QH-A6CZ-01A,bayesian,0.32708871162856085,0.006149912288683166,0.0030137804021055895,0.05237082513991001,0.1529665968675897,0.05596180005335505,0.2481795899483986,0.15426878367139701
TCGA-QH-A6X3-01A,bayesian,0.14079055822006173,0.04000997626215444,0.002160788417960983,0.019970565347393898,0.16402692445849118,0.13051552999050353,0.22755280329188,0.27497285401155414
TCGA-QH-A6X4-01A,bayesian,0.2128804316468645,0.00817059966720317,0.001543771397006149,0.05283168493474058,0.08345489793843544,0.0194953822671433,0.4906527948979736,0.13097043725063326
TCGA-QH-A6X5-01A,bayesian,0.03213262249661627,0.003251775041811527,0.001471966775666443,0.005055278640102193,0.09295249075049443,0.02207730245202466,0.6052100944254214,0.23784846941786317
TCGA-QH-A6X8-01A,bayesian,0.2104367881769264,0.018476858403560736,0.001954362627868889,0.024197378254048205,0.08056470651133728,0.041441451071562364,0.4818654518478582,0.1410630031068381
TCGA-QH-A6X9-01A,bayesian,0.32913522948871776,0.027370092983902153,0.003106397465977378,0.04717100973124949,0.13760618856730697,0.0574802696292583,0.1763690224241357,0.2217617897094522
TCGA-QH-A6XA-01A,bayesian,0.08949400691416619,0.05099884096979031,0.0029367425281788062,0.008286562303645923,0.14104864825640037,0.009665185738144138,0.3593862719079902,0.33818374138168394
TCGA-QH-A6XC-01A,bayesian,0.1685585299061277,0.030516989383331288,0.003291274700286281,0.005703447501088759,0.13312555480007845,0.05631828752280355,0.30081294172647643,0.3016729744598076
TCGA-QH-A86X-01A,bayesian,0.28050707625457344,0.013557727354695797,0.003316055758540828,0.05713407030413911,0.13963617336174605,0.043955251147355746,0.14250239984609409,0.31939124597285484
TCGA-QH-A870-01A,bayesian,0.07260773516804088,0.006213792043250192,0.004333762397657083,0.005120256288681357,0.13101779842982528,0.05595738771191265,0.16449178099224318,0.5602574869683894
TCGA-R8-A6MK-01A,bayesian,0.051389297807344914,0.004921600964955642,0.0035315202625214354,0.0074098313437843755,0.10254773005259155,0.006552803052884504,0.20900726554738297,0.6146399509685345
TCGA-R8-A6ML-01A,bayesian,0.21057094660209041,0.0012637304051909106,0.0024974820755089603,0.05081726270487467,0.12488111625532972,0.07598209366612636,0.23250789335585384,0.3014794749350252
TCGA-R8-A6MO-01A,bayesian,0.13812747192903288,0.0088507431397256,0.0015597804399362317,0.03684958103553133,0.11014125261594748,0.0932028235383246,0.4956312865950466,0.11563706070645509
TCGA-R8-A6YH-01A,bayesian,0.3167275066763706,0.03894546252492294,0.002809511997717313,0.04570150229955633,0.20900075536515572,0.06722503834484914,0.07548546827992453,0.2441047545115033
TCGA-RY-A83X-01A,bayesian,0.12255949517732895,0.004837456625163284,0.0021755915767740198,0.02480958025605769,0.10706534368648804,0.0738575618408101,0.46849686637368027,0.19619810446369768
TCGA-RY-A83Y-01A,bayesian,0.22757411696604166,0.024557479164123392,0.0037592338608272466,0.05548716442472733,0.1998327911579376,0.12183484639353126,0.1854739024559039,0.18148046557690747
TCGA-RY-A83Z-01A,bayesian,0.11956421178220905,0.04538974714309812,0.0024522571381259636,0.04353796172125885,0.4207865665885295,0.04646065756103548,0.09737053368049708,0.22443806438524597
TCGA-RY-A840-01A,bayesian,0.2757968244320618,0.006587289048643585,0.0027998456535684836,0.06200379687856163,0.19255175682990308,0.08442764555853542,0.16675107065606515,0.20908177094266084
TCGA-RY-A843-01A,bayesian,0.16558606773574186,0.026708703711030797,0.003155680140728714,0.015473020736255625,0.10453436579361183,0.09583643124912561,0.1754405303170383,0.41326520031646746
TCGA-RY-A845-01A,bayesian,0.2395599155105589,0.0357010931477154,0.0029199220165319313,0.03620008137936146,0.2101174514712445,0.035699656579524064,0.16400364079301774,0.275798239102046
TCGA-RY-A847-01A,bayesian,0.17548026622288102,0.04417220965274874,0.0023520619711794384,0.023025639256953404,0.16929316870129107,0.09615891751049707,0.2344943365593209,0.2550234001251284
TCGA-S9-A6TS-01A,bayesian,0.13994453762737696,0.08501754690083946,0.0025049479998086573,0.023348076117997087,0.23322782160659294,0.10594632671664515,0.12636247479034032,0.2836482682403994
TCGA-S9-A6TU-01A,bayesian,0.09904469578217666,0.10634615630396038,0.0025764841143660236,0.01108513888477836,0.17715450810408157,0.10376337148122769,0.3385494382840702,0.16148020704533908
TCGA-S9-A6TV-01A,bayesian,0.0768208795263421,0.2586215416505138,0.0029681756686534134,0.019284100201921547,0.13004366870100245,0.19830499470048674,0.018731852875818206,0.29522478667526175
TCGA-S9-A6TW-01A,bayesian,0.1658619809562122,0.006676205305733756,0.0016253434446973293,0.04199396294971426,0.19949698674943858,0.34448891927966385,0.1437885740413808,0.0960680272731593
TCGA-S9-A6TX-01A,bayesian,0.1460138000131744,0.014335214765317383,0.002600179196730042,0.01659375150558932,0.11112705223820131,0.0975003368254755,0.4306244661360535,0.1812051993194585
TCGA-S9-A6TY-01A,bayesian,0.22827932020966843,0.0011988480691800846,0.0016608438507981719,0.05032035827375823,0.18561925464033915,0.04549986137392749,0.3736831546140978,0.11373835896823065
TCGA-S9-A6TZ-01A,bayesian,0.16866757394982326,0.05684219650179292,0.002507245859383047,0.023164010919074864,0.1208137552730904,0.10234629504401278,0.10523986682926838,0.42041905562355436
TCGA-S9-A6U0-01A,bayesian,0.05662416228890707,0.08106599331258399,0.0015226916277080614,0.007372863008074781,0.017311389832250917,0.62336081436097,0.007769463441131811,0.20497262212837325
TCGA-S9-A6U1-01A,bayesian,0.13138479183318238,0.05731004628131031,0.002058363218143348,0.02006984240516856,0.13411502632850114,0.08369640615904288,0.3998686181279972,0.17149690564665412
TCGA-S9-A6U2-01A,bayesian,0.15363770846734134,0.014155675691808964,0.003490807383038072,0.021976050592225585,0.12002344982437371,0.06382979584552781,0.1250127086550461,0.4978738035406384
TCGA-S9-A6U5-01A,bayesian,0.15560401495340623,0.025995774464531097,0.003345704593654565,0.04339936553131664,0.14887673850306749,0.04081308115716674,0.12170835891051879,0.4602569618863384
TCGA-S9-A6U6-01A,bayesian,0.23638147444427535,0.042908504743525575,0.0027542752784282974,0.03516882143859169,0.19178148858978908,0.07021738930530032,0.14763610839853686,0.2731519378015529
TCGA-S9-A6U8-01A,bayesian,0.05214803774985581,0.09681921111254041,0.002300548935588073,0.005154595091130598,0.08833624832469122,0.02417183012754276,0.4138352251247844,0.3172343035338668
TCGA-S9-A6U9-01A,bayesian,0.0042062232748419906,0.12040371487144043,0.0029059746826799893,0.002149136596965778,0.07621341922868138,0.15709756980346531,0.23911553642284883,0.3979084251190763
TCGA-S9-A6UA-01A,bayesian,0.13344769507721466,0.24435644234936765,0.0014168971655564395,0.010787421649548204,0.06873765773160875,0.1588501038869437,0.1694756625219224,0.21292811961783814
TCGA-S9-A6UB-01A,bayesian,0.24930208385949157,0.0014955368925668327,0.0018156648140234242,0.04579468938571778,0.16345734498147027,0.03699362988621038,0.3848036580127416,0.11633739216777823
TCGA-S9-A6WD-01A,bayesian,0.1554281981915054,0.005291780964988635,0.0018771541275955995,0.02438094519441401,0.18180608857564756,0.02872316768002385,0.3470904752438476,0.25540219002197745
TCGA-S9-A6WE-01A,bayesian,0.2746010443188205,0.012639882930504128,0.002103766160978226,0.04465851987053834,0.1589043454835615,0.07590075973327705,0.2430782634267279,0.18811341807559243
TCGA-S9-A6WG-01A,bayesian,0.04915165720656505,0.05596840601779177,0.0021214774318117353,0.02984163775188526,0.11547120564209702,0.4512988132050178,0.02352145208377144,0.27262535066105986
TCGA-S9-A6WH-01A,bayesian,0.3472580947724076,0.005437860470207684,0.0025468829495791244,0.07339049995958713,0.25287898970325207,0.07544952474414124,0.16943768536455367,0.07360046203627138
TCGA-S9-A6WI-01A,bayesian,0.1546133440525201,0.0016162398862858067,0.0026121724365265335,0.04058998240706607,0.14916423261234407,0.051183014405135424,0.5080620916714336,0.09215892252868839
TCGA-S9-A6WL-01A,bayesian,0.28311986069967526,0.006799576684751002,0.0020852478560531348,0.0372004623766731,0.11347243536795389,0.2241123590041065,0.12995106228828524,0.2032589957225019
TCGA-S9-A6WM-01A,bayesian,0.36977992082093014,0.036868098133814156,0.0025849035399122195,0.0030091060363412543,0.08185212420015826,0.17254748758564625,0.023058839236473415,0.3102995204467243
TCGA-S9-A6WN-01A,bayesian,0.05376826015366195,0.09823501986899276,0.003390456444501,0.004722899677702183,0.01838521907327458,0.21910797584761374,0.03097338254640729,0.5714167863878463
TCGA-S9-A6WO-01A,bayesian,0.1469307932093998,0.09822029725281596,0.003349702862725917,0.013329065296844645,0.17441290440293414,0.024119806243628146,0.10604579484581182,0.43359163588583965
TCGA-S9-A6WP-01A,bayesian,0.19593994348348612,0.034851915878667976,0.002224457871121957,0.024782269983249002,0.1380120722028133,0.1180082870816571,0.3209712631935423,0.16520979030546235
TCGA-S9-A6WQ-01A,bayesian,0.05109555664483538,0.06171279602267395,0.0021717498428700634,0.006288624650390964,0.12926419085728336,0.017270330897789506,0.5059459734580619,0.22625077762609488
TCGA-S9-A7IQ-01A,bayesian,0.25743537973037894,0.0014473885106165334,0.004790308734113021,0.0692833233489843,0.17419105416763753,0.03785970383420872,0.3051050570257088,0.14988778464835217
TCGA-S9-A7IS-01A,bayesian,0.3169939287959767,0.012555719230859099,0.000986485094189108,0.034819473935640756,0.1776534446083071,0.16385476337949276,0.26466492843788436,0.028471256517650215
TCGA-S9-A7IX-01A,bayesian,0.15033714959238867,0.09686446353043515,0.0025563391631750055,0.007619574358163409,0.10174091848840283,0.14999983972789446,0.14597626472120495,0.3449054504183355
TCGA-S9-A7IY-01A,bayesian,0.042946504337149895,0.03824961275648734,0.002967429478786108,0.007486957964916378,0.11586519213285712,0.01688934223192908,0.2131360289425534,0.5624589321553206
TCGA-S9-A7IZ-01A,bayesian,0.157059849082643,0.08462357088242517,0.0029401985504179428,0.01698856927201824,0.14689754173363667,0.11227174448566986,0.122763371396134,0.356455154597055
TCGA-S9-A7J0-01A,bayesian,0.30405012916912755,0.023717936829891175,0.0024307286228599503,0.07059848654072608,0.22047913779858197,0.06800812252748381,0.20087209284194835,0.10984336566938116
TCGA-S9-A7J1-01A,bayesian,0.128329683671509,0.01421131132204739,0.003225975097098977,0.013442422987860591,0.06684076996755807,0.03617655275876831,0.4297286307562778,0.30804465343887993
TCGA-S9-A7J2-01A,bayesian,0.27499180254807865,0.013798312565200513,0.0025602605163673755,0.08338145240793461,0.18285854779541416,0.08906562313747039,0.1349102894270485,0.21843371160248565
TCGA-S9-A7J3-01A,bayesian,0.19079509193893868,0.009183665106460643,0.002304133247016012,0.037958260130138206,0.08948200387392745,0.08370227511330823,0.35240723864572127,0.23416733194448952
TCGA-S9-A7QW-01A,bayesian,0.19598399847608997,0.004504274336194463,0.0024651675831172336,0.03446052137790272,0.31181488064411134,0.02232462159130622,0.24590067229058812,0.18254586370068987
TCGA-S9-A7QX-01A,bayesian,0.1332446984084314,0.07502537182461576,0.0024227167171879016,0.016625327658969208,0.30560281003194784,0.0637082693152688,0.1430851126799267,0.2602856933636523
TCGA-S9-A7QY-01A,bayesian,0.09212958872396172,0.006339610890021625,0.0018177604127037276,0.0255409380890638,0.10277364633391765,0.046089639058620034,0.549248301858413,0.17606051463329844
TCGA-S9-A7QZ-01A,bayesian,0.2616068482338702,0.0026998893887971694,0.0025595289675801386,0.06249474924056808,0.17521201113560333,0.11740299085324253,0.2604576749828023,0.11756630719753629
TCGA-S9-A7R1-01A,bayesian,0.28573038166801257,0.001948191964218965,0.0025610593210751904,0.029743863524659638,0.28601672106081616,0.08925726455716125,0.10074430022505028,0.203998217679006
TCGA-S9-A7R2-01A,bayesian,0.03392116832001839,0.0913583324992585,0.007832919692426983,0.0020130074586431883,0.07635240510614771,0.029531467237765893,0.5211141589148375,0.23787654077090192
TCGA-S9-A7R3-01A,bayesian,0.019196020655451368,0.05214254771226232,0.0023991141646788794,0.003909817972496704,0.10933997097055305,0.09396445412388345,0.2470406084966619,0.4720074659040124
TCGA-S9-A7R4-01A,bayesian,0.15759201329277372,0.08809810841630045,0.002022884398709439,0.03688151046221236,0.14197581410128193,0.34156541662429624,0.07296887438782418,0.15889537831660167
TCGA-S9-A7R7-01A,bayesian,0.02828707404746897,0.2875549234417781,0.003332376422327012,0.003267673754038441,0.01606165038677453,0.18152672094250913,0.06615664125517326,0.41381293974993055
TCGA-S9-A7R8-01A,bayesian,0.16693450608959043,0.06663630691428385,0.0017031091060871902,0.050174082569656296,0.16445366600756403,0.04445598265412891,0.3324707658832286,0.17317158077546066
TCGA-S9-A89V-01A,bayesian,0.31858991278818166,0.04279764694698633,0.0015700027055039086,0.055724807252662906,0.04874904329983704,0.0691512678971008,0.24933902213118,0.21407829697854727
TCGA-S9-A89Z-01A,bayesian,0.12093099994593831,0.1835851268701693,0.00208864639041059,0.010090808420301897,0.061155632415247276,0.2656059946510333,0.14833606270762517,0.20820672859927422
TCGA-TM-A7C3-01A,bayesian,0.43330003272241646,0.01578082539900124,0.002404404983359203,0.005632559397348014,0.056431340022904945,0.24894133372056104,0.02026081833972409,0.217248685414685
TCGA-TM-A7C4-01A,bayesian,0.26185517721228163,0.009558004931129755,0.0030424412172795714,0.04288716713794931,0.18205634909871532,0.0455323232777899,0.1650417704048083,0.29002676672004635
TCGA-TM-A7C5-01A,bayesian,0.3463594828296422,0.0026533949292952426,0.0016785045975329113,0.06765713104420772,0.23525049670828296,0.1287956767827025,0.12408145384241943,0.09352385926591689
TCGA-TM-A7CA-01A,bayesian,0.27706979039074514,0.021977498435179977,0.0030420302155608567,0.0374169272520247,0.16409301499753962,0.03554781952091856,0.27171798819294374,0.18913493099508738
TCGA-TM-A7CF-01A,bayesian,0.21860579849754008,0.013581377031246343,0.0031360609631197905,0.05587516229178274,0.20068816913285495,0.0158473661619833,0.21855346826240749,0.2737125976590653
TCGA-TM-A7CF-02A,bayesian,0.01053962469540436,0.0026237823022351838,0.0012857554762873346,0.004986930565181544,0.05582312960922333,0.0018911450461786719,0.8199220788732746,0.10292755343221506
TCGA-TM-A84B-01A,bayesian,0.4565787585203994,0.0017940617332044188,0.0028114265462280256,0.0027139121011707855,0.05033672581737774,0.10511695723728105,0.008717965661379388,0.3719301923829592
TCGA-TM-A84C-01A,bayesian,0.06845615708410878,0.05611128468553269,0.0036148190355054645,0.011352552872380154,0.05406842213990031,0.16365212182792727,0.01168994055132895,0.6310547018033165
TCGA-TM-A84F-01A,bayesian,0.026010043138190983,0.1304813580166575,0.0030795557361435856,0.007951067778209748,0.14006677974269321,0.04394908368067167,0.10890972867472881,0.5395523832327044
TCGA-TM-A84G-01A,bayesian,0.3476581404297718,0.001740796085869743,0.0022386397449104113,0.07930831488912003,0.14894798333548015,0.07182716652183231,0.21186991124996957,0.13640904774304607
TCGA-TM-A84H-01A,bayesian,0.22244052933387498,0.027713044076987298,0.003039179242911794,0.053796792920247596,0.1658144801068221,0.03481008710393011,0.11024478702560082,0.3821411001896253
TCGA-TM-A84I-01A,bayesian,0.4143732247363344,0.036193783078335554,0.002151040212180129,0.015387109794140751,0.255543178167214,0.03663214794184438,0.021483131199319605,0.21823638487063102
TCGA-TM-A84J-01A,bayesian,0.33148202504289015,0.015631338830397884,0.0012178116921078446,0.06327748308053732,0.1212184958304562,0.23385446814799896,0.181533548112089,0.05178482926352259
TCGA-TM-A84L-01A,bayesian,0.05889088032601897,0.07556691485765661,0.003604743819274607,0.007413627381565885,0.08543549331415126,0.031305703557877464,0.2677512821397431,0.4700313546037122
TCGA-TM-A84M-01A,bayesian,0.44271811011338574,0.0013107027901308678,0.003981407710227072,0.06475346408760127,0.1359133581246814,0.04251229532344451,0.1405831442034814,0.16822751764704763
TCGA-TM-A84O-01A,bayesian,0.14077910368944188,0.0245234872486179,0.0028201145244977853,0.021213379023300147,0.08722351081384012,0.06659546312920958,0.27839453243365125,0.3784504091374413
TCGA-TM-A84Q-01A,bayesian,0.15028778310898477,0.12202660138309418,0.0022624209314197584,0.030875308030321787,0.17026162672971648,0.02785415061138138,0.18544426240622117,0.31098784679886043
TCGA-TM-A84R-01A,bayesian,0.22074630300974685,0.0011742530735126776,0.003259947228889241,0.05071519922263145,0.16219002384728107,0.04237503040294403,0.38494402134263167,0.13459522187236286
TCGA-TM-A84S-01A,bayesian,0.11291935326839975,0.02139005084984652,0.004014101105145821,0.00435278560092426,0.16610716972986847,0.02005044387181052,0.23002402639311353,0.4411420691808911
TCGA-TM-A84T-01A,bayesian,0.19232206150049458,0.05485171883388445,0.002286566569198957,0.03594749384619514,0.22118902587796227,0.07048634448507789,0.2061201779183998,0.21679661096878694
TCGA-TQ-A7RF-01A,bayesian,0.09480910926612651,0.03515041554744416,0.0021211079767643206,0.02120259787298117,0.23745259405000846,0.13207371486708164,0.0883492729691824,0.38884118745041124
TCGA-TQ-A7RG-01A,bayesian,0.2089611057130706,0.024013082509709564,0.0025079290084771503,0.032144283833139935,0.1164395240654267,0.053659654581140165,0.24444955647906044,0.3178248638099753
TCGA-TQ-A7RH-01A,bayesian,0.1789648121327259,0.0913763487729399,0.0024972480489831293,0.031718273996551895,0.18645994819466022,0.098633087716285,0.18353468313937038,0.22681559799848358
TCGA-TQ-A7RI-01A,bayesian,0.197267689912223,0.012559285612408898,0.002521076589686508,0.04600741253741516,0.09633820127762323,0.03751026233513645,0.3426456573319235,0.26515041440358333
TCGA-TQ-A7RJ-01A,bayesian,0.1291900716333804,0.08924862878205614,0.003038961088147014,0.030867875336222306,0.1823936088301019,0.05267982126066817,0.10078318548208436,0.41179784758733967
TCGA-TQ-A7RK-01A,bayesian,0.12994776168958255,0.023261136422792438,0.0019021312371170962,0.05621652308128889,0.2917538513917144,0.053186238168459264,0.1982409050725651,0.24549145293648023
TCGA-TQ-A7RM-01A,bayesian,0.31740733097748125,0.001797195920151988,0.001926574567141405,0.05916194104817986,0.13759915955494348,0.1633825614056301,0.1659297150027421,0.15279552152372977
TCGA-TQ-A7RN-01A,bayesian,0.1877689617976102,0.008754246894768579,0.0028746785398943934,0.04880079861614318,0.18530883783172616,0.09584020692981526,0.2206731121950781,0.2499791571949641
TCGA-TQ-A7RO-01A,bayesian,0.2775152730382722,0.007150422771737378,0.0029164554187542696,0.05040044892047645,0.09863500476519389,0.18287954151281233,0.09798187837176074,0.2825209752009926
TCGA-TQ-A7RP-01A,bayesian,0.0017036278414133109,0.021334935832727147,0.0019160664781926189,0.002389003312459924,0.031280144776617114,0.08081025039096128,0.4752890872727772,0.3852768840948514
TCGA-TQ-A7RQ-01A,bayesian,0.38017874863071877,0.002065191333894025,0.002104603271508915,0.07459404594545022,0.18132990314893302,0.08373739885275254,0.13358836935038668,0.14240173946635576
TCGA-TQ-A7RR-01A,bayesian,0.04415159142582949,0.04011416062295698,0.002992315192947965,0.005707568634169479,0.1257692721322609,0.004700941528047154,0.5514349534232745,0.2251291970405136
TCGA-TQ-A7RS-01A,bayesian,0.1820444207904288,0.006260117330600431,0.002487995891513597,0.05254656181579074,0.13703977688670932,0.06729780738830422,0.36564580489245013,0.18667751500420263
TCGA-TQ-A7RU-01A,bayesian,0.29189097046397405,0.001627400354264964,0.0019371828553257243,0.09604646811589418,0.1498234743019278,0.10403380519054568,0.2015686985992564,0.15307200011881125
TCGA-TQ-A7RV-01A,bayesian,0.16512375146242375,0.027314314305790663,0.001514816469661957,0.031232774626447996,0.15204875742093427,0.07382439928227004,0.33217182710883253,0.21676935932363878
TCGA-TQ-A7RV-02A,bayesian,0.049736089334439675,0.04872093801078208,0.004965067762102452,0.004192803059235354,0.08312702419599716,0.03570532147711881,0.24560085799163958,0.5279518981686848
TCGA-TQ-A7RW-01A,bayesian,0.1042799995871367,0.13974436586423858,0.0023568433664310343,0.016964314830157316,0.20421881127532351,0.07452222316183185,0.20488107761523297,0.253032364299648
TCGA-TQ-A8XE-01A,bayesian,0.17647285805547877,0.024674594668807916,0.0020813110279586083,0.052904202891348936,0.23935511512705804,0.06006048944025171,0.23329807978377642,0.21115334900531954
TCGA-TQ-A8XE-02A,bayesian,0.11292095955644015,0.06912755569974989,0.002124356268519248,0.010749911619491383,0.09915195374254702,0.11716427655015704,0.3681225430822618,0.22063844348083342
TCGA-VM-A8C8-01A,bayesian,0.09405612755840669,0.05826525728248573,0.003810055262138146,0.010867625540121108,0.132453377475121,0.009567469507908984,0.17714965036048366,0.5138304370133345
TCGA-VM-A8C9-01A,bayesian,0.052618669406927325,0.14865437055416944,0.0022740990262375693,0.00587887907844967,0.16930119254256176,0.05018622817245382,0.23474371870174446,0.336342842517456
TCGA-VM-A8CA-01A,bayesian,0.0792576365174104,0.010824047183781804,0.0030705313081738584,0.0038336486538659846,0.19416213747587313,0.1285645943623381,0.06144573577936854,0.5188416687191882
TCGA-VM-A8CB-01A,bayesian,0.35159021559656667,0.004388024299568065,0.0023709701197130242,0.08607782656684884,0.24003967180143873,0.06582511620031822,0.13748156730046548,0.11222660811508081
TCGA-VM-A8CD-01A,bayesian,0.06042975436315003,0.10852335996433236,0.005361924702448251,0.007536121001055267,0.02512398433013665,0.10043366984877909,0.10681515487631346,0.5857760309137849
TCGA-VM-A8CE-01A,bayesian,0.08820361052608201,0.011291695500274247,0.002343303227968273,0.024964441535262172,0.09842240808352733,0.04463504474048322,0.5147558963202983,0.21538360006610435
TCGA-VM-A8CF-01A,bayesian,0.004524320876338901,0.12042538166477343,0.007954531531214523,0.0024866463497250435,0.23710719644454162,0.0363790231029721,0.15837888838792663,0.43274401164250775
TCGA-VM-A8CH-01A,bayesian,0.10271529096598536,0.07675579832040945,0.003134108034804721,0.028301970663026487,0.14679307664155777,0.1044582421370332,0.21191561069443438,0.32592590254274856
TCGA-VV-A829-01A,bayesian,0.3257088330457481,0.038329748447893844,0.0022799032218152743,0.040301528483786875,0.1674520409888284,0.08813397483617146,0.15050469688509466,0.18728927409066143
TCGA-VV-A86M-01A,bayesian,0.23348180858155315,0.08958222388275697,0.00177556010989831,0.03281121099001139,0.36832655500083944,0.10137182690227597,0.04249902916574385,0.1301517853669209
TCGA-VW-A7QS-01A,bayesian,0.37698574374398774,0.008732796597817035,0.0028570680364438865,0.05057744210923911,0.18461170222352652,0.10686412199541598,0.1165001095408568,0.15287101575271286
TCGA-VW-A8FI-01A,bayesian,0.25740936647727153,0.04758020290524251,0.0029426586158187843,0.0030721644355528517,0.13340004551485174,0.044627469972360494,0.11858579726685564,0.39238229481204634
TCGA-W9-A837-01A,bayesian,0.19875464141943833,0.002247680045045516,0.0030132336923683416,0.045450653465671224,0.1607564044088642,0.05103625242234785,0.2760694349220375,0.26267169962422704
TCGA-WH-A86K-01A,bayesian,0.10860388139696411,0.04434697369189831,0.004276700936048446,0.019974853507110563,0.25192585324859523,0.10439518683190757,0.11638584029743033,0.35009071009004544
TCGA-WY-A858-01A,bayesian,0.014175461918150388,0.12835571258754497,0.0016747909150536288,0.006815344982611936,0.12058254556904673,0.22252878134750623,0.24043957600816568,0.2654277866719204
TCGA-WY-A859-01A,bayesian,0.2084706930899781,0.004717010771438252,0.0022825783416542517,0.07158568527828928,0.20116201919436852,0.04998005087762131,0.31563221569386535,0.14616974675278485
TCGA-WY-A85A-01A,bayesian,0.20164201396833342,0.03146011449597641,0.0021630742943568333,0.03605484999383712,0.20276446326004055,0.07320294690151186,0.154744650673458,0.2979678864124857
TCGA-WY-A85B-01A,bayesian,0.1975408173346562,0.148278892402768,0.0019441490217575823,0.050076130068276825,0.20355566837529143,0.05495791633328681,0.15776436801033217,0.1858820584536311
TCGA-WY-A85C-01A,bayesian,0.24378396593423626,0.033590503700312135,0.002095964161540572,0.038763283019078554,0.2785401753369407,0.14502201735530035,0.05925287404786207,0.19895121644472938
TCGA-WY-A85D-01A,bayesian,0.06282304152625413,0.07546439797330813,0.0036193705944824028,0.009510633855587555,0.12709847420938206,0.016739189045572332,0.1675830450902016,0.5371618477052117
TCGA-WY-A85E-01A,bayesian,0.37509708650420853,0.003923855782272258,0.0022517092990233965,0.05114251796564015,0.2290424220896446,0.04529453708615125,0.10166419616694755,0.19158367510611235
TCGA-CS-4938-01B,music,0.9860815990591482,0.0,0.0,0.0,0.0,0.0,0.0005845235014959407,0.013333877439356032
TCGA-CS-4941-01A,music,0.9735241707176261,0.013395121387937005,0.0,0.0,0.0,0.0,0.0,0.013080707894437072
TCGA-CS-4942-01A,music,0.9167891345326858,0.05588233189932554,0.0,0.0,0.0,0.0,0.01029433221485667,0.017034201353131908
TCGA-CS-4943-01A,music,0.9288554803404709,0.040644130658302816,0.0,0.0,0.0,0.002796242771400156,0.017639231236146663,0.010064914993679482
TCGA-CS-4944-01A,music,0.9710064866394065,0.0,0.0,0.0,0.0,0.0,0.0,0.028993513360593564
TCGA-CS-5390-01A,music,0.8474507777499305,0.0059537380757627685,0.0,0.0,0.025728643311041376,0.024450742735856713,0.07099103972409103,0.025425058403317623
TCGA-CS-5393-01A,music,0.7966013768514416,0.06303874158674722,0.0,0.0,0.0028712802069297905,0.0198242665800665,0.060994899115959726,0.05666943565885515
TCGA-CS-5394-01A,music,0.8102297918567575,0.0026052679890753677,0.0,0.0011792554178976966,0.01636180178195851,0.07915441863457984,0.0,0.090469464319731
TCGA-CS-5395-01A,music,0.8904233136229008,0.009671886295460726,0.0,0.0,0.0,0.0,0.017467833863448086,0.08243696621819037
TCGA-CS-5396-01A,music,0.9094983498060918,0.0,0.0,0.0,0.0,0.0,0.07982177059958463,0.010679879594323538
TCGA-CS-5397-01A,music,0.9484725102047694,0.010988570946364509,0.0,0.0,0.0,0.0,0.004946643269298711,0.03559227557956735
TCGA-CS-6186-01A,music,0.8819349340458809,0.007017647840482334,0.0,0.0,0.0,0.0,0.0,0.11104741811363686
TCGA-CS-6188-01A,music,0.9706463162373624,0.002430715929776881,0.0,0.0,0.0,0.0,0.0,0.02692296783286072
TCGA-CS-6290-01A,music,0.9808269716528549,0.004604000000359828,0.0,0.0,0.0,0.0,0.001844615580892971,0.012724412765892215
TCGA-CS-6665-01A,music,0.738632227546112,0.126387414590369,0.0,0.0,0.0,0.005245462860590114,0.11298293218015629,0.016751962822772724
TCGA-CS-6666-01A,music,0.9404653592498953,0.00422284063945453,0.0,0.0,0.0,0.03254923165148766,0.0,0.022762568459162493
TCGA-CS-6667-01A,music,0.8206331250690309,0.03292175244561915,0.0,0.0,0.013838871074245342,0.09085870047639646,0.0031819847075076867,0.038565566227200504
TCGA-CS-6668-01A,music,0.9390364546596646,0.0005550866336257143,0.0,0.0,0.0,0.013834779351017531,0.03153777130471238,0.015035908050979855
TCGA-CS-6669-01A,music,0.07868590973307389,0.0,0.0,0.06829603761198351,0.10336028664235215,0.12830732490968322,0.22032512576512775,0.40102531533777963
TCGA-CS-6670-01A,music,0.9458004431377779,0.0,0.0,0.0,0.0,0.0,0.005505732590106003,0.048693824272116056
TCGA-DB-5270-01A,music,0.8919636634950217,0.026917632731206283,0.0,0.0,0.0,0.0,0.02946356807873058,0.0516551356950415
TCGA-DB-5273-01A,music,0.989526957491098,0.0,0.0,0.0,0.0,0.0,0.0,0.010473042508902046
TCGA-DB-5274-01A,music,0.6732933120546037,0.021075287779023847,0.0,0.0,0.21762456360022414,0.059242608567383455,0.024363084095015704,0.004401143903749026
TCGA-DB-5275-01A,music,0.9777572274387137,0.0,0.0,0.0,0.0,0.0,0.0,0.022242772561286234
TCGA-DB-5276-01A,music,0.8562563944699985,0.022871805503806453,0.0,0.0,0.0,0.0,0.08806846060733219,0.03280333941886286
TCGA-DB-5277-01A,music,0.7913121732285467,0.024407384335939256,0.0,0.0,0.04783326176033844,0.028445478417551597,0.0726951872892247,0.03530651496839945
TCGA-DB-5278-01A,music,0.9347101301579478,0.0,0.0,0.0,0.0,0.0,0.024580871462065813,0.04070899837998631
TCGA-DB-5280-01A,music,0.9621978808848668,0.002928950935098239,0.0,0.0,0.0,0.0,0.00417725816532667,0.030695910014708356
TCGA-DB-5281-01A,music,0.9245152059869032,0.01645332844546535,0.0,0.0,0.0,0.022613587837621928,0.0,0.03641787773000953
TCGA-DB-A4X9-01A,music,0.9303038076456349,0.021087351576076767,0.0,0.0,0.0,0.0,0.002004318246008816,0.04660452253227949
TCGA-DB-A4XA-01A,music,0.9629066597599389,0.0,0.0,0.0,0.0,0.0,0.010169488740620868,0.026923851499440175
TCGA-DB-A4XB-01A,music,0.9349130990554356,0.015167771960813821,0.0,0.0,0.0,0.0,0.017549486805208608,0.032369642178541984
TCGA-DB-A4XC-01A,music,0.9494011177070397,0.01890057435908895,0.0,0.0,0.0,0.0,0.0,0.031698307933871205
TCGA-DB-A4XD-01A,music,0.9188036185661699,0.010398937211058744,0.0,0.0,0.0,0.0,0.043116639303453955,0.027680804919317445
TCGA-DB-A4XE-01A,music,0.9521424769104225,0.0036106998941701574,0.0,0.0,0.0,0.0,0.019793593039243423,0.024453230156163828
TCGA-DB-A4XF-01A,music,0.9765779299481584,0.0,0.0,0.0,0.0,0.0,0.0,0.023422070051841628
TCGA-DB-A4XG-01A,music,0.8852887009517073,0.006197484611014565,0.0,0.0,0.027517216885250877,0.0339590041826753,0.003183288484735712,0.04385430488461622
TCGA-DB-A4XH-01A,music,0.4163636474876187,0.010032215052391855,0.0,0.0,0.12054855762791057,0.105043660540202,0.17606007754994532,0.17195184174193162
TCGA-DB-A64L-01A,music,0.9389231200944768,0.003889038381626299,0.0,0.0,0.0,0.002357509201727515,0.0,0.05483033232216944
TCGA-DB-A64O-01A,music,0.9676970985561251,0.0,0.0,0.0,0.0,0.0,0.0,0.03230290144387496
TCGA-DB-A64P-01A,music,0.8915044067846595,0.00841245349654545,0.0,0.0,0.0,0.032781625582147984,0.029934797102030876,0.03736671703461626
TCGA-DB-A64Q-01A,music,0.9229121190149912,0.0,0.0,0.0,0.0,0.0,0.02128753911614187,0.0558003418688671
TCGA-DB-A64R-01A,music,0.9281493737913229,0.007199339149261661,0.0,0.0,0.0,0.015564504712937332,0.009749567938096974,0.0393372144083811
TCGA-DB-A64S-01A,music,0.9048188900351929,0.05567244131251738,0.0,0.0,0.0,0.0,0.020223398141143347,0.019285270511146237
TCGA-DB-A64U-01A,music,0.6873211656277833,0.008839632728292014,0.0,0.0,0.0,0.010763447146335838,0.2319528963080013,0.06112285818958759
TCGA-DB-A64V-01A,music,0.9416061145424115,0.0,0.0,0.0,0.0,0.0,0.03614734662690774,0.022246538830680763
TCGA-DB-A64W-01A,music,0.8645080077299252,0.0,0.0,0.0,0.020427040579263693,0.04568877901348019,0.04687966975663949,0.02249650292069144
TCGA-DB-A64X-01A,music,0.9665558301206006,0.0031524814216925437,0.0,0.0,0.0,0.0,0.0,0.030291688457706717
TCGA-DB-A75K-01A,music,0.9780993619829854,0.003937526600664077,0.0,0.0,0.0,0.0,0.0015220628720930575,0.016441048544257486
TCGA-DB-A75L-01A,music,0.9074906023923965,0.030586164897761673,0.0,0.0,0.0,0.011151659231682725,0.020061997056302776,0.03070957642185631
TCGA-DB-A75M-01A,music,0.978609888980081,0.0,0.0,0.0,0.0,0.0,0.0,0.021390111019918924
TCGA-DB-A75O-01A,music,0.9882537115557726,0.0,0.0,0.0,0.0,0.0,0.0,0.011746288444227402
TCGA-DB-A75P-01A,music,0.9609395816391293,0.0,0.0,0.0,0.0,0.0,0.0,0.039060418360870805
TCGA-DH-5140-01A,music,0.987725547725256,0.0035247452948506154,0.0,0.0,0.0,0.0,0.0011293440751543114,0.007620362904739207
TCGA-DH-5142-01A,music,0.916609185136389,0.074741006532498,0.0,0.0,0.0,0.0,0.0,0.008649808331112976
TCGA-DH-5143-01A,music,0.9734265076622446,0.001469459730141379,0.0,0.0,0.0,0.0,0.0,0.02510403260761386
TCGA-DH-5144-01A,music,0.9724733671794435,0.0005480433050234308,0.0,0.0,0.0,0.0,0.0006500627456710742,0.026328526769861953
TCGA-DH-A669-01A,music,0.9774059637626763,0.0,0.0,0.0,0.0,0.0,0.0,0.022594036237323676
TCGA-DH-A669-02A,music,0.9142885727632168,0.0253803891271994,0.0,0.0,0.01405973200820688,0.03746196058255667,0.0,0.008809345518820212
TCGA-DH-A66B-01A,music,0.9567899965257505,0.03549814440997011,0.0,0.0,0.0,0.0,0.0,0.007711859064279459
TCGA-DH-A66D-01A,music,0.9667400203421121,0.01301041579541495,0.0,0.0,0.0,0.0,0.0,0.020249563862472873
TCGA-DH-A66F-01A,music,0.9725986508577297,0.0,0.0,0.0,0.0,0.0,0.0,0.027401349142270316
TCGA-DH-A66G-01A,music,0.9732354887428508,0.0031523532074476356,0.0,0.0,0.0,0.0,0.0,0.023612158049701612
TCGA-DH-A7UR-01A,music,0.7555918196948623,0.0020882245318791792,0.0,0.0,0.07565781542410173,0.1237931956465958,0.005360715576589542,0.03750822912597143
TCGA-DH-A7US-01A,music,0.8822409254669721,0.0,0.0,0.0,0.0,0.0,0.07461382484888991,0.04314524968413791
TCGA-DH-A7UT-01A,music,0.9010471788441993,0.008855784284298885,0.0,0.0,0.0,0.0,0.055862528970927784,0.03423450790057421
TCGA-DH-A7UU-01A,music,0.90223647979031,0.03287740846322017,0.0,0.0,0.0,0.017936473101607547,0.033323895181890655,0.013625743462971763
TCGA-DH-A7UV-01A,music,0.9305410328887106,0.0278391210846725,0.0,0.0,0.0,0.0,0.018561347114685024,0.023058498911931926
TCGA-DU-5847-01A,music,0.9436371080261811,0.019002744939154853,0.0,0.0,0.0,0.0,0.0,0.037360147034664115
TCGA-DU-5849-01A,music,0.9028314975715362,0.0006975005179741261,0.0,0.0,0.0,0.0,0.050912350263281586,0.04555865164720813
TCGA-DU-5851-01A,music,0.8510171164581124,0.006490992849520119,0.0,0.0,0.0,0.0,0.0794617194951287,0.06303017119723875
TCGA-DU-5852-01A,music,0.9671997411862857,0.014903527108674958,0.0,0.0,0.0,0.0,0.0,0.017896731705039394
TCGA-DU-5853-01A,music,0.9012568323998728,0.039742223678408635,0.0,0.0,0.0,0.0,0.019056569412677367,0.03994437450904129
TCGA-DU-5854-01A,music,0.8898137903578875,0.008240584373971491,0.0,0.0,0.0,0.0,0.06874520366665086,0.03320042160149011
TCGA-DU-5855-01A,music,0.9658573130941523,0.013591941926328897,0.0,0.0,0.0,0.0,0.0,0.02055074497951869
TCGA-DU-5870-02A,music,0.9490121478397968,0.0,0.0,0.0,0.0,0.016762594078397672,0.009160630468810943,0.025064627612994564
TCGA-DU-5871-01A,music,0.9606479083451845,0.007108200423606956,0.0,0.0,0.0,0.0,0.0,0.03224389123120862
TCGA-DU-5872-01A,music,0.9741511928400222,0.010526732074513918,0.0,0.0,0.0,0.0,0.0007027609805846645,0.014619314104879152
TCGA-DU-5872-02A,music,0.8951449593859455,0.03802028009569257,0.0,0.0,0.0,0.0,0.04150958259135297,0.02532517792700899
TCGA-DU-6392-01A,music,0.8109268385131347,0.07776107772917762,0.0,0.0,0.0,0.06206604494985843,0.03107690418442567,0.018169134623403534
TCGA-DU-6393-01A,music,0.9602425111424236,0.002422094638668037,0.0,0.0,0.0,0.017717880091089228,0.00585230316435574,0.013765210963463293
TCGA-DU-6394-01A,music,0.9892362283974723,0.0,0.0,0.0,0.0,0.0,0.0,0.010763771602527773
TCGA-DU-6395-01A,music,0.9403585742239816,0.013955603394987953,0.0,0.0,0.0,0.0,0.0146238690187448,0.03106195336228562
TCGA-DU-6396-01A,music,0.813555463138874,0.1580496416387771,0.0,0.0,0.0,0.0,0.019475546563312005,0.008919348659036817
TCGA-DU-6397-01A,music,0.9625116111688161,0.0,0.0,0.0,0.0,0.0,0.00420132528025765,0.03328706355092621
TCGA-DU-6397-02A,music,0.8597468766377717,0.003992536550599778,0.0,0.0,0.013049381675256287,0.09528388996536906,0.02653224858697395,0.001395066584029101
TCGA-DU-6399-01A,music,0.9544745834620242,0.020267950148721008,0.0,0.0,0.0,0.0,0.0043202557142213655,0.02093721067503353
TCGA-DU-6400-01A,music,0.9710415578888494,0.004355323653307005,0.0,0.0,0.0,0.006815709767280641,0.0,0.017787408690562966
TCGA-DU-6401-01A,music,0.8556213890722072,0.027227600019350446,0.0,0.0,0.0022851158191975218,0.08597729347441482,0.0,0.028888601614830048
TCGA-DU-6402-01A,music,0.9445543004150182,0.01805874953834731,0.0,0.0,0.0,0.0018812994606887848,0.0,0.035505650585945514
TCGA-DU-6403-01A,music,0.8392758522656187,0.04254995100131477,0.0,0.0,0.0,0.0,0.0958110410447255,0.02236315568834097
TCGA-DU-6404-01A,music,0.8995673470471216,0.01254652247578262,0.0,0.0,0.0,0.04974921455320286,0.0,0.03813691592389296
TCGA-DU-6405-01A,music,0.977465561520791,0.0,0.0,0.0,0.0,0.0,0.0,0.02253443847920889
TCGA-DU-6406-01A,music,0.9471723603281235,0.01650892165216011,0.0,0.0,0.0,0.021455553692008394,0.0,0.014863164327708012
TCGA-DU-6407-01A,music,0.9732113132616403,0.0,0.0,0.0,0.0,0.0,0.002047540882505407,0.024741145855854227
TCGA-DU-6408-01A,music,0.9645584174613212,0.012401409129191706,0.0,0.0,0.0,0.0,0.0,0.023040173409487125
TCGA-DU-6410-01A,music,0.8766986024661761,0.0006532336527982117,0.0,0.0,0.06267308897087791,0.036894238639902086,0.02308083627024566,0.0
TCGA-DU-6542-01A,music,0.9144507199798902,0.03187578861834522,0.0,0.0,0.0,0.0,0.03048617291668597,0.023187318485078674
TCGA-DU-7006-01A,music,0.955221239846094,0.019412635142262356,0.0,0.0,0.0,0.0,0.0,0.02536612501164356
TCGA-DU-7007-01A,music,0.9752117424978363,0.003303535501433647,0.0,0.0,0.0,0.0,0.0,0.021484722000730098
TCGA-DU-7008-01A,music,0.9526972643492393,0.024151758666634184,0.0,0.0,0.0,0.003674568846438175,0.0,0.01947640813768835
TCGA-DU-7009-01A,music,0.7035644729685756,0.013115019718070752,0.0,0.0,0.031824507525916354,0.02218087136702301,0.16147616903476594,0.0678389593856484
TCGA-DU-7010-01A,music,0.908938047899306,0.002197354979337544,0.0,0.0,0.0,0.0,0.07154906444129636,0.01731553268006018
TCGA-DU-7011-01A,music,0.8492296168797984,0.08052496200660351,0.0,0.0,0.0,0.020822391221332122,0.014398932071318343,0.03502409782094773
TCGA-DU-7012-01A,music,0.959603765195599,0.013989033438901462,0.0,0.0,0.0,0.0,0.0,0.026407201365499507
TCGA-DU-7013-01A,music,0.9906637698944509,0.0,0.0,0.0,0.0,0.0,0.0,0.009336230105549084
TCGA-DU-7014-01A,music,0.9404499324044283,0.01669290760418274,0.0,0.0,0.0,0.03302920039679329,0.0,0.009827959594595589
TCGA-DU-7015-01A,music,0.9521072666983467,0.029831305409830797,0.0,0.0,0.0,0.0,0.0,0.018061427891822565
TCGA-DU-7018-01A,music,0.8583609596454705,0.0,0.0,0.0,0.06665450480905277,0.05821089792514475,0.002573286354649555,0.014200351265682434
TCGA-DU-7019-01A,music,0.8820785426862534,0.025101016448745992,0.0,0.0,0.0,0.02185779016331853,0.0,0.07096265070168203
TCGA-DU-7292-01A,music,0.9717003786744963,0.0,0.0,0.0,0.0,0.0,0.0,0.028299621325503715
TCGA-DU-7294-01A,music,0.8831362803886346,0.009327227892520643,0.0,0.0,0.010108578906358063,0.010216258509279754,0.060024995331418196,0.0271866589717889
TCGA-DU-7298-01A,music,0.8041360782628484,0.04354561245762752,0.0,0.0,0.0,0.008643041851680557,0.10762797040838573,0.03604729701945784
TCGA-DU-7299-01A,music,0.8467580996103723,0.03784038088039235,0.0,0.0,0.0,0.0,0.07263029913845043,0.04277122037078481
TCGA-DU-7300-01A,music,0.9471044495100417,0.0,0.0,0.0,0.0,0.0,0.018375788662425476,0.034519761827532885
TCGA-DU-7301-01A,music,0.890470294252786,0.04287389221300426,0.0,0.0,0.0,0.0,0.05418626323337714,0.012469550300832653
TCGA-DU-7302-01A,music,0.9459094310493876,0.0,0.0,0.0,0.0,0.0,0.004985226974789919,0.049105341975822454
TCGA-DU-7304-01A,music,0.9693009494407673,0.0029691139104792187,0.0,0.0,0.0,0.0,0.0005828928342854489,0.027147043814468037
TCGA-DU-7304-02A,music,0.7621419153686334,0.0,0.0,0.0,0.22508945635316988,0.007719480479493546,0.0,0.005049147798703216
TCGA-DU-7306-01A,music,0.954895216517914,0.015364097849224762,0.0,0.0,0.0,0.0,0.0024150499080412896,0.02732563572481988
TCGA-DU-7309-01A,music,0.8081219035358836,0.04650631606041462,0.0,0.0,0.0,0.0537761869700175,0.0,0.09159559343368412
TCGA-DU-8158-01A,music,0.9752949240652055,0.0,0.0,0.0,0.0,0.0,0.0016086303984864452,0.023096445536308033
TCGA-DU-8161-01A,music,0.9373658974406416,0.009692478199165017,0.0,0.0,0.0,0.0,0.0,0.052941624360193396
TCGA-DU-8162-01A,music,0.7674871040864307,0.01372130408212575,0.0,0.0,0.0,0.0,0.14894526554926282,0.06984632628218064
TCGA-DU-8163-01A,music,0.8918426851499696,0.0326933490780495,0.0,0.0,0.0,0.0,0.05296588068437936,0.02249808508760165
TCGA-DU-8164-01A,music,0.887658757537752,0.01643823024066886,0.0,0.0,0.0,0.025459871919985173,0.01313457270598497,0.057308567595608956
TCGA-DU-8165-01A,music,0.9163704354507275,0.057809040665409234,0.0,0.0,0.0,0.0,0.0,0.02582052388386322
TCGA-DU-8166-01A,music,0.8677188605816928,0.06421853657245664,0.0,0.0,0.0,0.013856299592076286,0.0008088326194339233,0.05339747063434027
TCGA-DU-8167-01A,music,0.8080628226413519,0.06560954934071632,0.0,0.0,0.0,0.00709269005656741,0.08789456649045332,0.031340371470911135
TCGA-DU-8168-01A,music,0.9527780330155772,0.0025284663788579733,0.0,0.0,0.0,0.017720887113704575,0.004590111494094057,0.022382501997766292
TCGA-DU-A5TP-01A,music,0.8613119807135824,0.12386648652420819,0.0,0.0,0.0,0.006398193016379452,0.002903154077486337,0.00552018566834365
TCGA-DU-A5TR-01A,music,0.9196043309461558,0.06183556868571382,0.0,0.0,0.0,0.0,0.0,0.018560100368130484
TCGA-DU-A5TS-01A,music,0.6902128282511821,0.049042387090924136,0.0,0.0,0.06166966530331258,0.036215536675442965,0.11626508036636113,0.04659450231277711
TCGA-DU-A5TT-01A,music,0.9769813952324,0.0,0.0,0.0,0.0,0.0,0.0017374737087615358,0.021281131058838373
TCGA-DU-A5TU-01A,music,0.9379654273855192,0.04426541219323874,0.0,0.0,0.0,0.0,0.0,0.01776916042124202
TCGA-DU-A5TW-01A,music,0.9392375406457838,0.02843248710611391,0.0,0.0,0.0,0.008519830495583264,0.011226347830919513,0.01258379392159943
TCGA-DU-A5TY-01A,music,0.9478716409925799,0.027624535347512358,0.0,0.0,0.0,0.0,0.0,0.0245038236599079
TCGA-DU-A6S2-01A,music,0.8434707727198234,0.0,0.0,0.0,0.0,0.006541216767109598,0.07932519498495595,0.07066281552811106
TCGA-DU-A6S3-01A,music,0.8085933650671752,0.0008693163330395535,0.0,0.0,0.05182519078456017,0.034354059215276,0.04742613315607495,0.0569319354438741
TCGA-DU-A6S6-01A,music,0.9525181845232731,0.0,0.0,0.0,0.0,0.0,0.0,0.04748181547672687
TCGA-DU-A6S7-01A,music,0.8448141078255244,0.06423475267906414,0.0,0.0,0.0,0.0,0.05818190128387354,0.03276923821153784
TCGA-DU-A6S8-01A,music,0.9506563840137785,0.0,0.0,0.0,0.0,0.0,0.03999438095500484,0.009349235031216721
TCGA-DU-A76K-01A,music,0.9558691533328084,0.0,0.0,0.0,0.0,0.0,0.0,0.04413084666719163
TCGA-DU-A76L-01A,music,0.7679886586989162,0.05775053045310725,0.0,0.0,0.0,0.09138346815699463,0.05302595669527752,0.02985138599570436
TCGA-DU-A76O-01A,music,0.942025559845488,0.04502103007565607,0.0,0.0,0.0,0.0,0.0,0.012953410078855929
TCGA-DU-A76R-01A,music,0.9559170719033973,0.0,0.0,0.0,0.0,0.0,0.0,0.04408292809660273
TCGA-DU-A7T6-01A,music,0.9131762291443407,0.004187922748748917,0.0,0.0,0.0,0.030044594110050404,0.039120422318713745,0.013470831678146134
TCGA-DU-A7T8-01A,music,0.9566523251212679,0.033514975510915035,0.0,0.0,0.0,0.0,0.0,0.009832699367817017
TCGA-DU-A7TA-01A,music,0.9195000320263371,0.05170466878006947,0.0,0.0,0.0,0.015509758704816705,0.0,0.013285540488776741
TCGA-DU-A7TB-01A,music,0.0,0.0,0.0,0.005727654054396283,0.09184400758071476,0.044748321481879454,0.7805229030658316,0.07715711381717792
TCGA-DU-A7TC-01A,music,0.9290425245662612,0.024276308323862735,0.0,0.0,0.011198504870860231,0.006885775899929938,0.0,0.02859688633908593
TCGA-DU-A7TD-01A,music,0.9672797949809218,0.023844036505758358,0.0,0.0,0.0,0.0,0.0,0.008876168513319866
TCGA-DU-A7TG-01A,music,0.8784620978534498,0.019722544146412533,0.0,0.0,0.0,0.004702455329919668,0.015156111708526035,0.08195679096169203
TCGA-DU-A7TI-01A,music,0.9419864262690196,0.029022514690100767,0.0,0.0,0.0,0.0,0.0010216200323710984,0.027969439008508467
TCGA-DU-A7TJ-01A,music,0.9591196266156561,0.036356352472716104,0.0,0.0,0.0,0.0,0.0,0.004524020911627859
TCGA-E1-5302-01A,music,0.9760786502735811,0.0004976594018503704,0.0,0.0,0.0,0.0,0.0,0.023423690324568616
TCGA-E1-5303-01A,music,0.9673292605554361,0.0006462828361968289,0.0,0.0,0.0,0.0,0.014626497799390343,0.017397958808976734
TCGA-E1-5304-01A,music,0.8564280414704926,0.009200589505908584,0.0,0.0,0.07111788530990208,0.022755909650317617,0.038623011600357256,0.0018745624630218953
TCGA-E1-5305-01A,music,0.9250356296512775,0.012363021092089291,0.0,0.0,0.0,0.0,0.016053167581887098,0.04654818167474607
TCGA-E1-5307-01A,music,0.884173989556125,0.0395097622312636,0.0,0.0,0.0,0.0,0.007711079654032291,0.06860516855857926
TCGA-E1-5311-01A,music,0.7489160045815874,0.01308774848253449,0.0,0.0,0.08004213138880502,0.07559958236491168,0.0055532077357405545,0.07680132544642088
TCGA-E1-5318-01A,music,0.670403285200644,0.017402338463027762,0.0,0.0,0.10810778160325618,0.17969806216788714,0.012500648819504898,0.011887883745680042
TCGA-E1-5319-01A,music,0.903471107394644,0.0,0.0,0.0,0.0,0.0,0.05643285821212282,0.0400960343932331
TCGA-E1-5322-01A,music,0.9003108227640159,0.08101439606734126,0.0,0.0,0.0,0.0,0.001871764926008524,0.016803016242634396
TCGA-E1-A7YD-01A,music,0.9792203535095749,0.0,0.0,0.0,0.0,0.0,0.0,0.020779646490425022
TCGA-E1-A7YE-01A,music,0.9003625730722288,0.07890170831607113,0.0,0.0,0.0,0.006541543847867602,0.0,0.014194174763832595
TCGA-E1-A7YH-01A,music,0.7212309181942514,0.03897992364718364,0.0,0.0,0.005239684967704184,0.01823679374540647,0.14723567936304036,0.06907700008241395
TCGA-E1-A7YI-01A,music,0.8139068525799167,0.032835814166507236,0.0,0.0,0.0,0.09854584424919596,0.051462151574801114,0.0032493374295789546
TCGA-E1-A7YJ-01A,music,0.9584595326545385,0.023391119304876657,0.0,0.0,0.0,0.0,0.005816575252518751,0.012332772788066104
TCGA-E1-A7YK-01A,music,0.7921063709533372,0.07351977313102732,0.0,0.0,0.0,0.0,0.09536918514595345,0.039004670769681955
TCGA-E1-A7YL-01A,music,0.9679531553608968,0.010457450365558804,0.0,0.0,0.0,0.0,0.0,0.02158939427354439
TCGA-E1-A7YM-01A,music,0.6794315722681775,0.0072544558284606256,0.0,0.0,0.0,0.0,0.20778588571576442,0.10552808618759746
TCGA-E1-A7YN-01A,music,0.9306549786478577,0.04190503900946894,0.0,0.0,0.0,0.0,0.0,0.02743998234267329
TCGA-E1-A7YO-01A,music,0.9398210340640671,0.0,0.0,0.0,0.0,0.020390597568273324,0.0,0.0397883683676595
TCGA-E1-A7YQ-01A,music,0.9390627715674499,0.04530931241063332,0.0,0.0,0.0,0.0,0.0,0.015627916021916873
TCGA-E1-A7YS-01A,music,0.9737592884645482,0.0,0.0,0.0,0.0,0.0,0.01810641446813624,0.008134297067315449
TCGA-E1-A7YU-01A,music,0.9062348055119459,0.015349109821072222,0.0,0.0,0.0,0.00046966060978895994,0.04324145506364401,0.034704968993548885
TCGA-E1-A7YV-01A,music,0.9236673901158813,0.0034087192025265165,0.0,0.0,0.0,0.05218903125643001,0.006109073399063959,0.014625786026098236
TCGA-E1-A7YW-01A,music,0.9686002382270867,0.007241598035318161,0.0,0.0,0.0,0.0,0.0,0.02415816373759507
TCGA-E1-A7YY-01A,music,0.9261782079527384,0.008440928041638016,0.0,0.0,0.0,0.0,0.009671479375067087,0.055709384630556524
TCGA-E1-A7Z2-01A,music,0.9438308063515625,0.0,0.0,0.0,0.0,0.0,0.0029602728533715044,0.05320892079506604
TCGA-E1-A7Z3-01A,music,0.9415275817159484,0.004326953945464503,0.0,0.0,0.0,0.0,0.0,0.05414546433858719
TCGA-E1-A7Z4-01A,music,0.9792446748562723,0.0,0.0,0.0,0.0,0.0,0.0,0.020755325143727587
TCGA-E1-A7Z6-01A,music,0.9668982706277378,0.0,0.0,0.0,0.0,0.0,0.0,0.033101729372262176
TCGA-EZ-7264-01A,music,0.9346719025330655,0.0,0.0,0.0,0.0,0.0,0.03884015610751738,0.026487941359417025
TCGA-F6-A8O3-01A,music,0.820899307796049,0.009061613275537164,0.0,0.0,0.07926945808644136,0.04690602606908389,0.0,0.04386359477288868
TCGA-F6-A8O4-01A,music,0.9132804991469806,0.010063091983464932,0.0,0.0,0.0,0.006068208438068921,0.011271309155040697,0.059316891276444836
TCGA-FG-5962-01B,music,0.9632260368359049,0.0,0.0,0.0,0.0,0.0,0.0,0.03677396316409505
TCGA-FG-5963-01A,music,0.8248744639788576,0.06324832654314348,0.0,0.0,0.0,0.0,0.08126959370778414,0.030607615770214796
TCGA-FG-5963-02A,music,0.6728723510247681,0.0249027510956725,0.0,0.0017673553330163627,0.0,0.25853519410132064,0.0419223484452224,0.0
TCGA-FG-5964-01A,music,0.9376800131702908,0.01567797621560618,0.0,0.0,0.0,0.0,0.019574982175825022,0.027067028438278105
TCGA-FG-5965-01B,music,0.9656292657186797,0.0,0.0,0.0,0.0,0.0,0.0,0.03437073428132027
TCGA-FG-6688-01A,music,0.947515140540628,0.005501002350086222,0.0,0.0,0.0,0.0,0.022814826987843782,0.024169030121441993
TCGA-FG-6689-01A,music,0.9300268685616027,0.011410909482528842,0.0,0.0,0.0,0.0,0.015480722560750535,0.04308149939511798
TCGA-FG-6690-01A,music,0.9486912595372925,0.01971021629006659,0.0,0.0,0.0,0.0,0.0,0.03159852417264087
TCGA-FG-6691-01A,music,0.888763247594689,0.08528417536553065,0.0,0.0,0.0,0.0,0.003863632529468053,0.022088944510312382
TCGA-FG-6692-01A,music,0.9853377981753387,0.0,0.0,0.0,0.0,0.0,0.0,0.01466220182466118
TCGA-FG-7634-01A,music,0.7481272128887874,0.057230566242871,0.0,0.0,0.0,0.07134360738165502,0.08894202956834282,0.034356583918343946
TCGA-FG-7636-01A,music,0.9548652839199585,0.0032636453290966617,0.0,0.0,0.0,0.0,0.012450720006658995,0.02942035074428585
TCGA-FG-7638-01B,music,0.9320086165378734,0.0,0.0,0.0,0.0,0.0,0.010516864204679555,0.057474519257447024
TCGA-FG-7641-01B,music,0.826075039697879,0.0,0.0,0.0,0.0,0.0,0.09328535126167878,0.08063960904044219
TCGA-FG-7643-01A,music,0.7845597597858174,0.0,0.0,0.0,0.0,0.0025341110458522386,0.12278363439924106,0.0901224947690893
TCGA-FG-8181-01A,music,0.9207527689188129,0.0,0.0,0.0,0.0,0.010914711043909705,0.0,0.0683325200372775
TCGA-FG-8182-01A,music,0.8205032852167866,0.04900248815563271,0.0,0.0,0.0,0.0,0.1001843241638328,0.03030990246374789
TCGA-FG-8185-01A,music,0.8695088333714235,0.021178395342926305,0.0,0.0,0.051249169815556724,0.03215906500062861,0.0,0.025904536469464955
TCGA-FG-8186-01A,music,0.9414851318231826,0.02465019442996584,0.0,0.0,0.0,0.0,0.002831840027994483,0.0310328337188572
TCGA-FG-8187-01A,music,0.8337719188921348,0.0,0.0,0.0,0.0,0.0,0.12517042575388984,0.04105765535397545
TCGA-FG-8188-01A,music,0.871975417346557,0.014950845491195701,0.0,0.0,0.0,0.0,0.08376023651589438,0.029313500646352825
TCGA-FG-8191-01A,music,0.8918096658379261,0.0008448950061544879,0.0,0.0,0.0,0.0,0.07826288651875181,0.029082552637167542
TCGA-FG-A4MT-01A,music,0.9438400179380225,0.026943178753266545,0.0,0.0,0.0,0.013151408252337916,0.0011508365989327794,0.014914558457440188
TCGA-FG-A4MT-02A,music,0.859604469079296,0.0325262967274165,0.0,0.0,0.0,0.011066876108843497,0.045252752691021234,0.05154960539342274
TCGA-FG-A4MW-01A,music,0.953193883429684,0.0,0.0,0.0,0.0,0.0,0.02785995611659108,0.018946160453724895
TCGA-FG-A4MX-01A,music,0.8657554718812843,0.03247291707448076,0.0,0.0,0.02887403339244108,0.05990598084100378,0.0,0.012991596810790138
TCGA-FG-A4MY-01A,music,0.92036611582467,0.0,0.0,0.0,0.0,0.0,0.055563268624738336,0.024070615550591624
TCGA-FG-A60J-01A,music,0.9773098802853201,0.0,0.0,0.0,0.0,0.0,0.004878035352966668,0.017812084361713238
TCGA-FG-A60K-01A,music,0.9456029883332326,0.0,0.0,0.0,0.0,0.0,0.00496011918887425,0.04943689247789305
TCGA-FG-A60L-01A,music,0.9660535750297574,0.01292792911838154,0.0,0.0,0.0,0.0,0.009760896664756295,0.011257599187104726
TCGA-FG-A6IZ-01A,music,0.9782027303197633,0.010369264774124535,0.0,0.0,0.0,0.0,0.0,0.011428004906112095
TCGA-FG-A6J1-01A,music,0.9579959552416618,0.012632650425696706,0.0,0.0,0.0,0.009281055765473858,0.0,0.020090338567167538
TCGA-FG-A6J3-01A,music,0.9762402324752065,0.004919749716005844,0.0,0.0,0.0,0.0,0.0,0.018840017808787596
TCGA-FG-A70Y-01A,music,0.8838563740341835,0.021895757888133232,0.0,0.0,0.0,0.0,0.04776299267776932,0.04648487539991397
TCGA-FG-A70Z-01A,music,0.9569430444757585,0.018354395008084907,0.0,0.0,0.0,0.0,0.0,0.024702560516156633
TCGA-FG-A710-01A,music,0.9373844430900674,0.03216229236464042,0.0,0.0,0.0,0.0,0.0,0.030453264545292034
TCGA-FG-A711-01A,music,0.9704781515839564,0.0,0.0,0.0,0.0,0.0,0.0,0.02952184841604359
TCGA-FG-A713-01A,music,0.8955039068984827,0.0,0.0,0.0,0.0,0.0,0.05239205017913896,0.05210404292237836
TCGA-FG-A87N-01A,music,0.8158341203157887,0.06557144561649948,0.0,0.0,0.017148158770644992,0.0704485591591905,0.021822028859324945,0.00917568727855145
TCGA-FG-A87Q-01A,music,0.8575575737016192,0.04344477569619181,0.0,0.0,0.0,0.0,0.05622969495926148,0.04276795564292751
TCGA-FN-7833-01A,music,0.9594981372062943,0.03233298075318657,0.0,0.0,0.0,0.0,0.0,0.008168882040519031
TCGA-HT-7467-01A,music,0.19282757418227375,0.013206091443163707,0.0,0.0,0.04611488446714793,0.045816336312532346,0.5241830583302329,0.1778520552646493
TCGA-HT-7468-01A,music,0.9545397588353481,0.00041588449329768004,0.0,0.0,0.0,0.0,0.0036303953346413106,0.041413961336712976
TCGA-HT-7469-01A,music,0.9380217554148791,0.03584651355091919,0.0,0.0,0.0,0.011473081599008929,0.002168143566601392,0.012490505868591347
TCGA-HT-7470-01A,music,0.8259639259840154,0.01478792988386623,0.0,0.0,0.0,0.0,0.09661399546917529,0.06263414866294316
TCGA-HT-7471-01A,music,0.9516074061426518,0.029271423707735254,0.0,0.0,0.0,0.0,0.0,0.019121170149612947
TCGA-HT-7472-01A,music,0.9763941387146983,0.0006245275904173286,0.0,0.0,0.0,0.0,0.009162005763287039,0.013819327931597439
TCGA-HT-7473-01A,music,0.9623497166803643,0.020325983716021737,0.0,0.0,0.0,0.0,0.0,0.017324299603613875
TCGA-HT-7474-01A,music,0.8841089888641144,0.0,0.0,0.0,0.0,0.0,0.06150272914492158,0.05438828199096402
TCGA-HT-7475-01A,music,0.681352847568105,0.009306973245175673,0.0,0.0,0.11814491974994404,0.03641294887299439,0.06795650487189098,0.08682580569188987
TCGA-HT-7476-01A,music,0.667832053399911,0.04510852912430873,0.0,0.0,0.04508306908842742,0.12049073048345847,0.0382866125261348,0.08319900537775958
TCGA-HT-7477-01B,music,0.9360928691404806,0.01780839648706763,0.0,0.0,0.0,0.03276467495828422,0.005784802104297928,0.007549257309869597
TCGA-HT-7478-01A,music,0.9202166150637192,0.05773473034019737,0.0,0.0,0.0,0.0,0.0,0.02204865459608345
TCGA-HT-7479-01A,music,0.9208258772344151,0.0,0.0,0.0,0.0,0.0,0.0531902412223862,0.02598388154319876
TCGA-HT-7480-01A,music,0.9261997648108528,0.0006971390339271223,0.0,0.0,0.0,0.0,0.024483942363191853,0.04861915379202809
TCGA-HT-7481-01A,music,0.44961573406181343,0.01697205477323979,0.0,0.0,0.020986362647559376,0.030858582442656747,0.3466106995698875,0.13495656650484322
TCGA-HT-7482-01A,music,0.9288373288106482,0.0016088140699322899,0.0,0.0,0.0,0.0,0.03890731340406357,0.030646543715356033
TCGA-HT-7483-01A,music,0.8735235942773623,0.029164696044596507,0.0,0.0,0.0,0.04667214445246961,0.0,0.05063956522557162
TCGA-HT-7485-01A,music,0.936257204659098,0.0,0.0,0.0,0.0,0.0,0.02117209412114887,0.0425707012197532
TCGA-HT-7601-01A,music,0.8566249739293953,0.07683367847559587,0.0,0.0,0.0,0.0,0.048384090819929636,0.01815725677507913
TCGA-HT-7602-01A,music,0.8766306353185729,0.0,0.0,0.0,0.0,0.0,0.08449874610478218,0.03887061857664486
TCGA-HT-7603-01A,music,0.7429229391539423,0.011618402236397382,0.0,0.0,0.0267022931977127,0.02424109928163629,0.10125331012971141,0.09326195600059992
TCGA-HT-7604-01A,music,0.9625903184982273,0.019401323394373112,0.0,0.0,0.0,0.0,0.0,0.018008358107399574
TCGA-HT-7605-01A,music,0.894649839691594,0.0,0.0,0.0,0.0,0.0,0.05877510984784876,0.04657505046055721
TCGA-HT-7606-01A,music,0.9489734949319453,0.004668913171231191,0.0,0.0,0.0,0.0039031406665310775,0.02493612034885384,0.017518330881438567
TCGA-HT-7607-01A,music,0.9172235019479363,0.0,0.0,0.0,0.0,0.0,0.029141553637416544,0.053634944414646966
TCGA-HT-7609-01A,music,0.959348371862099,0.02590128672724935,0.0,0.0,0.0,0.0,0.00256125772166575,0.012189083688985879
TCGA-HT-7610-01A,music,0.4183210593578534,0.08897505479855562,0.0,0.022204612443809182,0.079156123334896,0.07590941834062344,0.15790582648436127,0.15752790523990115
TCGA-HT-7611-01A,music,0.9773095181548219,0.002427006949112593,0.0,0.0,0.0,0.0,0.0020573512829293213,0.018206123613136293
TCGA-HT-7616-01A,music,0.9411592377704041,0.02278810437287308,0.0,0.0,0.0,0.006795709986055045,0.0,0.029256947870667658
TCGA-HT-7620-01A,music,0.8127664962695484,0.0,0.0,0.0,0.0,0.0,0.154702037985828,0.03253146574462362
TCGA-HT-7676-01A,music,0.9010936603154528,0.0707761893010185,0.0,0.0,0.0,0.0,0.011445151985954638,0.016684998397574154
TCGA-HT-7677-01A,music,0.9354936857579433,0.0,0.0,0.0,0.0,0.0,0.029756194362062546,0.03475011987999415
TCGA-HT-7680-01A,music,0.9796534502086363,0.0,0.0,0.0,0.0,0.0,0.0,0.020346549791363695
TCGA-HT-7681-01A,music,0.8922712797805393,0.009941218471645903,0.0,0.0,0.0,0.001945666991033558,0.026947938427524888,0.06889389632925622
TCGA-HT-7684-01A,music,0.9680694328965439,0.0,0.0,0.0,0.0,0.0,0.0,0.0319305671034562
TCGA-HT-7686-01A,music,0.9431563279163326,0.040027730018222483,0.0,0.0,0.0,0.0,0.0,0.01681594206544486
TCGA-HT-7687-01A,music,0.9096490377005192,0.01273418961321652,0.0,0.0,0.0,0.019050777934862165,0.038599521640625634,0.019966473110776557
TCGA-HT-7688-01A,music,0.7962883071684203,0.01696823405787192,0.0,0.0,0.010888624346363797,0.029553920901580422,0.07397933594936244,0.07232157757640116
TCGA-HT-7689-01A,music,0.9195686221483841,0.0,0.0,0.0,0.0,0.0,0.052615023287236926,0.02781635456437905
TCGA-HT-7690-01A,music,0.8993367164428915,0.06476210440606557,0.0,0.0,0.0,0.00430915733430331,0.014745518438240382,0.01684650337849925
TCGA-HT-7691-01A,music,0.9581192359086828,0.0,0.0,0.0,0.0,0.0,0.0,0.0418807640913172
TCGA-HT-7692-01A,music,0.9591049120124518,0.009713125422198172,0.0,0.0,0.0,0.0,0.00900265667698699,0.0221793058883629
TCGA-HT-7693-01A,music,0.839193703367178,0.08008973654427894,0.0,0.0,0.0,0.052979790458479455,0.0,0.02773676963006362
TCGA-HT-7694-01A,music,0.8075810399137929,0.0,0.0,0.0,0.0,0.003549888356184321,0.09925516523334557,0.08961390649667722
TCGA-HT-7695-01A,music,0.8222725864378856,0.007536771526851194,0.0,0.0,0.0,0.0,0.09006274852099118,0.08012789351427207
TCGA-HT-7854-01A,music,0.9732047348849219,0.0,0.0,0.0,0.0,0.0,0.0,0.026795265115078147
TCGA-HT-7855-01A,music,0.913241115743027,0.02416442130303514,0.0,0.0,0.0,0.03240008149552371,0.0,0.030194381458414125
TCGA-HT-7856-01A,music,0.6372020718035316,0.013096038441949228,0.0,0.0,0.0,0.05479721710019044,0.15556088984144692,0.13934378281288196
TCGA-HT-7857-01A,music,0.8306279742904525,0.14310090377804424,0.0,0.0,0.0,0.01639880187287309,0.0024312245068435615,0.007441095551786635
TCGA-HT-7858-01A,music,0.9138473090911357,0.010091284740175408,0.0,0.0,0.0,0.0,0.05376438686060224,0.02229701930808659
TCGA-HT-7860-01A,music,0.9569782467280088,0.003650805366445118,0.0,0.0,0.0,0.0,0.0,0.03937094790554596
TCGA-HT-7873-01B,music,0.8572796697937844,0.030423169233939406,0.0,0.0,0.0,0.0009695045489672835,0.06290525186842129,0.048422404554887416
TCGA-HT-7874-01A,music,0.8084933220615832,0.0,0.0,0.0,0.0,0.0021235665027771744,0.08516109723243256,0.10422201420320698
TCGA-HT-7875-01A,music,0.946029131666263,0.0,0.0,0.0,0.0,0.0,0.0,0.053970868333737036
TCGA-HT-7877-01A,music,0.7060249338539439,0.01435187725061942,0.0,0.0,0.0005815619261706623,0.04960400594526558,0.12505081237217733,0.10438680865182307
TCGA-HT-7879-01A,music,0.9636919069003536,0.0005655304012325606,0.0,0.0,0.0,0.0,0.011048121174407783,0.02469444152400609
TCGA-HT-7880-01A,music,0.8922387102414752,0.0,0.0,0.0,0.0,0.0,0.06380029482464811,0.04396099493387676
TCGA-HT-7881-01A,music,0.6777377141133799,0.0,0.0,0.0,0.0,0.0,0.22945568425349042,0.09280660163312973
TCGA-HT-7882-01A,music,0.6858615862319232,0.18035082919244835,0.0,0.0,0.0,0.1182302594486711,0.0,0.015557325126957343
TCGA-HT-7884-01B,music,0.8132789693801156,0.008358183005057597,0.0,0.0,0.0,0.0,0.10501011472756323,0.07335273288726368
TCGA-HT-7902-01A,music,0.20238268680855204,0.015501320267838542,0.0,0.0,0.021650017455703545,0.018809699093983938,0.6020151409263031,0.13964113544761889
TCGA-HT-8010-01A,music,0.9625760132587599,0.0,0.0,0.0,0.0,0.0,0.0,0.03742398674124008
TCGA-HT-8011-01A,music,0.9787295063493953,0.0,0.0,0.0,0.0,0.0,0.0,0.02127049365060468
TCGA-HT-8012-01A,music,0.9576166006978739,0.005143676672000909,0.0,0.0,0.0,0.009143674943220432,0.002600905528661464,0.025495142158243344
TCGA-HT-8013-01A,music,0.9010202975850782,0.0865077130814614,0.0,0.0,0.0,0.0,0.0016532543947077362,0.010818734938752735
TCGA-HT-8015-01B,music,0.9310778535924544,0.007867395591026182,0.0,0.0,0.0,0.0,0.026977881783713846,0.034076869032805636
TCGA-HT-8018-01A,music,0.9349668028351042,0.02630028975935612,0.0,0.0,0.0,0.004838985814064801,0.0,0.033893921591474835
TCGA-HT-8104-01A,music,0.9664805590701554,0.00027179104287613744,0.0,0.0,0.0,0.0,0.011830549153355399,0.02141710073361302
TCGA-HT-8105-01A,music,0.8451280359361075,0.013443186649301806,0.0,0.0,0.008471905705452417,0.0931645819238417,0.004540581777196356,0.03525170800810028
TCGA-HT-8106-01A,music,0.7150382293740577,0.21305438896786125,0.0,0.0,0.0,0.0,0.0473435111768542,0.024563870481226786
TCGA-HT-8107-01A,music,0.292691346616822,0.017503774671249042,0.0,0.04359833144131485,0.006288363095067791,0.10047586861216884,0.3246067652670459,0.21483555029633156
TCGA-HT-8108-01A,music,0.8484733458290616,0.08614834131694324,0.0,0.0,0.0,0.012541994840225456,0.012841541261154995,0.03999477675261471
TCGA-HT-8109-01A,music,0.8968098087889472,0.0,0.0,0.0,0.0,0.0,0.057135570001773106,0.04605462120927974
TCGA-HT-8110-01A,music,0.9447699266336044,0.0428594059630145,0.0,0.0,0.0,0.0,0.0,0.012370667403381158
TCGA-HT-8111-01A,music,0.9472938264729456,0.0,0.0,0.0,0.0,0.0,0.03445251149051849,0.018253662036535938
TCGA-HT-8113-01A,music,0.7868708811643303,0.0,0.0,0.0,0.0,0.01829394387996702,0.08082220499533009,0.11401296996037245
TCGA-HT-8114-01A,music,0.9533649589375095,0.0239389875603173,0.0,0.0,0.0,0.0,0.0,0.022696053502173137
TCGA-HT-8563-01A,music,0.8451216562216625,0.13740790843805945,0.0,0.0,0.0,0.0,0.0,0.017470435340278066
TCGA-HT-8564-01A,music,0.7891186112101025,0.07316469408758546,0.0,0.0,0.0,0.02119442413080812,0.05109078047699765,0.06543149009450616
TCGA-HT-A4DS-01A,music,0.9503000686349954,0.034647475096804554,0.0,0.0,0.0,0.0,0.0,0.015052456268200225
TCGA-HT-A5R5-01A,music,0.9838738950671552,0.0,0.0,0.0,0.0,0.0,0.0,0.016126104932844797
TCGA-HT-A5R7-01A,music,0.9462511367585543,0.0,0.0,0.0,0.0,0.0,0.019099897657159744,0.03464896558428592
TCGA-HT-A5R9-01A,music,0.7182635121028856,0.00315671233272639,0.0,0.0,0.1821179751099617,0.07396743949252377,0.0,0.02249436096190246
TCGA-HT-A5RA-01A,music,0.9690097119910783,0.0,0.0,0.0,0.0,0.0,0.0,0.03099028800892177
TCGA-HT-A5RB-01A,music,0.7401082186821133,0.0286762914771982,0.0,0.0,0.04575948989128729,0.05271794058843419,0.045245038845922535,0.0874930205150444
TCGA-HT-A5RC-01A,music,0.9794504829379791,0.0,0.0,0.0,0.0,0.0,0.0,0.020549517062020826
TCGA-HT-A614-01A,music,0.8803477718470027,0.0,0.0,0.0,0.0,0.0,0.07645457019847113,0.0431976579545262
TCGA-HT-A615-01A,music,0.9292493396453917,0.016659295629478495,0.0,0.0,0.0,0.0,0.021363767917870556,0.03272759680725928
TCGA-HT-A616-01A,music,0.877735105101986,0.018624372132084954,0.0,0.0,0.0,0.019426453346962226,0.002238774528188006,0.08197529489077861
TCGA-HT-A617-01A,music,0.95135217815539,0.0029268994888624355,0.0,0.0,0.0,0.0,0.0,0.045720922355747484
TCGA-HT-A618-01A,music,0.9505130302032346,0.031826481525887546,0.0,0.0,0.0,0.0,0.0,0.01766048827087775
TCGA-HT-A61C-01A,music,0.9192067850723223,0.03214593560656279,0.0,0.0,0.0,0.02376715940273812,0.008084584982895071,0.016795534935481842
TCGA-HT-A74H-01A,music,0.9600289031125208,0.0,0.0,0.0,0.0,0.0,0.01819537634461953,0.0217757205428598
TCGA-HT-A74J-01A,music,0.9665502033099936,0.0,0.0,0.0,0.0,0.0,0.0,0.03344979669000644
TCGA-HT-A74K-01A,music,0.9707502142802734,0.0,0.0,0.0,0.0,0.0,0.007778603042393383,0.021471182677333184
TCGA-HT-A74L-01A,music,0.8939256218272646,0.02718013514812409,0.0,0.0,0.0,0.008267749216455338,0.03312203825900138,0.0375044555491544
TCGA-HT-A74O-01A,music,0.9472349235499286,0.03981096166168008,0.0,0.0,0.0,0.0,0.0029214390815981294,0.010032675706793271
TCGA-HW-7486-01A,music,0.5036945548676263,0.02289407456674521,0.0,0.0,0.0,0.003682806193888099,0.38603877957979693,0.08368978479194353
TCGA-HW-7487-01A,music,0.821439790514394,0.007741993844188408,0.0,0.0,0.0028944409765006684,0.017069822079873287,0.07597310212759016,0.07488085045745348
TCGA-HW-7489-01A,music,0.9417618136492858,0.0001310165277852531,0.0,0.0,0.0,0.0,0.007510540010765562,0.050596629812163355
TCGA-HW-7490-01A,music,0.9717952199021677,0.005616132257612296,0.0,0.0,0.0,0.0047539978437569266,0.0,0.0178346499964633
TCGA-HW-7491-01A,music,0.82288483760817,0.012768197999359533,0.0,0.0,0.0013658054374675911,0.06078470535012389,0.06392962505198939,0.03826682855288955
TCGA-HW-7493-01A,music,0.947575933606881,0.008684112778536646,0.0,0.0,0.0,0.0,0.0,0.04373995361458252
TCGA-HW-7495-01A,music,0.7466476594909308,0.0,0.0,0.0,0.0,0.004228145112646704,0.1703381534102695,0.07878604198615292
TCGA-HW-8319-01A,music,0.9109129154819484,0.021136509708342438,0.0,0.0,0.0,0.0,0.018596902906617953,0.0493536719030913
TCGA-HW-8320-01A,music,0.9641218068648161,0.0127168539048353,0.0,0.0,0.0,0.0,0.0,0.02316133923034853
TCGA-HW-8321-01A,music,0.8843574584949363,0.02534327751796596,0.0,0.0,0.0,0.0325347601146038,0.034788258828626344,0.022976245043867614
TCGA-HW-8322-01A,music,0.9095045678107053,0.015613588458909916,0.0,0.0,0.0,0.009184466635777473,0.04006141523240647,0.025635961862200962
TCGA-HW-A5KJ-01A,music,0.7479599547716684,0.0,0.0,0.0,0.12025284272880411,0.10678388728284259,0.006201725240440363,0.01880158997624446
TCGA-HW-A5KK-01A,music,0.9201094364030045,0.012993175671617608,0.0,0.0,0.0,0.0,0.039786313218478905,0.02711107470689885
TCGA-HW-A5KL-01A,music,0.95650319334547,0.007494685671014832,0.0,0.0,0.0,0.0,0.01563195780188967,0.020370163181625576
TCGA-HW-A5KM-01A,music,0.8994806293181972,0.08360097482683161,0.0,0.0,0.0,0.0,0.0,0.016918395854971242
TCGA-IK-7675-01A,music,0.9737011642120306,0.0,0.0,0.0,0.0,0.0,0.012080048741155966,0.014218787046813428
TCGA-IK-8125-01A,music,0.9483691687182836,0.0026759763616755238,0.0,0.0,0.0,0.0,0.0,0.04895485492004102
TCGA-KT-A74X-01A,music,0.9379282437500418,0.0,0.0,0.0,0.0,0.0,0.037311617951117974,0.02476013829884017
TCGA-KT-A7W1-01A,music,0.9813220433864057,0.0019472373113670002,0.0,0.0,0.0,0.0,0.0,0.01673071930222734
TCGA-P5-A5ET-01A,music,0.7982866086516134,0.007444560499162614,0.0,0.0,0.0,0.005868999385002126,0.11782692716652876,0.07057290429769318
TCGA-P5-A5EU-01A,music,0.961504528991962,0.032264848452607284,0.0,0.0,0.0,0.0,0.0,0.006230622555430707
TCGA-P5-A5EV-01A,music,0.9559340652470112,0.0037727382631881517,0.0,0.0,0.0,0.0,0.0,0.040293196489800655
TCGA-P5-A5EW-01A,music,0.9566721788812594,0.004340840737542501,0.0,0.0,0.0,0.0,0.0,0.03898698038119823
TCGA-P5-A5EX-01A,music,0.986102061002356,0.0,0.0,0.0,0.0,0.0,0.0,0.013897938997644008
TCGA-P5-A5EY-01A,music,0.9145201434252347,0.0,0.0,0.0,0.0,0.0,0.0,0.0854798565747653
TCGA-P5-A5EZ-01A,music,0.82931873780175,0.028161828884725192,0.0,0.0,0.0,0.010007953692292139,0.11210108067880205,0.02041039894243061
TCGA-P5-A5F0-01A,music,0.9155221732338387,0.0,0.0,0.0,0.0,0.011067830388415778,0.0010674362948083543,0.07234256008293714
TCGA-P5-A5F1-01A,music,0.9792930847541281,0.0,0.0,0.0,0.0,0.0,0.0,0.02070691524587182
TCGA-P5-A5F2-01A,music,0.9423476968544191,0.0,0.0,0.0,0.0,0.0,0.011774759084427096,0.04587754406115386
TCGA-P5-A5F4-01A,music,0.6827637233666886,0.023692965218410453,0.0,0.0,0.04898359385771103,0.057609514067221805,0.07145216831012631,0.11549803517984188
TCGA-P5-A5F6-01A,music,0.8069377656018641,0.014152393578865871,0.0,0.0,0.0,0.15035763211351788,0.0,0.028552208705752036
TCGA-P5-A72U-01A,music,0.9629824127539958,0.0,0.0,0.0,0.0,0.0,0.0,0.037017587246004256
TCGA-P5-A72W-01A,music,0.9796565225477479,0.0,0.0,0.0,0.0,0.0,0.0,0.020343477452252137
TCGA-P5-A72X-01A,music,0.9694160288128576,0.0,0.0,0.0,0.0,0.0,0.0,0.030583971187142477
TCGA-P5-A72Z-01A,music,0.9399126658127525,0.0,0.0,0.0,0.0,0.016307977797796903,0.04377935638945062,0.0
TCGA-P5-A730-01A,music,0.9341321731979658,0.0,0.0,0.0,0.0,0.0026163807793902014,0.04314155532951409,0.020109890693129795
TCGA-P5-A731-01A,music,0.9770546648456468,0.0,0.0,0.0,0.0,0.0,0.0,0.022945335154353073
TCGA-P5-A733-01A,music,0.9115592003601446,0.01423292016463995,0.0,0.0,0.0,0.013183755551889827,0.0,0.061024123923325645
TCGA-P5-A735-01A,music,0.9454654815551079,0.009583285500333326,0.0,0.0,0.0,0.0,0.01616844962169886,0.028782783322860106
TCGA-P5-A736-01A,music,0.9862835477758153,0.0,0.0,0.0,0.0,0.0,0.0,0.013716452224184732
TCGA-P5-A737-01A,music,0.984895199542083,0.0,0.0,0.0,0.0,0.0,0.001239436549659274,0.013865363908257603
TCGA-P5-A77W-01A,music,0.767507032047802,0.0,0.0,0.0,0.11946205402684215,0.05889918171228408,0.036347368203342716,0.017784364009729083
TCGA-P5-A77X-01A,music,0.9364925879474946,0.0,0.0,0.0,0.0,0.0,0.0036810128725452283,0.05982639917996018
TCGA-P5-A780-01A,music,0.8470571016049572,0.03962658133412583,0.0,0.0,0.0,0.01978901266266599,0.06729535347521262,0.026231950923038285
TCGA-P5-A781-01A,music,0.9134998779419806,0.0,0.0,0.0,0.0,0.0,0.04006137456597786,0.04643874749204151
TCGA-QH-A65R-01A,music,0.8018498414307417,0.008169453903630289,0.0,0.0,0.07021705271157108,0.0895991045635618,0.01410118299565502,0.016063364394840265
TCGA-QH-A65S-01A,music,0.9249816575529025,0.0018629944520558344,0.0,0.0,0.0,0.0,0.04710894247782254,0.026046405517219026
TCGA-QH-A65V-01A,music,0.9141760218536829,0.0,0.0,0.0,0.0,0.0,0.05435404791614825,0.031469930230168905
TCGA-QH-A65X-01A,music,0.8137041755337566,0.013254276878356295,0.0,0.0,0.059523759153026684,0.09257308618532223,0.0,0.020944702249538264
TCGA-QH-A65Z-01A,music,0.9440864026271975,0.0,0.0,0.0,0.0,0.0,0.014345223700456497,0.04156837367234592
TCGA-QH-A6CS-01A,music,0.9366788001183414,0.0,0.0,0.0,0.0,0.0,0.01575760436267885,0.04756359551897984
TCGA-QH-A6CU-01A,music,0.9455430017380312,0.0,0.0,0.0,0.0,0.0,0.02234607509334482,0.03211092316862395
TCGA-QH-A6CV-01A,music,0.9633673482434498,0.025082873364989117,0.0,0.0,0.0,0.0,0.004430544516761736,0.007119233874799424
TCGA-QH-A6CW-01A,music,0.9854625681073839,0.0,0.0,0.0,0.0,0.0,0.0,0.014537431892616186
TCGA-QH-A6CX-01A,music,0.9638301291482118,0.0,0.0,0.0,0.0,0.0,0.00744417244347781,0.028725698408310466
TCGA-QH-A6CY-01A,music,0.7825294773536594,0.002834946199535253,0.0,0.0,0.0,0.0,0.12799562952085536,0.08663994692595003
TCGA-QH-A6CZ-01A,music,0.9163204644826561,0.0067636511108783125,0.0,0.0,0.0,0.005937699440839563,0.02433643850739416,0.046641746458231784
TCGA-QH-A6X3-01A,music,0.9207115388735917,0.01784904989150315,0.0,0.0,0.0,0.00645447571882638,0.022845025140206587,0.032139910375872244
TCGA-QH-A6X4-01A,music,0.795263743266836,0.01921955004535499,0.0,0.0,0.0,0.006860008581489044,0.12984288357153162,0.048813814534788454
TCGA-QH-A6X5-01A,music,0.8524533043286524,0.0,0.0,0.0,0.0,0.0,0.08680429922425804,0.06074239644708955
TCGA-QH-A6X8-01A,music,0.8169483341443574,0.022303925701800873,0.0,0.0,0.0,0.0061794035193395765,0.09466841922648045,0.0598999174080216
TCGA-QH-A6X9-01A,music,0.950821690817354,0.00550399486773063,0.0,0.0,0.0,0.0,0.0,0.04367431431491521
TCGA-QH-A6XA-01A,music,0.9322617611182137,0.005571691848567323,0.0,0.0,0.0,0.0,0.03219137901971629,0.02997516801350281
TCGA-QH-A6XC-01A,music,0.9692635196043959,0.0,0.0,0.0,0.0,0.0,0.0018445171019192321,0.028891963293684923
TCGA-QH-A86X-01A,music,0.9581330329845872,0.0,0.0,0.0,0.0,0.0,0.0,0.041866967015412905
TCGA-QH-A870-01A,music,0.9652306215004327,0.0,0.0,0.0,0.0,0.0,0.0,0.03476937849956727
TCGA-R8-A6MK-01A,music,0.9700385299355863,0.0,0.0,0.0,0.0,0.0,0.0012136156297464797,0.02874785443466738
TCGA-R8-A6ML-01A,music,0.9648506054665674,0.0,0.0,0.0,0.0,0.0,0.008156919978553123,0.026992474554879426
TCGA-R8-A6MO-01A,music,0.7961370265994314,0.016070275231337718,0.0,0.0,0.0,0.03713638482721168,0.1087253832499731,0.041930930092045945
TCGA-R8-A6YH-01A,music,0.9736282676071278,0.012521651789188718,0.0,0.0,0.0,0.0,0.0,0.013850080603683519
TCGA-RY-A83X-01A,music,0.8071556483311879,0.005918040808958768,0.0,0.0,0.0,0.017530956434981954,0.10582709372509173,0.06356826069977956
TCGA-RY-A83Y-01A,music,0.9483254926399579,0.008705022497818144,0.0,0.0,0.0,0.010265145003218542,0.0027792284490035326,0.029925111410001985
TCGA-RY-A83Z-01A,music,0.9691524729434216,0.018470968603007266,0.0,0.0,0.0,0.0,0.0,0.01237655845357123
TCGA-RY-A840-01A,music,0.9700945341580588,0.0,0.0,0.0,0.0,0.002634801477882428,0.0,0.02727066436405877
TCGA-RY-A843-01A,music,0.9590923492268043,0.0023058462587596425,0.0,0.0,0.0,0.0,0.0,0.038601804514436115
TCGA-RY-A845-01A,music,0.9434983032412204,0.01855952941574442,0.0,0.0,0.0,0.0,0.00346921643949988,0.03447295090353521
TCGA-RY-A847-01A,music,0.9347007030209739,0.021213348115103014,0.0,0.0,0.0,0.0,0.007501042459333619,0.03658490640458951
TCGA-S9-A6TS-01A,music,0.9412388190792912,0.02605320819820894,0.0,0.0,0.0,0.0,0.0020928244408867386,0.030615148281613127
TCGA-S9-A6TU-01A,music,0.8930172793484485,0.04520501514390744,0.0,0.0,0.0,0.009800706680608335,0.029875519079829167,0.022101479747206512
TCGA-S9-A6TV-01A,music,0.9380731120802827,0.0451592562199632,0.0,0.0,0.0,0.0,0.0,0.016767631699754114
TCGA-S9-A6TW-01A,music,0.6814965839464224,0.014718515101892529,0.0,0.0,0.08133405247787706,0.17744843858076254,0.019831275431834158,0.025171134461211265
TCGA-S9-A6TX-01A,music,0.8722724663770426,0.0,0.0,0.0,0.0,0.008689057178901567,0.07220415669613478,0.04683431974792109
TCGA-S9-A6TY-01A,music,0.763420899158925,0.003534927347661097,0.0,0.0,0.05732909508703336,0.026763567102295667,0.0973652813135323,0.05158622999055258
TCGA-S9-A6TZ-01A,music,0.9750626071128495,0.0,0.0,0.0,0.0,0.0,0.0,0.02493739288715048
TCGA-S9-A6U0-01A,music,0.9272586326954884,0.0036995101464734562,0.0,0.0,0.0,0.052035592124026364,0.0,0.01700626503401174
TCGA-S9-A6U1-01A,music,0.7477130883618935,0.05463021198867625,0.0,0.0,0.0019420597248591678,0.030529910188613556,0.12371874798688329,0.04146598174907412
TCGA-S9-A6U2-01A,music,0.9687999052592295,0.0,0.0,0.0,0.0,0.0,0.0,0.031200094740770484
TCGA-S9-A6U5-01A,music,0.9689109287340198,0.0,0.0,0.0,0.0,0.0,0.0,0.03108907126598023
TCGA-S9-A6U6-01A,music,0.9240498500987304,0.03250890463215248,0.0,0.0,0.0,0.002742171672032027,0.0010764418925668236,0.03962263170451824
TCGA-S9-A6U8-01A,music,0.930868647574177,0.011511637219479925,0.0,0.0,0.0,0.0,0.038248845374610395,0.019370869831732578
TCGA-S9-A6U9-01A,music,0.9675450191887394,0.004968463996128273,0.0,0.0,0.0,0.0,0.010265682206434775,0.017220834608697565
TCGA-S9-A6UA-01A,music,0.9180374520417918,0.06691310595414073,0.0,0.0,0.0,0.0061918421503378,0.0,0.008857599853729688
TCGA-S9-A6UB-01A,music,0.8030487335904756,0.0017377456814766743,0.0,0.0,0.04566088043429955,0.02130450281368561,0.090612628909131,0.0376355085709315
TCGA-S9-A6WD-01A,music,0.9546377525253882,0.0,0.0,0.0,0.0,0.0,0.02858819874563247,0.016774048728979356
TCGA-S9-A6WE-01A,music,0.9559817445546543,0.0,0.0,0.0,0.0,0.0,0.013614957769703976,0.03040329767564163
TCGA-S9-A6WG-01A,music,0.950117958582678,0.008553403016567202,0.0,0.0,0.0,0.033847081175104626,0.0,0.007481557225650181
TCGA-S9-A6WH-01A,music,0.7985897848057748,0.016275070514711706,0.0,0.0,0.09826200573056298,0.05164070852834228,0.01679849000966977,0.018433940410938307
TCGA-S9-A6WI-01A,music,0.1380547924640451,0.01447122943180916,0.0,0.011844030835055164,0.1278360237577924,0.10240693594013724,0.387120699843743,0.21826628772741805
TCGA-S9-A6WL-01A,music,0.923973266952056,0.000805165275090591,0.0,0.0,0.0,0.04011287939161993,0.0,0.03510868838123345
TCGA-S9-A6WM-01A,music,0.9869225399417739,0.0,0.0,0.0,0.0,0.0,0.0,0.013077460058226088
TCGA-S9-A6WN-01A,music,0.9763346928011616,0.0,0.0,0.0,0.0,0.0,0.0,0.02366530719883846
TCGA-S9-A6WO-01A,music,0.9845736944457409,0.003754298723521657,0.0,0.0,0.0,0.0,0.0,0.011672006830737259
TCGA-S9-A6WP-01A,music,0.9061901757570047,0.018039718470630683,0.0,0.0,0.0,0.008918731514103278,0.04179794416575226,0.025053430092508985
TCGA-S9-A6WQ-01A,music,0.879144685127698,0.0245216543927091,0.0,0.0,0.0,0.0,0.06270083293433272,0.03363282754526008
TCGA-S9-A7IQ-01A,music,0.921867258239854,0.0,0.0,0.0,0.0,0.0,0.009645743272103905,0.06848699848804204
TCGA-S9-A7IS-01A,music,0.8239282606691644,0.0243194827080153,0.0,0.0,0.010205828581626364,0.08209017737956689,0.05945625066162721,0.0
TCGA-S9-A7IX-01A,music,0.9690806494861534,0.008763738922780559,0.0,0.0,0.0,0.0,0.0,0.022155611591066136
TCGA-S9-A7IY-01A,music,0.9740987516282358,0.0,0.0,0.0,0.0,0.0,0.0,0.025901248371764263
TCGA-S9-A7IZ-01A,music,0.9520946686282763,0.013343730578996727,0.0,0.0,0.0,0.0,0.0,0.03456160079272698
TCGA-S9-A7J0-01A,music,0.9696047507805444,0.00888929993803663,0.0,0.0,0.0,0.0,0.007186386604702478,0.014319562676716392
TCGA-S9-A7J1-01A,music,0.8943845211372261,0.0,0.0,0.0,0.0,0.0,0.045246593716556587,0.06036888514621719
TCGA-S9-A7J2-01A,music,0.9340803077268791,0.003719971670920496,0.0,0.0,0.0,0.013717963779704441,0.0,0.048481756822495885
TCGA-S9-A7J3-01A,music,0.9119693270725162,0.0011046976620834351,0.0,0.0,0.0,0.0,0.04183943406921805,0.045086541196182224
TCGA-S9-A7QW-01A,music,0.9067194011430222,0.012195969835453836,0.0,0.0,0.030645183310694983,0.003509702800162756,0.016978280559101114,0.029951462351565202
TCGA-S9-A7QX-01A,music,0.9633439538487178,0.024692985521743285,0.0,0.0,0.0,0.0,0.00254299125391543,0.00942006937562343
TCGA-S9-A7QY-01A,music,0.8713671002395251,0.0,0.0,0.0,0.0,0.0,0.09167834419491332,0.03695455556556168
TCGA-S9-A7QZ-01A,music,0.7839510413172666,0.0057798844950153385,0.0,0.0,0.04813888533331717,0.06612408126617438,0.042350913154199345,0.053655194434027276
TCGA-S9-A7R1-01A,music,0.9439532500583109,0.0024390489227709153,0.0,0.0,0.01039117314705969,0.007715756674402156,0.0,0.03550077119745631
TCGA-S9-A7R2-01A,music,0.919171196976793,0.015596511439272919,0.0,0.0,0.0,0.0,0.04281613992580334,0.022416151658130865
TCGA-S9-A7R3-01A,music,0.9648738724917085,0.0,0.0,0.0,0.0,0.0,0.009122672553128028,0.026003454955163492
TCGA-S9-A7R4-01A,music,0.8622588913171775,0.04719348874909389,0.0,0.0,0.0,0.07212847057804898,0.0,0.018419149355679572
TCGA-S9-A7R7-01A,music,0.9531743823473993,0.030345849128936408,0.0,0.0,0.0,0.0,0.0,0.016479768523664375
TCGA-S9-A7R8-01A,music,0.9171272574257392,0.03144713034441341,0.0,0.0,0.0,0.0,0.04233946293627437,0.009086149293573084
TCGA-S9-A89V-01A,music,0.9813468414054414,0.0,0.0,0.0,0.0,0.0,0.0,0.018653158594558513
TCGA-S9-A89Z-01A,music,0.9428874746311074,0.03928067063430331,0.0,0.0,0.0,0.00023111628809471837,0.0025412290030783955,0.015059509443416216
TCGA-TM-A7C3-01A,music,0.9835730063557708,0.0,0.0,0.0,0.0,0.0,0.0,0.016426993644229157
TCGA-TM-A7C4-01A,music,0.9529040706353448,0.0,0.0,0.0,0.0,0.0,0.0,0.047095929364655204
TCGA-TM-A7C5-01A,music,0.8234567556306729,0.006397061031237415,0.0,0.0,0.08489587599577952,0.05827379080699142,0.01120155649610763,0.015774960039211174
TCGA-TM-A7CA-01A,music,0.8917088895545009,0.023208563742191952,0.0,0.0,0.0,0.006378293947097557,0.04417188237269108,0.03453237038351852
TCGA-TM-A7CF-01A,music,0.921715290724877,0.002364131180450737,0.0,0.0,0.0,0.0,0.0,0.07592057809467231
TCGA-TM-A7CF-02A,music,0.0,0.008641780458506372,0.0,0.0,0.11741143990282152,0.012525285280922643,0.6406832794650165,0.22073821489273304
TCGA-TM-A84B-01A,music,0.9793506467342585,0.0,0.0,0.0,0.0,0.0,0.0,0.020649353265741393
TCGA-TM-A84C-01A,music,0.9872193832705707,0.0,0.0,0.0,0.0,0.0,0.0,0.01278061672942932
TCGA-TM-A84F-01A,music,0.9722105189547636,0.011471128258507785,0.0,0.0,0.0,0.0,0.0,0.016318352786728555
TCGA-TM-A84G-01A,music,0.9659057002786999,0.0,0.0,0.0,0.0,0.008111889980232425,0.0017703651136697625,0.024212044627397886
TCGA-TM-A84H-01A,music,0.9744650968278885,0.0,0.0,0.0,0.0,0.0,0.0,0.02553490317211141
TCGA-TM-A84I-01A,music,0.9905695525296186,0.004516380124998408,0.0,0.0,0.0,0.0,0.0,0.004914067345382871
TCGA-TM-A84J-01A,music,0.9099543479833061,0.014483993984926108,0.0,0.0,0.0,0.07536873552028413,0.0,0.00019292251148356285
TCGA-TM-A84L-01A,music,0.9749455425418254,0.0,0.0,0.0,0.0,0.0,0.009252142463035113,0.0158023149951394
TCGA-TM-A84M-01A,music,0.9705476002228117,0.0,0.0,0.0,0.0,0.0,0.013226944217406028,0.016225455559782286
TCGA-TM-A84O-01A,music,0.9747349952355348,0.0,0.0,0.0,0.0,0.0,0.007187455479494974,0.018077549284970348
TCGA-TM-A84Q-01A,music,0.9543549383026684,0.029695915821266006,0.0,0.0,0.0,0.0,0.006684441577754869,0.009264704298310847
TCGA-TM-A84R-01A,music,0.6875463690187863,0.0013276102653442896,0.0,0.0024135618594002483,0.014451424702584604,0.03372618291300034,0.1211557962119085,0.13937905502897568
TCGA-TM-A84S-01A,music,0.9646170302474693,0.0,0.0,0.0,0.0,0.0,0.0,0.03538296975253075
TCGA-TM-A84T-01A,music,0.9081043381076513,0.03245101670566565,0.0,0.0,0.0,0.00726204068438269,0.03071244933681063,0.021470155165489637
TCGA-TQ-A7RF-01A,music,0.968929083820143,0.0024226659877129913,0.0,0.0,0.0,0.0,0.0,0.028648250192144016
TCGA-TQ-A7RG-01A,music,0.9578588419927012,0.0,0.0,0.0,0.0,0.0,0.008603824462698221,0.03353733354460059
TCGA-TQ-A7RH-01A,music,0.9443052762589585,0.028177271472280364,0.0,0.0,0.0,0.0,0.007275618193727823,0.020241834075033334
TCGA-TQ-A7RI-01A,music,0.9182638108615506,0.0027520981321700064,0.0,0.0,0.0,0.0,0.03964990763841715,0.039334183367862194
TCGA-TQ-A7RJ-01A,music,0.9587167685901249,0.01181413708980732,0.0,0.0,0.0,0.0,0.0,0.02946909432006769
TCGA-TQ-A7RK-01A,music,0.9722256129033016,0.0082756176108472,0.0,0.0,0.0,0.0,0.0065214199012192725,0.012977349584631943
TCGA-TQ-A7RM-01A,music,0.9638575167279586,0.0,0.0,0.0,0.0,0.014061517654260312,0.014732679092657549,0.007348286525123504
TCGA-TQ-A7RN-01A,music,0.9493367144620471,0.0007233684766420679,0.0,0.0,0.0,0.005724600066067829,0.014726044296662778,0.029489272698580173
TCGA-TQ-A7RO-01A,music,0.8447298532777686,0.0080903911082587,0.0,0.0,0.0,0.051062073246102825,0.0,0.09611768236786997
TCGA-TQ-A7RP-01A,music,0.9101559596946105,0.0,0.0,0.0,0.0,0.0,0.03584592591336868,0.05399811439202087
TCGA-TQ-A7RQ-01A,music,0.9384225423168178,0.0,0.0,0.0,0.0,0.02010019445187535,0.0,0.041477263231306946
TCGA-TQ-A7RR-01A,music,0.8431314455622131,0.02492602483719352,0.0,0.0,0.0,0.0,0.08502803531506299,0.04691449428553042
TCGA-TQ-A7RS-01A,music,0.9110672697882074,0.0,0.0,0.0,0.0,0.0032917493802593675,0.0455480375671242,0.04009294326440906
TCGA-TQ-A7RU-01A,music,0.9477020844534942,0.0,0.0,0.0,0.0,0.021277326485153153,0.016348433906005117,0.014672155155347429
TCGA-TQ-A7RV-01A,music,0.9037578035029042,0.01410512978181081,0.0,0.0,0.0,0.0052967412628914246,0.04103070449917892,0.0358096209532146
TCGA-TQ-A7RV-02A,music,0.9760345687272036,0.0,0.0,0.0,0.0,0.0,0.0019012630194888405,0.022064168253307627
TCGA-TQ-A7RW-01A,music,0.9423267541190092,0.02640044702132875,0.0,0.0,0.0,0.0,0.007042128975668046,0.024230669883994124
TCGA-TQ-A8XE-01A,music,0.9336993287462493,0.019401902321350625,0.0,0.0,0.0,0.00651664623869235,0.019022134457633278,0.021359988236074545
TCGA-TQ-A8XE-02A,music,0.9081671492915775,0.015502586830760244,0.0,0.0,0.0,0.0,0.049298597679938314,0.02703166619772395
TCGA-VM-A8C8-01A,music,0.983164715643883,0.0,0.0,0.0,0.0,0.0,0.0,0.01683528435611701
TCGA-VM-A8C9-01A,music,0.9739652396037769,0.010892425230209694,0.0,0.0,0.0,0.0,0.0,0.015142335166013259
TCGA-VM-A8CA-01A,music,0.9734714739567611,0.0,0.0,0.0,0.0,0.0,0.0,0.02652852604323883
TCGA-VM-A8CB-01A,music,0.961046916679935,0.004123264286703053,0.0,0.0,0.006837551037878953,0.016228359117319135,0.0,0.011763908878163825
TCGA-VM-A8CD-01A,music,0.9553529610626689,0.0,0.0,0.0,0.0,0.0,0.0,0.044647038937331136
TCGA-VM-A8CE-01A,music,0.8779789524488284,0.0,0.0,0.0,0.0,0.0,0.07546245049787041,0.04655859705330116
TCGA-VM-A8CF-01A,music,0.9749911543941955,0.003888508346820427,0.0,0.0,0.0,0.0,0.0,0.021120337258984132
TCGA-VM-A8CH-01A,music,0.9532946177132746,0.015958209327959303,0.0,0.0,0.0,0.0,0.007803230218315532,0.022943942740450446
TCGA-VV-A829-01A,music,0.9825078564343231,0.005173634069700746,0.0,0.0,0.0,0.0,0.0,0.012318509495976043
TCGA-VV-A86M-01A,music,0.862817914634809,0.05375582890007562,0.0,0.0,0.05676329398575319,0.026662962479362236,0.0,0.0
TCGA-VW-A7QS-01A,music,0.9593156466369048,0.009015765553144178,0.0,0.0,0.0,0.01895040122368099,0.0,0.012718186586270046
TCGA-VW-A8FI-01A,music,0.9888090977740505,0.0,0.0,0.0,0.0,0.0,0.0,0.011190902225949605
TCGA-W9-A837-01A,music,0.9073388160390004,0.008216446938506487,0.0,0.0,0.0,0.0020653981829378627,0.008265235500178698,0.07411410333937671
TCGA-WH-A86K-01A,music,0.9696764748382057,0.0015104151654240304,0.0,0.0,0.0,0.0,0.0,0.028813109996370278
TCGA-WY-A858-01A,music,0.9522601454529176,0.024863758354177375,0.0,0.0,0.0,0.0003728513513541457,0.010204583533375364,0.012298661308175422
TCGA-WY-A859-01A,music,0.8373132832083422,0.021637130428330795,0.0,0.0,0.0,0.029920468250673623,0.039506075773590804,0.07162304233906258
TCGA-WY-A85A-01A,music,0.8887989617150618,0.026723014288330106,0.0,0.0,0.0,0.008930086008281393,0.0024532329937636643,0.07309470499456319
TCGA-WY-A85B-01A,music,0.9063533878735904,0.07102070326795229,0.0,0.0,0.0,0.0,0.014155719114830281,0.008470189743626955
TCGA-WY-A85C-01A,music,0.9493737078363416,0.02255744525872293,0.0,0.0,0.0,0.02284115285930592,0.0,0.0052276940456295875
TCGA-WY-A85D-01A,music,0.9755131004526957,0.0,0.0,0.0,0.0,0.0,0.0,0.02448689954730427
TCGA-WY-A85E-01A,music,0.9794591143967931,0.0,0.0,0.0,0.0,0.0,0.0,0.020540885603206868
TCGA-CS-4938-01B,dwls,0.8442600205487639,0.03544000768706523,0.0,0.0,0.0,0.012951271365630197,0.047582719874311674,0.059765980524228976
TCGA-CS-4941-01A,dwls,0.6659951664245746,0.054124651664859816,0.010631714927135091,0.0,0.05531423142973345,0.15103850253330173,0.03585268962992805,0.02704304339046731
TCGA-CS-4942-01A,dwls,0.8044698990356393,0.09077731537988791,0.007826797986507502,0.0,6.948341936460246e-05,0.011451198087249068,0.06026233944551673,0.025142966645834982
TCGA-CS-4943-01A,dwls,0.9174554982293254,0.029426138714891973,0.0,0.0,0.0,0.01845786126245112,0.027113518436829583,0.00754698335650197
TCGA-CS-4944-01A,dwls,0.8633894186650134,0.0,0.0,0.0,0.05362819794395998,0.03221712636923761,2.4080980890935656e-18,0.05076525702178906
TCGA-CS-5390-01A,dwls,0.8797566126492072,0.004774866786372903,0.0,0.0,0.0,0.02930498222937759,0.07762953459115426,0.008534003743887979
TCGA-CS-5393-01A,dwls,0.7550590652794356,0.05223486368526836,0.0,0.0,0.02462545900948292,0.04009440199385149,0.10418387004739504,0.02380233998456658
TCGA-CS-5394-01A,dwls,0.931316460584741,0.013210422869348811,0.0,0.0,1.7391508934895887e-06,0.0446829223119967,0.00010730984237994436,0.010681145240640106
TCGA-CS-5395-01A,dwls,0.7353495940180481,0.018021995648863656,0.03589167330608765,0.0,0.0,0.05513538552624898,0.08909379809528574,0.06650755340546582
TCGA-CS-5396-01A,dwls,0.8409120664192209,0.014139027395626575,0.0,0.0,0.0,0.03154232921190613,0.10684486808102156,0.006561708892224924
TCGA-CS-5397-01A,dwls,0.8523052178221457,0.038501520998237226,0.0,0.0,0.0,0.02080972126412324,0.067645515041018,0.020738024874475642
TCGA-CS-6186-01A,dwls,0.5668531948676452,0.030039138834233127,0.0,0.0,0.13757614655855524,0.06962534346823607,0.0476541979629595,0.14825197830837092
TCGA-CS-6188-01A,dwls,0.7591986255509562,0.05489025374089912,0.0,0.0,0.0,0.07897449620179452,0.079200951899246,0.027735672607104057
TCGA-CS-6290-01A,dwls,0.5609000701058143,0.11981784484031678,0.0,0.0,0.05518927575185948,0.03777901161632244,0.15474825252555768,0.07156554516012921
TCGA-CS-6665-01A,dwls,0.5390821921627602,0.14304177173073346,0.0018231461780531253,0.0,0.0,0.05327904917588786,0.25490786718217884,0.007865973570386691
TCGA-CS-6666-01A,dwls,0.8611713398394106,0.016262313877178757,0.0,0.0,0.0002577047703229201,0.10910795330091994,0.0008455832499834964,0.012355104962184227
TCGA-CS-6667-01A,dwls,0.7448166276866798,0.022980796525629985,0.03030164553002111,0.0,9.911939797791968e-06,0.14770852872025014,0.022956207754974926,0.031226281842646413
TCGA-CS-6668-01A,dwls,0.9544047651312111,0.00012556288931957725,0.0,1.947748110909331e-06,0.0,0.017028343535409596,0.021124010240955927,0.007315370454992942
TCGA-CS-6669-01A,dwls,0.8782580337700794,0.000964305193989027,0.0,0.0,0.0,0.015653347837699692,0.0956028405313796,0.009521472666852281
TCGA-CS-6670-01A,dwls,0.8455494511386482,0.005084153175020037,0.0,0.0,0.01775502341880184,0.0434807549805173,0.05723901839767597,0.03089159888933663
TCGA-DB-5270-01A,dwls,0.8293123264887362,0.019133915527311605,0.013299487578116267,0.0,0.0,0.023296971002777417,0.09872767020658828,0.016229629196470263
TCGA-DB-5273-01A,dwls,0.8107631580299387,0.0,0.0,0.0,0.16081778389226264,0.01523872672212127,7.835674047610897e-19,0.013180331355677255
TCGA-DB-5274-01A,dwls,0.7564801065792267,0.02850144395795073,6.392932535839464e-05,0.0,0.027934365334446765,0.07395039111078791,0.10612497559457926,0.006944788097650282
TCGA-DB-5275-01A,dwls,0.9437933246622378,0.018496992922583336,0.0,0.0,0.0,0.013993908840912768,0.00953585057472115,0.014179922999545024
TCGA-DB-5276-01A,dwls,0.6295043523826839,0.05765805924403764,0.010324421388604104,0.0,0.0,0.025888061736013664,0.2584674179758832,0.018157687272777442
TCGA-DB-5277-01A,dwls,0.8679089151463598,0.010244193920122114,0.0,0.0,0.0,0.03398600657049378,0.07751806083510655,0.010342823527917601
TCGA-DB-5278-01A,dwls,0.8745371294052943,0.009486824498889929,0.0,0.0,0.0,0.023616809786629712,0.07044695995363405,0.02191227635555203
TCGA-DB-5280-01A,dwls,0.7325766184614514,0.018996996100475325,0.0,0.0,0.0,0.029975606548079493,0.17814289063189906,0.0403078882580948
TCGA-DB-5281-01A,dwls,0.9098697044601287,0.011883519593531754,0.0,0.0,0.0,0.032484689645788,0.03416704493860568,0.011595041361945814
TCGA-DB-A4X9-01A,dwls,0.8718416308948148,0.03322466857343946,0.0,0.0,0.0,0.010727911346273022,0.0467463690104872,0.03745942017498555
TCGA-DB-A4XA-01A,dwls,0.7353533382113875,0.02177291817860657,0.03907516847065629,0.0,0.0004193438598197575,0.06911725633300075,0.10734245185054135,0.026919523095987944
TCGA-DB-A4XB-01A,dwls,0.9207493868996255,0.016640148957267478,0.0,1.6761350921591876e-05,0.00014383353595019108,0.008262649056167033,0.03893470451391983,0.015252515686148414
TCGA-DB-A4XC-01A,dwls,0.8072693681984306,0.039617606248693676,0.0,0.0,0.049030539358621034,0.024748084876427264,0.04624724572704214,0.03308715559078526
TCGA-DB-A4XD-01A,dwls,0.8631815600452841,0.024432048824000716,0.0,0.0,0.0,0.013789004719351409,0.0767314946407801,0.021865891770583474
TCGA-DB-A4XE-01A,dwls,0.891927482481984,0.017638427950026556,0.0,0.0,0.0,0.01038051590428148,0.06020628396411819,0.01984728969958976
TCGA-DB-A4XF-01A,dwls,0.9689682079129494,0.0,0.0,0.0,0.0,0.0261845720419841,2.1779985439605188e-17,0.004847220045066457
TCGA-DB-A4XG-01A,dwls,0.9372727908215812,0.002603475409168659,0.0,0.0,0.0,0.024654232388831344,0.023522631002169937,0.011946870378248844
TCGA-DB-A4XH-01A,dwls,0.8012866615716676,0.0031450239270234687,0.0,0.0,0.0,0.05300785306319469,0.11327285905617858,0.029287602381935698
TCGA-DB-A64L-01A,dwls,0.850071551399975,0.017090959476328126,0.008897223491423096,0.0,0.03085177906304641,0.02700073303771719,0.0468993133062395,0.019188440225270657
TCGA-DB-A64O-01A,dwls,0.7915557169644876,0.033553453895750346,0.0,0.0,0.0,0.02046536889096769,0.09879230227269055,0.055633157976103714
TCGA-DB-A64P-01A,dwls,0.7996505445717854,0.018238170769922915,0.021003176010240363,0.0,3.876428770850404e-05,0.06356435666688652,0.07854297619004422,0.018962011503412167
TCGA-DB-A64Q-01A,dwls,0.9121089971848072,0.011752574651630175,0.0,0.0,0.0,0.012783693338133126,0.0444012658234781,0.018953469001951377
TCGA-DB-A64R-01A,dwls,0.9429499675098612,0.0042143424183763815,0.0,0.0,0.0,0.02076036478640884,0.0174668644315101,0.014608460853843519
TCGA-DB-A64S-01A,dwls,0.6279636227460627,0.0891092633510752,0.036151905205461285,0.0,0.05408337560553766,0.0490836198393797,0.1065972741023617,0.0370109391501218
TCGA-DB-A64U-01A,dwls,0.6969803740066668,0.013383424136460015,0.0,0.0,0.0,0.03427148060598542,0.23632358598105294,0.019041135269834742
TCGA-DB-A64V-01A,dwls,0.5489584244652522,0.059503073770241235,0.017575095319553837,0.003399458423362762,0.0,0.037929402705062204,0.3106331799884629,0.022001365328064845
TCGA-DB-A64W-01A,dwls,0.9260934705083522,0.0,0.0,0.0,0.0,0.02285278770040812,0.044128237619557156,0.006925504171682423
TCGA-DB-A64X-01A,dwls,0.92460192354141,0.010057076852030606,0.0,0.0,0.00044825666167101167,0.03526537956890894,0.007553667193687713,0.022073696182291772
TCGA-DB-A75K-01A,dwls,0.8427535246606127,0.02428924846894443,0.0,0.0,0.0,0.04887957960076492,0.07212906992769404,0.01194857734198397
TCGA-DB-A75L-01A,dwls,0.8603294340557354,0.0334050980894432,0.0,0.0,0.0,0.04341484528829492,0.04887815640366076,0.0139724661628658
TCGA-DB-A75M-01A,dwls,0.8505533728443303,0.0,0.0,0.0,0.10624153810415847,0.018642398903838578,2.5847348045288647e-18,0.024562690147672726
TCGA-DB-A75O-01A,dwls,0.7283979838680615,0.0,0.00015909279878780454,0.0,0.23534151265851191,0.014413561246983063,3.2110125585362076e-19,0.02168784942765565
TCGA-DB-A75P-01A,dwls,0.9576063856681262,0.0,0.0,0.00017246727267121857,6.224835258844034e-05,0.027462295662715137,1.7861165213037932e-17,0.014696603043899014
TCGA-DH-5140-01A,dwls,0.9654968773185723,0.008275697752542215,0.0,0.0,0.0,0.019498092971624987,0.003952079353630503,0.0027772526036299564
TCGA-DH-5142-01A,dwls,0.8262544593405706,0.1164847981419324,0.01904274839452904,0.0008262815225486886,0.0007589076245545888,0.01862587710343,0.0002113915901879558,0.0177955362822466
TCGA-DH-5143-01A,dwls,0.8336570553398933,0.03229426789727313,0.0,1.4392184899857466e-05,0.024820315864103437,0.01951299093848685,0.0497334541207396,0.03996752365460401
TCGA-DH-5144-01A,dwls,0.941655641003175,0.009189526030797587,0.0,0.0,0.0,0.029617651574185243,0.005904953446846538,0.013632227944995655
TCGA-DH-A669-01A,dwls,0.9452358817587215,0.0,0.00015019768225843058,1.025285226530705e-05,0.026974125709366418,0.026392426815836003,6.948883952009536e-18,0.0012371151815522797
TCGA-DH-A669-02A,dwls,0.9017087260658174,0.01578757975479659,0.00016731069591692136,0.0,0.000103302205712187,0.06800834161500108,0.009708691931403191,0.004516047731352685
TCGA-DH-A66B-01A,dwls,0.8730444874247758,0.09666468792466829,3.2752893551749114e-05,0.0,7.258368996362118e-05,0.018464013888707866,0.0,0.011721474178332712
TCGA-DH-A66D-01A,dwls,0.8832973293785416,0.05523209344024392,0.0,0.0,0.0,0.028318494025614833,0.016431519668509614,0.016720563487089994
TCGA-DH-A66F-01A,dwls,0.9424617152489894,0.0,0.0,0.0,0.02126115167400176,0.014573769914195017,5.050231718278638e-17,0.02170336316281372
TCGA-DH-A66G-01A,dwls,0.9031904736995562,0.027113435854247973,0.006004390948057563,0.0,0.0004616697954774072,0.018414181475284137,0.03072059323040591,0.014095254996970721
TCGA-DH-A7UR-01A,dwls,0.8503387297320866,0.000651781963775071,0.0,0.0,9.460795484001825e-05,0.11318468714062098,0.025841429903404448,0.009888763305272944
TCGA-DH-A7US-01A,dwls,0.7144206937369594,0.010802193457094314,0.017410073817895517,0.0,1.3306960903061595e-07,0.024330458169583034,0.20495511011619172,0.028081337632667035
TCGA-DH-A7UT-01A,dwls,0.6668998085708162,0.03970717388431339,0.012852021422671554,0.0,0.0,0.028960627858763514,0.22977358431540598,0.021806783948029172
TCGA-DH-A7UU-01A,dwls,0.8757757345149022,0.023145102288281056,0.0,0.0,0.0,0.0448910173297461,0.04689736715820864,0.009290778708861904
TCGA-DH-A7UV-01A,dwls,0.8356574669791451,0.04943595732286999,0.0,0.0,0.0,0.030049713457215833,0.06100799110407893,0.02384887113669013
TCGA-DU-5847-01A,dwls,0.6845721681548824,0.08724952838020295,0.010877878218571368,0.0,0.0746801817608941,0.04327806135045842,0.05381234866692209,0.045529833468068596
TCGA-DU-5849-01A,dwls,0.8087094288515411,0.007013825699072727,0.012147754956641887,0.0,0.0,0.02751826368011995,0.1275976527960288,0.017013074016595353
TCGA-DU-5851-01A,dwls,0.7640044127697863,0.017259805412385115,0.0,0.0,0.0,0.02245546183881996,0.1791061413203479,0.017174178658660662
TCGA-DU-5852-01A,dwls,0.7922493687259615,0.05828975196068978,0.0002875633350522505,0.0,0.0,0.10292255977234693,0.027871362211924874,0.018379393994024554
TCGA-DU-5853-01A,dwls,0.761451846763536,0.057347642650962184,0.0030595131194110755,0.0,0.044461165051656544,0.02607990126600963,0.06553820031853708,0.04206173082988741
TCGA-DU-5854-01A,dwls,0.37312065841664893,0.05647825904178038,0.007639928933198051,0.0018788325465921409,0.0,0.2008447040713298,0.3356166084537306,0.024421008536720194
TCGA-DU-5855-01A,dwls,0.8733498622769202,0.05983496172147594,0.01381325553886962,0.0,0.0,0.031064587715054767,0.005162536727032048,0.01677479602064721
TCGA-DU-5870-02A,dwls,0.922258335717118,0.003315015772399364,0.0,0.0,5.263932299132287e-06,0.03317753586619853,0.03185791577445714,0.009385932937527907
TCGA-DU-5871-01A,dwls,0.8983676138975236,0.04550190837600018,0.0,0.0,0.0,0.021372387388697053,0.005862384803374891,0.028895705534404313
TCGA-DU-5872-01A,dwls,0.7336352756494865,0.038057796459866976,0.008247939794123771,0.0,0.04306501910361415,0.088154685300028,0.05770982985904588,0.031129453833834884
TCGA-DU-5872-02A,dwls,0.2763337494518132,0.20053708008970525,0.02448112721253424,0.021391460312468205,0.10797739640650926,0.0981463221875443,0.25313182024505515,0.018001044094370356
TCGA-DU-6392-01A,dwls,0.8806382039088376,0.02969549194823234,0.0,0.0,0.0001868323823364949,0.039258581348106635,0.047876779692239343,0.0023441107202474784
TCGA-DU-6393-01A,dwls,0.9315555816711951,0.001837962418166425,0.0,0.0,0.0,0.023995173169116875,0.03826848698061234,0.00434279576090932
TCGA-DU-6394-01A,dwls,0.9295513166920087,0.0060344678364270665,0.0,0.0,0.008967241692233256,0.04146034276419049,0.00860049590259849,0.0053861351125419855
TCGA-DU-6395-01A,dwls,0.8132478231320014,0.04386789828288506,0.01572227234303319,0.0,2.1241696538848323e-05,0.020564290486166852,0.07899006764690374,0.027586406412470916
TCGA-DU-6396-01A,dwls,0.7923972496215377,0.1408143473980592,0.00972710097272064,0.0,0.0,0.023056771213525215,0.030023348895175866,0.003981181898981293
TCGA-DU-6397-01A,dwls,0.7839553442632641,0.009758286659238604,0.019068913290438957,0.0,0.03718687354414345,0.05239288197581222,0.0645280058485975,0.03310969441850496
TCGA-DU-6397-02A,dwls,0.8830699083686285,0.004239619114963425,0.0,0.0,0.0015936278068096829,0.09613046659907848,0.00977051757932638,0.0051958605311935085
TCGA-DU-6399-01A,dwls,0.798519356139809,0.04534772929128829,0.0,0.0,0.03421629561308288,0.041774523985235394,0.05055574142661591,0.02958635354396863
TCGA-DU-6400-01A,dwls,0.9466643046613522,0.004413717427066359,0.0,0.0,0.0,0.020370700484311725,0.019696034702482105,0.008855242724787526
TCGA-DU-6401-01A,dwls,0.7958632039921353,0.022279380639272633,0.01971996869693321,0.0,0.0,0.13933095358786501,0.0008560799020694383,0.021950413181724415
TCGA-DU-6402-01A,dwls,0.8035753837420263,0.08268451825279363,0.005752443437911973,4.202090571229185e-05,0.00019519134404258993,0.07998531756104325,0.012654189249198885,0.01511093550727112
TCGA-DU-6403-01A,dwls,0.7677071922472666,0.04018431613371328,0.0,4.672015358160841e-05,0.0,0.025197183676116702,0.16119223553862913,0.005672352250692635
TCGA-DU-6404-01A,dwls,0.7867723731967698,0.012252298500701113,0.000145467422161792,0.0,0.00037308029384282645,0.08786909563858579,0.06568014015869335,0.04690754478924527
TCGA-DU-6405-01A,dwls,0.9763587493718163,0.0,0.0,0.0,3.961115377276385e-05,0.017397405007339037,5.037702534298093e-18,0.006204234467071889
TCGA-DU-6406-01A,dwls,0.8874859106377155,0.03719008056613662,0.0,0.0,0.0,0.06988789784439729,0.0,0.005436110951750543
TCGA-DU-6407-01A,dwls,0.8789087799250199,0.028056193010696732,0.0,0.0,0.0,0.02726008479864645,0.04041078675905103,0.02536415550658594
TCGA-DU-6408-01A,dwls,0.9054674297380929,0.03894789204173215,0.0,0.0,0.0,0.016963940336510205,0.014525834862511102,0.024094903021153646
TCGA-DU-6410-01A,dwls,0.9616708578470191,0.0,0.0,0.0,0.0,0.022807047141128405,0.01302738815645159,0.0024947068554009256
TCGA-DU-6542-01A,dwls,0.8738584056066567,0.046597050871922605,0.0,0.0,0.0,0.015553191430653432,0.05694312457864259,0.007048227512124526
TCGA-DU-7006-01A,dwls,0.8409335885519095,0.10409187460048241,0.002130719722721928,8.088405733833547e-06,0.0,0.029892263579762265,0.017886012673664024,0.005057452465726081
TCGA-DU-7007-01A,dwls,0.7880926200174904,0.062264620007341766,0.010840777308799518,0.0,0.0565868031810016,0.0435186625869066,0.024147073105321958,0.014549443793138234
TCGA-DU-7008-01A,dwls,0.9538834475383701,0.011923060168571352,0.0,0.0,0.00025238304987651314,0.012213802476672806,0.011688069865806745,0.010039236900702426
TCGA-DU-7009-01A,dwls,0.8355483931919306,0.005130295726771422,0.0,0.0,0.0,0.02594264226329946,0.11931430722097518,0.014064361597023263
TCGA-DU-7010-01A,dwls,0.8477617150427917,0.013231239509158813,0.0,0.0,0.0,0.026810368315535703,0.10304510561056647,0.009151571521947423
TCGA-DU-7011-01A,dwls,0.735083830683597,0.07665803510943274,0.008607435440463636,0.0,0.0006020970647414444,0.08860506428211573,0.06256981553307114,0.027873721886578332
TCGA-DU-7012-01A,dwls,0.7181617869084577,0.1089609364030301,0.02205419451228524,0.0,0.05317057962905798,0.04270607357621314,0.015658924672022696,0.039287504298933254
TCGA-DU-7013-01A,dwls,0.9641073333354357,0.0,0.00036554258973790175,0.00015519767120801632,7.756946909374666e-05,0.03395459282968941,3.981605202873042e-18,0.0013397641048351516
TCGA-DU-7014-01A,dwls,0.8817094287352081,0.021961240676521644,0.010941735885263173,0.0,0.0,0.062151326792863615,0.014306502115154393,0.008929765794988937
TCGA-DU-7015-01A,dwls,0.8125912936858976,0.08167685039235925,0.010286752221343811,0.0,0.034257571959206715,0.024328208291662688,0.003667131608282559,0.03319219184124735
TCGA-DU-7018-01A,dwls,0.9399199840181831,5.978891063309212e-06,0.0,0.0,0.0,0.04075917799123549,0.011484458320679233,0.007830400778838903
TCGA-DU-7019-01A,dwls,0.8021149816970696,0.034993595338794946,0.009499570189212717,0.0,0.0,0.08901078562660782,0.034810789894853075,0.029570277253461657
TCGA-DU-7292-01A,dwls,0.9157106401977987,0.0029919960489300694,0.0,0.0,0.0,0.022336099498530135,0.04986883964116252,0.0090924246135786
TCGA-DU-7294-01A,dwls,0.8940133085952079,0.0065756060372595205,0.0,0.0,0.0,0.019185455416073537,0.06904219565132068,0.011183434300138476
TCGA-DU-7298-01A,dwls,0.7662180945957726,0.039057631790906454,0.0,0.0,0.00036588526040067437,0.027305151375001984,0.15537367131327726,0.011679565664640897
TCGA-DU-7299-01A,dwls,0.8403839878594547,0.03341946443544413,0.0,0.0,0.0,0.023947815948321353,0.08375422619253639,0.018494505564243386
TCGA-DU-7300-01A,dwls,0.8402332983732836,0.012462974842998525,0.015294928148377115,0.0,0.0,0.03157961659299396,0.08335376113123912,0.017075420911107808
TCGA-DU-7301-01A,dwls,0.7811319906144439,0.04695351350009035,0.01427077870569394,0.0,0.0,0.02817351415116051,0.11048555308265763,0.018984649945953683
TCGA-DU-7302-01A,dwls,0.9172755736566766,0.002975736494186927,0.0,0.0,0.0,0.019430191416319312,0.04821514127281891,0.012103357159998248
TCGA-DU-7304-01A,dwls,0.7189787925900621,0.04343239405236056,0.0,0.0,0.06063398562473761,0.059349868376579414,0.07368698749758361,0.043917971858676554
TCGA-DU-7304-02A,dwls,0.8470546685920822,0.0,0.0,0.0,0.11128476152205073,0.03393345023836055,3.0405738454712304e-18,0.007727119647506523
TCGA-DU-7306-01A,dwls,0.772756233708085,0.022592743108691256,0.020779723893642098,0.0,0.03883993579787525,0.05316096833728146,0.05619897128353048,0.035671423870894454
TCGA-DU-7309-01A,dwls,0.8446594074069039,0.017421741624593798,0.02265545878772637,0.0,0.0,0.037182908433928706,0.059785633450390535,0.018294850296456684
TCGA-DU-8158-01A,dwls,0.8112900178213912,0.053215481006570184,0.0332463641042255,2.5154926086970317e-05,8.723529911159986e-05,0.01942821410557054,0.05054513426084202,0.03216239847620203
TCGA-DU-8161-01A,dwls,0.6668370168093513,0.0941725557810513,0.00496501828203495,0.00018758719178143496,0.07745897734117689,0.036576230454034304,0.05532658124885705,0.06447603289171282
TCGA-DU-8162-01A,dwls,0.8162783079361043,0.008380184007427058,0.0,0.0,0.0,0.026528153892788696,0.1358815895880566,0.012931764575623205
TCGA-DU-8163-01A,dwls,0.7431777263555208,0.07428781546877535,0.009829198707380402,0.0,0.0007392651911219046,0.03490489238113193,0.11406752373655933,0.02299357815951032
TCGA-DU-8164-01A,dwls,0.9367947348023216,0.0028912760927118104,0.0,0.0,0.0,0.022997632771169105,0.023982129735485525,0.013334226598311953
TCGA-DU-8165-01A,dwls,0.7634000152073154,0.06327032200382564,0.014126872527521124,0.0,0.07384907883900077,0.046322052341768186,0.017910293343952194,0.02112136573661682
TCGA-DU-8166-01A,dwls,0.9166470130187085,0.02798014046176498,0.0,0.0,0.0,0.02189443278401501,0.010327740691501585,0.02315067304400997
TCGA-DU-8167-01A,dwls,0.6728785274760293,0.07789240592401786,0.01352622000065031,0.0,0.0,0.04716458806789616,0.1712758923887432,0.017262366142663205
TCGA-DU-8168-01A,dwls,0.9615493436430874,0.003849445723371296,0.0,0.0,8.075567929895274e-05,0.01928295211299108,0.010975557596629142,0.00426194524462207
TCGA-DU-A5TP-01A,dwls,0.7623686152422291,0.14503483404601117,0.03464286087434268,0.0,0.0,0.027438257404443292,0.02804683278144803,0.00246859965152574
TCGA-DU-A5TR-01A,dwls,0.5980965640067482,0.16019620771915263,0.013398704215793294,0.0,0.09427725494043011,0.03427813701928979,0.08050588699146383,0.01924724510712204
TCGA-DU-A5TS-01A,dwls,0.5430649175184649,0.034581451777399345,0.023522967082066915,0.0,0.06624457101227646,0.056570762625170745,0.24687784317019695,0.02913748681442482
TCGA-DU-A5TT-01A,dwls,0.7023595212389021,0.03210846135866741,0.028614598503802807,0.0,0.052923144076992244,0.05351898155059233,0.07413496543065551,0.05634032784038745
TCGA-DU-A5TU-01A,dwls,0.8534504884072767,0.08128588654474486,0.015299692903749067,0.0,0.0,0.028371655087784164,0.010617818441830672,0.0109744586146144
TCGA-DU-A5TW-01A,dwls,0.9298157864790856,0.020175574416258793,0.0,0.0,0.0,0.021751835366741336,0.022534994256119517,0.005721809481794755
TCGA-DU-A5TY-01A,dwls,0.7167448792967143,0.13432855567553167,0.00908803815511959,0.000646365028064518,0.0,0.06241348352566649,0.06215370551435765,0.014624972804545883
TCGA-DU-A6S2-01A,dwls,0.8631941955410689,0.005117893613073796,0.0,0.0,0.0,0.0230404170543877,0.09480217725053709,0.013845316540932491
TCGA-DU-A6S3-01A,dwls,0.8919558272454591,0.002083702819813321,0.0,0.0,0.0,0.03172016571992417,0.06317640209619349,0.011063902118609827
TCGA-DU-A6S6-01A,dwls,0.921999424423026,0.0011805232967218276,0.0,0.0,0.0,0.017425282616253576,0.04836724467083018,0.011027524993168485
TCGA-DU-A6S7-01A,dwls,0.804811186813381,0.07422676517991303,0.0,0.0,0.0,0.0253649232596629,0.0780113179628293,0.017585806784213714
TCGA-DU-A6S8-01A,dwls,0.9311306855650595,0.0032531807323097333,0.0,0.0,0.0,0.024116457552266622,0.03337076167990231,0.008128914470461797
TCGA-DU-A76K-01A,dwls,0.8478843286656095,0.0008674917231968232,0.03697433622285636,0.0,0.0,0.026235481386427586,0.049840026895683134,0.03819833510622671
TCGA-DU-A76L-01A,dwls,0.7288962014145979,0.06117539798391127,0.013381052297430538,0.0,6.260740547912233e-05,0.12438913088894821,0.06818711193920257,0.003908498070430313
TCGA-DU-A76O-01A,dwls,0.8292800654703655,0.07760766496308603,0.0,0.0,0.0,0.030767830438276435,0.03520104725034455,0.027143391877927466
TCGA-DU-A76R-01A,dwls,0.9274375487158031,0.0,0.0,0.0,0.016443082310632882,0.030193896375061906,4.3504804611675616e-17,0.025925472598502017
TCGA-DU-A7T6-01A,dwls,0.8658978204476107,0.005745526240606905,0.0,0.0,6.472354303138632e-05,0.04755828065385731,0.075427237507369,0.005306411607524718
TCGA-DU-A7T8-01A,dwls,0.9210929875394975,0.033617040570893146,0.0013169100705017537,0.0,0.0,0.022990231272278394,0.007874820971739388,0.013108009575089842
TCGA-DU-A7TA-01A,dwls,0.9152596816207237,0.04479622387158165,0.0,0.0,0.0,0.031312471650280276,0.0058052036214370495,0.0028264192359774044
TCGA-DU-A7TB-01A,dwls,0.4704957986675921,0.005340074467249765,0.0,0.0,0.0,0.016622230391467017,0.498407009412194,0.009134887061497145
TCGA-DU-A7TC-01A,dwls,0.9089709969807421,0.011382920909226804,0.0,0.0,0.0,0.019082663889497396,0.04494791715748352,0.015615501063050085
TCGA-DU-A7TD-01A,dwls,0.8319669961936142,0.0809807929644102,0.00222164393913555,0.0,0.0,0.0675775725580389,0.01137279271605189,0.005880201628749299
TCGA-DU-A7TG-01A,dwls,0.8392033359487515,0.0093988411025427,0.027367659648700186,0.0,0.0,0.02516179419085061,0.08182311575650696,0.01704525335264808
TCGA-DU-A7TI-01A,dwls,0.8106328406206106,0.05018916951929066,0.006214541599027439,0.0,0.026202623118497737,0.021079083110113063,0.061198593698025744,0.02448314833443479
TCGA-DU-A7TJ-01A,dwls,0.9060863060554131,0.03389476356423138,0.00038691595197984667,0.0,0.0,0.049742840345427405,0.0027627491665402778,0.007126424916408116
TCGA-E1-5302-01A,dwls,0.8187829796861343,0.05168677321100914,0.010311581352099978,0.0,0.013644311243096004,0.02106337338723665,0.04750904412016509,0.0370019370002589
TCGA-E1-5303-01A,dwls,0.5918235483085817,0.13715126720920584,0.009109511763077461,0.0,0.00010264099676260699,0.02722030270317087,0.18785586976164073,0.046736859257560846
TCGA-E1-5304-01A,dwls,0.9642166850834333,0.0020564293027399063,0.0,0.0,0.0,0.009037748641825175,0.02314001020743441,0.001549126764567156
TCGA-E1-5305-01A,dwls,0.8657392285735737,0.02272526573015824,0.0,0.0,0.0,0.03145136867921922,0.05819827717244255,0.02188585984460634
TCGA-E1-5307-01A,dwls,0.840913486397671,0.04728772239988783,0.0,0.0,0.0,0.016799679435133892,0.06553048944921396,0.029468622318093225
TCGA-E1-5311-01A,dwls,0.9069785558739268,0.007766164299500502,0.0,0.0,0.0,0.0415404815473249,0.0310712298416868,0.01264356843756095
TCGA-E1-5318-01A,dwls,0.849737917236417,0.012747915876045617,0.0,0.0,5.7247541800551603e-05,0.1228963598389141,0.0078010564260521,0.006759503080770587
TCGA-E1-5319-01A,dwls,0.7137487223044767,0.012738950261828553,0.0,0.0,0.0,0.05041029706400922,0.20196645494706703,0.021135575422618583
TCGA-E1-5322-01A,dwls,0.9104583832036506,0.0637238190273898,0.0,0.0,0.0,0.017985059590870378,0.0004385298953044575,0.007394208282784763
TCGA-E1-A7YD-01A,dwls,0.9439078634456175,2.844370686265144e-21,0.0,0.0,0.004525220770936912,0.033591613319659694,0.0,0.01797530246378583
TCGA-E1-A7YE-01A,dwls,0.8439631238517118,0.08857589189202363,0.0,0.0,0.000645666050069502,0.041993774713629535,0.018601494148149825,0.006220049344415665
TCGA-E1-A7YH-01A,dwls,0.6362219937091479,0.034173037113613976,0.0006849823538981472,0.0,0.031484565126968816,0.02508633193074175,0.24958392295834894,0.022765166807280482
TCGA-E1-A7YI-01A,dwls,0.8880146635271201,0.01524232366344643,0.0,0.0,0.0,0.052306715677426945,0.04399346903751281,0.0004428280944937076
TCGA-E1-A7YJ-01A,dwls,0.8159655060515498,0.06079376563778277,0.015768601703388573,0.0012715022117316828,0.0,0.03281910505028298,0.06434675129395959,0.009034768051304742
TCGA-E1-A7YK-01A,dwls,0.449169965741576,0.11951033175080265,0.016966217052642087,0.0,0.0,0.02714214096342599,0.3719076012590593,0.01530374323249386
TCGA-E1-A7YL-01A,dwls,0.8334435469516889,0.0911211511020538,0.03418752201705875,0.0,0.0,0.016025527955179517,0.012419817258841087,0.012802434715177953
TCGA-E1-A7YM-01A,dwls,0.592899051784269,0.023962100993169852,0.0,0.0,0.0,0.02423440171376193,0.32773950457954515,0.031164940929254
TCGA-E1-A7YN-01A,dwls,0.40113538358861817,0.1952359059754776,0.02147281696527216,0.0028872545713957364,0.11003390683013482,0.0863700333644374,0.1371375609016303,0.04572713780303387
TCGA-E1-A7YO-01A,dwls,0.931753144797184,0.0,0.0,0.0,0.0,0.057542968556563844,3.9662877801350525e-18,0.010703886646252162
TCGA-E1-A7YQ-01A,dwls,0.6976956330615525,0.15625390747232448,0.011234693192899664,0.0,2.6751512117154373e-05,0.12086154816298093,0.0,0.01392746659812525
TCGA-E1-A7YS-01A,dwls,0.970234206488756,0.0013897056544184664,0.0,0.0,0.0,0.013431532892291872,0.010330861289067012,0.004613693675466721
TCGA-E1-A7YU-01A,dwls,0.7841879488149097,0.02620300506383547,0.014844696833252933,0.0,0.0,0.025017345668599558,0.1290061637954849,0.020740839823917348
TCGA-E1-A7YV-01A,dwls,0.893029160373458,0.0037380909573539673,0.007820658913646963,0.0,0.012874739790910094,0.0499174086253978,0.021686723336688456,0.010933218002544536
TCGA-E1-A7YW-01A,dwls,0.7842681575706627,0.040635367857312935,0.0,0.0,0.06480577691090596,0.01504402310243598,0.0519355661569521,0.043311108401730296
TCGA-E1-A7YY-01A,dwls,0.8868037941943461,0.005576631055889991,0.0,0.0,0.0,0.01630593936245269,0.08303704871250778,0.008276586674803556
TCGA-E1-A7Z2-01A,dwls,0.8092439373003861,0.010017833432398163,0.020958703683234978,0.0,0.0,0.023525279009496487,0.07904839111804966,0.05720585545643469
TCGA-E1-A7Z3-01A,dwls,0.7615052244795787,0.020973361001153833,0.0001885144842761444,0.0,0.058644794104627786,0.05064502493595499,0.07800955437469667,0.030033526619711846
TCGA-E1-A7Z4-01A,dwls,0.7818377914977684,0.0,0.0,0.0,0.16321775474774586,0.019586166200318462,9.277046472803062e-18,0.03535828755416729
TCGA-E1-A7Z6-01A,dwls,0.8411207910221872,0.0,0.0,0.0,0.08465687255954808,0.02016546401922646,6.072007012851315e-17,0.05405687239903817
TCGA-EZ-7264-01A,dwls,0.9390224650589568,0.011263247689665667,0.0,0.0,0.0,0.013212782203122993,0.021967306313557658,0.014534198734696763
TCGA-F6-A8O3-01A,dwls,0.950773941254557,0.0010447202043452554,0.0,0.0,0.0,0.028286246332206416,0.007668426020753211,0.012226666188138002
TCGA-F6-A8O4-01A,dwls,0.8837302170940067,0.0068781927048156815,0.0,0.0,0.0,0.013918709619143077,0.06771373370907394,0.02775914687296062
TCGA-FG-5962-01B,dwls,0.8436775558676336,0.006316898575849872,0.0006498551017885759,0.0,0.037184994452053866,0.022933697793287536,0.06822877899411472,0.02100821921527198
TCGA-FG-5963-01A,dwls,0.5323653948021935,0.09549679941952578,0.016714439201568405,0.0,0.0,0.037081671808192114,0.3076455950963459,0.010696099672174338
TCGA-FG-5963-02A,dwls,0.8163846383490213,0.009595132461390427,0.0013433018103782258,0.0,0.000500081206305099,0.12417470490302199,0.0411796223052789,0.006822518964604138
TCGA-FG-5964-01A,dwls,0.8100759799795216,0.03722180663498464,0.010471151898821451,0.0,0.0,0.03708755919078778,0.09132429278230816,0.013819209513576321
TCGA-FG-5965-01B,dwls,0.8350212695081938,0.0,0.013554702453524695,0.0,0.09460168372084288,0.034007338009964236,2.6398672256523893e-17,0.022815006307474253
TCGA-FG-6688-01A,dwls,0.6776856995786215,0.06824213599410804,0.01511205488754677,0.0,0.0,0.029978521089367733,0.1794404628467246,0.02954112560363141
TCGA-FG-6689-01A,dwls,0.8189745419941087,0.043391836262045055,0.0,0.0,0.0,0.024648729604903174,0.0887915089587887,0.024193383180154352
TCGA-FG-6690-01A,dwls,0.8619444302094866,0.0520909351382588,0.0,0.0,0.00011998484003299067,0.019077998661786562,0.025417111897252643,0.04134953925318227
TCGA-FG-6691-01A,dwls,0.7853125720067519,0.12608219929112263,0.0,0.0,0.0,0.032775370769726864,0.022895701667188736,0.03293415626521005
TCGA-FG-6692-01A,dwls,0.8174802856517247,0.0,0.016295452220458653,0.0,0.08576060700942312,0.07564004732863466,9.519947371929924e-17,0.004823607789758829
TCGA-FG-7634-01A,dwls,0.7291086499098166,0.04937127950502123,0.005384022023294819,0.0,0.0,0.09345335515111597,0.10683926699848378,0.015843426412267717
TCGA-FG-7636-01A,dwls,0.8896224957009444,0.019267484073514717,0.0,0.0,0.0,0.01696462612635746,0.0543413407582486,0.019804053340934755
TCGA-FG-7638-01B,dwls,0.8321939117806606,0.009588651768213845,0.0,0.0,0.0,0.03437083567328938,0.09391635878821723,0.029930241989618907
TCGA-FG-7641-01B,dwls,0.8372323808612437,0.0031031522003269595,0.0,0.0,0.0,0.013748753517929577,0.13030865954223153,0.015607053878268235
TCGA-FG-7643-01A,dwls,0.792189975447746,0.0076378894372720624,1.3974985233490088e-05,0.0,0.0,0.028029943907284034,0.15392158237772322,0.018206633844741128
TCGA-FG-8181-01A,dwls,0.852280128906319,0.0036235633048463537,0.03701581985037472,0.0,0.0,0.02586508158789015,0.06868353697895174,0.012531869371617986
TCGA-FG-8182-01A,dwls,0.7885912036556658,0.05275658768252748,0.0,0.0,0.0,0.021460823039320693,0.12266289776441977,0.014528487858066251
TCGA-FG-8185-01A,dwls,0.9144265589488225,0.011947410867727116,0.0,0.0,0.019763104061788432,0.02890721061910091,0.0012097875266952266,0.0237459279758657
TCGA-FG-8186-01A,dwls,0.8262391996847533,0.04071547578620495,0.02196717380841966,0.0,0.0,0.025011968830603852,0.05698266618473627,0.029083515705281938
TCGA-FG-8187-01A,dwls,0.565640306420626,0.021997005067399347,0.0007913799694941033,0.0,3.432887804966212e-05,0.02830824007781247,0.3435449572799129,0.03968378230670559
TCGA-FG-8188-01A,dwls,0.6956606778833128,0.03640118584227649,0.0,0.0,8.318731263986455e-06,0.05269889984495684,0.1830353479986403,0.03219556969954971
TCGA-FG-8191-01A,dwls,0.6681985414857065,0.06485625281402087,0.005983775905864874,0.0,0.0,0.020603671104941733,0.2040433839558153,0.03631437473365062
TCGA-FG-A4MT-01A,dwls,0.9228905323396424,0.02855457623967265,0.0,0.0,0.0,0.024466116724610982,0.011484990376637494,0.012603784319436439
TCGA-FG-A4MT-02A,dwls,0.8765674949929986,0.015849042669888968,0.0,0.0,0.0,0.02159425561520571,0.07118408868068649,0.014805118041220365
TCGA-FG-A4MW-01A,dwls,0.7534224970523397,0.015927533726770582,0.00875169989416726,0.0,0.0,0.055124475911255265,0.14991761835162604,0.016856175063841274
TCGA-FG-A4MX-01A,dwls,0.8933638864426445,0.020778771302485254,0.0,0.0,0.032029317084323605,0.03948098584159241,0.005098942138053502,0.009248097190900714
TCGA-FG-A4MY-01A,dwls,0.653072414012656,0.015221830207154402,0.028507353230706932,0.0,0.0,0.02003142583291031,0.26858211371463175,0.014584863001940654
TCGA-FG-A60J-01A,dwls,0.8164212032588594,0.028370843151318884,0.000115256848801501,0.0,0.02119077107710251,0.012351884638224918,0.08020016230882343,0.041349878716869376
TCGA-FG-A60K-01A,dwls,0.8875981461849716,0.017471939188520608,0.0,0.0,2.867661119448872e-06,0.019811578776206606,0.03752075301250638,0.03759471517667535
TCGA-FG-A60L-01A,dwls,0.6282600076745382,0.0667654192893501,0.001926039986930957,0.0,0.054553175741602185,0.042650810747419915,0.1811837822190254,0.024660764341133307
TCGA-FG-A6IZ-01A,dwls,0.9305506136377775,0.015402124516269754,0.0,2.915537087077445e-05,0.0,0.01715464234910304,0.024955277827258447,0.011908186298720608
TCGA-FG-A6J1-01A,dwls,0.8797945685303601,0.018121759867834986,0.020385597896366542,0.0,4.1384945893468026e-05,0.043404549917413805,0.01887574126305801,0.01937639757907318
TCGA-FG-A6J3-01A,dwls,0.6959949963549165,0.09283198333968187,0.007471365779441717,0.0,0.0,0.036702205232039986,0.15956285862049244,0.0074365906734274855
TCGA-FG-A70Y-01A,dwls,0.6129997958044022,0.06072326398833234,0.0,0.0,0.03330241795816613,0.048948725338748326,0.1969596500371188,0.047066146873232136
TCGA-FG-A70Z-01A,dwls,0.8256085731158663,0.0486781946104568,0.0005322493833375823,0.0,0.0005748116180215602,0.08149354052243489,0.022763152225240283,0.020349478524642403
TCGA-FG-A710-01A,dwls,0.8682962621213131,0.053308392845558064,0.0,0.0,0.0,0.03827750244124094,0.021960702446669565,0.01815714014521843
TCGA-FG-A711-01A,dwls,0.7794949031955737,0.023508052504536633,0.0,0.0,0.06130552205836061,0.027413414160636095,0.06500668773913477,0.04327142034175821
TCGA-FG-A713-01A,dwls,0.8543456840616748,0.002849358444866561,0.0,0.0,0.0,0.020804209587005285,0.11167577167802048,0.010324976228432994
TCGA-FG-A87N-01A,dwls,0.938489519068895,0.017777827255438323,0.0,0.0,0.0,0.02184787385103347,0.020244542743634894,0.0016402370809982603
TCGA-FG-A87Q-01A,dwls,0.4879200060134947,0.11420125105756171,0.013066869687699432,0.0,0.0,0.07339885219162481,0.26153701243765054,0.049876008611968795
TCGA-FN-7833-01A,dwls,0.6699061802722068,0.11311874711562385,0.014875427054404597,0.0,0.06173123839222857,0.0355019174265881,0.05573731709390673,0.04912917264504126
TCGA-HT-7467-01A,dwls,0.6109349993679819,0.007011719610479321,0.0,0.0,0.0,0.030551562894357225,0.3385698501467189,0.012931867980462504
TCGA-HT-7468-01A,dwls,0.9078709964926771,0.012011690408019861,0.0,0.0,0.0,0.0321536294237105,0.028097188141270133,0.019866495534322494
TCGA-HT-7469-01A,dwls,0.9590064521346436,0.013938044767438073,0.0,0.0,0.0,0.014523422497850469,0.0029165890019275417,0.009615491598140232
TCGA-HT-7470-01A,dwls,0.8198712677092825,0.012648671624672474,0.0,0.0,0.0,0.024589753361710796,0.1265586443977542,0.01633166290658005
TCGA-HT-7471-01A,dwls,0.8936615939582314,0.03552668947927569,0.0002113067440103028,0.0,0.0,0.03863904227729356,0.01960261021976636,0.012358757321422881
TCGA-HT-7472-01A,dwls,0.8195152068979445,0.05632479387021789,0.0007994271343594426,0.0,0.0,0.01675761011701656,0.07954877692004513,0.027054185060416583
TCGA-HT-7473-01A,dwls,0.6420444870493396,0.12037656757577105,0.03565349720549913,0.0,0.062046286027142725,0.027259956653533302,0.05365062438412158,0.058968581104592833
TCGA-HT-7474-01A,dwls,0.7811969307038342,0.00686740975664603,0.014970093885085939,0.0,0.0,0.021623461187297487,0.150985454689239,0.02435664977789729
TCGA-HT-7475-01A,dwls,0.8285611886370672,0.003204243902114548,0.002238020488073249,0.0,0.040104231088005766,0.029163169136610594,0.0800404855878548,0.01668866116027376
TCGA-HT-7476-01A,dwls,0.7729907876674434,0.015965902867491867,0.0,0.0,0.03955508866443032,0.0969067038899786,0.052093281725464825,0.022488235185190986
TCGA-HT-7477-01B,dwls,0.9112504350065956,0.013635748291495966,0.0,0.0,0.0,0.04803239608279079,0.023945164114470608,0.003136256504647095
TCGA-HT-7478-01A,dwls,0.7581546891029193,0.1204356200474238,0.02462377267568885,0.0,0.0005341091137014426,0.04587959325826883,0.02302416208854758,0.02734805371345022
TCGA-HT-7479-01A,dwls,0.507229148160123,0.07836952624829137,0.014407960283995488,0.0,0.00021183704237100705,0.05739846740080019,0.29351402141972693,0.048869039444691995
TCGA-HT-7480-01A,dwls,0.8922387539522993,0.00798152706333578,0.0,0.0,0.0,0.025706768242430834,0.056075124908415964,0.017997825833518017
TCGA-HT-7481-01A,dwls,0.6575958915068089,0.006933087247968511,0.012849337552724795,0.0,3.462648287713814e-05,0.03125996739154021,0.26892606034200855,0.022401029476071886
TCGA-HT-7482-01A,dwls,0.6280990961394163,0.0782480465437375,0.020836725899014908,0.0,0.0,0.022001839992945225,0.2066776942523505,0.0441365971725356
TCGA-HT-7483-01A,dwls,0.8685374469738976,0.01646705956103212,0.0,0.0,7.979577702741747e-05,0.06118362383042108,0.036528890694781956,0.01720318316283977
TCGA-HT-7485-01A,dwls,0.6618226110022852,0.033854280213070166,0.0,0.0,0.0,0.012657523492153239,0.21795993357286556,0.07370565171962584
TCGA-HT-7601-01A,dwls,0.6618593469527466,0.13204734740050023,0.014366569256062212,0.0,4.139523083387119e-06,0.026857747640267354,0.15099513882788146,0.013869710399458819
TCGA-HT-7602-01A,dwls,0.4302453279587216,0.04140245840742422,0.012240466718486871,0.0,0.0003519842648258877,0.04321079116065885,0.4017469645809476,0.07080200690893491
TCGA-HT-7603-01A,dwls,0.8498403411801755,0.0036416503075628335,0.01385558239859688,0.0,0.0,0.01743143868481586,0.09917234433861995,0.016058643090228957
TCGA-HT-7604-01A,dwls,0.9390679040742994,0.017016612463528473,0.0,0.0,0.0,0.013818395182043496,0.012787692299190107,0.01730939598093853
TCGA-HT-7605-01A,dwls,0.7508870063389215,0.009380361383279122,0.0200919111278348,0.0,0.0,0.025997682449480218,0.16824318663702179,0.025399852063462645
TCGA-HT-7606-01A,dwls,0.9166411486806653,0.017273769696672114,0.0,0.0,0.0,0.03480607850365439,0.026647639953844435,0.004631363165163744
TCGA-HT-7607-01A,dwls,0.828338829371411,0.007404839383724423,0.016609612043937804,0.0,0.0,0.026198039228904173,0.10426272117955952,0.017185958792463107
TCGA-HT-7609-01A,dwls,0.8878353635764871,0.04215888775372485,0.0,0.0,0.0009112368748116672,0.02117009654834254,0.02808150682922804,0.01984290841740583
TCGA-HT-7610-01A,dwls,0.8723618148982396,0.01013734967931043,0.0,0.0,0.010887728529998218,0.017408770087795157,0.07602987963290668,0.013174457171749903
TCGA-HT-7611-01A,dwls,0.8135763343289426,0.04960278129797401,0.011984374817812933,0.0,0.0,0.021422936454044004,0.06521253014259977,0.03820104295862677
TCGA-HT-7616-01A,dwls,0.7080002915817335,0.04142088572881062,0.020864477297658415,0.00010484932736193727,0.09844042987411855,0.09187407527684638,0.02393992005703481,0.015355070856435704
TCGA-HT-7620-01A,dwls,0.39716849329151893,0.022459277616044195,0.010150669199008087,0.0,0.0,0.02863832763228422,0.5182921746438653,0.023291057617279322
TCGA-HT-7676-01A,dwls,0.8111061965364109,0.08206900356697232,0.0,0.0,0.0,0.02406170048024487,0.05633150824834471,0.0264315911680271
TCGA-HT-7677-01A,dwls,0.8618167681616618,0.005933293094993585,0.0,0.0,1.6905984799818345e-05,0.030106631746165326,0.0847564998350246,0.017369901177354874
TCGA-HT-7680-01A,dwls,0.7883664744762621,0.0,0.0,0.0,0.1405959331146152,0.012513011758574505,5.475021303148705e-17,0.05852458065054808
TCGA-HT-7681-01A,dwls,0.8319802603115821,0.01286101839539512,0.014937645945523652,0.0,0.0,0.0312991246133248,0.08623805281374536,0.02268389792042898
TCGA-HT-7684-01A,dwls,0.8205537121527214,0.0,0.0,0.0,0.11438443740725167,0.035648170236758654,6.845059281404122e-17,0.029413680203268212
TCGA-HT-7686-01A,dwls,0.6725997169391613,0.11617153705161673,0.02233961976896464,0.0,0.05755063297476964,0.0357534436455978,0.062227268952796504,0.0333577806670933
TCGA-HT-7687-01A,dwls,0.8823959346222672,0.012268499417518381,0.0,0.0,0.0017364308327476846,0.03788675269088086,0.05593836601189243,0.00977401642469345
TCGA-HT-7688-01A,dwls,0.8585753246869203,0.004901039013165713,0.01632918663826914,0.0,0.0,0.019684482118425543,0.09012434522593049,0.010385622317288738
TCGA-HT-7689-01A,dwls,0.7511729706244159,0.03183087439746576,0.0,0.0,0.0,0.014137777878138334,0.1808278218131288,0.022030555286851185
TCGA-HT-7690-01A,dwls,0.8234750142422491,0.06295594601481436,0.00566163456408877,0.0,0.0,0.03751983473668824,0.055700599091192904,0.014686971350966768
TCGA-HT-7691-01A,dwls,0.8043719503280099,0.07392722114008142,0.0,0.0,0.00011028982881201911,0.06580866838742164,0.001311196911553887,0.05447067340412115
TCGA-HT-7692-01A,dwls,0.8156689247668284,0.015164311980523657,0.0,0.0,0.03981743740664533,0.027271480197621552,0.07647318753239893,0.0256046581159821
TCGA-HT-7693-01A,dwls,0.772657883169311,0.0590536204414296,0.016502792488648166,0.0,0.06487531095977866,0.05774925835874554,0.004317262232346148,0.024843872349740923
TCGA-HT-7694-01A,dwls,0.7999474883455172,0.0027971944235367853,0.0,0.0,0.0,0.018527173164582574,0.1660313986741407,0.012696745392222873
TCGA-HT-7695-01A,dwls,0.8507006419152455,0.005272879162932647,0.0,0.0,0.0,0.017086226219810288,0.11357233300906897,0.013367919692942537
TCGA-HT-7854-01A,dwls,0.7233407718745388,0.07183305531369681,0.0009523507477892859,5.297289462052302e-05,0.0,0.04097908108905587,0.08109934221635072,0.08174242586394798
TCGA-HT-7855-01A,dwls,0.8978524486737687,0.018809977080538477,0.022350998807520218,0.0,0.0,0.04391780363967128,0.0,0.017068771798501296
TCGA-HT-7856-01A,dwls,0.8196339798934493,0.0043197246672821085,2.588701696331854e-05,0.0,0.0,0.027118320227036783,0.13459186276028365,0.014310225434984737
TCGA-HT-7857-01A,dwls,0.5861512341035796,0.28028584337474327,0.007486006638266707,0.0,0.00024580188607189324,0.1073767786577535,0.012747342214016463,0.005706993125568477
TCGA-HT-7858-01A,dwls,0.6590278298188537,0.05543391727152979,0.0009535003968760816,0.00011628296246019997,0.04611359016786987,0.026463357735452008,0.18406371600303345,0.02782780564392506
TCGA-HT-7860-01A,dwls,0.7742237026163109,0.0687823920701431,0.001693522800592546,0.00011341992802762188,0.00012123160758520867,0.08629325087650813,0.0029472415487250153,0.06582523855210741
TCGA-HT-7873-01B,dwls,0.7484756528749439,0.03562160908339796,0.0,0.0,0.03575909246921189,0.027170527471156433,0.11150700044864563,0.04146611765264432
TCGA-HT-7874-01A,dwls,0.805861956112507,0.0041487003957260404,0.020014848312509822,0.0,0.0,0.026914391098887262,0.12454189870446108,0.018518205375908644
TCGA-HT-7875-01A,dwls,0.912596853714937,0.0022815302068826624,0.0,0.0,0.0,0.02378974584476285,0.03344828408728958,0.027883586146127928
TCGA-HT-7877-01A,dwls,0.833521256426267,0.005737979535165196,0.0,0.0,0.0,0.03575808566599257,0.10447748526218732,0.020505193110388092
TCGA-HT-7879-01A,dwls,0.8227583472481722,0.0347198451415557,0.0,0.0,0.0,0.0324658370424062,0.0836838255098823,0.02637214505798352
TCGA-HT-7880-01A,dwls,0.7605022685696005,0.010010979204577759,0.0,0.0,0.0,0.02383246638186101,0.18480159239057126,0.020852693453389602
TCGA-HT-7881-01A,dwls,0.7728480144173369,0.0010554494223402407,0.0,0.0,0.0,0.012985624634951303,0.19795660986938074,0.015154301655990677
TCGA-HT-7882-01A,dwls,0.38452084986149154,0.2257291195815994,0.027497731965581702,0.0001824779254128652,0.003379848225193135,0.33654223000682537,0.008151931808314425,0.01399581062558158
TCGA-HT-7884-01B,dwls,0.7580583817205391,0.010818487057600162,0.0,0.0,0.0,0.01871876361777264,0.18678053834940864,0.025623829254679386
TCGA-HT-7902-01A,dwls,0.36352766142236237,0.01295356743032305,0.0,0.0,0.0110480932579563,0.031056275974500044,0.557365924168933,0.02404847774592531
TCGA-HT-8010-01A,dwls,0.8953343037662851,0.0,0.0,0.0,0.04511732911953279,0.0296553146442545,5.76296986657296e-17,0.029893052469927545
TCGA-HT-8011-01A,dwls,0.9111221234354507,0.01884562043175358,0.0005834370677396478,0.0,0.00038154174647719234,0.05404029928054251,0.007886846374689296,0.007140131663347063
TCGA-HT-8012-01A,dwls,0.910551293828106,0.007950659953609471,0.0,0.0,0.0,0.04081664710708794,0.028753871350763634,0.011927527760432991
TCGA-HT-8013-01A,dwls,0.7730721439792984,0.13443072900806366,0.0,6.427215586277699e-05,0.0,0.027525706428243417,0.0514448612247419,0.013462287203789834
TCGA-HT-8015-01B,dwls,0.8587847040114513,0.01568005786987465,0.0,6.115277076167703e-06,0.0,0.022278707164112264,0.08828674694792729,0.014963668729558337
TCGA-HT-8018-01A,dwls,0.749937553328629,0.02817100580458645,0.007523436212315181,0.0,0.06612104852289072,0.06427048554418793,0.0651865582907225,0.01878991229666827
TCGA-HT-8104-01A,dwls,0.7969055469932353,0.024109395294389917,0.0011976006723594876,0.0,1.1397411800365088e-05,0.08034171047026432,0.07185685599109236,0.025577493166858256
TCGA-HT-8105-01A,dwls,0.9052417456430977,0.0055675890066683945,0.0,5.2638668301380523e-05,0.0,0.048761388737832354,0.03261022885941354,0.007766409084686548
TCGA-HT-8106-01A,dwls,0.333345328028868,0.2363723861336066,0.07217585444287923,0.0,0.1580447571229962,0.06695513897124225,0.12112659720407629,0.011979938096331378
TCGA-HT-8107-01A,dwls,0.7167263125673449,0.0008999939252762303,0.026423573036965083,0.0,0.048369620662353105,0.026202021101562254,0.16470806137296484,0.016670417333533603
TCGA-HT-8108-01A,dwls,0.8597254854927554,0.06095919360494686,0.0,0.0,5.527107517314156e-05,0.03594339655997214,0.020671498022495148,0.02264515524465725
TCGA-HT-8109-01A,dwls,0.8086915440553569,0.014254803513300626,0.0,0.0,0.0,0.025299658489167494,0.13393933198105565,0.017814661961119322
TCGA-HT-8110-01A,dwls,0.6707064566398855,0.14866862613021595,0.031005435642630697,0.0,0.042789729934545224,0.032259258086167565,0.03037975797619867,0.04419073559035654
TCGA-HT-8111-01A,dwls,0.6165202713604744,0.05279937981870094,0.002180683113442106,0.0,0.0366410252231449,0.024261869577761618,0.22350526023996176,0.04409151066651424
TCGA-HT-8113-01A,dwls,0.8238864938959841,0.0014758458289230866,0.029449724071255217,0.0,0.0,0.020910082460114086,0.11177425961670033,0.012503594127023163
TCGA-HT-8114-01A,dwls,0.7953994940437398,0.06380048487280139,0.01943053706871757,0.0,0.032614743615662675,0.039847612290471644,0.009277936063885158,0.03962919204472205
TCGA-HT-8563-01A,dwls,0.5564692997311702,0.3224601638769477,0.023211447632176845,0.0,0.008633073567812996,0.08237205859341426,0.001351802798310344,0.005502153800167589
TCGA-HT-8564-01A,dwls,0.8911850611812298,0.018270185357595944,0.0,0.0002992948885820864,0.0002309007613933147,0.024708497574404787,0.05283678504373284,0.012469275193061374
TCGA-HT-A4DS-01A,dwls,0.835031352277441,0.0994068915048395,0.0015497628353604044,0.00022312646611154417,0.0,0.02406375609015232,0.021820031523784388,0.017905079302311062
TCGA-HT-A5R5-01A,dwls,0.725197800421291,0.05899183849686085,0.02348962943767258,0.0,0.06150334990931999,0.033382982263130065,0.03761174411621906,0.05982265535550644
TCGA-HT-A5R7-01A,dwls,0.8240139963297716,0.00994598216649648,0.019251766394092384,1.5536914901567092e-05,0.0,0.02305456819088309,0.1066556057422935,0.017062544261561473
TCGA-HT-A5R9-01A,dwls,0.9231602347794005,0.0008290650282021332,0.0014882928129105405,0.0,0.0007848291501264293,0.04995815071977181,0.01796646089109918,0.00581296661848952
TCGA-HT-A5RA-01A,dwls,0.7556768733835254,2.2003557711770305e-23,0.0005393515623203358,0.00012223321853429737,0.11174187118768875,0.10780399471455163,0.0,0.024115675933379575
TCGA-HT-A5RB-01A,dwls,0.8908436583040665,0.007994146876713164,0.0,0.0,0.0,0.029074534999293758,0.05516633476995933,0.016921325049967184
TCGA-HT-A5RC-01A,dwls,0.978477343602018,0.0,0.0,0.0,0.0,0.017123524165368775,1.2719487319232295e-18,0.004399132232613229
TCGA-HT-A614-01A,dwls,0.7286821200544344,0.023656644490114433,0.001195115856102784,0.0,0.012800308934665995,0.020701347005495998,0.18268390218616115,0.030280561473025068
TCGA-HT-A615-01A,dwls,0.7899125984801297,0.059302208698089484,0.015418925282621702,0.0,0.0,0.022942273575400463,0.08898725436443142,0.023436739599327266
TCGA-HT-A616-01A,dwls,0.9149562226779708,0.008874180983371702,0.0,0.0,0.0,0.020565487558170233,0.03931734731298529,0.016286761467501878
TCGA-HT-A617-01A,dwls,0.674063163310702,0.07337253655392244,0.001542046845643867,0.0033729173947966962,0.06866391764245719,0.03970570507633551,0.07696351666465252,0.062316196511489785
TCGA-HT-A618-01A,dwls,0.7015721191079287,0.11138573046055647,0.0,0.0,0.058391368121440544,0.043856991532660906,0.05224556823704993,0.03254822254036323
TCGA-HT-A61C-01A,dwls,0.8659952376670699,0.03836791900959903,0.007849375141495588,0.0,0.0,0.036291602663933525,0.04582298844852971,0.00567287706937226
TCGA-HT-A74H-01A,dwls,0.6202460326464133,0.04789023601207058,0.0003210971762320516,0.0,0.04075291787170075,0.04441621374162454,0.18682912620599057,0.05954437634596814
TCGA-HT-A74J-01A,dwls,0.9131655507994376,0.0,0.0,0.0,0.05246045178295759,0.023131232117745322,1.2882242104838737e-18,0.011242765299859526
TCGA-HT-A74K-01A,dwls,0.7250228227506126,0.021029423992547053,0.011265700751938858,0.0,0.00024343060883599683,0.0757814680280387,0.15624459431382526,0.01041255955420155
TCGA-HT-A74L-01A,dwls,0.8686858503072942,0.032571070824670124,0.0240453528494924,0.0,0.0,0.018140254759224605,0.03814882735695436,0.018408643902364474
TCGA-HT-A74O-01A,dwls,0.7776141944406947,0.10603460296584395,0.009022910023133652,0.0,0.0004344273746410513,0.0294250828523986,0.06818928687340635,0.009279495469881697
TCGA-HW-7486-01A,dwls,0.48153319599234073,0.020993811452796628,0.023769267983142776,0.0,0.0,0.026733990911926294,0.42996141548933764,0.017008318170455904
TCGA-HW-7487-01A,dwls,0.8646945505097697,0.007035145020951306,0.0,0.0,0.0,0.021552396965536673,0.09460768277179835,0.012110224731943885
TCGA-HW-7489-01A,dwls,0.850493610369225,0.010147929584019534,0.02463193914076952,0.0,0.0,0.01951180471317636,0.07572311403851092,0.01949160215429863
TCGA-HW-7490-01A,dwls,0.7754553289862696,0.026353146916385628,0.03390498550396555,0.0,0.0011279689231519239,0.10912462208755071,0.020576665667835312,0.033457281914841375
TCGA-HW-7491-01A,dwls,0.925043809112893,0.0030627100713452727,0.0,0.0,0.00012584693725039198,0.03299088088858188,0.02742675951760668,0.011349993472322819
TCGA-HW-7493-01A,dwls,0.8158462664526049,0.035397926374627034,0.016708878324562953,0.0,0.0,0.03157280994719329,0.05770196758709373,0.04277215131391813
TCGA-HW-7495-01A,dwls,0.7470280051371138,0.004800789717401948,0.0,0.0,0.0,0.019846195899867528,0.2100399788913687,0.018285030354248034
TCGA-HW-8319-01A,dwls,0.9069237584702454,0.017449575954755804,0.0,0.0,0.0,0.019826219071125733,0.03829983937816065,0.01750060712571242
TCGA-HW-8320-01A,dwls,0.9206890060015919,0.0377336628053725,0.0,0.0,0.0,0.01989458516235121,0.0011809614161048105,0.020501784614579587
TCGA-HW-8321-01A,dwls,0.8312643781383395,0.024603870146759476,0.013378773547172531,0.0,0.00026782547468262986,0.047812429457836494,0.07022874328527151,0.01244397994993781
TCGA-HW-8322-01A,dwls,0.9185003654752115,0.010057214537617657,0.0,0.0,0.0006584279865370443,0.017490677184759402,0.045513365130502664,0.007779949685371788
TCGA-HW-A5KJ-01A,dwls,0.8838769668030868,0.0002730456257009168,0.0038530826477321104,0.0,0.00012652102349781154,0.08668811495173998,0.01832156482445262,0.006860704123789706
TCGA-HW-A5KK-01A,dwls,0.5589689070201425,0.11135155080156454,0.005665849307383953,0.005238235144429065,0.0,0.019571382043237433,0.2695205204675118,0.02968355521573084
TCGA-HW-A5KL-01A,dwls,0.8471845620291439,0.03499648067806069,0.0,0.0,0.0,0.034627991342764126,0.05832498039950986,0.024865985550521462
TCGA-HW-A5KM-01A,dwls,0.6889711997116873,0.2579258726972802,0.01546680175232791,0.0004480371741240805,0.0,0.02076151803452844,0.0006202345944990875,0.015806336035552936
TCGA-IK-7675-01A,dwls,0.9101955554359484,0.007627832536017897,0.0,0.0,0.0,0.03348320277820918,0.03651581772264151,0.012177591527182919
TCGA-IK-8125-01A,dwls,0.8917223909258101,0.009853982602397516,0.0,0.0,0.007856114359592272,0.03687535642237939,0.02960932880542983,0.024082826884390913
TCGA-KT-A74X-01A,dwls,0.8911960896814121,0.008129864913954005,6.712505716223979e-05,5.0146805945972446e-05,3.413950263145331e-05,0.038722702883931294,0.049717755520968514,0.012082175633994543
TCGA-KT-A7W1-01A,dwls,0.9190078723808076,0.012592668852174785,0.001806677632375212,1.0183360889234853e-05,9.094902401269892e-05,0.059513579188743226,0.00011433211626742286,0.0068637374447298415
TCGA-P5-A5ET-01A,dwls,0.8229278058415208,0.006072730454211091,0.0,0.0,0.0,0.021808848077517057,0.12880939411440429,0.020381221512346708
TCGA-P5-A5EU-01A,dwls,0.889638295044153,0.06547154088109654,0.00015113172032790893,0.00011412398341614088,0.00012649890242388189,0.0381664548132538,0.006331954655328767,0.0
TCGA-P5-A5EV-01A,dwls,0.7759060357002139,0.025661621510264018,0.0,0.0,0.04402042827676568,0.0700686842605161,0.04648138351663041,0.037861846735610036
TCGA-P5-A5EW-01A,dwls,0.7796077516072836,0.03984716232993884,0.0,0.0,0.03874506676824913,0.02731849939435053,0.051805375335552906,0.06267614456462493
TCGA-P5-A5EX-01A,dwls,0.6087680802824531,0.09033824822407589,0.009544067009106897,7.241518777213325e-05,0.10674435417393492,0.1069759383158538,0.0057783533735690906,0.07177854343323407
TCGA-P5-A5EY-01A,dwls,0.9313431512789203,0.0,5.6871666019937434e-05,6.644235979662684e-05,0.0,0.032423119254353636,5.061028898788764e-17,0.0361104154409095
TCGA-P5-A5EZ-01A,dwls,0.6153656929662951,0.032963094383505795,0.002878376000086191,0.00012830536902598436,0.047094027822834145,0.058341176024421834,0.22988776067979533,0.013341566754035592
TCGA-P5-A5F0-01A,dwls,0.9268912665944871,0.0010660686489690021,0.0,0.00022449143697550792,0.0,0.023893214907209415,0.035635864667801644,0.012289093744557231
TCGA-P5-A5F1-01A,dwls,0.7554984918528332,0.0,0.02759566186279169,0.00013424691563756956,0.13832275293135088,0.03566353561457623,7.757586556389504e-17,0.04278531082281035
TCGA-P5-A5F2-01A,dwls,0.7076790614291241,0.008708609559449236,0.008583770287073975,0.0,0.08284574229162732,0.0345364129791476,0.10950410271641789,0.048142300737159915
TCGA-P5-A5F4-01A,dwls,0.8372462845326192,0.005538658593929729,0.0,0.0,0.0206308134926168,0.03798862573944219,0.07651621346143647,0.022079404179955686
TCGA-P5-A5F6-01A,dwls,0.8209511065902132,0.0037766526672800543,0.010658184470011477,0.005838469323537506,0.0,0.14208733910785923,0.0002556277764921649,0.016432620064606218
TCGA-P5-A72U-01A,dwls,0.5660426396354591,0.062050508939970495,0.00413224502041089,0.00016321677570521481,0.0836715233546968,0.18896549164366416,0.013302469919509702,0.0816719047105837
TCGA-P5-A72W-01A,dwls,0.9081402729661258,0.018909155567520094,0.0,0.0,0.0,0.016315289435488482,0.04029919401303519,0.01633608801783054
TCGA-P5-A72X-01A,dwls,0.6623897759432741,0.0,0.028317290490139306,0.0,0.13586850354630486,0.13710976812705872,7.472444877769392e-18,0.03631466189322301
TCGA-P5-A72Z-01A,dwls,0.9657645287156488,0.0,0.0,0.0,0.0,0.026295158130550268,0.006464857382059132,0.0014754557717417884
TCGA-P5-A730-01A,dwls,0.7246407952694884,0.002810713026700659,0.008816107737204398,0.0,0.0002112224330441025,0.08477035515569116,0.16810528767838034,0.010645518699490751
TCGA-P5-A731-01A,dwls,0.8368048075754512,0.018730323628760464,0.0,0.0,0.024805755992563783,0.05151701425135163,0.03949959786731885,0.028642500684554068
TCGA-P5-A733-01A,dwls,0.8213176477772074,0.013107153825181064,0.025824519151160637,0.0,0.00047636724550469866,0.06578604967833039,0.011282084494224458,0.06220617782839128
TCGA-P5-A735-01A,dwls,0.8608329367073276,0.027554170158180537,0.0,0.0,0.0,0.009446752044389344,0.07970567027151103,0.022460470818591465
TCGA-P5-A736-01A,dwls,0.6439770231894516,0.09202301432055818,0.0,0.000330545400680122,0.06589317880291325,0.06121439849093942,0.056178807993732614,0.08038303180172483
TCGA-P5-A737-01A,dwls,0.8914059463953193,0.010459273496302294,0.0,0.0,0.020941743017840818,0.02415357938397397,0.03527450179829717,0.0177649559082665
TCGA-P5-A77W-01A,dwls,0.8988402328427907,0.0001362256932358391,0.0,0.0,0.0,0.05399629739323657,0.03728219005149439,0.009745054019242425
TCGA-P5-A77X-01A,dwls,0.8734715924603121,0.003267847341722425,0.0,0.0,0.0,0.0241848527672946,0.07688990980334606,0.02218579762732482
TCGA-P5-A780-01A,dwls,0.7349029164357412,0.033504688544467226,0.008520745290466685,0.0,0.0,0.05475951873397716,0.15738565017998693,0.010926480815360674
TCGA-P5-A781-01A,dwls,0.6979857595961719,0.013666942993900222,0.04659998462759047,0.0,0.0,0.03748213437249866,0.1706185712475878,0.03364660716225098
TCGA-QH-A65R-01A,dwls,0.9284545625866574,0.003413653101671691,0.0,0.0,0.00037934553011824434,0.04926124663705474,0.012114629277240375,0.006376562867257657
TCGA-QH-A65S-01A,dwls,0.6984517307480972,0.04201203474459344,2.1034159691083913e-05,0.0,0.009596789844643646,0.02700094011745241,0.18940906137941357,0.033508409006108755
TCGA-QH-A65V-01A,dwls,0.6590435056316714,0.020271212613464235,0.0,0.0,0.0,0.020721646436337164,0.2665382257799602,0.03342540953856701
TCGA-QH-A65X-01A,dwls,0.7801701088326451,0.007041802617563873,0.0,0.0,0.05681424516143549,0.12231331897509377,0.023560986859769848,0.01009953755349191
TCGA-QH-A65Z-01A,dwls,0.8461678037859713,0.0069844451887179654,0.0,0.0,0.0,0.022390755042064964,0.09995455763427305,0.02450243834897262
TCGA-QH-A6CS-01A,dwls,0.4618548742307856,0.05429517810920398,0.0,0.0,0.01644172412568813,0.02637565681953836,0.361633989819562,0.07939857689522187
TCGA-QH-A6CU-01A,dwls,0.44717961065386164,0.045728296690644536,0.01864159146689082,0.0,0.0003666225387144608,0.028776892895259885,0.3752245845815424,0.08408240117308623
TCGA-QH-A6CV-01A,dwls,0.819654100065754,0.0705627777175235,0.0,0.0,0.0,0.046332814309900966,0.057031417742583725,0.006418890164237763
TCGA-QH-A6CW-01A,dwls,0.7048060141210837,0.0,0.008832163608763538,0.0,0.25659347645145947,0.015963544555420248,2.2945816360848545e-19,0.013804801263273185
TCGA-QH-A6CX-01A,dwls,0.6354504815791692,0.056014601467773005,0.0,0.0,0.0,0.03199332058160704,0.2399900511251098,0.036551545246341036
TCGA-QH-A6CY-01A,dwls,0.8096866751959386,0.006859054128247568,0.0,0.0,0.0,0.014417389088788249,0.15360841312659324,0.01542846846043238
TCGA-QH-A6CZ-01A,dwls,0.9022876681584872,0.006760922366083698,0.0,0.0,0.0,0.018713169208181574,0.06110296164960791,0.011135278617639636
TCGA-QH-A6X3-01A,dwls,0.7893063437735909,0.026064043768714434,0.0,0.0,0.04718418891719239,0.036621530194232914,0.06630924498767944,0.03451464835858996
TCGA-QH-A6X4-01A,dwls,0.8394871551915807,0.010003911355138622,0.008183648042737142,0.0,0.0,0.014771205182378766,0.1210762457188968,0.006477834509267982
TCGA-QH-A6X5-01A,dwls,0.6236741236173666,0.01200016642622218,0.0,0.0,0.0,0.031956140903313106,0.29426962681813773,0.038099942234960375
TCGA-QH-A6X8-01A,dwls,0.828986932107053,0.01692293835397142,0.0,0.0,0.0,0.02544145738327675,0.11828263510548497,0.01036603705021399
TCGA-QH-A6X9-01A,dwls,0.9309695900140171,0.014242712656677113,0.0,0.0,0.0,0.01664460461954316,0.02436195279965913,0.013781139910103464
TCGA-QH-A6XA-01A,dwls,0.8141351015405642,0.03764273466368397,0.0,0.0,0.0,0.019345319290570685,0.10005818196926265,0.028818662535918492
TCGA-QH-A6XC-01A,dwls,0.8523006562696485,0.023680938657645104,5.044601347985306e-05,0.0,0.0,0.025286461379175087,0.08800046005191688,0.010681037628134599
TCGA-QH-A86X-01A,dwls,0.9174086270698623,0.008643489877149984,0.011635320141142602,0.0,0.0,0.022297025625278407,0.019480792961498402,0.0205347443250685
TCGA-QH-A870-01A,dwls,0.7234073919232079,0.016725763687117683,0.0,0.0,0.08894802314131281,0.0326887981360215,0.05504342266497866,0.0831866004473613
TCGA-R8-A6MK-01A,dwls,0.802496502964725,0.01802031708702984,0.0,0.0,0.0,0.021120110407478646,0.09902223081564845,0.05934083872511821
TCGA-R8-A6ML-01A,dwls,0.8719702031843255,0.0010253961022970162,0.0,0.0,0.015658661189989286,0.026224103778641886,0.06315197639595332,0.021969659348793157
TCGA-R8-A6MO-01A,dwls,0.7643360166188549,0.01657507172127627,0.0,0.0,0.0,0.03288220471972617,0.17945830089311413,0.006748406047028558
TCGA-R8-A6YH-01A,dwls,0.9600144908952009,0.020074093988960748,0.0,0.0,0.0,0.011295231942762949,0.0001293525497460254,0.008486830623329477
TCGA-RY-A83X-01A,dwls,0.8006129916627159,0.007256457014427734,0.0,0.0,0.0,0.026491899490029242,0.1438533172790983,0.021785334553728643
TCGA-RY-A83Y-01A,dwls,0.8452636761797718,0.028876826309446265,0.03544247685222277,0.0,0.00014334020142149696,0.0388820060542208,0.038272170337303,0.013119504065614018
TCGA-RY-A83Z-01A,dwls,0.8426254496400432,0.030580153615358024,0.0,0.0,0.0706229697236597,0.023386718709507148,0.02171073921599627,0.011073969095435647
TCGA-RY-A840-01A,dwls,0.841017721827611,0.005074337592331176,0.0,0.0,0.0,0.01723148936422279,0.11505888185997644,0.021617569355858547
TCGA-RY-A843-01A,dwls,0.8509735594265568,0.019990234848465557,0.0180367484257147,0.0,0.0,0.035074414737251716,0.046198618975522986,0.029726423586488263
TCGA-RY-A845-01A,dwls,0.9065146701341894,0.019841990867547135,0.0,0.0,0.0,0.016302957291656553,0.03457922050026112,0.022761161206345783
TCGA-RY-A847-01A,dwls,0.8205960734957121,0.03422162937729422,0.014247202138359654,0.0,0.0,0.0397219352637964,0.06806735957144709,0.023145800153390406
TCGA-S9-A6TS-01A,dwls,0.8646924343505149,0.03867437336679544,0.0,0.0,0.0,0.046897280760418755,0.029956197501360526,0.019779714020910447
TCGA-S9-A6TU-01A,dwls,0.6466474731140618,0.05625737889547036,0.0007951633378636058,0.0,0.0772485565428078,0.05535197073453628,0.14756297678270344,0.016136480592556672
TCGA-S9-A6TV-01A,dwls,0.7578930917471892,0.09301554134733928,0.03523585814657541,0.0,0.05766300592300536,0.04471796777543999,0.0,0.011474535060450762
TCGA-S9-A6TW-01A,dwls,0.7937910756214563,0.007525615681619416,0.0,0.0,0.003433202535736668,0.15545990827190403,0.02630603148270074,0.013484166406582803
TCGA-S9-A6TX-01A,dwls,0.759744030033952,0.019080697335285318,0.01536409659313069,0.0,0.0,0.04762446208087087,0.14496082083279768,0.01322589312396347
TCGA-S9-A6TY-01A,dwls,0.8972603756860411,0.0007637868044751919,0.0,0.0,0.0,0.018036633881082818,0.07384399883634077,0.010095204792059952
TCGA-S9-A6TZ-01A,dwls,0.8142663547848802,0.031094987079962794,0.0,0.0,0.03903684034907399,0.040386831941644906,0.02968596675673189,0.04552901908770622
TCGA-S9-A6U0-01A,dwls,0.49730162265011013,0.07973864374156008,0.01670603620859407,0.002693709885466652,0.0,0.3693816333958608,0.0164080161196879,0.017770337998720482
TCGA-S9-A6U1-01A,dwls,0.7971889615327562,0.03742953264190478,0.0,0.0,0.0,0.02998084830774795,0.11769363016664569,0.017707027350945308
TCGA-S9-A6U2-01A,dwls,0.8452804691332617,0.019651839087377727,0.0,0.0,0.027535131565191242,0.03947115764325259,0.012961664827196769,0.055099737743719915
TCGA-S9-A6U5-01A,dwls,0.815754595121935,0.021057183315368037,0.022910750415794073,0.013603134706362837,0.02613607089834819,0.029568265459891337,0.023383281150562343,0.047586718931738124
TCGA-S9-A6U6-01A,dwls,0.8632879579206514,0.024261012725709102,0.0,0.0,0.0,0.02057566374842702,0.07161953648527437,0.020255829119938184
TCGA-S9-A6U8-01A,dwls,0.7134799520539062,0.06518246343587863,0.0,0.0,0.0,0.025638317433865337,0.16878854765913115,0.02691071941721867
TCGA-S9-A6U9-01A,dwls,0.5381805278934931,0.12300071458718717,0.011567894884796658,0.0,0.0,0.10301100615570782,0.1705100007437318,0.05372985573508343
TCGA-S9-A6UA-01A,dwls,0.8279798352532698,0.10229988954237354,0.005135147626857541,0.0,0.01890867825478983,0.030992273893695306,0.011161307129389163,0.003522868299624912
TCGA-S9-A6UB-01A,dwls,0.8807860605284596,0.002235903057685345,0.0,0.0,0.0,0.015614682950491279,0.0919247669545342,0.00943858650882962
TCGA-S9-A6WD-01A,dwls,0.8110204984903302,0.008224322410257159,0.0,0.0,0.0,0.020353501107754555,0.14008292550359203,0.020318752488065934
TCGA-S9-A6WE-01A,dwls,0.9021359708303729,0.009386764644294143,0.006968389660939807,0.0,0.0,0.02980225040774159,0.03515352636425636,0.01655309809239523
TCGA-S9-A6WG-01A,dwls,0.5426680317517201,0.050735214740914615,0.012351697039674831,0.009958735646384935,0.0744102734686062,0.2402519940757141,0.03755036340317526,0.032073689873809985
TCGA-S9-A6WH-01A,dwls,0.9550215472520209,0.005722258374340621,0.0,0.0,0.0,0.02179038923949972,0.010145727484205919,0.007320077649932933
TCGA-S9-A6WI-01A,dwls,0.7450370617403484,0.0038665364079559345,0.03206222097489935,0.0,0.032027649959429604,0.026081434892243106,0.14703254197578097,0.013892554049342604
TCGA-S9-A6WL-01A,dwls,0.8834236667937487,0.004784650359428487,0.0,0.0,0.0,0.05848403239754101,0.04001313610051976,0.013294514348762207
TCGA-S9-A6WM-01A,dwls,0.8696709358603275,0.019773808376885596,0.00013883808663095264,8.023388053137614e-05,0.0003435355930675679,0.08466112406905528,0.00045925059234014636,0.02487227354116173
TCGA-S9-A6WN-01A,dwls,0.9058658598859475,0.0,0.000714934052892166,0.0001871026777602684,0.04828719028120281,0.037294119059432564,7.500028635367695e-20,0.007650794042764621
TCGA-S9-A6WO-01A,dwls,0.8739841795502512,0.06054705959768781,0.0,0.0,0.0,0.01781860542141079,0.02257016370472713,0.0250799917259231
TCGA-S9-A6WP-01A,dwls,0.8332808646901131,0.025805736243284423,0.00011638958275174783,0.0,0.0,0.04021457972356257,0.09110326096888648,0.009479168791401774
TCGA-S9-A6WQ-01A,dwls,0.6673581766557292,0.055444088968243065,0.0,0.0,0.0,0.02212367515345226,0.2365634330897763,0.018510626132799222
TCGA-S9-A7IQ-01A,dwls,0.8559058894187327,0.0027505417505259175,0.023416174833974065,0.0,0.0,0.01737419019219101,0.08765962314463273,0.012893580659943584
TCGA-S9-A7IS-01A,dwls,0.8898013873947095,0.01062707411251902,0.0,0.0,0.0,0.028725853317719673,0.07084568517505177,0.0
TCGA-S9-A7IX-01A,dwls,0.8462585725575458,0.04966316706232675,7.227560335351158e-05,0.0,0.0,0.048572247132422586,0.042201153240331045,0.013232584404020293
TCGA-S9-A7IY-01A,dwls,0.8231526812874784,0.0,0.0,0.0,0.12899462429377412,0.02182725545068264,1.4505678550822475e-17,0.02602543896806471
TCGA-S9-A7IZ-01A,dwls,0.8617540372175112,0.034343267897443214,0.018416860346640886,0.0,0.0,0.029579210524120002,0.03152071698540574,0.02438590702887895
TCGA-S9-A7J0-01A,dwls,0.9449693259469052,0.012407452449391995,0.0,0.0,0.0,0.012555528594692758,0.029742318606453495,0.00032537440255653153
TCGA-S9-A7J1-01A,dwls,0.74937846005355,0.01478989004773435,0.0,0.0,0.0,0.021085231369063196,0.1818897125344077,0.032856705995244824
TCGA-S9-A7J2-01A,dwls,0.935947995208958,0.010172923641550802,0.0,0.0,0.0,0.02691148259143912,0.009403199387721514,0.01756439917033043
TCGA-S9-A7J3-01A,dwls,0.822965499095801,0.01562200098670984,0.0,0.0,0.0,0.033580793059584176,0.10683468948107695,0.02099701737682802
TCGA-S9-A7QW-01A,dwls,0.9164127722102445,0.006513248709575043,0.0,0.0,0.007594076866095378,0.010589149379995803,0.04306944817391764,0.015821304660171648
TCGA-S9-A7QX-01A,dwls,0.8704668478489946,0.05095785859453269,0.0,0.0,0.0,0.031287365890948673,0.03447045323053113,0.012817474434992936
TCGA-S9-A7QY-01A,dwls,0.7653768005524314,0.006605414082534767,0.0,0.0,0.0,0.02411057560441731,0.1897076318850514,0.0141995778755652
TCGA-S9-A7QZ-01A,dwls,0.9002805865919605,0.004220005668187897,0.0,0.0,0.0,0.03862473461359301,0.04419234862163073,0.0126823245046279
TCGA-S9-A7R1-01A,dwls,0.9284616980449668,0.005268901650152896,0.0,0.0,0.0,0.029347375491084123,0.01986918015667615,0.017052844657120102
TCGA-S9-A7R2-01A,dwls,0.5967710841437918,0.07067114719484596,0.003273632845356546,0.0,0.058100399455315505,0.023614403778921718,0.21859512690687302,0.028974205674895434
TCGA-S9-A7R3-01A,dwls,0.6327616859566871,0.05106440384822344,0.0048407641713109845,0.0,0.07128599598594984,0.06048564356612949,0.11324227887285304,0.06631922759884601
TCGA-S9-A7R4-01A,dwls,0.8072448682179845,0.045410766881570544,0.0,0.0,0.0,0.1183308956382461,0.017017601805883117,0.011995867456315815
TCGA-S9-A7R7-01A,dwls,0.7146707044733327,0.14771145674541247,0.03396606198653299,0.0,0.0,0.05147141533225416,0.03570877072877742,0.016471590733690217
TCGA-S9-A7R8-01A,dwls,0.8639962538743686,0.03617289973352859,0.0,0.0,0.0,0.016345237540285107,0.08229423687249425,0.001191371979323445
TCGA-S9-A89V-01A,dwls,0.9264520866188388,0.02355492701849992,0.0,0.0,0.0,0.018729150532615015,0.022861874804287922,0.008401961025758374
TCGA-S9-A89Z-01A,dwls,0.7913971213782187,0.08648095416368623,0.00019231178286890216,2.4192988650438173e-05,6.274259845127882e-05,0.06384310558014536,0.053129696860640674,0.004869874647338345
TCGA-TM-A7C3-01A,dwls,0.8767242992547157,0.0,0.0001643447182203872,3.616186550692956e-05,0.00022588340220627435,0.10763930951210672,5.083041471016179e-18,0.015210001247243954
TCGA-TM-A7C4-01A,dwls,0.9696450558973938,0.0,0.0,0.00012341068215931405,0.0,0.018683244036946243,8.188583516277212e-18,0.011548289383500587
TCGA-TM-A7C5-01A,dwls,0.9389724639281549,0.003847751239383982,0.0,1.392833068991706e-06,0.0,0.03729161246598345,0.01378805291474931,0.006098726618659441
TCGA-TM-A7CA-01A,dwls,0.9091896934759008,0.01392757344829508,0.0,0.0,0.0,0.012609968017073602,0.051580528005284974,0.012692237053445495
TCGA-TM-A7CF-01A,dwls,0.9126359031392604,0.007884093138326415,0.0,0.0,0.00028894119636065297,0.015730095474248484,0.04633926277706368,0.0171217042747405
TCGA-TM-A7CF-02A,dwls,0.3922994444237622,0.00888732157289198,0.0,0.0,0.044139298455491215,0.012268796784087224,0.523892114624252,0.018513024139515364
TCGA-TM-A84B-01A,dwls,0.9136149647434281,3.313581702426055e-24,0.0008740641325952963,1.04415437595955e-06,0.003866371035725957,0.042739886207691195,0.0,0.03890366972618353
TCGA-TM-A84C-01A,dwls,0.9805398564466633,6.815478465704611e-21,0.0,2.30511065213502e-05,0.0,0.016385384280018307,0.0,0.003051708166797083
TCGA-TM-A84F-01A,dwls,0.5831549715887755,0.09897477447115283,0.03683766188591258,0.0,0.08481437851624579,0.05123984303075745,0.08238324851079659,0.06259512199635922
TCGA-TM-A84G-01A,dwls,0.9426608171172575,0.0,0.0,0.0,0.0,0.03369140729884892,0.008853715530721456,0.014794060053172176
TCGA-TM-A84H-01A,dwls,0.9394273760706404,0.016517578021874126,0.0,0.0,0.0,0.010196445686553285,0.01052362867434345,0.023334971546588614
TCGA-TM-A84I-01A,dwls,0.9518397599916186,0.024340041502008806,0.0,0.0007720905459835201,0.0017033957444033748,0.01784876501135846,0.0002541658617071263,0.003241781342920026
TCGA-TM-A84J-01A,dwls,0.9530516003689574,0.004127797358848768,0.0,0.0,0.004774292969551207,0.03621687537077776,0.0018294339318647302,0.0
TCGA-TM-A84L-01A,dwls,0.7405905410782734,0.06662227288111554,0.0,0.0,0.0,0.03807463128189129,0.1252927191457099,0.02941983561300989
TCGA-TM-A84M-01A,dwls,0.9649129809530839,0.0010052822948485815,0.0,0.0,0.0,0.015372514477735992,0.006088129881170471,0.012621092393161065
TCGA-TM-A84O-01A,dwls,0.8307268219540507,0.014130175397342348,0.0003011705173881649,0.0,8.285404684272583e-05,0.04945695384680169,0.07875315964599296,0.02654886459158142
TCGA-TM-A84Q-01A,dwls,0.8925080172809498,0.04955372777284986,0.0,0.0,0.0,0.014360269884677548,0.03934869181388156,0.0042292932476412515
TCGA-TM-A84R-01A,dwls,0.7952554846389523,0.000620469507804235,0.026723012340569105,0.0,0.023697362049192566,0.02611473933513212,0.11250882671520802,0.015080105413141505
TCGA-TM-A84S-01A,dwls,0.8041575476391023,0.0221049207527874,0.0,0.0,0.02755029458247873,0.02471093864386415,0.06822123688146958,0.053255061500297685
TCGA-TM-A84T-01A,dwls,0.8836361765435047,0.030752520008714274,0.0,0.0,0.0,0.025872048529229693,0.0467521062522537,0.012987148666297656
TCGA-TQ-A7RF-01A,dwls,0.7864402714913508,0.02539056909053214,0.0,0.0,0.0810828579188928,0.05487348040953148,0.0024293348908321147,0.049783486198860825
TCGA-TQ-A7RG-01A,dwls,0.8531343156331567,0.019285049929213018,0.018816495576170288,0.0,0.0,0.023543839975297097,0.0590491916953263,0.02617110719083657
TCGA-TQ-A7RH-01A,dwls,0.8580816354893476,0.050485412350002076,0.0,0.0,0.0,0.03557181657500944,0.04250846354188586,0.013352672043755016
TCGA-TQ-A7RI-01A,dwls,0.8315169029448009,0.01507861629862467,0.022213130650247694,0.0,0.0,0.014310051109814611,0.09538447485120587,0.02149682414530635
TCGA-TQ-A7RJ-01A,dwls,0.7269385677519691,0.048693672778425005,0.0,0.0,0.09706909246120052,0.03852964412666676,0.030026761910376596,0.05874226097136197
TCGA-TQ-A7RK-01A,dwls,0.9148938455777267,0.014952544149407995,0.0,0.0,0.0,0.013563552315211157,0.04233967057279121,0.014250387384862992
TCGA-TQ-A7RM-01A,dwls,0.9601877424455252,0.001277375669564052,0.0,0.0,0.0,0.02644508482324282,0.007222290630509098,0.004867506431158772
TCGA-TQ-A7RN-01A,dwls,0.8533963357255007,0.010131828187739871,0.024807569200169233,0.0,0.0,0.033552996822486636,0.051671246160068254,0.026440023904035378
TCGA-TQ-A7RO-01A,dwls,0.9254884195387377,0.009592623754260106,0.0,0.0,0.0,0.031543613865255525,0.010352952132360135,0.02302239070938662
TCGA-TQ-A7RP-01A,dwls,0.500682566409209,0.04071577241315596,0.02452752684878878,0.0,0.0,0.07400540023520899,0.2523802503312124,0.10768848376242482
TCGA-TQ-A7RQ-01A,dwls,0.9551428460978292,0.0023960781019059427,0.0,0.0,0.0,0.020703628663900166,0.013261300959207748,0.008496146177156855
TCGA-TQ-A7RR-01A,dwls,0.7175865095268189,0.03565329057716218,0.0,0.0,0.0,0.017123699224996576,0.2104901208084808,0.019146379862541488
TCGA-TQ-A7RS-01A,dwls,0.8444815112778246,0.007133094726090625,0.0,0.0,0.0,0.03264244162699924,0.09693157812455858,0.018811374244527
TCGA-TQ-A7RU-01A,dwls,0.9100812748300072,0.0007621244048436219,0.0,0.0,0.006520616027226792,0.03681867380346045,0.02706693171339906,0.018750379221062916
TCGA-TQ-A7RV-01A,dwls,0.8285031428567651,0.017152980446076327,0.011316835990507078,0.0,0.0,0.031268117640691685,0.09274963092953786,0.019009292136421926
TCGA-TQ-A7RV-02A,dwls,0.7811723182311228,0.03568151675831523,0.0222718629346002,0.0,0.00021865779318750461,0.023529931157525844,0.09381637253353946,0.04330934059170902
TCGA-TQ-A7RW-01A,dwls,0.7513281550172488,0.07845616848938208,0.014313994712218725,0.0,0.04364189696688746,0.033063884762807076,0.057504555377586294,0.021691344673869583
TCGA-TQ-A8XE-01A,dwls,0.9002051404820315,0.023469597479002048,0.0,0.0,0.0,0.020374614425808804,0.040931190998924706,0.015019456614232988
TCGA-TQ-A8XE-02A,dwls,0.7879442369357575,0.042308697062119684,0.0,0.0,0.0,0.038696004368417,0.12127303256183249,0.009778029071873237
TCGA-VM-A8C8-01A,dwls,0.9757346582315216,0.0,0.0,0.0,0.0,0.009081787309141678,9.714817030518708e-18,0.015183554459336777
TCGA-VM-A8C9-01A,dwls,0.6583174124466216,0.10696475923609154,0.00026375511197261847,0.00027125122370198475,0.07992758852397057,0.034584871380958684,0.09089459389693949,0.02877576817974352
TCGA-VM-A8CA-01A,dwls,0.6960244633644016,0.022217615872307434,0.008900342151364912,0.0,0.07029172938480696,0.08991318613130582,0.05844657664087029,0.05420608645494308
TCGA-VM-A8CB-01A,dwls,0.956689386686794,0.012926571532442747,0.0,0.0,0.0,0.019050959349674417,0.0065928360290372886,0.004740246402051565
TCGA-VM-A8CD-01A,dwls,0.9508831993335883,0.0,0.0,4.796014327327645e-05,7.399932643494141e-05,0.03034162782975359,8.195217153203964e-19,0.018653213366949837
TCGA-VM-A8CE-01A,dwls,0.7389139436630007,0.01502380262303863,0.0,0.0,0.0,0.04150112558100228,0.17707935094979288,0.027481777183165523
TCGA-VM-A8CF-01A,dwls,0.5314282528834036,0.11190013405499871,0.024137705201779044,0.0019440729842346923,0.0999400855321378,0.04107381027372695,0.11587088118640784,0.07370505788331135
TCGA-VM-A8CH-01A,dwls,0.7937156078510587,0.05002301423450312,0.016923681485082925,0.0,0.0,0.04555653375951148,0.06939061617030148,0.024390546499542472
TCGA-VV-A829-01A,dwls,0.9338168997408673,0.02652424671398766,0.0,0.0,0.0,0.022835259167450384,0.010895113690390073,0.005928480687304526
TCGA-VV-A86M-01A,dwls,0.9232791196454349,0.048780417239532574,0.0,0.0,0.0,0.02604042295078074,0.0,0.0019000401642517565
TCGA-VW-A7QS-01A,dwls,0.96766728570544,0.007026540913648215,0.0,0.0,0.0,0.018931573108369425,0.0,0.0063746002725423925
TCGA-VW-A8FI-01A,dwls,0.8775621536367378,0.03477824092681026,0.0012495061231214137,0.0,0.0,0.023779344324218618,0.05235650509775489,0.01027424989135696
TCGA-W9-A837-01A,dwls,0.9146944948318714,0.004814590476930823,0.0,0.0,0.0,0.01589663368737345,0.046011010856072135,0.01858327014775228
TCGA-WH-A86K-01A,dwls,0.7285711196799256,0.026898839197506717,0.020223232508189217,0.0,0.0529538747016176,0.07656189154923872,0.04637162089600611,0.0484194214675159
TCGA-WY-A858-01A,dwls,0.5776491261907898,0.12221006204168929,0.0,0.0,0.0,0.14545044284715503,0.13447125303948848,0.020219115880877457
TCGA-WY-A859-01A,dwls,0.9011629327443147,0.00476050125746838,0.0,0.0,0.0,0.013585257393204311,0.07035427795872397,0.01013703064628863
TCGA-WY-A85A-01A,dwls,0.9014303516853788,0.0214016195396198,0.0,0.0,0.0,0.024350689204588067,0.02521204365031504,0.0276052959200983
TCGA-WY-A85B-01A,dwls,0.89211026020241,0.057941404576781,0.0,0.0,0.0,0.01709774661647638,0.028245450688018765,0.004605137916313791
TCGA-WY-A85C-01A,dwls,0.9287724449053032,0.016722512197731364,0.0,0.0,4.113172022178671e-06,0.037267623337356524,0.008412846888277049,0.008820459499309697
TCGA-WY-A85D-01A,dwls,0.8215855816019455,0.0,0.0,0.0,0.1485887032195925,0.008752712009036538,1.5445131355017883e-16,0.02107300316942537
TCGA-WY-A85E-01A,dwls,0.9787242474411907,0.0,0.0,0.0,0.0,0.014950365177514049,1.0104497900468156e-18,0.006325387381295243
TCGA-CS-4938-01B,bisque,0.0,0.30460343463952494,0.0,0.2756667228209764,0.0,0.0,0.0,0.4197298425394987
TCGA-CS-4941-01A,bisque,0.560022806807719,0.1974008587665852,0.0,0.11314163975354079,0.0,0.11561475784655977,0.0,0.013819936825595286
TCGA-CS-4942-01A,bisque,0.0,0.5266870584948922,0.08343857953825558,0.1800286094818064,0.058517176047959585,0.023433267915674412,0.11595087901829058,0.011944429503121183
TCGA-CS-4943-01A,bisque,0.02221751373806358,0.11501274074183049,0.2933758237757257,0.10687452230798306,0.3361770147917267,0.07354294956382684,0.05279943508084366,0.0
TCGA-CS-4944-01A,bisque,0.9565656828420983,0.0,0.0,0.0,0.0,0.0,0.0,0.043434317157901636
TCGA-CS-5390-01A,bisque,0.0,0.0,0.0,0.11048379153434776,0.41446031136225553,0.14800464100804583,0.3237574179237808,0.003293838171570066
TCGA-CS-5393-01A,bisque,0.0,0.14161821104397676,9.51232079807719e-05,0.087554048455715,0.3324392630850026,0.11650342560904281,0.2926304050182293,0.029159523580052776
TCGA-CS-5394-01A,bisque,0.0,0.0,0.0,0.26837823865074906,0.23338273043574637,0.4309418134098582,0.0,0.06729721750364624
TCGA-CS-5395-01A,bisque,0.0,0.026489594691360696,0.0,0.21039399246630192,0.0,0.2514543784909364,0.2603146686277944,0.25134736572360644
TCGA-CS-5396-01A,bisque,0.0,0.0,0.0,0.0446591239053496,0.0,0.10177349117465397,0.8535673849199964,0.0
TCGA-CS-5397-01A,bisque,0.5565150839395407,0.14158807250035574,0.0,0.024050274240681676,0.0,0.10678483692606472,0.11454220326547103,0.05651952912788609
TCGA-CS-6186-01A,bisque,0.0,0.11430910217783516,0.0,0.2302269617117307,0.0,0.24625747618243024,0.0,0.4092064599280039
TCGA-CS-6188-01A,bisque,0.7520026119728377,0.0599615962662845,0.0,0.0,0.0,0.15135687755363908,0.0,0.036678914207238685
TCGA-CS-6290-01A,bisque,0.07900764601696386,0.44960603491757284,0.06455951853487941,0.21695114848364075,0.0008128974888761273,0.0022084480555909424,0.15203472345719157,0.03481958304528454
TCGA-CS-6665-01A,bisque,0.0,0.2996706735929415,0.009190580998718315,0.15970018658084342,0.005896725703901035,0.08385588027691417,0.4416859528466815,0.0
TCGA-CS-6666-01A,bisque,0.37990663993505824,0.013796948754031849,0.0,0.0565800379359041,0.16815641767765238,0.3725633233284878,0.0,0.008996632368865567
TCGA-CS-6667-01A,bisque,0.0,0.03934191168643643,0.21044338677667682,0.05390281052628394,0.18995792600499134,0.4875383628468254,0.007246993355061841,0.011568608803724222
TCGA-CS-6668-01A,bisque,0.25011174082689674,0.0,0.0,0.19526735745988308,0.3062757857831121,0.11664744629288287,0.1296973944520636,0.0020002751851616236
TCGA-CS-6669-01A,bisque,0.0,0.0,0.0,0.27426529420100326,0.0,0.1678311056419434,0.38121342881725184,0.17669017133980153
TCGA-CS-6670-01A,bisque,0.0,0.01443679586346176,0.0,0.1422423349615018,0.46216382083795365,0.26190627035320585,0.0,0.11925077798387693
TCGA-DB-5270-01A,bisque,0.0,0.19008843715371931,0.0,0.3327408022337781,0.0,0.030045313755749082,0.35901926170583487,0.08810618515091855
TCGA-DB-5273-01A,bisque,0.705659377935919,0.13320944437912352,0.0,0.0782291370429002,0.0,0.062371205287328584,0.0,0.020530835354728674
TCGA-DB-5274-01A,bisque,0.0,0.01025694781611088,0.14538112862509647,0.031160200631169206,0.552099851978306,0.22962124964672448,0.03148062130259301,0.0
TCGA-DB-5275-01A,bisque,0.440032644343889,0.08016985675421963,0.19941066352749567,0.07134649795266669,0.13295591694704964,0.046385998187232984,0.0,0.029698422287446333
TCGA-DB-5276-01A,bisque,0.0,0.12642319802130728,0.0,0.07825377963216924,0.0,0.007255186706300983,0.7849205206637936,0.0031473149764288744
TCGA-DB-5277-01A,bisque,0.0,0.015492840389526974,0.3103516421552158,0.09934322964651343,0.29886443566813387,0.0796987200812262,0.19419121640412673,0.0020579156552569117
TCGA-DB-5278-01A,bisque,0.39982510918538183,0.0030981662848715277,0.00330361865570368,0.11629454090673395,0.03519936200802522,0.06264196242935427,0.3221134996296097,0.057523740900319836
TCGA-DB-5280-01A,bisque,0.0,0.05872042171168854,0.20100521145114703,0.2178536399758699,0.27999481283493793,0.1375434989755892,0.023060689391457292,0.08182172565931017
TCGA-DB-5281-01A,bisque,0.0,0.06856209656214479,0.211277623041878,0.14425782877204338,0.09448368619437092,0.4564002258122299,0.0,0.02501853961733304
TCGA-DB-A4X9-01A,bisque,0.0,0.27035432680329285,0.0,0.4398480956210213,0.0,0.021501191725916097,0.0,0.2682963858497696
TCGA-DB-A4XA-01A,bisque,0.41852346240822313,0.030707003963848158,0.0,0.10095562744883764,0.07172336385810199,0.19910033998544516,0.14642509689941646,0.03256510543612744
TCGA-DB-A4XB-01A,bisque,0.10056869266316384,0.1070324837551959,0.10306262022254098,0.3090190990997527,0.15287457963647672,0.011562506506452689,0.183961832094865,0.03191818602155222
TCGA-DB-A4XC-01A,bisque,0.0,0.2789429390338536,0.2605724467047953,0.29223170314537344,0.019953631776823837,0.07518483982479204,0.0,0.07311443951436179
TCGA-DB-A4XD-01A,bisque,0.0,0.04455880508532595,0.0,0.0824971239936355,0.2238815652190449,0.12735113396806536,0.5003839387354284,0.021327432998499905
TCGA-DB-A4XE-01A,bisque,0.1908797200731299,0.06561001265907879,0.08045859668117304,0.17261856695059863,0.09772288401203658,0.015485023921068337,0.36039219599455485,0.01683299970835984
TCGA-DB-A4XF-01A,bisque,0.556698825730897,0.02371339347690366,0.0,0.09535820061520577,0.0,0.2968697595612,0.0,0.027359820615793642
TCGA-DB-A4XG-01A,bisque,0.0,0.0,0.0,0.18320357599757484,0.5492467696064361,0.21303514184885758,0.0,0.054514512547131584
TCGA-DB-A4XH-01A,bisque,0.0,0.0,0.0,0.05688111073768779,0.2315105578108108,0.29049252410910775,0.3739225944135207,0.047193212928872914
TCGA-DB-A64L-01A,bisque,0.0,0.035142739125199905,0.26097175824196384,0.2699583388797322,0.13859794885085838,0.22728744625093336,0.0,0.06804176865131221
TCGA-DB-A64O-01A,bisque,0.9416723074167114,0.0,0.0,0.0,0.0,0.0,0.00858913312545222,0.04973855945783634
TCGA-DB-A64P-01A,bisque,0.16953439001957138,0.0215121634074553,0.08632114178708053,0.09126848142447411,0.0460673941786758,0.4212500677636571,0.14735820971761165,0.01668815170147422
TCGA-DB-A64Q-01A,bisque,0.0,0.0,0.0,0.27018803137996583,0.013198279014603945,0.1921407770604864,0.3742071392527268,0.1502657732922169
TCGA-DB-A64R-01A,bisque,0.0,0.004423878032636221,0.0,0.3336928402394552,0.36698676092624716,0.24098250221332648,0.011764397593097595,0.04214962099523739
TCGA-DB-A64S-01A,bisque,0.0,0.40215383182482123,0.0,0.12659535528651825,0.12132572743376902,0.14165389181426458,0.2050571227300856,0.003214070910541351
TCGA-DB-A64U-01A,bisque,0.0,0.0,0.0,0.03536046092822514,0.06819924314599092,0.02106705997877565,0.8753732359470082,0.0
TCGA-DB-A64V-01A,bisque,0.445584561693389,0.0639598020966199,0.0,0.06932041610815448,0.0,0.012880171973813371,0.395456999674469,0.012798048453554315
TCGA-DB-A64W-01A,bisque,0.09642218564766254,0.0,0.17760777690852855,0.14707995540219101,0.2569441939481969,0.21142880700200753,0.10995720345812957,0.0005598776332838044
TCGA-DB-A64X-01A,bisque,0.003490569697951598,0.0071054190379022915,0.10088323635413253,0.06971682204602056,0.4967975796187135,0.2702205269667663,0.0,0.05178584627851316
TCGA-DB-A75K-01A,bisque,0.19226072624397755,0.23125886321166295,0.0,0.08208540595325117,0.0,0.4427175276971444,0.02617768363616017,0.025499793257803795
TCGA-DB-A75L-01A,bisque,0.0,0.10190925468563598,0.17111629029592443,0.12472737517161228,0.18061115462487223,0.30083287549768717,0.1028930264875904,0.017910023236677453
TCGA-DB-A75M-01A,bisque,0.8822223566677319,0.01228740682996405,0.0,0.0,0.0,0.0,0.031884418896780294,0.07360581760552373
TCGA-DB-A75O-01A,bisque,0.871549269614488,0.09268520831440127,0.0,0.0,0.0,0.0,0.0,0.03576552207111083
TCGA-DB-A75P-01A,bisque,0.8977088325274054,0.0,0.0,0.021018596361469296,0.0,0.003238499549786167,0.0,0.078034071561339
TCGA-DH-5140-01A,bisque,0.3208434326846534,0.04056067327538178,0.09524372535029464,0.28173985079767,0.1236160325846762,0.12975428410974388,0.008242001197580092,0.0
TCGA-DH-5142-01A,bisque,0.0,0.2942419936591323,0.2770687282627098,0.3286026895149675,0.0645429094134058,0.03554367914978472,0.0,0.0
TCGA-DH-5143-01A,bisque,0.15247180076574057,0.1950484254326084,0.2276684685987054,0.07260670403859669,0.2454372354352745,0.0,0.0,0.10676736572907451
TCGA-DH-5144-01A,bisque,0.13003958992108278,0.0,0.19597638959698965,0.13583903206866918,0.41108761409406264,0.10279322362708278,0.0023572965841339296,0.021906854107979008
TCGA-DH-A669-01A,bisque,0.7195398035550151,0.0372332581038599,0.0,0.058835706169633156,0.00858553823625673,0.15381114631758627,0.008144129267965304,0.013850418349683518
TCGA-DH-A669-02A,bisque,0.1992929294611607,0.046176203470793424,0.0,0.09253650811428132,0.3151588491565601,0.3467505143085432,0.0,8.499548866121415e-05
TCGA-DH-A66B-01A,bisque,0.1776183667032364,0.3759130755079209,0.07266430706928133,0.18725766717076492,0.16788560636215752,0.016947091277797824,0.0,0.0017138859088411305
TCGA-DH-A66D-01A,bisque,0.5536574827084298,0.1809718372329459,0.0,0.1182233158382356,0.06334191117650352,0.06533213577029243,0.0,0.01847331727359285
TCGA-DH-A66F-01A,bisque,0.9217278928893156,0.0,0.0,0.0,0.0,0.0,0.0,0.07827210711068446
TCGA-DH-A66G-01A,bisque,0.5521638307998644,0.23158701377294602,0.0,0.10265758332030431,0.0,0.057620995229884446,0.0,0.055970576877000994
TCGA-DH-A7UR-01A,bisque,0.0,0.0,0.13091876795564403,0.09061712194532272,0.2648937016320467,0.5026426254515128,0.0032660958953375733,0.0076616871201362026
TCGA-DH-A7US-01A,bisque,0.0,0.0,0.1765183775414309,0.046344183453383696,0.1629859884216643,0.011652309483028263,0.5754579545408132,0.0270411865596795
TCGA-DH-A7UT-01A,bisque,0.0,0.04812088308217022,0.1870742243936169,0.0,0.2076732248722445,0.04740292127949941,0.48878517442781455,0.020943571944654456
TCGA-DH-A7UU-01A,bisque,0.0,0.07012438652401376,0.24225411174088704,0.10769648909952349,0.14674426017637937,0.2923034429791023,0.1377616165198368,0.0031156929602572567
TCGA-DH-A7UV-01A,bisque,0.0,0.1879834121056241,0.19223243540506843,0.09659126256254909,0.25497544532338173,0.09077382674872744,0.1606630105735761,0.016780607281073036
TCGA-DU-5847-01A,bisque,0.34987041683641745,0.22577208207489882,0.0,0.3099302616227526,0.0,0.05465465244520924,0.0,0.05977258702072195
TCGA-DU-5849-01A,bisque,0.0,0.0,0.06914426876978293,0.14235021460162237,0.24395891063019118,0.07343692324406362,0.43720585551557506,0.033903827238764804
TCGA-DU-5851-01A,bisque,0.0,0.01615445242349333,0.0,0.09621448286145708,0.03921439029819996,0.007816856557970965,0.7797523184333239,0.06084749942555465
TCGA-DU-5852-01A,bisque,0.44815045406882503,0.12354103411961709,0.0,0.16464048953285215,0.02378146342019714,0.21811459564193322,0.0,0.02177196321657546
TCGA-DU-5853-01A,bisque,0.0,0.1864016933825326,0.27590493420037215,0.20943745002032954,0.1287676809873293,0.02661443422761794,0.1375442080639221,0.035329599117896404
TCGA-DU-5854-01A,bisque,0.0,0.06320244313879476,0.0,0.049419938213047444,0.0,0.16489152309510408,0.6982721263229762,0.024213969230077573
TCGA-DU-5855-01A,bisque,0.5340935165647155,0.16833159199739542,0.0,0.05385002887019778,0.08740093492506491,0.13657529984847946,0.0,0.01974862779414698
TCGA-DU-5870-02A,bisque,0.3228909092006368,0.00830835706822553,0.0,0.16058222994604376,0.1842632176879432,0.28742458114099667,0.029314665411010396,0.007216039545143734
TCGA-DU-5871-01A,bisque,0.6152844934489483,0.09859131152288099,0.0,0.022746770304681214,0.16894766626726213,0.053325676886395675,0.0,0.041104081569831724
TCGA-DU-5872-01A,bisque,0.0784543157528288,0.09463596669025295,0.14939174608829656,0.12941812469361996,0.1655805654548196,0.36928630500992426,0.007652966035034409,0.005580010275223379
TCGA-DU-5872-02A,bisque,0.0,0.18001423894288138,0.09378403619942838,0.3756185370985405,0.0,0.05008331887283678,0.28504935935080256,0.015450509535510462
TCGA-DU-6392-01A,bisque,0.035905866114441735,0.20733959243374353,0.1298571538942082,0.16099391759877787,0.09029184096627542,0.2930856613067113,0.08231030711180329,0.00021566057403862304
TCGA-DU-6393-01A,bisque,0.0,0.0,0.0,0.1775030388624358,0.5258290590033992,0.27481965710946515,0.0010804371045809071,0.020767807920118935
TCGA-DU-6394-01A,bisque,0.6384440629277033,0.0,0.02241991347278539,0.12313006645931975,0.0413840404178181,0.16188277456993205,0.0,0.012739142152441351
TCGA-DU-6395-01A,bisque,0.19446699979044305,0.1916052129503277,0.024020458240218538,0.0597689354321373,0.3081262075265722,0.00815723431560732,0.17372746807082107,0.0401274836738729
TCGA-DU-6396-01A,bisque,0.0,0.48388219055104026,0.14660372876488836,0.23465988599780926,0.0261488948500459,0.05328517782643086,0.05542012200978516,0.0
TCGA-DU-6397-01A,bisque,0.4257309906255748,0.035629141294643674,0.0,0.06886741296375008,0.0,0.36277211742577226,0.06421698228273595,0.0427833554075233
TCGA-DU-6397-02A,bisque,0.0,0.0,0.075598934445898,0.1363496000778236,0.22078886573284529,0.5000316644527955,0.06723093529063767,0.0
TCGA-DU-6399-01A,bisque,0.07838756506374203,0.21701357105623992,0.110144977469681,0.14867779196139186,0.23800138901654694,0.12892085898917127,0.053788452871581384,0.02506539357164553
TCGA-DU-6400-01A,bisque,0.0,0.0,0.0,0.2241919573492285,0.5128610768978752,0.25017411587811594,0.0011377045969535634,0.011635145277826676
TCGA-DU-6401-01A,bisque,0.0,0.03304470458042872,0.13162645290511435,0.07518655758602762,0.22049202607470017,0.5327264765576264,0.0,0.006923782296102799
TCGA-DU-6402-01A,bisque,0.5353927615197221,0.12239724814956121,0.0,0.09341234914706315,0.0,0.21823051479515337,0.0,0.030567126388500086
TCGA-DU-6403-01A,bisque,0.0,0.1995466052215128,0.0,0.1014825066428248,0.0,0.04098590855309371,0.6579849795825687,0.0
TCGA-DU-6404-01A,bisque,0.2389389843618705,0.011795597342270791,0.19390865837730414,0.09247947557602762,0.08915881383635678,0.36231050836939965,0.0,0.01140796213677052
TCGA-DU-6405-01A,bisque,0.9249083985899718,0.03525440856249659,0.0,0.0,0.0,0.0,0.0,0.03983719284753182
TCGA-DU-6406-01A,bisque,0.2040394613471859,0.09622713870332984,0.01872161192046641,0.2043326257970548,0.0,0.4704203469356719,0.0,0.006258815296291019
TCGA-DU-6407-01A,bisque,0.6708552734704762,0.043108593549024354,0.0,0.0034645320865188457,0.16318405488948007,0.03414790440666137,0.060728518472497425,0.024511123125341584
TCGA-DU-6408-01A,bisque,0.1683653922137931,0.15443196648224777,0.13213249617459583,0.19798270670905324,0.30284348670373246,0.003980947795713457,0.0,0.040263003920864196
TCGA-DU-6410-01A,bisque,0.1274801817703997,0.0,0.0,0.1325959462134991,0.6149005198235118,0.10234785311332519,0.022675499079264323,0.0
TCGA-DU-6542-01A,bisque,0.2609162576692469,0.17376120161815173,0.0,0.09789298871072345,0.09884769440226263,0.0753578629345045,0.28685700947153214,0.006366985193578644
TCGA-DU-7006-01A,bisque,0.641952598020671,0.1606475642902476,0.0,0.06686746852469444,0.0,0.10809222978809574,0.0,0.022440139376291288
TCGA-DU-7007-01A,bisque,0.6015220112538493,0.07599614315348775,0.21473333531227934,0.0670790157699903,0.0,0.025775304265379485,0.0,0.014894190245013761
TCGA-DU-7008-01A,bisque,0.0,0.02013516302469094,0.10302823942462998,0.1766910831495792,0.6362641848736813,0.03661299655207357,0.0,0.02726833297534508
TCGA-DU-7009-01A,bisque,0.0,0.0,0.0,0.08283521009176796,0.24471578732074153,0.04458553500590552,0.6087711080094447,0.019092359572140415
TCGA-DU-7010-01A,bisque,0.121567650138013,0.012845506442304745,0.07572346377526945,0.13824214546483996,0.05379168684031097,0.05730998721427432,0.5405195601249876,0.0
TCGA-DU-7011-01A,bisque,0.0,0.25159010714309754,0.14154226904395883,0.12633370176629066,0.14166089578194474,0.28017412491069094,0.042280792804651864,0.01641810854936538
TCGA-DU-7012-01A,bisque,0.6245087137742033,0.17155528261813816,0.0,0.16374726408164486,0.0,0.0,0.0,0.04018873952601397
TCGA-DU-7013-01A,bisque,0.8181386140526982,0.04177644105841101,0.0,0.028053433277818344,0.0,0.10134613309318427,0.0,0.010685378517888207
TCGA-DU-7014-01A,bisque,0.09394017543436467,0.027839573920960533,0.13808762201746042,0.05604509878942788,0.35713868415913397,0.3269488456786525,0.0,0.0
TCGA-DU-7015-01A,bisque,0.18170417874129233,0.278839504993406,0.20285479512815366,0.10637108092392562,0.20749223554817717,0.0,0.0,0.02273820466504531
TCGA-DU-7018-01A,bisque,0.03565259434900864,0.0,0.052530411245662385,0.12355596572568055,0.5022245290433955,0.285119479678814,0.0,0.0009170199574387474
TCGA-DU-7019-01A,bisque,0.0,0.09595317921388209,0.2633549775282928,0.11033708909274947,0.14105669634679457,0.3119124172054416,0.0,0.07738564061283941
TCGA-DU-7292-01A,bisque,0.7957411283920653,0.0,0.0,0.04439599358081409,0.0,0.06847992390024599,0.0,0.09138295412687457
TCGA-DU-7294-01A,bisque,0.013771738520513294,0.0,0.1471848904547424,0.05613600567130315,0.43120791257510477,0.04706229541554771,0.30211933197509816,0.002517825387690576
TCGA-DU-7298-01A,bisque,0.0,0.08127825135851866,0.045321310748391096,0.1033143095428109,0.20788603366141736,0.03774306912699175,0.5225763220142581,0.001880703547612259
TCGA-DU-7299-01A,bisque,0.0,0.11134654043714262,0.13396071192442147,0.10606694862222094,0.12889598009004194,0.05023593230139975,0.4550013134533573,0.01449257317141606
TCGA-DU-7300-01A,bisque,0.042833799519645006,0.012830858462099342,0.19786500114856262,0.17051469419987653,0.18539054882208822,0.11376156959830859,0.2294086901465919,0.047394838102827894
TCGA-DU-7301-01A,bisque,0.0,0.16810229520048664,0.0,0.10471128411242846,0.29126050394460246,0.07637170001353513,0.3595542167289472,0.0
TCGA-DU-7302-01A,bisque,0.06123192289263596,0.005903731758721614,0.021890808718327402,0.4156546890003538,0.16824210165268147,0.19025128210039524,0.0,0.13682546387688452
TCGA-DU-7304-01A,bisque,0.0,0.2046398203584123,0.0,0.20161144312822332,0.0,0.4500246559786538,0.05074983853281606,0.09297424200189452
TCGA-DU-7304-02A,bisque,0.034814200480479396,0.0,0.11133814792433004,0.11875464513139686,0.6982390553709289,0.03685395109286482,0.0,0.0
TCGA-DU-7306-01A,bisque,0.0,0.1130559746279436,0.21985762480588406,0.14490820188861028,0.18440095355601682,0.30005257810181435,0.004437325948148953,0.03328734107158192
TCGA-DU-7309-01A,bisque,0.0,0.05737596001364158,0.05014105844839755,0.2004700524115038,0.26097275698083067,0.3490167150415425,0.0,0.08202345710408396
TCGA-DU-8158-01A,bisque,0.838665306555405,0.02861134095538362,0.0,0.0,0.0,0.0,0.10373589861883988,0.02898745387037141
TCGA-DU-8161-01A,bisque,0.7933313672849249,0.1321684485807242,0.0,0.0,0.0,0.0,0.0,0.07450018413435099
TCGA-DU-8162-01A,bisque,0.0,0.010519653570349133,0.0,0.04542300062242632,0.0,0.03263738582178816,0.8920457057335608,0.019374254251875653
TCGA-DU-8163-01A,bisque,0.0,0.18226276450634332,0.02285906916752569,0.1668741830045374,0.013989298201285544,0.02923668361530118,0.5847780015050069,0.0
TCGA-DU-8164-01A,bisque,0.0,0.0,0.0,0.4104152785550089,0.3658659570491508,0.143886548982907,0.0,0.07983221541293327
TCGA-DU-8165-01A,bisque,0.2772044420743564,0.24137140154763734,0.0,0.39327484423327996,0.0,0.06832987896464347,0.0,0.019819433180082894
TCGA-DU-8166-01A,bisque,0.0,0.26969680786148775,0.10968474126808386,0.19596308782828947,0.28523619195634836,0.08664538431399219,0.0,0.052773786771798406
TCGA-DU-8167-01A,bisque,0.0,0.22121732820204984,0.0,0.06984979333597323,0.20585769713422702,0.07881957246982095,0.4238816729106015,0.0003739359473273562
TCGA-DU-8168-01A,bisque,0.0,0.0071354184983506205,0.24561782271860566,0.41971429115004555,0.16154808976325388,0.14466376383912094,0.0,0.02132061403062333
TCGA-DU-A5TP-01A,bisque,0.0,0.38889291635736867,0.22145924160173344,0.16650810965084856,0.0936006983631862,0.12267505227131276,0.006863981755550439,0.0
TCGA-DU-A5TR-01A,bisque,0.15344537755318036,0.32975210899152324,0.08224724462573699,0.3399905313218669,0.0,0.0620780403254875,0.01580320478947854,0.01668349239272652
TCGA-DU-A5TS-01A,bisque,0.0,0.039191425299718086,0.033131589166218764,0.08876046959117947,0.2956811142249856,0.18343055158500107,0.35489211039337115,0.0049127397395257386
TCGA-DU-A5TT-01A,bisque,0.5386384490809347,0.02685041367646087,0.0,0.018989726805779095,0.0,0.32034084552929365,0.06615100580007618,0.029029559107455437
TCGA-DU-A5TU-01A,bisque,0.4559302210425838,0.2398324331852425,0.012964597745372635,0.07246857615428813,0.13509966005595334,0.07421295871701251,0.0,0.009491553099546947
TCGA-DU-A5TW-01A,bisque,0.04025900906828754,0.09721340555074996,0.13523490078924602,0.12026507059330921,0.4002422103184809,0.16108118808734437,0.042246276517904365,0.0034579390746777143
TCGA-DU-A5TY-01A,bisque,0.5509714746040011,0.25811600993937,0.0,0.07764612853449396,0.0,0.0701829550969895,0.02114151981998022,0.021941912005165324
TCGA-DU-A6S2-01A,bisque,0.0,0.031141654462326102,0.0,0.09764811339233664,0.0,0.20339336803391475,0.6160388645617825,0.05177799954964005
TCGA-DU-A6S3-01A,bisque,0.0,0.0,0.0,0.1199023384658788,0.4992433365545763,0.19736266668107635,0.1586061086285651,0.024885549669903466
TCGA-DU-A6S6-01A,bisque,0.0,0.0,0.0,0.39762570516406587,0.2713972267328974,0.13220912324992973,0.03125372874452842,0.16751421610857858
TCGA-DU-A6S7-01A,bisque,0.0,0.2782022886927629,0.0,0.1679766602505164,0.06584676265141229,0.10898678401871512,0.368803303167879,0.010184201218714242
TCGA-DU-A6S8-01A,bisque,0.0,0.0,0.17230867875476347,0.19172113564141738,0.28335832652728665,0.0839041261268558,0.26870773294967665,0.0
TCGA-DU-A76K-01A,bisque,0.3911713814042289,0.004993376800876473,0.009647883055997173,0.1518918664414559,0.0,0.32046928527261803,0.0,0.1218262070248236
TCGA-DU-A76L-01A,bisque,0.03506012214431902,0.1674739699592867,0.0,0.17758669956496326,0.0,0.4131461020454946,0.19899503135852206,0.007738074927414327
TCGA-DU-A76O-01A,bisque,0.0,0.5486132440937506,0.09696231397108461,0.11236929635870234,0.16206901229989054,0.07289952441341753,0.0,0.007086608863154358
TCGA-DU-A76R-01A,bisque,0.3818534038175946,0.027596250921220738,0.2549327094139655,0.12616684398455758,0.007537390002934217,0.10595155724707965,0.0,0.09596184461264767
TCGA-DU-A7T6-01A,bisque,0.0,0.0,0.19632447245214518,0.09916483976941899,0.28179988925341526,0.22419528780076614,0.19851551072425425,0.0
TCGA-DU-A7T8-01A,bisque,0.03321211665365086,0.15927684274119794,0.16348792352910663,0.07434030328914712,0.4245114061646367,0.1421679489738763,0.0030034586483845757,0.0
TCGA-DU-A7TA-01A,bisque,0.12084910499957917,0.17851584132184173,0.09442340564107825,0.13758032917249033,0.17799777598677202,0.287545682409822,0.0,0.003087860468416491
TCGA-DU-A7TB-01A,bisque,0.0,0.0,0.0,0.033929825193797586,0.0,0.0,0.9660701748062024,0.0
TCGA-DU-A7TC-01A,bisque,0.0,0.016430203391849387,0.1850045861129919,0.061502483809232726,0.5694581178427647,0.13969556207614994,0.0075781689748661216,0.0203308777921453
TCGA-DU-A7TD-01A,bisque,0.3433869943264081,0.2527561246801017,0.0,0.15272786214514866,0.0,0.23757738936131245,0.0,0.013551629487029152
TCGA-DU-A7TG-01A,bisque,0.0,0.06140647602852762,0.0,0.35401215530665936,0.0,0.3638055769582543,0.060867268278788265,0.15990852342777048
TCGA-DU-A7TI-01A,bisque,0.0,0.3760825300950993,0.24642966155182872,0.11879009618328921,0.09990397108314597,0.12696384576919295,0.0,0.031829895317443985
TCGA-DU-A7TJ-01A,bisque,0.20741230405284852,0.16537963532088418,0.12571344718610164,0.20886266125144215,0.0,0.28906175995785255,0.0,0.0035701922308709238
TCGA-E1-5302-01A,bisque,0.691176711473321,0.09858631031407493,0.0,0.0644850839841264,0.10171169412185548,0.01924063658381949,0.0,0.024799563522802607
TCGA-E1-5303-01A,bisque,0.2619658812347849,0.22420693984937917,0.0,0.03666426411834031,0.013293591596561283,0.0,0.4284414486057401,0.03542787459519411
TCGA-E1-5304-01A,bisque,0.10963986406629736,0.0,0.1474253846552604,0.20831040400436654,0.4252033706815773,0.03534038136441927,0.07408059522807908,0.0
TCGA-E1-5305-01A,bisque,0.0,0.08620637758335355,0.062313379702144206,0.14484649512987177,0.27119254572084917,0.14979139244379466,0.20594126838264867,0.07970854103733785
TCGA-E1-5307-01A,bisque,0.0,0.11851423911874119,0.0,0.10552540748626729,0.5553850831105258,0.09635088836673908,0.005220007062586938,0.11900437485513968
TCGA-E1-5311-01A,bisque,0.0,0.0,0.0,0.12314488121267185,0.45678859341473504,0.3802593963813946,0.0,0.03980712899119861
TCGA-E1-5318-01A,bisque,0.027165116778899365,0.0,0.05717949992087941,0.06997751927085642,0.30022816583216455,0.5454496981972002,0.0,0.0
TCGA-E1-5319-01A,bisque,0.1443796087997612,0.03701244741918249,0.0,0.04662778364398112,0.0,0.23877548682406036,0.5039839204507076,0.029220752862307256
TCGA-E1-5322-01A,bisque,0.0028271641614748557,0.4806346776703404,0.0,0.12533120278968,0.291268282251531,0.09046389332769678,0.0,0.009474779799276854
TCGA-E1-A7YD-01A,bisque,0.6408783161169916,0.0424728600583059,0.0,0.0501986496173403,0.0,0.24305573244763473,0.0,0.02339444175972726
TCGA-E1-A7YE-01A,bisque,0.0,0.5423966647255707,0.0,0.10551227946447708,0.0,0.34825225254528264,0.0,0.0038388032646695116
TCGA-E1-A7YH-01A,bisque,0.0,0.04539714460007242,0.0,0.04949930064842193,0.17351198422165381,0.07889969482988685,0.637513534445057,0.015178341254908079
TCGA-E1-A7YI-01A,bisque,0.05424477401267896,0.06261588218560493,0.11402677514715484,0.14288253407706647,0.09412424465542146,0.40221780365728527,0.12988798626478804,0.0
TCGA-E1-A7YJ-01A,bisque,0.05521643297798775,0.2016061795112542,0.11533172741238576,0.22303875693202643,0.0,0.33301528343744474,0.05544345196733103,0.016348167761570057
TCGA-E1-A7YK-01A,bisque,0.0,0.2621347637531559,0.0,0.12585279489092896,0.0,0.03355778043065991,0.5665492436632675,0.011905417261987659
TCGA-E1-A7YL-01A,bisque,0.7395273282628152,0.15573049212942597,0.0,0.02744571459640093,0.0,0.05332992903395881,0.0,0.023966535977399044
TCGA-E1-A7YM-01A,bisque,0.0,0.0,0.1246974835257009,0.07654032967779255,0.005476855913424222,0.00932698682567614,0.7543134300000339,0.02964491405737224
TCGA-E1-A7YN-01A,bisque,0.28953872263047353,0.29067586721252675,0.0,0.07176576730471397,0.0,0.2930027673390102,0.024240929162373522,0.03077594635090212
TCGA-E1-A7YO-01A,bisque,0.0,0.0,0.008924945393909105,0.19050883507538954,0.29313330124694803,0.46548088865902154,0.0,0.041952029624731796
TCGA-E1-A7YQ-01A,bisque,0.08880679715236714,0.28065882499756123,0.0,0.2571847831710452,0.0,0.3605992012164381,0.0,0.012750393462588315
TCGA-E1-A7YS-01A,bisque,0.2678472318844858,0.012403322898945374,0.13619978421086051,0.17442374613170997,0.19340557677326647,0.13352427712532117,0.08070918046004848,0.0014868805153622862
TCGA-E1-A7YU-01A,bisque,0.0,0.022056439620116677,0.14886490303265476,0.025402356783781128,0.314447082802093,0.15190674741596077,0.31710623700290663,0.02021623334248713
TCGA-E1-A7YV-01A,bisque,0.02375319101315058,0.0,0.27993297194014655,0.13761800832303248,0.1936833843377274,0.35905520193498375,0.0,0.005957242450959288
TCGA-E1-A7YW-01A,bisque,0.010005015443596227,0.18112381637492556,0.31864857507248334,0.06589337233745561,0.32556931743687245,0.025632915744643544,0.018517335909527026,0.054609651680496196
TCGA-E1-A7YY-01A,bisque,0.0,0.02838835289325822,0.0,0.3922504823058862,0.0,0.3491569548206484,0.12494384199363935,0.10526036798656775
TCGA-E1-A7Z2-01A,bisque,0.45834638595874017,0.0,0.0,0.10008358468658975,0.0,0.16970222888051897,0.10629404683040743,0.16557375364374374
TCGA-E1-A7Z3-01A,bisque,0.0,0.061580226594880536,0.0966484096494864,0.1688285460425974,0.0,0.5202048760567736,0.0,0.1527379416562622
TCGA-E1-A7Z4-01A,bisque,0.8374752049778221,0.09054711395375721,0.0,0.0,0.0,0.0,0.0,0.07197768106842067
TCGA-E1-A7Z6-01A,bisque,0.5901245616277047,0.07590428101632124,0.0,0.0,0.0,0.12925898910943354,0.0,0.20471216824654057
TCGA-EZ-7264-01A,bisque,0.23186119906262181,0.0,0.16179540658154645,0.1460289465254144,0.16009889068410152,0.009239736118266971,0.2871560061824463,0.0038198148456026365
TCGA-F6-A8O3-01A,bisque,0.0,0.0,0.2600270199416317,0.12563606950593048,0.45380483339827604,0.13880535910849254,0.0,0.021726718045669273
TCGA-F6-A8O4-01A,bisque,0.0,0.0,0.14417882479281632,0.17511557868765823,0.3457335171780083,0.20276736822334393,0.050187091393974315,0.08201761972419891
TCGA-FG-5962-01B,bisque,0.0,0.012989261202896724,0.3085039336172617,0.3169422951207711,0.11155123421373017,0.09060914874355844,0.0,0.15940412710178198
TCGA-FG-5963-01A,bisque,0.0,0.26951852682840916,0.0,0.14439090032231017,0.0,0.05270514903659863,0.5240385126986757,0.009346911114006262
TCGA-FG-5963-02A,bisque,0.08006753561934865,0.006875191217969311,0.1356353339328582,0.23220181157166278,0.0,0.5190349907634149,0.026185136894746365,0.0
TCGA-FG-5964-01A,bisque,0.19994161138370403,0.15512443136544435,0.0,0.12075060424922461,0.1564639732735259,0.17906091243255604,0.16774681441002157,0.020911652885523536
TCGA-FG-5965-01B,bisque,0.2794916406919292,0.06948762750565447,0.29806689158730987,0.1061804853818386,0.068973919058857,0.11883347974772307,0.0,0.058965956026687846
TCGA-FG-6688-01A,bisque,0.14818765329079814,0.17248508699753756,0.0,0.02893286814492032,0.0,0.1691516753871868,0.43809538624110855,0.04314732993844858
TCGA-FG-6689-01A,bisque,0.0,0.13482206029377938,0.008079415669377319,0.12986531694706616,0.2852557865536221,0.04557793874452653,0.28835834377403075,0.10804113801759771
TCGA-FG-6690-01A,bisque,0.0,0.23500299472732714,0.27637149450764575,0.12556483312430933,0.2742965591924776,0.024293168166535834,0.0,0.06447095028170428
TCGA-FG-6691-01A,bisque,0.0,0.4732490783414714,0.18777954701340116,0.092811365587811,0.1116642931016742,0.12619566828354695,0.0,0.008300047672095268
TCGA-FG-6692-01A,bisque,0.46015742057191206,0.04439768238619777,0.0,0.15540411102461962,0.0,0.32658002250658835,0.0,0.013460763510682228
TCGA-FG-7634-01A,bisque,0.0,0.11634687635284417,0.0,0.11460642136012456,0.0,0.3724013019762739,0.3966454003107573,0.0
TCGA-FG-7636-01A,bisque,0.35774454556056035,0.022739054933299575,0.0,0.035588630662907295,0.41054848739168565,0.0,0.14151921044792595,0.031860071003621274
TCGA-FG-7638-01B,bisque,0.0,0.0,0.02602120784705877,0.11754073818267997,0.19886740176925183,0.25384070254827845,0.2278953056162141,0.17583464403651689
TCGA-FG-7641-01B,bisque,0.0,0.0,0.0,0.14722916308491776,0.03595228359304415,0.0,0.7519192802478527,0.06489927307418544
TCGA-FG-7643-01A,bisque,0.0,0.0,0.0,0.026797418102631858,0.0,0.13358624358930934,0.7812002739116218,0.05841606439643677
TCGA-FG-8181-01A,bisque,0.0,0.0,0.0,0.3092525548853336,0.0,0.5560576861945021,0.010863633240339265,0.12382612567982511
TCGA-FG-8182-01A,bisque,0.0,0.1785465304100837,0.0,0.09494282452648387,0.06251765230522431,0.009930306313311805,0.6516797929207394,0.002382893524156849
TCGA-FG-8185-01A,bisque,0.04769302108122535,0.012395253025584373,0.012154533973880657,0.13325932088760542,0.5908185409889657,0.19583788588561682,0.0,0.007841444157121635
TCGA-FG-8186-01A,bisque,0.0,0.30956628509362305,0.312257585182851,0.2136320922310167,0.036564729693680985,0.0674869868949574,0.007332038674406137,0.05316028222946459
TCGA-FG-8187-01A,bisque,0.0,0.0,0.0,0.0,0.0,0.0,0.9920714078052687,0.007928592194731302
TCGA-FG-8188-01A,bisque,0.0,0.04818619288192254,0.0,0.04360907515054225,0.13869406446933372,0.13295452938105604,0.6365561381171455,0.0
TCGA-FG-8191-01A,bisque,0.0,0.07294701091501195,0.0,0.044897244001281686,0.026857895796332097,0.08213709370531967,0.7673082741502303,0.005852481431824417
TCGA-FG-A4MT-01A,bisque,0.0,0.08652424532587394,0.0,0.0743657817108764,0.5506356309283196,0.272466937781586,0.0,0.016007404253344053
TCGA-FG-A4MT-02A,bisque,0.0,0.06129642856408846,0.0,0.10963305830834452,0.3076768098425563,0.15111465780416794,0.3118612806791199,0.0584177648017228
TCGA-FG-A4MW-01A,bisque,0.26199360468328464,0.0,0.0,0.015412466248554748,0.0,0.30262598724904927,0.39579233206537906,0.024175609753732362
TCGA-FG-A4MX-01A,bisque,0.0,0.058253320669363735,0.0,0.22473409323004273,0.21982168032664853,0.46428739108194245,0.02777736973427252,0.005126144957730072
TCGA-FG-A4MY-01A,bisque,0.0,0.027863064733235802,0.0,0.1235812970722893,0.11798858772325256,0.04635735845461299,0.6737012568656129,0.010508435150996413
TCGA-FG-A60J-01A,bisque,0.0,0.1471837495606427,0.0,0.18481359955900892,0.24242779091557048,0.12405251565282434,0.2426765185365533,0.05884582577540023
TCGA-FG-A60K-01A,bisque,0.0,0.06706854904547069,0.1514392772332215,0.19001571421645452,0.2346696189053128,0.10187221272112955,0.11510526706190566,0.13982936081650507
TCGA-FG-A60L-01A,bisque,0.3393166578291629,0.1408369713244543,0.0,0.0,0.27295454339119485,0.09695712146911933,0.1419475924413203,0.007987113544748322
TCGA-FG-A6IZ-01A,bisque,0.2349976265095902,0.013650520946086708,0.0,0.024929985309554915,0.5365901632792822,0.1750063285464824,0.006791460744583615,0.008033914664419954
TCGA-FG-A6J1-01A,bisque,0.2751065180706116,0.021287235672083703,0.07775244511305093,0.0,0.3352249335251541,0.27814626249117513,0.0,0.0124826051279246
TCGA-FG-A6J3-01A,bisque,0.7920006814335934,0.1338253748555059,0.0,0.0,0.0,0.04883944011889379,0.001917519717122526,0.023416983874884435
TCGA-FG-A70Y-01A,bisque,0.0,0.12228589936109191,0.12930396030286398,0.030317457644049667,0.11622789807615581,0.09896479838372248,0.4595916328875344,0.04330835334458184
TCGA-FG-A70Z-01A,bisque,0.4891289050991503,0.15987870225014644,0.0,0.0,0.0,0.3230888643694806,0.0,0.027903528281222775
TCGA-FG-A710-01A,bisque,0.30368570148922197,0.21344834146064517,0.10309954128479223,0.08908347180440487,0.14085489089889777,0.12263703280209007,0.0,0.02719102025994784
TCGA-FG-A711-01A,bisque,0.29051613886211514,0.041971278514722626,0.3017235122857461,0.016584199677043394,0.20764204878119016,0.06476597116621331,0.003620052386248461,0.07317679832672071
TCGA-FG-A713-01A,bisque,0.0,0.0,0.0,0.08113498643884239,0.0,0.1236858586539988,0.7227187483891703,0.07246040651798841
TCGA-FG-A87N-01A,bisque,0.12616441252124216,0.10034248251877184,0.09380127367840507,0.183044698150209,0.28310973167418807,0.20352638170308707,0.010011019754096871,0.0
TCGA-FG-A87Q-01A,bisque,0.08711282486019327,0.13812662622211574,0.0,0.10129301017427526,0.0,0.27056964811478373,0.37704010859807396,0.02585778203055813
TCGA-FN-7833-01A,bisque,0.0,0.9181598654348327,0.0,0.0,0.0,0.07945189221551073,0.0,0.002388242349656615
TCGA-HT-7467-01A,bisque,0.0,0.0,0.0,0.0,0.0,0.028812087768401405,0.9599256324702914,0.011262279761307122
TCGA-HT-7468-01A,bisque,0.0,0.0,0.14372507760567083,0.2021708543654079,0.3785284793072252,0.1912398530371446,0.0003599514456944127,0.08397578423885704
TCGA-HT-7469-01A,bisque,0.14026722268051592,0.1022595128255011,0.30460947565920055,0.1136813941220542,0.1944287751527962,0.11739260490112191,0.019096657456555376,0.008264357202254794
TCGA-HT-7470-01A,bisque,0.0,0.008908474750650866,0.0,0.07781575017940916,0.05181662238507329,0.032532943614023216,0.7958932750557165,0.03303293401512698
TCGA-HT-7471-01A,bisque,0.22632428362713133,0.1754256624027726,0.1465903569959041,0.15000121178519524,0.12239271251114756,0.1722856974722657,0.0,0.006980075205583398
TCGA-HT-7472-01A,bisque,0.0,0.21391201623049733,0.09181820488102907,0.21830468069386239,0.019631968859556162,0.07341693753214303,0.369091594611441,0.01382459719147094
TCGA-HT-7473-01A,bisque,0.3189248606997276,0.4114427536943228,0.0,0.1691343438357947,0.0,0.07396064247775751,0.0031848670302623344,0.023352532262134948
TCGA-HT-7474-01A,bisque,0.0,0.0,0.0,0.06699512614321448,0.0,0.013524035391523493,0.8589182234557287,0.06056261500953341
TCGA-HT-7475-01A,bisque,0.0,0.0,0.0,0.17889130874786136,0.5530163422278874,0.0734681934878021,0.16216266072060398,0.03246149481584524
TCGA-HT-7476-01A,bisque,0.0,0.00816824516002584,0.06137658131206205,0.13132389499591696,0.1916388655915236,0.5180596007141267,0.06033154100925957,0.029101271217085164
TCGA-HT-7477-01B,bisque,0.08031033444877621,0.06172624969406065,0.09053363648585482,0.20123438075851968,0.08842851474716412,0.47339617265450423,0.0043707112111203246,0.0
TCGA-HT-7478-01A,bisque,0.11584985787485363,0.2506152040713831,0.2995845617445394,0.1614185827140672,0.0865678893739738,0.07720263915756263,0.0,0.008761265063620143
TCGA-HT-7479-01A,bisque,0.0,0.07582373429403536,0.0,0.046097940684328785,0.01410090306029221,0.0,0.8419686892009797,0.022008732760364
TCGA-HT-7480-01A,bisque,0.0,0.0,0.0,0.2637412709056243,0.3314443636548596,0.10336715712599019,0.22756408427277694,0.07388312404074902
TCGA-HT-7481-01A,bisque,0.0,0.0,0.0,0.04917478391768389,0.008382626305692748,0.028946578366335966,0.8942369754909031,0.019259035919384233
TCGA-HT-7482-01A,bisque,0.2385891268369574,0.13138692030465873,0.0,0.0,0.0,0.0,0.5918213271531118,0.03820262570527205
TCGA-HT-7483-01A,bisque,0.0,0.022851981242988584,0.23047467102832597,0.16033362413940103,0.25835813187832646,0.2988199006413231,0.0,0.02916169106963476
TCGA-HT-7485-01A,bisque,0.0,0.06107642641570588,0.0,0.03795575919260772,0.0,0.0,0.7387260503823962,0.16224176400929016
TCGA-HT-7601-01A,bisque,0.0,0.4565084349239167,0.0,0.03237785426579488,0.0,0.008737976161669644,0.5023757346486187,0.0
TCGA-HT-7602-01A,bisque,0.0,0.0,0.0,0.0,0.0,0.0,0.9824186319371068,0.017581368062893284
TCGA-HT-7603-01A,bisque,0.0,0.0,0.0,0.1959616157170579,0.2408445439190239,0.04780004709746285,0.4577918253582963,0.057601967908159045
TCGA-HT-7604-01A,bisque,0.0,0.08454132737037402,0.3193179234743938,0.06140805448097878,0.44417484501448823,0.0684935163246986,0.002065933572552477,0.01999839976251418
TCGA-HT-7605-01A,bisque,0.0,0.0,0.0,0.02039860456849593,0.0,0.0,0.9148501738489584,0.06475122158254565
TCGA-HT-7606-01A,bisque,0.0,0.03314427631260692,0.10413447944890486,0.15285679254491355,0.14236723938052742,0.3264606937318921,0.23459314779550966,0.00644337078564557
TCGA-HT-7607-01A,bisque,0.0,0.0,0.0,0.12066743780855237,0.0,0.04713033059379476,0.674948358635204,0.15725387296244878
TCGA-HT-7609-01A,bisque,0.0,0.1702790874380012,0.06875864536670823,0.09716203916399399,0.5672936862902703,0.08648824174398256,0.0,0.010018299997043808
TCGA-HT-7610-01A,bisque,0.0,0.03400183682706225,0.0,0.31597273775079354,0.10193628665737428,0.051678818058184584,0.4070588686827037,0.08935145202388178
TCGA-HT-7611-01A,bisque,0.28208032202645933,0.17298338292106497,0.16243161897696887,0.1562986631049719,0.10921867981152399,0.014859234832869285,0.07880691835723755,0.023321179968904197
TCGA-HT-7616-01A,bisque,0.2992917018712834,0.1610281460957668,0.0,0.18805277890895558,0.0,0.33473946771797164,0.0,0.01688790540602256
TCGA-HT-7620-01A,bisque,0.0,0.0,0.0,0.0,0.0,0.0,1.0,0.0
TCGA-HT-7676-01A,bisque,0.0,0.3534265914341524,0.16289885075396707,0.07002007733791137,0.3564200381227115,0.01248167021100104,0.03362377655283044,0.011128995587426319
TCGA-HT-7677-01A,bisque,0.0,0.022245853194713606,0.2167441249608738,0.14757096213334378,0.1448444333843954,0.07114540395233915,0.3589154128648338,0.038533809509500395
TCGA-HT-7680-01A,bisque,0.9127951840554371,0.019185782069617973,0.0,0.0,0.0,0.0,0.0,0.06801903387494479
TCGA-HT-7681-01A,bisque,0.0,0.0,0.22028611084562205,0.22634064803681106,0.10863295309264807,0.1850691306165752,0.1788046380764503,0.0808665193318933
TCGA-HT-7684-01A,bisque,0.758944943248294,0.028812214861474655,0.0,0.0,0.045381987827708796,0.1256987070068828,0.0,0.04116214705563986
TCGA-HT-7686-01A,bisque,0.3273265861312819,0.37728048364582906,0.06680162060570535,0.09130008871100886,0.047906241177322346,0.07592156124355476,0.0,0.013463418485297736
TCGA-HT-7687-01A,bisque,0.0,0.024932511048221456,0.17488231798656934,0.2263907525068085,0.13227906904578457,0.2630461846744147,0.17450017688361136,0.0039689878545900595
TCGA-HT-7688-01A,bisque,0.0,0.0023537190618850715,0.03181369523563867,0.27460291487070376,0.2487223546772181,0.07684166103515298,0.32962311739059963,0.03604253772880187
TCGA-HT-7689-01A,bisque,0.003553902318839029,0.02604944333059864,0.0,0.06484448781027007,0.08650272136312302,0.0,0.7987565407046651,0.020292904472504137
TCGA-HT-7690-01A,bisque,0.0,0.21732032882234692,0.313741130795132,0.23854339465805663,0.0013991934922245176,0.17253117025805736,0.056150073681009084,0.00031470829317333736
TCGA-HT-7691-01A,bisque,0.6986665399835947,0.05098847928533898,0.0,0.0,0.0,0.17952026234093332,0.0,0.07082471839013289
TCGA-HT-7692-01A,bisque,0.0,0.08308750766144131,0.0,0.18136911945124976,0.4302725966359289,0.2162568523387781,0.04638650031524335,0.04262742359735847
TCGA-HT-7693-01A,bisque,0.0,0.21672117855128528,0.22615464594187856,0.1454582789881004,0.0839636260510836,0.31192748507890744,0.005146264585951696,0.010628520802793173
TCGA-HT-7694-01A,bisque,0.0,0.0,0.0,0.06534561283908205,0.0,0.07920876147146155,0.7840098606108428,0.07143576507861353
TCGA-HT-7695-01A,bisque,0.0,0.0,0.0,0.18288935048404426,0.012155195949945371,0.009076106808419668,0.7202286996797131,0.07565064707787768
TCGA-HT-7854-01A,bisque,0.5499164710855394,0.1651254261396222,0.0,0.0,0.0,0.15361255986203437,0.06313036262022774,0.06821518029257614
TCGA-HT-7855-01A,bisque,0.0,0.05409638400497899,0.1848883909037152,0.10057205790293441,0.2775298390986413,0.36606489493546934,0.0002304905968831749,0.01661794255737748
TCGA-HT-7856-01A,bisque,0.0,0.0,0.0,0.05461190984249737,0.0,0.22115093701297425,0.6607271250827048,0.06351002806182345
TCGA-HT-7857-01A,bisque,0.0,0.5353287098191069,0.0,0.21062262323542147,0.0,0.2477615046802358,0.0062871622652358895,0.0
TCGA-HT-7858-01A,bisque,0.0,0.1319913763209946,0.026945689791545005,0.1395513447445776,0.1300296371077234,0.010432887606912243,0.5575194461459937,0.0035296182822535877
TCGA-HT-7860-01A,bisque,0.0,0.21825807824028942,0.0,0.15204397177328108,0.0,0.46675980119718735,0.0,0.1629381487892421
TCGA-HT-7873-01B,bisque,0.0,0.08606636006971041,0.17425104566437888,0.20278632265585778,0.035818555962020715,0.05825891126888337,0.41240167549745577,0.030417128881693102
TCGA-HT-7874-01A,bisque,0.0,0.0,0.0,0.09864593801002702,0.0,0.09488234250126897,0.6949218193855057,0.11154990010319821
TCGA-HT-7875-01A,bisque,0.0,0.0,0.0,0.19233310589922717,0.5353445364090975,0.09862387163458157,0.0,0.1736984860570938
TCGA-HT-7877-01A,bisque,0.0,0.0,0.0,0.1066030017283178,0.09779300230815155,0.2133501978224666,0.5337776105172474,0.04847618762381666
TCGA-HT-7879-01A,bisque,0.32406052683843684,0.06299386321964251,0.057176923572319356,0.08330424146134932,0.07058395835975252,0.2169013671064017,0.15662540075604361,0.02835371868605416
TCGA-HT-7880-01A,bisque,0.0,0.0,0.0,0.02740158388884577,0.0,0.08476224468386437,0.8524493392866254,0.03538683214066451
TCGA-HT-7881-01A,bisque,0.0,0.0,0.0,0.0033512697487874652,0.0,0.0,0.9821816274266446,0.014467102824568008
TCGA-HT-7882-01A,bisque,0.0,0.4697145960981515,0.0,0.14759422299474148,0.0,0.3630832640753795,0.019607916831727495,0.0
TCGA-HT-7884-01B,bisque,0.0,0.014643543494164519,0.0,0.2078685142240379,0.06392133567588257,0.016656718504975326,0.6596431165565907,0.03726677154434903
TCGA-HT-7902-01A,bisque,0.0,0.0,0.0,0.0,0.0,0.0,1.0,0.0
TCGA-HT-8010-01A,bisque,0.0,0.0,0.0,0.07914231928908745,0.0,0.3230678268549278,0.0,0.5977898538559847
TCGA-HT-8011-01A,bisque,0.6937708316381137,0.051529919489940734,0.0,0.08370805309517364,0.0,0.1554850268609714,0.0,0.015506168915800447
TCGA-HT-8012-01A,bisque,0.0,0.03439264688202983,0.0,0.16088938515376397,0.24030647685650308,0.5415355358140476,0.0007637205525791168,0.022112234741076507
TCGA-HT-8013-01A,bisque,0.0,0.7023488224433764,0.06716266272335872,0.1332203687195282,0.043674019361219146,0.04388662148936545,0.008369555960230332,0.00133794930292178
TCGA-HT-8015-01B,bisque,0.0,0.13981390487217826,0.0,0.15124464293790837,0.0,0.12861043624012056,0.5305208413060184,0.049810174643774345
TCGA-HT-8018-01A,bisque,0.13900187359782987,0.2030892924856208,0.0,0.08612426459609787,0.0,0.5331296838335574,0.0,0.03865488548689415
TCGA-HT-8104-01A,bisque,0.45605890023138745,0.03231048658164151,0.0,0.0,0.0,0.24942664373560186,0.22963884020875747,0.03256512924261166
TCGA-HT-8105-01A,bisque,0.0,0.00461793413783179,0.07778199742823717,0.18756401250805327,0.20126949711752185,0.5182445824601629,0.0004906940021928535,0.010031282346000266
TCGA-HT-8106-01A,bisque,0.0,0.34431855780293524,0.051302716701394455,0.4477760980148491,0.0,0.0229115486068799,0.13260527457112656,0.0010858043028147762
TCGA-HT-8107-01A,bisque,0.0,0.0,0.0,0.10095398695231039,0.0,0.16560648054640031,0.691816333582886,0.041623198918403236
TCGA-HT-8108-01A,bisque,0.0,0.28301379513757313,0.14601241802861825,0.2474457721601793,0.13078102555456586,0.1662936214008269,0.0,0.02645336771823642
TCGA-HT-8109-01A,bisque,0.0,0.0,0.0,0.07263414848185898,0.0,0.02226536844970712,0.8447788073426784,0.060321675725755364
TCGA-HT-8110-01A,bisque,0.0,0.7685791337530916,0.0,0.21523856408513112,0.0,0.0,0.0,0.01618230216177715
TCGA-HT-8111-01A,bisque,0.2605548222921701,0.030568698517075058,0.0,0.0007484423528932473,0.0,0.0,0.6981017098302281,0.010026327007633496
TCGA-HT-8113-01A,bisque,0.0,0.0,0.0,0.2607922284920657,0.0,0.11169900638995232,0.5232188548309569,0.10428991028702524
TCGA-HT-8114-01A,bisque,0.0043449536095206765,0.27750543486489077,0.2817633869095258,0.15902875310825065,0.08865291974895596,0.15649654321703,0.0016761468353685585,0.030531861706457483
TCGA-HT-8563-01A,bisque,0.011782784202046186,0.7124200638987279,0.0,0.15956439837148506,0.0,0.0959181674874712,0.0,0.020314586040269634
TCGA-HT-8564-01A,bisque,0.0,0.11474036598583627,0.0,0.549555808743287,0.0,0.1124028107106166,0.17223493704215237,0.05106607751810775
TCGA-HT-A4DS-01A,bisque,0.33378285956054693,0.18568066123427954,0.09752847102825316,0.15196757413625706,0.13904611347427198,0.08478262628748698,0.0,0.007211694278904479
TCGA-HT-A5R5-01A,bisque,0.5245099667873497,0.40190787190806915,0.0,0.0,0.0,0.0,0.0,0.07358216130458124
TCGA-HT-A5R7-01A,bisque,0.0,0.007109963349636432,0.0,0.11839268209253814,0.0,0.12701552342065014,0.6295309417542145,0.1179508893829608
TCGA-HT-A5R9-01A,bisque,0.0,0.0,0.04838373378208264,0.15792947863011764,0.5603251751313583,0.22625382247872108,0.0,0.007107789977720533
TCGA-HT-A5RA-01A,bisque,0.698317213057176,0.013473584162181617,0.0,0.0,0.0,0.25207922671852834,0.0,0.036129976062113996
TCGA-HT-A5RB-01A,bisque,0.0,0.0,0.0,0.2392773664821408,0.3343174884004743,0.23124800523234643,0.12643613439965265,0.06872100548538583
TCGA-HT-A5RC-01A,bisque,0.8800235416083837,0.016893978882451716,0.0,0.0,0.0,0.06573297080774408,0.0,0.03734950870142061
TCGA-HT-A614-01A,bisque,0.08125010547675762,0.001954213254906387,0.06826000280804312,0.07767795460101147,0.09792937664052327,0.008439662044442197,0.640709375568982,0.023779309605334066
TCGA-HT-A615-01A,bisque,0.0,0.16265775550301834,0.1582683889601966,0.23675943092985233,0.10628387089707687,0.02788913116975916,0.26529920412524427,0.042842218414852515
TCGA-HT-A616-01A,bisque,0.0,0.05299394223157961,0.0,0.22946252725733007,0.2089056748308318,0.36654550765872207,0.0,0.14209234802153645
TCGA-HT-A617-01A,bisque,0.5424950834200639,0.12281408688821259,0.0,0.08521468123088397,0.0,0.18163491326002024,0.007066692220468867,0.06077454298035034
TCGA-HT-A618-01A,bisque,0.21674008968481048,0.4189452300856788,0.01616423366196072,0.22344736791256703,0.0,0.10630554496979762,0.0,0.018397533685185357
TCGA-HT-A61C-01A,bisque,0.2713767562957089,0.15897213410802905,0.0,0.16359609162314317,0.0,0.3758897118100903,0.024174246425208684,0.005991059737819939
TCGA-HT-A74H-01A,bisque,0.6408850101191577,0.024526960339071768,0.0,0.036560273147452325,0.0,0.0050794232790735225,0.27237694567090276,0.02057138744434206
TCGA-HT-A74J-01A,bisque,0.6477796592299785,0.06742050173057623,0.0,0.07013131642446296,0.05791300557897773,0.07198647022548912,0.0,0.08476904681051543
TCGA-HT-A74K-01A,bisque,0.5328807568306478,0.038813090087263274,0.0,0.0,0.12668045984773793,0.20280012614296516,0.08376910391955958,0.015056463171826153
TCGA-HT-A74L-01A,bisque,0.0,0.06264880228040637,0.040819544158758735,0.23656958638403677,0.18868554821978084,0.21249048585053806,0.20961582686681193,0.049170206239667204
TCGA-HT-A74O-01A,bisque,0.12906882497959996,0.26323640799635056,0.12549169181281153,0.16370939737447482,0.16282322329838625,0.12029462365912975,0.03018826242926354,0.005187568449983644
TCGA-HW-7486-01A,bisque,0.0,0.0,0.0,0.0007923567768132534,0.0,0.0,0.9992076432231868,0.0
TCGA-HW-7487-01A,bisque,0.0,0.0,0.016123263041646914,0.15844900171841608,0.3027602116610162,0.06937719810025401,0.4056993476689762,0.04759097780969062
TCGA-HW-7489-01A,bisque,0.0,0.03973920844571494,0.2441543974553117,0.18110836629979848,0.28281267302874696,0.043368682450983825,0.07127919037927208,0.13753748194017207
TCGA-HW-7490-01A,bisque,0.0,0.06256570284357897,0.11971996649112056,0.12172774026371486,0.13348366403469097,0.5492929775352572,0.0,0.013209948831637371
TCGA-HW-7491-01A,bisque,0.0,0.0,0.05910659457379108,0.16774064364874047,0.21468093473787433,0.33292434004850635,0.20489101265532253,0.020656474335765257
TCGA-HW-7493-01A,bisque,0.0,0.26598803268260723,0.0,0.3634349054350463,0.0,0.1590041370401548,0.0,0.21157292484219165
TCGA-HW-7495-01A,bisque,0.0,0.0,0.0,0.02266900705726896,0.0,0.03873029751248759,0.9155787031391374,0.023021992291106134
TCGA-HW-8319-01A,bisque,0.0,0.15781051115148992,0.30095897775419417,0.2043378411287335,0.0031571305095862067,0.11662849054157057,0.1395689167882721,0.07753813212615351
TCGA-HW-8320-01A,bisque,0.34306931996598194,0.16201857958650864,0.028084137664657605,0.07164304650760447,0.297303181036723,0.07563545619355869,0.0,0.02224627904496568
TCGA-HW-8321-01A,bisque,0.0,0.08242180224415516,0.15173839171844483,0.10966409791172929,0.16743253898158048,0.33004786023220567,0.1577768491155166,0.000918459796367942
TCGA-HW-8322-01A,bisque,0.0,0.022441501639477782,0.1851734817755274,0.173987625472642,0.31373290847619795,0.08765321362750776,0.20709061327509115,0.009920655733555871
TCGA-HW-A5KJ-01A,bisque,0.022509911902784507,0.0,0.0,0.09815117160861236,0.36640701456599545,0.5116475875912987,0.0008069508854035373,0.00047736344590521663
TCGA-HW-A5KK-01A,bisque,0.09726390173144465,0.22980454395650132,0.0,0.030014057107691745,0.0,0.0,0.6036022761483215,0.03931522105604063
TCGA-HW-A5KL-01A,bisque,0.0,0.08419447398943372,0.0,0.09362466691363636,0.3946453715072768,0.151876444877842,0.252846459082263,0.02281258362954827
TCGA-HW-A5KM-01A,bisque,0.1814040708692885,0.6873362282585264,0.0,0.08781517640311803,0.0,0.031104294505909433,0.0,0.012340229963157775
TCGA-IK-7675-01A,bisque,0.1974569229410433,0.026567832643968274,0.2568361062389724,0.11281689278740964,0.1081261878611641,0.22379652158441782,0.07439953594302447,0.0
TCGA-IK-8125-01A,bisque,0.0,0.0,0.11300323239262419,0.22932195269436814,0.41922911708210675,0.12692683193653972,0.0,0.11151886589436119
TCGA-KT-A74X-01A,bisque,0.15151825770827948,0.010698653216680279,0.13366929477802042,0.1296328802552762,0.07905891330161063,0.24418733604544138,0.24498403711227595,0.006250627582415632
TCGA-KT-A7W1-01A,bisque,0.34413824547033345,0.027415681552429003,0.0,0.19033215220109131,0.0,0.42004101411763384,0.0,0.01807290665851233
TCGA-P5-A5ET-01A,bisque,0.0,0.0,0.0,0.08224238558386288,0.1797033791207178,0.029769728900215977,0.6730868584639957,0.03519764793120766
TCGA-P5-A5EU-01A,bisque,0.0,0.2930726190259956,0.04141516686414217,0.3245337881694855,0.0,0.3409784259403768,0.0,0.0
TCGA-P5-A5EV-01A,bisque,0.0,0.04335714927709678,0.23293369884299603,0.14078615258974106,0.15812635569717662,0.3455255181313963,0.0,0.0792711254615933
TCGA-P5-A5EW-01A,bisque,0.0,0.38138636562417094,0.06299142952036463,0.1402801996882558,0.11590317487236629,0.045794673885875305,0.02126090812743598,0.232383248281531
TCGA-P5-A5EX-01A,bisque,0.6784113773742136,0.11686097207949044,0.0,0.08877965003791462,0.0,0.08498249123070478,0.0,0.03096550927767648
TCGA-P5-A5EY-01A,bisque,0.0,0.0,0.0,0.43150625479901256,0.0,0.048860283903442395,0.0,0.519633461297545
TCGA-P5-A5EZ-01A,bisque,0.0,0.018788054457243058,0.11413817969806651,0.22929088853261684,0.11307009440349415,0.08907404677023624,0.43563873613834314,0.0
TCGA-P5-A5F0-01A,bisque,0.0,0.0,0.0,0.5443121947943026,0.08371348101983805,0.22336750354650195,0.0,0.14860682063935737
TCGA-P5-A5F1-01A,bisque,0.7270111180928864,0.03130055352131763,0.0,0.0028334764828267197,0.0,0.15879979750449036,0.0,0.0800550543984789
TCGA-P5-A5F2-01A,bisque,0.0,0.0169081407994702,0.1533003708911166,0.1495017886005688,0.016195465654192377,0.13743047420187302,0.3540299733678839,0.172633786484895
TCGA-P5-A5F4-01A,bisque,0.0,0.0,0.0,0.23979797864343746,0.20166809120922355,0.2682474817964992,0.22653592117705784,0.0637505271737818
TCGA-P5-A5F6-01A,bisque,0.22984305968399693,0.022992194591422432,0.0,0.14343305035022078,0.0,0.5964301745319689,0.0,0.007301520842391086
TCGA-P5-A72U-01A,bisque,0.7840798532895367,0.0,0.0,0.0,0.0,0.17542677130873197,0.0,0.04049337540173141
TCGA-P5-A72W-01A,bisque,0.6076269887434537,0.028840903254779993,0.0,0.011896603875828407,0.2906409865496121,0.03296636207228504,0.0,0.028028155504040666
TCGA-P5-A72X-01A,bisque,0.3096500542214167,0.0,0.0,0.037379147955036045,0.0,0.5805838532455845,0.0,0.07238694457796278
TCGA-P5-A72Z-01A,bisque,0.060594669150408474,0.0,0.0,0.11055895420929447,0.3126295641883647,0.21077942838132124,0.3054373840706111,0.0
TCGA-P5-A730-01A,bisque,0.22718515348861557,0.0,0.07324081795740679,0.0778764386236175,0.1984181995177237,0.17151065480456926,0.2505865367770554,0.0011821988310117659
TCGA-P5-A731-01A,bisque,0.0,0.03915334771063093,0.19494567326597068,0.28331309873105587,0.0126689637365489,0.36459040766701406,0.0,0.1053285088887796
TCGA-P5-A733-01A,bisque,0.0,0.0,0.0,0.19676037038663874,0.4748471087729538,0.22438825695538403,0.0,0.10400426388502342
TCGA-P5-A735-01A,bisque,0.26298135886318896,0.07683986864432037,0.0525580242101173,0.07699480562409937,0.30155093402276967,0.00894325654933135,0.19018299506287814,0.029948757023294765
TCGA-P5-A736-01A,bisque,0.8515111606881796,0.10706254531529077,0.0,0.0,0.0,0.0,0.0,0.041426293996529744
TCGA-P5-A737-01A,bisque,0.0,0.02087461652667283,0.0,0.12950745538929695,0.679919637712083,0.10904885595967484,0.03144228072956093,0.029207153682711356
TCGA-P5-A77W-01A,bisque,0.04270638939488249,0.0,0.11721854783837057,0.09001690346233526,0.4912750035855846,0.21126747364523715,0.047515682073589964,0.0
TCGA-P5-A77X-01A,bisque,0.0,0.0,0.12430205658109673,0.42821394809844393,0.03984614247639087,0.03702931839769918,0.08717883247044254,0.2834297019759268
TCGA-P5-A780-01A,bisque,0.0,0.08014773394686522,0.20819542241691064,0.09291508776191514,0.22197246368394047,0.12607884459871002,0.27040567883514305,0.0002847687565155342
TCGA-P5-A781-01A,bisque,0.0,0.0,0.0,0.1131001563374747,0.11460525532626425,0.02557787150775935,0.6542286804406281,0.09248803638787353
TCGA-QH-A65R-01A,bisque,0.012641953727031034,0.0,0.0,0.04232723345384568,0.38000695928341627,0.5556648178283566,0.008141874646335074,0.0012171610610152961
TCGA-QH-A65S-01A,bisque,0.0,0.0696753227737975,0.0,0.05768276994403438,0.11910231345000004,0.02385635557734419,0.7080776404509327,0.021605597803891208
TCGA-QH-A65V-01A,bisque,0.0,0.0,0.0,0.020546556998185427,0.05223083742914554,0.0,0.8890469333430556,0.038175672229613405
TCGA-QH-A65X-01A,bisque,0.12269947632467589,0.01976004013453353,0.027951471784572145,0.04349785989712233,0.24337915313899613,0.5391547224737392,0.0,0.0035572762463608664
TCGA-QH-A65Z-01A,bisque,0.2577044428472138,0.0,0.0,0.09833988187950671,0.16542441537093527,0.16197382449110362,0.21368241952213168,0.10287501588910894
TCGA-QH-A6CS-01A,bisque,0.7747982716766402,0.0,0.0,0.0,0.0,0.0,0.1818579529873056,0.04334377533605432
TCGA-QH-A6CU-01A,bisque,0.1770032627362606,0.028839983076463942,0.0,0.0,0.0,0.005121276187513059,0.670414388014873,0.11862108998488945
TCGA-QH-A6CV-01A,bisque,0.27980214760809846,0.19652539642356678,0.0,0.12974046746804754,0.0,0.3505806005178726,0.03820270564622254,0.005148682336192085
TCGA-QH-A6CW-01A,bisque,0.6554774185536957,0.162816984505432,0.0,0.03642594672940364,0.016100656173713146,0.11067706452507045,0.0,0.018501929512685027
TCGA-QH-A6CX-01A,bisque,0.7584333709789858,0.010160624315678322,0.0,0.0,0.0,0.0,0.17932631920548983,0.05207968549984598
TCGA-QH-A6CY-01A,bisque,0.0,0.0,0.0,0.07129147632774045,0.09758486236644545,0.0,0.7812358126606361,0.04988784864517793
TCGA-QH-A6CZ-01A,bisque,0.0,0.018145557248736136,0.053350729063787794,0.34002944444749544,0.31355916936908096,0.10039000252850958,0.11878307479351359,0.0557420225488765
TCGA-QH-A6X3-01A,bisque,0.0,0.13196795982956963,0.19173855471535345,0.15863658120059518,0.2091771066469227,0.16250180973899492,0.1307474060575639,0.015230581811000248
TCGA-QH-A6X4-01A,bisque,0.0,0.002027619150532136,0.09172550384347357,0.15329186787066487,0.0410395064368288,0.046837947544321884,0.6522765647751659,0.012800990379012684
TCGA-QH-A6X5-01A,bisque,0.0,0.0,0.0,0.035864427056833154,0.0952787095816975,0.024529754885060793,0.7852325039131123,0.05909460456329641
TCGA-QH-A6X8-01A,bisque,0.0,0.07305015785704164,0.03807074456701052,0.12314114630228042,0.007669968590231136,0.1410408799804133,0.5911361498237471,0.025890952879275952
TCGA-QH-A6X9-01A,bisque,0.0,0.04007097179093307,0.2710520212574745,0.2770912554066992,0.19991594595590337,0.12879168419646714,0.0,0.0830781213925227
TCGA-QH-A6XA-01A,bisque,0.0,0.08397469347071368,0.02037227851829533,0.08978295516300483,0.21028587019136105,0.0,0.5585001254128221,0.037084077243802964
TCGA-QH-A6XC-01A,bisque,0.760379425485176,0.03186223075794656,0.0,0.0,0.0,0.1015488860567102,0.06745853872335797,0.03875091897680929
TCGA-QH-A86X-01A,bisque,0.17565754106861461,0.008599421844692383,0.18927302261160062,0.26238015240436846,0.21129047976726412,0.04538548927007246,0.0,0.1074138930333874
TCGA-QH-A870-01A,bisque,0.19835490178625168,0.10573543273545909,0.20510910327378212,0.15627464218703085,0.0,0.08889155473438178,0.017554351079946212,0.22808001420314833
TCGA-R8-A6MK-01A,bisque,0.0,0.0,0.0,0.0,0.0,0.0,0.5259278527819661,0.474072147218034
TCGA-R8-A6ML-01A,bisque,0.2753185848391283,0.0,0.11279694339342942,0.11007250224572435,0.17381299415160809,0.09942474830627245,0.1722719064579304,0.05630232060590702
TCGA-R8-A6MO-01A,bisque,0.0,0.00846711525654724,0.0421693079331576,0.04867965809942631,0.1336971838455415,0.3075172405995978,0.4540938066499108,0.005375687615818702
TCGA-R8-A6YH-01A,bisque,0.0,0.17974930920145257,0.05334144954183196,0.14004955320185816,0.4199174649762656,0.19364983704073363,0.0,0.01329238603785799
TCGA-RY-A83X-01A,bisque,0.0,0.0,0.0,0.07989968993187603,0.14982563032522342,0.1370025350654686,0.6055034140833397,0.027768730594092243
TCGA-RY-A83Y-01A,bisque,0.200565533168882,0.06037628984409067,0.06885676030469735,0.13506541937172867,0.16500752133972113,0.32981718468168675,0.017963959903241632,0.02234733138595184
TCGA-RY-A83Z-01A,bisque,0.30309139611574015,0.0634814256285126,0.13773797659935663,0.060029063384764055,0.3981533944067101,0.03058934137681178,0.0,0.006917402488104646
TCGA-RY-A840-01A,bisque,0.32974118460429946,0.009988729673014079,0.16116709653152234,0.15309022774192962,0.18393741082350448,0.14540144194975543,0.0007750584348567136,0.015898850241117913
TCGA-RY-A843-01A,bisque,0.0,0.0,0.0,0.19518101058827544,0.004120961315710695,0.6438648449502191,0.016347009217310967,0.14048617392848367
TCGA-RY-A845-01A,bisque,0.0,0.08183613618966502,0.24924419024180167,0.16324529287934134,0.382691639090948,0.06840253151007966,0.010113729258021557,0.044466480830142804
TCGA-RY-A847-01A,bisque,0.0,0.11011225828838989,0.0,0.15534475787359012,0.22655399968893553,0.4269269240273973,0.017923414324535928,0.06313864579715137
TCGA-S9-A6TS-01A,bisque,0.0,0.11024778102109485,0.14600687966449064,0.12488908207455154,0.30139588450953597,0.264324231100119,0.021300075954387737,0.031836065675820355
TCGA-S9-A6TU-01A,bisque,0.0,0.16938573400843399,0.0920629785351724,0.08669720312141826,0.18362730692145918,0.282933524482079,0.1794248700618696,0.005868382869567707
TCGA-S9-A6TV-01A,bisque,0.3646749048532524,0.26046599530348225,0.0856098009317044,0.1650998629905364,0.0,0.11446675714971585,0.0,0.009682678771308705
TCGA-S9-A6TW-01A,bisque,0.0,0.0,0.1319711120715426,0.1011519252603849,0.1839090228321922,0.5810982824431544,0.0,0.0018696573927258883
TCGA-S9-A6TX-01A,bisque,0.0,0.0,0.0,0.06383364041337534,0.07526449980220262,0.2972599384028673,0.5320244060007611,0.03161751538079367
TCGA-S9-A6TY-01A,bisque,0.0,0.0,0.07168426652432475,0.15512426961869197,0.36428072583687826,0.03823982879807135,0.3567653008499857,0.013905608372047774
TCGA-S9-A6TZ-01A,bisque,0.5289067609741693,0.05065612678539454,0.13408152396510112,0.10027198102840863,0.008773750469543318,0.12736833100088538,0.0,0.04994152577649781
TCGA-S9-A6U0-01A,bisque,0.1087684941186732,0.03130973548919154,0.0,0.06301961917155365,0.0,0.7807376224141229,0.0,0.016164528806458738
TCGA-S9-A6U1-01A,bisque,0.0,0.07845842675915879,0.0,0.07834004955315271,0.17903424247246655,0.1409104667859424,0.5208020286743777,0.0024547857549017233
TCGA-S9-A6U2-01A,bisque,0.18235625452255988,0.09091642110819949,0.24909334885099702,0.1158904216386406,0.05360618569122649,0.07683822552102232,0.0,0.23129914266735427
TCGA-S9-A6U5-01A,bisque,0.8167623811939643,0.015352356694024249,0.0,0.09895531828327424,0.0,0.016985225794004234,0.0,0.051944718034733044
TCGA-S9-A6U6-01A,bisque,0.0,0.11900196168593058,0.09110916831419034,0.17402640506604716,0.3828697880293143,0.1742902041786898,0.0,0.058702472725827785
TCGA-S9-A6U8-01A,bisque,0.0,0.14110295017051785,0.07273182678026656,0.031109121984224834,0.06071371000282799,0.03161427983494029,0.6580839501810127,0.004644161046209824
TCGA-S9-A6U9-01A,bisque,0.0,0.1860016953113129,0.0,0.0,0.0,0.5686417952053869,0.21924043016087222,0.02611607932242793
TCGA-S9-A6UA-01A,bisque,0.05590076777983319,0.33282526297950304,0.0,0.25976093781612913,0.0,0.3467685251175682,0.002522691800349609,0.002221814506616857
TCGA-S9-A6UB-01A,bisque,0.0,0.0,0.09537634596020073,0.07558687854300468,0.41487396772149077,0.06358199208686757,0.3446209972483284,0.00595981844010785
TCGA-S9-A6WD-01A,bisque,0.0,0.0,0.03734303752561005,0.05799340699370368,0.4072807585690591,0.05121180415803973,0.43950920666524934,0.006661786088337925
TCGA-S9-A6WE-01A,bisque,0.09264793815938796,0.005571867701696057,0.13128179954856242,0.02451327875432913,0.3134123473151473,0.29734986217079534,0.09991104590245511,0.03531186044762675
TCGA-S9-A6WG-01A,bisque,0.0,0.09156446897483222,0.07872380878489568,0.11203129907677528,0.0,0.7166198459184691,0.0010605772450277139,0.0
TCGA-S9-A6WH-01A,bisque,0.05020553729916046,0.0,0.09923130045856145,0.12161878479805677,0.4937187363465841,0.23027362244683822,0.0007299132324800647,0.004222105418318993
TCGA-S9-A6WI-01A,bisque,0.0,0.0,0.0,0.11430618639918996,0.03756326316006045,0.1547144275789251,0.6674819484053371,0.025934174456487352
TCGA-S9-A6WL-01A,bisque,0.0,0.0,0.08679594357994433,0.14857899512466807,0.1254820293138225,0.6116391046960621,0.0,0.02750392728550323
TCGA-S9-A6WM-01A,bisque,0.7098860512944255,0.013199928057177637,0.0,0.07931272667069746,0.0,0.17804112017213466,0.0,0.019560173805564816
TCGA-S9-A6WN-01A,bisque,0.9227199346900022,0.00019886910869928315,0.0,0.0,0.0,0.03568132361209505,0.0,0.04139987258920333
TCGA-S9-A6WO-01A,bisque,0.2740184313110359,0.16512229031533093,0.13986678903609961,0.05876205941185928,0.35230949739628586,0.0,0.0,0.009920932529388365
TCGA-S9-A6WP-01A,bisque,0.0,0.07457163474580834,0.1481442875747496,0.11931026503142898,0.14119639073727133,0.2793368499654147,0.23189394675273198,0.005546625192595049
TCGA-S9-A6WQ-01A,bisque,0.0,0.09939138697721586,0.11110786306425677,0.028980702694471755,0.2012643026135567,0.033006111078759885,0.5108812221792605,0.015368411392478597
TCGA-S9-A7IQ-01A,bisque,0.0,0.003087887717856595,0.1590003748121738,0.48142440143768445,0.000901527541804905,0.08508325807456965,0.11084866033593975,0.15965389007997074
TCGA-S9-A7IS-01A,bisque,0.022495923638528783,0.036118479821127474,0.129688519257845,0.1638248787906554,0.16130484843895124,0.33868355727095106,0.14788379278194103,0.0
TCGA-S9-A7IX-01A,bisque,0.4233111344844968,0.15372096791838868,0.0,0.1271908529897965,0.0,0.2559095826694766,0.0,0.03986746193784148
TCGA-S9-A7IY-01A,bisque,0.8632665402288638,0.009264924414458269,0.0,0.0,0.0,0.010666812398907863,0.015398384271523399,0.10140333868624656
TCGA-S9-A7IZ-01A,bisque,0.014926412035622531,0.0876989622517589,0.291731345870574,0.1396817458939127,0.03585348176699142,0.37749471573475696,0.002162411661797411,0.05045092478458617
TCGA-S9-A7J0-01A,bisque,0.24614434310828914,0.03445678750929759,0.3525688400228785,0.12559266264144045,0.16585055889425487,0.05468022352412562,0.01824629410905631,0.0024602901906575366
TCGA-S9-A7J1-01A,bisque,0.0,0.0,0.0,0.006245433662831977,0.0,0.0,0.8610582554840147,0.13269631085315345
TCGA-S9-A7J2-01A,bisque,0.0,0.0,0.04555642645786366,0.20360383395284112,0.39614286839121976,0.2681288259552185,0.018930326116859263,0.06763771912599775
TCGA-S9-A7J3-01A,bisque,0.0,0.021687519490720248,0.0009458457542713436,0.11475947372988299,0.05050442883966465,0.3055131922338927,0.45816378933381835,0.04842575061774962
TCGA-S9-A7QW-01A,bisque,0.0,0.006161671827169325,0.16444084058507616,0.06051319806024787,0.666762617974871,0.022300891000206675,0.06319586646889991,0.01662491408352903
TCGA-S9-A7QX-01A,bisque,0.0,0.11694139133025178,0.173415072579569,0.043337031549424636,0.5282840510264687,0.1297171730759748,0.006466771284418469,0.0018385091538926552
TCGA-S9-A7QY-01A,bisque,0.0,0.0,0.13259080189147426,0.04094133723117553,0.11399053384854739,0.08713455955236217,0.6167558573421679,0.008586910134272777
TCGA-S9-A7QZ-01A,bisque,0.0,0.0,0.1342975553903856,0.11572892275130411,0.27902118149384486,0.3679060433104363,0.08366944064181193,0.019376856412217213
TCGA-S9-A7R1-01A,bisque,0.042473540924702374,0.0,0.15856585636903828,0.15337828738622478,0.5362493769147004,0.07864770549933628,0.0,0.03068523290599786
TCGA-S9-A7R2-01A,bisque,0.15259542763523637,0.12254030425852856,0.040312788356285385,0.17770043928731383,0.0,0.04506321593366279,0.4472330125916377,0.014554811937335446
TCGA-S9-A7R3-01A,bisque,0.45772061474380465,0.03889994426873699,0.0,0.02135744760887252,0.0,0.14985500195577825,0.2742335252216147,0.05793346620119295
TCGA-S9-A7R4-01A,bisque,0.0,0.09828201247332723,0.09714116846479703,0.0755844931572998,0.12872272959577752,0.5970091686269794,0.0015634278585252973,0.0016969998232938429
TCGA-S9-A7R7-01A,bisque,0.5651477014084696,0.26880637456564765,0.0,0.0,0.0,0.14095147907764846,0.0,0.025094444948234335
TCGA-S9-A7R8-01A,bisque,0.0,0.13044752827647235,0.029499456623998607,0.06140352185363771,0.36693538671146336,0.085365997984673,0.3236497215248128,0.002698387024942099
TCGA-S9-A89V-01A,bisque,0.6083816695387932,0.03655622813204938,0.0,0.14978932625976535,0.0,0.1393819437244193,0.057044682755837434,0.008846149589135212
TCGA-S9-A89Z-01A,bisque,0.28767436933421336,0.30294541852433243,0.0,0.13793969529753466,0.0,0.22613054116260492,0.03299324238793833,0.012316733293376278
TCGA-TM-A7C3-01A,bisque,0.6936875032981858,0.0,0.0,0.06082989476095829,0.0,0.2317419467751212,0.0,0.0137406551657346
TCGA-TM-A7C4-01A,bisque,0.0,0.0,0.2173740879627262,0.3810406126857506,0.19359475587231637,0.07692003621832505,0.0,0.1310705072608817
TCGA-TM-A7C5-01A,bisque,0.03627056351526152,0.0,0.20664193227103192,0.11502808702129451,0.4021121208683716,0.23893183999672513,0.0,0.0010154563273152256
TCGA-TM-A7CA-01A,bisque,0.0,0.006751274869780485,0.19583129808274732,0.1302774301328201,0.2895362020055523,0.09346116786965755,0.2676178473566692,0.016524779682772984
TCGA-TM-A7CF-01A,bisque,0.0,0.0,0.00021985574871372516,0.30774525602139097,0.3083256854123626,0.014539182292692202,0.0,0.3691700205248405
TCGA-TM-A7CF-02A,bisque,0.0,0.0,0.0,0.004367010485996753,0.0,0.0,0.9827170920324211,0.012915897481582153
TCGA-TM-A84B-01A,bisque,0.7021924416073579,0.017868618325012315,0.0,0.10324172647088362,0.0,0.14312078189476635,0.0,0.03357643170197981
TCGA-TM-A84C-01A,bisque,0.8300924885203963,0.006155444642216336,0.0,0.0,0.0,0.13189637966837225,0.0,0.031855687169015226
TCGA-TM-A84F-01A,bisque,0.0,0.3335018295381444,0.23819045440104852,0.36019629149918925,0.0,0.03767187338318352,0.005415314538367288,0.025024236640067057
TCGA-TM-A84G-01A,bisque,0.0,0.0,0.09752182985981156,0.21943269542696986,0.43022947042620646,0.20432615970052245,0.023985341471301245,0.02450450311518851
TCGA-TM-A84H-01A,bisque,0.7938260236675826,0.004704074626761716,0.0,0.09231850172421532,0.06151559197339519,0.00927564013806666,0.0,0.0383601678699785
TCGA-TM-A84I-01A,bisque,0.4113914998738338,0.04436669047392409,0.17708113870331613,0.11186600208359689,0.2528789195177509,0.0024157493475782856,0.0,0.0
TCGA-TM-A84J-01A,bisque,0.13177942387358776,0.008399597799510739,0.10677072380896876,0.16313156606378207,0.27725717438918374,0.30928305887177654,0.0033784551931901633,0.0
TCGA-TM-A84L-01A,bisque,0.0,0.26667331815376205,0.0,0.19686016837484172,0.0,0.02276382976317914,0.483487728339787,0.030214955368430177
TCGA-TM-A84M-01A,bisque,0.12785298277119847,0.02615537294867394,0.1945372786913727,0.21460763914006634,0.34035416470590246,0.05219031907709116,0.03762646348198269,0.006675779183712247
TCGA-TM-A84O-01A,bisque,0.5247191253494103,0.004663781726833941,0.0,0.11449687109751708,0.0,0.10001485734991183,0.22812507873465795,0.027980285741668907
TCGA-TM-A84Q-01A,bisque,0.0,0.3023538686411094,0.1814430574597181,0.12582243111262417,0.23191712205242965,0.07530226272743884,0.08090282703677526,0.0022584309699044233
TCGA-TM-A84R-01A,bisque,0.0,0.0,0.0,0.3111377668442258,0.018747922060292205,0.053399774660898944,0.5406737220143134,0.07604081442026979
TCGA-TM-A84S-01A,bisque,0.7172998483158821,0.005302113711490355,0.0,0.056122623126938005,0.07382816876732733,0.014871152228885584,0.056086652098181325,0.07648944175129528
TCGA-TM-A84T-01A,bisque,0.0,0.07681160170161798,0.0,0.07552516002866493,0.49084313636598553,0.15595699233141389,0.19219351269572668,0.008669596876591032
TCGA-TQ-A7RF-01A,bisque,0.0,0.009697645201185066,0.13182331640149209,0.1390780818134948,0.2571383139459983,0.4134349857391451,0.0,0.04882765689868468
TCGA-TQ-A7RG-01A,bisque,0.22317470241164802,0.05720013045733433,0.14899587563373248,0.10143793168469621,0.15299250486937435,0.07549424830890233,0.1636622795590707,0.07704232707524157
TCGA-TQ-A7RH-01A,bisque,0.0,0.16626672247752933,0.24965858096060156,0.13867379573264377,0.19636378072078484,0.2031307953451154,0.03615051769972547,0.009755807063599613
TCGA-TQ-A7RI-01A,bisque,0.0,0.005503269845340164,0.0,0.14623821899192424,0.14005931904818192,0.07058062363618381,0.5885241774215855,0.04909439105678438
TCGA-TQ-A7RJ-01A,bisque,0.0,0.2518027358957734,0.2770846446042467,0.0963425655899616,0.13981317571573726,0.15630166349993008,0.0,0.07865521469435098
TCGA-TQ-A7RK-01A,bisque,0.017601280577208327,0.019979784596739537,0.21601594903233862,0.08405421319289501,0.511723101611761,0.10259399999209155,0.04197227942411475,0.0060593915728512325
TCGA-TQ-A7RM-01A,bisque,0.15152808914888885,0.0,0.0,0.23745241607930867,0.22359633966423456,0.3161628127948026,0.07126034231276544,0.0
TCGA-TQ-A7RN-01A,bisque,0.0,0.0,0.08352413361802144,0.13462552235197295,0.3569332613314038,0.2855793476675593,0.11342054229559409,0.025917192735448367
TCGA-TQ-A7RO-01A,bisque,0.0,0.0,0.0,0.27342916510298293,0.04323486144160122,0.577300886124289,0.0,0.10603508733112697
TCGA-TQ-A7RP-01A,bisque,0.11488495731140319,0.004277303600038716,0.0,0.0,0.0,0.3312384123464727,0.468440545378353,0.08115878136373256
TCGA-TQ-A7RQ-01A,bisque,0.0,0.0,0.0,0.12407421773972764,0.5255816921408877,0.29490320606660864,0.0,0.055440884052776064
TCGA-TQ-A7RR-01A,bisque,0.0,0.07750552052695314,0.13588301115990906,0.035751165787420484,0.13437037239418492,0.009581916206539807,0.5909282316854784,0.01597978223951418
TCGA-TQ-A7RS-01A,bisque,0.0,0.0,0.09805490739644049,0.05065284327029255,0.21998789191485596,0.26174467630078657,0.33899730130117584,0.030562379816448524
TCGA-TQ-A7RU-01A,bisque,0.06744932392160244,0.0,0.1873450901045937,0.13808865575303478,0.24474514497443056,0.32536319705931216,0.033926833361991385,0.0030817548250349092
TCGA-TQ-A7RV-01A,bisque,0.0,0.010410322585720822,0.20128702508367863,0.11194322856802001,0.17969217372753457,0.2006491292370517,0.2803948919500752,0.015623228847919057
TCGA-TQ-A7RV-02A,bisque,0.0,0.24021790385577027,0.0,0.16348354261676687,0.0,0.11711677832764464,0.3130098852506504,0.16617188994916796
TCGA-TQ-A7RW-01A,bisque,0.3874915263929036,0.13342047971686705,0.0,0.08920337537311997,0.20489664936601798,0.08811161907489866,0.08216710999983347,0.014709240076359412
TCGA-TQ-A8XE-01A,bisque,0.0,0.05219760185913261,0.0,0.04973263670583733,0.548305474307782,0.19900574941093307,0.1381240724747251,0.01263446524158996
TCGA-TQ-A8XE-02A,bisque,0.0,0.11342863027182314,0.0,0.09138696288723291,0.040349554268763736,0.26788566674786546,0.4720662964808562,0.014882889343458628
TCGA-VM-A8C8-01A,bisque,0.0,0.09286590143869765,0.4391721744709633,0.057614736875315625,0.2673878225479525,0.059417585618908864,0.035218144674705396,0.048323634373456624
TCGA-VM-A8C9-01A,bisque,0.6869982955032776,0.12568793512318532,0.006689013522381577,0.05936890326161607,0.021207321059786153,0.08361330305643634,0.003504266522825061,0.012930961950491822
TCGA-VM-A8CA-01A,bisque,0.7302089997821231,0.0,0.0,0.01644147032740088,0.018537655139059746,0.19797603136352077,0.0,0.03683584338789565
TCGA-VM-A8CB-01A,bisque,0.14054221441966042,0.0,0.16373754837358268,0.15840510159830437,0.35144250839085434,0.17593420048379774,0.009938426733800475,0.0
TCGA-VM-A8CD-01A,bisque,0.8669150049810586,0.05092285513120862,0.0,0.0,0.0,0.017808365530462684,0.0,0.06435377435727019
TCGA-VM-A8CE-01A,bisque,0.0,0.0,0.0,0.06568711845028882,0.13390216499412375,0.07488115908453856,0.6901473628157653,0.03538219465528359
TCGA-VM-A8CF-01A,bisque,0.6600887281104463,0.14720992042371175,0.0,0.027658639889467814,0.06098947891526926,0.07966174312157442,0.0,0.024391489539530468
TCGA-VM-A8CH-01A,bisque,0.0,0.19717885820936357,0.20153835360396652,0.12241206113043714,0.1570094701278867,0.19492116106796503,0.10294799697293691,0.023992098887444135
TCGA-VV-A829-01A,bisque,0.293370985381363,0.0340197613958024,0.12882798413647445,0.14887448998556754,0.21467965992217555,0.17728128586071498,0.0,0.0029458333179021214
TCGA-VV-A86M-01A,bisque,0.0,0.0802339227192824,0.15712437918732694,0.12024868345577087,0.49032564723741423,0.15206736740020554,0.0,0.0
TCGA-VW-A7QS-01A,bisque,0.0,0.032132955328226055,0.21593314413400905,0.20556495760400045,0.27730234435652595,0.21643581846912144,0.03468410633352712,0.01794667377458984
TCGA-VW-A8FI-01A,bisque,0.0,0.26378123955134075,0.0,0.3135140941329366,0.0,0.3429805627360506,0.034598254276283,0.04512584930338901
TCGA-W9-A837-01A,bisque,0.0,0.0,0.0,0.2729927717132593,0.5093550276239458,0.05693823705145394,0.0,0.16071396361134094
TCGA-WH-A86K-01A,bisque,0.0790108023751457,0.016558289077258682,0.08525022496375093,0.1414964543900168,0.3529931799098741,0.27341895726008913,0.00974748860353393,0.04152460342033069
TCGA-WY-A858-01A,bisque,0.0,0.18513270637224097,0.04442882864907749,0.06268448415453452,0.05924745851756197,0.5309386479749942,0.10929428272116505,0.00827359161042579
TCGA-WY-A859-01A,bisque,0.0,0.0016864956527580242,0.07907231395320106,0.2697614072704496,0.20994658044518463,0.24197026443059177,0.14518470834670594,0.05237822990110899
TCGA-WY-A85A-01A,bisque,0.0,0.03910796771526414,0.14282440325517437,0.11331309083690942,0.46088262784734474,0.1351253071025528,0.0,0.10874660324275451
TCGA-WY-A85B-01A,bisque,0.004366941279090728,0.2665791993488824,0.24139147603477742,0.14358334443301923,0.2709101565910484,0.03742240648138665,0.03574647583179517,0.0
TCGA-WY-A85C-01A,bisque,0.002312945828501009,0.051165297472397425,0.2036839412640065,0.04205500640071896,0.36741162801965077,0.3325505613508588,0.0,0.000820619663866545
TCGA-WY-A85D-01A,bisque,0.7637180913722659,0.11729784916811781,0.0,0.0,0.0,0.0,0.0402932276698332,0.0786908317897831
TCGA-WY-A85E-01A,bisque,0.315459929303657,0.0,0.14150444490070926,0.12120065820443968,0.33565689810764376,0.082728389145962,0.0,0.0034496803375881862
TCGA-CS-4938-01B,scdc,0.7371424840054696,0.008682233763118493,0.0035351853790396553,0.0018565684298213784,0.02647585763437988,0.1180753701370595,0.05917033766512791,0.04506196298598366
TCGA-CS-4941-01A,scdc,0.5328188749018211,0.0,0.034121354582030236,0.0036712403560044678,0.13482162830108657,0.20371443270631642,0.008313119731639885,0.08253934942110128
TCGA-CS-4942-01A,scdc,0.668635984007879,0.0,0.019121527407046823,0.0037200328286581953,0.04814666440917546,0.09097386329392598,0.15894341006217655,0.010458517991137974
TCGA-CS-4943-01A,scdc,0.7154133622507565,0.0035056745453829626,0.009742353940502225,0.003507318289196762,0.023525111378778517,0.2003435284397425,0.013525182687309316,0.030437468468331143
TCGA-CS-4944-01A,scdc,0.6604498193489182,0.008383793830490422,0.004839478897271673,0.0019737562605370434,0.02984780439690675,0.12334905090628813,0.06613641606515216,0.10501988029443562
TCGA-CS-5390-01A,scdc,0.54408427963207,0.0002981219741513627,0.019610755931321784,0.001994061179853816,0.01543986278263205,0.16272324116411452,0.24926789127163398,0.0065817860642225405
TCGA-CS-5393-01A,scdc,0.654588414715654,0.0,0.008513885892169662,0.001749303816022653,0.024417268388715142,0.17081262070019854,0.00948429665929432,0.1304342098279457
TCGA-CS-5394-01A,scdc,0.40958098801182424,0.003924036922908701,0.010970233843374913,0.002674478486016013,0.01556726753345893,0.5394959068888918,0.011490443786460898,0.006296644527064544
TCGA-CS-5395-01A,scdc,0.7840656741107354,0.0,0.011879287141637246,0.0,0.02821190535323412,0.1156531774914283,0.006061195183198885,0.05412876071976621
TCGA-CS-5396-01A,scdc,0.5913325565542626,0.005632382574116152,0.019192851367953675,0.003446425127529022,0.03550868790436453,0.310461270750025,0.0048174623107159744,0.029608363411032984
TCGA-CS-5397-01A,scdc,0.7250391592800959,0.010297446682706357,0.010192246858551678,0.002531174839465743,0.03428735789613102,0.1854138801563588,0.009684281825508921,0.022554452461181564
TCGA-CS-6186-01A,scdc,0.3226702727702091,0.02997593876369007,0.01871111343500863,0.00439372624859871,0.038844098738974146,0.3626460820222084,0.06482745724391549,0.15793131077739542
TCGA-CS-6188-01A,scdc,0.5766831994059888,0.016664700093959765,0.0057548590996465915,0.002940911192842952,0.023571077908594907,0.32810110705323614,0.031986606799523365,0.01429753844620757
TCGA-CS-6290-01A,scdc,0.5526439306395298,0.0029818224628279746,0.011650348629469771,0.004541493476258009,0.03622371628125788,0.1256516081883898,0.2553152496511964,0.010991830671070393
TCGA-CS-6665-01A,scdc,0.48259825703249176,0.00654237940990199,0.04607015660664005,0.011730828466130373,0.052005694220648,0.31155492360025255,0.08375041128606737,0.005747349377867919
TCGA-CS-6666-01A,scdc,0.4333003597596305,0.010544587163064473,0.026400513669299484,0.0033863264311230477,0.03712397698523716,0.4781085376078747,0.0008138035134796851,0.01032189487029107
TCGA-CS-6667-01A,scdc,0.5247564011895467,0.010482612436495162,0.007585927600622432,0.002887716248395046,0.02666931660596617,0.3316250424890833,0.06422335970573756,0.031769623724153734
TCGA-CS-6668-01A,scdc,0.6838366750197451,0.0070127676677089355,0.010200671532613562,0.002932163252539085,0.02745268945528031,0.2263492948541998,0.028913251397388796,0.013302486820524354
TCGA-CS-6669-01A,scdc,0.5876826422022463,0.0,0.005662067987797169,0.0022705563000826,0.02935493454991345,0.11612735076259725,0.14482370584033838,0.11407874235702493
TCGA-CS-6670-01A,scdc,0.708343041983788,0.016959837026952942,0.0036789920052783635,0.001840118286614944,0.01916072197094435,0.21536543367436364,0.025853064690435,0.008798790361622838
TCGA-DB-5270-01A,scdc,0.6268564965570103,0.013901043672685878,0.017174214801077236,0.002526475503210158,0.037092097974600266,0.1456112623857861,0.011746340794410028,0.14509206831122007
TCGA-DB-5273-01A,scdc,0.6920147617516014,0.0,0.0030586543602099956,0.0033531725185993438,0.031703067452020874,0.15762597936422856,0.10458601236671973,0.00765835218661999
TCGA-DB-5274-01A,scdc,0.4690610330498659,0.0136246313008933,0.025050223855658655,0.0030010004575790343,0.017620622831563394,0.46310562214761947,0.0,0.008536866356820189
TCGA-DB-5275-01A,scdc,0.6952196944049494,0.04099455302751405,0.011426405838829538,0.0028709184968540363,0.03180047805040628,0.18207943950963199,0.007348027690515699,0.028260482981299115
TCGA-DB-5276-01A,scdc,0.6206537875107158,0.005082144760698576,0.022945720312664446,0.0051328591901367415,0.031635832153238744,0.1533218213052157,0.04080915100372202,0.12041868376360794
TCGA-DB-5277-01A,scdc,0.7321435700803898,0.009582263349398962,0.01352887435944962,0.003762227608687925,0.027813179422384187,0.1389919718122758,0.04086041060356876,0.03331750276384497
TCGA-DB-5278-01A,scdc,0.6622137072509652,0.0010064102597739405,0.011779495156554121,0.0022938672368722976,0.04253087330166381,0.14718370904595432,0.007844769155161364,0.12514716859305508
TCGA-DB-5280-01A,scdc,0.6268462713474274,0.0,0.007290418868476222,0.002476837156906481,0.032760955103053935,0.1974900579089795,0.12766951430692097,0.0054659453082353815
TCGA-DB-5281-01A,scdc,0.6089609431931723,0.007925189767926107,0.01092038582224851,0.002670525744262162,0.02588063398843516,0.3151788528997186,0.02102434139052247,0.007439127193714857
TCGA-DB-A4X9-01A,scdc,0.7478604098997529,0.014725173814155782,0.00674976466688061,0.0014423287602689408,0.02618977715516609,0.13431489320584467,0.023667479045192258,0.045050173452738554
TCGA-DB-A4XA-01A,scdc,0.5845616611416173,0.010340977037648242,0.018929983936681785,0.0030962274210789243,0.05434095723328798,0.17139757521730753,0.14130738337891224,0.01602523463346601
TCGA-DB-A4XB-01A,scdc,0.7582315084744129,0.008040032829851962,0.021013110902388075,0.0043076513075336435,0.0539772704518645,0.09290009888463928,0.05305938362592436,0.008470943523385245
TCGA-DB-A4XC-01A,scdc,0.686330633184781,0.0055445400740681125,0.014569227323511883,0.0019666257828533456,0.03528622776902525,0.12249589596672397,0.006379168833354082,0.12742768106568236
TCGA-DB-A4XD-01A,scdc,0.5512133544106712,0.013177355431131067,0.0018731382465189642,0.002635903175861284,0.013602074435278683,0.15348510589537576,0.25999454154462487,0.004018526860538182
TCGA-DB-A4XE-01A,scdc,0.7260984840987061,0.004811122514571195,0.0015289248888737134,0.001895776181283139,0.022740871018635353,0.11055304085373495,0.11767573395675889,0.014696046487436705
TCGA-DB-A4XF-01A,scdc,0.6704884120594025,0.00681039100081117,0.013903741102161436,0.002236887186336406,0.02934154533180513,0.220102387401318,0.04377770743628419,0.013338928481881111
TCGA-DB-A4XG-01A,scdc,0.7265762872231007,0.008695777198521056,0.00476101644269177,0.0007511778803371932,0.012164164852535872,0.22782474545506698,0.009859833008470265,0.009366997939276044
TCGA-DB-A4XH-01A,scdc,0.5631864891767582,0.013471672504789164,0.010141003381967405,0.001550445048115013,0.015202108316767335,0.22765487937631523,0.05114547478132244,0.11764792741396518
TCGA-DB-A64L-01A,scdc,0.5234047791407062,0.03084511589823704,0.02457630796638891,0.005718379875131951,0.08025989621075742,0.2049535263105647,0.12321891625263724,0.007023078345576539
TCGA-DB-A64O-01A,scdc,0.6137161075864307,0.006899213760462859,0.004268962020900973,0.0012460671653735942,0.024195890489863217,0.16849635528890616,0.00367145843818723,0.1775059452498753
TCGA-DB-A64P-01A,scdc,0.49636153493998436,0.028776911718958822,0.010557345040714622,0.0022588933735746487,0.025730849250887037,0.23623194608286552,0.1875242548166326,0.012558264776382508
TCGA-DB-A64Q-01A,scdc,0.6760645820991861,0.014790812658913431,0.005669096688738458,0.002057051071136665,0.023376431725864868,0.17152666399133742,0.06812100149457159,0.03839436027025154
TCGA-DB-A64R-01A,scdc,0.6385506419992494,0.011290224806624649,0.005481090476534336,0.0016782760681169618,0.01674569948633547,0.22411100640030343,0.007382811982916741,0.09476024877991897
TCGA-DB-A64S-01A,scdc,0.37724454614106817,0.018468166384887214,0.012484946497067396,0.004319362423771567,0.029322530339421445,0.20074189273706594,0.3523967531592573,0.005021802317460939
TCGA-DB-A64U-01A,scdc,0.4432815029167136,0.015026839614806045,0.00511710437401324,0.0009144994811087671,0.014186094640191731,0.15358619238443583,0.36383073439616276,0.004057032192568057
TCGA-DB-A64V-01A,scdc,0.5661161205838092,0.005603664296667482,0.034080693635500064,0.0062617658172466305,0.04801689496393829,0.16380151689839187,0.13439278900652038,0.041726554797925905
TCGA-DB-A64W-01A,scdc,0.5875931043781977,0.005420629841903506,0.008034853928872725,5.563119756479484e-05,0.016456575004275126,0.31853132976760795,0.05600950929049778,0.007898366591080543
TCGA-DB-A64X-01A,scdc,0.6089541070060113,0.007304349326825079,0.009583232426020171,0.0025381029551295913,0.024837770906998558,0.3179993982647693,0.010969620649885813,0.017813418464360138
TCGA-DB-A75K-01A,scdc,0.3747889213828378,0.04460482075173292,0.004626143904617861,0.0010417961549035791,0.019485502928237513,0.3383669260609571,0.2050926993759318,0.011993189440781503
TCGA-DB-A75L-01A,scdc,0.5932246453093087,0.007187614874855434,0.0033188844457514946,0.001723934664561724,0.01777573776390159,0.2503445994882519,0.11290589053556586,0.013518692917803268
TCGA-DB-A75M-01A,scdc,0.5753911125805731,0.007047812740866393,0.004554756521767773,0.0032224283456024224,0.024152321392117402,0.12309792640896047,0.2464150196221212,0.01611862238799138
TCGA-DB-A75O-01A,scdc,0.6850664928294976,0.0028105566566587604,0.0019346974082935075,0.0017170037593608248,0.02951497907435295,0.14905848253678688,0.07664681353331902,0.053250974201730444
TCGA-DB-A75P-01A,scdc,0.6231286834922685,0.0,0.03097541748953018,0.005005186573590686,0.04242127460753394,0.16011012383898454,0.07794179671042706,0.06041751728766511
TCGA-DH-5140-01A,scdc,0.6247903018031035,0.019932817819794987,0.03434997131838771,0.004086458184163813,0.04114058248666863,0.2603653471471684,0.0016612753230301081,0.013673245917683027
TCGA-DH-5142-01A,scdc,0.6959006645369642,0.0017304369239465626,0.054639524419782454,0.01259803670913406,0.04373961828414462,0.18102017307361346,0.0034306760830496003,0.006940869969365086
TCGA-DH-5143-01A,scdc,0.7331260117430531,0.0006988545815154419,0.006589811795279216,0.0014670657620033266,0.026714598435974717,0.11844806020584049,0.0,0.11295559747633366
TCGA-DH-5144-01A,scdc,0.6718056481690086,0.027403670517443173,0.019278100943520036,0.003734544548326401,0.024726656659939842,0.2452454633811864,0.0,0.007805915780575598
TCGA-DH-A669-01A,scdc,0.6138357344714754,0.0005905794708754725,0.03250072322590836,0.004201783193945969,0.05511638564770008,0.2658589988044034,0.0219199735509071,0.00597582163478421
TCGA-DH-A669-02A,scdc,0.5120898705577891,0.0,0.020737435426891916,0.0018667681627424272,0.012944454226760492,0.43250583180909524,0.011903229089037093,0.007952410727683736
TCGA-DH-A66B-01A,scdc,0.6357505213066953,0.0,0.03599557878584913,0.010799404576529977,0.0626051028510756,0.2325229808065251,0.010726507831243745,0.011599903842081156
TCGA-DH-A66D-01A,scdc,0.6387505110752489,0.016164240220767276,0.017973284928689142,0.005760180058240865,0.03578682139054517,0.20899462660778795,0.06720075451253231,0.009369581206188197
TCGA-DH-A66F-01A,scdc,0.6223299303064144,0.012019877500804093,0.011333605378271041,0.0023291237280380927,0.029921771411471593,0.17229030206647725,0.1434005865306981,0.006374803077825602
TCGA-DH-A66G-01A,scdc,0.5983625585510217,0.038169923293350366,0.02622502302820149,0.004001203525154844,0.028774446024126595,0.1755603033183319,0.0,0.1289065422598131
TCGA-DH-A7UR-01A,scdc,0.4422254334566353,0.0,0.009644867225195232,0.0025715186272522576,0.015608767886272992,0.4423324167444581,0.08280045988016176,0.004816536180024421
TCGA-DH-A7US-01A,scdc,0.4201969090102637,0.005907032860138625,0.007169527991337776,0.0016394781501489408,0.015011363161618168,0.1181860273061232,0.42588188531882615,0.006007776201543499
TCGA-DH-A7UT-01A,scdc,0.4744690681442394,0.018681991379824556,0.0,0.0015662450689087454,0.010286008105390368,0.11750643510076446,0.3418770996388457,0.03561315256202682
TCGA-DH-A7UU-01A,scdc,0.47927148832227146,0.00825024957117038,0.00396691437837823,0.0011793420933915515,0.012570638405408072,0.17104882764046797,0.3103640560884978,0.013348483500414558
TCGA-DH-A7UV-01A,scdc,0.5373066890134085,0.006699220346855391,0.004442994384563269,0.002476213283073177,0.015073100071510663,0.1617975886038152,0.2569517087751972,0.01525248552157677
TCGA-DU-5847-01A,scdc,0.510519131361288,0.022454374872043707,0.05507729958953688,0.015201881987045559,0.06177229071321608,0.19862412363151905,0.13021118206090532,0.006139715784445314
TCGA-DU-5849-01A,scdc,0.581474092849232,0.011939496327508393,0.019404498931515333,0.0028845540147013774,0.0304342869487749,0.15848113702590372,0.06248356633634902,0.13289836756601522
TCGA-DU-5851-01A,scdc,0.6626915768142745,0.0,0.0023032953841280865,0.0011979389141964039,0.029090268549510637,0.09335961049210807,0.11745163714186826,0.0939056727039141
TCGA-DU-5852-01A,scdc,0.5429445256872935,0.013168324184588846,0.01645301764560678,0.003507406011724164,0.024447185939276687,0.36307077084173006,0.02773603457591133,0.008672735113868667
TCGA-DU-5853-01A,scdc,0.6153094921315164,0.0,0.0502765317715431,0.006332470267577956,0.07932788689157733,0.15384563901120982,0.005484304978945708,0.08942367494762972
TCGA-DU-5854-01A,scdc,0.26045086312746474,0.0,0.016996484047420466,0.00566470047881252,0.025994061500820943,0.2709489070655122,0.41589718290631017,0.004047800873658929
TCGA-DU-5855-01A,scdc,0.6888195708307487,0.015243505953160512,0.014947244856451424,0.002895720447810633,0.024513427093324686,0.2134796383642022,0.0194145767104823,0.020686315743819628
TCGA-DU-5870-02A,scdc,0.5346166805538745,0.006582362354418514,0.014908894820856097,0.002858464060326733,0.026255002425470377,0.34973850082847185,0.06280198866635334,0.002238106290228674
TCGA-DU-5871-01A,scdc,0.7499943850920378,0.01600215246424802,0.0,0.003238664669143527,0.017293557721516695,0.16907367950144267,0.023452438724646342,0.0209451218269651
TCGA-DU-5872-01A,scdc,0.4825338523945205,0.011530151936847925,0.027315218979443435,0.004238694734698528,0.05187094831078812,0.2967358003079212,0.08817625640208057,0.037599076933699536
TCGA-DU-5872-02A,scdc,0.29950881888869824,0.021576890817512715,0.06418374369778052,0.016359517285756516,0.07190664141944728,0.1615413135325067,0.3425672031626399,0.022355871195658142
TCGA-DU-6392-01A,scdc,0.5395777204026015,0.009389745495593526,0.023186583685091182,0.004165116386644222,0.0375777804257135,0.36411731320726176,0.01252219729729458,0.009463543099799698
TCGA-DU-6393-01A,scdc,0.5820738040049521,0.0132157927855143,0.0063218871745875154,0.002223176964392559,0.012120687168546758,0.29537810848245816,0.08151736424620463,0.007149179173344044
TCGA-DU-6394-01A,scdc,0.5705280434893563,0.008197227580968436,0.006781960181567827,0.001648266629664329,0.022982807830562117,0.3849269483190363,0.0,0.004934745968844698
TCGA-DU-6395-01A,scdc,0.589860608820023,0.029347368567479076,0.015317057740450356,0.0012200626864741092,0.037010901830049556,0.1630439612197631,0.1586728882439968,0.0055271508917638735
TCGA-DU-6396-01A,scdc,0.596976886418351,0.007757919080242185,0.05652910708731732,0.019634658932002447,0.04348675517387163,0.1992914363404528,0.06827690398829642,0.008046332979466197
TCGA-DU-6397-01A,scdc,0.4927095277510668,0.015450207856386516,0.011979113110709877,0.002989168170115271,0.04291222939760351,0.25647338538482295,0.17505086293082628,0.002435505398468762
TCGA-DU-6397-02A,scdc,0.3903425953071131,0.0,0.013921656087729948,0.001864208303700337,0.0175902286813435,0.5665217181580653,0.004675473353248825,0.005084120108799085
TCGA-DU-6399-01A,scdc,0.6375133197996388,0.0,0.009852251534546462,0.0026586053832093706,0.022842907133780548,0.21452926015651658,0.07657365395293733,0.036030002039370915
TCGA-DU-6400-01A,scdc,0.5533685192841435,0.012646916836041211,0.030283399489642784,0.0016432848775520814,0.02466731595700383,0.338982892410504,0.028479120472859724,0.009928550672252845
TCGA-DU-6401-01A,scdc,0.4165261582322969,0.032129071830511606,0.012344467373570481,0.0036642408108145653,0.02175439657797245,0.4677715495971731,0.01563423712334362,0.030175878454317396
TCGA-DU-6402-01A,scdc,0.4103414161194493,0.020388015898366512,0.061781604908119576,0.010091516384510021,0.04074767751000579,0.4457300155929864,0.003018877142234362,0.007900876444328103
TCGA-DU-6403-01A,scdc,0.6993911082164476,0.0009604141694391998,0.021896068421806112,0.0005771165087244704,0.023423340210544458,0.16061886554355403,0.08357448902218403,0.009558597907300055
TCGA-DU-6404-01A,scdc,0.42623752789529806,0.024143631235287046,0.02203339940642258,0.003220958187365639,0.02380935030229033,0.4962094474986761,0.0002031785732697868,0.004142506901390433
TCGA-DU-6405-01A,scdc,0.6292710013288842,0.026476925999445754,0.01601611252908113,0.004865353893858441,0.04116461308166608,0.1907441008181029,0.08677032539201233,0.0046915669569491
TCGA-DU-6406-01A,scdc,0.5162347558194558,0.004795307364879338,0.015570650467733392,0.0017315247689136185,0.020735867344700853,0.44093189423431706,0.0,0.0
TCGA-DU-6407-01A,scdc,0.7135369372866927,0.003197280752560713,0.0,0.002087754826209796,0.018187733044818404,0.19714998587441737,0.06013526487235571,0.0057050433429452424
TCGA-DU-6408-01A,scdc,0.7827707259866586,0.013946581907549976,0.00993815798335613,0.002981773653081487,0.026056326880590647,0.13677172222536998,0.012152033125427229,0.015382678237965929
TCGA-DU-6410-01A,scdc,0.7159547046394826,0.007363216448005421,0.00162339481793983,0.0021161500587201605,0.009295183225059355,0.25067103328313184,0.0,0.012976317527660788
TCGA-DU-6542-01A,scdc,0.6461547172917032,0.012446179816388247,0.010044456780857898,0.004779866711218949,0.024086096433662108,0.18263630045313053,0.11152616583059899,0.008326216682439994
TCGA-DU-7006-01A,scdc,0.6551734968673522,0.010321187470148954,0.04652527229518848,0.018778408050067186,0.055647665290922306,0.2062308428847176,0.0013586225162554124,0.005964504625347835
TCGA-DU-7007-01A,scdc,0.590729905193723,0.011547000460670323,0.04148316847551061,0.0102467302039547,0.08558726959973083,0.18890219331867752,0.06569779321901595,0.005805939528716893
TCGA-DU-7008-01A,scdc,0.7514174083285047,0.006130000565686229,0.012270482073392831,0.0027003968225057253,0.03080870863710297,0.1804070778400377,0.002846249144563286,0.013419676588206688
TCGA-DU-7009-01A,scdc,0.5497477068508215,0.006037408939742808,0.007066589131884096,0.0011538250113303492,0.016536342551188552,0.13583472229068372,0.27562433722535706,0.007999067998991947
TCGA-DU-7010-01A,scdc,0.6434610165849037,0.0036453720613478795,0.012535734521021734,0.0018555475536778587,0.028564609751533677,0.23925613656015404,0.0616649876560273,0.009016595311333656
TCGA-DU-7011-01A,scdc,0.5601273905503211,0.008569569474573066,0.015196547958760416,0.0035760020492842898,0.036375469539275125,0.3381607836833031,0.024987131400087185,0.013007105344395772
TCGA-DU-7012-01A,scdc,0.5369562558114047,0.004699492326684694,0.06452256054662416,0.009422971334970847,0.15127988726146357,0.1408037943950061,0.0,0.09231503832384584
TCGA-DU-7013-01A,scdc,0.6306574480510181,0.0,0.032874078205697155,0.004291257647585123,0.02499963927909331,0.2728943669263505,0.029590940823580315,0.004692269066675508
TCGA-DU-7014-01A,scdc,0.5316117612834357,0.005308632222782976,0.009543454141959402,0.00381891688396825,0.014963784595412094,0.3855613277135268,0.038758215274212034,0.01043390788470285
TCGA-DU-7015-01A,scdc,0.6711042898148413,0.0008794207574171388,0.03212239776072742,0.006652909427017671,0.047479373528787436,0.2283623832766442,0.002847790013693377,0.010551435420871403
TCGA-DU-7018-01A,scdc,0.3825465444499886,0.008925033785792619,0.0029538163410540662,0.0007113061027743283,0.0063023243600521875,0.5578494745553373,0.0,0.04071150040500086
TCGA-DU-7019-01A,scdc,0.5758055547762709,0.004828584104469308,0.016431647743930747,0.003805776375198053,0.027201347045298932,0.34906871708356524,0.01479096617832222,0.008067406692944592
TCGA-DU-7292-01A,scdc,0.7123495522887731,0.005653693676157395,0.013764722211601887,0.0013078804877280196,0.02547585827613222,0.21460971380689534,0.02070683395415217,0.006131745298559862
TCGA-DU-7294-01A,scdc,0.6039556538343026,0.0026651323729638054,0.008667630487271911,0.0020880192487209934,0.017723899908486506,0.21075355059282072,0.14975406574490258,0.00439204781053092
TCGA-DU-7298-01A,scdc,0.6725480280619146,0.005968631286181167,0.005396968911427226,0.0009135231300334295,0.021676249056246627,0.17323410732116842,0.041603096547000055,0.07865939568602842
TCGA-DU-7299-01A,scdc,0.5969839259092634,0.0020816770732376634,0.008416113941947863,0.0022899785405274316,0.02396373236667062,0.16409230028194585,0.16792476492538158,0.034247506961025666
TCGA-DU-7300-01A,scdc,0.597681676639892,0.0,0.02749296626337195,0.0024322942708025824,0.03236701611102201,0.1890122450480763,0.007070640590248027,0.14394316107658703
TCGA-DU-7301-01A,scdc,0.5111482155348961,0.013854158322742687,0.015311735628435281,0.003173322887349921,0.026814419267163093,0.2667237967890522,0.15931658191246767,0.003657769657893049
TCGA-DU-7302-01A,scdc,0.7612136014778813,0.009564582559666343,0.01408507892731156,0.0010170144535525088,0.0309614722072856,0.16801726901178118,0.00531855929046684,0.00982242207205468
TCGA-DU-7304-01A,scdc,0.7228803790617514,0.008968645428396356,0.008249209780217422,0.0015319797100155374,0.03930740041022291,0.19020175074198176,0.020161901710455985,0.00869873315695854
TCGA-DU-7304-02A,scdc,0.846517663569504,0.0,0.005286002071335722,0.0,0.01742885416406072,0.1141441847418218,0.00540979644024624,0.011213499013031461
TCGA-DU-7306-01A,scdc,0.4639920703380779,0.005556367878148052,0.018743265659414185,0.003639568406410226,0.0333149202419951,0.33201548367960054,0.13886718948877083,0.0038711343075830754
TCGA-DU-7309-01A,scdc,0.6508843020771944,0.013139764312830865,0.008637567521194224,0.0008020124269108683,0.02673908148502981,0.14166529232182595,0.003592365751544281,0.1545396141034696
TCGA-DU-8158-01A,scdc,0.7434789913194533,0.003131732915852707,0.03577606390458159,0.00925638176558129,0.04677773784131147,0.12852688477836927,0.006173243160732215,0.02687896431411814
TCGA-DU-8161-01A,scdc,0.49461643694471374,0.0035082461448885066,0.06301864385573819,0.011114383597256954,0.0796639383556618,0.19811004181019465,0.009432442523434564,0.14053586676811153
TCGA-DU-8162-01A,scdc,0.5978215340809125,0.015321389012861583,0.00918035460588525,0.0016166554793816824,0.03196462813591716,0.18516183300667696,0.15140075159837268,0.007532854079992057
TCGA-DU-8163-01A,scdc,0.5648755117357469,0.0,0.026467930659979842,0.005628535888707759,0.03588351222673676,0.15125798473452112,0.1670225634859636,0.04886396126834406
TCGA-DU-8164-01A,scdc,0.6727811031712738,0.012955670995342353,0.00465587253007868,0.0017398510199614717,0.024209903756515227,0.20444863726976353,0.06723472860435353,0.01197423265271153
TCGA-DU-8165-01A,scdc,0.5772054678500704,0.03115261308276584,0.06392891540595105,0.012847519907785744,0.0678646177144215,0.21128830339628982,0.005952700695564151,0.029759861947151463
TCGA-DU-8166-01A,scdc,0.7343391318715417,0.04681812123925995,0.008039958448647633,0.0028996705893465182,0.030781244850587395,0.16152808350438266,0.0033134622161867713,0.012280327280047514
TCGA-DU-8167-01A,scdc,0.6026650049249876,0.017243692657526916,0.006504355367991893,0.0038525701044043606,0.01875683908416562,0.19543130850219828,0.1362637803818812,0.01928244897684398
TCGA-DU-8168-01A,scdc,0.6489424867053983,0.026468998036327,0.012076493671011646,0.001056984994093872,0.03164628426155609,0.23150480374292778,0.002166523186359503,0.04613742540232573
TCGA-DU-A5TP-01A,scdc,0.5462368462973347,0.02947050818762469,0.022611763557646984,0.008883278904860821,0.03295717383281797,0.19741843130053274,0.15318462942874278,0.009237368490439397
TCGA-DU-A5TR-01A,scdc,0.5492772194256801,0.020528744496232185,0.033596210224093606,0.011414411761312936,0.10462474628157542,0.14316398904382183,0.13146344760148454,0.005931231165799436
TCGA-DU-A5TS-01A,scdc,0.5491771671593303,0.0,0.0022767394868040644,0.0016938445386936332,0.020326742024968144,0.24133381034467913,0.05900274738185146,0.12618894906367317
TCGA-DU-A5TT-01A,scdc,0.6194643403013721,0.03325234224876725,0.005140602641649809,0.0025941372939216074,0.0234672994901716,0.27702324769742576,0.03284771567111747,0.006210314655574486
TCGA-DU-A5TU-01A,scdc,0.6953137564522465,0.0044192373640383085,0.00910277398359939,0.0033131139688951407,0.023352402770676073,0.24439793259348733,0.014618447599825805,0.005482335267231599
TCGA-DU-A5TW-01A,scdc,0.5668643862713916,0.010994362641366188,0.002399636228275688,0.002845250480196587,0.011639791633547036,0.2594205380225763,0.11115299875928171,0.03468303596336494
TCGA-DU-A5TY-01A,scdc,0.5461224344570373,0.020721259625171098,0.035442996872707196,0.005292919372392552,0.04396668873402701,0.29408276377860326,0.029316074142887706,0.02505486301717395
TCGA-DU-A6S2-01A,scdc,0.4743493432491442,0.026550381476084607,0.008316615238291487,0.0019435079622524736,0.0262835632551923,0.10563289297010452,0.24887013391579835,0.10805356193313206
TCGA-DU-A6S3-01A,scdc,0.5293474994776007,0.016034173273196506,0.008978249420232445,0.002154379667105633,0.01927175257405841,0.20662546090537262,0.2051414336265771,0.012447051055856527
TCGA-DU-A6S6-01A,scdc,0.6789483209681605,0.0,0.01207083303188758,0.00010421472941361081,0.028020223338181143,0.0980742766782566,0.06503156435309636,0.1177505669010042
TCGA-DU-A6S7-01A,scdc,0.5124489531847171,0.009332194211422758,0.0011791813705432327,0.002646193651821565,0.03368682112994526,0.1539698673503761,0.28332639175046553,0.0034103973507083663
TCGA-DU-A6S8-01A,scdc,0.6105195036099335,0.006246765451376688,0.012811231793017035,0.003397560582833977,0.022922623397210486,0.29021862069353194,0.04671418205710882,0.007169512414987551
TCGA-DU-A76K-01A,scdc,0.5535418134233091,0.011547938806594528,0.016572574106690177,0.001506897960589238,0.026021199109875492,0.26341065806397523,0.12139049136730502,0.006008427161661163
TCGA-DU-A76L-01A,scdc,0.4684724566047915,0.021539491104965447,0.0254660039426587,0.0054249018348712635,0.04929879933114538,0.38855227517488233,0.03457764561234807,0.006668426394337407
TCGA-DU-A76O-01A,scdc,0.6689913121151935,0.0,0.00542535546021954,0.0021105759023984025,0.03993311185411712,0.18327509603983885,0.09350098479975097,0.006763563828481613
TCGA-DU-A76R-01A,scdc,0.6425234862826626,0.011025578877236337,0.005778369111895899,0.0021494261086453044,0.02893025771113579,0.19211794860541834,0.10913403078948383,0.008340902513521903
TCGA-DU-A7T6-01A,scdc,0.42805201326189096,0.002919456573848878,0.014432857066915723,0.001810112132193492,0.013909085796507995,0.38408421466124826,0.1480590472255948,0.00673321328179985
TCGA-DU-A7T8-01A,scdc,0.5944715285707304,0.024599107514614374,0.03665376298644694,0.003709402231658858,0.03265085086702721,0.2530152532142257,0.007887989933492028,0.0470121046818046
TCGA-DU-A7TA-01A,scdc,0.4543173814058648,0.030844215518399564,0.018657818591762576,0.003960128874479311,0.01641184069817509,0.46145290704383507,0.00339693186952633,0.010958775997957283
TCGA-DU-A7TB-01A,scdc,0.5719498247864327,0.0014374307120678899,0.002391611285014999,0.001267829600968371,0.022382824516432944,0.19267863106781521,0.18005712135064544,0.027834726680622326
TCGA-DU-A7TC-01A,scdc,0.6813219969530687,0.006213693223233172,0.008138571883006785,0.0012854218790731948,0.020410012236686825,0.17600111259880138,0.09833910261090578,0.00829008861522412
TCGA-DU-A7TD-01A,scdc,0.45539887081932956,0.05695869921656921,0.030282079622180064,0.0003276581910148444,0.03660995617917169,0.34009556846154126,0.07348562497665614,0.006841542533537231
TCGA-DU-A7TG-01A,scdc,0.5220527950339292,0.008217464444528323,0.008427895273222545,0.0011281035100844726,0.03904189334991608,0.19082649270361468,0.03157627249146391,0.1987290831932408
TCGA-DU-A7TI-01A,scdc,0.6462743473668279,0.06676141823742192,0.0061816031033430415,0.0013689440300919422,0.03946844657162261,0.1406732740605252,0.09264279841972436,0.00662916821044304
TCGA-DU-A7TJ-01A,scdc,0.559403903273313,0.017198256858039836,0.022312159541493893,0.001801493663959105,0.03717440826216779,0.314959471806685,0.03885320729221642,0.008297099302124949
TCGA-E1-5302-01A,scdc,0.7492561501602341,0.0020610531382823584,0.011570034326627003,0.0011998148583050414,0.02359210343071432,0.13490489218648535,0.0706923552887572,0.00672359661059461
TCGA-E1-5303-01A,scdc,0.5243368594408127,0.0036127741848551035,0.002715920280816229,0.0013312469366655814,0.02646925643726932,0.12551651701024444,0.3116949938818286,0.004322431827508041
TCGA-E1-5304-01A,scdc,0.669170027695251,0.0007722651585950549,0.005365560482195562,0.004020732098546764,0.015152876052768728,0.23059868471266515,0.057515349959296885,0.01740450384068095
TCGA-E1-5305-01A,scdc,0.6553612241139203,0.008029699507799071,0.009605045026119169,0.0014760078492586446,0.023868795966807063,0.1827989095539547,0.0,0.1188603179821411
TCGA-E1-5307-01A,scdc,0.6778563223453339,0.019852837779341537,0.004222065535815274,0.001257090197250371,0.023045848289110257,0.11392188543680493,0.1479020196453682,0.011941930770975608
TCGA-E1-5311-01A,scdc,0.6318937140224072,0.014867542402320359,0.012060671690169127,0.001053741685424511,0.01751264518516495,0.18401878080136264,0.014625243078070962,0.12396766113508019
TCGA-E1-5318-01A,scdc,0.318573770863953,0.002044945972371217,0.005472172786396113,0.0018626940839077766,0.014931517152114751,0.6558493657437428,0.0,0.0012655333975144668
TCGA-E1-5319-01A,scdc,0.5503598614192662,0.01036289983344263,0.014924498814253225,0.0021944391254416183,0.032382795255159885,0.18617714042065014,0.1916898394924986,0.011908525639287796
TCGA-E1-5322-01A,scdc,0.7238947437548064,0.007082169749695553,0.008481042313400286,0.0028239399678978245,0.02345238457766656,0.20401947473552165,0.015810214582177337,0.014436030318834333
TCGA-E1-A7YD-01A,scdc,0.6206996472229479,0.03620349869098049,0.01810950279100886,0.0021835615817685627,0.023697016633339667,0.2952572882725166,0.0,0.003849484807437885
TCGA-E1-A7YE-01A,scdc,0.5982254027203544,0.09871765531802368,0.012518532142495606,0.0030059587926018583,0.018780229974298953,0.2069273688024552,0.05689690766367306,0.004927944586097243
TCGA-E1-A7YH-01A,scdc,0.3217617674975205,0.007008763291200046,0.0004841642609114911,0.0011686830568897943,0.006641698177830764,0.06861095434685491,0.5880283700109281,0.0062955993578643
TCGA-E1-A7YI-01A,scdc,0.4892761490984309,0.02593248404624098,0.013312518113380117,0.001462139684553929,0.01665741720754334,0.3319662897016229,0.11109778393522882,0.01029521821299912
TCGA-E1-A7YJ-01A,scdc,0.3318068681638283,0.03099423686814601,0.03677731611995217,0.004074126114192345,0.049105443795279334,0.34384930601918634,0.20011927742200294,0.003273425497412378
TCGA-E1-A7YK-01A,scdc,0.2893158871351884,0.0,0.021662781624901376,0.005492207750951457,0.02399396819262269,0.07494450585095579,0.581131044537173,0.0034596049082074
TCGA-E1-A7YL-01A,scdc,0.7016017861295332,0.03161659368777777,0.040164976282510194,0.006331976238890825,0.04439049095054709,0.1116947838258731,0.05677905926101715,0.007420333623850711
TCGA-E1-A7YM-01A,scdc,0.3821963754571982,0.003194730802629243,0.0011921239550621934,0.0022330247352503685,0.014477663176016639,0.0904392809969127,0.500579202722264,0.005687598154666732
TCGA-E1-A7YN-01A,scdc,0.325348216639291,0.0070147327220247396,0.046751165570914126,0.01137946063845177,0.09984467797283472,0.24132438373661513,0.26219127088243405,0.00614609183743452
TCGA-E1-A7YO-01A,scdc,0.5851420548101781,0.015304761740405208,0.009082906237825115,0.0011287147953385314,0.01568534557093824,0.2804587182499142,0.08136568181024509,0.01183181678515547
TCGA-E1-A7YQ-01A,scdc,0.42042472460883407,0.025212368011264388,0.03006215049872122,0.007166163080410536,0.055902039026076905,0.44628556870860425,0.0014181773304932609,0.013528808735595383
TCGA-E1-A7YS-01A,scdc,0.6245843818384026,0.0421168490172396,0.00856784796696294,0.001915495189428021,0.01956503789273069,0.25431351143910896,0.03397720678140341,0.014959669874723825
TCGA-E1-A7YU-01A,scdc,0.49080495130389884,0.0,0.0038804029469410263,0.0009488033967723716,0.013677780147400436,0.07825639588148606,0.3296136130227676,0.08281805330073355
TCGA-E1-A7YV-01A,scdc,0.5188306559011083,0.018777541716956874,0.017433098188585877,0.001140511108763762,0.0238788316184391,0.39551628211669165,0.011489459556294875,0.012933619793159547
TCGA-E1-A7YW-01A,scdc,0.6304620546181987,0.030643091794261217,0.0038019040852189144,0.0026525139819149036,0.019052876787425746,0.12207676713180982,0.18670489002519186,0.004605901575978791
TCGA-E1-A7YY-01A,scdc,0.5410470099226071,0.013430849089929352,0.00567898204243669,0.0009829069689628993,0.025655914948165087,0.13693742159911432,0.26448807134206326,0.01177884408672119
TCGA-E1-A7Z2-01A,scdc,0.5391128138629604,0.005034614556361387,0.0035795694615468883,0.0,0.019464267662090824,0.12292547473581267,0.1331135196811331,0.17676974004009469
TCGA-E1-A7Z3-01A,scdc,0.5527587144441698,0.00285035942939783,0.012802908988758813,0.000373524161055163,0.0372559472773991,0.24934729002621328,0.1387060803553863,0.005905175317619655
TCGA-E1-A7Z4-01A,scdc,0.6394704352286233,0.0238155612076869,0.010427816488766882,0.0025574525579683738,0.04506909655480711,0.20174506862109048,0.03310966302038204,0.0438049063206749
TCGA-E1-A7Z6-01A,scdc,0.7284784647719373,0.021549024458155704,0.00016463678747035773,0.0035413955448644965,0.02592659705647176,0.1462662647163648,0.06007662209775416,0.013996994566981485
TCGA-EZ-7264-01A,scdc,0.6422559209393487,0.022841062303973658,0.015190213800518495,0.0008863962036727664,0.02193709886051567,0.15909872846160503,0.0948293514587157,0.04296122797165001
TCGA-F6-A8O3-01A,scdc,0.6567485758780753,0.01744740399181365,0.012017509457943337,0.0019773377943592065,0.016880192319656134,0.21267226466740174,0.0722317011992489,0.010025014691501744
TCGA-F6-A8O4-01A,scdc,0.6027801031524408,0.009536467917677552,0.010214824013890423,0.0013172165688268246,0.019948120021345387,0.16864630746095494,0.027616872251629617,0.15994008861323453
TCGA-FG-5962-01B,scdc,0.6891935132715682,0.012125470610803971,0.012241163771827449,0.001955580850114501,0.03148117730225796,0.18652064211509753,0.05556126479096913,0.010921187287361118
TCGA-FG-5963-01A,scdc,0.46931602709855597,0.0017069256463355827,0.052578889175408206,0.009605082430307329,0.03771353972641464,0.1916566688660747,0.1971455801573048,0.04027728689959869
TCGA-FG-5963-02A,scdc,0.7959365020695564,0.026944833564963872,0.023351812427202728,0.0014615053769223714,0.037072830645828996,0.10723012350273083,0.0009423166495228026,0.007060075763272066
TCGA-FG-5964-01A,scdc,0.5850481685888154,0.006192438554860722,0.01850395069763602,0.0032397078299148062,0.03559106448683798,0.2636907654656228,0.015062863370485142,0.07267104100582716
TCGA-FG-5965-01B,scdc,0.6882967910174115,0.015628380631731536,0.024964274766960358,0.00190078180097253,0.05725085354207806,0.200510309697688,0.0,0.011448608543158137
TCGA-FG-6688-01A,scdc,0.6756831207277256,0.010942232209336334,0.007788083812897201,0.002769698893751748,0.025045340486934197,0.1781367498504055,0.04081714375197884,0.05881763026697044
TCGA-FG-6689-01A,scdc,0.6545889313532858,0.01015660110392456,0.007749188860510659,0.003619650770963379,0.03189513900691721,0.12761367877369975,0.1369695017955057,0.027407308335192903
TCGA-FG-6690-01A,scdc,0.7122842055082058,0.013310158108593324,0.02301009525065565,0.0046640658781020175,0.04764498274450201,0.16890131905523872,0.02006520573896723,0.010119967715735208
TCGA-FG-6691-01A,scdc,0.6188669036854482,0.0035992683138786753,0.003324284126357535,0.0035928291176453688,0.022544783380747956,0.24951871856095445,0.0018902626368869763,0.09666295017808087
TCGA-FG-6692-01A,scdc,0.42516830813777884,0.005016789511608742,0.053170656074826746,0.0026992144254636037,0.05467147033607013,0.45353150289026045,0.0,0.00574205862399158
TCGA-FG-7634-01A,scdc,0.4642928423746841,0.03075331976566051,0.02341869185505803,0.004288769330236373,0.024478139057727576,0.4392726244231679,0.009658458050342813,0.0038371551431227247
TCGA-FG-7636-01A,scdc,0.7381737159879761,0.0,0.005346094387611644,0.0014114886521990066,0.018051285793975084,0.15808193981980265,0.002695178447090243,0.07624029691134523
TCGA-FG-7638-01B,scdc,0.6464360162881836,0.005336226570937184,0.015496457864819886,0.002464916121062177,0.018887706695125964,0.2200645706390082,0.03414427965779768,0.0571698261630654
TCGA-FG-7641-01B,scdc,0.4846398476993187,0.007266522933067285,0.004564808120178204,0.0007718832980330321,0.023466187014129607,0.0782068851043997,0.3969443921361124,0.004139473694761124
TCGA-FG-7643-01A,scdc,0.48785768357667114,0.007865730711295052,0.021824868367554318,0.002270843761144015,0.037244739196709856,0.2567266713479559,0.008598132467521178,0.1776113305711484
TCGA-FG-8181-01A,scdc,0.5037291751367821,0.014870198859285507,0.013656270767731054,0.0024894304496835846,0.03747259754911457,0.23699435000886895,0.005564055190733808,0.18522392203780047
TCGA-FG-8182-01A,scdc,0.4053773357773871,0.015975705874717763,0.006777710817724868,0.0029720146195106895,0.01948636798473378,0.14574135262544502,0.38350911973344065,0.020160392567040143
TCGA-FG-8185-01A,scdc,0.5721861325287589,0.02692237255288521,0.008203172799619513,0.001864126979953948,0.012628402306607323,0.3585094496538272,0.006362026234280409,0.0133243169440676
TCGA-FG-8186-01A,scdc,0.6189690948494629,0.029628761106255175,0.017529227201027855,0.005746919768819045,0.037749042905406004,0.18002773682813653,0.10276812349061261,0.007581093850279942
TCGA-FG-8187-01A,scdc,0.5144238760685454,0.012541803648069921,0.0018722902963234846,0.001547439187497807,0.015530484197787683,0.11679659778502274,0.26227405067414217,0.07501345814261084
TCGA-FG-8188-01A,scdc,0.4363341614715507,0.011736907580733475,0.0010801708161562891,0.0015412557375471363,0.01164734791395547,0.23474681357421195,0.2968236281788774,0.006089714726967574
TCGA-FG-8191-01A,scdc,0.5157491406920284,0.07493474442196271,0.013837668068431399,0.0030903695498175256,0.03184617113184097,0.16869444905847655,0.18402063146931447,0.00782682560812804
TCGA-FG-A4MT-01A,scdc,0.5434989703303732,0.004190782786873903,0.0,0.0032743926278135647,0.010252026642374436,0.3801626397720958,0.038029507619503945,0.020591680220965112
TCGA-FG-A4MT-02A,scdc,0.6072022861877368,0.027419754877363187,0.013754775515162075,0.0008048698616777435,0.026394683919147965,0.15529773926592574,0.004518957266764376,0.1646069331062222
TCGA-FG-A4MW-01A,scdc,0.6089337797150166,0.0,0.0036649920296068566,0.003162036919181689,0.031139099100169362,0.2591522303304806,0.04596035432535983,0.047987507580185086
TCGA-FG-A4MX-01A,scdc,0.5839548126918928,0.021190845799576506,0.0,0.00304438211728724,0.023946125566772492,0.3513106226070376,0.00794242367579396,0.008610787541639391
TCGA-FG-A4MY-01A,scdc,0.35013379418678103,0.01662720165947765,0.008887789242129128,0.002024670441390786,0.017042329084086354,0.07990217279642552,0.516904392307329,0.008477650282380565
TCGA-FG-A60J-01A,scdc,0.5754481469691753,0.020819535105052436,0.014414598621311009,0.0034372894245308988,0.06536935135261435,0.09667927862037337,0.21562362261420007,0.008208177292742534
TCGA-FG-A60K-01A,scdc,0.6057996390135703,0.032692234554534946,0.010364751206739279,0.0034744508587093675,0.045693063694042156,0.14384714882443467,0.13902065452612877,0.01910805732184065
TCGA-FG-A60L-01A,scdc,0.5727550743808039,0.004475867169138153,0.011580448706551318,0.003829775493796476,0.04866231645989016,0.1710843059571971,0.17760706863041648,0.010005143202206582
TCGA-FG-A6IZ-01A,scdc,0.6931793037070467,0.0,0.007562286421386052,0.0031330177952389395,0.022619437138483536,0.24922355175055666,0.011681439778872146,0.012600963408415891
TCGA-FG-A6J1-01A,scdc,0.596538404587326,0.0061011920546736615,0.020270635417320597,0.0019022482328702188,0.022724412770028454,0.33805624843004756,0.006497750623620502,0.007909107884112972
TCGA-FG-A6J3-01A,scdc,0.6238590420623986,0.015264965890305172,0.03322507907699846,0.006222798693289539,0.02510974921386934,0.26018396565747837,0.03135086462049901,0.004783534785161445
TCGA-FG-A70Y-01A,scdc,0.38736208687769563,0.005518463523243467,9.901679239723641e-05,0.0017456089753863087,0.011311500097630848,0.10470549508817095,0.4707437489151379,0.018514079730337626
TCGA-FG-A70Z-01A,scdc,0.5030679871755434,0.0014560736067609594,0.012258317429355663,0.0010743953859913536,0.046742323691544456,0.3663424545690674,0.0,0.0690584481417369
TCGA-FG-A710-01A,scdc,0.5644627910585478,0.018183820716403024,0.01719157324046768,0.0031569253341946152,0.028664379765996433,0.3164840609716345,0.046161617655295084,0.005694831257460812
TCGA-FG-A711-01A,scdc,0.6125577572284062,0.012650640994171672,0.004323093442798683,0.001231922322500827,0.01373748465807262,0.18494292796077724,0.036720381104945375,0.1338357922883274
TCGA-FG-A713-01A,scdc,0.3911898367778179,0.0,0.006060639540773184,0.0005744542215386008,0.01767475294472922,0.12646865812011224,0.3794574353862604,0.07857422300876846
TCGA-FG-A87N-01A,scdc,0.5695125251646773,0.0,0.02230042561028362,0.0035442561828228697,0.027473163427323925,0.22086573653845815,0.15092451893697448,0.005379374139459671
TCGA-FG-A87Q-01A,scdc,0.35140641112399085,0.018399048918781812,0.021508461533688402,0.006193589060452888,0.020419698897448553,0.16263482821355196,0.4174886174918703,0.0019493447602152824
TCGA-FN-7833-01A,scdc,0.5160184288288278,0.13858369868539544,0.01609480075107143,0.0038156736445937233,0.04038381884280387,0.17619727147875813,0.09545355407923539,0.013452753689314255
TCGA-HT-7467-01A,scdc,0.5280457744602121,0.0017760585155082531,0.012473132438845291,0.0006909661711061998,0.0259447681582312,0.17656975404212133,0.24317885477831436,0.011320691435661208
TCGA-HT-7468-01A,scdc,0.5862089461237314,0.01053209359632748,0.018775699468861654,0.0058520013370562465,0.03059959169308619,0.2620061573135451,0.07958202643594749,0.006443484031444482
TCGA-HT-7469-01A,scdc,0.6646070090706193,0.026680560247078076,0.0069637731449436755,0.0025370932670326293,0.018460152828546315,0.26436920003993825,0.012075075350856359,0.004307136050985437
TCGA-HT-7470-01A,scdc,0.7039889910410958,0.0,0.010956750705552853,0.00028476109367175977,0.029832031920944423,0.13439399385651435,0.030616938647578584,0.0899265327346423
TCGA-HT-7471-01A,scdc,0.5711997518512516,0.006058662998370649,0.022377290859880602,0.003819551565573509,0.0367545217538028,0.31585176921488106,0.0391318131560538,0.004806638600186015
TCGA-HT-7472-01A,scdc,0.6804909340852969,0.008078702186652416,0.024901686771580927,0.006387119103508734,0.040841488023477826,0.13950570570996426,0.09611431416789688,0.003680049951622018
TCGA-HT-7473-01A,scdc,0.622873272667732,0.0038204929917045804,0.030900502241656295,0.008276252139950712,0.0924191883871928,0.142928307016936,0.07934257375176385,0.019439410803063814
TCGA-HT-7474-01A,scdc,0.5723890440126297,0.006745316993642988,0.01195262578937004,0.0014419693687547715,0.02294867263194694,0.12975833491644037,0.23910800674910881,0.015656029538106315
TCGA-HT-7475-01A,scdc,0.6414833986225503,0.0,0.016238781818403505,0.0011967714808863762,0.019215805938416732,0.18013996909943425,0.01277734231519055,0.1289479307251182
TCGA-HT-7476-01A,scdc,0.4020600853109495,0.0,0.016926354186843608,0.0012143570145715292,0.028439248269920055,0.45355791010436125,0.0,0.0978020451133542
TCGA-HT-7477-01B,scdc,0.5682176749111179,0.007086212460355302,0.004684861617663489,0.002140425760429933,0.016488208176318436,0.368988153571619,0.01375948560027398,0.018634977902221853
TCGA-HT-7478-01A,scdc,0.6296136443332256,0.016225492006554244,0.04350993855900214,0.011581007059263076,0.04804008437328862,0.17168129190824197,0.006134799006162677,0.07321374275426158
TCGA-HT-7479-01A,scdc,0.4415121837679671,0.010303432590504584,0.009247348355676189,0.00256212836802876,0.026285372320712087,0.12411628427098906,0.3736081810566274,0.01236506926949489
TCGA-HT-7480-01A,scdc,0.6859414620003447,0.0,0.0062886815144822415,0.002407740150958874,0.025473825979676522,0.16178758892589296,0.025432192746046446,0.0926685086825983
TCGA-HT-7481-01A,scdc,0.657232294475394,0.002980273806040415,0.008821130584232405,0.0013052443342490435,0.032906537738132124,0.13258765714629223,0.06253321168879979,0.10163365022686002
TCGA-HT-7482-01A,scdc,0.5085588859138406,0.011477094212650276,0.002228181575774117,0.0016186816269842153,0.020944897537847892,0.1188274845652952,0.3306123439028114,0.005732430664796514
TCGA-HT-7483-01A,scdc,0.586632249360033,0.014547050255083873,0.014050480285507264,0.002077556154205321,0.016774911995698152,0.2758776859886128,0.0,0.09004006596085955
TCGA-HT-7485-01A,scdc,0.5811951518399404,0.003595734903410591,0.0014554228409675502,0.002729200357612774,0.024278964345349343,0.10589710445667165,0.2624949755747338,0.018353445681313894
TCGA-HT-7601-01A,scdc,0.6709565646567498,0.0028579150844345287,0.03921711862295275,0.006719539805559596,0.03887888563345359,0.14417410172929065,0.08913636660216294,0.008059507865396122
TCGA-HT-7602-01A,scdc,0.4395240099925009,0.003542539793366222,0.0032380391548864486,0.0013719777689359329,0.02189157376422959,0.08757063863578333,0.43908814935662427,0.0037730715336733345
TCGA-HT-7603-01A,scdc,0.7842166006937896,0.009440576543959496,0.00398136983924217,0.0021604616854236348,0.03268278240308289,0.12545710585646747,0.03380128050403046,0.00825982247400421
TCGA-HT-7604-01A,scdc,0.747550941091332,0.009260758824597544,0.0070719447114085884,0.0026827660040375408,0.020647463414167847,0.20300356593985402,0.0019134392338246277,0.007869120780777767
TCGA-HT-7605-01A,scdc,0.5790922302206976,0.014851818758318104,0.007154871060365863,0.0017720978167050142,0.01971271687404218,0.12346762063265032,0.24796259797899467,0.005986046658226254
TCGA-HT-7606-01A,scdc,0.5041404045788945,0.006677561334371567,0.008698892549172837,0.0021313936870632736,0.02241020527958452,0.43680484095072303,0.013885271904423358,0.005251429715766845
TCGA-HT-7607-01A,scdc,0.6896895914288438,0.012702402531980257,0.012554227517638171,0.0015777417997217618,0.038401220864198664,0.17035967342186645,0.06542744853853984,0.009287693897211088
TCGA-HT-7609-01A,scdc,0.6252662291331985,0.021075165394150847,0.0,0.002724992361971099,0.030252553840992086,0.20312702988417972,0.10786822469408325,0.009685804691424455
TCGA-HT-7610-01A,scdc,0.6221542595443333,0.013331003746059254,0.011382071306202739,0.0020158323827194724,0.039952764352204066,0.12875078417664682,0.1690245928004247,0.013388691691409486
TCGA-HT-7611-01A,scdc,0.6709659389504037,0.006393143158403445,0.010870409924294383,0.0038685158213117347,0.033673124603339544,0.118789908426501,0.14371836525354312,0.011720593862203244
TCGA-HT-7616-01A,scdc,0.3463272783876594,0.014729662288124981,0.0479035236526266,0.011156985036997673,0.10366212944172513,0.4106315527845907,0.05826262027353794,0.007326248134737674
TCGA-HT-7620-01A,scdc,0.30346519511626396,0.0057227308797409854,0.00024087793393204234,0.0011665499229775217,0.012159491345851052,0.07882908968350175,0.5929491097148386,0.005466955402894044
TCGA-HT-7676-01A,scdc,0.5504826035974854,0.0010857827801110805,0.022701041580795236,0.0026563104184499755,0.027427721106942235,0.21362800310630525,0.16474159011671843,0.017276947293192426
TCGA-HT-7677-01A,scdc,0.5243662206077284,0.023326510062439756,0.012870095510330241,0.0031422769348821216,0.04787484134541846,0.22367954697601664,0.1612622321173961,0.0034782764457883084
TCGA-HT-7680-01A,scdc,0.49886670242787273,0.12631402529004696,0.017119316543907574,0.004921053899262409,0.06333315993853443,0.19155636935125486,0.0009382422299014132,0.09695113031921976
TCGA-HT-7681-01A,scdc,0.5931501870485663,0.007233013596293076,0.04147740655354377,0.004527473994911617,0.03602375306456735,0.16099077277768417,0.006558218242029712,0.15003917472240386
TCGA-HT-7684-01A,scdc,0.43858999327762355,0.012876942124413789,0.0,0.002055665234614986,0.012761796435152222,0.4510432428813146,0.056430790823770914,0.026241569223109974
TCGA-HT-7686-01A,scdc,0.7812647802680313,0.00043610645641846364,0.01929880663153052,0.005571880141190143,0.024905283422422292,0.13828455340932205,0.013155974505518855,0.017082615165566563
TCGA-HT-7687-01A,scdc,0.5735014372964028,0.008215732357521148,0.022812410828940758,0.006614141915201694,0.04199216678933168,0.2694299000641813,0.016314146608840605,0.061120064139579974
TCGA-HT-7688-01A,scdc,0.6523531145874994,0.015261739454350609,0.013184703338268336,0.002059928622576162,0.03333498404812693,0.1854164902635958,0.08977423844426359,0.008614801241319171
TCGA-HT-7689-01A,scdc,0.5306898336358271,0.0021794473891428284,0.00021303846564447906,0.0021895691409191185,0.023679526528124918,0.0909250618805725,0.34362232649763474,0.006501196462134175
TCGA-HT-7690-01A,scdc,0.5407495068666475,0.007076235380790269,0.03943251536784462,0.00821957185626637,0.031664501134516576,0.34854704350047816,0.012984225985534656,0.011326399907921841
TCGA-HT-7691-01A,scdc,0.2888123684810155,0.056101120799433385,0.017963856598916552,0.003882485851842233,0.044231513547795885,0.5652573402086234,0.0025365005631284754,0.02121481394924458
TCGA-HT-7692-01A,scdc,0.6554603813286699,0.007691704801368857,0.009830996842567493,0.0023633792140779616,0.022739287252810027,0.2440369058831473,0.0268049419054699,0.031072402771888587
TCGA-HT-7693-01A,scdc,0.49340043621902696,0.030598121975793986,0.023379094920901164,0.005790417644205454,0.028160905484882877,0.3985364312644877,0.007606448892602291,0.012528143598099641
TCGA-HT-7694-01A,scdc,0.60469208070229,0.008658582681092951,0.009108226973352243,0.00026519177963872426,0.022610613075865985,0.14446095995585792,0.044971595793955176,0.165232749037947
TCGA-HT-7695-01A,scdc,0.6636316173884782,0.00215428555854996,0.01079063957649908,0.0004223732458345414,0.02665375478146492,0.136817392543682,0.000563524673277895,0.15896641223221342
TCGA-HT-7854-01A,scdc,0.48540861862809975,0.09789140519507436,0.004684308751070348,0.00325762964975263,0.030250996579302074,0.15573239665332425,0.2126124728790669,0.010162171664309785
TCGA-HT-7855-01A,scdc,0.5706648794923347,0.011129437905028723,0.001736735553107638,0.003221090270861738,0.012996108663200761,0.3791563367596644,0.0038612666286612324,0.01723414472714072
TCGA-HT-7856-01A,scdc,0.5205031889474794,0.004687956217513277,0.010656416302133636,0.0004731798450250407,0.032809901440320734,0.1465086023408731,0.11527377721059096,0.16908697769606393
TCGA-HT-7857-01A,scdc,0.2921797608730233,0.04431269880558537,0.06356260371921155,0.018707196831873836,0.06911916950295494,0.4827899292806753,0.02000674038447274,0.009321900602202917
TCGA-HT-7858-01A,scdc,0.40458846399876053,0.00806507475102962,0.025084635208721635,0.003695251811606112,0.10894500329649748,0.12280300417765565,0.3151803682833023,0.011638198472426744
TCGA-HT-7860-01A,scdc,0.49346338898671444,0.046826058945807006,0.018923817217353978,0.005590901079998929,0.03679210547841559,0.39492269030675137,0.0,0.0034810379849587038
TCGA-HT-7873-01B,scdc,0.5243988383464262,0.00955782295914664,0.0,0.002162185509908327,0.010299243708022444,0.1428866957990442,0.2980120929393395,0.012683120738112681
TCGA-HT-7874-01A,scdc,0.5958167326021863,0.01030863003488036,0.007958300995396243,0.0010095732107630805,0.026812980793989055,0.12316286980940555,0.012652284168172427,0.22227862838520696
TCGA-HT-7875-01A,scdc,0.6609999247885576,0.0,0.0038297510482770422,0.0013727787817357066,0.024604949590850012,0.18289192876887728,0.07808899670454839,0.04821167031715392
TCGA-HT-7877-01A,scdc,0.5556639495520923,0.00533211118360734,0.01346774705512065,0.0006750283949733269,0.026438068027574833,0.2140667808901019,0.03518186243601144,0.14917445246051833
TCGA-HT-7879-01A,scdc,0.5235485821734714,0.010104844770682745,0.0,0.0023201388191292148,0.02053353245320278,0.22640724672208842,0.2127938134692908,0.004291841592134549
TCGA-HT-7880-01A,scdc,0.45085440313037084,0.003909461363390038,0.008780828210682731,0.002112979417936638,0.024934578685699815,0.1183389396007982,0.38406075870078477,0.007008050890336954
TCGA-HT-7881-01A,scdc,0.5525630428596076,0.0008900897533932367,0.011536694601325951,0.00025753414571409955,0.02515677343182602,0.08169672545834068,0.23680900255869797,0.09109013719109466
TCGA-HT-7882-01A,scdc,0.38634810341413367,0.12207878032910863,0.054248306822208645,0.014332355312185819,0.08139170146119461,0.3073060860897973,0.026455238117895987,0.007839428453475326
TCGA-HT-7884-01B,scdc,0.4621527188746614,0.003680874014901776,0.0025041310747610955,0.002486659876857694,0.015954312927450805,0.08379147467795518,0.4103528265268618,0.019077002026550362
TCGA-HT-7902-01A,scdc,0.3954144951120088,0.0024773273801148446,0.01249210513519292,0.002275881697453619,0.023734424025126672,0.10078028375086469,0.45476726004829005,0.008058222850948402
TCGA-HT-8010-01A,scdc,0.6374868074931703,0.008612900755967684,0.00832996968896327,0.0008508532011875947,0.031214022078796744,0.1474460218876328,0.006692815473980074,0.15936660942030165
TCGA-HT-8011-01A,scdc,0.593736252056192,0.004682815142881562,0.016623105673837,0.0012907547728290094,0.03069834838490932,0.3438821826948208,0.0031261174379435728,0.00596042383658685
TCGA-HT-8012-01A,scdc,0.603227918202822,0.019600997034153023,0.005244934898858763,0.0023703435618676154,0.02056451253496986,0.190968856426427,0.13159060091411967,0.02643183642678212
TCGA-HT-8013-01A,scdc,0.5323961314408387,0.008886066587441281,0.005919381189475954,0.0035039059141833088,0.026631184224537325,0.1776797081812514,0.23794627195056084,0.00703735051171127
TCGA-HT-8015-01B,scdc,0.5503241132925035,0.024366833605879285,0.01863925041577299,0.002045046666627633,0.032296784405805065,0.18394796807547326,0.1800714151120661,0.008308588425872213
TCGA-HT-8018-01A,scdc,0.40620514388486184,0.02317696397145939,0.02906604055661373,0.0006805872898074703,0.04447608172954069,0.3771612443881413,0.005254183261153247,0.11397975491842233
TCGA-HT-8104-01A,scdc,0.45772097193010924,0.004635006336153922,0.011681645151278819,0.001515246440318156,0.018486998893085523,0.4877770808256842,0.012355422737362834,0.005827627686007255
TCGA-HT-8105-01A,scdc,0.5572527689311189,0.03152568827504686,0.013840201749102884,0.0024050003080586862,0.02733069601380656,0.30174899777869646,0.05750987355732448,0.008386773386845167
TCGA-HT-8106-01A,scdc,0.42450254911226226,0.0,0.05053910622052764,0.020169968714633536,0.27453650758499965,0.11295607194720486,0.11283671959071057,0.004459076829661472
TCGA-HT-8107-01A,scdc,0.35519456459490434,0.017298494718459057,0.004097260210056651,0.002639526051316235,0.029161972842141802,0.1491127424372267,0.4346437779726291,0.00785166117326616
TCGA-HT-8108-01A,scdc,0.6068048158698028,0.0,0.019315733075119728,0.0036434075611938214,0.058020982398872614,0.22875729619539095,0.006110129470870178,0.07734763542874983
TCGA-HT-8109-01A,scdc,0.6077349089470727,0.008004607773583538,0.013490163021014457,0.001228741709351921,0.027309267098048207,0.1364006991617674,0.1958982864965426,0.009933325792619269
TCGA-HT-8110-01A,scdc,0.6799963303392891,0.010277365172273194,0.027922281867696148,0.005725053747379537,0.03865683806350748,0.1790333902679601,0.0,0.058388740541894364
TCGA-HT-8111-01A,scdc,0.4694012034666184,0.0,0.018794189726719396,0.003174533589114977,0.04798759290077469,0.10928845372594254,0.29292168549331654,0.05843234109751344
TCGA-HT-8113-01A,scdc,0.5464274817654283,0.006669719739197087,0.022942220024586256,0.002185626520041738,0.05315640504847378,0.13501853377599088,0.060433008490366064,0.17316700463591606
TCGA-HT-8114-01A,scdc,0.5847055742534232,0.02213986324245953,0.03053129709084281,0.00525478638812852,0.04222496927061863,0.2750972839118979,0.0,0.04004622584262924
TCGA-HT-8563-01A,scdc,0.5537441289730646,0.013148778841515704,0.09486239568267277,0.022807579321272205,0.05657527749313753,0.20169971600695363,0.047832317207785364,0.009329806473598174
TCGA-HT-8564-01A,scdc,0.6821719163201917,0.0,0.034811469191707516,0.005761544669412037,0.04447242650543244,0.1357822896697221,0.003481085978013729,0.09351926766552057
TCGA-HT-A4DS-01A,scdc,0.5755735239394488,0.0,0.03339266116022741,0.010983926476436728,0.04366728063143123,0.2805206967076682,0.0,0.055861911084787705
TCGA-HT-A5R5-01A,scdc,0.6534315132978401,0.025427500757186715,0.006652623402312195,0.0,0.03239194072217109,0.1480559000099528,0.0032278277662993182,0.13081269404423793
TCGA-HT-A5R7-01A,scdc,0.7463255090770972,0.018724789016459884,0.011836287469598852,0.0009194997348084397,0.032268786010532714,0.10648587205674463,0.07769461684881937,0.005744639785938942
TCGA-HT-A5R9-01A,scdc,0.5257505476236821,0.0033998503692723703,0.047525234058319855,0.005256729488168271,0.03347848921407811,0.36347936150072463,0.005280786136558286,0.0158290016091964
TCGA-HT-A5RA-01A,scdc,0.3021814492379964,0.013027296700436734,0.026050669651058466,0.003680498645646063,0.030808056670335957,0.6189423826967133,0.0,0.005309646397813258
TCGA-HT-A5RB-01A,scdc,0.6348701748734967,0.0,0.006543752257105053,0.0010938064954532033,0.03711165489638878,0.1902942004587034,0.017255609320839325,0.11283080169801367
TCGA-HT-A5RC-01A,scdc,0.4551620363581109,0.047711577004924094,0.014629806510504974,0.0050861257070154275,0.023449654893542518,0.2587506330196177,0.19153401331468073,0.0036761531916036467
TCGA-HT-A614-01A,scdc,0.4953005598521249,0.0017109152345145418,0.002567478159074231,0.0017498063597010463,0.025783070060801674,0.12983499090246825,0.3380524135074669,0.005000765923848549
TCGA-HT-A615-01A,scdc,0.6047728249479498,0.0024769622605725896,0.03576252124428088,0.007549547275236369,0.027399978043410537,0.13235423376125116,0.07000573839154743,0.11967819407575124
TCGA-HT-A616-01A,scdc,0.5962120634940183,0.02599256744993626,0.009903572564257314,0.0016527640801767799,0.041946186805362135,0.210724046431825,0.0,0.11356879917442425
TCGA-HT-A617-01A,scdc,0.4730830293368347,0.011551655585081195,0.04414962489530137,0.00913017478223559,0.08398740577632864,0.2913978803352707,0.005320924967850709,0.08137930432109712
TCGA-HT-A618-01A,scdc,0.6535339950016433,0.0027720731231742385,0.017734828559884834,0.006331841723282166,0.06475375054433116,0.14046622658813382,0.02148018699369411,0.09292709746585626
TCGA-HT-A61C-01A,scdc,0.5504683798311127,0.025294048152375508,0.03794714347899964,0.007182507765412736,0.04922258570356993,0.2987067603377652,0.02550613143299217,0.005672443297772046
TCGA-HT-A74H-01A,scdc,0.551779877387475,0.0,0.019534326420408598,0.004827551228248703,0.04036278521091931,0.14744325417610885,0.22903989411937667,0.007012311457462904
TCGA-HT-A74J-01A,scdc,0.6121891453246263,0.005816953408563446,0.0038188736632160736,0.0023320295659190354,0.02581446708517304,0.12968952404641895,0.10629050591179041,0.11404850099429273
TCGA-HT-A74K-01A,scdc,0.4568460869920651,0.005011948198870402,0.006731237184558942,0.0007585931990853976,0.01897753501535961,0.38629774062127364,0.12049617105557288,0.004880687733213982
TCGA-HT-A74L-01A,scdc,0.5315437782607723,0.05147255540333574,0.001879124241812982,0.003274499471311629,0.01463321114044042,0.25618140304473375,0.13255446243222327,0.008460966005369967
TCGA-HT-A74O-01A,scdc,0.44521622302907793,0.0005328104477108964,0.04933853050884006,0.009478660147510547,0.03455166795313115,0.23024747335225845,0.22544114714443705,0.005193487417033963
TCGA-HW-7486-01A,scdc,0.5687124450217711,0.00469936691790869,0.0035452114515249723,0.0014530967418337516,0.021992729957043957,0.13434529561039926,0.2606614495044903,0.004590404795028
TCGA-HW-7487-01A,scdc,0.39086596494830056,0.007174386850095121,0.003095105093943074,0.001190173593882262,0.012704951163657198,0.1129083427837205,0.4649596727425173,0.007101402823883884
TCGA-HW-7489-01A,scdc,0.7296838648760076,0.0064669931559931905,0.006621757605778197,0.0011883911489161403,0.04569368274876302,0.14534828952744014,0.044368334462867566,0.020628686474234364
TCGA-HW-7490-01A,scdc,0.5017692089294531,0.013306425621688945,0.019830586718522347,0.001953703437127363,0.02546698770408645,0.41784783568005457,0.0026528213434962953,0.017172430565570797
TCGA-HW-7491-01A,scdc,0.4704484857323597,0.008522248480094518,0.015755153986061695,0.0015500262831998999,0.030597878081512517,0.4271989897089873,0.04207007500652918,0.003857142721255187
TCGA-HW-7493-01A,scdc,0.6994077050992297,0.02153334747137542,0.02465778937167429,0.003969243015721043,0.057499099472738506,0.1728764462734038,0.004646822003539435,0.015409547292317772
TCGA-HW-7495-01A,scdc,0.5641903337501536,0.0070071733798774335,0.0037231336458875075,0.0005555604987253013,0.02026555863531644,0.16328802790147123,0.11880174624734204,0.12216846594122648
TCGA-HW-8319-01A,scdc,0.7727459087574564,0.01260999343243851,0.010725869438477373,0.00022838938298306183,0.029005549468545496,0.11964633492913578,0.045827958485867605,0.009209996105095729
TCGA-HW-8320-01A,scdc,0.6580031070293683,0.038532569917312284,0.009150518615448397,0.002476296494406653,0.02136969586919894,0.2572250502894508,0.0034631720582359833,0.009779589726578634
TCGA-HW-8321-01A,scdc,0.45987741685228983,0.034090038404982016,0.009975528190388081,0.003977801570168753,0.03660672873170615,0.23493608560276408,0.19362758098869512,0.0269088196590061
TCGA-HW-8322-01A,scdc,0.5513040792212969,0.018663600470522106,0.020251501655579873,0.004517437307835885,0.047880287575312444,0.16693958320439353,0.18115972478476375,0.009283785780295652
TCGA-HW-A5KJ-01A,scdc,0.518980179754233,0.006329732627695572,0.04736916916978622,0.004830330145192092,0.01996328771862486,0.35975103765765654,0.0011243570706268521,0.0416519058561848
TCGA-HW-A5KK-01A,scdc,0.519024251361044,0.031389333696849646,0.018791210073187875,0.005456397780585401,0.02414543092805647,0.1382000690849592,0.24382933438103466,0.01916397269428278
TCGA-HW-A5KL-01A,scdc,0.5250483998076404,0.001781100703429054,0.01078966510403744,0.0026252939274982647,0.021423865458359108,0.18646668083985665,0.2419473014399077,0.00991769271927131
TCGA-HW-A5KM-01A,scdc,0.539881907927096,0.0,0.03193906735567133,0.011912667882358032,0.0560500641527871,0.29578250900605263,0.05333625432374263,0.011097529352292376
TCGA-IK-7675-01A,scdc,0.5209138173512657,0.009495594385589608,0.0029602773840805056,0.0021479661746374077,0.0155523910420606,0.2490798371594661,0.1911213669069314,0.008728749595968598
TCGA-IK-8125-01A,scdc,0.6855073397738717,0.004384059470347935,0.013461455146693434,0.001704144423692082,0.04427104787436824,0.20724434708083878,0.03778617436559448,0.0056414318645932925
TCGA-KT-A74X-01A,scdc,0.4518117844684046,0.016279294495219063,0.036964265668359135,0.0036818734989893993,0.055075006017403186,0.3786550618199863,0.05382292275517796,0.0037097912764603
TCGA-KT-A7W1-01A,scdc,0.5237913600511185,0.022269094232236542,0.024334750905777254,0.005326847542326763,0.02430985037182917,0.3983583655812027,0.0,0.0016097313155090975
TCGA-P5-A5ET-01A,scdc,0.6725437716215331,0.0,0.009024600613216681,0.0020416676913731406,0.01689783374979344,0.1038032208427056,0.12353295190320421,0.07215595357817393
TCGA-P5-A5EU-01A,scdc,0.7092689212251071,0.021128167176648022,0.017829227176421235,0.0035318904112096113,0.04852284900947211,0.18789122355633114,0.002890881492522535,0.008936839952288252
TCGA-P5-A5EV-01A,scdc,0.5822541701489679,0.0,0.029603822828808,0.003544557840524045,0.04592285692506419,0.2912803852241546,0.04339447600750986,0.0039997310249715
TCGA-P5-A5EW-01A,scdc,0.6426523771515354,0.011588188044099024,0.01734815295005555,0.0030349812006636107,0.034836961803824305,0.1268548385240462,0.06963085465321918,0.0940536456725568
TCGA-P5-A5EX-01A,scdc,0.3143865061976088,0.0224508492714209,0.04735617034496902,0.010417154796674152,0.056236317855541104,0.526310290498068,0.011536621123503099,0.011306089912215028
TCGA-P5-A5EY-01A,scdc,0.755129024647702,0.0,0.026770376897544624,0.006229575765098219,0.03161378985137132,0.16412868814066262,0.009470209784876268,0.00665833491274489
TCGA-P5-A5EZ-01A,scdc,0.5192009236138987,0.0,0.04039391982951898,0.011048894423120766,0.033751064943360956,0.16865135456673475,0.18790330701955718,0.0390505356038086
TCGA-P5-A5F0-01A,scdc,0.6681670523262102,0.0006590221398183398,0.015291755106982061,0.0015663320945692612,0.03633714826601658,0.15709894110662187,0.11556499971647621,0.00531474924330535
TCGA-P5-A5F1-01A,scdc,0.6808496897594265,0.004171682533108612,0.01464295113076671,0.0016005317549017358,0.03964038338658047,0.17410466117297782,0.0768533297682175,0.0081367704940206
TCGA-P5-A5F2-01A,scdc,0.5605139546967031,0.017710784203098264,0.0107958292215103,0.0014292220962501456,0.0199681437537507,0.12396296231193275,0.258384653338491,0.00723445037826388
TCGA-P5-A5F4-01A,scdc,0.6179378551002813,0.009643699429084558,0.02270409676150308,0.0035743064521395543,0.03675193974353132,0.23694773407912803,0.06755063627674625,0.004889732157585939
TCGA-P5-A5F6-01A,scdc,0.2674609722821046,0.3258265641718498,0.08244685207698088,0.012685558435643318,0.04171539079450513,0.2696026934040926,0.0,0.000261968834823542
TCGA-P5-A72U-01A,scdc,0.17814640247991598,0.0016772335065701443,0.0370802920276229,0.004163942281351049,0.10543819668238742,0.6232679229368169,0.0,0.05022601008533565
TCGA-P5-A72W-01A,scdc,0.674679768766309,0.0032183419313381745,0.017039505261085896,0.0028355036440444897,0.023434782454919038,0.12710427073203656,0.1475864861257955,0.004101341084471233
TCGA-P5-A72X-01A,scdc,0.6438693584344864,0.018021091958962444,0.019038725270745124,0.004816735170436791,0.03385433076603153,0.238576251077168,0.028188947710098194,0.01363455961207138
TCGA-P5-A72Z-01A,scdc,0.5984765344082655,0.015745860533945208,0.015058681046805057,0.0036784992583820944,0.02055575828917169,0.2896662136630663,0.05124791001115527,0.005570542789208819
TCGA-P5-A730-01A,scdc,0.28309658975301477,0.0049083800629213725,0.011232664952251892,0.0022950608730037945,0.01034489307532459,0.34102990093690155,0.3415603463840564,0.005532163962525517
TCGA-P5-A731-01A,scdc,0.5859472065656295,0.015326900379326937,0.007196226550858576,0.0012618559447082915,0.03356009578971004,0.25552445068730006,0.0012840568955037241,0.09989920718696285
TCGA-P5-A733-01A,scdc,0.5951667294574228,0.02328372701347838,0.007488735112806931,0.001535841472048662,0.0179389731003152,0.21729019776875694,0.00024564074413263907,0.1370501553310384
TCGA-P5-A735-01A,scdc,0.5812335647245056,0.0003683837881568051,0.0022558553932017097,0.002075491546212895,0.011307176177864043,0.0920399911811087,0.30648542723611527,0.00423410995283495
TCGA-P5-A736-01A,scdc,0.6194603357522664,0.012738716478813127,0.01091264472004346,0.005151493778294817,0.05093343532974164,0.1701370024924891,0.12314154251898764,0.007524828929363681
TCGA-P5-A737-01A,scdc,0.6966919982703528,0.008744528185251838,0.010431390966309476,0.0018559433909019747,0.029175497073674055,0.15628334516051093,0.08597741606634432,0.010839880886654722
TCGA-P5-A77W-01A,scdc,0.3994090582216292,0.015154084799512947,0.008611952296546054,0.0008730767592038177,0.0177787207925012,0.35322995718355304,0.1993288586317808,0.00561429131527283
TCGA-P5-A77X-01A,scdc,0.6574651098564307,0.0,0.012586792396345631,0.0009610346813029248,0.02623839281386047,0.1510205305769101,0.13318302598913256,0.01854511368601755
TCGA-P5-A780-01A,scdc,0.4226682469076082,0.010471206595284926,0.005839546573384949,0.004105613888750499,0.014950041961107193,0.16250633034949863,0.37259250887811474,0.006866504846250902
TCGA-P5-A781-01A,scdc,0.5482088878062347,0.003224141786985095,0.0017583538408361052,0.002248396980349009,0.016524530328193433,0.12874282546774005,0.27839591203525016,0.020896951754411502
TCGA-QH-A65R-01A,scdc,0.41395040977242586,0.02765273123392922,0.0059261391974735145,0.0007005349302596984,0.017770323375051654,0.5156400634593862,0.002661458612136252,0.01569833941933767
TCGA-QH-A65S-01A,scdc,0.6693974563194313,0.004394685555925363,0.004027730539814145,0.0016815572295996743,0.03322334661930827,0.12914403647900027,0.1544671062089215,0.003664081047999412
TCGA-QH-A65V-01A,scdc,0.5123761087352161,0.005777503186559288,0.0,0.001242449894360124,0.017251732555786162,0.11580298681468335,0.34132624125591793,0.006222977557476947
TCGA-QH-A65X-01A,scdc,0.34388584207491474,0.0033803719211923998,0.015524071822871967,0.0029006560070524126,0.016932625305249027,0.6085138308204525,0.004367022840201714,0.0044955792080652954
TCGA-QH-A65Z-01A,scdc,0.5755037036505861,0.013710719238191081,0.010057120364262252,0.0015476231980175164,0.02848546702734947,0.20479080811197592,0.1614516559090765,0.004452902500541145
TCGA-QH-A6CS-01A,scdc,0.2738068750739073,0.008537406660442325,0.0020547609758425765,0.0012617419115410746,0.015511645973562943,0.11283048307623135,0.57375202101184,0.012245065316632463
TCGA-QH-A6CU-01A,scdc,0.47255423664300605,0.011403428325002145,0.004137581108642227,0.0009743910735567666,0.019008938205648532,0.11606038632706012,0.36666558711998387,0.009195451197100324
TCGA-QH-A6CV-01A,scdc,0.40474951296295203,0.003483701933837079,0.017043436791449675,0.0031037901937561,0.03663039902038421,0.38238181149030237,0.1422858315394323,0.010321516067886258
TCGA-QH-A6CW-01A,scdc,0.6017778713024851,0.07106623359580856,0.006008082903433091,0.004052564673117091,0.04036500961008227,0.18453097875853086,0.08682393166274208,0.005375327493800877
TCGA-QH-A6CX-01A,scdc,0.2786385175730967,0.025140860573844355,0.007669847881217966,0.0026237957979441933,0.02247944176412546,0.13869451757710277,0.521197206772775,0.003555812059893477
TCGA-QH-A6CY-01A,scdc,0.5407413956860433,0.009649971469801759,0.009251166624949889,0.0016392658920488387,0.030429237339668794,0.13806975572633412,0.26076466932814285,0.009454537933010463
TCGA-QH-A6CZ-01A,scdc,0.633635203980605,0.012114662725320344,0.010866665744044575,0.0018560388398824366,0.021936726080513527,0.17669023952039153,0.01796014451749525,0.12494031859174727
TCGA-QH-A6X3-01A,scdc,0.5358973871480005,0.061654029954173815,0.005467710554017897,0.002790762737321476,0.02187502885247231,0.16929692688571174,0.19460537231230654,0.008412781555995714
TCGA-QH-A6X4-01A,scdc,0.30740685219465336,0.0019401398453280786,0.0038722997066909315,0.0011440409084862212,0.016829599643802172,0.09335995950613814,0.5723131325701992,0.003133975624701742
TCGA-QH-A6X5-01A,scdc,0.42372065513062296,0.0038894557647843535,0.002426336680887581,0.0009692537988528841,0.013352073336713531,0.1102150580537096,0.43262019978576105,0.012806967448668044
TCGA-QH-A6X8-01A,scdc,0.41765005102533537,0.016214038162849997,0.002888336674041362,0.002061896021373275,0.020122298483587986,0.15981715230628166,0.3740547852179438,0.007191442108586544
TCGA-QH-A6X9-01A,scdc,0.630184601448986,0.0071015417063033355,0.008456865845385264,0.0017761836889482218,0.020017453227248974,0.19096241087606988,0.028987683726548703,0.11251325948050962
TCGA-QH-A6XA-01A,scdc,0.5418083769510394,0.005519652240124754,0.0046348294116712015,0.0018863119199093359,0.011575522377582134,0.12457040658254413,0.23737511119751023,0.07262978931961878
TCGA-QH-A6XC-01A,scdc,0.5382387070530575,0.008868771991635972,0.010473122362342453,0.001668930282611853,0.026437712281257172,0.19480576279164627,0.2132743853799876,0.006232607857461052
TCGA-QH-A86X-01A,scdc,0.6274116034972609,0.03484377723540511,0.020094129111836584,0.0036044000624872808,0.028059891934271594,0.18422381489033499,0.09397683616625899,0.007785547102144583
TCGA-QH-A870-01A,scdc,0.5914097432490454,0.04107147396845596,0.006134871947489003,0.0036899491736713786,0.03205900680549365,0.17548553320459725,0.14262649618353926,0.007522925467708074
TCGA-R8-A6MK-01A,scdc,0.6290656655546887,0.008651515659616983,0.0002755935410836,0.0011694992979569745,0.017753836993230455,0.12513521227221377,0.21360378962326063,0.00434488705794897
TCGA-R8-A6ML-01A,scdc,0.4895796585142429,0.008720164000657345,0.01708840372029549,0.002371131764123503,0.022969226762035663,0.2491969840842729,0.20630254023027642,0.0037718909240959026
TCGA-R8-A6MO-01A,scdc,0.29265627936159744,0.007401764292451654,0.020461805660156263,0.001587508793766922,0.018266256035376238,0.24876165372956216,0.40809815192133336,0.0027665802057560427
TCGA-R8-A6YH-01A,scdc,0.5793347832503704,0.08427396312003227,0.004518912625965504,0.0038409990628601007,0.02154487271401331,0.25748738762490636,0.0355991958605814,0.013399885741270948
TCGA-RY-A83X-01A,scdc,0.31608152877000384,0.008194155733375768,0.0,0.001602587681669854,0.009228655377745797,0.18068605359434525,0.4821076085539187,0.0020994102889408477
TCGA-RY-A83Y-01A,scdc,0.46118108922110035,0.010789909238776674,0.02068853092072915,0.0021659869432572,0.01804195007510721,0.38697166374406516,0.09392792788344682,0.006232941973517497
TCGA-RY-A83Z-01A,scdc,0.7516471868147679,0.00804134555639773,0.012072291245011434,0.0006190748920115003,0.027409711720809644,0.17256862916172735,0.024427034460792516,0.003214726148481928
TCGA-RY-A840-01A,scdc,0.4890008544066547,0.006856366009919243,0.017561129800718618,0.0031584746252165414,0.03336908858503328,0.43045457379060326,0.007794194355176481,0.011805318426677949
TCGA-RY-A843-01A,scdc,0.592123187753857,0.008345121723904704,0.00872078433738858,0.0015441799939160058,0.03443201316011688,0.18652925916363947,0.158928002343705,0.009377451523472462
TCGA-RY-A845-01A,scdc,0.6115416751409611,0.013014434435360352,0.00860904006377393,0.001906491440121864,0.027995046872512697,0.1839783652698197,0.1386013107702558,0.014353636007194418
TCGA-RY-A847-01A,scdc,0.6041661373022562,0.013618757533535373,0.009125103663515457,0.0025616784303225844,0.027923870443060536,0.251336516039891,0.08280229878985307,0.008465637797565862
TCGA-S9-A6TS-01A,scdc,0.5937898361962451,0.003446358160543576,0.005374631497434803,0.001471995038286687,0.029192501105276773,0.29461161818677345,0.06416752374376744,0.00794553607167219
TCGA-S9-A6TU-01A,scdc,0.41987498542840035,0.01826337832671113,0.008179230635251937,0.002897376298431287,0.020032933494424504,0.14677056701736935,0.37884095588163136,0.005140572917780048
TCGA-S9-A6TV-01A,scdc,0.5083971299072211,0.05651659778622346,0.03183212429565702,0.010474475912696278,0.07626708895526903,0.31022503355013986,0.0006319441051573391,0.00565560548763598
TCGA-S9-A6TW-01A,scdc,0.2943787804896025,0.012992155673062934,0.017618753799389375,0.0030174756518594466,0.03649478414605896,0.6021531032392585,0.009268395402024074,0.024076551598744268
TCGA-S9-A6TX-01A,scdc,0.3522721776123741,0.001684830489307662,0.004573129808001948,0.0007733688068552324,0.011864498232967506,0.15520149308680806,0.4665973094700333,0.007033192493652154
TCGA-S9-A6TY-01A,scdc,0.4824530858705432,0.0031996470458932388,0.0055759784542509985,0.0007296448668269519,0.014340874847833114,0.13432460519756803,0.3497534594624078,0.009622704254676755
TCGA-S9-A6TZ-01A,scdc,0.49702557357695537,0.018480572932583268,0.013772896242282034,0.004322759806109633,0.06560433401813807,0.28190006094975156,0.10969653153849472,0.009197270935685368
TCGA-S9-A6U0-01A,scdc,0.29963048332310144,0.0,0.024091085256389748,0.0038112789088525613,0.00950984988007569,0.6597845397640381,0.0,0.003172762867542527
TCGA-S9-A6U1-01A,scdc,0.42583175905513115,0.008026122299271717,0.007311493262375882,0.0016091998437600637,0.013775352572750369,0.1973946190908377,0.3235641833702446,0.02248727050562853
TCGA-S9-A6U2-01A,scdc,0.6451930639010164,0.03132964883407004,0.008948148880499992,0.0021200957520536236,0.021809222076637647,0.23127889894522477,0.0221159525498894,0.03720496906060816
TCGA-S9-A6U5-01A,scdc,0.6014196758476115,0.01563069497850807,0.042685781466668106,0.010490204441413945,0.04974583469835077,0.20492797297379634,0.06367419724747136,0.011425638346179899
TCGA-S9-A6U6-01A,scdc,0.6560814672967076,0.04216457079713764,0.006882533911555653,0.002390456761488556,0.022640494739404327,0.18055506254663567,0.08169835042196286,0.0075870635251077245
TCGA-S9-A6U8-01A,scdc,0.4208416697804135,0.0015470955540341758,0.0010780298599260493,0.0014551518304678087,0.02041983196954173,0.1276398742551113,0.42238360776343087,0.0046347389870745785
TCGA-S9-A6U9-01A,scdc,0.42453759282413206,0.029278808992361433,0.008037657318563027,0.003053425985821788,0.025855969325286065,0.1947019053589623,0.28160535033346257,0.03292928986141078
TCGA-S9-A6UA-01A,scdc,0.4787885938843151,0.018467374945233022,0.07344771399045509,0.01839973520273807,0.08715791480687499,0.27085700910745886,0.04277712125322819,0.010104536809696576
TCGA-S9-A6UB-01A,scdc,0.43784246945343763,0.0022766575368288774,0.0033638453573145714,0.0008952243057363086,0.008520956622411232,0.1480511369044933,0.3906971887185375,0.008352521101240554
TCGA-S9-A6WD-01A,scdc,0.4417842443334708,0.012450282240571788,0.007960983327699744,0.00170007707645157,0.012051360737897709,0.13636926807875505,0.38219250645454933,0.005491277750603947
TCGA-S9-A6WE-01A,scdc,0.5134006265198083,0.016389183024638116,0.007595858422709784,0.0017896228413144981,0.013828574286834485,0.23716602666750908,0.1957446515312013,0.014085456705984404
TCGA-S9-A6WG-01A,scdc,0.4847379159888228,0.021860570969842386,0.02786129370682891,0.0048094174652959475,0.07706746448987857,0.32659752195382113,0.04727581249402375,0.00979000293148651
TCGA-S9-A6WH-01A,scdc,0.5620791708725233,0.012551042572948765,0.008792056441256153,0.0004038370338915732,0.017704652247194377,0.3448454178443053,0.03851803563691414,0.015105787350966406
TCGA-S9-A6WI-01A,scdc,0.4114171776105135,0.0153232748308425,0.0053344142987157795,0.0006760355856640711,0.023127675899221708,0.1451490822755369,0.3892478914401021,0.009724448059403385
TCGA-S9-A6WL-01A,scdc,0.4933527545509949,0.0,0.007174891690149721,0.0008018035921525084,0.014317899461452588,0.4463987221684621,0.02757944135384589,0.010374487182942248
TCGA-S9-A6WM-01A,scdc,0.5727925684478191,0.0,0.026562167949458537,0.005168639633742791,0.04018691953814094,0.34767718540253567,0.0,0.007612519028302986
TCGA-S9-A6WN-01A,scdc,0.3879349018390284,0.012132727084171093,0.034600447969354596,0.003661694312134293,0.05495856696056358,0.45715727394346606,0.04404408649883389,0.005510301392448158
TCGA-S9-A6WO-01A,scdc,0.6590793048531824,0.01156486303172095,0.005875530539260655,0.003341235992062222,0.025188731999695256,0.15652320734000746,0.13488499868033602,0.0035421275637347945
TCGA-S9-A6WP-01A,scdc,0.31130608898918466,0.007384511482426436,0.016052763403276295,0.003235788663355365,0.022956755186308703,0.24375301581446085,0.3914600465788721,0.0038510298821155587
TCGA-S9-A6WQ-01A,scdc,0.3685899824879172,0.0,0.008281043192080974,0.0016513628438726777,0.014484738701880101,0.11076831253007201,0.4837395363824362,0.012485023861740828
TCGA-S9-A7IQ-01A,scdc,0.5487902596478134,0.0033842822097369667,0.006332667173229581,0.0007900171763770928,0.02754087026763979,0.11897017978337392,0.16167569707707874,0.1325160266647506
TCGA-S9-A7IS-01A,scdc,0.2642333021957489,0.03847711810942907,0.013096381959124383,0.003219438236365417,0.0136109530845332,0.38388715630334325,0.2795086945459359,0.003966955565519887
TCGA-S9-A7IX-01A,scdc,0.4950249830632292,0.009036613786135668,0.0138843977716778,0.0025737179114652575,0.02089541234188895,0.37906952967918467,0.06971167903310443,0.009803666413314042
TCGA-S9-A7IY-01A,scdc,0.4872902284076911,0.016558537366688452,0.011752433978358052,0.004050441387942875,0.031598777089112906,0.17681450272041624,0.2674592183566997,0.004475860693090607
TCGA-S9-A7IZ-01A,scdc,0.5941322189014279,0.011621059470963865,0.01367057501316183,0.00257782663886651,0.030887820156303238,0.2144245199670856,0.03225957270029144,0.10042640715189946
TCGA-S9-A7J0-01A,scdc,0.5956874289611765,0.006422617509528591,0.0008379970779331348,0.002811373262385902,0.01648101223130139,0.19388679576778892,0.18073305082096155,0.003139724368923911
TCGA-S9-A7J1-01A,scdc,0.42497383744151324,0.006311532999997643,0.0073730745413164425,0.0013450247490413183,0.020206358124178217,0.12633071068013668,0.4095548729853863,0.003904588478430232
TCGA-S9-A7J2-01A,scdc,0.5783001056838216,0.012289353574059933,0.0028192283580863444,0.002341068033002813,0.01131779908410609,0.2992101002276444,0.08539672194291702,0.008325623096361699
TCGA-S9-A7J3-01A,scdc,0.41313731771576273,0.0178261415904817,0.0010565252927718482,0.001789080069583699,0.01944437822267679,0.16644004114568495,0.3733091461935904,0.006997369769447981
TCGA-S9-A7QW-01A,scdc,0.6286273827002653,0.01691166586561477,0.0051505678833154754,0.0019138912081007133,0.010125252278367712,0.11953769931153893,0.21423453120127048,0.0034990095515267045
TCGA-S9-A7QX-01A,scdc,0.4976673345122106,0.0,0.0015024193891983535,0.00320454980634494,0.017381235469799163,0.272515501673666,0.1971855033195963,0.01054345582918451
TCGA-S9-A7QY-01A,scdc,0.42487461972071633,0.0,0.0046421375392495644,0.0011839273576481509,0.013615177564314601,0.1353484028987616,0.4025210848385116,0.017814650080798192
TCGA-S9-A7QZ-01A,scdc,0.544769737778615,0.0,0.011138601150974715,0.0018843904096412186,0.013870959998221721,0.21290402611644624,0.1370697876589871,0.07836249688711404
TCGA-S9-A7R1-01A,scdc,0.6926607343525366,0.024811119079041,0.007495457965300404,0.0019986648647610447,0.019236215940619097,0.23174278076572283,0.012447083544696199,0.009607943487322817
TCGA-S9-A7R2-01A,scdc,0.5029583207152468,0.0014673501141613775,0.028476429431637838,0.009259610265152917,0.03651779674602881,0.11437264179248091,0.3007699589537576,0.006177891981533651
TCGA-S9-A7R3-01A,scdc,0.45894098666608013,0.008490500677181288,0.010857085162776102,0.004029531769365191,0.029315399508802468,0.23339451033074188,0.219662342153749,0.03530964373130389
TCGA-S9-A7R4-01A,scdc,0.38919940890425536,0.010212401994318563,0.0,0.0010920774478576818,0.009617521841073562,0.5119597627409459,0.06980479613029174,0.008114030941257115
TCGA-S9-A7R7-01A,scdc,0.5344516306461646,0.0040051261852510015,0.02447932737165171,0.008848666739180737,0.044947297888341384,0.22692090742658838,0.15005625653872262,0.006290787204099508
TCGA-S9-A7R8-01A,scdc,0.40076908504875147,0.0026971427621797104,0.0034573870243086407,0.002308851288143774,0.012433013831455402,0.16814919957350277,0.4011822688611771,0.00900305161048113
TCGA-S9-A89V-01A,scdc,0.408968011042348,0.027408135229301887,0.037920323611118745,0.00697591956482506,0.048070832645514205,0.2476051560842681,0.07639822359051576,0.1466533982321083
TCGA-S9-A89Z-01A,scdc,0.504423685552223,0.007914428755458013,0.022434282374878687,0.005821022732841941,0.049206603153950895,0.2911462702973376,0.11127560393182484,0.0077781032014849864
TCGA-TM-A7C3-01A,scdc,0.48318901965973754,0.008148630801343615,0.032324959224429885,0.003127505238026178,0.03526122130458422,0.4260978718876833,0.004178401292103981,0.007672390592091383
TCGA-TM-A7C4-01A,scdc,0.7629151549382875,0.0028114340705042763,0.012593831191707233,0.001461234633745402,0.029674547781662546,0.1546915059969981,0.028142944390835027,0.007709346996259764
TCGA-TM-A7C5-01A,scdc,0.4484008087402374,0.009726973782644232,0.018110188246470156,0.002039336118242701,0.021419962861106118,0.47293274967661386,0.016303977556483863,0.011066003018201643
TCGA-TM-A7CA-01A,scdc,0.5463271945556464,0.0013122168229311284,0.006315382146745062,0.0009116623322933203,0.020279226978759377,0.12599856010849367,0.1802571439760374,0.11859861307909358
TCGA-TM-A7CF-01A,scdc,0.6583342352612976,0.0,0.008889458863962606,0.0005573105277635865,0.02473702998496071,0.087700127182776,0.12622875083399013,0.09355308734524925
TCGA-TM-A7CF-02A,scdc,0.29079473147682283,0.0,0.00066416667622836,0.0006699577272057121,0.011549383879445967,0.052118199132589714,0.6125387780147336,0.031664783092973964
TCGA-TM-A84B-01A,scdc,0.5380491414216511,0.003896716766429468,0.047670883789242405,0.006092591059752183,0.03268497194669393,0.37160569501623103,0.0,0.0
TCGA-TM-A84C-01A,scdc,0.4620964299209966,0.12310376502533893,0.013874420074046179,0.004738117415066377,0.029530509434720232,0.3179175901302739,0.04301984073820374,0.005719327261354145
TCGA-TM-A84F-01A,scdc,0.5215238326565912,0.02791526378543495,0.044597591639324766,0.009396083530020449,0.057145920929003544,0.1694036398468913,0.16236283515813907,0.007654832454594734
TCGA-TM-A84G-01A,scdc,0.6599491490558712,0.008151159024074055,0.007538392524056031,0.0023219036530385756,0.013631408914676402,0.283197846030034,0.017237339119603172,0.007972801678646625
TCGA-TM-A84H-01A,scdc,0.6986536126240851,0.013630947902034622,0.008192276253706674,0.0044199224621081475,0.019176365007286176,0.16147211999576583,0.0643111480904668,0.030143607664546563
TCGA-TM-A84I-01A,scdc,0.6536779041301811,0.02242579137859119,0.024675109678121865,0.007165971386456157,0.02373455355679945,0.1913673320000319,0.06982283461523996,0.00713050325457844
TCGA-TM-A84J-01A,scdc,0.6363400729078301,0.02547743179627745,0.006944395482007438,0.0013918658521348544,0.014197840735669428,0.2927949431788288,0.01871622624805819,0.004137223799193766
TCGA-TM-A84L-01A,scdc,0.5477391471886537,0.005157576882164956,0.008028873358373535,0.0040798461294358455,0.029897857272553,0.12433597422130949,0.2748506624381464,0.005910062509363135
TCGA-TM-A84M-01A,scdc,0.6179849033290322,0.042837737208569156,0.00460350370600251,0.0014636363996287994,0.013988058691837292,0.27532576859984753,0.035413623688859,0.008382768376223437
TCGA-TM-A84O-01A,scdc,0.6710363132681464,0.008155147978681646,0.02001270930363754,0.003807434821441698,0.04913663601437654,0.17538564494833667,0.06437462578383094,0.008091487881548684
TCGA-TM-A84Q-01A,scdc,0.5241052405092821,0.01070223351989257,0.02141603801651438,0.003928959908851444,0.02673672218715416,0.18788228184061906,0.21113090186972625,0.014097622147960058
TCGA-TM-A84R-01A,scdc,0.4942295511706767,0.004684747707462591,0.010669634117432804,0.001943894341798326,0.03705522630405205,0.10928371474027433,0.33734865717239104,0.004784574445912239
TCGA-TM-A84S-01A,scdc,0.5957066893900138,0.0013035779865904155,0.008709026731090187,0.0039744925288170115,0.020314968601272083,0.13795195197057292,0.2143211248432752,0.017718167948368294
TCGA-TM-A84T-01A,scdc,0.4082937112661118,0.0,0.016910821973027526,0.0034203660739986117,0.021593197173225484,0.2678172501630011,0.2789665831442127,0.0029980702064228764
TCGA-TQ-A7RF-01A,scdc,0.5130004697295721,0.053325077730222284,0.01152249034748435,0.0037904259852182113,0.03359176712124381,0.33064733035806404,0.012912006528291792,0.04121043219990329
TCGA-TQ-A7RG-01A,scdc,0.4974828509482933,0.01317055983745177,0.02187259038520792,0.00297722602977296,0.03174019906607162,0.18550515351636396,0.24471889058088406,0.0025325296359544067
TCGA-TQ-A7RH-01A,scdc,0.5471410258341064,0.008187061900459673,0.013528505590290707,0.004253992577770127,0.01751580969266732,0.205746760096468,0.1777089886630129,0.02591785564522501
TCGA-TQ-A7RI-01A,scdc,0.42721466111842216,0.0073836849642109825,0.008535016959246857,0.003088088366502391,0.023203854322292775,0.1277659492531772,0.3964280964650716,0.006380648551076006
TCGA-TQ-A7RJ-01A,scdc,0.6806188850787305,0.013881321232295692,0.012676462612871137,0.0021678682797893,0.03772930268493129,0.18181390600849562,0.061684759447848056,0.009427494655038369
TCGA-TQ-A7RK-01A,scdc,0.6305354497093961,0.015077960567368803,0.007875449857263926,0.0018844409098984225,0.014105472102486381,0.20146582278167074,0.1155112985202015,0.013544105551714166
TCGA-TQ-A7RM-01A,scdc,0.4859381146815826,0.01891317693131335,0.021381991363728405,0.0029110032357956618,0.019704306207722712,0.44223356236610367,0.006915721696434036,0.0020021235173194227
TCGA-TQ-A7RN-01A,scdc,0.5308201676868214,0.006675599692859545,0.003517724099101537,0.0014137956027888865,0.014204632274114675,0.2338572508266712,0.20366377915202377,0.005847050665618949
TCGA-TQ-A7RO-01A,scdc,0.525002516758402,0.02194982198346876,0.021403025113764705,0.0035037630075512977,0.026749928951457176,0.3396010046485235,0.051149062763329964,0.010640876773502558
TCGA-TQ-A7RP-01A,scdc,0.3087973667285527,0.01466902959773429,0.009171363041494202,0.003561147011634791,0.023169231563957386,0.19966720630789983,0.43628820312387795,0.0046764526248489575
TCGA-TQ-A7RQ-01A,scdc,0.6265861107836568,0.03377423119058147,0.01275059582766874,0.0016367305437482546,0.015757514487403115,0.24766112567997187,0.023461077624557753,0.038372613862412086
TCGA-TQ-A7RR-01A,scdc,0.4332757858719228,0.0023007749407386443,0.005772152572741336,0.0013477826183982593,0.019059254153845163,0.08465630203380696,0.4031613667924622,0.050426581016084694
TCGA-TQ-A7RS-01A,scdc,0.36064065458605205,0.012821433573590155,0.0026546268728407166,0.0018460861519215043,0.010428041373472963,0.2052593863339864,0.4020710145418302,0.004278756566306006
TCGA-TQ-A7RU-01A,scdc,0.43150461287300673,0.015745218208478046,0.017053948230186473,0.0022161271907786702,0.02244629814165828,0.4218211482458381,0.0857115639844985,0.0035010831255552
TCGA-TQ-A7RV-01A,scdc,0.49496401281188235,0.0,0.008136215200169258,0.0016834833908208702,0.018749662421993746,0.1444639404886711,0.284685184094934,0.04731750159152875
TCGA-TQ-A7RV-02A,scdc,0.5245265908590993,0.0197453229636696,0.015126179853438013,0.0019627723503982133,0.02463476878198145,0.13865944126631874,0.17405351517628662,0.10129140874880808
TCGA-TQ-A7RW-01A,scdc,0.586961163100085,0.010393532678400364,0.014306198722747746,0.0053873671826728566,0.014903380142137818,0.1793938642709898,0.18606840189051904,0.0025860920124473907
TCGA-TQ-A8XE-01A,scdc,0.6264844085449326,0.021868180240636654,0.005542509573757266,0.003158245604431899,0.01387964646727666,0.22125037435852382,0.0851469147352521,0.0226697204751891
TCGA-TQ-A8XE-02A,scdc,0.42765418350498985,0.0,0.007043507358514198,0.0035124631715083843,0.024442940856861765,0.27808231670341627,0.25373725230812916,0.005527336096580384
TCGA-VM-A8C8-01A,scdc,0.5287954238398577,0.0044449442306734215,0.005058928819085235,0.0016885359127762195,0.02125631136853607,0.1372806218651021,0.2636596046596036,0.037815629304365744
TCGA-VM-A8C9-01A,scdc,0.5185668862854996,0.00042819513023529903,0.04516534955310161,0.010351971048519476,0.1132405789240865,0.24762800444778252,0.0230143240213759,0.04160469058939915
TCGA-VM-A8CA-01A,scdc,0.5052487577663167,0.01024138989535151,0.010511414315320147,0.0015837723476892801,0.020410946595106106,0.33632827476871413,0.012030163847015435,0.10364528046448669
TCGA-VM-A8CB-01A,scdc,0.5617705717714551,0.013981546888090517,0.013871967495333792,0.002230100997996757,0.028878866307765424,0.2839502042992634,0.07216421783986265,0.023152524400232535
TCGA-VM-A8CD-01A,scdc,0.5300614138433836,0.013873572557346088,0.00991364356338625,0.0036237423844558744,0.03038807342905826,0.30503401406939484,0.09574611954895408,0.01135942060402099
TCGA-VM-A8CE-01A,scdc,0.3538436174191012,0.023906730461511844,0.0033222484471385097,0.0013196711755570248,0.014334943290638995,0.22012870114095923,0.3773942992380614,0.005749788827031741
TCGA-VM-A8CF-01A,scdc,0.5237638483650238,0.011637103647214462,0.020023825761371444,0.003992587784880516,0.039562609898245234,0.23573539752014266,0.1576532563383432,0.0076313706847786125
TCGA-VM-A8CH-01A,scdc,0.4364528287296818,0.015735352806233067,0.011454678491319438,0.00405653732220889,0.021308203872928252,0.23424178046611488,0.2644569703764234,0.012293647935090283
TCGA-VV-A829-01A,scdc,0.5300879102599182,0.03329097342348288,0.008301490687130058,0.006171320831174796,0.031921923023321024,0.37724480929874527,0.002267955105350128,0.010713617370877594
TCGA-VV-A86M-01A,scdc,0.4830551746706903,0.004859252226577875,0.026328305974819936,0.006820763205283112,0.01711212160407641,0.4530505176954267,0.0006288299818910282,0.008145034641234547
TCGA-VW-A7QS-01A,scdc,0.5165738741785484,0.028892346790460686,0.008053148440863236,0.0014289099156799701,0.017224536504589823,0.41772016232219134,0.0018595097927650462,0.00824751205490145
TCGA-VW-A8FI-01A,scdc,0.5477913312888671,0.02742839220625899,0.025131986730779075,0.003902804323689677,0.03475825018773718,0.23080263706525536,0.12700985153347946,0.0031747466639331654
TCGA-W9-A837-01A,scdc,0.6188128105164554,0.003980445000761321,0.006156503887570311,0.0004933500915267653,0.018143573885851434,0.15413225054350171,0.04194851979457043,0.15633254627976248
TCGA-WH-A86K-01A,scdc,0.5975347843765612,0.0029104583720914287,0.017157703444976684,0.0023339703506263802,0.02230667489940132,0.27632004093210943,0.0800243945101066,0.0014119731141268171
TCGA-WY-A858-01A,scdc,0.2829637916195817,0.0,0.012015240825790433,0.002171509385011593,0.01951176804389461,0.4364275184696678,0.2412092006679756,0.005700970988078147
TCGA-WY-A859-01A,scdc,0.6740465289876861,0.004249094426698955,0.010003352799177303,0.0,0.021290117405048575,0.1352333143862104,0.03858092353972888,0.11659666845544975
TCGA-WY-A85A-01A,scdc,0.5883818298848051,0.011332357074860048,0.01014497026711868,0.003314883648809665,0.02255613680290004,0.1867750880195649,0.17001379364823932,0.007480940653702082
TCGA-WY-A85B-01A,scdc,0.4893794425910153,0.003480607336941783,0.027317579377281496,0.006302778126766899,0.03216366447074844,0.22765960602239046,0.19361717159472422,0.020079150480131303
TCGA-WY-A85C-01A,scdc,0.5573086325035622,0.028534826792608825,0.010624688719686663,0.002701026107370531,0.026813006003144926,0.33761192716980093,0.02547369248582466,0.010932200218001313
TCGA-WY-A85D-01A,scdc,0.6438531781655584,0.01063974867327625,0.000620996858410434,0.002088020272050742,0.028139759620867427,0.12392916372973625,0.18497591824486131,0.0057532144352391516
TCGA-WY-A85E-01A,scdc,0.6919529689155793,0.03152300057905913,0.012412651703304675,0.0020738465382757585,0.02047915235360736,0.17200807372486426,0.059550483278416395,0.009999822906893099
TCGA-CS-4938-01B,scdc_ensemble,0.7371424840054696,0.008682233763118493,0.0035351853790396553,0.0018565684298213784,0.02647585763437988,0.1180753701370595,0.05917033766512791,0.04506196298598366
TCGA-CS-4941-01A,scdc_ensemble,0.5328188749018211,0.0,0.034121354582030236,0.0036712403560044678,0.13482162830108657,0.20371443270631642,0.008313119731639885,0.08253934942110128
TCGA-CS-4942-01A,scdc_ensemble,0.668635984007879,0.0,0.019121527407046823,0.0037200328286581953,0.04814666440917546,0.09097386329392598,0.15894341006217655,0.010458517991137974
TCGA-CS-4943-01A,scdc_ensemble,0.7154133622507565,0.0035056745453829626,0.009742353940502225,0.003507318289196762,0.023525111378778517,0.2003435284397425,0.013525182687309316,0.030437468468331143
TCGA-CS-4944-01A,scdc_ensemble,0.6604498193489182,0.008383793830490422,0.004839478897271673,0.0019737562605370434,0.02984780439690675,0.12334905090628813,0.06613641606515216,0.10501988029443562
TCGA-CS-5390-01A,scdc_ensemble,0.54408427963207,0.0002981219741513627,0.019610755931321784,0.001994061179853816,0.01543986278263205,0.16272324116411452,0.24926789127163398,0.0065817860642225405
TCGA-CS-5393-01A,scdc_ensemble,0.654588414715654,0.0,0.008513885892169662,0.001749303816022653,0.024417268388715142,0.17081262070019854,0.00948429665929432,0.1304342098279457
TCGA-CS-5394-01A,scdc_ensemble,0.40958098801182424,0.003924036922908701,0.010970233843374913,0.002674478486016013,0.01556726753345893,0.5394959068888918,0.011490443786460898,0.006296644527064544
TCGA-CS-5395-01A,scdc_ensemble,0.7840656741107354,0.0,0.011879287141637246,0.0,0.02821190535323412,0.1156531774914283,0.006061195183198885,0.05412876071976621
TCGA-CS-5396-01A,scdc_ensemble,0.5913325565542626,0.005632382574116152,0.019192851367953675,0.003446425127529022,0.03550868790436453,0.310461270750025,0.0048174623107159744,0.029608363411032984
TCGA-CS-5397-01A,scdc_ensemble,0.7250391592800959,0.010297446682706357,0.010192246858551678,0.002531174839465743,0.03428735789613102,0.1854138801563588,0.009684281825508921,0.022554452461181564
TCGA-CS-6186-01A,scdc_ensemble,0.3226702727702091,0.02997593876369007,0.01871111343500863,0.00439372624859871,0.038844098738974146,0.3626460820222084,0.06482745724391549,0.15793131077739542
TCGA-CS-6188-01A,scdc_ensemble,0.5766831994059888,0.016664700093959765,0.0057548590996465915,0.002940911192842952,0.023571077908594907,0.32810110705323614,0.031986606799523365,0.01429753844620757
TCGA-CS-6290-01A,scdc_ensemble,0.5526439306395298,0.0029818224628279746,0.011650348629469771,0.004541493476258009,0.03622371628125788,0.1256516081883898,0.2553152496511964,0.010991830671070393
TCGA-CS-6665-01A,scdc_ensemble,0.48259825703249176,0.00654237940990199,0.04607015660664005,0.011730828466130373,0.052005694220648,0.31155492360025255,0.08375041128606737,0.005747349377867919
TCGA-CS-6666-01A,scdc_ensemble,0.4333003597596305,0.010544587163064473,0.026400513669299484,0.0033863264311230477,0.03712397698523716,0.4781085376078747,0.0008138035134796851,0.01032189487029107
TCGA-CS-6667-01A,scdc_ensemble,0.5247564011895467,0.010482612436495162,0.007585927600622432,0.002887716248395046,0.02666931660596617,0.3316250424890833,0.06422335970573756,0.031769623724153734
TCGA-CS-6668-01A,scdc_ensemble,0.6838366750197451,0.0070127676677089355,0.010200671532613562,0.002932163252539085,0.02745268945528031,0.2263492948541998,0.028913251397388796,0.013302486820524354
TCGA-CS-6669-01A,scdc_ensemble,0.5876826422022463,0.0,0.005662067987797169,0.0022705563000826,0.02935493454991345,0.11612735076259725,0.14482370584033838,0.11407874235702493
TCGA-CS-6670-01A,scdc_ensemble,0.708343041983788,0.016959837026952942,0.0036789920052783635,0.001840118286614944,0.01916072197094435,0.21536543367436364,0.025853064690435,0.008798790361622838
TCGA-DB-5270-01A,scdc_ensemble,0.6268564965570103,0.013901043672685878,0.017174214801077236,0.002526475503210158,0.037092097974600266,0.1456112623857861,0.011746340794410028,0.14509206831122007
TCGA-DB-5273-01A,scdc_ensemble,0.6920147617516014,0.0,0.0030586543602099956,0.0033531725185993438,0.031703067452020874,0.15762597936422856,0.10458601236671973,0.00765835218661999
TCGA-DB-5274-01A,scdc_ensemble,0.4690610330498659,0.0136246313008933,0.025050223855658655,0.0030010004575790343,0.017620622831563394,0.46310562214761947,0.0,0.008536866356820189
TCGA-DB-5275-01A,scdc_ensemble,0.6952196944049494,0.04099455302751405,0.011426405838829538,0.0028709184968540363,0.03180047805040628,0.18207943950963199,0.007348027690515699,0.028260482981299115
TCGA-DB-5276-01A,scdc_ensemble,0.6206537875107158,0.005082144760698576,0.022945720312664446,0.0051328591901367415,0.031635832153238744,0.1533218213052157,0.04080915100372202,0.12041868376360794
TCGA-DB-5277-01A,scdc_ensemble,0.7321435700803898,0.009582263349398962,0.01352887435944962,0.003762227608687925,0.027813179422384187,0.1389919718122758,0.04086041060356876,0.03331750276384497
TCGA-DB-5278-01A,scdc_ensemble,0.6622137072509652,0.0010064102597739405,0.011779495156554121,0.0022938672368722976,0.04253087330166381,0.14718370904595432,0.007844769155161364,0.12514716859305508
TCGA-DB-5280-01A,scdc_ensemble,0.6268462713474274,0.0,0.007290418868476222,0.002476837156906481,0.032760955103053935,0.1974900579089795,0.12766951430692097,0.0054659453082353815
TCGA-DB-5281-01A,scdc_ensemble,0.6089609431931723,0.007925189767926107,0.01092038582224851,0.002670525744262162,0.02588063398843516,0.3151788528997186,0.02102434139052247,0.007439127193714857
TCGA-DB-A4X9-01A,scdc_ensemble,0.7478604098997529,0.014725173814155782,0.00674976466688061,0.0014423287602689408,0.02618977715516609,0.13431489320584467,0.023667479045192258,0.045050173452738554
TCGA-DB-A4XA-01A,scdc_ensemble,0.5845616611416173,0.010340977037648242,0.018929983936681785,0.0030962274210789243,0.05434095723328798,0.17139757521730753,0.14130738337891224,0.01602523463346601
TCGA-DB-A4XB-01A,scdc_ensemble,0.7582315084744129,0.008040032829851962,0.021013110902388075,0.0043076513075336435,0.0539772704518645,0.09290009888463928,0.05305938362592436,0.008470943523385245
TCGA-DB-A4XC-01A,scdc_ensemble,0.686330633184781,0.0055445400740681125,0.014569227323511883,0.0019666257828533456,0.03528622776902525,0.12249589596672397,0.006379168833354082,0.12742768106568236
TCGA-DB-A4XD-01A,scdc_ensemble,0.5512133544106712,0.013177355431131067,0.0018731382465189642,0.002635903175861284,0.013602074435278683,0.15348510589537576,0.25999454154462487,0.004018526860538182
TCGA-DB-A4XE-01A,scdc_ensemble,0.7260984840987061,0.004811122514571195,0.0015289248888737134,0.001895776181283139,0.022740871018635353,0.11055304085373495,0.11767573395675889,0.014696046487436705
TCGA-DB-A4XF-01A,scdc_ensemble,0.6704884120594025,0.00681039100081117,0.013903741102161436,0.002236887186336406,0.02934154533180513,0.220102387401318,0.04377770743628419,0.013338928481881111
TCGA-DB-A4XG-01A,scdc_ensemble,0.7265762872231007,0.008695777198521056,0.00476101644269177,0.0007511778803371932,0.012164164852535872,0.22782474545506698,0.009859833008470265,0.009366997939276044
TCGA-DB-A4XH-01A,scdc_ensemble,0.5631864891767582,0.013471672504789164,0.010141003381967405,0.001550445048115013,0.015202108316767335,0.22765487937631523,0.05114547478132244,0.11764792741396518
TCGA-DB-A64L-01A,scdc_ensemble,0.5234047791407062,0.03084511589823704,0.02457630796638891,0.005718379875131951,0.08025989621075742,0.2049535263105647,0.12321891625263724,0.007023078345576539
TCGA-DB-A64O-01A,scdc_ensemble,0.6137161075864307,0.006899213760462859,0.004268962020900973,0.0012460671653735942,0.024195890489863217,0.16849635528890616,0.00367145843818723,0.1775059452498753
TCGA-DB-A64P-01A,scdc_ensemble,0.49636153493998436,0.028776911718958822,0.010557345040714622,0.0022588933735746487,0.025730849250887037,0.23623194608286552,0.1875242548166326,0.012558264776382508
TCGA-DB-A64Q-01A,scdc_ensemble,0.6760645820991861,0.014790812658913431,0.005669096688738458,0.002057051071136665,0.023376431725864868,0.17152666399133742,0.06812100149457159,0.03839436027025154
TCGA-DB-A64R-01A,scdc_ensemble,0.6385506419992494,0.011290224806624649,0.005481090476534336,0.0016782760681169618,0.01674569948633547,0.22411100640030343,0.007382811982916741,0.09476024877991897
TCGA-DB-A64S-01A,scdc_ensemble,0.37724454614106817,0.018468166384887214,0.012484946497067396,0.004319362423771567,0.029322530339421445,0.20074189273706594,0.3523967531592573,0.005021802317460939
TCGA-DB-A64U-01A,scdc_ensemble,0.4432815029167136,0.015026839614806045,0.00511710437401324,0.0009144994811087671,0.014186094640191731,0.15358619238443583,0.36383073439616276,0.004057032192568057
TCGA-DB-A64V-01A,scdc_ensemble,0.5661161205838092,0.005603664296667482,0.034080693635500064,0.0062617658172466305,0.04801689496393829,0.16380151689839187,0.13439278900652038,0.041726554797925905
TCGA-DB-A64W-01A,scdc_ensemble,0.5875931043781977,0.005420629841903506,0.008034853928872725,5.563119756479484e-05,0.016456575004275126,0.31853132976760795,0.05600950929049778,0.007898366591080543
TCGA-DB-A64X-01A,scdc_ensemble,0.6089541070060113,0.007304349326825079,0.009583232426020171,0.0025381029551295913,0.024837770906998558,0.3179993982647693,0.010969620649885813,0.017813418464360138
TCGA-DB-A75K-01A,scdc_ensemble,0.3747889213828378,0.04460482075173292,0.004626143904617861,0.0010417961549035791,0.019485502928237513,0.3383669260609571,0.2050926993759318,0.011993189440781503
TCGA-DB-A75L-01A,scdc_ensemble,0.5932246453093087,0.007187614874855434,0.0033188844457514946,0.001723934664561724,0.01777573776390159,0.2503445994882519,0.11290589053556586,0.013518692917803268
TCGA-DB-A75M-01A,scdc_ensemble,0.5753911125805731,0.007047812740866393,0.004554756521767773,0.0032224283456024224,0.024152321392117402,0.12309792640896047,0.2464150196221212,0.01611862238799138
TCGA-DB-A75O-01A,scdc_ensemble,0.6850664928294976,0.0028105566566587604,0.0019346974082935075,0.0017170037593608248,0.02951497907435295,0.14905848253678688,0.07664681353331902,0.053250974201730444
TCGA-DB-A75P-01A,scdc_ensemble,0.6231286834922685,0.0,0.03097541748953018,0.005005186573590686,0.04242127460753394,0.16011012383898454,0.07794179671042706,0.06041751728766511
TCGA-DH-5140-01A,scdc_ensemble,0.6247903018031035,0.019932817819794987,0.03434997131838771,0.004086458184163813,0.04114058248666863,0.2603653471471684,0.0016612753230301081,0.013673245917683027
TCGA-DH-5142-01A,scdc_ensemble,0.6959006645369642,0.0017304369239465626,0.054639524419782454,0.01259803670913406,0.04373961828414462,0.18102017307361346,0.0034306760830496003,0.006940869969365086
TCGA-DH-5143-01A,scdc_ensemble,0.7331260117430531,0.0006988545815154419,0.006589811795279216,0.0014670657620033266,0.026714598435974717,0.11844806020584049,0.0,0.11295559747633366
TCGA-DH-5144-01A,scdc_ensemble,0.6718056481690086,0.027403670517443173,0.019278100943520036,0.003734544548326401,0.024726656659939842,0.2452454633811864,0.0,0.007805915780575598
TCGA-DH-A669-01A,scdc_ensemble,0.6138357344714754,0.0005905794708754725,0.03250072322590836,0.004201783193945969,0.05511638564770008,0.2658589988044034,0.0219199735509071,0.00597582163478421
TCGA-DH-A669-02A,scdc_ensemble,0.5120898705577891,0.0,0.020737435426891916,0.0018667681627424272,0.012944454226760492,0.43250583180909524,0.011903229089037093,0.007952410727683736
TCGA-DH-A66B-01A,scdc_ensemble,0.6357505213066953,0.0,0.03599557878584913,0.010799404576529977,0.0626051028510756,0.2325229808065251,0.010726507831243745,0.011599903842081156
TCGA-DH-A66D-01A,scdc_ensemble,0.6387505110752489,0.016164240220767276,0.017973284928689142,0.005760180058240865,0.03578682139054517,0.20899462660778795,0.06720075451253231,0.009369581206188197
TCGA-DH-A66F-01A,scdc_ensemble,0.6223299303064144,0.012019877500804093,0.011333605378271041,0.0023291237280380927,0.029921771411471593,0.17229030206647725,0.1434005865306981,0.006374803077825602
TCGA-DH-A66G-01A,scdc_ensemble,0.5983625585510217,0.038169923293350366,0.02622502302820149,0.004001203525154844,0.028774446024126595,0.1755603033183319,0.0,0.1289065422598131
TCGA-DH-A7UR-01A,scdc_ensemble,0.4422254334566353,0.0,0.009644867225195232,0.0025715186272522576,0.015608767886272992,0.4423324167444581,0.08280045988016176,0.004816536180024421
TCGA-DH-A7US-01A,scdc_ensemble,0.4201969090102637,0.005907032860138625,0.007169527991337776,0.0016394781501489408,0.015011363161618168,0.1181860273061232,0.42588188531882615,0.006007776201543499
TCGA-DH-A7UT-01A,scdc_ensemble,0.4744690681442394,0.018681991379824556,0.0,0.0015662450689087454,0.010286008105390368,0.11750643510076446,0.3418770996388457,0.03561315256202682
TCGA-DH-A7UU-01A,scdc_ensemble,0.47927148832227146,0.00825024957117038,0.00396691437837823,0.0011793420933915515,0.012570638405408072,0.17104882764046797,0.3103640560884978,0.013348483500414558
TCGA-DH-A7UV-01A,scdc_ensemble,0.5373066890134085,0.006699220346855391,0.004442994384563269,0.002476213283073177,0.015073100071510663,0.1617975886038152,0.2569517087751972,0.01525248552157677
TCGA-DU-5847-01A,scdc_ensemble,0.510519131361288,0.022454374872043707,0.05507729958953688,0.015201881987045559,0.06177229071321608,0.19862412363151905,0.13021118206090532,0.006139715784445314
TCGA-DU-5849-01A,scdc_ensemble,0.581474092849232,0.011939496327508393,0.019404498931515333,0.0028845540147013774,0.0304342869487749,0.15848113702590372,0.06248356633634902,0.13289836756601522
TCGA-DU-5851-01A,scdc_ensemble,0.6626915768142745,0.0,0.0023032953841280865,0.0011979389141964039,0.029090268549510637,0.09335961049210807,0.11745163714186826,0.0939056727039141
TCGA-DU-5852-01A,scdc_ensemble,0.5429445256872935,0.013168324184588846,0.01645301764560678,0.003507406011724164,0.024447185939276687,0.36307077084173006,0.02773603457591133,0.008672735113868667
TCGA-DU-5853-01A,scdc_ensemble,0.6153094921315164,0.0,0.0502765317715431,0.006332470267577956,0.07932788689157733,0.15384563901120982,0.005484304978945708,0.08942367494762972
TCGA-DU-5854-01A,scdc_ensemble,0.26045086312746474,0.0,0.016996484047420466,0.00566470047881252,0.025994061500820943,0.2709489070655122,0.41589718290631017,0.004047800873658929
TCGA-DU-5855-01A,scdc_ensemble,0.6888195708307487,0.015243505953160512,0.014947244856451424,0.002895720447810633,0.024513427093324686,0.2134796383642022,0.0194145767104823,0.020686315743819628
TCGA-DU-5870-02A,scdc_ensemble,0.5346166805538745,0.006582362354418514,0.014908894820856097,0.002858464060326733,0.026255002425470377,0.34973850082847185,0.06280198866635334,0.002238106290228674
TCGA-DU-5871-01A,scdc_ensemble,0.7499943850920378,0.01600215246424802,0.0,0.003238664669143527,0.017293557721516695,0.16907367950144267,0.023452438724646342,0.0209451218269651
TCGA-DU-5872-01A,scdc_ensemble,0.4825338523945205,0.011530151936847925,0.027315218979443435,0.004238694734698528,0.05187094831078812,0.2967358003079212,0.08817625640208057,0.037599076933699536
TCGA-DU-5872-02A,scdc_ensemble,0.29950881888869824,0.021576890817512715,0.06418374369778052,0.016359517285756516,0.07190664141944728,0.1615413135325067,0.3425672031626399,0.022355871195658142
TCGA-DU-6392-01A,scdc_ensemble,0.5395777204026015,0.009389745495593526,0.023186583685091182,0.004165116386644222,0.0375777804257135,0.36411731320726176,0.01252219729729458,0.009463543099799698
TCGA-DU-6393-01A,scdc_ensemble,0.5820738040049521,0.0132157927855143,0.0063218871745875154,0.002223176964392559,0.012120687168546758,0.29537810848245816,0.08151736424620463,0.007149179173344044
TCGA-DU-6394-01A,scdc_ensemble,0.5705280434893563,0.008197227580968436,0.006781960181567827,0.001648266629664329,0.022982807830562117,0.3849269483190363,0.0,0.004934745968844698
TCGA-DU-6395-01A,scdc_ensemble,0.589860608820023,0.029347368567479076,0.015317057740450356,0.0012200626864741092,0.037010901830049556,0.1630439612197631,0.1586728882439968,0.0055271508917638735
TCGA-DU-6396-01A,scdc_ensemble,0.596976886418351,0.007757919080242185,0.05652910708731732,0.019634658932002447,0.04348675517387163,0.1992914363404528,0.06827690398829642,0.008046332979466197
TCGA-DU-6397-01A,scdc_ensemble,0.4927095277510668,0.015450207856386516,0.011979113110709877,0.002989168170115271,0.04291222939760351,0.25647338538482295,0.17505086293082628,0.002435505398468762
TCGA-DU-6397-02A,scdc_ensemble,0.3903425953071131,0.0,0.013921656087729948,0.001864208303700337,0.0175902286813435,0.5665217181580653,0.004675473353248825,0.005084120108799085
TCGA-DU-6399-01A,scdc_ensemble,0.6375133197996388,0.0,0.009852251534546462,0.0026586053832093706,0.022842907133780548,0.21452926015651658,0.07657365395293733,0.036030002039370915
TCGA-DU-6400-01A,scdc_ensemble,0.5533685192841435,0.012646916836041211,0.030283399489642784,0.0016432848775520814,0.02466731595700383,0.338982892410504,0.028479120472859724,0.009928550672252845
TCGA-DU-6401-01A,scdc_ensemble,0.4165261582322969,0.032129071830511606,0.012344467373570481,0.0036642408108145653,0.02175439657797245,0.4677715495971731,0.01563423712334362,0.030175878454317396
TCGA-DU-6402-01A,scdc_ensemble,0.4103414161194493,0.020388015898366512,0.061781604908119576,0.010091516384510021,0.04074767751000579,0.4457300155929864,0.003018877142234362,0.007900876444328103
TCGA-DU-6403-01A,scdc_ensemble,0.6993911082164476,0.0009604141694391998,0.021896068421806112,0.0005771165087244704,0.023423340210544458,0.16061886554355403,0.08357448902218403,0.009558597907300055
TCGA-DU-6404-01A,scdc_ensemble,0.42623752789529806,0.024143631235287046,0.02203339940642258,0.003220958187365639,0.02380935030229033,0.4962094474986761,0.0002031785732697868,0.004142506901390433
TCGA-DU-6405-01A,scdc_ensemble,0.6292710013288842,0.026476925999445754,0.01601611252908113,0.004865353893858441,0.04116461308166608,0.1907441008181029,0.08677032539201233,0.0046915669569491
TCGA-DU-6406-01A,scdc_ensemble,0.5162347558194558,0.004795307364879338,0.015570650467733392,0.0017315247689136185,0.020735867344700853,0.44093189423431706,0.0,0.0
TCGA-DU-6407-01A,scdc_ensemble,0.7135369372866927,0.003197280752560713,0.0,0.002087754826209796,0.018187733044818404,0.19714998587441737,0.06013526487235571,0.0057050433429452424
TCGA-DU-6408-01A,scdc_ensemble,0.7827707259866586,0.013946581907549976,0.00993815798335613,0.002981773653081487,0.026056326880590647,0.13677172222536998,0.012152033125427229,0.015382678237965929
TCGA-DU-6410-01A,scdc_ensemble,0.7159547046394826,0.007363216448005421,0.00162339481793983,0.0021161500587201605,0.009295183225059355,0.25067103328313184,0.0,0.012976317527660788
TCGA-DU-6542-01A,scdc_ensemble,0.6461547172917032,0.012446179816388247,0.010044456780857898,0.004779866711218949,0.024086096433662108,0.18263630045313053,0.11152616583059899,0.008326216682439994
TCGA-DU-7006-01A,scdc_ensemble,0.6551734968673522,0.010321187470148954,0.04652527229518848,0.018778408050067186,0.055647665290922306,0.2062308428847176,0.0013586225162554124,0.005964504625347835
TCGA-DU-7007-01A,scdc_ensemble,0.590729905193723,0.011547000460670323,0.04148316847551061,0.0102467302039547,0.08558726959973083,0.18890219331867752,0.06569779321901595,0.005805939528716893
TCGA-DU-7008-01A,scdc_ensemble,0.7514174083285047,0.006130000565686229,0.012270482073392831,0.0027003968225057253,0.03080870863710297,0.1804070778400377,0.002846249144563286,0.013419676588206688
TCGA-DU-7009-01A,scdc_ensemble,0.5497477068508215,0.006037408939742808,0.007066589131884096,0.0011538250113303492,0.016536342551188552,0.13583472229068372,0.27562433722535706,0.007999067998991947
TCGA-DU-7010-01A,scdc_ensemble,0.6434610165849037,0.0036453720613478795,0.012535734521021734,0.0018555475536778587,0.028564609751533677,0.23925613656015404,0.0616649876560273,0.009016595311333656
TCGA-DU-7011-01A,scdc_ensemble,0.5601273905503211,0.008569569474573066,0.015196547958760416,0.0035760020492842898,0.036375469539275125,0.3381607836833031,0.024987131400087185,0.013007105344395772
TCGA-DU-7012-01A,scdc_ensemble,0.5369562558114047,0.004699492326684694,0.06452256054662416,0.009422971334970847,0.15127988726146357,0.1408037943950061,0.0,0.09231503832384584
TCGA-DU-7013-01A,scdc_ensemble,0.6306574480510181,0.0,0.032874078205697155,0.004291257647585123,0.02499963927909331,0.2728943669263505,0.029590940823580315,0.004692269066675508
TCGA-DU-7014-01A,scdc_ensemble,0.5316117612834357,0.005308632222782976,0.009543454141959402,0.00381891688396825,0.014963784595412094,0.3855613277135268,0.038758215274212034,0.01043390788470285
TCGA-DU-7015-01A,scdc_ensemble,0.6711042898148413,0.0008794207574171388,0.03212239776072742,0.006652909427017671,0.047479373528787436,0.2283623832766442,0.002847790013693377,0.010551435420871403
TCGA-DU-7018-01A,scdc_ensemble,0.3825465444499886,0.008925033785792619,0.0029538163410540662,0.0007113061027743283,0.0063023243600521875,0.5578494745553373,0.0,0.04071150040500086
TCGA-DU-7019-01A,scdc_ensemble,0.5758055547762709,0.004828584104469308,0.016431647743930747,0.003805776375198053,0.027201347045298932,0.34906871708356524,0.01479096617832222,0.008067406692944592
TCGA-DU-7292-01A,scdc_ensemble,0.7123495522887731,0.005653693676157395,0.013764722211601887,0.0013078804877280196,0.02547585827613222,0.21460971380689534,0.02070683395415217,0.006131745298559862
TCGA-DU-7294-01A,scdc_ensemble,0.6039556538343026,0.0026651323729638054,0.008667630487271911,0.0020880192487209934,0.017723899908486506,0.21075355059282072,0.14975406574490258,0.00439204781053092
TCGA-DU-7298-01A,scdc_ensemble,0.6725480280619146,0.005968631286181167,0.005396968911427226,0.0009135231300334295,0.021676249056246627,0.17323410732116842,0.041603096547000055,0.07865939568602842
TCGA-DU-7299-01A,scdc_ensemble,0.5969839259092634,0.0020816770732376634,0.008416113941947863,0.0022899785405274316,0.02396373236667062,0.16409230028194585,0.16792476492538158,0.034247506961025666
TCGA-DU-7300-01A,scdc_ensemble,0.597681676639892,0.0,0.02749296626337195,0.0024322942708025824,0.03236701611102201,0.1890122450480763,0.007070640590248027,0.14394316107658703
TCGA-DU-7301-01A,scdc_ensemble,0.5111482155348961,0.013854158322742687,0.015311735628435281,0.003173322887349921,0.026814419267163093,0.2667237967890522,0.15931658191246767,0.003657769657893049
TCGA-DU-7302-01A,scdc_ensemble,0.7612136014778813,0.009564582559666343,0.01408507892731156,0.0010170144535525088,0.0309614722072856,0.16801726901178118,0.00531855929046684,0.00982242207205468
TCGA-DU-7304-01A,scdc_ensemble,0.7228803790617514,0.008968645428396356,0.008249209780217422,0.0015319797100155374,0.03930740041022291,0.19020175074198176,0.020161901710455985,0.00869873315695854
TCGA-DU-7304-02A,scdc_ensemble,0.846517663569504,0.0,0.005286002071335722,0.0,0.01742885416406072,0.1141441847418218,0.00540979644024624,0.011213499013031461
TCGA-DU-7306-01A,scdc_ensemble,0.4639920703380779,0.005556367878148052,0.018743265659414185,0.003639568406410226,0.0333149202419951,0.33201548367960054,0.13886718948877083,0.0038711343075830754
TCGA-DU-7309-01A,scdc_ensemble,0.6508843020771944,0.013139764312830865,0.008637567521194224,0.0008020124269108683,0.02673908148502981,0.14166529232182595,0.003592365751544281,0.1545396141034696
TCGA-DU-8158-01A,scdc_ensemble,0.7434789913194533,0.003131732915852707,0.03577606390458159,0.00925638176558129,0.04677773784131147,0.12852688477836927,0.006173243160732215,0.02687896431411814
TCGA-DU-8161-01A,scdc_ensemble,0.49461643694471374,0.0035082461448885066,0.06301864385573819,0.011114383597256954,0.0796639383556618,0.19811004181019465,0.009432442523434564,0.14053586676811153
TCGA-DU-8162-01A,scdc_ensemble,0.5978215340809125,0.015321389012861583,0.00918035460588525,0.0016166554793816824,0.03196462813591716,0.18516183300667696,0.15140075159837268,0.007532854079992057
TCGA-DU-8163-01A,scdc_ensemble,0.5648755117357469,0.0,0.026467930659979842,0.005628535888707759,0.03588351222673676,0.15125798473452112,0.1670225634859636,0.04886396126834406
TCGA-DU-8164-01A,scdc_ensemble,0.6727811031712738,0.012955670995342353,0.00465587253007868,0.0017398510199614717,0.024209903756515227,0.20444863726976353,0.06723472860435353,0.01197423265271153
TCGA-DU-8165-01A,scdc_ensemble,0.5772054678500704,0.03115261308276584,0.06392891540595105,0.012847519907785744,0.0678646177144215,0.21128830339628982,0.005952700695564151,0.029759861947151463
TCGA-DU-8166-01A,scdc_ensemble,0.7343391318715417,0.04681812123925995,0.008039958448647633,0.0028996705893465182,0.030781244850587395,0.16152808350438266,0.0033134622161867713,0.012280327280047514
TCGA-DU-8167-01A,scdc_ensemble,0.6026650049249876,0.017243692657526916,0.006504355367991893,0.0038525701044043606,0.01875683908416562,0.19543130850219828,0.1362637803818812,0.01928244897684398
TCGA-DU-8168-01A,scdc_ensemble,0.6489424867053983,0.026468998036327,0.012076493671011646,0.001056984994093872,0.03164628426155609,0.23150480374292778,0.002166523186359503,0.04613742540232573
TCGA-DU-A5TP-01A,scdc_ensemble,0.5462368462973347,0.02947050818762469,0.022611763557646984,0.008883278904860821,0.03295717383281797,0.19741843130053274,0.15318462942874278,0.009237368490439397
TCGA-DU-A5TR-01A,scdc_ensemble,0.5492772194256801,0.020528744496232185,0.033596210224093606,0.011414411761312936,0.10462474628157542,0.14316398904382183,0.13146344760148454,0.005931231165799436
TCGA-DU-A5TS-01A,scdc_ensemble,0.5491771671593303,0.0,0.0022767394868040644,0.0016938445386936332,0.020326742024968144,0.24133381034467913,0.05900274738185146,0.12618894906367317
TCGA-DU-A5TT-01A,scdc_ensemble,0.6194643403013721,0.03325234224876725,0.005140602641649809,0.0025941372939216074,0.0234672994901716,0.27702324769742576,0.03284771567111747,0.006210314655574486
TCGA-DU-A5TU-01A,scdc_ensemble,0.6953137564522465,0.0044192373640383085,0.00910277398359939,0.0033131139688951407,0.023352402770676073,0.24439793259348733,0.014618447599825805,0.005482335267231599
TCGA-DU-A5TW-01A,scdc_ensemble,0.5668643862713916,0.010994362641366188,0.002399636228275688,0.002845250480196587,0.011639791633547036,0.2594205380225763,0.11115299875928171,0.03468303596336494
TCGA-DU-A5TY-01A,scdc_ensemble,0.5461224344570373,0.020721259625171098,0.035442996872707196,0.005292919372392552,0.04396668873402701,0.29408276377860326,0.029316074142887706,0.02505486301717395
TCGA-DU-A6S2-01A,scdc_ensemble,0.4743493432491442,0.026550381476084607,0.008316615238291487,0.0019435079622524736,0.0262835632551923,0.10563289297010452,0.24887013391579835,0.10805356193313206
TCGA-DU-A6S3-01A,scdc_ensemble,0.5293474994776007,0.016034173273196506,0.008978249420232445,0.002154379667105633,0.01927175257405841,0.20662546090537262,0.2051414336265771,0.012447051055856527
TCGA-DU-A6S6-01A,scdc_ensemble,0.6789483209681605,0.0,0.01207083303188758,0.00010421472941361081,0.028020223338181143,0.0980742766782566,0.06503156435309636,0.1177505669010042
TCGA-DU-A6S7-01A,scdc_ensemble,0.5124489531847171,0.009332194211422758,0.0011791813705432327,0.002646193651821565,0.03368682112994526,0.1539698673503761,0.28332639175046553,0.0034103973507083663
TCGA-DU-A6S8-01A,scdc_ensemble,0.6105195036099335,0.006246765451376688,0.012811231793017035,0.003397560582833977,0.022922623397210486,0.29021862069353194,0.04671418205710882,0.007169512414987551
TCGA-DU-A76K-01A,scdc_ensemble,0.5535418134233091,0.011547938806594528,0.016572574106690177,0.001506897960589238,0.026021199109875492,0.26341065806397523,0.12139049136730502,0.006008427161661163
TCGA-DU-A76L-01A,scdc_ensemble,0.4684724566047915,0.021539491104965447,0.0254660039426587,0.0054249018348712635,0.04929879933114538,0.38855227517488233,0.03457764561234807,0.006668426394337407
TCGA-DU-A76O-01A,scdc_ensemble,0.6689913121151935,0.0,0.00542535546021954,0.0021105759023984025,0.03993311185411712,0.18327509603983885,0.09350098479975097,0.006763563828481613
TCGA-DU-A76R-01A,scdc_ensemble,0.6425234862826626,0.011025578877236337,0.005778369111895899,0.0021494261086453044,0.02893025771113579,0.19211794860541834,0.10913403078948383,0.008340902513521903
TCGA-DU-A7T6-01A,scdc_ensemble,0.42805201326189096,0.002919456573848878,0.014432857066915723,0.001810112132193492,0.013909085796507995,0.38408421466124826,0.1480590472255948,0.00673321328179985
TCGA-DU-A7T8-01A,scdc_ensemble,0.5944715285707304,0.024599107514614374,0.03665376298644694,0.003709402231658858,0.03265085086702721,0.2530152532142257,0.007887989933492028,0.0470121046818046
TCGA-DU-A7TA-01A,scdc_ensemble,0.4543173814058648,0.030844215518399564,0.018657818591762576,0.003960128874479311,0.01641184069817509,0.46145290704383507,0.00339693186952633,0.010958775997957283
TCGA-DU-A7TB-01A,scdc_ensemble,0.5719498247864327,0.0014374307120678899,0.002391611285014999,0.001267829600968371,0.022382824516432944,0.19267863106781521,0.18005712135064544,0.027834726680622326
TCGA-DU-A7TC-01A,scdc_ensemble,0.6813219969530687,0.006213693223233172,0.008138571883006785,0.0012854218790731948,0.020410012236686825,0.17600111259880138,0.09833910261090578,0.00829008861522412
TCGA-DU-A7TD-01A,scdc_ensemble,0.45539887081932956,0.05695869921656921,0.030282079622180064,0.0003276581910148444,0.03660995617917169,0.34009556846154126,0.07348562497665614,0.006841542533537231
TCGA-DU-A7TG-01A,scdc_ensemble,0.5220527950339292,0.008217464444528323,0.008427895273222545,0.0011281035100844726,0.03904189334991608,0.19082649270361468,0.03157627249146391,0.1987290831932408
TCGA-DU-A7TI-01A,scdc_ensemble,0.6462743473668279,0.06676141823742192,0.0061816031033430415,0.0013689440300919422,0.03946844657162261,0.1406732740605252,0.09264279841972436,0.00662916821044304
TCGA-DU-A7TJ-01A,scdc_ensemble,0.559403903273313,0.017198256858039836,0.022312159541493893,0.001801493663959105,0.03717440826216779,0.314959471806685,0.03885320729221642,0.008297099302124949
TCGA-E1-5302-01A,scdc_ensemble,0.7492561501602341,0.0020610531382823584,0.011570034326627003,0.0011998148583050414,0.02359210343071432,0.13490489218648535,0.0706923552887572,0.00672359661059461
TCGA-E1-5303-01A,scdc_ensemble,0.5243368594408127,0.0036127741848551035,0.002715920280816229,0.0013312469366655814,0.02646925643726932,0.12551651701024444,0.3116949938818286,0.004322431827508041
TCGA-E1-5304-01A,scdc_ensemble,0.669170027695251,0.0007722651585950549,0.005365560482195562,0.004020732098546764,0.015152876052768728,0.23059868471266515,0.057515349959296885,0.01740450384068095
TCGA-E1-5305-01A,scdc_ensemble,0.6553612241139203,0.008029699507799071,0.009605045026119169,0.0014760078492586446,0.023868795966807063,0.1827989095539547,0.0,0.1188603179821411
TCGA-E1-5307-01A,scdc_ensemble,0.6778563223453339,0.019852837779341537,0.004222065535815274,0.001257090197250371,0.023045848289110257,0.11392188543680493,0.1479020196453682,0.011941930770975608
TCGA-E1-5311-01A,scdc_ensemble,0.6318937140224072,0.014867542402320359,0.012060671690169127,0.001053741685424511,0.01751264518516495,0.18401878080136264,0.014625243078070962,0.12396766113508019
TCGA-E1-5318-01A,scdc_ensemble,0.318573770863953,0.002044945972371217,0.005472172786396113,0.0018626940839077766,0.014931517152114751,0.6558493657437428,0.0,0.0012655333975144668
TCGA-E1-5319-01A,scdc_ensemble,0.5503598614192662,0.01036289983344263,0.014924498814253225,0.0021944391254416183,0.032382795255159885,0.18617714042065014,0.1916898394924986,0.011908525639287796
TCGA-E1-5322-01A,scdc_ensemble,0.7238947437548064,0.007082169749695553,0.008481042313400286,0.0028239399678978245,0.02345238457766656,0.20401947473552165,0.015810214582177337,0.014436030318834333
TCGA-E1-A7YD-01A,scdc_ensemble,0.6206996472229479,0.03620349869098049,0.01810950279100886,0.0021835615817685627,0.023697016633339667,0.2952572882725166,0.0,0.003849484807437885
TCGA-E1-A7YE-01A,scdc_ensemble,0.5982254027203544,0.09871765531802368,0.012518532142495606,0.0030059587926018583,0.018780229974298953,0.2069273688024552,0.05689690766367306,0.004927944586097243
TCGA-E1-A7YH-01A,scdc_ensemble,0.3217617674975205,0.007008763291200046,0.0004841642609114911,0.0011686830568897943,0.006641698177830764,0.06861095434685491,0.5880283700109281,0.0062955993578643
TCGA-E1-A7YI-01A,scdc_ensemble,0.4892761490984309,0.02593248404624098,0.013312518113380117,0.001462139684553929,0.01665741720754334,0.3319662897016229,0.11109778393522882,0.01029521821299912
TCGA-E1-A7YJ-01A,scdc_ensemble,0.3318068681638283,0.03099423686814601,0.03677731611995217,0.004074126114192345,0.049105443795279334,0.34384930601918634,0.20011927742200294,0.003273425497412378
TCGA-E1-A7YK-01A,scdc_ensemble,0.2893158871351884,0.0,0.021662781624901376,0.005492207750951457,0.02399396819262269,0.07494450585095579,0.581131044537173,0.0034596049082074
TCGA-E1-A7YL-01A,scdc_ensemble,0.7016017861295332,0.03161659368777777,0.040164976282510194,0.006331976238890825,0.04439049095054709,0.1116947838258731,0.05677905926101715,0.007420333623850711
TCGA-E1-A7YM-01A,scdc_ensemble,0.3821963754571982,0.003194730802629243,0.0011921239550621934,0.0022330247352503685,0.014477663176016639,0.0904392809969127,0.500579202722264,0.005687598154666732
TCGA-E1-A7YN-01A,scdc_ensemble,0.325348216639291,0.0070147327220247396,0.046751165570914126,0.01137946063845177,0.09984467797283472,0.24132438373661513,0.26219127088243405,0.00614609183743452
TCGA-E1-A7YO-01A,scdc_ensemble,0.5851420548101781,0.015304761740405208,0.009082906237825115,0.0011287147953385314,0.01568534557093824,0.2804587182499142,0.08136568181024509,0.01183181678515547
TCGA-E1-A7YQ-01A,scdc_ensemble,0.42042472460883407,0.025212368011264388,0.03006215049872122,0.007166163080410536,0.055902039026076905,0.44628556870860425,0.0014181773304932609,0.013528808735595383
TCGA-E1-A7YS-01A,scdc_ensemble,0.6245843818384026,0.0421168490172396,0.00856784796696294,0.001915495189428021,0.01956503789273069,0.25431351143910896,0.03397720678140341,0.014959669874723825
TCGA-E1-A7YU-01A,scdc_ensemble,0.49080495130389884,0.0,0.0038804029469410263,0.0009488033967723716,0.013677780147400436,0.07825639588148606,0.3296136130227676,0.08281805330073355
TCGA-E1-A7YV-01A,scdc_ensemble,0.5188306559011083,0.018777541716956874,0.017433098188585877,0.001140511108763762,0.0238788316184391,0.39551628211669165,0.011489459556294875,0.012933619793159547
TCGA-E1-A7YW-01A,scdc_ensemble,0.6304620546181987,0.030643091794261217,0.0038019040852189144,0.0026525139819149036,0.019052876787425746,0.12207676713180982,0.18670489002519186,0.004605901575978791
TCGA-E1-A7YY-01A,scdc_ensemble,0.5410470099226071,0.013430849089929352,0.00567898204243669,0.0009829069689628993,0.025655914948165087,0.13693742159911432,0.26448807134206326,0.01177884408672119
TCGA-E1-A7Z2-01A,scdc_ensemble,0.5391128138629604,0.005034614556361387,0.0035795694615468883,0.0,0.019464267662090824,0.12292547473581267,0.1331135196811331,0.17676974004009469
TCGA-E1-A7Z3-01A,scdc_ensemble,0.5527587144441698,0.00285035942939783,0.012802908988758813,0.000373524161055163,0.0372559472773991,0.24934729002621328,0.1387060803553863,0.005905175317619655
TCGA-E1-A7Z4-01A,scdc_ensemble,0.6394704352286233,0.0238155612076869,0.010427816488766882,0.0025574525579683738,0.04506909655480711,0.20174506862109048,0.03310966302038204,0.0438049063206749
TCGA-E1-A7Z6-01A,scdc_ensemble,0.7284784647719373,0.021549024458155704,0.00016463678747035773,0.0035413955448644965,0.02592659705647176,0.1462662647163648,0.06007662209775416,0.013996994566981485
TCGA-EZ-7264-01A,scdc_ensemble,0.6422559209393487,0.022841062303973658,0.015190213800518495,0.0008863962036727664,0.02193709886051567,0.15909872846160503,0.0948293514587157,0.04296122797165001
TCGA-F6-A8O3-01A,scdc_ensemble,0.6567485758780753,0.01744740399181365,0.012017509457943337,0.0019773377943592065,0.016880192319656134,0.21267226466740174,0.0722317011992489,0.010025014691501744
TCGA-F6-A8O4-01A,scdc_ensemble,0.6027801031524408,0.009536467917677552,0.010214824013890423,0.0013172165688268246,0.019948120021345387,0.16864630746095494,0.027616872251629617,0.15994008861323453
TCGA-FG-5962-01B,scdc_ensemble,0.6891935132715682,0.012125470610803971,0.012241163771827449,0.001955580850114501,0.03148117730225796,0.18652064211509753,0.05556126479096913,0.010921187287361118
TCGA-FG-5963-01A,scdc_ensemble,0.46931602709855597,0.0017069256463355827,0.052578889175408206,0.009605082430307329,0.03771353972641464,0.1916566688660747,0.1971455801573048,0.04027728689959869
TCGA-FG-5963-02A,scdc_ensemble,0.7959365020695564,0.026944833564963872,0.023351812427202728,0.0014615053769223714,0.037072830645828996,0.10723012350273083,0.0009423166495228026,0.007060075763272066
TCGA-FG-5964-01A,scdc_ensemble,0.5850481685888154,0.006192438554860722,0.01850395069763602,0.0032397078299148062,0.03559106448683798,0.2636907654656228,0.015062863370485142,0.07267104100582716
TCGA-FG-5965-01B,scdc_ensemble,0.6882967910174115,0.015628380631731536,0.024964274766960358,0.00190078180097253,0.05725085354207806,0.200510309697688,0.0,0.011448608543158137
TCGA-FG-6688-01A,scdc_ensemble,0.6756831207277256,0.010942232209336334,0.007788083812897201,0.002769698893751748,0.025045340486934197,0.1781367498504055,0.04081714375197884,0.05881763026697044
TCGA-FG-6689-01A,scdc_ensemble,0.6545889313532858,0.01015660110392456,0.007749188860510659,0.003619650770963379,0.03189513900691721,0.12761367877369975,0.1369695017955057,0.027407308335192903
TCGA-FG-6690-01A,scdc_ensemble,0.7122842055082058,0.013310158108593324,0.02301009525065565,0.0046640658781020175,0.04764498274450201,0.16890131905523872,0.02006520573896723,0.010119967715735208
TCGA-FG-6691-01A,scdc_ensemble,0.6188669036854482,0.0035992683138786753,0.003324284126357535,0.0035928291176453688,0.022544783380747956,0.24951871856095445,0.0018902626368869763,0.09666295017808087
TCGA-FG-6692-01A,scdc_ensemble,0.42516830813777884,0.005016789511608742,0.053170656074826746,0.0026992144254636037,0.05467147033607013,0.45353150289026045,0.0,0.00574205862399158
TCGA-FG-7634-01A,scdc_ensemble,0.4642928423746841,0.03075331976566051,0.02341869185505803,0.004288769330236373,0.024478139057727576,0.4392726244231679,0.009658458050342813,0.0038371551431227247
TCGA-FG-7636-01A,scdc_ensemble,0.7381737159879761,0.0,0.005346094387611644,0.0014114886521990066,0.018051285793975084,0.15808193981980265,0.002695178447090243,0.07624029691134523
TCGA-FG-7638-01B,scdc_ensemble,0.6464360162881836,0.005336226570937184,0.015496457864819886,0.002464916121062177,0.018887706695125964,0.2200645706390082,0.03414427965779768,0.0571698261630654
TCGA-FG-7641-01B,scdc_ensemble,0.4846398476993187,0.007266522933067285,0.004564808120178204,0.0007718832980330321,0.023466187014129607,0.0782068851043997,0.3969443921361124,0.004139473694761124
TCGA-FG-7643-01A,scdc_ensemble,0.48785768357667114,0.007865730711295052,0.021824868367554318,0.002270843761144015,0.037244739196709856,0.2567266713479559,0.008598132467521178,0.1776113305711484
TCGA-FG-8181-01A,scdc_ensemble,0.5037291751367821,0.014870198859285507,0.013656270767731054,0.0024894304496835846,0.03747259754911457,0.23699435000886895,0.005564055190733808,0.18522392203780047
TCGA-FG-8182-01A,scdc_ensemble,0.4053773357773871,0.015975705874717763,0.006777710817724868,0.0029720146195106895,0.01948636798473378,0.14574135262544502,0.38350911973344065,0.020160392567040143
TCGA-FG-8185-01A,scdc_ensemble,0.5721861325287589,0.02692237255288521,0.008203172799619513,0.001864126979953948,0.012628402306607323,0.3585094496538272,0.006362026234280409,0.0133243169440676
TCGA-FG-8186-01A,scdc_ensemble,0.6189690948494629,0.029628761106255175,0.017529227201027855,0.005746919768819045,0.037749042905406004,0.18002773682813653,0.10276812349061261,0.007581093850279942
TCGA-FG-8187-01A,scdc_ensemble,0.5144238760685454,0.012541803648069921,0.0018722902963234846,0.001547439187497807,0.015530484197787683,0.11679659778502274,0.26227405067414217,0.07501345814261084
TCGA-FG-8188-01A,scdc_ensemble,0.4363341614715507,0.011736907580733475,0.0010801708161562891,0.0015412557375471363,0.01164734791395547,0.23474681357421195,0.2968236281788774,0.006089714726967574
TCGA-FG-8191-01A,scdc_ensemble,0.5157491406920284,0.07493474442196271,0.013837668068431399,0.0030903695498175256,0.03184617113184097,0.16869444905847655,0.18402063146931447,0.00782682560812804
TCGA-FG-A4MT-01A,scdc_ensemble,0.5434989703303732,0.004190782786873903,0.0,0.0032743926278135647,0.010252026642374436,0.3801626397720958,0.038029507619503945,0.020591680220965112
TCGA-FG-A4MT-02A,scdc_ensemble,0.6072022861877368,0.027419754877363187,0.013754775515162075,0.0008048698616777435,0.026394683919147965,0.15529773926592574,0.004518957266764376,0.1646069331062222
TCGA-FG-A4MW-01A,scdc_ensemble,0.6089337797150166,0.0,0.0036649920296068566,0.003162036919181689,0.031139099100169362,0.2591522303304806,0.04596035432535983,0.047987507580185086
TCGA-FG-A4MX-01A,scdc_ensemble,0.5839548126918928,0.021190845799576506,0.0,0.00304438211728724,0.023946125566772492,0.3513106226070376,0.00794242367579396,0.008610787541639391
TCGA-FG-A4MY-01A,scdc_ensemble,0.35013379418678103,0.01662720165947765,0.008887789242129128,0.002024670441390786,0.017042329084086354,0.07990217279642552,0.516904392307329,0.008477650282380565
TCGA-FG-A60J-01A,scdc_ensemble,0.5754481469691753,0.020819535105052436,0.014414598621311009,0.0034372894245308988,0.06536935135261435,0.09667927862037337,0.21562362261420007,0.008208177292742534
TCGA-FG-A60K-01A,scdc_ensemble,0.6057996390135703,0.032692234554534946,0.010364751206739279,0.0034744508587093675,0.045693063694042156,0.14384714882443467,0.13902065452612877,0.01910805732184065
TCGA-FG-A60L-01A,scdc_ensemble,0.5727550743808039,0.004475867169138153,0.011580448706551318,0.003829775493796476,0.04866231645989016,0.1710843059571971,0.17760706863041648,0.010005143202206582
TCGA-FG-A6IZ-01A,scdc_ensemble,0.6931793037070467,0.0,0.007562286421386052,0.0031330177952389395,0.022619437138483536,0.24922355175055666,0.011681439778872146,0.012600963408415891
TCGA-FG-A6J1-01A,scdc_ensemble,0.596538404587326,0.0061011920546736615,0.020270635417320597,0.0019022482328702188,0.022724412770028454,0.33805624843004756,0.006497750623620502,0.007909107884112972
TCGA-FG-A6J3-01A,scdc_ensemble,0.6238590420623986,0.015264965890305172,0.03322507907699846,0.006222798693289539,0.02510974921386934,0.26018396565747837,0.03135086462049901,0.004783534785161445
TCGA-FG-A70Y-01A,scdc_ensemble,0.38736208687769563,0.005518463523243467,9.901679239723641e-05,0.0017456089753863087,0.011311500097630848,0.10470549508817095,0.4707437489151379,0.018514079730337626
TCGA-FG-A70Z-01A,scdc_ensemble,0.5030679871755434,0.0014560736067609594,0.012258317429355663,0.0010743953859913536,0.046742323691544456,0.3663424545690674,0.0,0.0690584481417369
TCGA-FG-A710-01A,scdc_ensemble,0.5644627910585478,0.018183820716403024,0.01719157324046768,0.0031569253341946152,0.028664379765996433,0.3164840609716345,0.046161617655295084,0.005694831257460812
TCGA-FG-A711-01A,scdc_ensemble,0.6125577572284062,0.012650640994171672,0.004323093442798683,0.001231922322500827,0.01373748465807262,0.18494292796077724,0.036720381104945375,0.1338357922883274
TCGA-FG-A713-01A,scdc_ensemble,0.3911898367778179,0.0,0.006060639540773184,0.0005744542215386008,0.01767475294472922,0.12646865812011224,0.3794574353862604,0.07857422300876846
TCGA-FG-A87N-01A,scdc_ensemble,0.5695125251646773,0.0,0.02230042561028362,0.0035442561828228697,0.027473163427323925,0.22086573653845815,0.15092451893697448,0.005379374139459671
TCGA-FG-A87Q-01A,scdc_ensemble,0.35140641112399085,0.018399048918781812,0.021508461533688402,0.006193589060452888,0.020419698897448553,0.16263482821355196,0.4174886174918703,0.0019493447602152824
TCGA-FN-7833-01A,scdc_ensemble,0.5160184288288278,0.13858369868539544,0.01609480075107143,0.0038156736445937233,0.04038381884280387,0.17619727147875813,0.09545355407923539,0.013452753689314255
TCGA-HT-7467-01A,scdc_ensemble,0.5280457744602121,0.0017760585155082531,0.012473132438845291,0.0006909661711061998,0.0259447681582312,0.17656975404212133,0.24317885477831436,0.011320691435661208
TCGA-HT-7468-01A,scdc_ensemble,0.5862089461237314,0.01053209359632748,0.018775699468861654,0.0058520013370562465,0.03059959169308619,0.2620061573135451,0.07958202643594749,0.006443484031444482
TCGA-HT-7469-01A,scdc_ensemble,0.6646070090706193,0.026680560247078076,0.0069637731449436755,0.0025370932670326293,0.018460152828546315,0.26436920003993825,0.012075075350856359,0.004307136050985437
TCGA-HT-7470-01A,scdc_ensemble,0.7039889910410958,0.0,0.010956750705552853,0.00028476109367175977,0.029832031920944423,0.13439399385651435,0.030616938647578584,0.0899265327346423
TCGA-HT-7471-01A,scdc_ensemble,0.5711997518512516,0.006058662998370649,0.022377290859880602,0.003819551565573509,0.0367545217538028,0.31585176921488106,0.0391318131560538,0.004806638600186015
TCGA-HT-7472-01A,scdc_ensemble,0.6804909340852969,0.008078702186652416,0.024901686771580927,0.006387119103508734,0.040841488023477826,0.13950570570996426,0.09611431416789688,0.003680049951622018
TCGA-HT-7473-01A,scdc_ensemble,0.622873272667732,0.0038204929917045804,0.030900502241656295,0.008276252139950712,0.0924191883871928,0.142928307016936,0.07934257375176385,0.019439410803063814
TCGA-HT-7474-01A,scdc_ensemble,0.5723890440126297,0.006745316993642988,0.01195262578937004,0.0014419693687547715,0.02294867263194694,0.12975833491644037,0.23910800674910881,0.015656029538106315
TCGA-HT-7475-01A,scdc_ensemble,0.6414833986225503,0.0,0.016238781818403505,0.0011967714808863762,0.019215805938416732,0.18013996909943425,0.01277734231519055,0.1289479307251182
TCGA-HT-7476-01A,scdc_ensemble,0.4020600853109495,0.0,0.016926354186843608,0.0012143570145715292,0.028439248269920055,0.45355791010436125,0.0,0.0978020451133542
TCGA-HT-7477-01B,scdc_ensemble,0.5682176749111179,0.007086212460355302,0.004684861617663489,0.002140425760429933,0.016488208176318436,0.368988153571619,0.01375948560027398,0.018634977902221853
TCGA-HT-7478-01A,scdc_ensemble,0.6296136443332256,0.016225492006554244,0.04350993855900214,0.011581007059263076,0.04804008437328862,0.17168129190824197,0.006134799006162677,0.07321374275426158
TCGA-HT-7479-01A,scdc_ensemble,0.4415121837679671,0.010303432590504584,0.009247348355676189,0.00256212836802876,0.026285372320712087,0.12411628427098906,0.3736081810566274,0.01236506926949489
TCGA-HT-7480-01A,scdc_ensemble,0.6859414620003447,0.0,0.0062886815144822415,0.002407740150958874,0.025473825979676522,0.16178758892589296,0.025432192746046446,0.0926685086825983
TCGA-HT-7481-01A,scdc_ensemble,0.657232294475394,0.002980273806040415,0.008821130584232405,0.0013052443342490435,0.032906537738132124,0.13258765714629223,0.06253321168879979,0.10163365022686002
TCGA-HT-7482-01A,scdc_ensemble,0.5085588859138406,0.011477094212650276,0.002228181575774117,0.0016186816269842153,0.020944897537847892,0.1188274845652952,0.3306123439028114,0.005732430664796514
TCGA-HT-7483-01A,scdc_ensemble,0.586632249360033,0.014547050255083873,0.014050480285507264,0.002077556154205321,0.016774911995698152,0.2758776859886128,0.0,0.09004006596085955
TCGA-HT-7485-01A,scdc_ensemble,0.5811951518399404,0.003595734903410591,0.0014554228409675502,0.002729200357612774,0.024278964345349343,0.10589710445667165,0.2624949755747338,0.018353445681313894
TCGA-HT-7601-01A,scdc_ensemble,0.6709565646567498,0.0028579150844345287,0.03921711862295275,0.006719539805559596,0.03887888563345359,0.14417410172929065,0.08913636660216294,0.008059507865396122
TCGA-HT-7602-01A,scdc_ensemble,0.4395240099925009,0.003542539793366222,0.0032380391548864486,0.0013719777689359329,0.02189157376422959,0.08757063863578333,0.43908814935662427,0.0037730715336733345
TCGA-HT-7603-01A,scdc_ensemble,0.7842166006937896,0.009440576543959496,0.00398136983924217,0.0021604616854236348,0.03268278240308289,0.12545710585646747,0.03380128050403046,0.00825982247400421
TCGA-HT-7604-01A,scdc_ensemble,0.747550941091332,0.009260758824597544,0.0070719447114085884,0.0026827660040375408,0.020647463414167847,0.20300356593985402,0.0019134392338246277,0.007869120780777767
TCGA-HT-7605-01A,scdc_ensemble,0.5790922302206976,0.014851818758318104,0.007154871060365863,0.0017720978167050142,0.01971271687404218,0.12346762063265032,0.24796259797899467,0.005986046658226254
TCGA-HT-7606-01A,scdc_ensemble,0.5041404045788945,0.006677561334371567,0.008698892549172837,0.0021313936870632736,0.02241020527958452,0.43680484095072303,0.013885271904423358,0.005251429715766845
TCGA-HT-7607-01A,scdc_ensemble,0.6896895914288438,0.012702402531980257,0.012554227517638171,0.0015777417997217618,0.038401220864198664,0.17035967342186645,0.06542744853853984,0.009287693897211088
TCGA-HT-7609-01A,scdc_ensemble,0.6252662291331985,0.021075165394150847,0.0,0.002724992361971099,0.030252553840992086,0.20312702988417972,0.10786822469408325,0.009685804691424455
TCGA-HT-7610-01A,scdc_ensemble,0.6221542595443333,0.013331003746059254,0.011382071306202739,0.0020158323827194724,0.039952764352204066,0.12875078417664682,0.1690245928004247,0.013388691691409486
TCGA-HT-7611-01A,scdc_ensemble,0.6709659389504037,0.006393143158403445,0.010870409924294383,0.0038685158213117347,0.033673124603339544,0.118789908426501,0.14371836525354312,0.011720593862203244
TCGA-HT-7616-01A,scdc_ensemble,0.3463272783876594,0.014729662288124981,0.0479035236526266,0.011156985036997673,0.10366212944172513,0.4106315527845907,0.05826262027353794,0.007326248134737674
TCGA-HT-7620-01A,scdc_ensemble,0.30346519511626396,0.0057227308797409854,0.00024087793393204234,0.0011665499229775217,0.012159491345851052,0.07882908968350175,0.5929491097148386,0.005466955402894044
TCGA-HT-7676-01A,scdc_ensemble,0.5504826035974854,0.0010857827801110805,0.022701041580795236,0.0026563104184499755,0.027427721106942235,0.21362800310630525,0.16474159011671843,0.017276947293192426
TCGA-HT-7677-01A,scdc_ensemble,0.5243662206077284,0.023326510062439756,0.012870095510330241,0.0031422769348821216,0.04787484134541846,0.22367954697601664,0.1612622321173961,0.0034782764457883084
TCGA-HT-7680-01A,scdc_ensemble,0.49886670242787273,0.12631402529004696,0.017119316543907574,0.004921053899262409,0.06333315993853443,0.19155636935125486,0.0009382422299014132,0.09695113031921976
TCGA-HT-7681-01A,scdc_ensemble,0.5931501870485663,0.007233013596293076,0.04147740655354377,0.004527473994911617,0.03602375306456735,0.16099077277768417,0.006558218242029712,0.15003917472240386
TCGA-HT-7684-01A,scdc_ensemble,0.43858999327762355,0.012876942124413789,0.0,0.002055665234614986,0.012761796435152222,0.4510432428813146,0.056430790823770914,0.026241569223109974
TCGA-HT-7686-01A,scdc_ensemble,0.7812647802680313,0.00043610645641846364,0.01929880663153052,0.005571880141190143,0.024905283422422292,0.13828455340932205,0.013155974505518855,0.017082615165566563
TCGA-HT-7687-01A,scdc_ensemble,0.5735014372964028,0.008215732357521148,0.022812410828940758,0.006614141915201694,0.04199216678933168,0.2694299000641813,0.016314146608840605,0.061120064139579974
TCGA-HT-7688-01A,scdc_ensemble,0.6523531145874994,0.015261739454350609,0.013184703338268336,0.002059928622576162,0.03333498404812693,0.1854164902635958,0.08977423844426359,0.008614801241319171
TCGA-HT-7689-01A,scdc_ensemble,0.5306898336358271,0.0021794473891428284,0.00021303846564447906,0.0021895691409191185,0.023679526528124918,0.0909250618805725,0.34362232649763474,0.006501196462134175
TCGA-HT-7690-01A,scdc_ensemble,0.5407495068666475,0.007076235380790269,0.03943251536784462,0.00821957185626637,0.031664501134516576,0.34854704350047816,0.012984225985534656,0.011326399907921841
TCGA-HT-7691-01A,scdc_ensemble,0.2888123684810155,0.056101120799433385,0.017963856598916552,0.003882485851842233,0.044231513547795885,0.5652573402086234,0.0025365005631284754,0.02121481394924458
TCGA-HT-7692-01A,scdc_ensemble,0.6554603813286699,0.007691704801368857,0.009830996842567493,0.0023633792140779616,0.022739287252810027,0.2440369058831473,0.0268049419054699,0.031072402771888587
TCGA-HT-7693-01A,scdc_ensemble,0.49340043621902696,0.030598121975793986,0.023379094920901164,0.005790417644205454,0.028160905484882877,0.3985364312644877,0.007606448892602291,0.012528143598099641
TCGA-HT-7694-01A,scdc_ensemble,0.60469208070229,0.008658582681092951,0.009108226973352243,0.00026519177963872426,0.022610613075865985,0.14446095995585792,0.044971595793955176,0.165232749037947
TCGA-HT-7695-01A,scdc_ensemble,0.6636316173884782,0.00215428555854996,0.01079063957649908,0.0004223732458345414,0.02665375478146492,0.136817392543682,0.000563524673277895,0.15896641223221342
TCGA-HT-7854-01A,scdc_ensemble,0.48540861862809975,0.09789140519507436,0.004684308751070348,0.00325762964975263,0.030250996579302074,0.15573239665332425,0.2126124728790669,0.010162171664309785
TCGA-HT-7855-01A,scdc_ensemble,0.5706648794923347,0.011129437905028723,0.001736735553107638,0.003221090270861738,0.012996108663200761,0.3791563367596644,0.0038612666286612324,0.01723414472714072
TCGA-HT-7856-01A,scdc_ensemble,0.5205031889474794,0.004687956217513277,0.010656416302133636,0.0004731798450250407,0.032809901440320734,0.1465086023408731,0.11527377721059096,0.16908697769606393
TCGA-HT-7857-01A,scdc_ensemble,0.2921797608730233,0.04431269880558537,0.06356260371921155,0.018707196831873836,0.06911916950295494,0.4827899292806753,0.02000674038447274,0.009321900602202917
TCGA-HT-7858-01A,scdc_ensemble,0.40458846399876053,0.00806507475102962,0.025084635208721635,0.003695251811606112,0.10894500329649748,0.12280300417765565,0.3151803682833023,0.011638198472426744
TCGA-HT-7860-01A,scdc_ensemble,0.49346338898671444,0.046826058945807006,0.018923817217353978,0.005590901079998929,0.03679210547841559,0.39492269030675137,0.0,0.0034810379849587038
TCGA-HT-7873-01B,scdc_ensemble,0.5243988383464262,0.00955782295914664,0.0,0.002162185509908327,0.010299243708022444,0.1428866957990442,0.2980120929393395,0.012683120738112681
TCGA-HT-7874-01A,scdc_ensemble,0.5958167326021863,0.01030863003488036,0.007958300995396243,0.0010095732107630805,0.026812980793989055,0.12316286980940555,0.012652284168172427,0.22227862838520696
TCGA-HT-7875-01A,scdc_ensemble,0.6609999247885576,0.0,0.0038297510482770422,0.0013727787817357066,0.024604949590850012,0.18289192876887728,0.07808899670454839,0.04821167031715392
TCGA-HT-7877-01A,scdc_ensemble,0.5556639495520923,0.00533211118360734,0.01346774705512065,0.0006750283949733269,0.026438068027574833,0.2140667808901019,0.03518186243601144,0.14917445246051833
TCGA-HT-7879-01A,scdc_ensemble,0.5235485821734714,0.010104844770682745,0.0,0.0023201388191292148,0.02053353245320278,0.22640724672208842,0.2127938134692908,0.004291841592134549
TCGA-HT-7880-01A,scdc_ensemble,0.45085440313037084,0.003909461363390038,0.008780828210682731,0.002112979417936638,0.024934578685699815,0.1183389396007982,0.38406075870078477,0.007008050890336954
TCGA-HT-7881-01A,scdc_ensemble,0.5525630428596076,0.0008900897533932367,0.011536694601325951,0.00025753414571409955,0.02515677343182602,0.08169672545834068,0.23680900255869797,0.09109013719109466
TCGA-HT-7882-01A,scdc_ensemble,0.38634810341413367,0.12207878032910863,0.054248306822208645,0.014332355312185819,0.08139170146119461,0.3073060860897973,0.026455238117895987,0.007839428453475326
TCGA-HT-7884-01B,scdc_ensemble,0.4621527188746614,0.003680874014901776,0.0025041310747610955,0.002486659876857694,0.015954312927450805,0.08379147467795518,0.4103528265268618,0.019077002026550362
TCGA-HT-7902-01A,scdc_ensemble,0.3954144951120088,0.0024773273801148446,0.01249210513519292,0.002275881697453619,0.023734424025126672,0.10078028375086469,0.45476726004829005,0.008058222850948402
TCGA-HT-8010-01A,scdc_ensemble,0.6374868074931703,0.008612900755967684,0.00832996968896327,0.0008508532011875947,0.031214022078796744,0.1474460218876328,0.006692815473980074,0.15936660942030165
TCGA-HT-8011-01A,scdc_ensemble,0.593736252056192,0.004682815142881562,0.016623105673837,0.0012907547728290094,0.03069834838490932,0.3438821826948208,0.0031261174379435728,0.00596042383658685
TCGA-HT-8012-01A,scdc_ensemble,0.603227918202822,0.019600997034153023,0.005244934898858763,0.0023703435618676154,0.02056451253496986,0.190968856426427,0.13159060091411967,0.02643183642678212
TCGA-HT-8013-01A,scdc_ensemble,0.5323961314408387,0.008886066587441281,0.005919381189475954,0.0035039059141833088,0.026631184224537325,0.1776797081812514,0.23794627195056084,0.00703735051171127
TCGA-HT-8015-01B,scdc_ensemble,0.5503241132925035,0.024366833605879285,0.01863925041577299,0.002045046666627633,0.032296784405805065,0.18394796807547326,0.1800714151120661,0.008308588425872213
TCGA-HT-8018-01A,scdc_ensemble,0.40620514388486184,0.02317696397145939,0.02906604055661373,0.0006805872898074703,0.04447608172954069,0.3771612443881413,0.005254183261153247,0.11397975491842233
TCGA-HT-8104-01A,scdc_ensemble,0.45772097193010924,0.004635006336153922,0.011681645151278819,0.001515246440318156,0.018486998893085523,0.4877770808256842,0.012355422737362834,0.005827627686007255
TCGA-HT-8105-01A,scdc_ensemble,0.5572527689311189,0.03152568827504686,0.013840201749102884,0.0024050003080586862,0.02733069601380656,0.30174899777869646,0.05750987355732448,0.008386773386845167
TCGA-HT-8106-01A,scdc_ensemble,0.42450254911226226,0.0,0.05053910622052764,0.020169968714633536,0.27453650758499965,0.11295607194720486,0.11283671959071057,0.004459076829661472
TCGA-HT-8107-01A,scdc_ensemble,0.35519456459490434,0.017298494718459057,0.004097260210056651,0.002639526051316235,0.029161972842141802,0.1491127424372267,0.4346437779726291,0.00785166117326616
TCGA-HT-8108-01A,scdc_ensemble,0.6068048158698028,0.0,0.019315733075119728,0.0036434075611938214,0.058020982398872614,0.22875729619539095,0.006110129470870178,0.07734763542874983
TCGA-HT-8109-01A,scdc_ensemble,0.6077349089470727,0.008004607773583538,0.013490163021014457,0.001228741709351921,0.027309267098048207,0.1364006991617674,0.1958982864965426,0.009933325792619269
TCGA-HT-8110-01A,scdc_ensemble,0.6799963303392891,0.010277365172273194,0.027922281867696148,0.005725053747379537,0.03865683806350748,0.1790333902679601,0.0,0.058388740541894364
TCGA-HT-8111-01A,scdc_ensemble,0.4694012034666184,0.0,0.018794189726719396,0.003174533589114977,0.04798759290077469,0.10928845372594254,0.29292168549331654,0.05843234109751344
TCGA-HT-8113-01A,scdc_ensemble,0.5464274817654283,0.006669719739197087,0.022942220024586256,0.002185626520041738,0.05315640504847378,0.13501853377599088,0.060433008490366064,0.17316700463591606
TCGA-HT-8114-01A,scdc_ensemble,0.5847055742534232,0.02213986324245953,0.03053129709084281,0.00525478638812852,0.04222496927061863,0.2750972839118979,0.0,0.04004622584262924
TCGA-HT-8563-01A,scdc_ensemble,0.5537441289730646,0.013148778841515704,0.09486239568267277,0.022807579321272205,0.05657527749313753,0.20169971600695363,0.047832317207785364,0.009329806473598174
TCGA-HT-8564-01A,scdc_ensemble,0.6821719163201917,0.0,0.034811469191707516,0.005761544669412037,0.04447242650543244,0.1357822896697221,0.003481085978013729,0.09351926766552057
TCGA-HT-A4DS-01A,scdc_ensemble,0.5755735239394488,0.0,0.03339266116022741,0.010983926476436728,0.04366728063143123,0.2805206967076682,0.0,0.055861911084787705
TCGA-HT-A5R5-01A,scdc_ensemble,0.6534315132978401,0.025427500757186715,0.006652623402312195,0.0,0.03239194072217109,0.1480559000099528,0.0032278277662993182,0.13081269404423793
TCGA-HT-A5R7-01A,scdc_ensemble,0.7463255090770972,0.018724789016459884,0.011836287469598852,0.0009194997348084397,0.032268786010532714,0.10648587205674463,0.07769461684881937,0.005744639785938942
TCGA-HT-A5R9-01A,scdc_ensemble,0.5257505476236821,0.0033998503692723703,0.047525234058319855,0.005256729488168271,0.03347848921407811,0.36347936150072463,0.005280786136558286,0.0158290016091964
TCGA-HT-A5RA-01A,scdc_ensemble,0.3021814492379964,0.013027296700436734,0.026050669651058466,0.003680498645646063,0.030808056670335957,0.6189423826967133,0.0,0.005309646397813258
TCGA-HT-A5RB-01A,scdc_ensemble,0.6348701748734967,0.0,0.006543752257105053,0.0010938064954532033,0.03711165489638878,0.1902942004587034,0.017255609320839325,0.11283080169801367
TCGA-HT-A5RC-01A,scdc_ensemble,0.4551620363581109,0.047711577004924094,0.014629806510504974,0.0050861257070154275,0.023449654893542518,0.2587506330196177,0.19153401331468073,0.0036761531916036467
TCGA-HT-A614-01A,scdc_ensemble,0.4953005598521249,0.0017109152345145418,0.002567478159074231,0.0017498063597010463,0.025783070060801674,0.12983499090246825,0.3380524135074669,0.005000765923848549
TCGA-HT-A615-01A,scdc_ensemble,0.6047728249479498,0.0024769622605725896,0.03576252124428088,0.007549547275236369,0.027399978043410537,0.13235423376125116,0.07000573839154743,0.11967819407575124
TCGA-HT-A616-01A,scdc_ensemble,0.5962120634940183,0.02599256744993626,0.009903572564257314,0.0016527640801767799,0.041946186805362135,0.210724046431825,0.0,0.11356879917442425
TCGA-HT-A617-01A,scdc_ensemble,0.4730830293368347,0.011551655585081195,0.04414962489530137,0.00913017478223559,0.08398740577632864,0.2913978803352707,0.005320924967850709,0.08137930432109712
TCGA-HT-A618-01A,scdc_ensemble,0.6535339950016433,0.0027720731231742385,0.017734828559884834,0.006331841723282166,0.06475375054433116,0.14046622658813382,0.02148018699369411,0.09292709746585626
TCGA-HT-A61C-01A,scdc_ensemble,0.5504683798311127,0.025294048152375508,0.03794714347899964,0.007182507765412736,0.04922258570356993,0.2987067603377652,0.02550613143299217,0.005672443297772046
TCGA-HT-A74H-01A,scdc_ensemble,0.551779877387475,0.0,0.019534326420408598,0.004827551228248703,0.04036278521091931,0.14744325417610885,0.22903989411937667,0.007012311457462904
TCGA-HT-A74J-01A,scdc_ensemble,0.6121891453246263,0.005816953408563446,0.0038188736632160736,0.0023320295659190354,0.02581446708517304,0.12968952404641895,0.10629050591179041,0.11404850099429273
TCGA-HT-A74K-01A,scdc_ensemble,0.4568460869920651,0.005011948198870402,0.006731237184558942,0.0007585931990853976,0.01897753501535961,0.38629774062127364,0.12049617105557288,0.004880687733213982
TCGA-HT-A74L-01A,scdc_ensemble,0.5315437782607723,0.05147255540333574,0.001879124241812982,0.003274499471311629,0.01463321114044042,0.25618140304473375,0.13255446243222327,0.008460966005369967
TCGA-HT-A74O-01A,scdc_ensemble,0.44521622302907793,0.0005328104477108964,0.04933853050884006,0.009478660147510547,0.03455166795313115,0.23024747335225845,0.22544114714443705,0.005193487417033963
TCGA-HW-7486-01A,scdc_ensemble,0.5687124450217711,0.00469936691790869,0.0035452114515249723,0.0014530967418337516,0.021992729957043957,0.13434529561039926,0.2606614495044903,0.004590404795028
TCGA-HW-7487-01A,scdc_ensemble,0.39086596494830056,0.007174386850095121,0.003095105093943074,0.001190173593882262,0.012704951163657198,0.1129083427837205,0.4649596727425173,0.007101402823883884
TCGA-HW-7489-01A,scdc_ensemble,0.7296838648760076,0.0064669931559931905,0.006621757605778197,0.0011883911489161403,0.04569368274876302,0.14534828952744014,0.044368334462867566,0.020628686474234364
TCGA-HW-7490-01A,scdc_ensemble,0.5017692089294531,0.013306425621688945,0.019830586718522347,0.001953703437127363,0.02546698770408645,0.41784783568005457,0.0026528213434962953,0.017172430565570797
TCGA-HW-7491-01A,scdc_ensemble,0.4704484857323597,0.008522248480094518,0.015755153986061695,0.0015500262831998999,0.030597878081512517,0.4271989897089873,0.04207007500652918,0.003857142721255187
TCGA-HW-7493-01A,scdc_ensemble,0.6994077050992297,0.02153334747137542,0.02465778937167429,0.003969243015721043,0.057499099472738506,0.1728764462734038,0.004646822003539435,0.015409547292317772
TCGA-HW-7495-01A,scdc_ensemble,0.5641903337501536,0.0070071733798774335,0.0037231336458875075,0.0005555604987253013,0.02026555863531644,0.16328802790147123,0.11880174624734204,0.12216846594122648
TCGA-HW-8319-01A,scdc_ensemble,0.7727459087574564,0.01260999343243851,0.010725869438477373,0.00022838938298306183,0.029005549468545496,0.11964633492913578,0.045827958485867605,0.009209996105095729
TCGA-HW-8320-01A,scdc_ensemble,0.6580031070293683,0.038532569917312284,0.009150518615448397,0.002476296494406653,0.02136969586919894,0.2572250502894508,0.0034631720582359833,0.009779589726578634
TCGA-HW-8321-01A,scdc_ensemble,0.45987741685228983,0.034090038404982016,0.009975528190388081,0.003977801570168753,0.03660672873170615,0.23493608560276408,0.19362758098869512,0.0269088196590061
TCGA-HW-8322-01A,scdc_ensemble,0.5513040792212969,0.018663600470522106,0.020251501655579873,0.004517437307835885,0.047880287575312444,0.16693958320439353,0.18115972478476375,0.009283785780295652
TCGA-HW-A5KJ-01A,scdc_ensemble,0.518980179754233,0.006329732627695572,0.04736916916978622,0.004830330145192092,0.01996328771862486,0.35975103765765654,0.0011243570706268521,0.0416519058561848
TCGA-HW-A5KK-01A,scdc_ensemble,0.519024251361044,0.031389333696849646,0.018791210073187875,0.005456397780585401,0.02414543092805647,0.1382000690849592,0.24382933438103466,0.01916397269428278
TCGA-HW-A5KL-01A,scdc_ensemble,0.5250483998076404,0.001781100703429054,0.01078966510403744,0.0026252939274982647,0.021423865458359108,0.18646668083985665,0.2419473014399077,0.00991769271927131
TCGA-HW-A5KM-01A,scdc_ensemble,0.539881907927096,0.0,0.03193906735567133,0.011912667882358032,0.0560500641527871,0.29578250900605263,0.05333625432374263,0.011097529352292376
TCGA-IK-7675-01A,scdc_ensemble,0.5209138173512657,0.009495594385589608,0.0029602773840805056,0.0021479661746374077,0.0155523910420606,0.2490798371594661,0.1911213669069314,0.008728749595968598
TCGA-IK-8125-01A,scdc_ensemble,0.6855073397738717,0.004384059470347935,0.013461455146693434,0.001704144423692082,0.04427104787436824,0.20724434708083878,0.03778617436559448,0.0056414318645932925
TCGA-KT-A74X-01A,scdc_ensemble,0.4518117844684046,0.016279294495219063,0.036964265668359135,0.0036818734989893993,0.055075006017403186,0.3786550618199863,0.05382292275517796,0.0037097912764603
TCGA-KT-A7W1-01A,scdc_ensemble,0.5237913600511185,0.022269094232236542,0.024334750905777254,0.005326847542326763,0.02430985037182917,0.3983583655812027,0.0,0.0016097313155090975
TCGA-P5-A5ET-01A,scdc_ensemble,0.6725437716215331,0.0,0.009024600613216681,0.0020416676913731406,0.01689783374979344,0.1038032208427056,0.12353295190320421,0.07215595357817393
TCGA-P5-A5EU-01A,scdc_ensemble,0.7092689212251071,0.021128167176648022,0.017829227176421235,0.0035318904112096113,0.04852284900947211,0.18789122355633114,0.002890881492522535,0.008936839952288252
TCGA-P5-A5EV-01A,scdc_ensemble,0.5822541701489679,0.0,0.029603822828808,0.003544557840524045,0.04592285692506419,0.2912803852241546,0.04339447600750986,0.0039997310249715
TCGA-P5-A5EW-01A,scdc_ensemble,0.6426523771515354,0.011588188044099024,0.01734815295005555,0.0030349812006636107,0.034836961803824305,0.1268548385240462,0.06963085465321918,0.0940536456725568
TCGA-P5-A5EX-01A,scdc_ensemble,0.3143865061976088,0.0224508492714209,0.04735617034496902,0.010417154796674152,0.056236317855541104,0.526310290498068,0.011536621123503099,0.011306089912215028
TCGA-P5-A5EY-01A,scdc_ensemble,0.755129024647702,0.0,0.026770376897544624,0.006229575765098219,0.03161378985137132,0.16412868814066262,0.009470209784876268,0.00665833491274489
TCGA-P5-A5EZ-01A,scdc_ensemble,0.5192009236138987,0.0,0.04039391982951898,0.011048894423120766,0.033751064943360956,0.16865135456673475,0.18790330701955718,0.0390505356038086
TCGA-P5-A5F0-01A,scdc_ensemble,0.6681670523262102,0.0006590221398183398,0.015291755106982061,0.0015663320945692612,0.03633714826601658,0.15709894110662187,0.11556499971647621,0.00531474924330535
TCGA-P5-A5F1-01A,scdc_ensemble,0.6808496897594265,0.004171682533108612,0.01464295113076671,0.0016005317549017358,0.03964038338658047,0.17410466117297782,0.0768533297682175,0.0081367704940206
TCGA-P5-A5F2-01A,scdc_ensemble,0.5605139546967031,0.017710784203098264,0.0107958292215103,0.0014292220962501456,0.0199681437537507,0.12396296231193275,0.258384653338491,0.00723445037826388
TCGA-P5-A5F4-01A,scdc_ensemble,0.6179378551002813,0.009643699429084558,0.02270409676150308,0.0035743064521395543,0.03675193974353132,0.23694773407912803,0.06755063627674625,0.004889732157585939
TCGA-P5-A5F6-01A,scdc_ensemble,0.2674609722821046,0.3258265641718498,0.08244685207698088,0.012685558435643318,0.04171539079450513,0.2696026934040926,0.0,0.000261968834823542
TCGA-P5-A72U-01A,scdc_ensemble,0.17814640247991598,0.0016772335065701443,0.0370802920276229,0.004163942281351049,0.10543819668238742,0.6232679229368169,0.0,0.05022601008533565
TCGA-P5-A72W-01A,scdc_ensemble,0.674679768766309,0.0032183419313381745,0.017039505261085896,0.0028355036440444897,0.023434782454919038,0.12710427073203656,0.1475864861257955,0.004101341084471233
TCGA-P5-A72X-01A,scdc_ensemble,0.6438693584344864,0.018021091958962444,0.019038725270745124,0.004816735170436791,0.03385433076603153,0.238576251077168,0.028188947710098194,0.01363455961207138
TCGA-P5-A72Z-01A,scdc_ensemble,0.5984765344082655,0.015745860533945208,0.015058681046805057,0.0036784992583820944,0.02055575828917169,0.2896662136630663,0.05124791001115527,0.005570542789208819
TCGA-P5-A730-01A,scdc_ensemble,0.28309658975301477,0.0049083800629213725,0.011232664952251892,0.0022950608730037945,0.01034489307532459,0.34102990093690155,0.3415603463840564,0.005532163962525517
TCGA-P5-A731-01A,scdc_ensemble,0.5859472065656295,0.015326900379326937,0.007196226550858576,0.0012618559447082915,0.03356009578971004,0.25552445068730006,0.0012840568955037241,0.09989920718696285
TCGA-P5-A733-01A,scdc_ensemble,0.5951667294574228,0.02328372701347838,0.007488735112806931,0.001535841472048662,0.0179389731003152,0.21729019776875694,0.00024564074413263907,0.1370501553310384
TCGA-P5-A735-01A,scdc_ensemble,0.5812335647245056,0.0003683837881568051,0.0022558553932017097,0.002075491546212895,0.011307176177864043,0.0920399911811087,0.30648542723611527,0.00423410995283495
TCGA-P5-A736-01A,scdc_ensemble,0.6194603357522664,0.012738716478813127,0.01091264472004346,0.005151493778294817,0.05093343532974164,0.1701370024924891,0.12314154251898764,0.007524828929363681
TCGA-P5-A737-01A,scdc_ensemble,0.6966919982703528,0.008744528185251838,0.010431390966309476,0.0018559433909019747,0.029175497073674055,0.15628334516051093,0.08597741606634432,0.010839880886654722
TCGA-P5-A77W-01A,scdc_ensemble,0.3994090582216292,0.015154084799512947,0.008611952296546054,0.0008730767592038177,0.0177787207925012,0.35322995718355304,0.1993288586317808,0.00561429131527283
TCGA-P5-A77X-01A,scdc_ensemble,0.6574651098564307,0.0,0.012586792396345631,0.0009610346813029248,0.02623839281386047,0.1510205305769101,0.13318302598913256,0.01854511368601755
TCGA-P5-A780-01A,scdc_ensemble,0.4226682469076082,0.010471206595284926,0.005839546573384949,0.004105613888750499,0.014950041961107193,0.16250633034949863,0.37259250887811474,0.006866504846250902
TCGA-P5-A781-01A,scdc_ensemble,0.5482088878062347,0.003224141786985095,0.0017583538408361052,0.002248396980349009,0.016524530328193433,0.12874282546774005,0.27839591203525016,0.020896951754411502
TCGA-QH-A65R-01A,scdc_ensemble,0.41395040977242586,0.02765273123392922,0.0059261391974735145,0.0007005349302596984,0.017770323375051654,0.5156400634593862,0.002661458612136252,0.01569833941933767
TCGA-QH-A65S-01A,scdc_ensemble,0.6693974563194313,0.004394685555925363,0.004027730539814145,0.0016815572295996743,0.03322334661930827,0.12914403647900027,0.1544671062089215,0.003664081047999412
TCGA-QH-A65V-01A,scdc_ensemble,0.5123761087352161,0.005777503186559288,0.0,0.001242449894360124,0.017251732555786162,0.11580298681468335,0.34132624125591793,0.006222977557476947
TCGA-QH-A65X-01A,scdc_ensemble,0.34388584207491474,0.0033803719211923998,0.015524071822871967,0.0029006560070524126,0.016932625305249027,0.6085138308204525,0.004367022840201714,0.0044955792080652954
TCGA-QH-A65Z-01A,scdc_ensemble,0.5755037036505861,0.013710719238191081,0.010057120364262252,0.0015476231980175164,0.02848546702734947,0.20479080811197592,0.1614516559090765,0.004452902500541145
TCGA-QH-A6CS-01A,scdc_ensemble,0.2738068750739073,0.008537406660442325,0.0020547609758425765,0.0012617419115410746,0.015511645973562943,0.11283048307623135,0.57375202101184,0.012245065316632463
TCGA-QH-A6CU-01A,scdc_ensemble,0.47255423664300605,0.011403428325002145,0.004137581108642227,0.0009743910735567666,0.019008938205648532,0.11606038632706012,0.36666558711998387,0.009195451197100324
TCGA-QH-A6CV-01A,scdc_ensemble,0.40474951296295203,0.003483701933837079,0.017043436791449675,0.0031037901937561,0.03663039902038421,0.38238181149030237,0.1422858315394323,0.010321516067886258
TCGA-QH-A6CW-01A,scdc_ensemble,0.6017778713024851,0.07106623359580856,0.006008082903433091,0.004052564673117091,0.04036500961008227,0.18453097875853086,0.08682393166274208,0.005375327493800877
TCGA-QH-A6CX-01A,scdc_ensemble,0.2786385175730967,0.025140860573844355,0.007669847881217966,0.0026237957979441933,0.02247944176412546,0.13869451757710277,0.521197206772775,0.003555812059893477
TCGA-QH-A6CY-01A,scdc_ensemble,0.5407413956860433,0.009649971469801759,0.009251166624949889,0.0016392658920488387,0.030429237339668794,0.13806975572633412,0.26076466932814285,0.009454537933010463
TCGA-QH-A6CZ-01A,scdc_ensemble,0.633635203980605,0.012114662725320344,0.010866665744044575,0.0018560388398824366,0.021936726080513527,0.17669023952039153,0.01796014451749525,0.12494031859174727
TCGA-QH-A6X3-01A,scdc_ensemble,0.5358973871480005,0.061654029954173815,0.005467710554017897,0.002790762737321476,0.02187502885247231,0.16929692688571174,0.19460537231230654,0.008412781555995714
TCGA-QH-A6X4-01A,scdc_ensemble,0.30740685219465336,0.0019401398453280786,0.0038722997066909315,0.0011440409084862212,0.016829599643802172,0.09335995950613814,0.5723131325701992,0.003133975624701742
TCGA-QH-A6X5-01A,scdc_ensemble,0.42372065513062296,0.0038894557647843535,0.002426336680887581,0.0009692537988528841,0.013352073336713531,0.1102150580537096,0.43262019978576105,0.012806967448668044
TCGA-QH-A6X8-01A,scdc_ensemble,0.41765005102533537,0.016214038162849997,0.002888336674041362,0.002061896021373275,0.020122298483587986,0.15981715230628166,0.3740547852179438,0.007191442108586544
TCGA-QH-A6X9-01A,scdc_ensemble,0.630184601448986,0.0071015417063033355,0.008456865845385264,0.0017761836889482218,0.020017453227248974,0.19096241087606988,0.028987683726548703,0.11251325948050962
TCGA-QH-A6XA-01A,scdc_ensemble,0.5418083769510394,0.005519652240124754,0.0046348294116712015,0.0018863119199093359,0.011575522377582134,0.12457040658254413,0.23737511119751023,0.07262978931961878
TCGA-QH-A6XC-01A,scdc_ensemble,0.5382387070530575,0.008868771991635972,0.010473122362342453,0.001668930282611853,0.026437712281257172,0.19480576279164627,0.2132743853799876,0.006232607857461052
TCGA-QH-A86X-01A,scdc_ensemble,0.6274116034972609,0.03484377723540511,0.020094129111836584,0.0036044000624872808,0.028059891934271594,0.18422381489033499,0.09397683616625899,0.007785547102144583
TCGA-QH-A870-01A,scdc_ensemble,0.5914097432490454,0.04107147396845596,0.006134871947489003,0.0036899491736713786,0.03205900680549365,0.17548553320459725,0.14262649618353926,0.007522925467708074
TCGA-R8-A6MK-01A,scdc_ensemble,0.6290656655546887,0.008651515659616983,0.0002755935410836,0.0011694992979569745,0.017753836993230455,0.12513521227221377,0.21360378962326063,0.00434488705794897
TCGA-R8-A6ML-01A,scdc_ensemble,0.4895796585142429,0.008720164000657345,0.01708840372029549,0.002371131764123503,0.022969226762035663,0.2491969840842729,0.20630254023027642,0.0037718909240959026
TCGA-R8-A6MO-01A,scdc_ensemble,0.29265627936159744,0.007401764292451654,0.020461805660156263,0.001587508793766922,0.018266256035376238,0.24876165372956216,0.40809815192133336,0.0027665802057560427
TCGA-R8-A6YH-01A,scdc_ensemble,0.5793347832503704,0.08427396312003227,0.004518912625965504,0.0038409990628601007,0.02154487271401331,0.25748738762490636,0.0355991958605814,0.013399885741270948
TCGA-RY-A83X-01A,scdc_ensemble,0.31608152877000384,0.008194155733375768,0.0,0.001602587681669854,0.009228655377745797,0.18068605359434525,0.4821076085539187,0.0020994102889408477
TCGA-RY-A83Y-01A,scdc_ensemble,0.46118108922110035,0.010789909238776674,0.02068853092072915,0.0021659869432572,0.01804195007510721,0.38697166374406516,0.09392792788344682,0.006232941973517497
TCGA-RY-A83Z-01A,scdc_ensemble,0.7516471868147679,0.00804134555639773,0.012072291245011434,0.0006190748920115003,0.027409711720809644,0.17256862916172735,0.024427034460792516,0.003214726148481928
TCGA-RY-A840-01A,scdc_ensemble,0.4890008544066547,0.006856366009919243,0.017561129800718618,0.0031584746252165414,0.03336908858503328,0.43045457379060326,0.007794194355176481,0.011805318426677949
TCGA-RY-A843-01A,scdc_ensemble,0.592123187753857,0.008345121723904704,0.00872078433738858,0.0015441799939160058,0.03443201316011688,0.18652925916363947,0.158928002343705,0.009377451523472462
TCGA-RY-A845-01A,scdc_ensemble,0.6115416751409611,0.013014434435360352,0.00860904006377393,0.001906491440121864,0.027995046872512697,0.1839783652698197,0.1386013107702558,0.014353636007194418
TCGA-RY-A847-01A,scdc_ensemble,0.6041661373022562,0.013618757533535373,0.009125103663515457,0.0025616784303225844,0.027923870443060536,0.251336516039891,0.08280229878985307,0.008465637797565862
TCGA-S9-A6TS-01A,scdc_ensemble,0.5937898361962451,0.003446358160543576,0.005374631497434803,0.001471995038286687,0.029192501105276773,0.29461161818677345,0.06416752374376744,0.00794553607167219
TCGA-S9-A6TU-01A,scdc_ensemble,0.41987498542840035,0.01826337832671113,0.008179230635251937,0.002897376298431287,0.020032933494424504,0.14677056701736935,0.37884095588163136,0.005140572917780048
TCGA-S9-A6TV-01A,scdc_ensemble,0.5083971299072211,0.05651659778622346,0.03183212429565702,0.010474475912696278,0.07626708895526903,0.31022503355013986,0.0006319441051573391,0.00565560548763598
TCGA-S9-A6TW-01A,scdc_ensemble,0.2943787804896025,0.012992155673062934,0.017618753799389375,0.0030174756518594466,0.03649478414605896,0.6021531032392585,0.009268395402024074,0.024076551598744268
TCGA-S9-A6TX-01A,scdc_ensemble,0.3522721776123741,0.001684830489307662,0.004573129808001948,0.0007733688068552324,0.011864498232967506,0.15520149308680806,0.4665973094700333,0.007033192493652154
TCGA-S9-A6TY-01A,scdc_ensemble,0.4824530858705432,0.0031996470458932388,0.0055759784542509985,0.0007296448668269519,0.014340874847833114,0.13432460519756803,0.3497534594624078,0.009622704254676755
TCGA-S9-A6TZ-01A,scdc_ensemble,0.49702557357695537,0.018480572932583268,0.013772896242282034,0.004322759806109633,0.06560433401813807,0.28190006094975156,0.10969653153849472,0.009197270935685368
TCGA-S9-A6U0-01A,scdc_ensemble,0.29963048332310144,0.0,0.024091085256389748,0.0038112789088525613,0.00950984988007569,0.6597845397640381,0.0,0.003172762867542527
TCGA-S9-A6U1-01A,scdc_ensemble,0.42583175905513115,0.008026122299271717,0.007311493262375882,0.0016091998437600637,0.013775352572750369,0.1973946190908377,0.3235641833702446,0.02248727050562853
TCGA-S9-A6U2-01A,scdc_ensemble,0.6451930639010164,0.03132964883407004,0.008948148880499992,0.0021200957520536236,0.021809222076637647,0.23127889894522477,0.0221159525498894,0.03720496906060816
TCGA-S9-A6U5-01A,scdc_ensemble,0.6014196758476115,0.01563069497850807,0.042685781466668106,0.010490204441413945,0.04974583469835077,0.20492797297379634,0.06367419724747136,0.011425638346179899
TCGA-S9-A6U6-01A,scdc_ensemble,0.6560814672967076,0.04216457079713764,0.006882533911555653,0.002390456761488556,0.022640494739404327,0.18055506254663567,0.08169835042196286,0.0075870635251077245
TCGA-S9-A6U8-01A,scdc_ensemble,0.4208416697804135,0.0015470955540341758,0.0010780298599260493,0.0014551518304678087,0.02041983196954173,0.1276398742551113,0.42238360776343087,0.0046347389870745785
TCGA-S9-A6U9-01A,scdc_ensemble,0.42453759282413206,0.029278808992361433,0.008037657318563027,0.003053425985821788,0.025855969325286065,0.1947019053589623,0.28160535033346257,0.03292928986141078
TCGA-S9-A6UA-01A,scdc_ensemble,0.4787885938843151,0.018467374945233022,0.07344771399045509,0.01839973520273807,0.08715791480687499,0.27085700910745886,0.04277712125322819,0.010104536809696576
TCGA-S9-A6UB-01A,scdc_ensemble,0.43784246945343763,0.0022766575368288774,0.0033638453573145714,0.0008952243057363086,0.008520956622411232,0.1480511369044933,0.3906971887185375,0.008352521101240554
TCGA-S9-A6WD-01A,scdc_ensemble,0.4417842443334708,0.012450282240571788,0.007960983327699744,0.00170007707645157,0.012051360737897709,0.13636926807875505,0.38219250645454933,0.005491277750603947
TCGA-S9-A6WE-01A,scdc_ensemble,0.5134006265198083,0.016389183024638116,0.007595858422709784,0.0017896228413144981,0.013828574286834485,0.23716602666750908,0.1957446515312013,0.014085456705984404
TCGA-S9-A6WG-01A,scdc_ensemble,0.4847379159888228,0.021860570969842386,0.02786129370682891,0.0048094174652959475,0.07706746448987857,0.32659752195382113,0.04727581249402375,0.00979000293148651
TCGA-S9-A6WH-01A,scdc_ensemble,0.5620791708725233,0.012551042572948765,0.008792056441256153,0.0004038370338915732,0.017704652247194377,0.3448454178443053,0.03851803563691414,0.015105787350966406
TCGA-S9-A6WI-01A,scdc_ensemble,0.4114171776105135,0.0153232748308425,0.0053344142987157795,0.0006760355856640711,0.023127675899221708,0.1451490822755369,0.3892478914401021,0.009724448059403385
TCGA-S9-A6WL-01A,scdc_ensemble,0.4933527545509949,0.0,0.007174891690149721,0.0008018035921525084,0.014317899461452588,0.4463987221684621,0.02757944135384589,0.010374487182942248
TCGA-S9-A6WM-01A,scdc_ensemble,0.5727925684478191,0.0,0.026562167949458537,0.005168639633742791,0.04018691953814094,0.34767718540253567,0.0,0.007612519028302986
TCGA-S9-A6WN-01A,scdc_ensemble,0.3879349018390284,0.012132727084171093,0.034600447969354596,0.003661694312134293,0.05495856696056358,0.45715727394346606,0.04404408649883389,0.005510301392448158
TCGA-S9-A6WO-01A,scdc_ensemble,0.6590793048531824,0.01156486303172095,0.005875530539260655,0.003341235992062222,0.025188731999695256,0.15652320734000746,0.13488499868033602,0.0035421275637347945
TCGA-S9-A6WP-01A,scdc_ensemble,0.31130608898918466,0.007384511482426436,0.016052763403276295,0.003235788663355365,0.022956755186308703,0.24375301581446085,0.3914600465788721,0.0038510298821155587
TCGA-S9-A6WQ-01A,scdc_ensemble,0.3685899824879172,0.0,0.008281043192080974,0.0016513628438726777,0.014484738701880101,0.11076831253007201,0.4837395363824362,0.012485023861740828
TCGA-S9-A7IQ-01A,scdc_ensemble,0.5487902596478134,0.0033842822097369667,0.006332667173229581,0.0007900171763770928,0.02754087026763979,0.11897017978337392,0.16167569707707874,0.1325160266647506
TCGA-S9-A7IS-01A,scdc_ensemble,0.2642333021957489,0.03847711810942907,0.013096381959124383,0.003219438236365417,0.0136109530845332,0.38388715630334325,0.2795086945459359,0.003966955565519887
TCGA-S9-A7IX-01A,scdc_ensemble,0.4950249830632292,0.009036613786135668,0.0138843977716778,0.0025737179114652575,0.02089541234188895,0.37906952967918467,0.06971167903310443,0.009803666413314042
TCGA-S9-A7IY-01A,scdc_ensemble,0.4872902284076911,0.016558537366688452,0.011752433978358052,0.004050441387942875,0.031598777089112906,0.17681450272041624,0.2674592183566997,0.004475860693090607
TCGA-S9-A7IZ-01A,scdc_ensemble,0.5941322189014279,0.011621059470963865,0.01367057501316183,0.00257782663886651,0.030887820156303238,0.2144245199670856,0.03225957270029144,0.10042640715189946
TCGA-S9-A7J0-01A,scdc_ensemble,0.5956874289611765,0.006422617509528591,0.0008379970779331348,0.002811373262385902,0.01648101223130139,0.19388679576778892,0.18073305082096155,0.003139724368923911
TCGA-S9-A7J1-01A,scdc_ensemble,0.42497383744151324,0.006311532999997643,0.0073730745413164425,0.0013450247490413183,0.020206358124178217,0.12633071068013668,0.4095548729853863,0.003904588478430232
TCGA-S9-A7J2-01A,scdc_ensemble,0.5783001056838216,0.012289353574059933,0.0028192283580863444,0.002341068033002813,0.01131779908410609,0.2992101002276444,0.08539672194291702,0.008325623096361699
TCGA-S9-A7J3-01A,scdc_ensemble,0.41313731771576273,0.0178261415904817,0.0010565252927718482,0.001789080069583699,0.01944437822267679,0.16644004114568495,0.3733091461935904,0.006997369769447981
TCGA-S9-A7QW-01A,scdc_ensemble,0.6286273827002653,0.01691166586561477,0.0051505678833154754,0.0019138912081007133,0.010125252278367712,0.11953769931153893,0.21423453120127048,0.0034990095515267045
TCGA-S9-A7QX-01A,scdc_ensemble,0.4976673345122106,0.0,0.0015024193891983535,0.00320454980634494,0.017381235469799163,0.272515501673666,0.1971855033195963,0.01054345582918451
TCGA-S9-A7QY-01A,scdc_ensemble,0.42487461972071633,0.0,0.0046421375392495644,0.0011839273576481509,0.013615177564314601,0.1353484028987616,0.4025210848385116,0.017814650080798192
TCGA-S9-A7QZ-01A,scdc_ensemble,0.544769737778615,0.0,0.011138601150974715,0.0018843904096412186,0.013870959998221721,0.21290402611644624,0.1370697876589871,0.07836249688711404
TCGA-S9-A7R1-01A,scdc_ensemble,0.6926607343525366,0.024811119079041,0.007495457965300404,0.0019986648647610447,0.019236215940619097,0.23174278076572283,0.012447083544696199,0.009607943487322817
TCGA-S9-A7R2-01A,scdc_ensemble,0.5029583207152468,0.0014673501141613775,0.028476429431637838,0.009259610265152917,0.03651779674602881,0.11437264179248091,0.3007699589537576,0.006177891981533651
TCGA-S9-A7R3-01A,scdc_ensemble,0.45894098666608013,0.008490500677181288,0.010857085162776102,0.004029531769365191,0.029315399508802468,0.23339451033074188,0.219662342153749,0.03530964373130389
TCGA-S9-A7R4-01A,scdc_ensemble,0.38919940890425536,0.010212401994318563,0.0,0.0010920774478576818,0.009617521841073562,0.5119597627409459,0.06980479613029174,0.008114030941257115
TCGA-S9-A7R7-01A,scdc_ensemble,0.5344516306461646,0.0040051261852510015,0.02447932737165171,0.008848666739180737,0.044947297888341384,0.22692090742658838,0.15005625653872262,0.006290787204099508
TCGA-S9-A7R8-01A,scdc_ensemble,0.40076908504875147,0.0026971427621797104,0.0034573870243086407,0.002308851288143774,0.012433013831455402,0.16814919957350277,0.4011822688611771,0.00900305161048113
TCGA-S9-A89V-01A,scdc_ensemble,0.408968011042348,0.027408135229301887,0.037920323611118745,0.00697591956482506,0.048070832645514205,0.2476051560842681,0.07639822359051576,0.1466533982321083
TCGA-S9-A89Z-01A,scdc_ensemble,0.504423685552223,0.007914428755458013,0.022434282374878687,0.005821022732841941,0.049206603153950895,0.2911462702973376,0.11127560393182484,0.0077781032014849864
TCGA-TM-A7C3-01A,scdc_ensemble,0.48318901965973754,0.008148630801343615,0.032324959224429885,0.003127505238026178,0.03526122130458422,0.4260978718876833,0.004178401292103981,0.007672390592091383
TCGA-TM-A7C4-01A,scdc_ensemble,0.7629151549382875,0.0028114340705042763,0.012593831191707233,0.001461234633745402,0.029674547781662546,0.1546915059969981,0.028142944390835027,0.007709346996259764
TCGA-TM-A7C5-01A,scdc_ensemble,0.4484008087402374,0.009726973782644232,0.018110188246470156,0.002039336118242701,0.021419962861106118,0.47293274967661386,0.016303977556483863,0.011066003018201643
TCGA-TM-A7CA-01A,scdc_ensemble,0.5463271945556464,0.0013122168229311284,0.006315382146745062,0.0009116623322933203,0.020279226978759377,0.12599856010849367,0.1802571439760374,0.11859861307909358
TCGA-TM-A7CF-01A,scdc_ensemble,0.6583342352612976,0.0,0.008889458863962606,0.0005573105277635865,0.02473702998496071,0.087700127182776,0.12622875083399013,0.09355308734524925
TCGA-TM-A7CF-02A,scdc_ensemble,0.29079473147682283,0.0,0.00066416667622836,0.0006699577272057121,0.011549383879445967,0.052118199132589714,0.6125387780147336,0.031664783092973964
TCGA-TM-A84B-01A,scdc_ensemble,0.5380491414216511,0.003896716766429468,0.047670883789242405,0.006092591059752183,0.03268497194669393,0.37160569501623103,0.0,0.0
TCGA-TM-A84C-01A,scdc_ensemble,0.4620964299209966,0.12310376502533893,0.013874420074046179,0.004738117415066377,0.029530509434720232,0.3179175901302739,0.04301984073820374,0.005719327261354145
TCGA-TM-A84F-01A,scdc_ensemble,0.5215238326565912,0.02791526378543495,0.044597591639324766,0.009396083530020449,0.057145920929003544,0.1694036398468913,0.16236283515813907,0.007654832454594734
TCGA-TM-A84G-01A,scdc_ensemble,0.6599491490558712,0.008151159024074055,0.007538392524056031,0.0023219036530385756,0.013631408914676402,0.283197846030034,0.017237339119603172,0.007972801678646625
TCGA-TM-A84H-01A,scdc_ensemble,0.6986536126240851,0.013630947902034622,0.008192276253706674,0.0044199224621081475,0.019176365007286176,0.16147211999576583,0.0643111480904668,0.030143607664546563
TCGA-TM-A84I-01A,scdc_ensemble,0.6536779041301811,0.02242579137859119,0.024675109678121865,0.007165971386456157,0.02373455355679945,0.1913673320000319,0.06982283461523996,0.00713050325457844
TCGA-TM-A84J-01A,scdc_ensemble,0.6363400729078301,0.02547743179627745,0.006944395482007438,0.0013918658521348544,0.014197840735669428,0.2927949431788288,0.01871622624805819,0.004137223799193766
TCGA-TM-A84L-01A,scdc_ensemble,0.5477391471886537,0.005157576882164956,0.008028873358373535,0.0040798461294358455,0.029897857272553,0.12433597422130949,0.2748506624381464,0.005910062509363135
TCGA-TM-A84M-01A,scdc_ensemble,0.6179849033290322,0.042837737208569156,0.00460350370600251,0.0014636363996287994,0.013988058691837292,0.27532576859984753,0.035413623688859,0.008382768376223437
TCGA-TM-A84O-01A,scdc_ensemble,0.6710363132681464,0.008155147978681646,0.02001270930363754,0.003807434821441698,0.04913663601437654,0.17538564494833667,0.06437462578383094,0.008091487881548684
TCGA-TM-A84Q-01A,scdc_ensemble,0.5241052405092821,0.01070223351989257,0.02141603801651438,0.003928959908851444,0.02673672218715416,0.18788228184061906,0.21113090186972625,0.014097622147960058
TCGA-TM-A84R-01A,scdc_ensemble,0.4942295511706767,0.004684747707462591,0.010669634117432804,0.001943894341798326,0.03705522630405205,0.10928371474027433,0.33734865717239104,0.004784574445912239
TCGA-TM-A84S-01A,scdc_ensemble,0.5957066893900138,0.0013035779865904155,0.008709026731090187,0.0039744925288170115,0.020314968601272083,0.13795195197057292,0.2143211248432752,0.017718167948368294
TCGA-TM-A84T-01A,scdc_ensemble,0.4082937112661118,0.0,0.016910821973027526,0.0034203660739986117,0.021593197173225484,0.2678172501630011,0.2789665831442127,0.0029980702064228764
TCGA-TQ-A7RF-01A,scdc_ensemble,0.5130004697295721,0.053325077730222284,0.01152249034748435,0.0037904259852182113,0.03359176712124381,0.33064733035806404,0.012912006528291792,0.04121043219990329
TCGA-TQ-A7RG-01A,scdc_ensemble,0.4974828509482933,0.01317055983745177,0.02187259038520792,0.00297722602977296,0.03174019906607162,0.18550515351636396,0.24471889058088406,0.0025325296359544067
TCGA-TQ-A7RH-01A,scdc_ensemble,0.5471410258341064,0.008187061900459673,0.013528505590290707,0.004253992577770127,0.01751580969266732,0.205746760096468,0.1777089886630129,0.02591785564522501
TCGA-TQ-A7RI-01A,scdc_ensemble,0.42721466111842216,0.0073836849642109825,0.008535016959246857,0.003088088366502391,0.023203854322292775,0.1277659492531772,0.3964280964650716,0.006380648551076006
TCGA-TQ-A7RJ-01A,scdc_ensemble,0.6806188850787305,0.013881321232295692,0.012676462612871137,0.0021678682797893,0.03772930268493129,0.18181390600849562,0.061684759447848056,0.009427494655038369
TCGA-TQ-A7RK-01A,scdc_ensemble,0.6305354497093961,0.015077960567368803,0.007875449857263926,0.0018844409098984225,0.014105472102486381,0.20146582278167074,0.1155112985202015,0.013544105551714166
TCGA-TQ-A7RM-01A,scdc_ensemble,0.4859381146815826,0.01891317693131335,0.021381991363728405,0.0029110032357956618,0.019704306207722712,0.44223356236610367,0.006915721696434036,0.0020021235173194227
TCGA-TQ-A7RN-01A,scdc_ensemble,0.5308201676868214,0.006675599692859545,0.003517724099101537,0.0014137956027888865,0.014204632274114675,0.2338572508266712,0.20366377915202377,0.005847050665618949
TCGA-TQ-A7RO-01A,scdc_ensemble,0.525002516758402,0.02194982198346876,0.021403025113764705,0.0035037630075512977,0.026749928951457176,0.3396010046485235,0.051149062763329964,0.010640876773502558
TCGA-TQ-A7RP-01A,scdc_ensemble,0.3087973667285527,0.01466902959773429,0.009171363041494202,0.003561147011634791,0.023169231563957386,0.19966720630789983,0.43628820312387795,0.0046764526248489575
TCGA-TQ-A7RQ-01A,scdc_ensemble,0.6265861107836568,0.03377423119058147,0.01275059582766874,0.0016367305437482546,0.015757514487403115,0.24766112567997187,0.023461077624557753,0.038372613862412086
TCGA-TQ-A7RR-01A,scdc_ensemble,0.4332757858719228,0.0023007749407386443,0.005772152572741336,0.0013477826183982593,0.019059254153845163,0.08465630203380696,0.4031613667924622,0.050426581016084694
TCGA-TQ-A7RS-01A,scdc_ensemble,0.36064065458605205,0.012821433573590155,0.0026546268728407166,0.0018460861519215043,0.010428041373472963,0.2052593863339864,0.4020710145418302,0.004278756566306006
TCGA-TQ-A7RU-01A,scdc_ensemble,0.43150461287300673,0.015745218208478046,0.017053948230186473,0.0022161271907786702,0.02244629814165828,0.4218211482458381,0.0857115639844985,0.0035010831255552
TCGA-TQ-A7RV-01A,scdc_ensemble,0.49496401281188235,0.0,0.008136215200169258,0.0016834833908208702,0.018749662421993746,0.1444639404886711,0.284685184094934,0.04731750159152875
TCGA-TQ-A7RV-02A,scdc_ensemble,0.5245265908590993,0.0197453229636696,0.015126179853438013,0.0019627723503982133,0.02463476878198145,0.13865944126631874,0.17405351517628662,0.10129140874880808
TCGA-TQ-A7RW-01A,scdc_ensemble,0.586961163100085,0.010393532678400364,0.014306198722747746,0.0053873671826728566,0.014903380142137818,0.1793938642709898,0.18606840189051904,0.0025860920124473907
TCGA-TQ-A8XE-01A,scdc_ensemble,0.6264844085449326,0.021868180240636654,0.005542509573757266,0.003158245604431899,0.01387964646727666,0.22125037435852382,0.0851469147352521,0.0226697204751891
TCGA-TQ-A8XE-02A,scdc_ensemble,0.42765418350498985,0.0,0.007043507358514198,0.0035124631715083843,0.024442940856861765,0.27808231670341627,0.25373725230812916,0.005527336096580384
TCGA-VM-A8C8-01A,scdc_ensemble,0.5287954238398577,0.0044449442306734215,0.005058928819085235,0.0016885359127762195,0.02125631136853607,0.1372806218651021,0.2636596046596036,0.037815629304365744
TCGA-VM-A8C9-01A,scdc_ensemble,0.5185668862854996,0.00042819513023529903,0.04516534955310161,0.010351971048519476,0.1132405789240865,0.24762800444778252,0.0230143240213759,0.04160469058939915
TCGA-VM-A8CA-01A,scdc_ensemble,0.5052487577663167,0.01024138989535151,0.010511414315320147,0.0015837723476892801,0.020410946595106106,0.33632827476871413,0.012030163847015435,0.10364528046448669
TCGA-VM-A8CB-01A,scdc_ensemble,0.5617705717714551,0.013981546888090517,0.013871967495333792,0.002230100997996757,0.028878866307765424,0.2839502042992634,0.07216421783986265,0.023152524400232535
TCGA-VM-A8CD-01A,scdc_ensemble,0.5300614138433836,0.013873572557346088,0.00991364356338625,0.0036237423844558744,0.03038807342905826,0.30503401406939484,0.09574611954895408,0.01135942060402099
TCGA-VM-A8CE-01A,scdc_ensemble,0.3538436174191012,0.023906730461511844,0.0033222484471385097,0.0013196711755570248,0.014334943290638995,0.22012870114095923,0.3773942992380614,0.005749788827031741
TCGA-VM-A8CF-01A,scdc_ensemble,0.5237638483650238,0.011637103647214462,0.020023825761371444,0.003992587784880516,0.039562609898245234,0.23573539752014266,0.1576532563383432,0.0076313706847786125
TCGA-VM-A8CH-01A,scdc_ensemble,0.4364528287296818,0.015735352806233067,0.011454678491319438,0.00405653732220889,0.021308203872928252,0.23424178046611488,0.2644569703764234,0.012293647935090283
TCGA-VV-A829-01A,scdc_ensemble,0.5300879102599182,0.03329097342348288,0.008301490687130058,0.006171320831174796,0.031921923023321024,0.37724480929874527,0.002267955105350128,0.010713617370877594
TCGA-VV-A86M-01A,scdc_ensemble,0.4830551746706903,0.004859252226577875,0.026328305974819936,0.006820763205283112,0.01711212160407641,0.4530505176954267,0.0006288299818910282,0.008145034641234547
TCGA-VW-A7QS-01A,scdc_ensemble,0.5165738741785484,0.028892346790460686,0.008053148440863236,0.0014289099156799701,0.017224536504589823,0.41772016232219134,0.0018595097927650462,0.00824751205490145
TCGA-VW-A8FI-01A,scdc_ensemble,0.5477913312888671,0.02742839220625899,0.025131986730779075,0.003902804323689677,0.03475825018773718,0.23080263706525536,0.12700985153347946,0.0031747466639331654
TCGA-W9-A837-01A,scdc_ensemble,0.6188128105164554,0.003980445000761321,0.006156503887570311,0.0004933500915267653,0.018143573885851434,0.15413225054350171,0.04194851979457043,0.15633254627976248
TCGA-WH-A86K-01A,scdc_ensemble,0.5975347843765612,0.0029104583720914287,0.017157703444976684,0.0023339703506263802,0.02230667489940132,0.27632004093210943,0.0800243945101066,0.0014119731141268171
TCGA-WY-A858-01A,scdc_ensemble,0.2829637916195817,0.0,0.012015240825790433,0.002171509385011593,0.01951176804389461,0.4364275184696678,0.2412092006679756,0.005700970988078147
TCGA-WY-A859-01A,scdc_ensemble,0.6740465289876861,0.004249094426698955,0.010003352799177303,0.0,0.021290117405048575,0.1352333143862104,0.03858092353972888,0.11659666845544975
TCGA-WY-A85A-01A,scdc_ensemble,0.5883818298848051,0.011332357074860048,0.01014497026711868,0.003314883648809665,0.02255613680290004,0.1867750880195649,0.17001379364823932,0.007480940653702082
TCGA-WY-A85B-01A,scdc_ensemble,0.4893794425910153,0.003480607336941783,0.027317579377281496,0.006302778126766899,0.03216366447074844,0.22765960602239046,0.19361717159472422,0.020079150480131303
TCGA-WY-A85C-01A,scdc_ensemble,0.5573086325035622,0.028534826792608825,0.010624688719686663,0.002701026107370531,0.026813006003144926,0.33761192716980093,0.02547369248582466,0.010932200218001313
TCGA-WY-A85D-01A,scdc_ensemble,0.6438531781655584,0.01063974867327625,0.000620996858410434,0.002088020272050742,0.028139759620867427,0.12392916372973625,0.18497591824486131,0.0057532144352391516
TCGA-WY-A85E-01A,scdc_ensemble,0.6919529689155793,0.03152300057905913,0.012412651703304675,0.0020738465382757585,0.02047915235360736,0.17200807372486426,0.059550483278416395,0.009999822906893099
TCGA-CS-4938-01B,epic,0.7890302894194787,0.00025815741276862913,1.5807118373316902e-05,0.0011101931115749975,2.8693951279699156e-06,2.498575169176188e-05,0.13720228741165133,0.0723554103793334
TCGA-CS-4941-01A,epic,0.905615195035072,0.00015959489648688388,5.520624384732974e-06,8.240788885312078e-05,1.36995106262558e-06,8.778262042589474e-05,0.0008235911638926752,0.09322453781982211
TCGA-CS-4942-01A,epic,0.6503383304717154,0.13961069426239944,7.997672844121434e-08,1.1281422615484072e-05,0.00015170910516898093,1.2162505272515003e-06,0.12350898468899353,0.08637770382185134
TCGA-CS-4943-01A,epic,0.7024344717596607,0.09465238401308011,0.0001736154834804677,8.953236174098361e-05,1.4706701982430165e-07,0.050613969988828854,0.11493327795035878,0.03710260137583039
TCGA-CS-4944-01A,epic,0.1875336203082296,0.05488462105072743,0.013262890302900093,0.0005747065063188931,0.029642796042292096,0.0008979593983606964,0.022434046105541464,0.6907693602856297
TCGA-CS-5390-01A,epic,0.30090175109229567,0.017587367030044265,1.9371140550864714e-07,2.8214733508404503e-06,0.13185098389538558,0.1058335405998455,0.33292285193703686,0.11090049026063578
TCGA-CS-5393-01A,epic,0.18776225319533843,0.12797493358876572,3.65928979704307e-07,1.2613508734591328e-07,0.09922161577177324,0.08508480731394275,0.28796310623886673,0.21199279182724604
TCGA-CS-5394-01A,epic,0.48227698677277675,0.010374195764422056,5.54458584423061e-08,5.824149788687874e-07,0.04811252678411752,0.18619358972430708,4.0136011872338926e-08,0.27304202295752744
TCGA-CS-5395-01A,epic,0.530249307991669,0.004867622260324136,1.5964593845520222e-07,1.1497667971612559e-05,7.941118655270001e-05,1.6300710308586053e-06,0.18731461137660532,0.27747575979990796
TCGA-CS-5396-01A,epic,0.6001248092508561,8.968767863459375e-08,3.4295148151845305e-07,8.78776055683233e-08,3.407091931856606e-05,3.168060384758308e-05,0.36001705451346494,0.03979186419574708
TCGA-CS-5397-01A,epic,0.8102884767520131,2.761703578233119e-06,9.019657307897393e-07,6.45941132350715e-06,2.4913207751186436e-07,4.4373673411637e-06,0.04321454218603565,0.1464821714819002
TCGA-CS-6186-01A,epic,0.736069153015906,7.779460196373828e-08,1.927541202857697e-07,1.1519260711613577e-07,4.790795562893069e-06,1.5069214304759718e-05,8.483472915486888e-06,0.26390211775998124
TCGA-CS-6188-01A,epic,0.7162955520895393,8.203396684878519e-05,1.6501590372726273e-06,2.8720785111835584e-08,9.601014409872097e-08,1.764593487912977e-05,5.2836029719646964e-05,0.2835501570890467
TCGA-CS-6290-01A,epic,0.8549894067398401,1.3610206607776948e-06,9.858049471789128e-05,0.00017250851605313944,2.1483301462954657e-07,1.2977469417906413e-06,0.06866829181190279,0.07606833883686884
TCGA-CS-6665-01A,epic,0.2199170652777743,0.22610099310178083,7.721979404620416e-08,1.0942163575729162e-07,1.6732579655078804e-05,0.02795031765044995,0.4503625247567992,0.07565217999211091
TCGA-CS-6666-01A,epic,0.8766145128074715,1.7415192803694699e-06,7.63621078765475e-07,4.6766216609905484e-08,2.7650417578523965e-09,1.106194634674421e-06,8.239186187160461e-09,0.12338181808709021
TCGA-CS-6667-01A,epic,0.6293298803068974,0.05645155138009956,5.81150316291704e-08,5.795467151868047e-07,5.83499194413874e-08,0.20436428276964677,0.031760571276090825,0.07809301825559914
TCGA-CS-6668-01A,epic,0.5784564366378082,0.02063241248135173,4.53596495195816e-06,3.0877087310208863e-06,0.025384820842106897,0.10056906446708076,0.19799821137578408,0.07695143052218532
TCGA-CS-6669-01A,epic,1.0741107013356901e-06,1.0937691847490017e-05,2.7158692038472973e-07,3.4507096941435908e-06,0.06901565929765117,0.09741563805658568,0.342783719669235,0.4907692488773647
TCGA-CS-6670-01A,epic,0.7744837823237363,1.0788570900277125e-05,0.0002513679857994828,1.0162039780233539e-05,3.63028490272451e-09,5.705259123094531e-06,0.04355016241207424,0.1816880277783015
TCGA-DB-5270-01A,epic,0.5931826201998015,0.019787050502924345,2.5777440275516906e-08,0.0005382314462873354,6.829480072220366e-07,4.7317483676788726e-07,0.1798679161943797,0.20662299975632273
TCGA-DB-5273-01A,epic,0.9409130644528282,4.179544485722877e-07,3.238986768393531e-08,1.619745433542238e-07,5.832500352258434e-07,0.0025558207101076635,3.7583369777227395e-05,0.05649233589839199
TCGA-DB-5274-01A,epic,0.37118425807074473,0.03982620027004425,8.47622081568381e-09,1.3153757459704335e-08,0.31739050003167624,0.18639236914380788,0.0774843620267871,0.007722288826961445
TCGA-DB-5275-01A,epic,0.9173347794290869,3.300760254172639e-06,7.68324996814043e-08,2.5936078231679867e-06,2.895521096451422e-05,8.210297242279922e-05,0.00024715493299528723,0.08230103625395352
TCGA-DB-5276-01A,epic,0.4395953466801916,8.746170219080619e-06,1.870822740688421e-09,4.057334685681201e-07,2.583587849222421e-07,0.000394185658786503,0.4269034309519458,0.13309762457578073
TCGA-DB-5277-01A,epic,0.40936123467070695,0.042640336899166804,4.164309800044674e-06,4.1480542214077326e-08,0.10546551959229293,0.06908984332824146,0.2763638613978785,0.09707499832137119
TCGA-DB-5278-01A,epic,0.7366465334089843,7.471760138733749e-06,1.697034983265394e-05,5.6707341970157497e-08,2.5286474393349346e-05,2.8836498760506084e-07,0.12055676730389277,0.14274662563042853
TCGA-DB-5280-01A,epic,0.8010869059686158,3.160308171717136e-05,1.9450868239939646e-05,7.235454477021241e-07,2.1632453150718604e-08,6.403867576805777e-06,0.0825675257401918,0.1162873652957576
TCGA-DB-5281-01A,epic,0.8080780599369461,2.4596561047740597e-06,2.540409253041047e-05,1.805845195271184e-07,3.309888272206066e-07,0.0461471942935779,0.004269300602218614,0.14147706984527542
TCGA-DB-A4X9-01A,epic,0.6863628897794192,0.04445418889714629,3.3497267322251513e-07,1.4790115004142403e-06,1.2880023374422558e-07,0.0008851594087862868,0.07937946727623947,0.18891635185400138
TCGA-DB-A4XA-01A,epic,0.824414088209729,8.308761250849073e-08,2.7648487469344605e-06,2.3949316316253942e-08,1.0543902198012932e-07,7.226607013902952e-07,0.06560234406106155,0.10997986774381024
TCGA-DB-A4XB-01A,epic,0.7457079380802677,2.939606297316649e-06,8.179095940080373e-08,0.00044189261741730217,1.3170973367647237e-06,4.560191539000558e-07,0.12119689987093536,0.13264847491763218
TCGA-DB-A4XC-01A,epic,0.8548133664376226,8.670434587347025e-05,0.00020152824886137077,4.0764057718278404e-07,3.539637310127629e-07,3.7340102431409164e-06,0.0003636652519612784,0.14453024010113
TCGA-DB-A4XD-01A,epic,0.585677726662147,0.014638382167490695,9.413973899391506e-08,6.197304514989372e-05,5.8435465645217466e-09,0.0003929823170238864,0.2966302666137181,0.1025985692111847
TCGA-DB-A4XE-01A,epic,0.7453018849508625,1.7389464964650983e-06,2.9177090288294086e-05,8.673801690131316e-07,4.8854554233075e-07,2.290983368891636e-06,0.1484054873385401,0.10625806476473226
TCGA-DB-A4XF-01A,epic,0.84681888913004,9.809956190460937e-07,1.6374910375546705e-08,0.0003128749149094404,3.759365071692554e-07,0.00026286036539416513,2.5706890787190438e-08,0.15260397657572902
TCGA-DB-A4XG-01A,epic,0.2916826295789615,0.03308668294588683,2.881700721162031e-06,7.557254243958808e-05,0.22213969781024356,0.18978650971696273,0.06899442760515469,0.19423159809963003
TCGA-DB-A4XH-01A,epic,6.97456658452075e-08,0.00010827938658771302,6.743304378363702e-08,1.9948847769777463e-07,0.16681440512177953,0.14602998259172104,0.40807760931591824,0.2789693869168062
TCGA-DB-A64L-01A,epic,0.8409350739172485,4.63404378745709e-08,6.127837100908768e-07,0.00016804280330104287,8.437282781078546e-08,3.67719132711306e-06,0.00018960544923028415,0.1587028571419173
TCGA-DB-A64O-01A,epic,0.6219182716625755,1.8404999146835178e-08,2.954457564321436e-10,0.000245616773358311,3.419230238299217e-06,4.0675517429944194e-05,5.602054535493295e-06,0.3777863960614175
TCGA-DB-A64P-01A,epic,0.7412341769502063,2.510939902836805e-07,2.30318708162446e-05,7.123392760385757e-07,4.459913650210966e-09,0.0012270883769690288,0.13080207436332902,0.12671266054549946
TCGA-DB-A64Q-01A,epic,0.6864415124627773,5.937691155902957e-07,0.0001749403104822613,3.6524029397211057e-10,6.793722822913158e-05,5.295765033212812e-05,0.1265879077218798,0.18667415049194355
TCGA-DB-A64R-01A,epic,0.7542310601495559,7.83741812745104e-06,1.5146727050494247e-08,1.3695147291266735e-06,6.330603245520937e-06,0.04326091653198534,0.051736197814761825,0.1507562728208679
TCGA-DB-A64S-01A,epic,0.6856590770038022,0.0875963954921654,7.930561681156127e-05,3.110890943769961e-07,5.382297208258583e-05,0.006052872386016032,0.14791384406706382,0.07264437137296388
TCGA-DB-A64U-01A,epic,0.001115416412102169,0.007256347656286816,7.365635847601126e-08,2.4150899003041863e-07,0.07074679564672738,0.0472998584528163,0.7039383750306119,0.169642891636107
TCGA-DB-A64V-01A,epic,0.6106801497254544,5.4827572122957586e-05,3.062301310769825e-08,2.355701245233918e-07,1.7776137109926942e-07,6.810475156051453e-06,0.22629982756876968,0.16295794070398836
TCGA-DB-A64W-01A,epic,0.45125766672960343,0.006014630114233666,1.304926467457208e-06,8.01670832245888e-07,0.08612880913984676,0.14555256052731216,0.2208524505024611,0.09019177638924315
TCGA-DB-A64X-01A,epic,0.8842690737470904,5.663587912186105e-06,0.0013193238102801536,2.7724702556813572e-05,7.690890620999637e-05,7.398755251711104e-05,1.67013092404145e-06,0.1142256475625095
TCGA-DB-A75K-01A,epic,0.8502222795845749,1.152914097879264e-05,0.00015589303021837044,6.196784406106469e-08,4.181303137717408e-05,7.228800212148812e-08,0.041007134237576584,0.10856121671942791
TCGA-DB-A75L-01A,epic,0.6327970536264913,0.0558342083548816,9.783113179085048e-07,6.460462219887352e-09,1.4315527762142095e-06,0.05132890223426367,0.1511809424384006,0.10885647702140643
TCGA-DB-A75M-01A,epic,0.8782903976684963,3.6394787835762563e-07,5.047116504646377e-06,2.3997671569180314e-06,1.5173837193272115e-08,7.034351816353814e-06,0.001033492797182999,0.12066124917712737
TCGA-DB-A75O-01A,epic,0.8836461433125525,3.6695846056133585e-06,1.3789939077226998e-07,2.661978000452302e-07,1.96265586420275e-05,5.4962349990623024e-05,2.564229554227586e-05,0.11624955180147598
TCGA-DB-A75P-01A,epic,0.7135463296273399,3.4067081851273694e-07,1.7880675066379292e-09,7.978984425335397e-08,3.9414651718320066e-07,6.697112499410048e-07,3.55961703174057e-08,0.2864521486699923
TCGA-DH-5140-01A,epic,0.9003237116480163,0.001369151795071296,7.157553053304634e-08,0.0005342674594531256,9.179465693378403e-08,5.592005226532195e-06,0.04070124235646235,0.05706587136558287
TCGA-DH-5142-01A,epic,0.8116083490547913,0.14278157740229863,4.711209202665247e-05,1.4763444959065714e-08,2.1870067107506257e-05,1.8096034992323957e-07,7.31651509569551e-05,0.045467730509023974
TCGA-DH-5143-01A,epic,0.472604540009734,0.24167182561300898,0.042048209108275565,1.6224381674356927e-05,0.054777091577194195,0.0001901133631054101,0.09083399236655543,0.09785800358045216
TCGA-DH-5144-01A,epic,0.9008133568525446,1.6849586024635778e-05,4.326574125300455e-05,4.8124717697262896e-05,2.106067734852975e-07,3.0788234052527316e-05,0.011928691487711552,0.08711871277394283
TCGA-DH-A669-01A,epic,0.611840208715945,1.7466821370804718e-06,1.1686294775818585e-07,9.894468055074054e-08,1.833335327707524e-05,0.00011661033698329829,1.2894237804583551e-05,0.38800999086622473
TCGA-DH-A669-02A,epic,0.8557426059635888,0.024187937399293837,2.6731009992570645e-06,2.396083013314008e-08,4.140710531854419e-07,0.09500436109786899,0.000579623119741557,0.024482361286624354
TCGA-DH-A66B-01A,epic,0.9224823332989303,0.027197819231558604,1.0703123576229011e-05,8.783743186031813e-08,9.074319686816071e-07,1.0946986177811902e-06,5.315726687431528e-08,0.050307001220649884
TCGA-DH-A66D-01A,epic,0.9157268079421296,1.3594222522879106e-06,2.8480146247542788e-05,3.9041750416132236e-05,3.868795950255204e-05,8.680973136379054e-08,3.004572756672541e-08,0.08416550592399294
TCGA-DH-A66F-01A,epic,0.8044666274115772,0.000381404676647025,2.737973538450293e-05,0.00015245977391167186,6.870132756168592e-05,5.9669527708341015e-06,0.00033116561646153613,0.19456629450568547
TCGA-DH-A66G-01A,epic,0.9007884307433651,3.5842982087081503e-07,1.88991555081141e-05,2.175163317647311e-07,4.471470392260071e-05,4.077734445942265e-05,1.1221127592511411e-07,0.09910648989531623
TCGA-DH-A7UR-01A,epic,0.4520590213888516,0.0048597368696904715,1.279062971084686e-06,7.352575088812958e-08,0.13563393520780279,0.28440985398348173,0.018379240857707833,0.10465685910374353
TCGA-DH-A7US-01A,epic,0.5314572186092448,3.0378092368690507e-07,4.188866647494928e-08,1.406637043046369e-07,1.2960757273075552e-05,0.00025155967376946274,0.3171053221879873,0.15117245243843097
TCGA-DH-A7UT-01A,epic,0.5715839669642524,1.894130529657882e-05,1.3800523792477062e-07,2.0606046131037886e-09,2.3577642024379703e-06,3.0459703862411262e-06,0.2797795332852107,0.148612014644809
TCGA-DH-A7UU-01A,epic,0.4969476640830508,0.09802517345958539,7.890965324951672e-07,3.0562822708849085e-07,1.1042665347631086e-06,0.12273839256239968,0.21869593056358103,0.06359064034008882
TCGA-DH-A7UV-01A,epic,0.6964213392111153,0.058178014111685314,5.58401424367192e-08,8.872670574433421e-08,0.00012632220547174902,0.00091772694386889,0.15052945383817282,0.09382699912283783
TCGA-DU-5847-01A,epic,0.7851929923403805,1.7233723649085146e-05,3.451679169526375e-07,7.732698796034152e-08,2.1079740413020952e-08,7.215270165024552e-07,2.4861711729163013e-05,0.21476374712257934
TCGA-DU-5849-01A,epic,0.5682883555849477,1.3385332492570063e-05,0.0005156600087494781,1.1939769466149941e-06,3.7070575520359657e-06,0.0003269689409236363,0.2579335409538132,0.1729171881445747
TCGA-DU-5851-01A,epic,0.3991243482354955,2.7302206677963887e-06,4.0420955523427366e-05,2.6887927453415134e-08,9.834116100112447e-06,2.269065043647651e-06,0.3581647126530567,0.24265565786618543
TCGA-DU-5852-01A,epic,0.9123978770678715,3.801102746469245e-06,2.005966711670117e-07,1.4452088158218083e-07,1.3302684219669823e-08,8.536599895444748e-08,7.113698564155111e-08,0.08759780690616037
TCGA-DU-5853-01A,epic,0.6280534900272233,0.06873891613707692,5.501350721687646e-08,2.260266402646814e-05,8.110110496571705e-09,4.677387208144106e-06,0.13931143943504146,0.16386881122580588
TCGA-DU-5854-01A,epic,0.5382599589996198,6.59889663748964e-09,5.739074325518637e-08,0.0001031147999638194,5.373275975362656e-07,3.940996304368606e-05,0.3194825063208098,0.14211440859932542
TCGA-DU-5855-01A,epic,0.8865499862531497,2.3751392869030548e-06,0.0004971542279561404,0.00014962378131027777,5.068313029680232e-09,3.538279731095547e-06,0.0001844102084674427,0.11261290704178542
TCGA-DU-5870-02A,epic,0.871129597636303,5.566586916084715e-07,7.148686625383272e-07,8.64540688277152e-08,2.1144878210081735e-06,2.9359025931042055e-06,0.04905224916948455,0.07981174482237519
TCGA-DU-5871-01A,epic,0.8346537528753403,6.578377800389463e-05,0.00019120124868779044,8.124615013328915e-06,4.0673757276306285e-07,3.212323138379721e-06,6.846829237094879e-06,0.16507067159300637
TCGA-DU-5872-01A,epic,0.8915247709108931,0.00012941040597737847,2.6221803807918347e-05,1.487970540847193e-07,2.4807317673471056e-07,1.3523815272479476e-05,0.044520520150908516,0.06378515604290981
TCGA-DU-5872-02A,epic,0.6432325500545263,6.797008403679745e-05,1.3554456532928776e-07,4.303647831187822e-08,1.9942295070450957e-07,2.2726544433428274e-05,0.22315483320293983,0.13352154211006928
TCGA-DU-6392-01A,epic,0.5038566281354022,0.16294402156413082,6.004585572736467e-08,7.73373393726071e-08,6.126489647449195e-06,0.11217833831973015,0.13707207229649931,0.0839426758113949
TCGA-DU-6393-01A,epic,0.5911111777288237,0.027342384914790463,3.1895525800423373e-07,2.236709067383364e-07,0.08389396869681127,0.1409729816141827,0.0684876975212562,0.08819124689797096
TCGA-DU-6394-01A,epic,0.9353572390968153,5.3154732282701e-08,3.7890782901694764e-08,0.0015439552210411791,3.3579336306040665e-05,3.991551262972241e-09,0.0009124821577729589,0.06215264915099815
TCGA-DU-6395-01A,epic,0.7577165771299254,0.00013371569277777315,9.504934405477704e-07,6.188359076821654e-06,0.0001911398255264612,9.325306221946449e-06,0.1002574773427673,0.14168462585026387
TCGA-DU-6396-01A,epic,0.47743397238391705,0.3494011604203775,1.0830225100419471e-05,4.4516148789286494e-07,6.113428060626345e-07,1.2653311030584408e-05,0.13036801785087485,0.042772309304405516
TCGA-DU-6397-01A,epic,0.8456365771735225,4.785590369809152e-07,1.54861231530973e-05,4.129765040571442e-06,1.397969821420093e-08,4.337066777343101e-06,0.03351641486818581,0.12082256246458555
TCGA-DU-6397-02A,epic,0.6285653051605578,0.005942397280531337,4.5291381836033434e-08,5.525741953192453e-09,0.007007875533407102,0.23244733188901562,0.12584826572219204,0.0001887735971722427
TCGA-DU-6399-01A,epic,0.8182685670063726,0.001678877659314275,3.3289306745303236e-07,9.611752220057333e-08,1.6139308528678832e-07,1.3001525545469993e-05,0.06377059363182518,0.11626836977326743
TCGA-DU-6400-01A,epic,0.8860126090259228,5.262483658634827e-07,0.0005135134441509056,2.293913020665554e-08,3.664607011717491e-07,0.026381407885975414,0.014848650525696122,0.07224290347005753
TCGA-DU-6401-01A,epic,0.7087522983665303,0.01970789689216181,3.637543951178266e-05,9.316894594124645e-08,2.3975509521395225e-06,0.19308859214542065,4.982668936795355e-09,0.0784123414538084
TCGA-DU-6402-01A,epic,0.5567278755426817,3.508876816431706e-05,7.679245701951288e-06,3.9343473365335e-05,4.4961575061071364e-09,3.094862431988451e-06,9.941000761328596e-09,0.4431869036704964
TCGA-DU-6403-01A,epic,0.3079575596072563,0.0978508823482596,9.180667420910935e-09,6.668049502724071e-05,1.4777934022190875e-06,4.346181572282052e-06,0.47550807740480966,0.11861096698900539
TCGA-DU-6404-01A,epic,0.9056815509615712,1.9608037312561093e-07,3.77730703109562e-05,7.587483245550049e-08,1.013755061544139e-05,1.048234934498596e-06,1.988452573253925e-07,0.09426901938210497
TCGA-DU-6405-01A,epic,0.7749018680149532,1.0552088357015582e-05,3.794727242382989e-07,1.060820068515996e-06,6.853340883424158e-09,1.1615693175149699e-07,2.778411052491028e-08,0.22508598880951391
TCGA-DU-6406-01A,epic,0.8998804552092802,0.0002387944722674088,5.117663420899461e-08,6.803061047262364e-05,0.000383220704853295,3.1021068599759475e-06,3.444299967530393e-05,0.0993919027199569
TCGA-DU-6407-01A,epic,0.8493827746213684,7.498557564868944e-05,7.640701077569667e-09,1.0147729869996999e-08,2.278297714267609e-07,0.003593260311575446,0.02380049328345535,0.12314824058974977
TCGA-DU-6408-01A,epic,0.9114602577782012,6.007475174267415e-07,0.00041927405529181797,0.0007298525887494053,4.882048681866563e-08,0.0003076514015126798,4.8154567384252335e-08,0.08708226645367328
TCGA-DU-6410-01A,epic,0.3879277804017015,0.019231052110818925,5.78139704195001e-07,7.427252181696831e-07,0.2617623371753087,0.15813706984144457,0.15989897157568445,0.01304146803011939
TCGA-DU-6542-01A,epic,0.7354776648905291,0.0001197964970350211,2.171418272532843e-05,6.528785183420155e-08,5.607645763528674e-05,1.1230017705052106e-07,0.16816377107124236,0.09616079931280395
TCGA-DU-7006-01A,epic,0.6926942370081576,4.5897989449151663e-07,2.4704728887542797e-07,0.00023484457251965753,1.1519915485399481e-06,3.262342841164834e-05,2.44629659319851e-05,0.30701197400624725
TCGA-DU-7007-01A,epic,0.6574043232180495,0.0002810182383546231,0.0005727158689663519,0.0001771167425097782,0.0013685482901805376,0.0002943212979154679,0.0001659719055317659,0.3397359844384919
TCGA-DU-7008-01A,epic,0.6367646967824923,0.08475225131724583,6.733493887344701e-08,1.2725716298510818e-06,0.06967779003617035,0.09918304138029652,0.03493062170633925,0.07469025887088696
TCGA-DU-7009-01A,epic,8.655138268519419e-08,0.025619605054307864,4.874579200058648e-07,7.55634399613991e-08,0.15147678750364627,0.0594338093345996,0.5716985708917114,0.1917705776429921
TCGA-DU-7010-01A,epic,0.4729861222977013,0.0008054764626872342,2.726457874278269e-08,0.0001740257251547687,5.463017251962283e-06,1.734740744177378e-06,0.4288332108248984,0.09719393966698332
TCGA-DU-7011-01A,epic,0.6223328866945251,0.14329447707509724,3.661001301705011e-05,5.881774411021897e-08,1.5560186305052287e-06,0.022545916919219942,0.09516129804803164,0.11662719641373434
TCGA-DU-7012-01A,epic,0.8101648772185893,8.863836573567422e-06,2.142468798566625e-05,1.9019536538648927e-06,1.249200987543913e-08,5.524618459774659e-07,0.00028414419196951733,0.1895182231573722
TCGA-DU-7013-01A,epic,0.9126338652011106,6.184692065875938e-05,8.457382806761003e-06,0.0001755973625433059,4.298023982498001e-06,4.323099525337206e-06,5.765055552158828e-06,0.08710584695382069
TCGA-DU-7014-01A,epic,0.8415054543130045,0.019044083977489964,1.0574330302375328e-06,0.0005529524269674208,5.113816437999761e-07,0.10719302750374074,0.0014444507420357348,0.030258462222087626
TCGA-DU-7015-01A,epic,0.9237453027157515,1.3379483610761526e-05,4.879475415647845e-05,5.1752304040421766e-08,3.5361155806061577e-09,1.4751851708004737e-07,0.006201797410219463,0.06999052282932508
TCGA-DU-7018-01A,epic,0.5872752194243103,0.0019938291664540666,1.6294623238577047e-08,1.5517479607380238e-08,0.1581606091190466,0.1825929653359138,0.023090133803638956,0.04688721133853343
TCGA-DU-7019-01A,epic,0.8114694541731958,4.79034437604154e-06,8.441944427407632e-08,4.8203163577141027e-08,1.374504163681161e-06,1.8909187401514308e-06,8.081640534623854e-06,0.1885142757963819
TCGA-DU-7292-01A,epic,0.8485879728803746,1.9998056096577997e-07,4.169121985262399e-09,1.0330255793412484e-05,0.001471730690748076,0.00037702640422277486,0.00019650686543575295,0.14935622875374255
TCGA-DU-7294-01A,epic,0.506097116451942,0.020865109039886604,9.742504552678769e-08,7.513954673353259e-08,0.051979203920384624,0.055713350584018696,0.27438448367668394,0.09096056376249173
TCGA-DU-7298-01A,epic,0.2881739797539884,0.0717647248053931,8.090623003746831e-10,8.586309528531738e-07,0.03877718552776051,0.042462385359270265,0.44331570399639003,0.11550516111718255
TCGA-DU-7299-01A,epic,0.4304403759022154,0.06926056654284267,5.973504739962942e-07,4.2787309112558936e-05,5.540783468318989e-08,0.008210801600045963,0.34956663410243416,0.14247818178504057
TCGA-DU-7300-01A,epic,0.7612682129954618,4.399028129805516e-07,2.1790005857874562e-07,0.0003727982939134841,8.791530945994294e-06,9.604607113419091e-07,0.11442395738107296,0.12392462153502297
TCGA-DU-7301-01A,epic,0.5019150897507413,0.10990771400453665,2.937017651322012e-07,9.654333845040384e-05,4.6814890770370367e-07,0.03851931025574028,0.3057270821415538,0.043833498658304645
TCGA-DU-7302-01A,epic,0.7621053033879656,3.0234951094391983e-05,1.2577974417466113e-05,4.190356304556237e-06,4.1152924260894565e-09,1.2353753509732108e-07,0.05782638974771711,0.1800211759296734
TCGA-DU-7304-01A,epic,0.8087659700154459,5.528316496204158e-07,1.5411454978842523e-06,0.00023790903084522412,3.494417535788226e-05,2.0962214591575717e-07,0.054330345094163845,0.1366285280848938
TCGA-DU-7304-02A,epic,0.49758393994653916,8.980447401622395e-05,1.805146046516123e-05,4.745708602899777e-06,0.4752644503826076,0.0006776239392123366,5.132289718364348e-06,0.02635625179883812
TCGA-DU-7306-01A,epic,0.8524414939699894,7.521463173020332e-07,1.5821438210768861e-06,0.0002487694068873789,5.0980883260748865e-09,1.237332554244087e-06,0.04185561196527981,0.10545054793706259
TCGA-DU-7309-01A,epic,0.6530944724429731,0.030555787523125575,0.00011553181145949343,6.293706687626835e-07,3.238166000301443e-08,0.06563717525472922,0.0016257693748976112,0.24897060184048633
TCGA-DU-8158-01A,epic,0.7599415265374412,2.6954773159081615e-06,5.646360464291097e-06,7.785179015990002e-10,7.356687600305438e-07,1.0304730650638396e-05,7.080347990387323e-06,0.24003201009885963
TCGA-DU-8161-01A,epic,0.0065317359733226615,6.292896101131506e-07,4.318876047573927e-06,6.305355769100886e-07,1.9866388231117842e-08,1.5696552902073043e-08,5.472008564171048e-07,0.9934621025616451
TCGA-DU-8162-01A,epic,0.2191045676697897,0.010447080662878938,8.741304758440771e-08,4.515923012572375e-07,1.387280045630881e-08,0.0027891392548701193,0.5668279147514902,0.20083074478282167
TCGA-DU-8163-01A,epic,0.5018188034972291,0.05264582377724564,2.197283628778904e-07,9.674315162359966e-06,1.5948076262313075e-07,1.866622301748271e-06,0.34591483790854716,0.0996086146703885
TCGA-DU-8164-01A,epic,0.3560839235542973,0.06708108442286236,1.8307405741466242e-07,1.2817492220757273e-06,0.11593419237237293,0.1186849583840327,0.1090699852833593,0.233144391159796
TCGA-DU-8165-01A,epic,0.9101459849808567,1.62872605899932e-08,1.7425725213593983e-07,1.0720611941139786e-07,1.8376355344103759e-07,1.8370312490133894e-06,5.008095735593058e-07,0.08985119566413508
TCGA-DU-8166-01A,epic,0.5924378390294109,0.14263199365136503,3.2300443042773904e-07,1.6465585454591677e-07,1.5639006782944055e-06,0.060950505798835035,0.044076807543634654,0.15990080241579097
TCGA-DU-8167-01A,epic,0.19854450833838497,0.1329965769305023,3.05160886557656e-08,1.5432326035420937e-07,0.06111371794392917,0.0691001655385499,0.4051564765874071,0.13308836982187747
TCGA-DU-8168-01A,epic,0.6606634584003904,0.05031975853708458,1.9835250484166636e-07,4.466137787425061e-06,0.0012576098239848467,0.11067395620782497,0.0563872953903669,0.12069325715005605
TCGA-DU-A5TP-01A,epic,0.6447114854290485,0.27026509695318907,1.1581814258504962e-07,1.8381831079808544e-05,1.9115124559120378e-07,0.019980457624575905,0.03748375340919034,0.02754051778352814
TCGA-DU-A5TR-01A,epic,0.7897848904507647,0.0308155453160588,3.0150490813399533e-07,3.6267608590918156e-06,5.60067726135581e-07,2.5373714561537003e-07,0.003983140860202717,0.1754116813023348
TCGA-DU-A5TS-01A,epic,0.0008153376891585712,0.07532087271238548,0.0002816157497696745,1.971924959447487e-08,0.21727996410243677,0.12618829955353736,0.42260041878590554,0.1575134716875569
TCGA-DU-A5TT-01A,epic,0.851908213579623,6.94610968985988e-05,7.277613980167235e-09,2.273979553416359e-08,1.5720363857722848e-08,6.796051109248448e-06,0.03724993618031914,0.11076554735427664
TCGA-DU-A5TU-01A,epic,0.8887475810703536,0.00030428072230533266,0.00016975082018415665,7.88050741039053e-09,4.9249307703977005e-08,2.223050413051791e-07,5.648015792040167e-08,0.11077805147214244
TCGA-DU-A5TW-01A,epic,0.7678463215064005,0.057921303601110634,1.1012385150020627e-07,2.661771969995071e-08,4.0832208449819815e-05,0.046511098885050894,0.08347125007307403,0.044209056984342875
TCGA-DU-A5TY-01A,epic,0.6069997987062452,4.1990431271629185e-06,3.1583186844838144e-05,1.0434656430247212e-08,1.2555824199988926e-05,4.548720005105107e-06,0.0001290041252803316,0.3928182999596409
TCGA-DU-A6S2-01A,epic,0.3734815363565467,0.0011315329892721531,1.9062929662688724e-06,0.0002578209641960448,1.5540197582104278e-09,0.025620417256291623,0.34456515158084955,0.2549416330058579
TCGA-DU-A6S3-01A,epic,0.33035272042812946,0.00668990976091025,4.392696625891219e-05,7.076636623399304e-08,0.14154043293051946,0.13426322139247804,0.1849710160250593,0.20213870173027823
TCGA-DU-A6S6-01A,epic,0.8237397422815568,3.3134637729285354e-07,8.989354767784207e-08,0.00021909429729128716,7.256199666013987e-07,8.797427246582264e-07,0.001125042530047955,0.17491409428848773
TCGA-DU-A6S7-01A,epic,0.3432860136261947,0.152828687421094,2.6469455988926817e-07,3.518995221321329e-07,3.869553732271173e-07,0.04589057855736508,0.32244992121874955,0.13554379562714142
TCGA-DU-A6S8-01A,epic,0.7412087929879172,3.9322188346538317e-07,1.3019943226053898e-09,0.0002132597470163248,9.343212286536051e-08,5.0049944112686e-06,0.21826776539487577,0.040304688919778835
TCGA-DU-A76K-01A,epic,0.8498088634914724,6.873032447125588e-08,7.475331162421773e-08,8.139857510833802e-06,2.4562183247498582e-05,2.5297033933588837e-06,0.0002476901239743754,0.1499080711567654
TCGA-DU-A76L-01A,epic,0.5067199821181191,0.04242375919222675,3.4036901221887573e-08,1.9022312345828753e-09,2.0729944557890087e-09,0.09083405051305107,0.22426260942473342,0.13575956073974282
TCGA-DU-A76O-01A,epic,0.8348674759438571,0.09860520685544509,3.2914315396406675e-05,2.985059302295612e-06,2.8148340290059667e-07,1.5217093121019286e-06,0.0011144877645780278,0.06537512686870597
TCGA-DU-A76R-01A,epic,0.851844375749723,6.7922792453531595e-06,5.2898983387533704e-05,1.670120601847251e-07,3.8447126941295895e-07,1.849608512291609e-07,2.529524793229432e-06,0.14809266701867002
TCGA-DU-A7T6-01A,epic,0.674789549054464,8.041269638793716e-05,5.649031163478761e-06,1.6866765849294376e-07,1.2734165640816961e-08,0.070945292669794,0.20106263829502063,0.05311627685134582
TCGA-DU-A7T8-01A,epic,0.8981994156931197,0.061254574611734974,1.58538036842486e-07,6.048084693975524e-05,5.960871965270933e-06,0.0013384039572589502,7.151357780131425e-09,0.03914099832958671
TCGA-DU-A7TA-01A,epic,0.8478413647584107,0.06195627797710031,0.0003558673997821936,5.439383171858376e-07,3.7962520951697996e-08,0.0141217296096525,1.0591265786800631e-07,0.07572407244155838
TCGA-DU-A7TB-01A,epic,2.8282438967471234e-08,3.024904593155651e-07,1.770986326131672e-07,5.590024732428323e-07,0.04571850302183091,0.007161119162818641,0.8842245946794515,0.06289471626189484
TCGA-DU-A7TC-01A,epic,0.7401553301445393,0.05679384698862873,5.78281641857118e-07,1.706502445716748e-08,0.022064264098032277,0.07960731770978713,0.011004012020054275,0.09037463369229207
TCGA-DU-A7TD-01A,epic,0.9179859937737532,2.292371649909578e-05,2.2658608210517132e-05,5.230985691551554e-07,2.096835279281719e-08,9.94310439423165e-07,6.083054311238616e-07,0.08196627721874475
TCGA-DU-A7TG-01A,epic,0.6184923456279818,3.3514678758253655e-06,5.638337112045059e-06,1.4606234320523688e-08,3.32661858119646e-08,2.7064441037800712e-06,0.10464573889515856,0.27685017135534784
TCGA-DU-A7TI-01A,epic,0.8150921410314775,0.0009905112294555085,7.622443658345698e-05,1.3735298132576615e-07,1.4346759135894256e-08,0.00022273524591415238,0.046468727353464793,0.13714950900336417
TCGA-DU-A7TJ-01A,epic,0.9327777285577012,0.030204349400602893,3.3711744759743144e-07,1.8367681052956583e-06,5.318359466988167e-07,0.00013089537350183765,0.00034351089075896756,0.03654081005593542
TCGA-E1-5302-01A,epic,0.8485449667860196,0.00033400933103127224,8.004751614681948e-06,0.001804837178033305,5.625404569466854e-09,0.0016593297822305008,5.4298727687063805e-05,0.14759454781797887
TCGA-E1-5303-01A,epic,0.7736508291810786,5.478310197663051e-05,4.5104026862398304e-06,6.157467194498258e-05,9.74058821653756e-06,1.5675861168456792e-06,0.13070731974327784,0.09550967472470233
TCGA-E1-5304-01A,epic,0.41327527659989105,0.03542096256775441,1.6543654670413844e-08,4.3831177444078545e-07,0.22346299412145265,0.1121498452632738,0.19105114906623635,0.024639317525962653
TCGA-E1-5305-01A,epic,0.7301509117959448,1.915035342915868e-06,3.2943461473920024e-09,7.706619213226147e-09,2.1280156646744078e-05,0.00019371211016497623,0.10988709810012597,0.15974507180080924
TCGA-E1-5307-01A,epic,0.6108426319224983,0.08103852414267876,2.6541021586035892e-05,9.524714668519177e-08,1.8809724154903153e-07,0.01590660764987194,0.08347549440431108,0.2087099175146657
TCGA-E1-5311-01A,epic,0.42363119775621777,0.025908015203169533,6.492379113209093e-07,1.874423478390966e-07,0.12620598172149294,0.19912066332025105,0.03785576892076554,0.187277536397844
TCGA-E1-5318-01A,epic,0.2910804596398457,0.04074744316327076,1.169792808033708e-05,8.834094503443709e-09,0.20956963606096288,0.37094620146507573,0.05279798895032405,0.034846563958346136
TCGA-E1-5319-01A,epic,0.595113240177206,2.617416846709948e-05,0.00019446176080537076,1.1878687687836753e-07,2.1532406266386159e-07,1.6550522441916743e-07,0.2623862931799645,0.142279331097393
TCGA-E1-5322-01A,epic,0.7320331125860993,0.16911992324395525,1.3596524021024654e-05,1.2488172369237976e-05,1.305675844182114e-09,1.4292993957807724e-05,0.04308882120637239,0.05571776396754921
TCGA-E1-A7YD-01A,epic,0.8941031964645549,2.5015806286703126e-07,2.7823320549580773e-06,6.71592085511546e-07,4.819363997256107e-07,1.7075664355063804e-07,3.04631843842349e-07,0.1058921421283546
TCGA-E1-A7YE-01A,epic,0.8156069670836651,0.10297262723457713,9.49175663185119e-09,5.4842420501125726e-08,1.3996799165276931e-05,5.94520476774991e-07,0.019227212975649322,0.06217853705228933
TCGA-E1-A7YH-01A,epic,2.853587209515939e-07,0.05333885983204254,8.964648484169842e-07,9.52332115375014e-06,0.10963925253474967,0.08514814930413049,0.5292000903845335,0.22266294279982066
TCGA-E1-A7YI-01A,epic,0.3444470996112984,0.08229679025909928,1.1851968904371723e-07,3.420506508234544e-08,0.040345469230228685,0.251693122535649,0.24279754402050413,0.03841982161846636
TCGA-E1-A7YJ-01A,epic,0.851144031369267,0.0001984037832100691,4.390822965774781e-07,0.00034499128498961183,7.747360109613206e-08,2.3020327728763107e-06,0.05942299899540636,0.08888675597845642
TCGA-E1-A7YK-01A,epic,0.0550926340035128,0.2188513778867567,6.638046827847876e-07,1.7954638539325969e-06,0.008469700174749526,0.035516531930355734,0.47972230969572516,0.20234498704036322
TCGA-E1-A7YL-01A,epic,0.5262973981145259,3.611750717664689e-07,0.00016266068145130914,0.0007323896402437255,2.517456972662263e-06,1.1380567738221856e-07,4.1301504122506396e-06,0.4728004289756451
TCGA-E1-A7YM-01A,epic,1.2422474704041255e-06,9.710030375926321e-07,4.1939409821802725e-08,0.00023867660748339603,0.0647544286382162,0.01552982032337263,0.6346909611282123,0.28478385811279755
TCGA-E1-A7YN-01A,epic,0.636060757343517,8.055792557022149e-08,1.0569972509961155e-08,1.0044552618453123e-06,3.6494682461074603e-07,4.68551361663572e-08,3.2042973734708733e-06,0.36393453097398887
TCGA-E1-A7YO-01A,epic,0.7789671532070425,1.137906033119025e-07,9.651439338855718e-07,1.2075036898429123e-07,9.295166459346285e-06,0.06663501802732165,4.206421069102762e-06,0.15438312749320127
TCGA-E1-A7YQ-01A,epic,0.9096159142939897,0.012658606786526378,2.02231620271852e-07,4.1872912589074766e-08,0.0005711253728758646,0.0007004649154960761,3.34115973133243e-06,0.0764503033668479
TCGA-E1-A7YS-01A,epic,0.8081356178664877,0.0009210886226895145,2.592262711201658e-06,5.734733265298166e-05,5.045748099483019e-08,8.36929763270255e-05,0.1478099369676254,0.04298967351402504
TCGA-E1-A7YU-01A,epic,0.6074242061165986,0.019965297837715314,4.811570581392496e-07,1.8066597473611457e-08,4.991742071728419e-06,0.027770731078221107,0.22435183187645844,0.12048244212527913
TCGA-E1-A7YV-01A,epic,0.6628304224986903,0.02200074240740515,1.508092568759722e-07,4.07508317634993e-08,0.00011520611612010639,0.2013267459592317,0.06387194415949658,0.049854747298967626
TCGA-E1-A7YW-01A,epic,0.8838064641831357,0.00010104424358879001,7.088236035950229e-07,0.00033945769998162094,0.0002717192455838468,7.067891466400072e-06,0.02568293850297536,0.0897905994096646
TCGA-E1-A7YY-01A,epic,0.762929084223996,1.9125030003965022e-07,1.6448433941501054e-06,7.769482321202725e-08,3.480818765285371e-05,7.492212337958236e-06,0.04610210127152732,0.19092460031596853
TCGA-E1-A7Z2-01A,epic,0.7905731718042222,1.743519697606123e-08,1.0020332503974008e-05,8.81604547643191e-06,1.0311132488455518e-08,6.859696563565376e-05,0.05015181399003395,0.1591875531157984
TCGA-E1-A7Z3-01A,epic,0.7963964322654967,6.949350311780505e-07,6.42800373515502e-07,0.0005681570015846798,1.993657511225177e-05,4.360641993063091e-05,0.014376841599059819,0.1885936884034113
TCGA-E1-A7Z4-01A,epic,0.8555241827258486,2.464140187280457e-07,4.2626132786964914e-08,1.8373943567298642e-06,1.377947096244963e-07,0.00023057507736977764,3.803547365325228e-06,0.14423917442019846
TCGA-E1-A7Z6-01A,epic,0.8659988245318401,4.200402326079398e-08,3.02446360784842e-07,3.2101560667273216e-06,9.221937700502259e-07,7.163420366911107e-08,6.679982838182382e-08,0.13399656023390702
TCGA-EZ-7264-01A,epic,0.7285645830350173,6.531984272624986e-08,4.6423040810599333e-07,2.165508454958228e-06,5.865835820874463e-06,4.3994215247440366e-09,0.1884338547055971,0.08299299696543756
TCGA-F6-A8O3-01A,epic,0.33864082998023365,0.04830071559230195,4.9105078275430146e-06,3.355782575233562e-06,0.2574949651965354,0.19499837590538419,0.020133979160150577,0.14042286787499136
TCGA-F6-A8O4-01A,epic,0.7308544109680404,4.7614660631781836e-07,2.589255834144064e-08,1.6912978979297182e-07,1.1320203139179168e-08,0.0016912565141684534,0.08674048192297869,0.180713168105655
TCGA-FG-5962-01B,epic,0.8228333308023885,2.1516745205134013e-07,2.2000617438077245e-08,0.0008374987750029981,8.794988519795273e-06,9.470608719422849e-07,0.022613584448430545,0.15370560675671677
TCGA-FG-5963-01A,epic,0.4255042086920963,0.0826037715967202,3.344681863149925e-05,0.0002778934955062353,6.245945501202181e-10,3.08884476533156e-08,0.362952863685454,0.1286277841985495
TCGA-FG-5963-02A,epic,0.32186150769458644,0.054417720758387064,8.184867507166543e-08,1.2784513602721984e-08,0.0263929362987713,0.4194899654481742,0.17272241011586742,0.005115365051024869
TCGA-FG-5964-01A,epic,0.7843155084363502,8.142726534457527e-07,2.6761792820979974e-06,1.859142354907181e-05,0.00018268992141184693,1.673198950515417e-06,0.10832146595395695,0.1071565806138458
TCGA-FG-5965-01B,epic,0.8812622260699661,6.5766135324884875e-06,0.000890489326323898,4.4237679857805647e-07,2.0492618871579296e-07,3.433220482091326e-07,0.0030983922026364295,0.11474132516250542
TCGA-FG-6688-01A,epic,0.7202533919898872,1.4629605260286636e-06,1.7157422103961484e-07,8.451025185481292e-08,1.860490780811886e-05,1.973867414813381e-06,0.1566007457354075,0.1231235644544834
TCGA-FG-6689-01A,epic,0.7318619966926915,6.931409396739783e-06,1.2545858388592487e-07,6.817663390853426e-07,9.941527069233599e-05,3.6934010900249517e-07,0.10359204226502736,0.1644384377971602
TCGA-FG-6690-01A,epic,0.8827587533401333,0.00010048123057497402,4.926881233683767e-07,0.00020505955669612773,1.033577482960505e-05,1.8599764754686616e-07,0.0018810363833361961,0.11504365502865888
TCGA-FG-6691-01A,epic,0.7428854888192805,0.12562654065764234,1.608320439679771e-06,4.046958450565464e-09,3.293898154854073e-07,0.00025044610195741217,0.055141816994702456,0.07609376566920367
TCGA-FG-6692-01A,epic,0.8743356907600004,3.659354244590506e-08,4.4511339016047104e-07,4.2317455487371316e-07,1.9040986866627992e-07,8.030479883658573e-08,8.771739997440416e-08,0.12566304592644464
TCGA-FG-7634-01A,epic,0.3334215048592549,0.07998020092863906,4.597981352299496e-08,7.705320916159889e-06,2.5922403849576506e-08,0.09704315990037224,0.37117930479170397,0.11836805229689634
TCGA-FG-7636-01A,epic,0.8216339883517806,1.075484342320717e-06,2.3449618852603543e-06,2.6187574480254017e-06,2.5306217880868607e-09,3.674421092288065e-07,0.07693061444493972,0.10142898802687303
TCGA-FG-7638-01B,epic,0.7515927782734322,3.8725118816006757e-07,1.0803927123457092e-06,2.1091005841880864e-07,2.880764921090496e-08,7.203811356822883e-07,0.0790666788903289,0.16933811509349517
TCGA-FG-7641-01B,epic,0.38667287495138203,5.787921806264628e-06,2.5833943400994018e-06,8.689143659217276e-07,2.114360063079855e-07,8.27206694499923e-05,0.38117734617546983,0.2320576065371795
TCGA-FG-7643-01A,epic,0.32220109881715575,6.30818576927703e-07,2.8887607196615492e-08,0.0009260510912706942,4.164932737862105e-08,6.260704120300326e-07,0.4119368162963346,0.2649347063693154
TCGA-FG-8181-01A,epic,0.7329706961297828,4.0955018468910284e-08,9.502589385104672e-06,0.00010438585140911923,4.395478967940598e-09,1.5948756779831513e-05,3.939181876690679e-05,0.2668600295033787
TCGA-FG-8182-01A,epic,0.17329545770057223,0.12406440397534578,1.3169656350379595e-05,9.482741272894415e-07,0.02326414443751505,0.038004429226582224,0.5131085880655082,0.12824885866399877
TCGA-FG-8185-01A,epic,0.7820991098612766,0.03899682854382065,1.1403603585071737e-07,1.4939567675894271e-06,0.026105803411859113,0.10699681270497013,0.004876229744478822,0.040923607740791214
TCGA-FG-8186-01A,epic,0.7391203991340924,0.02339598024387229,1.0344255706494267e-07,4.1200257308825755e-08,1.056767768477372e-05,9.249852768746538e-07,0.07718491244793645,0.16028707086832286
TCGA-FG-8187-01A,epic,0.14255180189942812,0.022487679035843516,1.988792667658895e-06,2.953769785738269e-07,0.0005380016779332962,0.0052837354274139535,0.6464785743336761,0.1826579234560588
TCGA-FG-8188-01A,epic,0.4426755541153482,0.020421574060118543,1.3167272182923804e-07,1.361771065186306e-07,4.4675940715840486e-05,0.0016213509908932873,0.4311221108399011,0.10411446620319474
TCGA-FG-8191-01A,epic,0.4480737223715423,5.665540805803641e-07,1.5782784796791331e-07,0.0001794007770275595,6.411714386162925e-06,0.0003144310286131907,0.4192967839018436,0.13212852582465853
TCGA-FG-A4MT-01A,epic,0.7089758697818797,0.07997076585009713,3.730477822566455e-07,6.827354978565351e-08,0.00025818424713837656,0.1177627746846487,0.04434668410105549,0.04868528001384858
TCGA-FG-A4MT-02A,epic,0.3542199411957386,0.0830499766529823,3.626177452427896e-07,4.4639518492783155e-07,0.03245337521774493,0.09693230440959816,0.2542632351007782,0.1790803584102277
TCGA-FG-A4MW-01A,epic,0.6977866891496208,7.167866519863666e-07,0.00022990103799404586,3.517553878618347e-05,1.4344931933052412e-08,1.4174722197248606e-07,0.18964087824924536,0.1123064831455475
TCGA-FG-A4MX-01A,epic,0.6898185049151858,0.05786169724490078,5.3250080119525345e-08,2.5997617586329993e-08,0.0008676910303317654,0.22563470928128088,1.4006963300978025e-05,0.025803311317302107
TCGA-FG-A4MY-01A,epic,0.5799383880981308,2.804567516466564e-06,0.0001752729294253527,4.034462067049675e-08,5.559696429247801e-05,1.5195370746266414e-06,0.3082202602212682,0.11160611733767149
TCGA-FG-A60J-01A,epic,0.8024308805533964,2.9561994399384684e-07,3.24685008526384e-07,0.0001478791794293717,5.127252899009754e-07,5.5169054006145866e-08,0.08822557699489558,0.10919447507298218
TCGA-FG-A60K-01A,epic,0.8108002875427869,2.592784804134543e-07,1.3760146018633602e-07,1.5757074575072502e-05,5.280964999787966e-08,0.00025061101837732015,0.041003257741254934,0.1479296369334152
TCGA-FG-A60L-01A,epic,0.8331638544430411,0.006725815831783826,2.1468135134956516e-06,9.475885574245465e-09,9.816648575345327e-06,9.234074395972756e-07,0.08446743713718573,0.0756299962425755
TCGA-FG-A6IZ-01A,epic,0.945059159504355,2.2370166280616376e-05,2.592872525025334e-06,5.463958534314982e-06,2.1004401571860703e-07,0.015550515805138899,2.9790216188945435e-06,0.03935670862753123
TCGA-FG-A6J1-01A,epic,0.914713662817051,3.0985582613897044e-08,2.7089731500109898e-08,2.00496696900733e-08,1.5825858907240813e-08,1.4250211619669918e-06,4.341559734401612e-07,0.08528438405497077
TCGA-FG-A6J3-01A,epic,0.5107667977553623,3.1824246528483196e-09,1.0263306282327305e-05,1.037961253676841e-06,4.498116859228836e-06,1.24101202195701e-05,5.5562953641840896e-09,0.48920498400130275
TCGA-FG-A70Y-01A,epic,0.6433266523567422,3.509261908974841e-07,4.354609612814798e-05,1.065857096376278e-06,1.3684328335832002e-08,3.233076781663934e-07,0.21693573293064083,0.13969231484119496
TCGA-FG-A70Z-01A,epic,0.83261898128969,0.0005785640400224698,1.1030510754482983e-06,7.924920675253453e-05,2.400740811551608e-08,0.0007487276729979189,4.989031613711307e-07,0.1659728518288921
TCGA-FG-A710-01A,epic,0.8958430121585562,2.1088376690333977e-08,3.608417561337016e-10,0.00017322555499748956,2.163301532945185e-05,2.2422185615814802e-05,3.769339316869807e-05,0.10390199224311392
TCGA-FG-A711-01A,epic,0.8717544286595753,7.3173753356928454e-06,8.014560424657618e-06,3.652291292953119e-08,2.177108995257185e-06,1.6001887437502856e-05,0.011561391175696763,0.11665063270962198
TCGA-FG-A713-01A,epic,0.5998132362792263,2.1365799625952058e-06,0.0003311577105553312,9.780507011397934e-08,1.7759075848666876e-05,2.2711296358067466e-06,0.21665343918150937,0.18317990223819167
TCGA-FG-A87N-01A,epic,0.5380641323585219,0.12414958956843815,1.8866818787616156e-07,9.146774737617172e-07,0.03836929053343124,0.1677480002753599,0.08902888313668751,0.04263900078189962
TCGA-FG-A87Q-01A,epic,0.5817366503266426,0.002753611503305849,4.219520281904893e-08,2.050770506562533e-07,8.864363573852974e-08,0.0025237491384805457,0.2480564263017098,0.16492922681397196
TCGA-FN-7833-01A,epic,0.9215023072177199,0.03008636077559676,0.0015434801360603883,1.395915881582036e-07,4.580111876290427e-10,4.378190255463095e-06,0.00349877139404239,0.04336456223672583
TCGA-HT-7467-01A,epic,4.746894605599468e-07,5.031011361066667e-08,3.3458641927430073e-06,1.205919429380967e-06,0.03658751717581532,0.011575067495760163,0.7524160007955937,0.19941633774963458
TCGA-HT-7468-01A,epic,0.7843814477557767,3.126574122477381e-06,7.644170541359938e-08,1.7048214946881995e-08,2.673513655378966e-05,1.3833183160262058e-06,0.052366386669544976,0.1632208270557657
TCGA-HT-7469-01A,epic,0.7722588271243914,0.10865111268053741,1.1627078554470232e-06,4.5048752854226915e-07,3.194462415980455e-08,0.03221843917523369,0.03956377503080507,0.04730620084902442
TCGA-HT-7470-01A,epic,0.37589071937242996,0.009032928823647682,0.00028993991742116537,1.6115999041600484e-07,5.067355408333619e-08,1.4332964744756512e-05,0.41974101249576734,0.19503085459244454
TCGA-HT-7471-01A,epic,0.9023906967371692,0.0010462913469049947,9.730700459085669e-06,3.303567098281545e-06,1.0136361577105613e-08,1.1684051861537613e-07,0.013852854475899007,0.08269699619558936
TCGA-HT-7472-01A,epic,0.7940646582495218,1.5472721761306494e-06,8.484661459607814e-05,1.749676499993118e-07,0.00018217154185401393,1.8468116419500354e-08,0.1337422159178721,0.07192436696821354
TCGA-HT-7473-01A,epic,0.9137509819890733,1.1407050869037708e-06,5.414440940332673e-05,1.9101109097043736e-08,4.334704145414742e-08,1.1371188887772933e-07,0.019952451456440715,0.06624110527995619
TCGA-HT-7474-01A,epic,0.45969116067795085,2.7933575618025607e-06,0.00024270869974807872,5.448999574272772e-05,2.9975991541503965e-08,3.8675848435020573e-07,0.3409317327062164,0.19907669782830434
TCGA-HT-7475-01A,epic,0.06764453881695291,0.022045242307488416,2.5383498173386326e-07,6.75043179829337e-08,0.30247703700641615,0.10999808619902827,0.25897945084582674,0.23885532348498778
TCGA-HT-7476-01A,epic,0.29113595735927134,0.0693903405024306,7.043500127344731e-09,1.1409963957271862e-07,0.07648939086543767,0.23250016302168963,0.14478370300631987,0.18570032410171117
TCGA-HT-7477-01B,epic,0.7757649221667892,0.015126066732824154,1.7371830265272855e-06,0.0001015081603372317,1.3306505480812961e-05,0.11273964930372327,0.05306362279688626,0.043189187150932416
TCGA-HT-7478-01A,epic,0.8770412647308865,0.05156981600666717,3.2618317082673e-05,2.3640894757890163e-05,0.00019485954398559734,5.258792611237364e-06,2.698708273917078e-07,0.07113227184318148
TCGA-HT-7479-01A,epic,0.550255761927539,5.150582675981363e-06,4.445403506834464e-05,0.0002668590672121251,1.969351371292053e-07,2.9197869527157767e-05,0.32215723205901964,0.12724114752382062
TCGA-HT-7480-01A,epic,0.7054574817309519,4.0862688542057515e-07,3.287042649260572e-08,5.3689452023335904e-05,6.661242555674428e-07,1.494530583446432e-06,0.13504637985482743,0.15943984681004642
TCGA-HT-7481-01A,epic,0.00032547034333449035,5.353313939512799e-05,1.0296082634794316e-07,1.0114831101976703e-06,0.055593932483352,0.03632146267975597,0.709253947553138,0.19845053935708803
TCGA-HT-7482-01A,epic,0.5284097577060072,1.7435388025894103e-06,3.6919343064186305e-08,3.596646930313404e-07,1.6844269141487986e-05,1.154394124513371e-05,0.2786915106799434,0.1928682032808241
TCGA-HT-7483-01A,epic,0.7286364632842668,0.02609297408457745,0.00044160841447849023,3.683920216545916e-05,6.122810796548118e-09,0.09099119200830796,0.00013889526975354743,0.1536620216136395
TCGA-HT-7485-01A,epic,0.6369543069223366,6.29810331697768e-06,1.843577176215938e-05,1.4136617222389333e-05,9.811742283188973e-09,2.161691094313519e-06,0.18090359864032332,0.18210105244220198
TCGA-HT-7601-01A,epic,0.5237765343153452,0.12356720007929249,0.0002623679132144781,3.3064604897474307e-08,1.1197999693165961e-07,0.0030349876672055662,0.2691934183547911,0.08016534662554939
TCGA-HT-7602-01A,epic,0.19442659826558378,0.002082054975894888,0.00012092780336897882,7.996983396074031e-08,2.106144320548511e-07,0.0005772081098355578,0.5826752625622219,0.22011765769882882
TCGA-HT-7603-01A,epic,0.12171050208555907,0.01602767171840306,2.164526107142375e-07,3.0438876653609796e-08,0.11885077124768668,0.09503070760337438,0.39717530304038523,0.25120479741310436
TCGA-HT-7604-01A,epic,0.8664965830033049,0.03677687235947011,1.8439187643650087e-06,1.0661125616973908e-05,2.7258882381989635e-05,0.01054230433838214,0.01929207187347714,0.06685240449860254
TCGA-HT-7605-01A,epic,0.40977289030803093,1.376673650068612e-05,1.4848212788707428e-05,2.986622755864067e-07,0.00030050324957351244,2.106184284996467e-06,0.3776804041127059,0.2122151825338396
TCGA-HT-7606-01A,epic,0.7289491652704847,1.9613865481438522e-07,6.431890715716924e-09,1.976593400377755e-05,2.4539966282506477e-05,1.1285084645917648e-06,0.1834185106216953,0.08758668712852373
TCGA-HT-7607-01A,epic,0.6054920636682091,2.4914703091918564e-05,3.632326894038132e-08,0.0003576161331172856,8.927881541135692e-08,1.610981724716096e-07,0.18086814774496657,0.2132569710503583
TCGA-HT-7609-01A,epic,0.7726738702596604,0.08215191378660422,9.086833105019965e-07,4.6866837335586364e-07,0.00019359102369261028,0.02054571554034228,0.07612511870577819,0.04830841333223857
TCGA-HT-7610-01A,epic,8.728221194862521e-06,0.0631741906025885,2.7001031342802083e-07,1.692652232922617e-06,0.1425965908221158,0.11720076036052325,0.4420980471682462,0.23491972016278515
TCGA-HT-7611-01A,epic,0.8634024922511726,6.7742791867004964e-06,3.5202164446718726e-06,3.217058483414613e-06,2.364399278691669e-08,0.0006107703642277635,0.06302834975628364,0.07294485243020853
TCGA-HT-7616-01A,epic,0.7401311101358553,7.667033594921463e-08,0.0009100282876990708,0.023317464920831314,8.105377806610638e-12,0.0009985943992201123,3.4781094028278886e-08,0.2346426907968587
TCGA-HT-7620-01A,epic,0.013269440978097983,0.01710318919334894,5.63848388505608e-07,0.0002831433973825653,0.016890033848536417,2.7053653370307568e-05,0.7927171929251923,0.15970938215568298
TCGA-HT-7676-01A,epic,0.5630246452227489,0.22478489553482636,1.1176357260142873e-07,1.7229757995402082e-05,3.894576982797627e-08,0.032820131348083384,0.11437726076858519,0.06497568665841846
TCGA-HT-7677-01A,epic,0.7059994582613007,5.024695044585926e-06,1.3867769177695979e-06,2.9370355557303417e-07,3.1398759556540847e-06,1.8368480108579707e-05,0.1689630799101727,0.12500924829694432
TCGA-HT-7680-01A,epic,0.8229436757135944,2.63447124453075e-08,1.8493216715757621e-06,5.4985097081024885e-06,2.0387427723768608e-05,3.9185859627219415e-05,3.4783114787526485e-08,0.1769893420398477
TCGA-HT-7681-01A,epic,0.6273158243469461,3.615691429194109e-08,2.361059529906493e-06,1.6167880491431489e-06,1.0515754006240011e-08,1.8384028927005233e-06,0.1419539530496148,0.2307243596802991
TCGA-HT-7684-01A,epic,0.24087908203706895,4.54430897996534e-07,8.078023741626816e-06,1.2417600709489877e-05,2.08842760573991e-05,3.587378418411685e-05,3.918328300805897e-09,0.7590432059290121
TCGA-HT-7686-01A,epic,0.8243170886484873,0.08503376072211827,1.140546373182393e-05,9.499374626203541e-08,1.2915795168462654e-06,3.749225878194923e-05,0.005021503367538116,0.08557736296607962
TCGA-HT-7687-01A,epic,0.5483973006629979,0.039057140077102696,8.97454723384104e-06,5.544593276324374e-05,3.5450000439003296e-07,0.0991365333369369,0.2298221592362842,0.08352209170667688
TCGA-HT-7688-01A,epic,0.3371946559748307,0.02446645926335879,1.1416486057259312e-07,8.728748975172172e-08,0.055864572948384435,0.08396710237331775,0.29237356211930365,0.20613344586845442
TCGA-HT-7689-01A,epic,0.6123934603863413,3.3478243219201265e-07,3.5231697536831134e-05,6.32827740726283e-08,2.0837477306725437e-09,1.5876013487382607e-06,0.2807263537538854,0.10684296641193368
TCGA-HT-7690-01A,epic,0.6404145894932621,0.14606705032604345,2.7229981519457854e-08,4.6273878297986794e-07,2.169431201694688e-05,0.0033289905726683676,0.13336677000875768,0.07680041531848693
TCGA-HT-7691-01A,epic,0.21741776749055652,4.7024676071976325e-07,3.214785697976196e-08,8.381463271121856e-07,2.2017628859580108e-07,2.0173449404574295e-07,1.4455106108312124e-07,0.7825803255066549
TCGA-HT-7692-01A,epic,0.7828333111590228,0.0174414571066195,0.00031780980879011497,5.572085411403817e-08,9.095874392279816e-08,0.0015061468089039597,0.09562554036274933,0.10227558807431628
TCGA-HT-7693-01A,epic,0.6207475687085557,0.14720470481361478,5.522730606897577e-06,2.9455235215769133e-08,1.1421809549609398e-08,0.12607347920038048,3.930423332565616e-06,0.10596475324646483
TCGA-HT-7694-01A,epic,0.19658018403121602,0.008800423015928262,3.388258438869341e-07,8.169269410983915e-07,8.871538681586153e-07,0.05028568192035459,0.4394342251470509,0.3048974429787971
TCGA-HT-7695-01A,epic,0.30066457730128576,0.02742989762714407,2.0910745220443563e-08,0.00010405264348392555,0.0006822791851294625,0.019041444390220322,0.41669475873473677,0.23538296920725454
TCGA-HT-7854-01A,epic,0.867535580776131,3.78157617337688e-08,0.0011115562485924334,4.121406989600425e-07,1.4943397388222283e-08,0.00019316387503466443,0.023882453352667286,0.10727678084771668
TCGA-HT-7855-01A,epic,0.8684314430447896,0.0019889535937662934,8.612372555851287e-08,2.579912318681487e-08,3.727569645927166e-06,0.04899060187016471,4.074347645304999e-05,0.08054441852233175
TCGA-HT-7856-01A,epic,1.3462694362738718e-05,0.005930791005124085,1.4286452534637382e-07,2.0010573443036837e-08,0.06717937373559804,0.10140847129014043,0.4774859535877484,0.3479817848119275
TCGA-HT-7857-01A,epic,0.6498020798860077,0.27884778122355497,6.71303806061173e-05,8.230563676331004e-09,2.4702315104869716e-05,0.0010995848910327838,0.022597941045619293,0.0475607720275106
TCGA-HT-7858-01A,epic,0.5961724473586351,3.112616784357329e-06,6.270728619610938e-08,7.384936560040629e-06,6.507910159827859e-07,2.0909673492683536e-06,0.31215530644488226,0.09165894417748686
TCGA-HT-7860-01A,epic,0.8421232865626165,1.5707364089476226e-07,1.3861305715595682e-06,9.001066544975746e-05,9.956223088309025e-05,9.411451835595085e-07,6.574028406869016e-06,0.1576780821632479
TCGA-HT-7873-01B,epic,0.3607404621742149,0.07293375831063062,0.00021497832743158537,3.0734237842587694e-06,2.5792716798327383e-06,0.05520289594441629,0.36255421930671505,0.14834803324112758
TCGA-HT-7874-01A,epic,0.25408686162893535,4.682543178764791e-05,2.933773494259955e-07,1.2370094786190011e-06,5.060904150485587e-07,0.023973677061436903,0.3886005263048737,0.33329007309572317
TCGA-HT-7875-01A,epic,0.8233865227082979,1.9470650851101196e-06,1.3307507617073338e-05,5.573302040763676e-06,5.928699754473068e-06,0.0011384004856570843,0.00020447386585358384,0.175243846365694
TCGA-HT-7877-01A,epic,0.10514279685238608,0.028987402449177097,4.015866692562367e-09,8.725103807337298e-08,0.06487713837618199,0.11176758814085028,0.43354124108313974,0.25568374183136017
TCGA-HT-7879-01A,epic,0.8080402372888077,1.8956862492889565e-09,4.673515059852058e-08,0.00010466883691034851,2.7870016379832558e-05,8.238839242797002e-07,0.0879179375502862,0.1039084137928547
TCGA-HT-7880-01A,epic,0.3726640924470351,1.2430688630268722e-06,0.0002561180389871816,1.4015815377319901e-05,4.0078923424756945e-09,6.983158981493067e-07,0.40710618811372357,0.2199576401922233
TCGA-HT-7881-01A,epic,1.9804063109711608e-05,7.378726504076204e-08,7.842341245936784e-08,9.358449342434573e-07,0.027816242140458924,0.0054674088483246805,0.7232390496230412,0.24345640726945372
TCGA-HT-7882-01A,epic,0.6043565907529015,0.24986075335551952,1.8437016283420267e-05,6.380543961280761e-09,3.3841974349383964e-06,0.08318958930977736,3.370682062661563e-09,0.06257123561685721
TCGA-HT-7884-01B,epic,0.16557401656948098,0.030522779122772264,5.125053985653318e-07,2.0376359123221516e-06,0.04180318137505379,0.035199500836548554,0.47208948143810153,0.254808490516732
TCGA-HT-7902-01A,epic,3.613119496199787e-08,1.854057566446325e-05,0.0002619601259276333,2.9542273147891978e-06,0.020787584163627932,0.00019890773805753285,0.8373735640907254,0.1413564529474872
TCGA-HT-8010-01A,epic,0.8224098904247275,0.0004188591162373609,9.15424584409599e-05,2.4205577605252246e-08,5.6855774581050435e-06,2.1596195730412776e-08,0.0036097559151826563,0.1734642207061801
TCGA-HT-8011-01A,epic,0.7954855509147535,3.8079364679424e-07,1.1350119880153722e-06,3.534851486485596e-08,1.8377952072232598e-06,2.767049253544334e-06,9.78574349379576e-09,0.20450828330089252
TCGA-HT-8012-01A,epic,0.827843546753385,6.954049053915522e-05,0.00014069763749820048,2.4775962497986198e-08,1.5558605566975365e-07,0.019353323441949326,0.0406906796496547,0.11190203166495541
TCGA-HT-8013-01A,epic,0.6728335147203196,0.20210965480786133,0.00012732673311207954,0.00011021992759323814,5.389896553792338e-09,9.456226351232689e-07,0.05602908340705058,0.06878924939153157
TCGA-HT-8015-01B,epic,0.6256032083168535,2.536874079760849e-06,1.1543158184436527e-07,9.8686211937547e-08,1.6972731600195965e-08,0.0019410877965708678,0.18872709955199124,0.18372583636997925
TCGA-HT-8018-01A,epic,0.8735478161790523,1.3079835190458902e-06,1.7982846398021557e-05,4.303374201733728e-07,1.200065098922705e-07,0.0016358647090233952,1.1176206221237604e-08,0.12479646676187106
TCGA-HT-8104-01A,epic,0.7799351064342387,1.63614676567893e-07,8.652296341573615e-07,9.398039970855345e-08,5.0454892443866397e-08,6.266411092628938e-07,0.09369952709371032,0.12636356655133887
TCGA-HT-8105-01A,epic,0.6380050224650253,0.02267794472557152,4.650455491787685e-07,2.999685317990826e-05,1.8353956381857106e-08,0.211999906464291,0.02648233755790934,0.1008043085345171
TCGA-HT-8106-01A,epic,0.3919123831298844,0.3168375365521894,6.714349501929635e-06,2.4748770156083295e-08,4.912825293082177e-07,2.6757192256562223e-07,0.19895863171163664,0.09228395065356555
TCGA-HT-8107-01A,epic,1.8419625743883912e-06,1.2512525767116327e-06,1.1772636581031748e-06,0.0003614440444772205,0.020064311901840208,0.06064854014107657,0.6127839153356219,0.30613751809817485
TCGA-HT-8108-01A,epic,0.5387866162283558,0.1906400081939468,3.62950220522246e-08,1.293918314035382e-07,2.0279097703136843e-08,0.042336529317580536,0.10375613096686181,0.12448052932730383
TCGA-HT-8109-01A,epic,0.5051640443329903,1.797570741282596e-06,2.5206780642520534e-05,2.9974210166450574e-06,3.898480113599212e-09,3.1813189116880457e-06,0.31346469065764027,0.18133807801957721
TCGA-HT-8110-01A,epic,0.8227291034185998,0.09023068635005436,7.092685229024887e-05,0.0004321500346423484,8.268125016772472e-08,2.5665359974232663e-09,3.2099942915859362e-06,0.08653383810233527
TCGA-HT-8111-01A,epic,0.693816393443708,1.6140615148183946e-06,4.0044761458618934e-08,1.9365775279164402e-05,4.105714011489382e-05,1.3524383486821306e-06,0.22437712505480029,0.08174305204147266
TCGA-HT-8113-01A,epic,0.38747166429293384,2.461437424548642e-05,0.00015993638763429923,9.637138682714997e-08,1.0494116448303107e-07,0.015176596380755518,0.2839251032788843,0.31324188397299524
TCGA-HT-8114-01A,epic,0.8930709240482622,6.200813144886193e-05,1.2837511952468118e-07,4.693923088754575e-06,4.6448700389212535e-06,5.002511304278327e-05,6.526791707268579e-05,0.10674230762192638
TCGA-HT-8563-01A,epic,0.8695390460285765,0.002083942581502407,1.6954223769253153e-07,3.160989712209367e-07,9.478531748984823e-08,3.12098025489923e-08,4.0557531825265655e-07,0.12837599417827392
TCGA-HT-8564-01A,epic,0.22874232131330868,0.17365181911336097,1.1136550189337614e-06,1.09054073239126e-06,0.023747858729518536,0.09672312293219378,0.26324935788410675,0.21388331583176
TCGA-HT-A4DS-01A,epic,0.8563281270898272,0.007876069391011827,2.4488021171099594e-06,1.7454922921028114e-07,9.238818275568881e-08,4.00552701745478e-05,1.7701312560614056e-07,0.13575285549633168
TCGA-HT-A5R5-01A,epic,0.8835441093804338,5.572423599048513e-07,2.335038753665768e-08,0.00041758888457429894,0.0002646755584653703,0.0005007343719597203,4.5411937915852505e-06,0.11526777001802785
TCGA-HT-A5R7-01A,epic,0.7178570725952467,3.2832157001464054e-07,7.113058072643821e-08,0.000233892479251203,1.309415769077636e-06,1.6873657462124155e-06,0.14197800152626908,0.1399276371655671
TCGA-HT-A5R9-01A,epic,0.23603453231000243,0.020336469744349807,1.3708088037006801e-08,3.1009779081670035e-09,0.4110393221065522,0.2506934137504803,0.00023216337668891988,0.08166408190286038
TCGA-HT-A5RA-01A,epic,0.6715466681602873,1.049913623510295e-08,4.669885655339929e-09,1.0612672844422055e-07,4.545352146920771e-08,1.1226825773847517e-06,1.371847651920718e-07,0.3284519052230984
TCGA-HT-A5RB-01A,epic,0.08700376321779953,0.06412198436789192,1.1770892284242333e-06,2.5196249440348506e-06,0.1842603594952205,0.17089575276504906,0.23314802620702427,0.26056641723284235
TCGA-HT-A5RC-01A,epic,0.6550745188367737,6.746756541419085e-07,1.6162807044941605e-07,1.9807946105626335e-06,3.799453364052363e-07,1.270615110339897e-07,4.463549212830595e-06,0.3449176935088308
TCGA-HT-A614-01A,epic,0.5668269877501723,4.342138194062856e-08,4.235408335154357e-07,5.250513178192691e-05,2.7639376976396145e-05,3.8866500535137853e-07,0.3055261931387549,0.12756581897509375
TCGA-HT-A615-01A,epic,0.7304352321448948,5.538208788374063e-06,6.44182788958022e-08,8.689735020520111e-07,9.292333622880095e-05,4.096403635211181e-07,0.1471935086670792,0.12227145461086439
TCGA-HT-A616-01A,epic,0.679886560818988,0.00033911909197276223,2.6416728421378414e-08,2.0489517018322542e-10,1.201106419086561e-07,0.029830352626279852,0.03313662544593989,0.2568071952845541
TCGA-HT-A617-01A,epic,0.6963715433684948,7.607668489444096e-10,4.4367330901948234e-05,3.287331138288791e-10,6.523283156530531e-08,1.851021449888816e-06,3.192491215255352e-05,0.3035502470446692
TCGA-HT-A618-01A,epic,0.9190885647821659,1.1554419489530208e-05,1.1836605023648741e-05,6.960051949773109e-07,8.29506583032804e-06,2.620591607119514e-06,0.0008565166557329897,0.08001991587495548
TCGA-HT-A61C-01A,epic,0.8235007325406055,0.006463178074813109,5.002478123802888e-08,0.00011016118300704117,1.4335713129218313e-08,0.00359948537453879,0.04165068780092485,0.12467569066561623
TCGA-HT-A74H-01A,epic,0.6513564572756931,7.774694156325064e-05,1.1700146016815743e-07,4.1308636862535e-05,2.978219249399016e-09,1.1607668660589823e-06,0.13902675934299066,0.20949644705634496
TCGA-HT-A74J-01A,epic,0.8267050124573686,5.1673785475867506e-05,4.3758361697322555e-05,0.000166224186559361,7.049302020171825e-09,2.5706896553185056e-06,1.32329018798243e-07,0.17303062114092274
TCGA-HT-A74K-01A,epic,0.7833798031062227,9.193116385012291e-06,1.1523002236643662e-07,1.048002024893526e-07,2.010197448059423e-07,5.283158646596351e-07,0.0006580442586098317,0.2159520101529481
TCGA-HT-A74L-01A,epic,0.427014706785792,0.09855944899258612,2.3353038384782603e-08,5.415088922490982e-07,0.00018547520897577453,0.09910926847773523,0.2334829485416005,0.14164758713137982
TCGA-HT-A74O-01A,epic,0.8700014947290963,0.04047729361159149,1.5296391762995792e-07,2.4876891735571782e-08,3.0769986391779674e-05,1.3190805665247191e-06,0.036438614180985214,0.05305033057055926
TCGA-HW-7486-01A,epic,1.4860276500648766e-06,1.7051788902008951e-06,2.001772535553264e-06,2.5373750328218387e-08,0.03622825416024429,0.0032820932498586588,0.813421197129338,0.14706323710773272
TCGA-HW-7487-01A,epic,0.47707981545709904,0.006872123775287046,2.838885610165798e-08,3.4084546072518867e-07,5.571443791938079e-05,0.03952722371862533,0.2794012792610108,0.19706347411574152
TCGA-HW-7489-01A,epic,0.7459226708334541,6.721190963914871e-06,5.976517193489049e-07,7.54396983799852e-05,3.5256052797682685e-09,1.0429036415015009e-06,0.06228246384590545,0.1917110603503305
TCGA-HW-7490-01A,epic,0.9240357892226132,2.2140045699421775e-06,8.350809783272815e-08,5.0813401723738174e-05,6.509893306013128e-06,4.400986221461117e-05,0.0003005415871861718,0.07556003852028845
TCGA-HW-7491-01A,epic,0.31472961858371873,0.04181352029177577,2.8778552615024944e-08,2.2176186586943976e-07,0.06881308064520027,0.15718377915342618,0.2878744490703979,0.12958530171506258
TCGA-HW-7493-01A,epic,0.8288656165228445,1.3765051314623785e-05,4.716177575795072e-08,3.1667765567772344e-05,1.266816954276088e-06,4.0482256229501604e-07,8.227082476258021e-08,0.17108714958815596
TCGA-HW-7495-01A,epic,0.1409124944761622,0.00962056223222558,2.9350928806739745e-06,2.8190947419077998e-08,0.0040192318548128965,0.03884793488689004,0.5878626805581696,0.21873413270791162
TCGA-HW-8319-01A,epic,0.6833647831286536,0.0020114607165137603,6.873588584624356e-07,1.1588151126195627e-06,8.079552432787573e-06,1.2629729943617619e-05,0.16283141637833382,0.15176978432015123
TCGA-HW-8320-01A,epic,0.9213057002160463,1.5803004611485823e-06,2.1355182736837626e-05,8.653502231322445e-07,3.308425148922385e-08,8.596440300351668e-08,0.0005651843101160127,0.07810519559176199
TCGA-HW-8321-01A,epic,0.6214648982105142,0.027316394957122705,7.668336373240408e-07,9.127158240537909e-06,3.80090154328593e-07,0.08927814023586506,0.1860576672406357,0.0758726252738302
TCGA-HW-8322-01A,epic,0.5335893505383106,0.056115734113516245,1.876203202827328e-08,1.1869863222455873e-08,0.011365173927306734,0.07445828762763028,0.21683568374215792,0.1076357394191831
TCGA-HW-A5KJ-01A,epic,0.48426795766476805,0.0013401620459602833,2.1312457587681374e-08,6.471497265408363e-08,0.16515990662505917,0.2812876790872882,0.025521865006292863,0.04242234354320127
TCGA-HW-A5KK-01A,epic,0.5644521571391404,2.6820663178942735e-07,1.4849255340044174e-08,1.5819138705555656e-05,2.9725238394231007e-06,0.00020315338355870286,0.26127012436087843,0.17405549039799031
TCGA-HW-A5KL-01A,epic,0.7103996687210532,0.008129140757923717,1.145970996648825e-07,3.217134405351812e-06,2.1221055871153413e-05,0.00114221570084871,0.16272620146453431,0.11757822056826386
TCGA-HW-A5KM-01A,epic,0.8321877220910389,0.09290754911011857,3.2143057460868476e-07,8.244814060714717e-09,2.514842354198471e-08,5.1881616967338445e-05,5.9084426611688064e-08,0.07485243327363639
TCGA-IK-7675-01A,epic,0.7911761894384379,3.4025815980338443e-06,7.648263282106744e-08,1.8315574401942466e-06,8.73540553634808e-09,3.045051663721028e-05,0.11785769379388909,0.09093034689395917
TCGA-IK-8125-01A,epic,0.8103832655758636,2.7531659161554744e-05,5.045520607787706e-05,9.258192680749755e-09,3.67295900171913e-07,1.5942399033624887e-06,0.022172624834829006,0.16736415193007173
TCGA-KT-A74X-01A,epic,0.7109481159441444,7.547805995846376e-06,2.320823214910018e-07,5.604772572727394e-08,0.0001623471246672349,6.993850125405978e-06,0.19681176793636418,0.09206293920865564
TCGA-KT-A7W1-01A,epic,0.9188684779537478,6.340035874943138e-07,2.1398892021360838e-08,3.898218494219455e-06,2.872364678745882e-06,3.2959188884412963e-07,4.083505934593512e-06,0.08111968296277614
TCGA-P5-A5ET-01A,epic,0.2812150456366967,0.013089481583819541,3.6798981211207983e-07,3.0572890169271194e-06,0.024527736399073796,0.04646502475566622,0.4396451181806398,0.19505416816527482
TCGA-P5-A5EU-01A,epic,0.8908053708039723,0.044588002847345015,8.762207431981549e-05,3.720803432039261e-08,4.207569650200255e-05,6.960630434934805e-06,0.0004269178187150862,0.06404301292067664
TCGA-P5-A5EV-01A,epic,0.8303824613480534,3.2115777298252205e-05,1.350799216616893e-05,6.700048550037351e-06,4.0304234099292093e-07,1.110089371935697e-06,0.003831182187324059,0.16573251951489515
TCGA-P5-A5EW-01A,epic,0.7750576315556605,1.863365122183799e-06,6.277071584093006e-08,1.8196867788855426e-07,1.2727320183470326e-06,5.281175355476068e-09,0.03939995230007133,0.18553903002655855
TCGA-P5-A5EX-01A,epic,0.8652758626484247,7.095016273389386e-06,2.2491897293863308e-06,5.853333884688935e-05,7.061045558101938e-07,1.7737175640809423e-06,7.74535795197269e-06,0.13464603462665367
TCGA-P5-A5EY-01A,epic,0.6118794799514508,8.372221586997643e-07,0.00024972473775717593,7.449008226205429e-07,0.0010071273399059055,8.270803150346436e-06,3.1847219031543304e-06,0.38685063032285133
TCGA-P5-A5EZ-01A,epic,0.2305365206205595,0.05558104906670588,0.00011483493638446976,2.0079927903534956e-06,0.05992080839197032,0.05801942709942354,0.5027264313744825,0.09309892051768344
TCGA-P5-A5F0-01A,epic,0.7331175679004444,1.9390759096697722e-07,1.4912969826214391e-05,0.00012119646753723923,1.2954874678623475e-10,2.6673672007450422e-06,0.010452030189841555,0.2562914310680102
TCGA-P5-A5F1-01A,epic,0.8588608125553736,1.6269081629428612e-05,1.8656182341067222e-05,1.5358193346086257e-05,7.974298400249113e-06,1.2764239885854926e-05,1.0483198476498514e-08,0.14106815496582525
TCGA-P5-A5F2-01A,epic,0.7017008445345456,3.45319868633142e-06,1.6970867107849947e-07,0.0001352372088593418,2.298613702632306e-06,0.00014016987582008393,0.10505322771353144,0.19296459914618344
TCGA-P5-A5F4-01A,epic,0.2263852011806973,0.039122409088822904,2.3705140772365396e-06,5.162813852230864e-07,0.08638108900005972,0.13593268354326907,0.2454116061139967,0.26676412427769186
TCGA-P5-A5F6-01A,epic,0.4680672165804347,0.178387517395328,2.5190603477901332e-05,2.305600622378751e-05,7.16264670684499e-09,0.23407676779045344,5.417348572420449e-10,0.11942024391970045
TCGA-P5-A72U-01A,epic,0.02189831228596402,4.262673824694473e-05,2.4287816002526735e-05,0.014516818533047187,0.0008102803163730949,2.0744943610862346e-05,1.5705945131359544e-05,0.962671223421624
TCGA-P5-A72W-01A,epic,0.8719521459580464,7.201253340653905e-05,3.8354482869196265e-07,3.964282490499881e-09,5.404019464507578e-06,4.5339809403990445e-07,7.212029975680045e-06,0.12796238455190176
TCGA-P5-A72X-01A,epic,0.8300449708644018,1.6305332082501834e-07,0.0007829012025454959,0.00040148417713984014,5.278011760713433e-06,1.2646574499402642e-05,5.805313253180734e-08,0.16875249806319936
TCGA-P5-A72Z-01A,epic,0.6737374933469618,1.7607866320579031e-06,1.872980226622215e-07,3.831708134679752e-09,3.407691300318264e-05,0.07869630247061345,0.24752976175869243,4.1359436614605034e-07
TCGA-P5-A730-01A,epic,0.7261162393901053,2.3860827531078616e-07,1.3246720985606348e-05,2.966565162687535e-07,5.183015197192868e-09,7.663035011461341e-07,0.20152175384249008,0.07234745329511108
TCGA-P5-A731-01A,epic,0.8894753630063015,6.230160277404909e-07,9.528673387493699e-08,9.524087219233564e-05,1.3498876360786176e-06,6.4638181185951725e-06,0.0003181984480793655,0.11010266566491068
TCGA-P5-A733-01A,epic,0.5301331759352673,0.06006985346795368,3.4531446015379137e-07,6.720853390308799e-07,0.05164300746397221,0.11206171022595739,0.024152665614273077,0.22193856989277722
TCGA-P5-A735-01A,epic,0.7536022412725312,1.5976066414682189e-06,3.0031763058563446e-07,2.7779886736495452e-05,2.8149309889693234e-06,0.000255013014375401,0.10961480781477065,0.13649544515632525
TCGA-P5-A736-01A,epic,0.8911255793627898,1.4540979771129934e-07,2.666786367899725e-07,1.1638357907000067e-05,7.888330165295859e-08,4.994982260509291e-05,0.00013129632412733113,0.1086810451608346
TCGA-P5-A737-01A,epic,0.8746895314371065,1.2599539896947113e-06,2.598499072656616e-06,0.0002183993424034211,0.0011252125878584399,4.2113763645579764e-06,0.04463760975990447,0.07932117704330016
TCGA-P5-A77W-01A,epic,0.20844759398204274,0.00851314901288167,3.0303745162195407e-07,3.6017176667310814e-06,0.341081629793889,0.18347487313210933,0.17139474319485737,0.08708410612910146
TCGA-P5-A77X-01A,epic,0.7552779268891515,1.3849549564292247e-05,2.7509895164181563e-08,4.006188987376618e-08,9.599850468425307e-08,4.912964012742e-08,0.03318773071317999,0.2115202801481744
TCGA-P5-A780-01A,epic,0.5335859904377867,0.05609814329933556,3.1822526957825854e-07,3.445782157369083e-07,8.967952458437586e-05,0.05194593619086394,0.27152184042172484,0.08675774732221934
TCGA-P5-A781-01A,epic,0.5639230741321414,1.0623715632767662e-06,7.81547285430405e-07,3.8526435545057245e-08,1.847078211306147e-08,0.0007915564315736885,0.23668057694238095,0.19860289157783761
TCGA-QH-A65R-01A,epic,0.4943997994029307,0.0167252347781221,4.704759405388838e-06,4.5086459619232596e-08,0.12156960660312098,0.2596535074524317,0.0670787619450032,0.04056833997252618
TCGA-QH-A65S-01A,epic,0.563021803610503,1.0038577343622069e-05,0.00014602548844924913,0.0002530378313651074,7.70372146662553e-08,7.293295341363755e-06,0.30577315748686773,0.13078856667291525
TCGA-QH-A65V-01A,epic,0.5755750747185773,1.1203929563995226e-07,8.801116821907044e-05,1.0754365289791561e-07,1.5788994994117947e-08,1.920014629431874e-06,0.29287159649645783,0.13146316223017285
TCGA-QH-A65X-01A,epic,0.7741468728368566,3.877301775020961e-06,4.891048995534953e-08,3.390071960232096e-08,0.021871419440853853,0.14361525598206518,1.0239289816974255e-08,0.06036248138794989
TCGA-QH-A65Z-01A,epic,0.7428596811799602,2.88334331512411e-07,8.15694893633628e-05,8.932084159285096e-08,0.00041811958573496595,1.0370356214753165e-06,0.0869837856099375,0.16965542944420944
TCGA-QH-A6CS-01A,epic,0.0996782723455789,2.4622989485694527e-06,1.665628822372159e-05,7.174950416999749e-09,4.8492272327567e-07,1.5003615016050321e-05,1.3317740644617208e-05,0.9002737956139144
TCGA-QH-A6CU-01A,epic,0.6737113590604918,2.8461292917849868e-08,2.81265023473283e-08,5.155355392353614e-08,8.368380148523042e-08,5.04599296007858e-06,0.14941406733011464,0.17686933579128272
TCGA-QH-A6CV-01A,epic,0.882861500287574,8.194577633893394e-06,3.6419028761721965e-05,2.979196638919439e-07,7.852819888741775e-08,1.0236208475005484e-06,0.054385271135924215,0.06270721490139584
TCGA-QH-A6CW-01A,epic,0.9297749570193522,0.0002752108873315872,2.4546325916267734e-06,1.740486154423895e-06,8.031567800520117e-07,9.080773082921584e-06,3.443628005209103e-07,0.06993540868190676
TCGA-QH-A6CX-01A,epic,0.4252843260345288,6.456390681413707e-08,1.362273250160397e-06,5.057176753592573e-06,1.278118859437803e-06,5.097788413808069e-05,0.08424443121402111,0.4904125027345419
TCGA-QH-A6CY-01A,epic,0.17723865247038595,0.01021535635909422,3.5909868544456036e-08,5.429884961565822e-07,0.03196734981004625,0.037314426159151065,0.4870623355065813,0.25620130079637654
TCGA-QH-A6CZ-01A,epic,0.7022020606530828,9.594893243725373e-07,6.902909341530459e-08,8.252834858667882e-09,2.2962609897586013e-07,0.0018403039946257751,0.12640160532295436,0.1695547636319854
TCGA-QH-A6X3-01A,epic,0.7107093456879243,0.010229358370091849,6.967738213941917e-08,1.3841303389287294e-07,1.6433093672904943e-05,0.0033767973702413558,0.17445527224102397,0.10121258514662955
TCGA-QH-A6X4-01A,epic,1.6036602407114735e-08,0.03913472497208967,3.1666395177680954e-07,0.00010868506029124854,0.11184625542934963,0.07503751079663995,0.5687171899489024,0.20515530109217284
TCGA-QH-A6X5-01A,epic,0.3233921894611116,0.04746231277316112,0.026567244837260563,0.0016828876737957198,3.2034073261020406e-06,3.565419751310091e-07,0.3603350460253699,0.24055675927999984
TCGA-QH-A6X8-01A,epic,0.23122136112352124,0.0564513320439399,3.147799485782147e-07,6.720728174810278e-08,0.005942499388022545,0.07601693046229555,0.3916001208312528,0.23876737416373783
TCGA-QH-A6X9-01A,epic,0.8350135913065002,7.260323916388772e-07,4.826627279881399e-09,5.525614824777386e-06,6.114845292077583e-05,5.152915598060494e-06,0.004127048510316382,0.1607868023408208
TCGA-QH-A6XA-01A,epic,0.6299383050683682,1.996033003236833e-05,2.5634538462891848e-08,1.9054794759718932e-06,1.955785931001298e-06,1.5949595239559187e-05,0.22186454656555005,0.14815735154086446
TCGA-QH-A6XC-01A,epic,0.7772433972812488,5.4883290105265246e-05,4.9022558306371215e-08,7.635954752138714e-08,1.3378946112785337e-09,6.556675400807207e-06,0.00014389851993693899,0.22255113751330782
TCGA-QH-A86X-01A,epic,0.8607506950790608,6.07861426523595e-07,0.00016213938251245953,3.668248479150731e-05,0.00020287940037384982,1.0847401188620126e-07,1.0136393467806301e-08,0.13884687718142966
TCGA-QH-A870-01A,epic,0.869469083884099,2.794812462822176e-07,1.6632829196534606e-07,1.4277560098959145e-05,0.0001079031550085417,2.59484230679317e-06,0.0028185969030785443,0.12758709784586986
TCGA-R8-A6MK-01A,epic,0.7664907574993062,7.408804354339255e-07,3.1703493471209677e-07,0.00021523207274989334,2.5156701639060735e-06,1.95767038880939e-06,0.09606321318789736,0.13722526598412363
TCGA-R8-A6ML-01A,epic,0.7749507418903402,2.2011855245574563e-07,1.0209387580296696e-05,2.284526422915535e-07,2.2181184754706737e-07,0.000113702761602291,0.09097424886657954,0.1339504267108553
TCGA-R8-A6MO-01A,epic,0.12003487334165427,0.035563259686000125,2.1337059735214546e-08,5.049101627437905e-07,0.08213790905512251,0.14645913960403792,0.4378552909388846,0.1779490011270782
TCGA-R8-A6YH-01A,epic,0.939025893884202,0.0001397801724680803,1.3420881922623619e-06,2.0050692716842994e-06,3.950566610159935e-05,1.0216497748652052e-06,0.00043471190796478,0.060355739562024745
TCGA-RY-A83X-01A,epic,0.32382887406180727,0.01716509707443022,1.0397512785616138e-06,8.152937865145439e-07,0.0021454305571473493,0.07579240902419132,0.4009678591745279,0.18009847506283092
TCGA-RY-A83Y-01A,epic,0.8906051232300384,4.991627554668233e-07,5.968373606303879e-06,1.2178110746543753e-07,6.662885801961644e-05,1.7631986201741562e-05,0.014368702948986515,0.09493532365928448
TCGA-RY-A83Z-01A,epic,0.931396633510047,1.3332691502392465e-06,5.518644159627365e-08,0.00017309692216470847,0.00014879793962571872,0.00028212237905687166,6.537158889889466e-07,0.06799730707762491
TCGA-RY-A840-01A,epic,0.8973536507252454,1.7794663459407695e-07,1.3372651663487929e-05,5.5992050595703606e-08,1.533827517541032e-05,0.0005206770501480671,0.004509055391498212,0.09758767196758421
TCGA-RY-A843-01A,epic,0.7371128283504162,3.058033285137578e-05,5.151514704052159e-06,7.574471837449283e-06,5.185022385664297e-07,4.963845539898692e-05,0.07046525348699842,0.19232845488555486
TCGA-RY-A845-01A,epic,0.8353715145869798,2.4252095140366675e-05,2.2906673915194357e-06,1.452433939701804e-07,7.123455787285097e-05,0.0015670354998650498,0.04906201350526009,0.1139015138440963
TCGA-RY-A847-01A,epic,0.7327669582229672,0.013573733709262792,4.267022501416223e-07,0.0002543967364452367,2.3017604377440652e-07,0.0011475406047736323,0.08533086392410945,0.16692584992414783
TCGA-S9-A6TS-01A,epic,0.8532803681627866,0.00016223146745282524,2.1797302070836962e-06,7.139102433107601e-07,1.5766437059311766e-07,1.3755896097104303e-07,0.04163673448852536,0.10491747701745326
TCGA-S9-A6TU-01A,epic,0.6403238759141926,0.06790231772586477,1.7871271268269827e-07,9.473779656694164e-08,3.7010454219525818e-09,0.039594690895039045,0.16002296218732162,0.09215587612602734
TCGA-S9-A6TV-01A,epic,0.8690800409416573,0.00015597280157026293,3.0541308554550726e-06,1.2253702870394548e-06,1.9597281819903425e-08,0.00015705103165855578,1.7225266738176345e-08,0.13060261890142302
TCGA-S9-A6TW-01A,epic,0.3832344300673825,0.029882987590143677,6.245509883381235e-08,6.007490543448374e-09,0.11286945085594463,0.35618212200128907,0.06474693444678437,0.05308400657586635
TCGA-S9-A6TX-01A,epic,0.4537038835891657,1.0964102457684401e-06,2.4704827951210945e-08,0.001161819743369746,4.258087548725022e-08,0.0311340897642719,0.3258478647193949,0.1881511784878486
TCGA-S9-A6TY-01A,epic,0.2148211492105007,0.014274653913040806,2.676718202625164e-08,4.945069024177598e-09,0.15326748249226346,0.09153088229186489,0.36702479197123217,0.1590810084088469
TCGA-S9-A6TZ-01A,epic,0.891572802996047,6.330841024284411e-08,2.388061348437291e-07,3.728646454317515e-05,1.2653925506464605e-07,8.183925737710966e-08,8.880656531598807e-08,0.10838931123978697
TCGA-S9-A6U0-01A,epic,0.8533328088395244,1.6544652814734026e-05,4.7430520042313427e-07,3.239648887963063e-06,9.443661169412323e-09,1.0958527012990548e-08,3.429675725977051e-07,0.1466465691838117
TCGA-S9-A6U1-01A,epic,0.0164369392695711,0.09124724187862676,3.490069220068584e-07,1.2578598369517694e-07,0.11681987988561235,0.11268654399547275,0.5187857952061415,0.14402312497166989
TCGA-S9-A6U2-01A,epic,0.8651090394502039,1.4656846980285587e-06,1.3660173016568925e-07,0.00014969654945761143,3.070849383832098e-08,6.461373574392559e-08,3.7779840488919624e-05,0.134701786551192
TCGA-S9-A6U5-01A,epic,0.736132409696479,2.70841699802388e-05,1.6850700016391248e-07,3.326798605453523e-05,5.645576807240474e-06,1.1842405559645101e-05,2.811231492188896e-06,0.263786770426627
TCGA-S9-A6U6-01A,epic,0.5987993980414008,0.10839983401344198,1.3628870083635695e-07,1.747953202712357e-05,1.1000689410429966e-06,0.08674240118824829,0.056693342635114746,0.14934630823212508
TCGA-S9-A6U8-01A,epic,0.6175804744414799,2.160100808511778e-05,0.00030676655114499556,2.0789281658811124e-08,8.570804078344886e-06,4.093997592606124e-07,0.2878837427630784,0.09419841424309246
TCGA-S9-A6U9-01A,epic,0.7612264000169446,9.702721438307512e-07,0.00031494307037970866,8.223361669629191e-08,1.4599621085351687e-06,5.719216161339285e-07,0.14463354869297193,0.09382202383021845
TCGA-S9-A6UA-01A,epic,0.8656117550770575,0.08843270702706557,0.0002379843085960402,5.120553855452398e-06,2.256782351721929e-07,2.3993916414982716e-05,2.4738827751486976e-07,0.045687966050497755
TCGA-S9-A6UB-01A,epic,0.1473232417277423,0.0011006327116765916,6.499749132902847e-06,5.583366838031009e-06,0.20749031698695267,0.09940157218034726,0.39230386037156684,0.1523682929057433
TCGA-S9-A6WD-01A,epic,0.711686638844413,5.940438291605759e-07,4.792450497686906e-05,9.82457782948666e-06,2.7213438777188524e-08,1.9923470105323984e-06,0.2099235845567737,0.07832941391172851
TCGA-S9-A6WE-01A,epic,0.7870384644540392,8.618939643007242e-06,9.026494171958955e-07,0.00020847131594101413,8.895036324380685e-06,8.1203828424429e-07,0.10250148870600558,0.11023234686034533
TCGA-S9-A6WG-01A,epic,0.8209450962224101,7.805490040179307e-08,5.889226990921477e-07,1.9468660495383956e-05,0.00012695827744669232,0.12575924490005697,4.239879024797631e-08,0.05314852256320106
TCGA-S9-A6WH-01A,epic,0.3463153931540145,0.04111561135034082,1.8381538452498562e-07,3.371882070996054e-08,0.2587110471070292,0.20038828498012898,0.08097921746181425,0.07249022841246705
TCGA-S9-A6WI-01A,epic,5.86230584984404e-07,3.1267576047130924e-07,1.1226372667923177e-06,6.083322009702465e-08,0.09889964237546196,0.06350143089444422,0.573125642091839,0.26447120226142234
TCGA-S9-A6WL-01A,epic,0.7134296862455894,1.964318213082216e-06,7.453679814191247e-08,3.2824277252624474e-05,1.4661546345708015e-06,0.13244981488959554,2.5253198373296185e-07,0.15408391704593286
TCGA-S9-A6WM-01A,epic,0.8628905708471106,0.0019463896123599054,4.099912614575778e-07,1.836505932502911e-05,9.241013577525995e-08,2.3215958600961506e-07,2.5358574097543734e-08,0.13514391456164712
TCGA-S9-A6WN-01A,epic,0.5634591903526889,3.0105366758947e-07,9.572278063934373e-09,6.211828505470982e-05,2.0693337865375195e-07,7.589392883775119e-05,6.990974341645314e-07,0.43640158077666025
TCGA-S9-A6WO-01A,epic,0.9390612462237029,3.871195871735255e-07,1.7920461073957264e-06,8.459807737429074e-05,1.8954642641665476e-08,2.5994648778067233e-06,0.0056604450303739525,0.05518891308333388
TCGA-S9-A6WP-01A,epic,0.5863238386534724,0.023807292757832284,3.38325731886075e-06,9.035963289175684e-08,6.338763271265297e-09,0.053098380871804046,0.22389014997245424,0.11287685778872188
TCGA-S9-A6WQ-01A,epic,0.4388732168094795,0.06180504611918156,1.1174461300971008e-06,9.826804537401027e-05,0.0004480726180873188,0.00841204950137564,0.32931845898061335,0.16104377047975862
TCGA-S9-A7IQ-01A,epic,0.6786932982788203,1.9153545654831933e-07,7.821700930793936e-08,6.598817369780061e-05,4.0503852717273325e-08,0.0007230263745215806,0.03898228562610182,0.2815350912905397
TCGA-S9-A7IS-01A,epic,0.09312586841064986,0.08118108900825564,1.2555849270978074e-08,1.5559643998004433e-06,0.1748732260146249,0.2765345983255073,0.31476331634578286,0.05952033337493045
TCGA-S9-A7IX-01A,epic,0.8849005329047115,1.3506670479977654e-05,2.6904872124790146e-05,7.463229570013048e-06,1.5413896538589858e-05,3.047342727985631e-05,9.410576700567102e-05,0.11491159923228969
TCGA-S9-A7IY-01A,epic,0.7973286218992688,1.2510164392943337e-05,5.854422987197641e-08,7.350419706013636e-08,1.0826306897959296e-08,7.1732233788153015e-06,2.922152106082198e-06,0.2026486296861196
TCGA-S9-A7IZ-01A,epic,0.86991924682219,0.0006856806827729511,2.6944486093405577e-05,1.9953889387219235e-07,0.000406142166732936,9.708329205482403e-06,4.01804448604874e-08,0.12895203779366643
TCGA-S9-A7J0-01A,epic,0.844351424374126,1.3024919985857605e-05,2.3377462470576588e-07,1.472355382432068e-06,4.6106544177590056e-05,8.486779025137771e-05,0.0667575448237811,0.0887453254176708
TCGA-S9-A7J1-01A,epic,0.5209466363667198,2.1094339972187188e-09,1.4448982206485669e-07,0.0018283817513541703,9.374126462052974e-09,2.7998124869229797e-06,0.24249654270737722,0.23472548338867935
TCGA-S9-A7J2-01A,epic,0.852143271616737,3.313920149504792e-06,2.225011343819247e-06,7.181787093249248e-08,9.584298383142958e-09,3.7050186143782716e-07,0.00026059447938937537,0.14759014306834953
TCGA-S9-A7J3-01A,epic,0.5430000863694626,1.6242092032057664e-06,1.583113253938856e-07,1.40647631751668e-07,1.8511275632614277e-06,0.000291802159919674,0.2534370882168908,0.20326724895800335
TCGA-S9-A7QW-01A,epic,0.715022517615045,0.030096131416590056,6.857340427218129e-06,7.832986822741942e-07,0.03130475378005524,0.05936830226511871,0.07985502181223197,0.08434563247184933
TCGA-S9-A7QX-01A,epic,0.8396070710336586,0.0506816842612847,1.3701133001773305e-07,1.8356988988562555e-06,3.666409976509402e-05,0.010062465671767879,0.06458334250947806,0.035026799713817044
TCGA-S9-A7QY-01A,epic,0.26116547617319325,0.020795730814536773,1.8414689767623633e-06,1.856158248519089e-06,0.02899202419164162,0.06924057086591952,0.45225412159093215,0.1675483787365515
TCGA-S9-A7QZ-01A,epic,0.295677370552575,0.015377663893763454,7.662650985376186e-08,5.794434085872724e-08,0.1460622967793174,0.19647601873131484,0.17731987395571386,0.16908664151646485
TCGA-S9-A7R1-01A,epic,0.905377322915688,9.91660161555282e-05,1.8601807222762377e-08,6.044909054438909e-08,2.117194832054576e-05,5.778607203682711e-05,1.502922896168883e-07,0.09444432370461175
TCGA-S9-A7R2-01A,epic,0.6337072207989184,9.403591990748517e-08,3.5063429235991114e-07,3.4967739955814004e-06,6.237404990842782e-06,1.3814608112653513e-06,0.23780333606115264,0.12847788282991904
TCGA-S9-A7R3-01A,epic,0.7648060812646057,0.00014673136016479864,7.407812857521204e-06,8.685218061762331e-07,1.9011115605626914e-08,0.0002535117477728245,0.08602569136986822,0.14875968891180935
TCGA-S9-A7R4-01A,epic,0.6235115235870212,0.07988439243401171,7.073139750385068e-07,0.0007094417283260785,3.488330617277099e-07,0.22285367923574967,0.0003100792582329976,0.07272982760962164
TCGA-S9-A7R7-01A,epic,0.8502313567334644,4.652180891803604e-05,3.2551475814505985e-07,3.8817996739991264e-07,3.591217470962855e-07,0.0004177479553160542,0.0002733084989676999,0.1490299921868611
TCGA-S9-A7R8-01A,epic,0.39269650468981754,0.10678236205166303,1.1502921576920867e-07,0.00034641478658333804,0.04826820197790846,0.09344479072314431,0.286905908820138,0.07155570192152955
TCGA-S9-A89V-01A,epic,0.9051473583310286,2.3183576242767275e-07,6.818835392578349e-05,1.975101513531491e-06,4.203781359127566e-06,2.4876596876957216e-07,4.8077244720594836e-08,0.09477774575319714
TCGA-S9-A89Z-01A,epic,0.8857856380859678,8.880994555651998e-07,2.050794027389255e-06,6.891038196118326e-08,9.509702340492332e-07,2.0180414306374915e-06,0.0354911535701897,0.07871723152831286
TCGA-TM-A7C3-01A,epic,0.8468898902435483,2.2550952067187146e-06,1.6853070962813445e-07,4.140545171632214e-10,3.6217989819953165e-08,3.332699166266466e-05,2.014635677729795e-07,0.15307412104326049
TCGA-TM-A7C4-01A,epic,0.8293595979677921,2.4316091386790266e-06,4.822948983933427e-07,2.2325161651089786e-05,3.175635708042736e-05,4.1813076335828655e-06,7.527351685337883e-06,0.17057169795012037
TCGA-TM-A7C5-01A,epic,0.47108212694547297,0.021425440680152317,1.1127109521878348e-08,4.2888077740069456e-08,0.20713009981387862,0.18565680839110224,0.06382196758489002,0.050883502569316584
TCGA-TM-A7CA-01A,epic,0.4108716530519409,0.06982090718416388,4.584633990892914e-08,2.1593649977401026e-07,0.03219128136941956,0.09101821221054451,0.25593971987918,0.14015796452191154
TCGA-TM-A7CF-01A,epic,0.7475091230124421,8.06108654840942e-05,8.519670756737309e-05,1.0278472066987465e-05,1.3352475194157903e-07,0.00022290433356987504,1.49431049545936e-07,0.2520916036530682
TCGA-TM-A7CF-02A,epic,3.2476063576369473e-07,3.7258034820133362e-06,1.7543487063477034e-06,0.0003649653454868119,0.05763125298943919,6.004074814108855e-05,0.735933461545363,0.20600447445874603
TCGA-TM-A84B-01A,epic,0.838055668169093,7.973254346214013e-05,2.040683079785899e-08,3.680521052678186e-08,1.9208868069633468e-05,5.333370888991327e-07,5.055891321592807e-07,0.1618442942811128
TCGA-TM-A84C-01A,epic,0.8638306885593033,1.1813165457048254e-06,5.51157958937468e-06,6.582731471084226e-07,1.6926953742096253e-07,5.4227381455917e-05,4.345078789507709e-06,0.13610321854163174
TCGA-TM-A84F-01A,epic,0.8837132915278055,1.1725513221907559e-06,4.63192511678219e-07,5.315942110242228e-05,4.057350423398174e-09,1.122735406243942e-07,0.007382836068427883,0.10884896090793916
TCGA-TM-A84G-01A,epic,0.8636426982924263,2.2242486417936343e-05,6.294352257590575e-08,3.6809243551816314e-07,6.099575706283381e-08,0.0275294144712595,0.012674848054158135,0.09613030466402278
TCGA-TM-A84H-01A,epic,0.8574870245243311,0.0003320212778933595,1.5993286957860847e-08,0.00019756471758579914,9.87252973615691e-07,6.296965725075726e-08,8.149721886838621e-09,0.1419823151145499
TCGA-TM-A84I-01A,epic,0.9778894760072001,9.960945217237957e-06,0.00019551113369558595,2.139768627305703e-05,3.36027315990568e-05,0.0013767578987998804,1.05486724674739e-07,0.020473188110490374
TCGA-TM-A84J-01A,epic,0.7300331669999525,0.035821013856017006,1.6744221393720785e-08,2.9945218433371877e-05,0.011540265050634945,0.20766733888566874,1.0570737647323026e-08,0.014908242674334295
TCGA-TM-A84L-01A,epic,0.8102881883244066,7.875706537777777e-09,5.133031318903245e-05,1.3081267786667968e-05,1.1528318344452653e-08,0.0003445453099500988,0.11138955439198313,0.0779132809886597
TCGA-TM-A84M-01A,epic,0.8156346433075892,9.231621789899594e-08,2.280897760370221e-06,7.1940896031663e-08,1.5540893164955727e-07,0.002112220627061863,0.11918234908436873,0.06306818641717418
TCGA-TM-A84O-01A,epic,0.8340940468446024,6.113265592276736e-06,0.0006037286170624797,4.342925096224646e-07,8.980686462278548e-06,1.064670790222608e-05,0.07764700353241971,0.08762904605344889
TCGA-TM-A84Q-01A,epic,0.7564149638919273,0.05770405642933098,8.222025821378627e-06,4.640783581339379e-06,3.3881411124886796e-09,2.4063147852021363e-06,0.1222633892783364,0.06360231788807641
TCGA-TM-A84R-01A,epic,0.17237674267447625,5.28209325991129e-07,4.447377482196635e-07,8.741821564171486e-08,0.05211427998402072,0.06036797474483636,0.37928080104017725,0.3358591411911996
TCGA-TM-A84S-01A,epic,0.7781713495688547,2.5601642925821364e-05,1.368442244191717e-07,1.451157315833633e-07,2.1076721038286667e-07,5.816744516301488e-06,0.012753333548414137,0.20904340576812266
TCGA-TM-A84T-01A,epic,0.4562979025360335,0.08412983797647909,2.7608637615358404e-05,5.18243180668203e-08,0.06629580911739473,0.0911972230777487,0.20632266687167303,0.09572889995873766
TCGA-TQ-A7RF-01A,epic,0.8645517814249521,1.119444601356122e-06,1.2609611359670326e-06,1.1747966851237678e-05,1.3448854041182083e-05,0.00042902727094692604,0.00582050014280452,0.1291711139346667
TCGA-TQ-A7RG-01A,epic,0.8001067162053453,9.742373228681551e-08,1.096216253506479e-07,4.7593066842637165e-06,0.0002080779101777313,4.670809033290969e-05,0.06483766260765987,0.13479586883444228
TCGA-TQ-A7RH-01A,epic,0.821943825690304,0.015524704521043767,1.0023513421743122e-06,9.341435160076853e-07,5.4431292430706475e-06,1.3661243064047176e-05,0.07331030561617684,0.08920012330531021
TCGA-TQ-A7RI-01A,epic,0.5561268272402375,0.00015638925726574535,3.771091854667634e-09,7.387299923038568e-06,7.602799514047075e-09,0.001039528151907557,0.25560254659802956,0.18706731007874527
TCGA-TQ-A7RJ-01A,epic,0.8711244681229161,4.48867538982893e-05,4.2611574788810744e-06,9.070903984041396e-08,2.178123800365202e-06,2.3244611475412936e-06,0.006217972905969661,0.12260381776574938
TCGA-TQ-A7RK-01A,epic,0.8655415231811099,0.00015854995115007216,2.449799255087161e-07,5.392147074593656e-05,1.337126831389549e-07,3.034907401834886e-06,0.07273058537198963,0.06151200642499389
TCGA-TQ-A7RM-01A,epic,0.8405168678735967,8.463997224196e-06,8.316710389584918e-07,3.198128934136248e-05,2.323593583870916e-06,6.539480286709243e-07,0.13630729584026624,0.023131581786920017
TCGA-TQ-A7RN-01A,epic,0.7752106350548795,3.568575055568709e-07,0.000331843679216802,1.7113175779098374e-06,2.2438469054271614e-08,0.007342107943336593,0.1104063070753331,0.1067070156336814
TCGA-TQ-A7RO-01A,epic,0.6036606446991488,1.537242225699169e-07,2.365748244118966e-06,4.465106890243325e-05,7.109141973641032e-06,0.10072420839356604,4.399478243762477e-08,0.2955608232291599
TCGA-TQ-A7RP-01A,epic,0.618755749250843,3.847722464194032e-05,1.2158725042365592e-08,9.564222597368833e-08,2.8571200243983254e-08,5.431881248856829e-09,0.1661040307577277,0.2151016009627549
TCGA-TQ-A7RQ-01A,epic,0.7860850241046161,7.500384588824876e-08,9.55257507739509e-08,1.2596406846349355e-07,6.437172308799455e-08,0.05829703371740445,1.1118460436671624e-07,0.15561747012798696
TCGA-TQ-A7RR-01A,epic,0.40562101058343036,0.037723021225512535,5.328619647156068e-08,1.205349971988374e-07,4.970177630448111e-06,7.721215480288802e-06,0.38043548434595087,0.17620761863080198
TCGA-TQ-A7RS-01A,epic,0.5910989772950392,7.006325888258679e-09,0.00039491792809009935,6.4657341708177e-08,3.431613377438117e-06,0.021965335648274378,0.22105983053709197,0.16547743531445927
TCGA-TQ-A7RU-01A,epic,0.7495843959463829,3.718067727632123e-07,7.404583130642919e-08,2.76357760971668e-05,8.900318948915966e-07,0.0920569976052947,0.11702329792587884,0.04130633686184748
TCGA-TQ-A7RV-01A,epic,0.6379447652968775,0.0007986915597936637,4.533041019327528e-06,2.4310792532951056e-05,6.291666135639277e-08,0.013000366076816103,0.21727164628362217,0.13095562403267694
TCGA-TQ-A7RV-02A,epic,0.818518868542475,2.590543761614053e-06,1.519723019521663e-05,9.595143910642334e-05,6.162327615634586e-08,3.4381493405681296e-06,0.07242431155287135,0.10893958091897374
TCGA-TQ-A7RW-01A,epic,0.8555317678750575,6.014137941107122e-06,1.704464343233028e-07,2.3559023097210537e-08,2.142662177331078e-09,5.855366832396563e-09,0.05078747175262598,0.09367454423088906
TCGA-TQ-A8XE-01A,epic,0.7336454369534333,0.022985251480600842,2.600454786767531e-07,6.572344335399191e-06,9.938231142953006e-06,0.046281170526776265,0.13176494566809294,0.06530642475013969
TCGA-TQ-A8XE-02A,epic,0.6063245885122769,2.0199212400645828e-06,3.7450009863584723e-05,3.357717500464528e-07,0.00011910154411899525,5.081436910894715e-06,0.2723330175402627,0.12117840526357691
TCGA-VM-A8C8-01A,epic,0.8187783239335636,2.4208021127506675e-05,0.0002699869342036432,9.4196514400026e-05,1.5209621299828433e-07,1.0223960589165975e-05,0.06063621781854686,0.12018669072135617
TCGA-VM-A8C9-01A,epic,0.7601990587498099,5.117520084151852e-05,2.831173595141059e-05,5.136785206271873e-08,9.137741146392422e-06,7.477618186344862e-07,5.135986118461257e-06,0.23970638145646173
TCGA-VM-A8CA-01A,epic,0.5947917477873826,0.0008664020009808014,2.7292908476663095e-07,0.00031118307847694443,0.00044370756874843376,1.5208954623436007e-07,7.184295249543718e-08,0.4035864627028276
TCGA-VM-A8CB-01A,epic,0.8793862207252642,0.000662420641601715,8.105191532868519e-07,2.4208874796937974e-07,4.5337695805613156e-05,0.07842290109266159,4.724423204124057e-09,0.041482062512342516
TCGA-VM-A8CD-01A,epic,0.24379040937153434,0.00020845300493904453,0.00012255298003410552,0.00020022305366124263,0.0015111195698908227,8.359740987231021e-05,5.898417778267884e-05,0.7540246604322853
TCGA-VM-A8CE-01A,epic,0.5197395130400129,1.1567547376480357e-07,0.00021617668015939734,8.292526507971662e-08,3.049358523193733e-05,5.280988929169818e-06,0.3214908287843156,0.1585175083206121
TCGA-VM-A8CF-01A,epic,0.6572945410804986,2.7135913512271585e-08,2.2824877146883015e-08,1.0400377472809996e-08,3.027848063204463e-08,2.0520959824300602e-07,2.7668312129159846e-07,0.34270488638713315
TCGA-VM-A8CH-01A,epic,0.7376497494404154,0.015490878304896025,1.6555289704299073e-05,6.40166160686758e-05,8.134309146482212e-08,3.498845798763923e-06,0.09894538026421316,0.14782983989581228
TCGA-VV-A829-01A,epic,0.9440045521517327,1.2618652051960261e-06,8.720029851152717e-05,2.3222098456222657e-09,4.229248532792224e-06,3.1286888766500997e-07,0.00039409108717454775,0.055508350157745676
TCGA-VV-A86M-01A,epic,0.4916528862042077,0.134323266977349,1.0109682285749241e-05,3.28097420632544e-08,0.2147903952781551,0.15916965284193615,7.950493050545983e-06,4.5705713273566774e-05
TCGA-VW-A7QS-01A,epic,0.6947434236994211,0.07290434728692458,4.258180152132488e-08,5.171743270000298e-05,0.01372596206675907,0.15136710592852626,0.004974159661293979,0.06223324134257345
TCGA-VW-A8FI-01A,epic,0.8206378612788207,9.809942584480004e-06,1.0266136765567598e-07,5.715086095109468e-05,3.374888450805862e-06,2.871091628677206e-05,0.0639247625249606,0.11533822692657797
TCGA-W9-A837-01A,epic,0.651025250971228,0.008225129660909245,6.087529052088408e-08,1.437005852188895e-08,3.2779793358531944e-07,0.025746958033840354,0.06624542649129604,0.2487568317994437
TCGA-WH-A86K-01A,epic,0.8647067252854872,5.430046392827357e-05,4.051300422781259e-05,3.164519361371877e-05,2.673978532855845e-07,9.780678537448381e-06,3.558272364265638e-09,0.13515676441807983
TCGA-WY-A858-01A,epic,0.8483013669594774,8.499701666683384e-06,4.069124665916739e-09,3.437222756112206e-06,0.00012252658504290016,2.199243585107607e-06,0.09000945058302234,0.061552515635324705
TCGA-WY-A859-01A,epic,0.5472583143832983,0.023048426479831588,3.155123526078701e-07,1.672412194464589e-08,2.3033522023534032e-08,0.07825841481339495,0.1468725836726474,0.20456190538083105
TCGA-WY-A85A-01A,epic,0.7053886522780404,0.01682429839999769,5.384000164393752e-07,3.8764224741181293e-10,2.7399524111576123e-05,0.01732925604612436,0.03541825971848908,0.22501159524557818
TCGA-WY-A85B-01A,epic,0.5827989849120041,0.20101940292850018,0.00022695618551603542,3.609417623734623e-07,9.545964313600541e-06,0.05874327521044475,0.11956489369837779,0.037636580159081175
TCGA-WY-A85C-01A,epic,0.7500885627854349,0.07836337470491402,6.216610096266052e-08,9.450622694181287e-05,0.002343676893188924,0.15432536167949348,1.6123115437028105e-05,0.014768332428488892
TCGA-WY-A85D-01A,epic,0.8096702936460404,0.007007844393934287,3.436709833096611e-08,5.647508713037292e-07,2.987450117349216e-08,8.315671568738966e-10,0.008773246401748964,0.17454798573423827
TCGA-WY-A85E-01A,epic,0.9256422611743744,9.67413825754886e-06,0.0004890175768611031,2.2115120725683643e-06,8.86310927379496e-07,5.210980432908712e-06,3.6752534946505997e-07,0.07385037078172442
TCGA-CS-4938-01B,bayesprism,1.0,0.0,0.0,0.0,0.0,0.0,0.0,0.0
TCGA-CS-4941-01A,bayesprism,0.9493751368947095,0.0016309964252619773,0.0,0.0,0.0,0.048993866680028565,0.0,0.0
TCGA-CS-4942-01A,bayesprism,0.9935347055404326,0.0064652944595674985,0.0,0.0,0.0,0.0,0.0,0.0
TCGA-CS-4943-01A,bayesprism,0.986586080786537,0.010934518052718797,0.0,0.0,0.0,6.264802005848081e-05,0.0015803962077933565,0.0008363569328922876
TCGA-CS-4944-01A,bayesprism,1.0,0.0,0.0,0.0,0.0,0.0,0.0,0.0
TCGA-CS-5390-01A,bayesprism,0.9552342973385527,0.0,0.0,0.0,0.0,0.005969228653239308,0.03012817486272014,0.008668299145487775
TCGA-CS-5393-01A,bayesprism,0.9253476189964396,0.02848495926722903,0.0,0.0,0.0,0.002914956524754685,0.021373890582036904,0.021878574629539713
TCGA-CS-5394-01A,bayesprism,0.8979785210035084,0.0027649456756979112,0.0,0.01146093066716488,0.0,0.04208466954006245,0.0,0.04571093311356648
TCGA-CS-5395-01A,bayesprism,0.9787940198377166,0.0,0.0,0.0,0.0,9.411027021014256e-05,0.0,0.021111869892073216
TCGA-CS-5396-01A,bayesprism,0.9651832754861064,0.0007583287551878707,0.0,0.0,0.0,0.0028574140936611734,0.031200981665044588,0.0
TCGA-CS-5397-01A,bayesprism,0.995601122948193,0.0021697162035846196,0.0,0.0,0.0,0.0,0.0,0.0022291608482224476
TCGA-CS-6186-01A,bayesprism,0.9278076465085691,0.002668437513858046,0.0,0.0,0.0,0.0009245602595225642,0.0,0.06859935571805034
TCGA-CS-6188-01A,bayesprism,0.9969455909006674,0.0015153716603225678,0.0,0.0,0.0,0.0005289129046070713,0.0,0.0010101245344029482
TCGA-CS-6290-01A,bayesprism,1.0,0.0,0.0,0.0,0.0,0.0,0.0,0.0
TCGA-CS-6665-01A,bayesprism,0.8964063036857124,0.0602392044798024,0.0,0.0,0.0,0.0007396083925649196,0.03793886934003964,0.00467601410188066
TCGA-CS-6666-01A,bayesprism,0.9630287181794142,0.0022396685874212963,0.0,0.0,0.0,0.026986693625257484,0.0,0.007744919607907046
TCGA-CS-6667-01A,bayesprism,0.9073564435787422,0.01584273222472424,0.0,0.0,0.0,0.050306406317320175,0.0,0.026494417879213458
TCGA-CS-6668-01A,bayesprism,0.985320568226285,0.0,0.0,0.0006773504084592136,0.0,0.0014068557340195258,0.009923673787653879,0.0026715518435823744
TCGA-CS-6669-01A,bayesprism,0.6434929169456997,0.0,0.02124882982667669,0.09625115646100361,0.06642270367825928,0.05810624112042297,0.04996537884545438,0.06451277312248335
TCGA-CS-6670-01A,bayesprism,0.983043916199424,0.0,0.0030973913282219736,0.0,0.0,0.0003683608009321541,0.0,0.013490331671421852
TCGA-DB-5270-01A,bayesprism,0.984825767530764,0.0034292143808649176,0.0,0.0,0.0,1.3910953793012123e-05,0.003668150792796398,0.0080629563417817
TCGA-DB-5273-01A,bayesprism,1.0,0.0,0.0,0.0,0.0,0.0,0.0,0.0
TCGA-DB-5274-01A,bayesprism,0.8522093525975579,0.01202388102757612,0.0,0.0,0.10171816577053197,0.02712842244541581,0.0069201781589183515,0.0
TCGA-DB-5275-01A,bayesprism,0.9999566683525619,0.0,0.0,0.0,0.0,0.0,0.0,4.333164743798054e-05
TCGA-DB-5276-01A,bayesprism,0.9738503399663003,0.003396430286709414,0.0,0.0,0.0,1.3286698063076154e-05,0.018831521813515797,0.003908421235411279
TCGA-DB-5277-01A,bayesprism,0.9203393505135993,0.013070997211585212,0.0,0.0,0.0,0.014021615403917309,0.03640632276636988,0.016161714104528227
TCGA-DB-5278-01A,bayesprism,0.9834010529975319,0.0,0.0,0.0,0.0,0.0,0.007976114102722684,0.008622832899745482
TCGA-DB-5280-01A,bayesprism,0.9965275119860536,0.0,0.0,0.0,0.0,2.0898640123132633e-06,0.0,0.003470398149934058
TCGA-DB-5281-01A,bayesprism,0.9902470193565088,0.0019074524268381673,0.0,0.0,0.0,0.00214408298767421,0.0,0.005701445228978779
TCGA-DB-A4X9-01A,bayesprism,0.9923364535044336,0.00025488412051976635,0.0,0.0,0.0,0.0,0.0,0.00740866237504669
TCGA-DB-A4XA-01A,bayesprism,0.999062290476736,0.0,0.0,0.0,0.0,2.245384482106792e-06,0.0,0.0009354641387818752
TCGA-DB-A4XB-01A,bayesprism,0.9853917841311345,0.004744240265083372,0.0,0.0,0.0,0.0,0.0023108097157497807,0.00755316588803238
TCGA-DB-A4XC-01A,bayesprism,0.9970949938643232,0.0017263655529215238,0.0,0.0,0.0,3.124111666421034e-05,0.0,0.001147399466091094
TCGA-DB-A4XD-01A,bayesprism,0.9933316400673382,0.0,0.0,0.0,0.0,0.0,0.004252146036477324,0.0024162138961845133
TCGA-DB-A4XE-01A,bayesprism,0.9981732419888791,0.0,0.0,0.0,0.0,0.0,0.0,0.0018267580111208065
TCGA-DB-A4XF-01A,bayesprism,0.9999563828295248,0.0,0.0,0.0,0.0,4.361717047517288e-05,0.0,0.0
TCGA-DB-A4XG-01A,bayesprism,0.9771165945865916,0.0,0.0,0.0,0.0,0.004613153029029362,0.0,0.01827025238437897
TCGA-DB-A4XH-01A,bayesprism,0.6387654248773975,0.006956852455007862,0.16358514018605588,0.0,0.006169960047136671,0.04633365828460782,0.07691907877742407,0.06126988537237001
TCGA-DB-A64L-01A,bayesprism,0.9615249508466407,0.003724437540547825,0.0,0.0,9.395944020420775e-05,0.004690596724100075,0.0,0.029966055448507216
TCGA-DB-A64O-01A,bayesprism,0.9994780675858393,0.0,0.0,0.0,0.0,0.0,0.0,0.0005219324141605767
TCGA-DB-A64P-01A,bayesprism,0.9465916838363905,0.007081081280189168,0.0,0.0,0.0,0.0165400841061329,0.015440081577037199,0.014347069200250268
TCGA-DB-A64Q-01A,bayesprism,0.9833554920799452,0.0,0.0,0.0,0.0,0.0,0.0021285198201672064,0.014515988099887616
TCGA-DB-A64R-01A,bayesprism,0.9495332934124291,0.001960047886211293,0.0,0.014657681569037817,0.0,0.006997806322784482,0.007692431101137054,0.019158739708400263
TCGA-DB-A64S-01A,bayesprism,0.9905534554202103,0.009446544579789669,0.0,0.0,0.0,0.0,0.0,0.0
TCGA-DB-A64U-01A,bayesprism,0.8790500292825741,0.0007044113245784724,0.0,0.0,0.0,0.0003521562474181598,0.096458151212309,0.02343525193312025
TCGA-DB-A64V-01A,bayesprism,0.993630785989671,0.0,0.0,0.0,0.0,0.0,0.006369214010328987,0.0
TCGA-DB-A64W-01A,bayesprism,0.9165299548759064,0.0,0.0,0.026978562144792596,0.0,0.023475827272006807,0.026934700691788795,0.006080955015505363
TCGA-DB-A64X-01A,bayesprism,0.9962449667449988,0.0,0.0,0.0,0.0,4.260467399969846e-05,0.0,0.003712428581001403
TCGA-DB-A75K-01A,bayesprism,0.9999855277498332,0.0,0.0,0.0,0.0,1.4472250166798623e-05,0.0,0.0
TCGA-DB-A75L-01A,bayesprism,0.991644220877416,0.004935660805998417,0.0,0.0,0.0,8.424378358339061e-05,0.0,0.0033358745330020682
TCGA-DB-A75M-01A,bayesprism,1.0,0.0,0.0,0.0,0.0,0.0,0.0,0.0
TCGA-DB-A75O-01A,bayesprism,1.0,0.0,0.0,0.0,0.0,0.0,0.0,0.0
TCGA-DB-A75P-01A,bayesprism,0.9936103463732918,0.0,0.0,0.0,0.0,2.462428652976328e-06,0.0,0.0063871911980551786
TCGA-DH-5140-01A,bayesprism,0.9998827585392481,0.0,0.0,0.0,0.0,0.00011724146075199114,0.0,0.0
TCGA-DH-5142-01A,bayesprism,0.9784795134516104,0.02152048654838966,0.0,0.0,0.0,0.0,0.0,0.0
TCGA-DH-5143-01A,bayesprism,1.0,0.0,0.0,0.0,0.0,0.0,0.0,0.0
TCGA-DH-5144-01A,bayesprism,0.9942413419629456,0.0,0.0,0.0,0.0,7.54907008499011e-05,0.001252149479142704,0.004431017857061935
TCGA-DH-A669-01A,bayesprism,0.9967434983101622,0.0,0.0,0.0,0.0,7.097199130345232e-05,0.0,0.003185529698534364
TCGA-DH-A669-02A,bayesprism,0.9581178173958385,0.015933631345342522,0.0,0.0,0.0,0.02594855125881916,0.0,0.0
TCGA-DH-A66B-01A,bayesprism,0.9918524415818284,0.00814755841817167,0.0,0.0,0.0,0.0,0.0,0.0
TCGA-DH-A66D-01A,bayesprism,0.9981884641711142,0.0018115358288858087,0.0,0.0,0.0,0.0,0.0,0.0
TCGA-DH-A66F-01A,bayesprism,0.9995411445354754,0.0004135509222857132,0.0,0.0,4.5304542238868375e-05,0.0,0.0,0.0
TCGA-DH-A66G-01A,bayesprism,1.0,0.0,0.0,0.0,0.0,0.0,0.0,0.0
TCGA-DH-A7UR-01A,bayesprism,0.8206109387013223,0.0007348688893441577,0.06374243507584094,0.0014353477546133282,0.012334955508692997,0.078367295529489,0.008269764941286601,0.014504393599410548
TCGA-DH-A7US-01A,bayesprism,0.9609390300397168,0.0,0.0,0.0,0.0,0.0,0.02765896377904793,0.011402006181235186
TCGA-DH-A7UT-01A,bayesprism,0.9802114699838514,0.0,0.0,0.0,0.0,0.0,0.012911858714616128,0.006876671301532383
TCGA-DH-A7UU-01A,bayesprism,0.9909917332640648,0.0047833953781055115,0.0,0.0,0.0,0.00043890210110833684,0.0019432959968642013,0.0018426732598572845
TCGA-DH-A7UV-01A,bayesprism,0.9964131876054854,0.0024434459287450694,0.0,0.0,0.0,0.0,0.0,0.0011433664657695755
TCGA-DU-5847-01A,bayesprism,0.9910101064288782,0.00608957446156231,0.0,0.0,0.0,0.0,0.0,0.002900319109559456
TCGA-DU-5849-01A,bayesprism,0.9791044216377639,0.0,0.0,0.0,0.0,0.0002120352160009926,0.011967516408682995,0.00871602673755214
TCGA-DU-5851-01A,bayesprism,0.9589698995745675,0.0004624122066654999,0.0,0.0,0.0,0.0005444335523236675,0.0243085716076443,0.015714683058799035
TCGA-DU-5852-01A,bayesprism,0.9931351891423477,0.005230631114056809,0.0,0.0,0.0,0.0016341797435955423,0.0,0.0
TCGA-DU-5853-01A,bayesprism,0.9869601008291962,0.007665183085308164,0.0,0.0,0.0,1.2793052913463824e-05,0.00010435288564009949,0.005257570146942162
TCGA-DU-5854-01A,bayesprism,0.9670511259979084,0.0,0.0,0.0,0.0,0.008578564747710233,0.01768832165414124,0.006681987600240151
TCGA-DU-5855-01A,bayesprism,0.9964539372916473,0.003505374312139497,0.0,0.0,0.0,4.0688396213278624e-05,0.0,0.0
TCGA-DU-5870-02A,bayesprism,0.978495521616114,0.00022503449486251944,0.0,0.0,0.0,0.008764172767945055,0.002967044694262829,0.009548226426815652
TCGA-DU-5871-01A,bayesprism,0.9893565545953147,0.0032982297728192276,0.0,0.0,0.0,1.2344699252728808e-05,0.0,0.007332870932613293
TCGA-DU-5872-01A,bayesprism,0.9999509170921917,0.0,0.0,0.0,0.0,4.908290780823594e-05,0.0,0.0
TCGA-DU-5872-02A,bayesprism,0.9802443753993157,0.009328489962581668,0.0,7.196454969458296e-05,0.0,0.00022376951632232628,0.0072667499606967135,0.002864650611388877
TCGA-DU-6392-01A,bayesprism,0.8605405890653239,0.051038642362604116,0.0,0.0006822928572781389,0.0,0.06480846055853627,0.015898287686055765,0.007031727470201844
TCGA-DU-6393-01A,bayesprism,0.9944268433168671,0.0,0.0,0.0,0.0,0.0022141953536230488,0.0,0.003358961329509792
TCGA-DU-6394-01A,bayesprism,0.9998561532541876,0.0,0.0,0.0,0.0,0.00014384674581244193,0.0,0.0
TCGA-DU-6395-01A,bayesprism,0.9943427567204702,0.0011388244088368143,0.0,0.0,0.0,0.0,0.0,0.0045184188706929975
TCGA-DU-6396-01A,bayesprism,0.9483513861312565,0.05133326456043344,0.0,0.0,0.0,0.0003153493083101351,0.0,0.0
TCGA-DU-6397-01A,bayesprism,0.9798253689578669,0.0,0.016396048179975704,0.0,0.0,0.000511293263791231,0.0,0.00326728959836622
TCGA-DU-6397-02A,bayesprism,0.9452339807317294,0.0,0.0,0.0,0.0,0.04842320893843002,0.006342810329840674,0.0
TCGA-DU-6399-01A,bayesprism,0.9979809171450675,0.0019990777972344106,0.0,0.0,0.0,2.0005057697971352e-05,0.0,0.0
TCGA-DU-6400-01A,bayesprism,0.997480413384463,0.0,0.0,0.0,0.0,0.0005747716280309321,0.0,0.0019448149875059947
TCGA-DU-6401-01A,bayesprism,0.9092467310791232,0.014552951633839817,0.0,0.0,0.0,0.05392717676730057,0.0,0.022273140519736355
TCGA-DU-6402-01A,bayesprism,0.9602260685620561,0.01786802507427236,0.0,0.0,0.0,0.00761250549273494,0.0,0.014293400870936555
TCGA-DU-6403-01A,bayesprism,0.9456823376721698,0.013669933207580037,0.0,0.0,0.0,0.0010043083909114531,0.03148382012355055,0.008159600605788127
TCGA-DU-6404-01A,bayesprism,0.7867048975101785,0.017191811694968615,0.06891131921911052,0.0,0.0,0.07054506238993587,0.016681884663513707,0.03996502452229293
TCGA-DU-6405-01A,bayesprism,1.0,0.0,0.0,0.0,0.0,0.0,0.0,0.0
TCGA-DU-6406-01A,bayesprism,0.981402663634274,0.007821282331476552,0.0,0.0,0.0,0.010776054034249555,0.0,0.0
TCGA-DU-6407-01A,bayesprism,0.9995313971648936,0.0,0.0,0.0,0.0,1.827162359913406e-05,0.0,0.0004503312115073529
TCGA-DU-6408-01A,bayesprism,1.0,0.0,0.0,0.0,0.0,0.0,0.0,0.0
TCGA-DU-6410-01A,bayesprism,0.9789948979781091,0.0,0.0,0.0,0.0,0.017170225593372303,0.00383487642851866,0.0
TCGA-DU-6542-01A,bayesprism,0.9840347258662264,0.0097602031802603,0.0,0.0,0.0,0.0,0.005313966973519117,0.0008911039799940591
TCGA-DU-7006-01A,bayesprism,0.9878800177576104,0.011240671781931132,0.0,0.0,0.0,0.0006860297112130287,0.0,0.00019328074924536857
TCGA-DU-7007-01A,bayesprism,0.9967384144661094,0.0025560129436005023,0.0,0.0,0.0,0.0007055725902901115,0.0,0.0
TCGA-DU-7008-01A,bayesprism,0.9965985699872203,0.0,0.0,0.0,0.0,0.0,0.0,0.0034014300127797035
TCGA-DU-7009-01A,bayesprism,0.8939252886797402,0.0013635133687733476,0.0,0.0,0.0,0.005819866078099662,0.07094544052563614,0.027945891347750693
TCGA-DU-7010-01A,bayesprism,0.970067464252589,0.0,0.0,0.0,0.0,0.0007908590533218384,0.022229069543147868,0.006912607150941189
TCGA-DU-7011-01A,bayesprism,0.9660334781676274,0.02742155793925843,0.0,0.0,0.0,0.0014575541945600296,0.0,0.005087409698554091
TCGA-DU-7012-01A,bayesprism,0.9978177335431927,0.0021822664568072804,0.0,0.0,0.0,0.0,0.0,0.0
TCGA-DU-7013-01A,bayesprism,0.9999355291644013,0.0,0.0,0.0,0.0,6.44708355987656e-05,0.0,0.0
TCGA-DU-7014-01A,bayesprism,0.9951676983900877,0.0013543855716533636,0.0,0.0,0.0,0.0034779160382589474,0.0,0.0
TCGA-DU-7015-01A,bayesprism,0.9956900093897602,0.0043099906102399025,0.0,0.0,0.0,0.0,0.0,0.0
TCGA-DU-7018-01A,bayesprism,0.93155444035151,0.0,0.0,0.03383015120071083,0.0009921913311821847,0.031305777693974475,0.0,0.0023174394226225
TCGA-DU-7019-01A,bayesprism,0.8705671363404801,0.028904422344226778,0.0,0.0,0.0,0.03594821129671751,0.000755908345563675,0.06382432167301182
TCGA-DU-7292-01A,bayesprism,0.9963058727925022,0.0,0.0,0.0,0.0,0.00024772093202546727,0.0,0.0034464062754723667
TCGA-DU-7294-01A,bayesprism,0.9663115603488038,0.0,0.0,0.0,0.0,0.000539661466322545,0.025631342056976644,0.007517436127897015
TCGA-DU-7298-01A,bayesprism,0.93848438765043,0.013410868858052406,0.0,0.0,0.0,0.0005424585258646617,0.03623052848746731,0.011331756478185632
TCGA-DU-7299-01A,bayesprism,0.9518663953997412,0.013816961848110168,0.0,0.0,0.0,0.00026098721851584644,0.022705545722628954,0.0113501098110038
TCGA-DU-7300-01A,bayesprism,0.9956937697146413,0.0,0.0,0.0,0.0,0.00029421581990948185,0.0007858753537769238,0.0032261391116723275
TCGA-DU-7301-01A,bayesprism,0.9923495655508711,0.0017570529777147963,0.0,0.0,0.0,7.066544666697287e-05,0.0056522454703669435,0.00017047055438027347
TCGA-DU-7302-01A,bayesprism,0.9701681299810097,8.392623375487426e-05,0.0,0.0007991605199223871,0.0012742333320496313,0.002223833140360238,0.0029465802663526685,0.022504136526550634
TCGA-DU-7304-01A,bayesprism,0.9997984501009601,0.0,0.0,0.0,0.0,0.00020154989903979634,0.0,0.0
TCGA-DU-7304-02A,bayesprism,0.9032924291844074,0.0,0.0,0.0,0.09346087036511808,0.0032467004504744394,0.0,0.0
TCGA-DU-7306-01A,bayesprism,0.9983550983133178,0.00046195282274551344,0.0,0.0,0.0,0.00043587567671430266,0.0,0.0007470731872223641
TCGA-DU-7309-01A,bayesprism,0.7969155605373149,0.04150918134448056,0.005964432275116308,0.01723521459684324,0.014809118739125717,0.05274626269560003,0.0068831161064110006,0.06393711370510816
TCGA-DU-8158-01A,bayesprism,0.9999837832750562,0.0,0.0,0.0,0.0,1.621672494371945e-05,0.0,0.0
TCGA-DU-8161-01A,bayesprism,0.9441433551547844,0.018528244628662188,0.0,0.0,0.0,0.0003895171267589907,0.0,0.03693888308979437
TCGA-DU-8162-01A,bayesprism,0.9203317770670005,0.003110039327071823,0.0,1.5673606140881774e-05,0.00121488911186401,0.0014011955996841826,0.052784545198150706,0.021141880090087915
TCGA-DU-8163-01A,bayesprism,0.9913965887816684,0.002951676907456572,0.0,0.0,0.0,0.0,0.0046306299318777,0.00102110437899728
TCGA-DU-8164-01A,bayesprism,0.9670950357690209,0.0,0.0008754386015741855,0.0,0.0,0.00461602929059444,0.005046109206636129,0.02236738713217426
TCGA-DU-8165-01A,bayesprism,0.9561596045465373,0.03752629366439038,0.0,0.0,0.0,0.0028722761171634877,0.0,0.003441825671908935
TCGA-DU-8166-01A,bayesprism,0.9409567199663129,0.0272521921838056,0.0,0.0,0.0,0.0020549772557986725,0.0,0.029736110594082783
TCGA-DU-8167-01A,bayesprism,0.9617399876458084,0.012050716222540562,0.0,0.0,0.0,2.723753518078296e-05,0.018233832186680867,0.007948226409789323
TCGA-DU-8168-01A,bayesprism,0.9707799504319249,0.0,0.0,0.013063918622437855,0.0,0.00909856797687367,0.0,0.007057562968763631
TCGA-DU-A5TP-01A,bayesprism,0.9505986411260771,0.044551513940762705,0.0048498449331602685,0.0,0.0,0.0,0.0,0.0
TCGA-DU-A5TR-01A,bayesprism,0.9760569719725419,0.023942659092538274,0.0,0.0,0.0,3.6893491994460655e-07,0.0,0.0
TCGA-DU-A5TS-01A,bayesprism,0.93854848399299,0.01264304714715756,0.0,0.0,0.0,0.001095959872006323,0.03291823228654341,0.014794276701302714
TCGA-DU-A5TT-01A,bayesprism,1.0,0.0,0.0,0.0,0.0,0.0,0.0,0.0
TCGA-DU-A5TU-01A,bayesprism,0.9830250936754236,0.016974906324576492,0.0,0.0,0.0,0.0,0.0,0.0
TCGA-DU-A5TW-01A,bayesprism,0.9956172978029504,0.004364973942152913,0.0,0.0,0.0,1.772825489670679e-05,0.0,0.0
TCGA-DU-A5TY-01A,bayesprism,0.9795830745364277,0.015781833065267682,0.0,0.0,0.0,0.00024985454852585303,0.0,0.004385237849778769
TCGA-DU-A6S2-01A,bayesprism,0.9399576846384754,1.2447791967075737e-05,0.0,0.0,0.0002307668721937688,0.002398708241828465,0.03298621363188287,0.02441417882365245
TCGA-DU-A6S3-01A,bayesprism,0.8855356783907711,0.0005505564242282309,0.0,0.022917392602930773,0.01679905026148265,0.019235734676029903,0.02874639321601889,0.02621519442853828
TCGA-DU-A6S6-01A,bayesprism,0.987089094541462,0.0,0.0,0.0,7.71621178162505e-05,0.0003265256984978644,0.0,0.01250721764222385
TCGA-DU-A6S7-01A,bayesprism,0.9691685624469435,0.015136787767684998,0.0,0.0,0.0,6.686498483494747e-07,0.009212059190348341,0.006481921945174793
TCGA-DU-A6S8-01A,bayesprism,0.9881438408579164,0.0,0.0,0.0,0.0,0.0004626870753374636,0.011393472066746185,0.0
TCGA-DU-A76K-01A,bayesprism,0.9894107571667792,0.0,0.0,0.0,0.0,0.00010070488482423004,0.0,0.010488537948396605
TCGA-DU-A76L-01A,bayesprism,0.764568004513225,0.04560551587302537,0.0,0.0,0.0,0.14415836109309343,0.03205103129752433,0.01361708722313189
TCGA-DU-A76O-01A,bayesprism,0.9947409466123389,0.0052590533876611415,0.0,0.0,0.0,0.0,0.0,0.0
TCGA-DU-A76R-01A,bayesprism,0.9756907556784369,0.0,0.013240781970555688,0.0,0.0,0.00022703752952882829,0.0,0.010841424821478677
TCGA-DU-A7T6-01A,bayesprism,0.9832236509089026,0.0,0.0,0.0,0.0,0.006573799341658645,0.009734824579388226,0.0004677251700505615
TCGA-DU-A7T8-01A,bayesprism,0.9970032120009987,0.0029858947884434306,0.0,0.0,0.0,1.089321055793751e-05,0.0,0.0
TCGA-DU-A7TA-01A,bayesprism,0.9725159047205987,0.025473855348776282,0.0,0.0,0.0,0.0020102399306251716,0.0,0.0
TCGA-DU-A7TB-01A,bayesprism,0.5428713424030267,0.0033094080671783477,0.0,0.0040617231257907074,0.004692637313595575,0.01907355535427644,0.3778888822511427,0.048102451484989636
TCGA-DU-A7TC-01A,bayesprism,0.9941259141344401,0.0012241120727998225,0.0,0.0,0.0,0.0,0.0,0.004649973792760053
TCGA-DU-A7TD-01A,bayesprism,0.983816319650006,0.014083281993797594,0.0,0.0,0.0,0.0021003983561964077,0.0,0.0
TCGA-DU-A7TG-01A,bayesprism,0.9523892418180901,0.004981642343107238,0.006756906829122627,0.0005239811614798584,0.006648081527471219,0.002216129499833448,0.003137781098262541,0.023346235722633064
TCGA-DU-A7TI-01A,bayesprism,0.9952660947345594,0.004033180747170535,0.0,0.0,0.0,0.0,0.0,0.0007007245182701727
TCGA-DU-A7TJ-01A,bayesprism,0.9766313899117595,0.022689688654502445,0.0,0.0,0.0,0.0006789214337380729,0.0,0.0
TCGA-E1-5302-01A,bayesprism,1.0,0.0,0.0,0.0,0.0,0.0,0.0,0.0
TCGA-E1-5303-01A,bayesprism,1.0,0.0,0.0,0.0,0.0,0.0,0.0,0.0
TCGA-E1-5304-01A,bayesprism,0.9481810827527521,2.028639494046698e-07,0.0,0.023984815044472266,0.002651105103883098,0.009925405635401086,0.014959449428331268,0.0002979391712106822
TCGA-E1-5305-01A,bayesprism,0.9877839720489938,0.0013489416615661018,0.0,0.0,0.0,9.190239481910322e-05,0.00040781552558569336,0.010367368369035266
TCGA-E1-5307-01A,bayesprism,0.8973183791877504,0.016814832228555013,0.05356719219150741,0.0,0.0,0.0002851035431749417,0.0,0.032014492849012297
TCGA-E1-5311-01A,bayesprism,0.7945332824183488,0.007071692595144856,0.0,0.045047209603278134,0.04197609763263901,0.057646143727786994,0.005734033326416631,0.04799154069638571
TCGA-E1-5318-01A,bayesprism,0.821226122988891,0.005092519690639206,0.0,0.020379389055976235,0.028633612163952337,0.11652459531104656,0.0015982761421999183,0.0065454846472947316
TCGA-E1-5319-01A,bayesprism,0.9779351308896491,0.0,0.0,0.0,0.0,0.0006385657275098907,0.015214606248665483,0.006211697134175462
TCGA-E1-5322-01A,bayesprism,0.97645557899917,0.02354442100083001,0.0,0.0,0.0,0.0,0.0,0.0
TCGA-E1-A7YD-01A,bayesprism,0.991877112127245,0.0,0.0,0.0,0.0,0.0004507167300897407,0.0,0.007672171142665296
TCGA-E1-A7YE-01A,bayesprism,0.9729374076079776,0.026784729568711696,0.0,0.0,0.0,0.0002778628233105808,0.0,0.0
TCGA-E1-A7YH-01A,bayesprism,0.9276309229326412,0.006283630358585698,0.0,0.0,0.0,2.8790514652323525e-05,0.040330099542715485,0.025726556651405514
TCGA-E1-A7YI-01A,bayesprism,0.8949613426262121,0.013343169628694909,0.0,0.0,0.0,0.06565758582444049,0.026037901920652546,0.0
TCGA-E1-A7YJ-01A,bayesprism,0.9895480328643186,0.0071876640119312276,0.0,0.0,0.0,0.0017751527964301587,0.0,0.0014891503273200752
TCGA-E1-A7YK-01A,bayesprism,0.9662353677240307,0.010845236132100342,0.0,0.0,0.0,0.0,0.013048741202011794,0.00987065494185709
TCGA-E1-A7YL-01A,bayesprism,0.9933117866803479,0.0066882133196519734,0.0,0.0,0.0,0.0,0.0,0.0
TCGA-E1-A7YM-01A,bayesprism,0.8722008760922835,8.135801412376024e-06,0.0,0.0,0.0,0.0001804422077114664,0.08036047187636254,0.04725007402223007
TCGA-E1-A7YN-01A,bayesprism,0.980535462183636,0.018792205125195454,0.0,0.0,0.0,5.587787026566856e-05,0.0,0.000616454820902878
TCGA-E1-A7YO-01A,bayesprism,0.9891895508158054,0.0,0.0,0.0,0.0,0.001845261174683958,0.0,0.008965188009510627
TCGA-E1-A7YQ-01A,bayesprism,0.9811670992056882,0.016114336426979792,0.0,0.0,0.0,0.0027185643673319883,0.0,0.0
TCGA-E1-A7YS-01A,bayesprism,0.9971955191384309,0.0,0.0,0.0,0.0,0.0008632276806094885,0.0019412531809596982,0.0
TCGA-E1-A7YU-01A,bayesprism,0.9847514745843994,8.997554114333715e-05,0.0,0.0,0.0,5.56950645068012e-06,0.009449322380572544,0.0057036579874341405
TCGA-E1-A7YV-01A,bayesprism,0.9774452602691139,0.0,0.0,0.0,0.0,0.017566527118543708,0.0,0.004988212612342249
TCGA-E1-A7YW-01A,bayesprism,0.9999626098546484,1.1510887274432578e-05,0.0,0.0,0.0,0.0,0.0,2.587925807722681e-05
TCGA-E1-A7YY-01A,bayesprism,0.9311138132535542,0.002824660123385171,0.003801868828982033,0.018155097415295408,0.020374252293102788,0.002977697565938848,0.0066997679186712265,0.014052842601070313
TCGA-E1-A7Z2-01A,bayesprism,0.9793480489928327,0.0,0.0,0.0,0.0,2.3013918705145736e-05,0.0,0.020628937088462276
TCGA-E1-A7Z3-01A,bayesprism,0.9854671601501356,0.0010414759674604983,0.0,0.0,5.573941579397309e-05,0.0006231360607880532,0.0,0.012812488405821816
TCGA-E1-A7Z4-01A,bayesprism,1.0,0.0,0.0,0.0,0.0,0.0,0.0,0.0
TCGA-E1-A7Z6-01A,bayesprism,0.9983244417084711,0.0,0.0,0.0,0.00011365330963187661,0.0,0.0,0.0015619049818969236
TCGA-EZ-7264-01A,bayesprism,0.9719931624026167,0.0007570159848033116,0.0,0.0,0.0,0.00010542250529216962,0.02070903193170463,0.006435367175583205
TCGA-F6-A8O3-01A,bayesprism,0.9674285226705859,0.0,0.0,0.0,0.0,0.0123320540303363,0.0,0.020239423299077852
TCGA-F6-A8O4-01A,bayesprism,0.9769695454530716,0.00021021813550984903,0.0,0.0,0.0,0.0003055781166191427,7.526981729580857e-05,0.02243938847750363
TCGA-FG-5962-01B,bayesprism,0.9971416928096556,0.0,0.0,0.0,0.0001703635977448381,4.339965787497956e-06,0.0,0.0026836036268120837
TCGA-FG-5963-01A,bayesprism,0.9504604697506491,0.020227403295223732,0.0,0.0,0.0,4.591788727725202e-05,0.021762610373482923,0.007503598693367005
TCGA-FG-5963-02A,bayesprism,0.7332095603474829,0.0011949785390936644,0.0,0.0,0.0,0.2540092844826843,0.011586176630739293,0.0
TCGA-FG-5964-01A,bayesprism,0.9916519735481507,0.0027965091555598232,0.0,0.0,0.0,0.00013720272366651135,0.0027394656775408355,0.00267484889508199
TCGA-FG-5965-01B,bayesprism,0.9984382599911892,0.0,0.0,0.0,0.0,9.272211344319131e-05,0.0,0.0014690178953676893
TCGA-FG-6688-01A,bayesprism,0.9974226817484714,0.0,0.0,0.0,0.0,0.0,0.0007898405012346974,0.0017874777502939591
TCGA-FG-6689-01A,bayesprism,0.9942005744072722,0.0008453648071431884,0.0,0.0,0.0,0.0,0.0,0.0049540607855846925
TCGA-FG-6690-01A,bayesprism,0.9947494997813596,0.0023028549373463126,0.0,0.0,0.0,0.0,0.0,0.0029476452812941625
TCGA-FG-6691-01A,bayesprism,0.9643520306117722,0.032789964839903235,0.0,0.0,0.0,7.894103971987621e-05,0.0,0.0027790635086046905
TCGA-FG-6692-01A,bayesprism,0.9995704901715823,0.0,0.0,0.0,0.0,0.00042950982841769524,0.0,0.0
TCGA-FG-7634-01A,bayesprism,0.8754556409014804,0.027578040234987156,0.0,0.0,0.0,0.053395313550915834,0.0332897278563796,0.010281277456237
TCGA-FG-7636-01A,bayesprism,0.9959680666243175,0.0,0.0,0.0,0.0,0.0,0.0,0.004031933375682489
TCGA-FG-7638-01B,bayesprism,0.9853607966562462,0.0,0.0,0.0,0.0,2.3783395652135578e-06,0.00045069246229450236,0.014186132541893996
TCGA-FG-7641-01B,bayesprism,0.9191184777239971,2.8727197820630524e-05,0.004618541621244168,0.0,6.859646204000899e-05,0.0002719890930246684,0.042704482722301984,0.03318918517957129
TCGA-FG-7643-01A,bayesprism,0.8842901205484833,0.00016036579960027866,0.0,0.0,0.0011347402401733027,0.005399494383789071,0.06501779597937013,0.04399748304858373
TCGA-FG-8181-01A,bayesprism,0.8999326899369379,0.0,0.03126688915943546,0.008525141857287918,0.028230156442474105,0.008491504264593538,0.0023694517723523646,0.021184166566918784
TCGA-FG-8182-01A,bayesprism,0.9654488428429314,0.009237853744805435,0.0,0.0,0.0,0.0,0.019118513149468174,0.006194790262795072
TCGA-FG-8185-01A,bayesprism,0.9188198055882137,0.01418691209276542,0.0,0.0,0.024433574288263683,0.01888784336254834,0.0,0.02367186466820892
TCGA-FG-8186-01A,bayesprism,0.9972878109561839,0.0018548301714490921,0.0,0.0,0.0,0.0,0.0,0.000857358872366964
TCGA-FG-8187-01A,bayesprism,0.9770370929198409,0.0,0.0,0.0,0.0,0.0,0.01727401717694507,0.005688889903214091
TCGA-FG-8188-01A,bayesprism,0.9836854663148124,0.0,0.0,0.0,0.0,6.690192782148919e-06,0.013337981757096967,0.0029698617353084472
TCGA-FG-8191-01A,bayesprism,0.9837135922670937,0.0,0.0,0.0,0.0,0.0,0.01321849381811964,0.0030679139147868286
TCGA-FG-A4MT-01A,bayesprism,0.9964780667716417,0.002224303072647777,0.0,0.0,0.0,0.0002086752486374666,0.0,0.0010889549070729875
TCGA-FG-A4MT-02A,bayesprism,0.9750360720115949,0.003410447728337802,0.0,0.0,0.0,6.380998670235189e-05,0.008395342144502892,0.013094328128862043
TCGA-FG-A4MW-01A,bayesprism,0.9895117377406435,0.0,0.0,0.0,0.0,0.00028204165308023493,0.007174208096984644,0.0030320125092915488
TCGA-FG-A4MX-01A,bayesprism,0.980841328172576,0.01170368995828798,0.0,0.0,0.0,0.007454981869136107,0.0,0.0
TCGA-FG-A4MY-01A,bayesprism,0.9882965780773153,0.0,0.0,0.0,0.0,0.0,0.008378901322497153,0.003324520600187529
TCGA-FG-A60J-01A,bayesprism,1.0,0.0,0.0,0.0,0.0,0.0,0.0,0.0
TCGA-FG-A60K-01A,bayesprism,0.9834595396335503,0.0,0.0,0.0,0.0,0.0,0.0,0.016540460366449683
TCGA-FG-A60L-01A,bayesprism,1.0,0.0,0.0,0.0,0.0,0.0,0.0,0.0
TCGA-FG-A6IZ-01A,bayesprism,1.0,0.0,0.0,0.0,0.0,0.0,0.0,0.0
TCGA-FG-A6J1-01A,bayesprism,0.9959395905898055,0.0011591317330066177,0.0,0.0,0.0,0.0013177673851301368,0.0,0.0015835102920577291
TCGA-FG-A6J3-01A,bayesprism,0.9973654528956408,0.002578701486753117,0.0,0.0,0.0,5.584561760597052e-05,0.0,0.0
TCGA-FG-A70Y-01A,bayesprism,0.9661942739140389,0.008578619942697738,0.0,0.0,0.0,7.300064837514747e-07,0.01367831802838904,0.011548058108390621
TCGA-FG-A70Z-01A,bayesprism,0.9923751631711154,0.006005422222716075,0.0,0.0,0.0,0.0016194146061685112,0.0,0.0
TCGA-FG-A710-01A,bayesprism,0.9828470688467712,0.01256493358766771,0.0,0.0,0.0,0.00017555301300404985,0.0,0.0044124445525571725
TCGA-FG-A711-01A,bayesprism,0.9977922731731284,0.0,0.00212369346947199,0.0,0.0,0.0,0.0,8.403335739956087e-05
TCGA-FG-A713-01A,bayesprism,0.961091483467072,0.0,0.0,0.0001253724901764897,0.0021475640356219236,0.0009226103379484578,0.02161725189594071,0.014095717773240382
TCGA-FG-A87N-01A,bayesprism,0.8304627719471883,0.04595230798532463,0.0,0.04409590724673749,0.0,0.06499928392908288,0.013656756792306832,0.000832972099359873
TCGA-FG-A87Q-01A,bayesprism,0.9040074111061827,0.04264696326908941,0.0,0.0,0.0,0.0015290889357234667,0.029947766975376416,0.021868769713628104
TCGA-FN-7833-01A,bayesprism,0.9970066478222145,0.0029933521777855544,0.0,0.0,0.0,0.0,0.0,0.0
TCGA-HT-7467-01A,bayesprism,0.7590094371276151,0.0029178505988698912,0.0,0.0,0.0,0.00667735253288006,0.16648149396920164,0.0649138657714333
TCGA-HT-7468-01A,bayesprism,0.9898189811138706,0.0,0.0,0.0,0.0,0.00018275241553712245,0.0,0.009998266470592303
TCGA-HT-7469-01A,bayesprism,0.9865156299720368,0.0066008957412982,0.0,0.0,0.0,0.0038180981627763642,0.0,0.003065376123888665
TCGA-HT-7470-01A,bayesprism,0.9527132222413972,0.0030048929888296543,0.0,0.0,0.0,0.00031711761482196727,0.027755919709378695,0.01620884744557251
TCGA-HT-7471-01A,bayesprism,0.9911393826533957,0.008748305858381933,0.0,0.0,0.0,0.00011231148822233153,0.0,0.0
TCGA-HT-7472-01A,bayesprism,1.0,0.0,0.0,0.0,0.0,0.0,0.0,0.0
TCGA-HT-7473-01A,bayesprism,0.9987400774446679,0.0012599225553321285,0.0,0.0,0.0,0.0,0.0,0.0
TCGA-HT-7474-01A,bayesprism,0.9840052596035765,0.0,0.0,0.0,0.0,0.0,0.008953034585232009,0.0070417058111914175
TCGA-HT-7475-01A,bayesprism,0.8860619353489493,0.004087226867235961,0.0,3.1920339392206694e-05,0.023829569030888006,0.018226996503038204,0.029856691383616414,0.03790566052687989
TCGA-HT-7476-01A,bayesprism,0.7896223246129377,0.033177982508981456,0.0,0.007663419795593294,0.016287176799398898,0.08261107777963236,0.022314338997561353,0.04832367950589489
TCGA-HT-7477-01B,bayesprism,0.9920190600569431,0.003412132819749457,0.0,0.0,0.0,0.004568807123307404,0.0,0.0
TCGA-HT-7478-01A,bayesprism,0.9852893336588726,0.014710666341127469,0.0,0.0,0.0,0.0,0.0,0.0
TCGA-HT-7479-01A,bayesprism,0.9922873935175656,0.0,0.0,0.0,0.0,0.0,0.006384596514040151,0.0013280099683943187
TCGA-HT-7480-01A,bayesprism,0.9738847935153861,0.0,0.0,0.0,0.0,0.0008205832751324541,0.008488811738274114,0.016805811471207216
TCGA-HT-7481-01A,bayesprism,0.8261486183120598,0.0017643478206245356,0.0,0.0,0.0,0.004227217111873773,0.1196970591287931,0.0481627576266487
TCGA-HT-7482-01A,bayesprism,0.9921459172839013,0.0,0.0,0.0,0.0,0.0,0.00544235746693916,0.0024117252491596152
TCGA-HT-7483-01A,bayesprism,0.9173764429365677,0.019361987353006427,0.0,0.0,0.0,0.03052002205449472,0.0,0.032741547655931146
TCGA-HT-7485-01A,bayesprism,0.9966121210419165,0.0,0.0,0.0,0.0,0.0,0.0,0.003387878958083466
TCGA-HT-7601-01A,bayesprism,0.9763677898854224,0.01762334603794127,0.0,0.0,0.0,0.0,0.005802493423799717,0.00020637065283656724
TCGA-HT-7602-01A,bayesprism,0.9878444557653068,0.0,0.0,0.0,0.0,0.0,0.007185640378700692,0.0049699038559924726
TCGA-HT-7603-01A,bayesprism,0.9333843588868864,0.001256615861228613,0.0,0.0,0.002198201588968524,0.0012436038899308016,0.03242117789833162,0.02949604187465401
TCGA-HT-7604-01A,bayesprism,0.9967061440618052,4.795425412455199e-05,0.0,0.0,0.0,7.794835156180843e-07,0.0,0.0032451222005544685
TCGA-HT-7605-01A,bayesprism,0.9884423561108278,0.0,0.0,0.0,0.0,0.0,0.007770295880393904,0.0037873480087783256
TCGA-HT-7606-01A,bayesprism,0.9931280587718304,0.0,0.0,0.0,0.0,0.0019064792276303336,0.0031171527425393965,0.001848309257999843
TCGA-HT-7607-01A,bayesprism,0.9880924456073679,0.0,0.0,0.0,1.9713361418937993e-05,0.00023969991768665357,0.003737480948200588,0.007910660165325923
TCGA-HT-7609-01A,bayesprism,1.0,0.0,0.0,0.0,0.0,0.0,0.0,0.0
TCGA-HT-7610-01A,bayesprism,0.802542619395714,0.028433284179114587,0.0,0.01996228950978809,0.017012191825121318,0.031475660219576033,0.04864385238389021,0.05193010248679572
TCGA-HT-7611-01A,bayesprism,1.0,0.0,0.0,0.0,0.0,0.0,0.0,0.0
TCGA-HT-7616-01A,bayesprism,0.9711546507197708,0.017847747987655233,0.0,0.0,0.0,0.006027042243296851,0.0,0.004970559049277024
TCGA-HT-7620-01A,bayesprism,0.9758026015972517,0.0,0.0,0.0,0.0,0.0,0.019299301607359487,0.004898096795388729
TCGA-HT-7676-01A,bayesprism,0.9910911914514171,0.008887637104715039,0.0,0.0,0.0,0.0,0.0,2.117144386772731e-05
TCGA-HT-7677-01A,bayesprism,0.9890685551776502,0.0,0.0,0.0,0.0,2.88126419266576e-05,0.005789884531088432,0.005112747649334692
TCGA-HT-7680-01A,bayesprism,1.0,0.0,0.0,0.0,0.0,0.0,0.0,0.0
TCGA-HT-7681-01A,bayesprism,0.9583050739166208,0.0032291137127726144,0.0,0.0,0.0,0.0006671906212268737,0.0104684396828028,0.02733018206657699
TCGA-HT-7684-01A,bayesprism,0.9950965755298291,0.0,0.002113219903240799,0.0,0.0,0.00010779550617371409,0.0,0.002682409060756436
TCGA-HT-7686-01A,bayesprism,0.9928523431479029,0.007147656852097014,0.0,0.0,0.0,0.0,0.0,0.0
TCGA-HT-7687-01A,bayesprism,0.9881234847064337,0.0,0.0,0.0,0.0,0.0017189112909594903,0.007680696858195536,0.002476907144411197
TCGA-HT-7688-01A,bayesprism,0.8904228245184735,0.005039317198574733,0.01103576593037429,0.001208230983083493,0.010736828228680021,0.017083852872615123,0.03501240566633632,0.029460774601862503
TCGA-HT-7689-01A,bayesprism,0.9917301289536944,0.0,0.0,0.0,0.0,0.0,0.007561914520664675,0.0007079565256409363
TCGA-HT-7690-01A,bayesprism,0.9878404397054251,0.011765066724619603,0.0,0.0,0.0,0.00039449356995516514,0.0,0.0
TCGA-HT-7691-01A,bayesprism,0.9893868251997778,0.0,0.0,0.0,0.0,0.00020535082886753494,0.0,0.010407823971354665
TCGA-HT-7692-01A,bayesprism,0.9814618648757658,0.0,0.017329246277568933,0.0,0.0,0.0,0.0,0.0012088888466653027
TCGA-HT-7693-01A,bayesprism,0.9220735527270744,0.039618205742483655,0.0,0.0,0.0,0.02724362149935437,0.0,0.011064620031087671
TCGA-HT-7694-01A,bayesprism,0.9505465151567459,0.0,0.00012434757672516903,0.0,0.001165592861263835,0.0011298651173536403,0.02553351264713313,0.021500166640778355
TCGA-HT-7695-01A,bayesprism,0.9464894227141534,7.930211737241915e-05,0.002133872486037886,0.0,0.0014097794352151125,0.0006023161511023864,0.027078615305224533,0.022206691790894212
TCGA-HT-7854-01A,bayesprism,1.0,0.0,0.0,0.0,0.0,0.0,0.0,0.0
TCGA-HT-7855-01A,bayesprism,0.9652570153040002,0.010661934280206955,0.0,0.0,0.0,0.009418643154412007,0.0,0.01466240726138076
TCGA-HT-7856-01A,bayesprism,0.7974267471974728,0.0046969432093727365,0.0038473191736373637,0.014840375773496223,0.013794272641757754,0.028010659040741726,0.07829562354745634,0.059088059416065104
TCGA-HT-7857-01A,bayesprism,0.9355607075452904,0.06221106843944358,0.0,0.0,0.0,0.0022282240152660454,0.0,0.0
TCGA-HT-7858-01A,bayesprism,0.991788281724014,0.0,0.0,0.0,0.0,0.0,0.007320626580338863,0.0008910916956470997
TCGA-HT-7860-01A,bayesprism,0.999330638526337,0.0,0.0,0.0,0.0,1.2544931942454387e-05,0.0,0.000656816541720649
TCGA-HT-7873-01B,bayesprism,0.9740730899468915,0.00346897217534261,0.0,0.0,0.0,2.849891086118165e-05,0.006888309334233792,0.015541129632670929
TCGA-HT-7874-01A,bayesprism,0.9468920734988373,0.0,0.0009733045974025282,0.0,0.0018026470596063686,0.0011334687410939235,0.02281258393088295,0.026385922172176807
TCGA-HT-7875-01A,bayesprism,0.9801343277409075,0.0,0.0,0.0,0.0,0.00012916291015861023,0.0,0.01973650934893402
TCGA-HT-7877-01A,bayesprism,0.8763663221375019,0.0030743608474708903,0.0,0.0,0.0,0.01710214256610462,0.059646967435446376,0.04381020701347633
TCGA-HT-7879-01A,bayesprism,0.9993253622352819,0.0,0.0,0.0,0.0,2.002142203276023e-05,0.0,0.0006546163426852598
TCGA-HT-7880-01A,bayesprism,0.9885740352741099,0.0,0.0,0.0,0.0,0.0,0.006636525256311844,0.004789439469578283
TCGA-HT-7881-01A,bayesprism,0.9140570573019169,0.0,0.0,0.0,0.0,1.5535033798772383e-06,0.06297756330902,0.022963825885683214
TCGA-HT-7882-01A,bayesprism,0.7310606922505196,0.09688182876105857,0.0,0.0,0.048651923788951716,0.12340555519946998,0.0,0.0
TCGA-HT-7884-01B,bayesprism,0.9463117148227703,0.00023296648563400272,0.0,0.0,0.0,0.0003424383796587001,0.029764456210220988,0.023348424101715892
TCGA-HT-7902-01A,bayesprism,0.8442170865425263,0.0,0.0,0.0,0.0,0.00011939914666649576,0.11761657578322575,0.038046938527581536
TCGA-HT-8010-01A,bayesprism,0.9996624624964061,0.0,0.0,0.0,0.00017532227700732287,0.0,0.0,0.00016221522658661723
TCGA-HT-8011-01A,bayesprism,0.993783635352105,0.0,0.0,0.0,0.0,0.004328935333656857,0.0,0.0018874293142380533
TCGA-HT-8012-01A,bayesprism,0.996296804598614,0.0,0.0,0.0,0.0,0.0004819642217566356,0.0,0.0032212311796292665
TCGA-HT-8013-01A,bayesprism,0.9801514163375008,0.01984858366249921,0.0,0.0,0.0,0.0,0.0,0.0
TCGA-HT-8015-01B,bayesprism,0.9970342953791239,0.0,0.0,0.0,0.0,6.776822367901372e-06,0.001222597323730078,0.001736330474778106
TCGA-HT-8018-01A,bayesprism,0.9869256586943184,0.008154221779610612,0.0,0.0,0.0,0.0022789314330459967,0.0,0.0026411880930249185
TCGA-HT-8104-01A,bayesprism,0.9967542154206807,0.0,0.0,0.0,0.0,0.0006357686851477086,0.001499977891379461,0.0011100380027920867
TCGA-HT-8105-01A,bayesprism,0.8940192744731538,0.005651480146660834,0.0,0.0017839180984588106,0.0,0.0792852109032596,0.001706215247906946,0.017553901130560146
TCGA-HT-8106-01A,bayesprism,0.8730656832913218,0.10674822299654363,0.0,0.0,0.0,0.0009962912146032966,0.014458701432141195,0.004731101065390088
TCGA-HT-8107-01A,bayesprism,0.6775977757018911,0.0008252541464226582,0.021066183312798678,0.057099398141815465,0.043826296684674984,0.044303178763461445,0.0985129442508866,0.05676896899804911
TCGA-HT-8108-01A,bayesprism,0.956935584302184,0.0313191024361098,0.0,0.0,0.0,0.0005624243431323642,0.0,0.011182888918574045
TCGA-HT-8109-01A,bayesprism,0.9827502322981361,0.0,0.0,0.0,0.0,6.73227227489565e-05,0.011837899966929296,0.005344545012185623
TCGA-HT-8110-01A,bayesprism,0.9977114746373434,0.002288525362656592,0.0,0.0,0.0,0.0,0.0,0.0
TCGA-HT-8111-01A,bayesprism,0.999220527801202,0.0,0.0,0.0,0.0,0.0,0.0007794721987981026,0.0
TCGA-HT-8113-01A,bayesprism,0.8361212132924035,0.0,0.024524673344069478,0.018231795868893362,0.027936233242910065,0.015492147027386514,0.03911917312198071,0.038574764102356336
TCGA-HT-8114-01A,bayesprism,0.9971744637691317,0.002717894198960827,0.0,0.0,0.0,0.00010764203190739621,0.0,0.0
TCGA-HT-8563-01A,bayesprism,0.9332523259717018,0.06656196939491366,0.0,0.0,0.0,0.0001857046333845772,0.0,0.0
TCGA-HT-8564-01A,bayesprism,0.9242262184766286,0.0326003343035354,0.0,0.0,0.0,0.003886119606055334,0.015475505733765818,0.023811821880014857
TCGA-HT-A4DS-01A,bayesprism,0.9912869535306863,0.008706008111044447,0.0,0.0,0.0,7.038358269222132e-06,0.0,0.0
TCGA-HT-A5R5-01A,bayesprism,1.0,0.0,0.0,0.0,0.0,0.0,0.0,0.0
TCGA-HT-A5R7-01A,bayesprism,0.9983218964520852,0.0,0.0,0.0,0.0,0.0,0.0,0.0016781035479148227
TCGA-HT-A5R9-01A,bayesprism,0.8090054064019734,0.0,0.041811320718705774,0.008211395009299662,0.08288129482885122,0.042489574674939114,0.006192785134083961,0.00940822323214682
TCGA-HT-A5RA-01A,bayesprism,0.9828278927301006,0.0013770843273369297,0.0,0.0,0.0,0.005287739641536181,0.0,0.010507283301026191
TCGA-HT-A5RB-01A,bayesprism,0.9133034577744907,0.01282524478362398,0.0,0.0007457965618297459,0.0,0.01905132144539129,0.015677367270058,0.038396812164606164
TCGA-HT-A5RC-01A,bayesprism,0.9997518107850271,0.0,0.0,0.0,0.0,0.00024818921497302116,0.0,0.0
TCGA-HT-A614-01A,bayesprism,0.9622750933204854,0.0,0.0,0.0,0.0,6.33405788866027e-05,0.02681740184574577,0.010844164254882192
TCGA-HT-A615-01A,bayesprism,0.9948434572063496,0.0018588599558250368,0.00010664700672591942,0.0,0.0,0.0,0.0009317633003693586,0.0022592725307301587
TCGA-HT-A616-01A,bayesprism,0.9444922768645778,0.007453712671249102,0.004128421974964369,0.0,0.00039477015425594576,0.0054129988140830185,0.005928073769616957,0.03218974575125276
TCGA-HT-A617-01A,bayesprism,0.9739069607543412,0.005135074546018993,0.0,0.0,0.0,1.0169373441631445e-05,0.0,0.020947795326198178
TCGA-HT-A618-01A,bayesprism,0.9972095332650868,0.0027904667349132745,0.0,0.0,0.0,0.0,0.0,0.0
TCGA-HT-A61C-01A,bayesprism,0.9650176611405932,0.017462617301884097,0.0,0.0,0.0,0.014269343159492206,0.001289268268833255,0.00196111012919719
TCGA-HT-A74H-01A,bayesprism,0.999496522985576,0.0,0.0,0.0,0.0,0.0,0.0005034770144239943,0.0
TCGA-HT-A74J-01A,bayesprism,0.9966627366892616,2.595008104633184e-05,0.0006881879434985174,0.0,0.0,2.4707430222846507e-05,0.0,0.0025984178559706177
TCGA-HT-A74K-01A,bayesprism,0.9941138274046215,0.0,0.0,0.0,0.0,0.0023381655321055685,0.0013211318139558727,0.002226875249317069
TCGA-HT-A74L-01A,bayesprism,0.9873282866764104,0.002183223871795718,0.0,0.0,0.0,1.1179752696206359e-05,0.002433034696541054,0.00804427500255657
TCGA-HT-A74O-01A,bayesprism,0.9939920264402127,0.006007973559787221,0.0,0.0,0.0,0.0,0.0,0.0
TCGA-HW-7486-01A,bayesprism,0.8623509401827069,0.0019127707679839137,0.0,0.0,0.0,7.833396939163507e-07,0.10693944816530844,0.02879605754430683
TCGA-HW-7487-01A,bayesprism,0.9053178583493572,0.003344006019262754,0.0,0.0,0.0010423168036895292,0.010040876641959264,0.04375994660154641,0.03649499558418492
TCGA-HW-7489-01A,bayesprism,0.9883538385647767,0.0,0.0,0.0,0.0,0.00018702618465763342,0.0,0.011459135250565683
TCGA-HW-7490-01A,bayesprism,0.9999681668398682,0.0,0.0,0.0,0.0,3.183316013174369e-05,0.0,0.0
TCGA-HW-7491-01A,bayesprism,0.9216165667678348,0.0,0.0,0.006889253750270015,0.0,0.018317327472801757,0.03531769302709075,0.01785915898200263
TCGA-HW-7493-01A,bayesprism,0.9967764454839024,0.0,0.0,0.0,0.0,9.774560457399808e-05,0.0,0.0031258089115236026
TCGA-HW-7495-01A,bayesprism,0.9193889011678945,0.0,0.0,0.0,0.0,0.0003941249872160501,0.0575235431539418,0.022693430690947668
TCGA-HW-8319-01A,bayesprism,0.9651935096483661,0.006012345635385367,0.0,0.0,0.0,5.5480212060793605e-05,0.0011982843210397972,0.02754038018314787
TCGA-HW-8320-01A,bayesprism,0.9980750880588113,0.0012612726409783552,0.0,0.0,0.0,7.03548863674996e-05,0.0,0.0005932844138427383
TCGA-HW-8321-01A,bayesprism,0.9733130466070744,0.0066381463330354865,0.0,0.0,0.0,0.0048778708218733475,0.00924341571863322,0.005927520519383421
TCGA-HW-8322-01A,bayesprism,0.9784999898535603,0.001365860600036998,0.0,0.0,0.0,0.0001910764521618758,0.014034287932147248,0.005908785162093501
TCGA-HW-A5KJ-01A,bayesprism,0.8416427628936238,0.0,0.0,0.001707513778173033,0.08201001933195534,0.06773687440961872,0.0011822702276267976,0.005720559359002301
TCGA-HW-A5KK-01A,bayesprism,0.9911884807032486,0.0,0.0,0.0,0.0,0.0,0.005692974034590477,0.003118545262160852
TCGA-HW-A5KL-01A,bayesprism,0.9999942105935978,0.0,0.0,0.0,0.0,0.0,0.0,5.789406402128227e-06
TCGA-HW-A5KM-01A,bayesprism,0.9744179114144279,0.025582088585572083,0.0,0.0,0.0,0.0,0.0,0.0
TCGA-IK-7675-01A,bayesprism,0.9978356992776282,0.0,0.0,0.0,0.0,0.000580137503480965,0.0,0.0015841632188908058
TCGA-IK-8125-01A,bayesprism,0.9893583664778316,0.0,0.0,0.0,0.0,0.00011994569609774155,0.0,0.010521687826070573
TCGA-KT-A74X-01A,bayesprism,0.9831697048184558,0.0,0.0,0.0,0.0,0.00040180181874730446,0.012275196496819886,0.0041532968659769775
TCGA-KT-A7W1-01A,bayesprism,0.9962871607127806,0.0,0.0,0.0,0.0,0.003712839287219331,0.0,0.0
TCGA-P5-A5ET-01A,bayesprism,0.9266172176160407,0.0,0.0,0.0,0.0,8.635570563432866e-05,0.04798202862455595,0.025314398053769088
TCGA-P5-A5EU-01A,bayesprism,0.9962660772306227,0.0034325001951944468,0.0,0.0,0.0,0.00030142257418296525,0.0,0.0
TCGA-P5-A5EV-01A,bayesprism,0.9692147936464045,0.002227636702099015,0.017462194666342128,0.0,0.0,0.0004769174173145747,0.0,0.010618457567839733
TCGA-P5-A5EW-01A,bayesprism,0.9969660786005576,0.0,0.0,0.0,0.0,0.0,0.0,0.003033921399442334
TCGA-P5-A5EX-01A,bayesprism,1.0,0.0,0.0,0.0,0.0,0.0,0.0,0.0
TCGA-P5-A5EY-01A,bayesprism,0.9838929048921966,0.0,0.0,0.0,0.0,3.263918382542198e-05,0.0,0.01607445592397796
TCGA-P5-A5EZ-01A,bayesprism,0.967121345549593,0.001516593003011395,0.0,0.0,0.0,0.0006501664830009416,0.02574198759277959,0.0049699073716151275
TCGA-P5-A5F0-01A,bayesprism,0.9271316258075741,0.0,0.0,0.023808930886505816,0.00017827982625323046,0.010373714146227805,0.00256013276634872,0.035947316567090284
TCGA-P5-A5F1-01A,bayesprism,1.0,0.0,0.0,0.0,0.0,0.0,0.0,0.0
TCGA-P5-A5F2-01A,bayesprism,0.9722575407661345,0.0,0.01351289847857898,0.0,0.0008248050618349526,2.7268025111856e-06,0.0,0.013402028890940368
TCGA-P5-A5F4-01A,bayesprism,0.780094544730536,0.013912942657441875,0.0,0.03985450070774183,0.02543361094597484,0.03650488400713382,0.04383998267679208,0.06035953427437965
TCGA-P5-A5F6-01A,bayesprism,0.8477233914531154,0.032711528206873224,0.003087272698577848,0.001706852981819019,0.0,0.1121344880783687,0.0,0.0026364665812459893
TCGA-P5-A72U-01A,bayesprism,0.9799958980315773,7.662277703606747e-05,0.0,0.0,0.0,0.0028560750902634495,0.0,0.017071404101123133
TCGA-P5-A72W-01A,bayesprism,1.0,0.0,0.0,0.0,0.0,0.0,0.0,0.0
TCGA-P5-A72X-01A,bayesprism,0.9993831934680508,0.0,0.0,0.0,0.0,0.0006167057597974852,0.0,1.0077215172886599e-07
TCGA-P5-A72Z-01A,bayesprism,0.9884778891075223,0.0,0.0,0.0,0.0,0.0032021634597182167,0.008319947432759368,0.0
TCGA-P5-A730-01A,bayesprism,0.9864164153458058,0.0,0.0,0.0,0.0,0.00028966257466461255,0.01208833741535655,0.0012055846641730553
TCGA-P5-A731-01A,bayesprism,0.9999319716935083,0.0,0.0,0.0,0.0,6.80283064917308e-05,0.0,0.0
TCGA-P5-A733-01A,bayesprism,0.9898087999693493,0.0,0.0,0.0,0.0,0.00010590410298313215,0.0,0.010085295927667536
TCGA-P5-A735-01A,bayesprism,0.9941908529875374,0.0011169868387180507,0.0,0.0,0.0,0.0,0.0008504248107623037,0.0038417353629822707
TCGA-P5-A736-01A,bayesprism,1.0,0.0,0.0,0.0,0.0,0.0,0.0,0.0
TCGA-P5-A737-01A,bayesprism,1.0,0.0,0.0,0.0,0.0,0.0,0.0,0.0
TCGA-P5-A77W-01A,bayesprism,0.9284209634925269,0.0,0.0,0.00388683903250417,0.022349126822715542,0.02935521350362202,0.012102414172851997,0.003885442975779349
TCGA-P5-A77X-01A,bayesprism,0.9843036547909167,0.0,0.0,0.0,0.0,0.0001365386990622456,0.0,0.01555980651002104
TCGA-P5-A780-01A,bayesprism,0.9444659718303685,0.015340230308566372,0.0,0.0,0.0,0.00216486648825338,0.028988401604060333,0.009040529768751419
TCGA-P5-A781-01A,bayesprism,0.9839159364567337,0.0,0.004149496333987447,0.0,0.0,0.0,0.006211418701845821,0.005723148507432943
TCGA-QH-A65R-01A,bayesprism,0.9275387638060915,0.0028572254783614153,0.0,0.0007838599304522955,0.013064004713937758,0.048792654206968974,0.0039800658810223615,0.002983425983165696
TCGA-QH-A65S-01A,bayesprism,0.9928410474541162,0.0,0.0,0.0,0.0,0.0,0.004411113967765892,0.002747838578118004
TCGA-QH-A65V-01A,bayesprism,0.990654101339323,0.0,0.0,0.0,0.0,0.0,0.007549189244227762,0.0017967094164493059
TCGA-QH-A65X-01A,bayesprism,0.8202666845679482,0.013529986631200724,0.0,0.0004453571303458478,0.07383438184957589,0.07901416665387964,0.0,0.012909423167049674
TCGA-QH-A65Z-01A,bayesprism,0.9875116800383626,0.0,0.0024305558442955532,0.0,0.0,8.077564984678354e-06,0.002752917502343054,0.007296769050014008
TCGA-QH-A6CS-01A,bayesprism,0.9559841555531877,0.0,0.0,0.0,0.0,0.0,0.01099894004674714,0.03301690440006511
TCGA-QH-A6CU-01A,bayesprism,0.9968711753427147,0.0,0.0,0.0,0.0,0.0,0.0004815825957473815,0.0026472420615378787
TCGA-QH-A6CV-01A,bayesprism,0.9884428763715672,0.011167047442072624,0.0,0.0,0.0,0.00039007618636012487,0.0,0.0
TCGA-QH-A6CW-01A,bayesprism,1.0,0.0,0.0,0.0,0.0,0.0,0.0,0.0
TCGA-QH-A6CX-01A,bayesprism,0.9968623200076124,0.0,0.0,0.0,0.0,0.0,0.0,0.0031376799923875432
TCGA-QH-A6CY-01A,bayesprism,0.9320570070144815,0.0,0.0,0.0,0.0,2.7618532926645998e-05,0.042757250040949234,0.0251581244116426
TCGA-QH-A6CZ-01A,bayesprism,0.9522161200104016,0.0028886707162690583,0.0022478997941325273,0.0,0.0,0.004741805038904942,0.015708658313023684,0.022196846127268334
TCGA-QH-A6X3-01A,bayesprism,0.9909320467195343,0.002413697776003092,0.0,0.0,0.0,0.0001003329819863509,0.0005150683500432042,0.006038854172432972
TCGA-QH-A6X4-01A,bayesprism,0.9368875849172332,0.0016389693679781578,0.0,0.0,0.0,0.00019390797779778209,0.04207347551597522,0.01920606222101563
TCGA-QH-A6X5-01A,bayesprism,0.9483218720904873,0.0,0.0,0.0,0.0,0.0,0.03223581822086583,0.019442309688646773
TCGA-QH-A6X8-01A,bayesprism,0.9154891074331982,0.009443870168452918,0.0,0.0,0.0,0.0020781286156134056,0.04725255998214308,0.025736333800592384
TCGA-QH-A6X9-01A,bayesprism,0.9788742192748068,0.004862285161658685,0.0,0.0,0.0,0.000547817940520752,0.0,0.01571567762301376
TCGA-QH-A6XA-01A,bayesprism,0.9964255918388014,0.0,0.0,0.0,0.0,0.0,0.002256675709466013,0.0013177324517325817
TCGA-QH-A6XC-01A,bayesprism,0.9959204803192442,0.0,0.0,0.0,0.0,6.81297693452421e-07,0.0,0.00407883838306233
TCGA-QH-A86X-01A,bayesprism,0.9894322457112479,0.0,0.0,0.0,0.0,0.0,0.0,0.010567754288752146
TCGA-QH-A870-01A,bayesprism,0.9985146830551043,0.0,0.0,0.0,5.841218836723123e-05,0.0,0.0,0.0014269047565284422
TCGA-R8-A6MK-01A,bayesprism,1.0,0.0,0.0,0.0,0.0,0.0,0.0,0.0
TCGA-R8-A6ML-01A,bayesprism,0.999170614555979,0.0006737362464068816,0.0,0.0,0.0,0.0,0.0,0.0001556491976140749
TCGA-R8-A6MO-01A,bayesprism,0.9250295816968827,0.0026557568957204076,0.0,0.0,0.0,0.009072372168896572,0.04362699071148528,0.019615298527015084
TCGA-R8-A6YH-01A,bayesprism,0.9999397702403569,6.02297596431257e-05,0.0,0.0,0.0,0.0,0.0,0.0
TCGA-RY-A83X-01A,bayesprism,0.9354353852012985,6.719001890230046e-05,0.0,0.0,0.0,0.0008875667522027661,0.04104599436762652,0.022563863659969735
TCGA-RY-A83Y-01A,bayesprism,0.9791796667168776,0.004675166671810906,0.0,0.0,0.0,0.0054577587590408224,0.0015700318273818234,0.009117376024888822
TCGA-RY-A83Z-01A,bayesprism,0.9984360400785866,0.0015639599214134201,0.0,0.0,0.0,0.0,0.0,0.0
TCGA-RY-A840-01A,bayesprism,0.9499772550159649,0.0002782271446149106,0.0284926315277309,0.0,0.0,0.005733209735213818,0.0,0.01551867657647542
TCGA-RY-A843-01A,bayesprism,0.9984359247785103,0.0,0.0,0.0,0.0,0.0,0.0,0.001564075221489794
TCGA-RY-A845-01A,bayesprism,0.987494705607623,0.0035410585303289536,0.0,0.0,0.0,0.0,0.0,0.008964235862048054
TCGA-RY-A847-01A,bayesprism,0.9944639210475189,0.001874127803640854,0.0,0.0,0.0,1.267579625469553e-05,0.0,0.0036492753525856157
TCGA-S9-A6TS-01A,bayesprism,0.9918259447828556,0.004263250862654838,0.0,0.0,0.0,0.0003422437959294613,0.0,0.0035685605585602546
TCGA-S9-A6TU-01A,bayesprism,0.9786985266686593,0.01293252061938417,0.0,0.0,0.0,0.0002535384924675976,0.004915972812523555,0.003199441406965294
TCGA-S9-A6TV-01A,bayesprism,0.9826442635479126,0.01713910337498782,0.0,0.0,0.0,0.00021663307709966027,0.0,0.0
TCGA-S9-A6TW-01A,bayesprism,0.8063331789609464,0.006765907595462885,0.0,0.0007274635907968157,0.037761450122112565,0.1229453586168611,0.009568693159141271,0.015897947954678967
TCGA-S9-A6TX-01A,bayesprism,0.959767713531488,2.840519877546874e-05,0.0,0.0,0.0,0.0005916814612360744,0.02476541040237147,0.014846789406129051
TCGA-S9-A6TY-01A,bayesprism,0.8575325175684667,0.0,0.0002772098743964508,0.03176324059213573,0.013231269555935407,0.01822604604679358,0.05571580589428525,0.023253910467986916
TCGA-S9-A6TZ-01A,bayesprism,0.9999354367158735,0.0,0.0,0.0,0.0,6.456328412654124e-05,0.0,0.0
TCGA-S9-A6U0-01A,bayesprism,0.9668279041875214,0.0009167055099176623,0.0,0.0,0.0,0.03225539030256082,0.0,0.0
TCGA-S9-A6U1-01A,bayesprism,0.9372247394449887,0.0133841345128345,0.0,0.0,0.0,0.0007970184955936796,0.034831531176305726,0.013762576370277299
TCGA-S9-A6U2-01A,bayesprism,0.9998551925826019,0.0,0.0,0.0,0.0,0.0,0.0,0.00014480741739800206
TCGA-S9-A6U5-01A,bayesprism,0.9994477286944564,0.0,0.0,0.0,0.0,0.0,0.0,0.0005522713055434841
TCGA-S9-A6U6-01A,bayesprism,0.9915022476686849,0.0015884619181540435,0.0,0.0,0.0,5.791884623778577e-06,0.0,0.006903498528537365
TCGA-S9-A6U8-01A,bayesprism,0.9980887233445236,0.0,0.0,0.0,0.0,0.0,0.0014895855589214097,0.0004216910965550034
TCGA-S9-A6U9-01A,bayesprism,0.9999965311189154,0.0,0.0,0.0,0.0,3.468881084582907e-06,0.0,0.0
TCGA-S9-A6UA-01A,bayesprism,0.979775766048557,0.020197284418643848,0.0,0.0,0.0,2.6949532799109413e-05,0.0,0.0
TCGA-S9-A6UB-01A,bayesprism,0.9417501051935769,0.0,0.0,0.0,0.0,0.002515623157376415,0.04249920848455361,0.013235063164493008
TCGA-S9-A6WD-01A,bayesprism,0.9998060168439776,0.0,0.0,0.0,0.0,0.0,0.00019137859016943868,2.6045658530101404e-06
TCGA-S9-A6WE-01A,bayesprism,0.9921104683698563,0.0,0.0,0.0,0.0,3.882035207844275e-05,0.002136370914175997,0.005714340363889294
TCGA-S9-A6WG-01A,bayesprism,0.9981565433611604,0.0,0.0,0.0,0.0,0.0018434566388395828,0.0,0.0
TCGA-S9-A6WH-01A,bayesprism,0.896721697179586,0.006513269754716027,0.0036727981904863954,0.03217322672330025,0.02220730734110549,0.025551718664680905,0.00779794784085423,0.005362034305270675
TCGA-S9-A6WI-01A,bayesprism,0.5897312112206613,0.0010454241543579137,0.015009438195165906,0.07868272550593561,0.06625578833610503,0.04459084469520874,0.13748817628194687,0.06719639161061873
TCGA-S9-A6WL-01A,bayesprism,0.9851843097699888,0.0,0.0,0.0,0.0,0.007854392223770037,0.0,0.006961298006241165
TCGA-S9-A6WM-01A,bayesprism,0.9994099155920693,6.243512480700038e-05,0.0,0.0,0.0,0.0005276492831238717,0.0,0.0
TCGA-S9-A6WN-01A,bayesprism,0.9999678248478602,0.0,0.0,0.0,0.0,3.2175152139834364e-05,0.0,0.0
TCGA-S9-A6WO-01A,bayesprism,1.0,0.0,0.0,0.0,0.0,0.0,0.0,0.0
TCGA-S9-A6WP-01A,bayesprism,0.982291474661819,0.0019789742474369196,0.0,0.0,0.0,0.00026106551562053015,0.009952438966040084,0.0055160466090836
TCGA-S9-A6WQ-01A,bayesprism,0.9791177569833365,0.0017029278899350112,0.0,0.0,0.0,0.0,0.011820012045799768,0.0073593030809287405
TCGA-S9-A7IQ-01A,bayesprism,0.9198804179008283,0.0,0.012178603713553499,0.01821372311427343,0.01865417769213029,0.0013654026473511826,0.008058342288460559,0.021649332643402755
TCGA-S9-A7IS-01A,bayesprism,0.9548027370673967,0.0,0.0,0.0,0.0015385356643138207,0.02489345786599851,0.018701472147394083,6.379725489694223e-05
TCGA-S9-A7IX-01A,bayesprism,0.9999700733782304,0.0,0.0,0.0,0.0,2.9926621769560722e-05,0.0,0.0
TCGA-S9-A7IY-01A,bayesprism,0.9999925178789517,0.0,0.0,0.0,7.482121048314852e-06,0.0,0.0,0.0
TCGA-S9-A7IZ-01A,bayesprism,0.9920334321517423,0.003112484994430761,0.0,0.0,0.0,0.00014025021571139834,0.0,0.004713832638115541
TCGA-S9-A7J0-01A,bayesprism,0.9954952294503755,0.001961087374533703,0.0,0.0,0.0,0.0009791290391518853,1.2515263929892936e-06,0.0015633026095458811
TCGA-S9-A7J1-01A,bayesprism,0.9776990163665883,0.0,0.0,0.0,0.00023853317394856372,0.0,0.010442297168775821,0.011620153290687373
TCGA-S9-A7J2-01A,bayesprism,0.9611913732493912,0.0025872884883656965,0.0,0.0,0.0,0.007708892502802683,0.0,0.028512445759440334
TCGA-S9-A7J3-01A,bayesprism,0.9838555378431866,0.0,0.0017953071794080705,0.0,0.0,0.00045916320983978157,0.0070045016825522515,0.00688549008501328
TCGA-S9-A7QW-01A,bayesprism,0.9832685921940408,0.0020350814391272808,0.0,0.0,0.0,0.0,0.006044981225854445,0.008651345140977498
TCGA-S9-A7QX-01A,bayesprism,1.0,0.0,0.0,0.0,0.0,0.0,0.0,0.0
TCGA-S9-A7QY-01A,bayesprism,0.9721370037207704,0.0,0.0,0.0,0.0,6.516716453407257e-05,0.019871148824780263,0.007926680289915368
TCGA-S9-A7QZ-01A,bayesprism,0.8828503401087926,0.0026854069609201976,0.0003986919565689924,0.025717050268443738,0.002242655230532593,0.03845266747883776,0.024693207838974787,0.022959980156929537
TCGA-S9-A7R1-01A,bayesprism,0.9775499131684471,0.0,0.0,0.0,0.0,0.005062750532493915,0.0,0.017387336299059083
TCGA-S9-A7R2-01A,bayesprism,0.9902844617878186,0.0007737969266594547,0.0,0.0,0.0,0.0,0.0074255054680524395,0.0015162358174695277
TCGA-S9-A7R3-01A,bayesprism,0.9999739417379865,0.0,0.0,0.0,0.0,0.0,0.0,2.60582620136262e-05
TCGA-S9-A7R4-01A,bayesprism,0.9745995309890433,0.012323948726629766,0.0,0.0,0.0,0.012861819739535544,0.0,0.0002147005447913707
TCGA-S9-A7R7-01A,bayesprism,0.9903605923378961,0.009600988771550276,0.0,0.0,0.0,3.841889055358299e-05,0.0,0.0
TCGA-S9-A7R8-01A,bayesprism,0.9957982966921173,0.00020367354418087368,0.0,0.0,0.0,0.0,0.002191875327540112,0.0018061544361617243
TCGA-S9-A89V-01A,bayesprism,0.9996203977622706,0.0,0.0,0.0,0.0,0.00035085021275203375,2.875202497733529e-05,0.0
TCGA-S9-A89Z-01A,bayesprism,0.984958604595668,0.013037343103959478,0.0,0.0,0.0,0.0020040523003725277,0.0,0.0
TCGA-TM-A7C3-01A,bayesprism,0.9914491243354483,0.0,0.0,0.0,0.0,0.00194010565001299,0.0,0.0066107700145387445
TCGA-TM-A7C4-01A,bayesprism,0.9921492534136211,0.0,0.0,0.0,0.0,3.481883701956023e-05,0.0,0.007815927749359334
TCGA-TM-A7C5-01A,bayesprism,0.9320065280311708,5.844180458433629e-05,0.0,0.020173560806323435,0.009910488790339334,0.03274811386110409,0.0014557923798569413,0.003647074326621124
TCGA-TM-A7CA-01A,bayesprism,0.9826260962960409,0.0016525791175445851,0.0,0.0,0.0,0.0,0.007907572865039516,0.007813751721374978
TCGA-TM-A7CF-01A,bayesprism,0.957352186701939,0.004316501193167749,0.0,0.0,0.00016292816095138127,0.0009023876198469049,0.0001995241303238722,0.03706647219377119
TCGA-TM-A7CF-02A,bayesprism,0.6514192145348447,0.009565658465776903,0.0,0.0,0.00044140089468299934,0.000492255738181807,0.23110847401320406,0.10697299635330935
TCGA-TM-A84B-01A,bayesprism,0.9937428219435782,0.0,0.0,0.0,0.0,7.14727804495122e-05,0.0,0.006185705275972344
TCGA-TM-A84C-01A,bayesprism,1.0,0.0,0.0,0.0,0.0,0.0,0.0,0.0
TCGA-TM-A84F-01A,bayesprism,1.0,0.0,0.0,0.0,0.0,0.0,0.0,0.0
TCGA-TM-A84G-01A,bayesprism,0.9921143797083305,0.0,0.0,0.0,0.0,0.0006896477442043998,0.001812206059020867,0.005383766488444147
TCGA-TM-A84H-01A,bayesprism,0.9999922762334844,0.0,0.0,0.0,0.0,7.723766515657725e-06,0.0,0.0
TCGA-TM-A84I-01A,bayesprism,0.9999559339384461,0.0,0.0,0.0,0.0,4.4066061553934246e-05,0.0,0.0
TCGA-TM-A84J-01A,bayesprism,0.8757949705118547,0.016436048724728234,0.0,0.0,0.0,0.06375904682984328,0.044009933933573615,0.0
TCGA-TM-A84L-01A,bayesprism,1.0,0.0,0.0,0.0,0.0,0.0,0.0,0.0
TCGA-TM-A84M-01A,bayesprism,0.9974539104621991,0.0,0.0,0.0,0.0,0.0,0.0,0.002546089537800905
TCGA-TM-A84O-01A,bayesprism,1.0,0.0,0.0,0.0,0.0,0.0,0.0,0.0
TCGA-TM-A84Q-01A,bayesprism,0.9991142742568259,0.0008857257431741224,0.0,0.0,0.0,0.0,0.0,0.0
TCGA-TM-A84R-01A,bayesprism,0.7784083083147371,0.0,0.014567583471522734,0.049737895418030184,0.028691916156865123,0.024476215987247873,0.05470340964975983,0.049414671001837315
TCGA-TM-A84S-01A,bayesprism,0.9970838635558643,0.0,0.0,0.0,0.0,0.0,0.0,0.0029161364441357223
TCGA-TM-A84T-01A,bayesprism,0.9923104000355508,0.0022142649604018744,0.0,0.0,0.0,0.0,0.001775871073134816,0.003699463930912558
TCGA-TQ-A7RF-01A,bayesprism,0.9980802880057968,0.0,0.0,0.0,0.0,0.0,0.0,0.0019197119942031351
TCGA-TQ-A7RG-01A,bayesprism,0.9974642399478862,0.0,0.0,0.0,0.0,0.0,0.0,0.0025357600521138013
TCGA-TQ-A7RH-01A,bayesprism,0.9951876872031289,0.004430820457613715,0.0,0.0,0.0,0.00014995430738967192,0.0,0.00023153803186772918
TCGA-TQ-A7RI-01A,bayesprism,0.9887155938920827,0.0,0.0,0.0,0.0,0.0,0.005437894902124014,0.005846511205793294
TCGA-TQ-A7RJ-01A,bayesprism,0.9876489626040066,0.0004681489045603993,0.011156275968138002,0.0,0.0,5.7087275568646534e-06,0.0,0.0007209037957382183
TCGA-TQ-A7RK-01A,bayesprism,1.0,0.0,0.0,0.0,0.0,0.0,0.0,0.0
TCGA-TQ-A7RM-01A,bayesprism,0.9934667778322468,0.0,0.0,0.0,0.0,0.0033761498796404904,0.0,0.0031570722881127168
TCGA-TQ-A7RN-01A,bayesprism,0.9950890683966471,0.0,9.232979452661516e-05,0.0,0.0,8.741971507065668e-05,0.0002786524846515333,0.004452529609104141
TCGA-TQ-A7RO-01A,bayesprism,0.9149821713403626,0.0017004470381537275,0.002791282977019906,0.0,0.0,0.028929918227552892,0.0,0.05159618041691074
TCGA-TQ-A7RP-01A,bayesprism,0.9711923773861045,0.0,0.0,0.0,0.0,3.2342308842434296e-05,0.011637137248871528,0.01713814305618144
TCGA-TQ-A7RQ-01A,bayesprism,0.9467209243737782,0.0,0.0,0.013228101606427569,0.0,0.016028810471662408,0.0,0.024022163548131806
TCGA-TQ-A7RR-01A,bayesprism,0.962399424749731,0.0033819995655417876,0.0,0.0,0.0,0.0,0.02290420662552089,0.011314369059206327
TCGA-TQ-A7RS-01A,bayesprism,0.9715891042195224,0.0,0.0,0.0,0.0,6.121327976952201e-05,0.016267451599288933,0.012082230901419137
TCGA-TQ-A7RU-01A,bayesprism,0.9990546851479157,0.0,0.0,0.0,0.0,0.0009066089206998617,0.0,3.8705931384431856e-05
TCGA-TQ-A7RV-01A,bayesprism,0.9777163132653167,0.0029661811344046823,0.0,0.0,0.0,0.00031346627659083957,0.011256661738598248,0.007747377585089583
TCGA-TQ-A7RV-02A,bayesprism,1.0,0.0,0.0,0.0,0.0,0.0,0.0,0.0
TCGA-TQ-A7RW-01A,bayesprism,0.9876991684902343,0.010750524527293508,0.0,0.0,0.0,1.7896444006996955e-06,0.0,0.00154851733807149
TCGA-TQ-A8XE-01A,bayesprism,0.9946732981472162,0.0009224660948418016,0.0,0.0,0.0,0.0,0.00042147167111585113,0.0039827640868262005
TCGA-TQ-A8XE-02A,bayesprism,0.985621736266436,0.0011948354484268102,0.0,0.0,0.0,0.00019705430121631773,0.010524182487072254,0.002462191496848569
TCGA-VM-A8C8-01A,bayesprism,1.0,0.0,0.0,0.0,0.0,0.0,0.0,0.0
TCGA-VM-A8C9-01A,bayesprism,0.9978286963381798,0.0021713036618202152,0.0,0.0,0.0,0.0,0.0,0.0
TCGA-VM-A8CA-01A,bayesprism,0.9999631013902379,0.0,0.0,0.0,0.0,3.689860976199586e-05,0.0,0.0
TCGA-VM-A8CB-01A,bayesprism,0.9962937491995271,0.0,0.0,0.0,0.0,0.002590646021087535,0.0,0.001115604779385393
TCGA-VM-A8CD-01A,bayesprism,0.9811309690755468,0.00043463963793030316,0.0,0.0,0.0,0.00010743935759277757,0.0,0.018326951928930114
TCGA-VM-A8CE-01A,bayesprism,0.9641983241692539,0.0,0.0,0.0,0.0,5.44519077398612e-05,0.024407398235844684,0.011339825687161643
TCGA-VM-A8CF-01A,bayesprism,1.0,0.0,0.0,0.0,0.0,0.0,0.0,0.0
TCGA-VM-A8CH-01A,bayesprism,0.9994607263601547,0.0005392736398451821,0.0,0.0,0.0,0.0,0.0,0.0
TCGA-VV-A829-01A,bayesprism,0.9982210432158205,0.0,0.0,0.0,0.0,0.0009758795833754116,0.0,0.0008030772008040086
TCGA-VV-A86M-01A,bayesprism,0.9901659639181929,0.008937816265738158,0.0,0.0,0.0,0.0008962198160690481,0.0,0.0
TCGA-VW-A7QS-01A,bayesprism,0.9976724756620041,0.0002118780798114481,0.0,0.0,0.0,0.0010288691665845443,0.0,0.001086777091599941
TCGA-VW-A8FI-01A,bayesprism,0.9994870160848435,0.0,0.0,0.0,0.0,0.0,0.0,0.000512983915156572
TCGA-W9-A837-01A,bayesprism,0.9724576314913225,0.0001329992796954045,0.0,0.0,0.0,9.087899406439705e-05,0.0047852197851609175,0.02253327044975685
TCGA-WH-A86K-01A,bayesprism,0.9984685775332023,0.0,0.0,0.0,0.0,2.8658001763128147e-06,0.0,0.0015285566666213678
TCGA-WY-A858-01A,bayesprism,0.9973628444085529,0.002320174573837213,0.0,0.0,0.0,0.00031698101760977874,0.0,0.0
TCGA-WY-A859-01A,bayesprism,0.862401436794656,0.01029425307444353,0.0022282838985894105,0.0386018700181019,0.010253422742489054,0.014811649582344127,0.028909573801741403,0.03249951008763458
TCGA-WY-A85A-01A,bayesprism,0.9441472763244716,0.015306082172216642,0.0,0.0,0.0,0.002288265039102781,0.0,0.03825837646420894
TCGA-WY-A85B-01A,bayesprism,0.9883106664164208,0.011689333583579186,0.0,0.0,0.0,0.0,0.0,0.0
TCGA-WY-A85C-01A,bayesprism,0.9994810509778937,0.0,0.0,0.0,0.0,0.0005189490221061627,0.0,0.0
TCGA-WY-A85D-01A,bayesprism,1.0,0.0,0.0,0.0,0.0,0.0,0.0,0.0
TCGA-WY-A85E-01A,bayesprism,0.9961337374760415,0.0,0.0,0.0,0.0,0.0,0.0,0.0038662625239585507
